rmse_I,rmse_Beta,time_predict,roll_var_npeople,actual_peak_I,predicted_peak_I,actual_peak_day,predicted_peak_day
726.8767763921518,3.959792718602088e-05,0.008528470993041992,23,1687,159.77699034823908,87,39
734.933799300014,4.93267922424043e-05,0.0040035247802734375,16,1710,126.46283373702505,83,26
