rmse_I,rmse_Beta,time_predict,roll_var_npeople,actual_peak_I,predicted_peak_I,actual_peak_day,predicted_peak_day
48.90245119954831,3.706958799237418e-05,0.007521867752075195,23,1687,1791.244677183409,87,88
57.2940754195473,4.6253589147125513e-05,0.004006862640380859,16,1710,1814.4461194591604,83,82
