rmse_I,rmse_Beta,time_predict,roll_var_npeople,actual_peak_I,predicted_peak_I,actual_peak_day,predicted_peak_day
111.33263576743907,3.654272023214343e-05,0.013508081436157227,23,1687,1568.4102184214748,87,94
74.38111762740178,4.594890330979743e-05,0.01052546501159668,16,1710,1614.2271463258417,83,87
