rmse_I,rmse_Beta,time_predict,roll_var_npeople,actual_peak_I,predicted_peak_I,actual_peak_day,predicted_peak_day
622.3543461123174,0.0004979192644312999,21.583741188049316,23,1687,3705.187664171654,87,93
656.3201084010343,0.0004899592454818124,22.075926303863525,16,1710,3662.7331330316233,83,92
