rmse_I,rmse_Beta,time_predict,roll_var_npeople,actual_peak_I,predicted_peak_I,actual_peak_day,predicted_peak_day
265.08723098512445,3.736793587222639e-05,0.007515430450439453,23,1687,1952.6051947319265,87,75
340.9556573200255,4.7195517030203384e-05,0.0035037994384765625,16,1710,2110.5905057163063,83,68
