rmse_I,rmse_Beta,time_predict,roll_var_npeople,actual_peak_I,predicted_peak_I,actual_peak_day,predicted_peak_day
399.8656902803696,3.798851158759274e-05,0.005513191223144531,23,1687,806.842613361508,87,78
530.3120441350728,4.805532164023223e-05,0.005515575408935547,16,1710,555.1262201976542,83,68
