rmse_I,rmse_Beta,time_predict,roll_var_npeople,actual_peak_I,predicted_peak_I,actual_peak_day,predicted_peak_day
185.80586109146816,0.01352155814387908,0.01504659652709961,23,1687,1809.503091389859,87,79
258.257564383156,0.011205382133774967,0.007227897644042969,16,1710,1952.7814854716846,83,71
