rmse_I,rmse_Beta,time_predict,roll_var_npeople,actual_peak_I,predicted_peak_I,actual_peak_day,predicted_peak_day
207.9473586471041,0.005398722237815597,0.838433027267456,23,1687,1845.6219415212122,87,78
283.1299207199541,0.005319157176157182,0.006522417068481445,16,1710,1990.118906682764,83,70
