rmse_I,rmse_Beta,time_predict,roll_var_npeople,actual_peak_I,predicted_peak_I,actual_peak_day,predicted_peak_day
579.1734116512216,0.005395946734569267,0.0045015811920166016,23,1687,1373.2854409793044,87,204
950.1324986152634,0.005315070778044955,0.006995677947998047,16,1710,2607.9340851541033,83,206
