rmse_I,rmse_Beta,time_predict,roll_var_npeople,actual_peak_I,predicted_peak_I,actual_peak_day,predicted_peak_day
568.3254202350181,3.840217183684656e-05,0.14521145820617676,23,1687,430.06290229443744,87,74
172.619395415112,4.703557970499588e-05,0.148223876953125,16,1710,1301.5932066970636,83,92
