rmse_I,rmse_Beta,time_predict,roll_var_npeople,actual_peak_I,predicted_peak_I,actual_peak_day,predicted_peak_day
42.4964010449195,3.6936134339188774e-05,0.0069844722747802734,23,1687,1744.7965564741728,87,89
172.75732863099722,4.5806594074834785e-05,0.0040051937103271484,16,1710,1435.304934025715,83,92
