rmse_I,rmse_Beta,time_predict,roll_var_npeople,actual_peak_I,predicted_peak_I,actual_peak_day,predicted_peak_day
459.79432414274794,0.0002537928377291229,0.0,8,2988,4059.4085210467383,31,21
501.09968680070955,0.0004041730680192828,0.0,7,2865,4089.7701794693676,31,21
