rmse_I,rmse_Beta,time_predict,roll_var_npeople,actual_peak_I,predicted_peak_I,actual_peak_day,predicted_peak_day
209.4874780316551,7.224150831064455e-05,0.0,8,2988,3594.338543857655,31,27
238.87328504914072,0.0003147185572854543,0.0,7,2865,3641.134974540081,31,27
