rmse_I,rmse_Beta,time_predict,roll_var_npeople,actual_peak_I,predicted_peak_I,actual_peak_day,predicted_peak_day
67.61188200979777,1.354779226724877e-05,0.012063264846801758,8,2988,3141.289210260898,31,28
68.96862045487738,0.0003147065049083256,0.0,7,2865,3096.610794594832,31,29
