rmse_I,rmse_Beta,time_predict,roll_var_npeople,actual_peak_I,predicted_peak_I,actual_peak_day,predicted_peak_day
180.67459275424613,0.00018707744421996684,0.0,8,2988,3408.4762955347364,31,26
195.26497084755374,0.000329824021901509,0.002017974853515625,7,2865,3389.1557528084572,31,26
