rmse_I,rmse_Beta,time_predict,roll_var_npeople,actual_peak_I,predicted_peak_I,actual_peak_day,predicted_peak_day
40.0795645613967,0.0026962616614259523,0.0522921085357666,8,2988,3003.0405862894013,31,29
59.86703823520212,0.001984762621568341,0.060749053955078125,7,2865,3009.203957219706,31,30
