rmse_I,rmse_Beta,time_predict,roll_var_npeople,actual_peak_I,predicted_peak_I,actual_peak_day,predicted_peak_day
182.04016867865036,0.0001587869710279558,0.013009786605834961,8,2988,3411.5244659814525,31,26
198.2933759948523,0.00031942698745321174,0.004061222076416016,7,2865,3396.1808160500927,31,26
