rmse_I,rmse_Beta,time_predict,roll_var_npeople,actual_peak_I,predicted_peak_I,actual_peak_day,predicted_peak_day
415.98791089950726,0.00018845899495885138,0.0,8,2988,4002.291942166758,31,22
501.09968680070955,0.0004041730680192828,0.0,7,2865,4089.7701794693676,31,21
