rmse_I,rmse_Inc,rmse_Beta,r2,r2_Inc,time_predict,fraq_people,actual_peak_I,predicted_peak_I,actual_peak_Inc,predicted_peak_inc,actual_peak_day,predicted_peak_day,actual_peak_day_Inc,predicted_peak_day_inc
5370.930041594544,1344.6051227110897,0.00010060519357425281,-21824.06713359234,-19776.868952615405,0.003880739212036133,4,105,12324.339391493097,38.0,3877.981807200001,9,17,6,16
5163.524886550592,1307.2851452696261,0.00010259145030015856,-8842.840470369356,-8334.738333990044,0.0015060901641845703,4,171,14495.845958068408,55.0,4811.706327518027,10,16,8,14
5522.2247866094085,1410.9441809855643,9.892769916096594e-05,-7036.274921674238,-7035.887553027688,0.0,4,187,15393.139912628594,64.0,5229.888719165096,9,16,6,14
5328.757063619027,1340.6539021829146,8.338718070645903e-05,-6661.495884024239,-8309.988701445,0.0,4,186,15474.922097064862,56.0,5055.17847153569,11,17,5,15
6768.092798909172,1708.3690632446758,8.84809334956325e-05,-15632.330952689257,-13737.30807647992,0.001001119613647461,4,162,16769.933070483115,57.0,5446.685927392292,7,16,7,14
5483.332001668794,1421.9052740139014,0.00011464283849015017,-4588.127396234902,-5617.743248249109,0.0009996891021728516,4,273,18258.48867819262,78.0,6424.579317564618,9,14,8,13
6236.859273822975,1580.5947160524013,9.739367183359057e-05,-4825.595331132917,-5805.550669914141,0.0015091896057128906,4,267,20141.606526469375,74.0,6591.974481403939,10,15,6,13
6826.12745224978,1759.490189515741,8.921239152398439e-05,-9083.961363684366,-11744.96319316849,0.0,4,212,21470.45663792426,64.0,7261.265306629815,10,15,4,14
7259.312836484195,1852.8354068295876,7.226519188845468e-05,-12258.214279339492,-15263.688665362884,0.0,4,221,22446.31487260604,62.0,7557.774057214294,11,16,5,14
6653.615730454869,1692.906365335844,8.782015227435107e-05,-4711.481087168335,-5646.537781599076,0.0010004043579101562,4,316,23523.595004499086,90.0,7813.8473130474995,9,15,6,13
6595.489326904676,1726.0310113610817,0.00010392690611122076,-1966.3350832652498,-2737.784759103306,0.0015063285827636719,4,482,24199.52342750511,130.0,8920.920662411034,12,14,8,12
6283.754360104705,1644.0530092794995,9.994085767215008e-05,-1875.1282809463062,-2648.885928945873,0.0005071163177490234,4,456,25158.725253652643,127.0,9267.58667770753,14,14,9,12
7004.577719663151,1774.3380758332949,9.61834323656159e-05,-4644.524541377592,-5836.992452509308,0.001001119613647461,4,319,27716.095934403154,94.0,8977.592417282944,14,14,4,13
6286.94860894417,1638.6431230900373,9.532660983815949e-05,-3361.335338842834,-4939.256018123984,0.0009996891021728516,4,396,29484.87545270734,103.0,11598.683314999995,13,13,6,12
6716.650766072253,1767.2408150023691,9.277788886587428e-05,-2116.6560976419682,-3254.708658938425,0.0010209083557128906,4,454,30829.544567473116,104.0,12318.270476563455,19,13,5,12
6693.527745549612,1714.97098760059,9.033883197988179e-05,-1024.702725817565,-1429.3226077979252,0.0019979476928710938,4,701,31884.968253837626,182.0,12204.613214605131,18,13,10,12
6943.9186401707275,1759.6129125095886,8.14137451400959e-05,-3522.7441746078466,-4908.517932398083,0.0010056495666503906,4,392,32631.28676344268,96.0,10629.738127103737,12,14,5,13
7421.818427950168,1852.7893768998056,9.759307335659192e-05,-1679.2649532554217,-2136.224658934848,0.0015075206756591797,4,614,35276.30862302275,148.0,12647.833626073938,17,13,10,12
7322.897139241481,1934.1065780341658,0.00010019901469901206,-2649.736662962445,-3595.670606872909,0.0015072822570800781,4,534,34752.440174593605,141.0,13298.86277283986,16,13,5,11
7918.72643424426,2155.7363211119946,0.0001149002591540313,-257.89427208824543,-428.4816299512567,0.0009999275207519531,4,1594,38286.39472557501,330.0,17080.629112111397,44,12,41,10
8454.008558424994,2100.5201337822027,0.0001040544151691213,-109.27969333294016,-154.34693855336621,0.0009996891021728516,4,2421,40833.07785623631,520.0,15560.58179197237,40,12,40,11
8612.58182780644,2152.182800008031,8.414605544935429e-05,-93.51625489755155,-138.27266977067964,0.0009999275207519531,4,2659,40842.42968681161,579.0,14611.27488846019,62,13,50,12
8513.227939056975,2326.660540165128,0.00010696131263340908,-39.58004492218897,-69.7467044597355,0.0010001659393310547,4,3792,41226.39674693085,817.0,18446.270849356864,45,12,41,10
5137.896745364317,1259.5305202314546,1.5671949410036526e-05,-7.432428560073159,-12.628386699017131,0.0019829273223876953,36,4982,23929.16358329159,1042.0,6234.048576514886,43,47,39,44
6986.00181424356,1894.3240296011597,3.041466337789989e-05,-5.560599466571501,-10.120581090420055,0.0009987354278564453,20,7599,36461.03534863208,1648.0,11474.291013347045,39,28,33,26
7088.725440773864,1939.778957574173,2.9655228020839054e-05,-3.822307366967215,-7.242131116279591,0.0010063648223876953,20,9234,37382.2198918173,1962.0,11760.25747817924,38,28,37,26
8043.170521913064,2213.406244161427,3.8488371079619284e-05,-3.54666428775165,-6.454948854987599,0.0010077953338623047,15,11046,40919.24722783976,2436.0,13412.63866306212,35,22,29,21
9215.852953772404,2560.7272821086403,4.8274590509218684e-05,-2.8965742252241444,-5.312801310693366,0.0009996891021728516,12,13534,44191.47739526236,3085.0,14693.356054482603,30,19,27,18
10595.123619536464,3261.699810151682,9.732232496090889e-05,-1.5144434181032835,-3.576092083475448,0.0009999275207519531,7,19896,49893.31625860662,4850.0,23128.10760591876,23,13,19,11
3047.9795084033167,762.6676727994748,0.00013592980409741736,-3914.702493159264,-3669.4070171146886,0.001001119613647461,4,154,8773.318233119327,53.0,2738.1000690008646,10,16,5,14
4325.3239059155285,1076.872481387645,0.00010766762751162995,-8837.387797607065,-9644.377575978626,0.0010080337524414062,4,131,10424.095038273908,40.0,3227.3687314178737,8,17,5,15
3742.4683460822607,944.670028484327,0.0001087726495037923,-4116.119637224981,-4499.9784590564195,0.0010001659393310547,4,179,11977.63271645262,63.0,3874.8103793527443,10,16,9,15
5199.662714634903,1315.853357832716,0.00011468718699971178,-6191.937209853543,-5980.850927953735,0.0010075569152832031,4,199,12554.669154884723,65.0,4118.352581191333,8,15,5,14
4652.496860055692,1179.7991554266187,0.00011607353834040991,-6431.109754591509,-6412.453416701189,0.001007080078125,4,191,13694.99868029369,63.0,4488.518749773635,8,15,5,13
4406.55811175487,1109.6864345560116,9.889966591018346e-05,-6099.064248054454,-7468.558548054714,0.0010173320770263672,4,181,13898.813065302398,54.0,4428.955644237116,8,16,6,14
5557.031114295556,1420.6071651691293,0.0001080791240284267,-3153.5400235230286,-3723.3321487992257,0.0005049705505371094,4,268,15126.177634359541,77.0,5050.585349383081,11,15,6,13
5760.436697480517,1473.138156936164,0.00011086961601038075,-6987.004608012703,-6433.432794861951,0.0,4,203,16222.797855055418,76.0,5427.613176849543,9,15,5,13
5578.64083552534,1422.9313967786784,0.00010281895182535718,-9846.111508821574,-11607.717316126142,0.0009999275207519531,4,182,16575.50046857949,60.0,5530.6696685972975,7,15,4,13
7329.819955995575,1856.7084445307416,0.00010492769642492171,-13985.583876338354,-13771.326097268238,0.0009832382202148438,4,173,18796.101008095888,65.0,6109.168515076799,11,15,4,13
7191.806398945197,1857.2700303040685,0.0001055440285726871,-5804.983435055441,-5900.2802160708,0.0009982585906982422,4,277,19153.53908336469,93.0,6644.188769780123,9,14,6,13
6499.504098178691,1676.2168468086907,9.574186489569086e-05,-7000.47793244018,-8221.910595666259,0.00099945068359375,4,228,19515.304301900876,67.0,6615.199103375924,12,15,8,14
6365.991953112845,1640.9850999759349,9.695592770959597e-05,-6158.757808614434,-8130.616440295872,0.0020084381103515625,4,252,21530.81822925804,78.0,7507.421659565769,12,14,5,13
5986.990426580158,1512.5902200102855,0.00010420772137241466,-6102.964807877725,-7645.811566472474,0.0010001659393310547,4,266,22636.066300055747,84.0,7523.808848201508,9,14,4,13
6921.380272013755,1813.582856481149,9.822348145537387e-05,-8931.227379776743,-12054.41839488255,0.0009810924530029297,4,240,22628.85178795858,82.0,8314.283522877173,7,14,6,13
7007.002806526333,1761.5509845025222,0.00012142886142586394,-3986.8880858269895,-4440.6566142773345,0.0009999275207519531,4,352,24223.679777405043,104.0,8903.927778170397,10,13,5,12
6453.441036298091,1631.1413717924142,9.91951912156001e-05,-4112.11116475416,-4763.964864814388,0.002016305923461914,4,336,24105.665003599443,97.0,7900.971271757189,10,14,9,13
6283.510620157491,1606.254225106469,8.823955692053713e-05,-3213.4822249122976,-4201.76552284047,0.0020055770874023438,4,366,29461.764518022243,104.0,9981.219622199857,15,14,9,12
6446.58135256541,1635.3839943221224,9.101867533654347e-05,-3942.943778904307,-5612.894454822777,0.0015034675598144531,4,323,30240.380978004807,88.0,9873.62895613072,15,14,4,12
6696.885512984146,1718.9580243355008,0.00010707223008715226,-2863.2651020149488,-4203.707382671646,0.00099945068359375,4,403,31645.317671407764,124.0,10811.986715902854,14,13,4,11
7611.428892950642,1919.8369420540903,0.00010808849188584056,-664.6776796315309,-956.2694928590805,0.003051280975341797,4,998,36158.60054485843,218.0,14723.737400352213,40,12,23,11
7548.691630996627,1911.4249089793184,8.606723278630328e-05,-955.7506762137183,-1378.0863098234402,0.0019996166229248047,4,883,35754.21050295444,194.0,13711.886015268014,52,13,44,12
7989.97631333826,2042.7987650208347,0.00010221073085577115,-463.0272152288699,-670.7941900743831,0.0009999275207519531,4,1370,37985.72373595287,288.0,15767.811539212846,47,13,51,11
8921.725639279008,2297.1797659648473,0.00011665641927571867,-30.34258980991308,-47.07118601981903,0.0009989738464355469,4,4549,43301.82047887292,972.0,18972.552106449286,44,12,38,10
5294.483378875306,1307.782469840804,1.6773475691718705e-05,-7.301240528821651,-11.515316965312364,0.0010006427764892578,34,4971,25219.37122620754,1106.0,6695.897657067208,45,44,38,42
7265.308366031551,1974.8025170758106,2.9702375361881674e-05,-4.364493653112857,-8.01338439618685,0.0010063648223876953,18,8900,36946.27774370734,1872.0,11523.66720019911,37,26,34,24
8288.752481270458,2285.943851072252,3.670704768489929e-05,-4.029429157612726,-7.262412592550399,0.0015060901641845703,16,10364,39323.12723606072,2296.0,12999.460801204968,35,24,32,22
9458.513563135188,2749.011528822975,6.254829026447306e-05,-1.9850427042758083,-4.168875287783342,0.0009992122650146484,10,16200,45623.22435187998,3718.0,17956.70193563972,28,16,23,15
8919.06037736062,2493.253064145046,7.515899030599162e-05,-1.5051762743661912,-3.016277346664653,0.0012013912200927734,9,17637,48175.96619625045,4181.0,17738.785253472124,25,15,22,14
4924.483090055861,1243.5231036086063,0.00011055751623355305,-8222.731134162492,-7239.202804613072,0.0010030269622802734,4,160,12012.277567798574,50.0,3887.800148479644,12,16,6,15
5336.221898237716,1342.0809058996097,0.00010903895527449203,-12640.635927070378,-12960.509723926794,0.0011701583862304688,4,135,12532.435480131699,41.0,3990.1821388711846,10,16,6,14
4481.59758413988,1129.7656907663359,0.00010309056029919692,-9227.371544866099,-10202.015097252483,0.0,4,139,12920.882452850277,46.0,4167.239857496426,8,16,4,15
5085.635611840505,1296.3322066543772,0.00011771114004809882,-2810.6666181651944,-3441.046408423356,0.001035451889038086,4,279,14764.818265102256,68.0,4887.793752973038,13,15,6,13
5421.083367855969,1378.7791856401616,0.00010423400184346277,-12408.844499611856,-15344.079975847051,0.0010030269622802734,4,160,16588.881426984855,63.0,5466.6974176542035,6,15,4,13
5962.531781504338,1509.2708174207803,0.00011163601685810382,-10367.855613586218,-11802.527755190571,0.0,4,174,17306.64010341491,65.0,5660.012473239705,8,15,4,13
5338.254102352141,1352.124471780365,0.000109236692419602,-6793.933458789682,-7442.648904868595,0.0009996891021728516,4,218,17747.04811788678,72.0,5834.5637121005875,9,15,5,13
6122.180025923899,1549.811183925362,8.845299039643476e-05,-20418.328527293168,-19251.173862193828,0.0010004043579101562,4,140,17782.253712547186,54.0,5846.010614229583,9,16,5,14
5281.987270853318,1337.0361758317283,0.00010243322064031721,-7102.202098462254,-7583.479410940524,0.0015058517456054688,4,218,19265.912541478763,73.0,6266.201245429176,8,15,6,13
6453.74090836869,1636.6775361001696,0.00011241510554241673,-4297.362571484036,-5114.352397249717,0.0009996891021728516,4,293,20666.22634565092,80.0,7027.3767586053145,13,14,5,13
4838.309408750495,1238.7456613247946,7.91594641702321e-05,-6673.162809753351,-8619.878550830292,0.0015134811401367188,4,213,20105.512426614525,59.0,6843.482508864068,10,16,7,14
5417.559546708828,1371.919751519158,0.0001090870055885516,-2903.023306609915,-3454.221794598501,0.0009999275207519531,4,343,21620.58636153471,114.0,6942.796562005762,13,14,6,12
6424.955680251928,1632.1727108185016,0.00012241049632038032,-3611.136463101573,-4358.795899231494,0.0010294914245605469,4,316,23576.94668928852,109.0,8905.000347974164,11,13,6,12
5876.518448726671,1490.9367532778742,0.00011285356399865085,-1951.310369042209,-2478.673632472296,0.001996755599975586,4,472,27646.72931339661,137.0,9165.54047737272,13,13,8,12
5970.661770547912,1527.663108861308,0.00010952071193164486,-944.2926364049766,-1315.6186288834467,0.0020046234130859375,4,657,28558.471663662862,160.0,9497.343182607627,16,13,11,11
6245.10293777986,1604.1616001293232,0.00012226727972946525,-1904.230232792225,-2595.1039369619884,0.002021312713623047,4,495,29462.501697982167,138.0,12125.753801974985,11,13,5,11
7288.742329339929,1812.1903932116516,0.00010206021406029939,-7712.912310120205,-8029.247406285463,0.0009996891021728516,4,409,34362.629653526295,110.0,12442.270592792353,18,13,4,12
7229.335866501162,1826.4509390329256,7.580382353709901e-05,-2770.7683830425153,-3507.5537185593853,0.002000570297241211,4,724,34228.635512707806,167.0,11952.357806973218,67,14,53,13
7770.2712833867745,2149.7679264521257,0.00011967326700623717,-82.86665459081763,-151.32573832166915,0.002008676528930664,4,2649,37378.34400516848,539.0,16876.20518604946,51,12,47,10
8577.326108410945,2143.6788715038697,0.00012796358794351157,-70.18000268318175,-101.80478482049028,0.0020008087158203125,4,2933,41508.03778294287,603.0,17671.755479730135,49,12,37,10
8493.779649351625,2263.427862577933,0.00011238713319522217,-26.36926133155809,-44.619724459145196,0.0009996891021728516,4,4657,41196.29977356138,973.0,18296.532913153285,44,12,34,10
6554.1225068279,1799.9156406809582,3.389543260007853e-05,-3.975391153201767,-7.647441883070016,0.00200653076171875,18,8560,36250.47546936881,1859.0,11877.966957332414,37,26,32,24
7375.402952505583,2038.890263876821,3.661826255780627e-05,-4.012684579045258,-7.455526887765469,0.0025131702423095703,16,9470,37754.52413137604,2065.0,12386.37889815893,36,23,31,22
7897.0770784448705,2187.5319333630337,3.810694406358384e-05,-3.285594579796161,-6.242561017888602,0.001621246337890625,15,11003,39315.62659352487,2378.0,12866.369478435925,33,22,32,21
8426.8435763083,2335.3010517615107,5.0109221307300804e-05,-3.0953986620745795,-5.769096234426654,0.0010001659393310547,13,11944,41722.89293394984,2685.0,13477.621106451297,31,20,27,18
8256.299160037495,2445.0774403562627,5.913951596903602e-05,-2.1883173821761406,-4.931660740131993,0.0009999275207519531,11,13926,42945.97474526109,3125.0,16801.556368021334,29,17,26,16
11915.96800194473,3672.1054661506237,0.00012553310049485256,-1.5052485934492394,-3.442472887594346,0.0010001659393310547,6,22816,57600.8843788693,5652.0,27055.07470949358,21,12,17,10
3926.3879777632305,968.1203397275847,0.00011971675245496271,-12110.870396686098,-10121.547392421013,0.0,4,107,8462.137257759337,36.0,2594.9635344936246,9,18,5,16
4233.36945008605,1065.648335592534,0.00012057914327063261,-7165.198124453893,-8847.660678200155,0.0010008811950683594,4,153,11166.685310235282,48.0,3600.5342970386937,10,16,4,14
4712.848223447745,1200.9449380542285,0.00013082384604822198,-5689.985084392294,-6535.66732872775,0.0010001659393310547,4,174,12348.244719324508,53.0,4110.67386945721,9,15,6,13
5405.380657907962,1366.7267480194869,0.0001231065328955668,-14328.655870773202,-12691.839409334752,0.0,4,138,12654.849543700004,52.0,4168.736811276312,8,15,6,14
5238.211752816313,1322.5565842654862,0.00010383453008739367,-9714.644978213584,-11533.92428504346,0.001001119613647461,4,160,14007.477021587463,44.0,4584.091270686242,10,16,7,14
4911.177876196357,1243.0356784327707,0.00011247678164903238,-9786.235035296184,-10555.10627102573,0.0010063648223876953,4,151,14630.790054129651,59.0,4757.586382731243,10,15,4,14
4732.523142268884,1223.79814562438,0.00012781671052856147,-3205.3502046536714,-3829.130711816373,0.0,4,250,15986.036560059501,83.0,5544.388654192513,14,14,6,13
5464.746229945703,1379.9794686350237,8.98834792971714e-05,-11049.134936923509,-11645.329634265854,0.0015039443969726562,4,160,16719.974092608903,48.0,5444.826032531902,11,16,6,15
5715.84864207808,1466.0733602178407,0.00010003680470952244,-6541.794064493349,-7589.339567314284,0.0009913444519042969,4,224,18066.218179406787,65.0,6044.321104107142,12,15,8,13
4955.763781760723,1262.970423357357,0.00012045644591083011,-3356.022262209749,-3439.943778343219,0.0020008087158203125,4,281,20670.491510167652,96.0,6946.253256361058,11,14,6,12
5489.718647436848,1408.927811418412,0.00012261619847692373,-2218.9435267260374,-2942.4359346016117,0.0010042190551757812,4,379,21859.6938304742,111.0,8206.107156103091,10,13,6,12
6386.411316495757,1703.4072698355794,0.0001147163285958423,-3327.4912003231743,-4702.462360841693,0.0010006427764892578,4,355,22715.030128313454,100.0,8918.497603876083,11,13,7,12
6024.007975266519,1548.9284455491147,0.00010771066133561761,-2834.7446131519114,-4291.935671280718,0.0024323463439941406,4,374,25270.019051326868,112.0,9588.30560382623,12,13,5,12
6227.960010588148,1558.6851841315388,0.00010779839840390968,-2299.401907160227,-3228.7742604173686,0.0010001659393310547,4,424,29455.565079761232,114.0,10424.340961187725,13,13,7,12
7170.393401843612,1777.7316955218298,0.00011810537546240696,-2692.137504354561,-2970.539893871566,0.0010001659393310547,4,573,33893.48770058244,168.0,13256.1722436106,35,12,5,11
6760.200554833365,1863.8450294233123,0.00012560845593742609,-427.1361710628593,-698.2609231636185,0.0009963512420654297,4,1030,32807.27554749551,230.0,14557.534186657882,23,12,18,10
7537.672543988054,1947.2511873771452,0.00013425617512407558,-230.17744019022692,-342.5472592212181,0.0010063648223876953,4,1544,36611.55874489708,343.0,16043.870067575343,39,12,31,10
7405.734452300596,1911.077196157916,8.643376381531117e-05,-807.7893229358634,-1344.4396444236593,0.0015058517456054688,4,1122,34743.151628509506,229.0,13808.634603623701,76,13,72,12
7427.021871875522,1972.8233124673825,0.0001193215193997641,-184.9439509729475,-295.641507509577,0.0015082359313964844,4,1698,35818.70415678447,371.0,13753.45224218001,46,12,39,10
7800.250353678764,2032.7603263699996,0.00012555722762198993,-125.61009282239598,-190.4426835293813,0.0009992122650146484,4,2041,37809.69078486813,430.0,16591.388516091065,46,12,42,10
7933.250176495308,2122.4330931839836,0.00012798974647627458,-71.37735669571502,-123.08974966111833,0.00099945068359375,4,2755,38111.8568020893,598.0,17167.465085414195,49,12,48,10
8363.609551224321,2116.0289306165664,0.0001271200864543551,-47.80668192448544,-71.68811816169386,0.0019979476928710938,4,3493,40644.130768475756,736.0,17489.124587032784,39,12,39,10
8319.742894158226,2159.783597278926,0.0001253420065257253,-39.82667120970771,-63.84782522452821,0.00101470947265625,4,3758,40431.25790962071,787.0,17847.503190918236,44,12,40,10
6676.309316242671,1819.222788304422,3.56856771361856e-05,-6.3689459150940495,-11.64677533468513,0.0011911392211914062,20,6672,33803.9043046361,1440.0,11015.01935368549,36,28,32,26
6242.913617880733,1679.209484864875,2.4996553160407097e-05,-2.863340987593833,-5.347213450120157,0.0009808540344238281,22,9113,34065.27223987591,1963.0,10281.377280183362,39,31,35,29
8136.612077282777,2290.9368204098173,5.5459859392538814e-05,-3.685188824010683,-7.170075575022503,0.0019855499267578125,13,10835,39994.207314039304,2362.0,13887.250676177067,31,20,26,18
9714.119265710464,2711.748501060372,8.057994970458815e-05,-1.8397960693357533,-3.406843004829473,0.0010001659393310547,9,17378,47393.9780158367,4096.0,17512.967553418202,26,15,23,14
11190.744499855928,3404.556419437571,0.00010759884174953049,-1.4193852349226828,-3.2256907925522578,0.001247406005859375,7,21640,52221.94323304767,5238.0,24277.328824530647,22,13,19,11
10061.052876076224,2898.415497482223,8.297565883117135e-05,-0.662470037299459,-1.5445039129963165,0.0009999275207519531,7,23936,50426.47397100658,5921.0,19841.752628685877,22,13,17,12
4068.5590322233284,1025.304825052411,0.00015069598139574492,-14909.972657769753,-14383.854989142132,0.0010085105895996094,4,96,9439.865005940603,33.0,3006.1023435111047,10,16,3,14
3482.030355777939,875.9518160610637,0.00013625662179673218,-5573.1852162148325,-4929.1856485150975,0.0,4,138,9824.51272252035,53.0,3208.824855611841,11,16,5,14
3868.665913084918,978.0186761117595,0.0001385291841387605,-4768.563043467435,-5623.936964559828,0.0,4,173,10309.153490321483,48.0,3367.377511469475,9,15,5,14
4920.975833852715,1238.1279710433232,0.00013194208191678782,-16241.911506637578,-15868.956018214589,0.0010006427764892578,4,107,10791.008769000742,45.0,3518.6880792730226,7,16,4,14
4785.503269846419,1203.4233377077503,0.0001262319698884977,-18291.469685939217,-17033.415807767462,0.0,4,99,11253.381092806072,41.0,3624.0233316134922,9,16,3,14
4687.351327809058,1191.8068089498122,0.00012510006247456838,-6204.16195389341,-6582.380795043039,0.0009996891021728516,4,181,14909.47596905242,60.0,4907.277877874161,9,15,8,13
5283.7130552542485,1350.970501835406,0.00011827406194052882,-4970.2644710394925,-5599.424524562104,0.0010001659393310547,4,216,15324.548294677785,70.0,5105.178862285473,10,15,6,13
5428.4864054166555,1374.24510284121,0.0001386709407721934,-4168.797764713486,-5013.972803385841,0.0005052089691162109,4,251,16242.03220478405,72.0,5221.134604776427,9,14,5,12
4919.953471476396,1272.956926315824,0.00011789468576572518,-5037.0584154040935,-5870.766317894126,0.0009996891021728516,4,225,16799.84788137963,75.0,5823.538685845283,8,14,5,13
5150.3970357246235,1318.3745103120123,0.00010522333699146923,-6864.794764960717,-8448.105291219083,0.0009982585906982422,4,186,18248.164010580876,66.0,6050.193688861109,9,15,6,13
6066.8574018207055,1583.3148546383877,0.00011910934516700098,-3010.2183068898057,-4112.603818313026,0.001001596450805664,4,348,20852.707928810672,98.0,7642.505979062176,10,14,7,12
6585.748906086866,1708.2131213715438,8.728586737224502e-05,-7520.61924200647,-10990.33821138813,0.0009996891021728516,4,227,21355.60972332007,62.0,7339.637729456102,13,15,4,13
5309.433330106718,1346.664937938573,9.279288607776077e-05,-3841.8215574861943,-4925.8788039576675,0.0010008811950683594,4,265,22185.57410988879,82.0,7265.608051654306,12,15,6,13
5941.2407234700095,1528.5952901064818,0.00011521649142008833,-1986.8157205965865,-2554.014800757299,0.001504659652709961,4,429,23818.610478964423,112.0,9067.972005667409,12,13,10,12
6293.717029323979,1580.4367855538399,0.00011964321617830726,-1891.404298351324,-2390.89404968804,0.0010025501251220703,4,446,25294.95118159324,130.0,8787.321503334235,12,13,6,12
6007.423984203552,1580.5799890099,0.00012354542318641814,-861.2926413571123,-1230.3590653690183,0.001016855239868164,4,624,26384.46519809505,156.0,10844.023612346238,16,13,9,11
7111.621761374825,1770.835008899075,0.00011784718958690996,-290.34342210861206,-394.78627616297615,0.002611398696899414,4,1304,34434.7495671716,283.0,13029.480028566446,31,12,26,11
7830.487409546334,1949.9760786840106,0.00013702973679123544,-111.28094208058495,-154.65180295035705,0.0010790824890136719,4,2144,38163.08958665379,464.0,16053.518066763594,39,12,30,10
7887.594437086452,2053.0731531760457,0.00012978734764434958,-81.12848501513092,-128.8099234147043,0.00150299072265625,4,2639,38027.465149771975,559.0,16807.047711315616,50,12,47,10
8035.399917413417,2045.909495758025,0.00011079037346189176,-36.863472267002834,-57.24717433785654,0.0010001659393310547,4,3755,38605.335711150845,784.0,13593.363786137434,48,12,37,11
4688.728799540553,1150.7275966519721,1.6885837108079156e-05,-6.4163674629111505,-10.696783795066478,0.0009975433349609375,35,4756,22258.139257765935,1032.0,5811.389371058063,46,45,41,43
5728.323628992969,1521.810689062209,2.9768995735556132e-05,-6.442354602489148,-11.648936763544304,0.0010001659393310547,23,5728,30287.219042697423,1268.0,9111.929439800408,39,31,31,29
5848.252364259662,1578.273519768806,3.10817390367078e-05,-5.460585513369273,-10.277958840474952,0.0010073184967041016,22,6475,31749.511494575236,1387.0,9802.659664963081,37,30,37,28
7775.789476981423,2170.342531511224,4.7580506620776616e-05,-3.6514607570335276,-6.9302453473630825,0.0010025501251220703,14,10402,39143.91366533652,2282.0,13066.355184724423,33,21,28,20
9009.649400901553,2565.71284517403,4.9494893216322715e-05,-1.784783376215275,-3.534128250951299,0.0029671192169189453,11,16160,43560.59263275786,3710.0,15086.04618982751,29,18,25,17
3975.421185355061,984.2722799115127,0.00011850464720864168,-14207.658133811443,-12774.666976503999,0.0,4,97,8961.698178416706,35.0,2777.5420755039113,8,17,3,16
4788.7884650431115,1218.7429583990943,0.00012631265799415995,-4799.430654552524,-5460.6245277781445,0.0,4,217,12812.629815613178,55.0,4230.9802816591655,10,15,5,13
5492.725876349961,1428.9070283416493,0.00014394127060506355,-8918.814433237229,-11189.755441591662,0.0,4,168,13997.170591945227,63.0,4899.771637121145,8,14,5,13
5636.586659398218,1458.020005140676,0.0001321543133798038,-4409.907772782467,-4786.958406869973,0.0010075569152832031,4,267,16043.548830819978,78.0,5621.979271700959,10,14,7,13
5998.135258357149,1521.6625725543508,0.00011955764140966771,-7761.461350879126,-8918.6111618189,0.0,4,196,16375.212812015227,63.0,5375.322053654365,9,15,4,13
4995.261470768059,1296.0990331710177,0.00012512067283761377,-3856.0712587854246,-5155.574687110907,0.0010004043579101562,4,239,16987.11651842802,66.0,6025.003979995468,11,14,7,13
5907.320713716054,1518.9677028406325,0.0001050983420897272,-12698.0182514968,-13300.301704140735,0.0,4,155,17632.214201872346,55.0,5963.704249392093,9,15,5,13
5527.845902320861,1399.0549359230915,0.00011748617786442805,-3805.6704275576176,-4578.739061214285,0.0010001659393310547,4,283,19119.26291298772,85.0,6232.200427255528,8,14,5,13
5515.744001082159,1407.6392589942595,0.00011468395596831063,-3954.957719768022,-4890.213715629847,0.0015048980712890625,4,273,19586.112469418058,83.0,6811.019459323783,10,14,6,13
5967.915030789045,1531.3261092644213,0.0001458306405956467,-2176.7428924309243,-2797.2260158057607,0.0009996891021728516,4,389,20516.26606424364,108.0,6997.877762731921,12,13,7,11
5898.653932286467,1521.7536544137522,0.00013556302401019276,-2037.4094484396205,-2637.6992447235775,0.0009999275207519531,4,412,21911.30930183293,119.0,7641.585632350159,11,13,5,11
6291.400477627227,1673.6879061785546,0.0001170467750375217,-2336.9023073481308,-3409.5322804882494,0.0009992122650146484,4,379,21822.97214017552,103.0,8510.891512146303,15,13,8,12
6069.828914324275,1608.0762061504458,0.00013785947303421027,-1482.2217080145915,-1980.112792322827,0.0019969940185546875,4,503,23840.74446403555,149.0,9881.867904261951,12,13,7,11
5566.111693359713,1403.6108051151607,0.00011383390194926703,-2362.1050641824454,-3317.7651418273504,0.002017498016357422,4,365,25708.063407466805,103.0,9516.720424235573,13,13,5,12
5648.8083944933005,1441.1935106406086,0.0001116988889214976,-3119.268956455434,-4225.861341575485,0.0010006427764892578,4,337,26541.03303897946,91.0,10240.320012266522,14,13,9,12
5582.129528214899,1490.2832356742074,0.00011959228879484122,-1182.315662508593,-1840.139414752812,0.002231597900390625,4,558,26570.169130327766,144.0,10491.57111770783,11,13,11,11
5929.050088819969,1529.4145425793588,0.00010631704416830135,-2940.342383978759,-4010.158104069932,0.0010063648223876953,4,378,27857.062021074926,109.0,10962.64066106778,12,13,10,12
6069.073129661675,1576.7870646520125,0.00012414790035678364,-1501.3390860536936,-2046.6487110250719,0.0019979476928710938,4,545,28795.89175012692,131.0,11967.523567164077,17,13,8,11
6177.978443040725,1567.3165374598518,0.00013239600749522174,-658.9450957726176,-882.6338803011009,0.0015079975128173828,4,776,29799.74116051671,186.0,10413.642446104262,20,12,9,11
6520.163862149831,1752.5066256017853,0.0001355644333536004,-590.8816507358373,-939.1542534998505,0.0011835098266601562,4,864,31475.675812503683,200.0,13871.695031202937,23,12,5,10
6775.152567346896,1818.833540271031,0.00013910148814029436,-458.33166281689614,-720.4082214687113,0.0020003318786621094,4,1007,32743.27860344459,221.0,14582.330516334558,37,12,40,10
7088.675176400785,1780.8006500924187,0.00011884786072634096,-385.3910878387561,-548.3852164697561,0.0022776126861572266,4,1182,33797.77302556045,260.0,13706.606356673488,45,12,44,11
7068.070580424438,1838.5014524311634,0.00013365548739785249,-163.20335666501703,-239.55370154508162,0.001007080078125,4,1597,34649.49242716132,347.0,15092.485488316466,33,12,27,10
7485.79357952399,2006.6719067224315,0.00012389262941000603,-65.58481079028736,-109.20358482452048,0.0019974708557128906,4,2724,36332.41502693002,565.0,16113.917185118298,44,12,37,10
7600.132836427533,2041.6416133478308,0.00012131659316827538,-49.82589115042021,-85.5006728395741,0.001997709274291992,4,3055,36710.37375110964,651.0,16302.83222148296,43,12,46,10
4617.586007380556,1140.1136838473633,1.825467426647119e-05,-6.516090209940967,-10.929066477338342,0.0019981861114501953,35,4698,22208.705109055234,1018.0,5843.730212202979,45,45,36,43
6836.10354675693,1887.242640012984,3.667800864686688e-05,-4.816555691457794,-9.137404632108582,0.0010006427764892578,18,7895,34149.924295641766,1699.0,11243.76679424575,37,26,33,24
7530.211504586569,2099.4301242705633,5.338245397060375e-05,-3.8185678612148175,-7.237427800997349,0.0010063648223876953,15,9750,38008.05594773776,2122.0,12754.20572036221,33,22,29,20
8193.888919618066,2379.510038108251,6.123536757238741e-05,-2.7115308508130056,-5.644021241850377,0.0015056133270263672,12,12289,40659.17340549837,2778.0,15495.920939434,30,18,26,17
8926.339477237549,2473.5971424499553,7.086356739997312e-05,-2.8538377787275975,-5.3308810379742315,0.0009984970092773438,11,13264,42959.057758587034,2942.0,16152.883040010187,28,17,27,16
8887.243274258866,2547.1548420958034,5.51526593804492e-05,-1.9984973958158894,-3.9882362666457487,0.0015077590942382812,12,14937,42197.273006984404,3447.0,14534.824918083767,29,19,25,17
9748.166677903797,2708.3929382704696,7.578951233578023e-05,-2.211620261037447,-4.065069273444292,0.0009996891021728516,10,16166,45339.49239200089,3658.0,17321.74168168397,27,16,24,15
10163.927103454274,3047.8252557694354,0.00010732047318074782,-1.9619519749558623,-4.421363793557464,0.0010075569152832031,7,17890,47472.92967066866,4088.0,22125.89570234953,24,13,20,11
10163.081291595841,2909.629694189681,8.334331082245144e-05,-1.1944208856754677,-2.4187585879906726,0.0005054473876953125,8,20547,48035.62087448993,4944.0,17320.156485290783,24,14,20,13
11806.913236153709,3663.1919642237312,0.00013138941667266887,-1.33568671170082,-3.15475869460942,0.0009999275207519531,6,23968,58026.3834558754,6129.0,27265.865202326124,21,12,17,10
11839.409274111995,3611.760914229947,0.0001373332542104301,-1.0021743209561977,-2.3296218257727244,0.0009996891021728516,6,26021,61250.76070986537,6527.0,27486.042260887953,19,12,16,10
4184.55937042652,1068.2126246650912,0.0001572367739455145,-4265.105365524461,-5279.924993118672,0.0,4,182,11564.747515789806,54.0,3843.964739398014,13,14,5,13
5225.181748079471,1345.1913722422107,0.00014498825821014413,-13060.152044658184,-13323.566155290117,0.0010073184967041016,4,141,11957.822318179635,51.0,4098.147638501259,8,15,3,13
4588.690181426659,1155.8759895251217,0.00011461466693803838,-8046.544821218403,-7336.068463099803,0.0009996891021728516,4,154,12132.084498270866,53.0,3926.3336214194073,9,16,5,14
4853.040600038616,1233.2005439260256,0.000141139438654139,-2995.7813046697484,-3479.419967026554,0.0009818077087402344,4,258,14642.753295785245,94.0,4734.442514007641,8,14,6,12
4441.216534488897,1122.9337310230153,0.00013324552036905355,-3944.5153307414607,-4733.845396662162,0.0010297298431396484,4,230,17261.53211462183,70.0,5669.527613989543,11,14,7,13
5534.453550845191,1417.163216653115,0.00012931931241388052,-2663.222495964922,-3286.757100092166,0.00099945068359375,4,302,17529.170176651452,97.0,5948.090269709093,9,14,6,12
5789.3350974942,1466.8246770911837,0.00013730528272585195,-2961.8631409699015,-3655.889458959069,0.001504659652709961,4,328,19540.74415115615,96.0,7077.600160414386,11,13,6,12
4721.183839847154,1188.2648937848953,0.00013661926348666954,-2759.1208880735467,-3189.280137359269,0.0009984970092773438,4,314,20141.095947375936,107.0,7160.390669450433,8,13,7,12
5808.084172719415,1525.4396082121461,0.0001527115273925546,-1810.4789156825846,-2353.96020062644,0.0010190010070800781,4,413,20927.017504798976,141.0,8559.217741946512,10,13,6,11
5515.011206862915,1399.4551041919212,0.00013486118403098696,-2073.416799709482,-2680.4159450325874,0.0009989738464355469,4,372,22128.41649090622,122.0,7314.438913579215,11,13,5,12
4924.990072041991,1253.557804506778,0.00013120815100866185,-1401.0275166605536,-1853.2969280773,0.0020079612731933594,4,432,22566.136195906918,123.0,7384.279232789751,11,13,6,12
5203.844989432235,1297.0606033284898,0.0001464700861326649,-1078.008104792842,-1307.7661042766342,0.002508401870727539,4,576,24823.754186114907,167.0,9136.35670513317,11,12,5,11
5457.107627335155,1372.471142392431,0.00013931090672557642,-2116.382721742509,-2704.485709327274,0.0035085678100585938,4,384,25714.79879206881,143.0,10210.311080451585,9,12,4,11
5968.455533660722,1548.8284157702938,0.0001388608402614658,-457.97340379721857,-647.72648932251,0.0010001659393310547,4,896,29026.24958666342,214.0,10111.215275148304,20,12,12,10
6897.393002596473,1869.9953975528865,0.0001320205711222101,-158.0354553835467,-263.85103509229424,0.0010197162628173828,4,1651,33436.53779474199,363.0,14892.779876292552,40,12,37,10
7818.150838259577,1956.8793518386356,0.0001409976768708541,-65.2271022662709,-99.13171419952495,0.001998424530029297,4,2760,37727.69452174617,590.0,16127.260018722154,41,12,39,10
7803.54258848048,2076.718596930079,0.00013272038667835217,-41.48512905298709,-69.16436538510088,0.0019979476928710938,4,3490,37378.23724452531,778.0,16824.5089316784,47,12,47,10
8410.811271154571,2047.3909350723695,0.00014800059176675752,-37.09815367545451,-51.882956475519045,0.0010042190551757812,4,3894,40176.559325003866,847.0,16300.397599267424,45,11,36,10
4420.08167722322,1097.3152698848548,2.0234567605343725e-05,-6.614628002086563,-11.778769130285037,0.002048492431640625,34,4688,21349.84685101702,1016.0,5632.38527397572,37,44,35,41
5473.303082269992,1446.1175837206183,2.795211177861152e-05,-5.409777705855728,-9.585601143710193,0.0025148391723632812,24,5926,29015.339796901055,1276.0,8590.741444443407,39,33,35,31
7559.258445313906,2152.085181386752,6.542838679236975e-05,-3.987277434764537,-7.901696360958299,0.0009999275207519531,12,9650,38427.584474076226,2157.0,14503.484201340034,30,18,26,17
7723.7023877860265,2228.2640894004376,6.0075564214827965e-05,-3.716138875659561,-7.590794087826987,0.0019974708557128906,13,10192,38004.66412458467,2230.0,14093.7525296071,31,19,27,18
8633.438960237729,2462.371790222039,6.517495987805982e-05,-2.9625927344847236,-5.798853053908207,0.0009980201721191406,12,12550,40761.45299720079,2765.0,15551.63999080078,29,18,25,17
9208.675838044614,2537.2348471729065,7.581938874109883e-05,-2.9494117259675576,-5.321405037438027,0.0009996891021728516,10,13484,42948.08373854057,3018.0,16009.249737097234,28,16,24,15
8832.588995150747,2487.201135010265,6.755572080885343e-05,-2.379252918092677,-4.437884386624783,0.0010004043579101562,11,14157,42640.7184086569,3264.0,15829.148920501764,28,17,24,16
9232.558517935184,2603.825987747535,8.766805161415319e-05,-2.3201835369768204,-4.48433380819117,0.00099945068359375,9,15180,44260.216730374625,3447.0,15370.806704890165,27,15,24,14
10862.094469470885,3222.208425562826,0.00011740510009022165,-2.206865180991496,-4.589634083194277,0.0020062923431396484,7,18303,50999.93741873833,4240.0,23683.538076731667,24,13,21,11
11056.2850873675,3295.032567064956,0.0001125192987229558,-1.9740709512400927,-4.116511624726157,0.002007007598876953,7,19165,50053.8402998534,4490.0,23308.778442003153,24,13,21,11
12063.702798246879,3585.2688803850265,0.00012382117082823706,-2.0538226325807236,-4.1257031983839925,0.0010006427764892578,7,20752,55665.21013741845,4957.0,25327.242574733304,22,13,18,11
12747.040041721006,3928.716452903222,0.00013658751599893114,-1.4653408586777839,-3.1833718709412615,0.0010161399841308594,6,24590,60259.81735562063,6255.0,27812.758706326073,20,12,16,10
4066.444112212838,1037.3879643158814,0.00016448677550832377,-5592.069378656957,-4739.260778042074,0.0005049705505371094,4,162,9557.965304139572,57.0,3213.6479665556485,10,15,5,13
3826.3872209338983,971.6428658329513,0.00014656237058611787,-6487.94955217155,-7417.693739677418,0.001001119613647461,4,150,10967.373031027324,49.0,3626.866813351431,8,15,4,13
4052.395104937062,1030.5870582151958,0.00013751947429393066,-3502.6952369371365,-3676.179561673774,0.0,4,199,11392.405868968679,65.0,3788.228299456359,10,15,6,13
4705.076432319357,1210.496434093562,0.00013383324983796767,-13282.850942865716,-12475.433101464567,0.00099945068359375,4,132,13934.707298599606,49.0,4716.081374422724,8,15,5,13
5759.078656325955,1478.5204439906192,0.0001446672688687753,-3567.6006668944,-4035.324145771861,0.0010056495666503906,4,282,17344.288403542938,101.0,6365.6609679069115,9,13,5,12
5294.2193522712505,1397.9501333635658,0.0001418214460787548,-4314.101524179004,-5454.116653930988,0.0005033016204833984,4,258,17471.632415504413,85.0,6654.981167829455,10,13,5,12
5749.445058443414,1526.8318363757105,0.00014449215451809176,-1655.413071476806,-2333.123465764342,0.0020186901092529297,4,454,21186.01076449655,121.0,8232.394783832708,14,13,8,11
6379.701676456979,1627.4227363909608,0.00013047743668593052,-3867.4427563207746,-5151.867932563453,0.0010008811950683594,4,322,22058.80247192932,89.0,8394.797584376047,11,13,8,12
5844.706170126294,1457.3076981762333,0.00015594030988161288,-1150.295628116751,-1322.4339187736157,0.002020597457885742,4,547,23330.3362900765,151.0,8859.551409236174,14,12,7,11
5822.908691233559,1461.8117750156264,0.00015603503597973122,-928.7266219666337,-1099.0584792395882,0.0005047321319580078,4,596,24816.38401741251,173.0,8830.5052235744,11,12,8,11
5346.583667161075,1410.829118837496,0.00013071959971929845,-976.571683772413,-1477.4929363626613,0.0019981861114501953,4,521,25411.448871113083,142.0,10524.728669145705,17,13,8,11
5974.751808195585,1562.7601178944258,0.0001200453102089979,-582.82831426905,-857.0075345299043,0.0010001659393310547,4,788,28634.18546488411,169.0,11836.718769039086,22,13,7,11
6301.815931338832,1577.0081283829704,0.0001395718174342027,-1289.6170771585162,-1612.7444587042144,0.0010266304016113281,4,600,30123.220365886147,166.0,10869.84140691513,15,12,6,11
6558.354119543221,1668.845135874327,0.00014759377312866364,-246.24908711294086,-352.81169837995026,0.0009999275207519531,4,1278,32015.598663735713,276.0,13683.169515961534,25,12,19,10
6909.850797623033,1712.0021473883828,0.00012703720036718867,-460.57597119527867,-631.4674472169261,0.0009944438934326172,4,1089,33039.12560290973,243.0,12700.019968612822,36,12,36,11
7126.447272936806,1741.969291097482,0.00016034783989787342,-195.42558806640625,-256.86051121670835,0.002007007598876953,4,1488,34596.6980421591,322.0,13361.331534075514,42,11,24,10
7959.622564131818,1964.4294163151271,0.00014649996483628283,-48.59133097629973,-68.45322143226096,0.0015044212341308594,4,3263,38608.191551850054,714.0,16141.40992717757,40,12,36,10
7897.369674642163,1966.3383857998158,0.00015327913470456072,-30.56327195429574,-44.55848646692894,0.0019998550415039062,4,4046,38406.13457489842,842.0,14256.533759511098,41,11,31,10
6391.182349563328,1780.3238926692625,4.8784592282581825e-05,-4.216243705567975,-8.373355554426531,0.0020177364349365234,17,8015,34592.714032360534,1713.0,11409.668019406388,34,24,29,22
7605.5330353275,2147.54124532438,6.663266268504404e-05,-4.052289833817404,-7.884254000109163,0.0010061264038085938,12,9625,38108.09362661848,2114.0,14321.512434973483,30,18,28,17
7839.432190473807,2182.5726788984452,5.071406937119219e-05,-3.3266704793446813,-6.265085319256733,0.0015048980712890625,15,10610,37803.13647262073,2343.0,12247.168835990822,34,22,28,20
7696.690564753227,2193.8252251191416,4.665438647841197e-05,-2.7962745854419024,-5.504247815731946,0.0010001659393310547,15,11407,37794.93176397896,2467.0,12790.927662338821,33,22,30,20
8724.063408018292,2426.7806818831737,7.108870680162486e-05,-3.0965157302937625,-5.728431078174098,0.0010001659393310547,11,12435,41212.822986509185,2744.0,15278.252360447092,28,17,26,16
8696.366594751305,2395.8023971582666,7.956085984006187e-05,-2.8094610284099777,-5.061320627521243,0.002017498016357422,10,13207,42550.963373328894,3005.0,15447.53069856111,28,16,25,15
12820.095314373326,3831.0512946315716,0.00015000884483846582,-1.8825510637747151,-3.811116641597808,0.0,6,22798,60959.76502222364,5623.0,27526.696852056062,20,12,16,10
4373.806094609591,1107.576995968312,0.0001707477426251609,-8020.379791977955,-7407.565880652587,0.0,4,148,9096.050611847475,46.0,2951.6318758360126,9,15,4,13
3670.3554225160315,932.2907599224724,0.00017369657157529397,-3157.1330225123966,-3236.895470678878,0.0009970664978027344,4,192,9595.64839215028,63.0,3130.5253315593527,9,14,5,13
3534.5720982973007,909.992395926537,0.0001846607216413199,-2152.649506317242,-2281.8092967351377,0.0010004043579101562,4,229,10255.25094891156,70.0,3436.0716609142582,11,14,7,12
5267.193425029005,1374.5106755252752,0.00013510531095112927,-4751.35899850286,-5566.824172012693,0.0010221004486083984,4,218,14959.097970987197,73.0,5274.496086636855,9,14,6,13
5293.059377675455,1399.451458347154,0.0001484627188851191,-2693.8395463968,-3398.9809694988135,0.0009987354278564453,4,305,15539.870689425763,93.0,5810.434790228068,9,13,5,12
5050.985535961658,1278.212623826428,0.00016002752246740924,-2643.930054800686,-3072.873547070418,0.0010018348693847656,4,306,16589.7883796536,103.0,5899.169852688046,9,13,6,12
5082.984218598213,1348.8837856994064,0.00014876302932363754,-2673.4779886911097,-3424.81380805179,0.0010104179382324219,4,301,16549.455628637243,93.0,6353.182401843169,11,13,6,12
4849.661029493349,1231.746270283054,0.00015724886560872648,-1141.9054923981842,-1504.872309376983,0.0010001659393310547,4,471,20911.50419337739,137.0,8176.735845479288,12,12,5,11
5566.076888477612,1383.4427560973304,0.00014594227173084782,-885.2186795529284,-1150.5488933357387,0.001998424530029297,4,618,26598.358647992685,146.0,10284.471232036714,13,12,9,11
5935.375714149605,1482.9746442873302,0.0001371134024497955,-769.4888998477959,-1031.9226910538346,0.0019991397857666016,4,698,28539.62508739829,191.0,10415.492270918956,18,12,6,11
6063.738700100917,1510.4560534293264,0.00013894530434674298,-681.1514512683035,-896.1842097487452,0.001999378204345703,4,732,29172.246185949334,176.0,10751.337302392621,14,12,11,11
6205.870434122856,1694.8472963739957,0.0001414323831298473,-263.42630372950146,-434.9285816117839,0.0010273456573486328,4,1132,30187.562635030856,255.0,13403.695780021371,33,12,19,10
6814.552641022269,1689.952331442639,0.00016801950646171433,-283.89906331655084,-379.1260989129337,0.0010254383087158203,4,1214,33067.832831715896,286.0,12279.544157415774,28,11,28,10
7233.845688926202,1994.8111145491796,0.00012530897397780162,-31.06017469735665,-56.22587698954672,0.0019986629486083984,4,3671,35021.18860993877,767.0,15714.839336193727,47,12,35,10
4126.305915575653,1033.7065894984585,2.283236821117969e-05,-6.540819496340941,-12.774069305823595,0.0010042190551757812,38,4617,19772.63251123576,1011.0,5283.752749566732,40,47,39,45
4652.30141692909,1148.0799181370505,1.680647467920738e-05,-4.2510417530444045,-6.728269539717925,0.0010030269622802734,32,5518,23195.430573169277,1188.0,6096.88221610137,44,43,44,40
6788.001264733022,1965.097183891067,6.0382823031461226e-05,-3.3582429903823545,-7.276229077640565,0.0,14,9413,36279.50118593847,2044.0,13323.73906774292,32,20,28,19
7949.77691469339,2225.9499149309036,5.392938231047172e-05,-2.516013512338916,-4.875959450759223,0.0010004043579101562,13,12306,38879.50555826456,2702.0,12638.788115102529,31,20,26,18
9154.258078518478,2653.0818313813515,9.137297260108445e-05,-2.821649968339584,-5.592645257441874,0.0009992122650146484,9,13648,41724.657090776454,3130.0,15968.439179675217,27,15,23,13
9336.32787905008,2734.864461856105,0.00011004114964415422,-1.9671856630383502,-4.18954102619679,0.0009996891021728516,8,16902,47592.20869782053,3953.0,21747.200912901084,24,14,23,12
9191.21095407437,2846.1984266885943,9.756788392859146e-05,-1.4224663249437084,-3.7036232980934027,0.0015039443969726562,8,17878,44388.00748299373,4191.0,20339.73673815911,24,14,22,12
9991.59344140095,2989.281926454413,0.00010074348228832186,-1.5380486356079497,-3.4266458261056263,0.0015044212341308594,8,18769,47530.27092182633,4343.0,21535.57960578202,24,14,20,12
3384.0274899966203,861.2357606226615,0.0001810352157548577,-3620.9903545348275,-4258.309889265959,0.001005411148071289,4,161,9670.01251676401,51.0,3175.9769368118873,7,14,6,13
4249.656745152112,1077.5618231323647,0.00013224962998725957,-6172.266749986683,-6119.869285145488,0.0,4,156,10746.86977476292,50.0,3591.9000201326335,8,16,5,14
5123.05151681868,1317.6550697380787,0.00016826059428251303,-2982.3472880285126,-3100.344287285641,0.0010013580322265625,4,268,14395.767714526983,92.0,5208.2570918416495,10,13,5,12
4635.407391195504,1169.7487033453922,0.00016696839324435172,-1863.0614754838489,-2391.887209738824,0.0010073184967041016,4,330,16133.352972385683,101.0,5519.580092799817,13,13,7,12
5783.800423193993,1461.3016388811557,0.00016138049534489488,-2896.8055128847395,-2836.543721117333,0.0009984970092773438,4,320,16620.66886279933,110.0,5878.558125631644,10,13,5,12
5896.022020899662,1499.985962890124,0.00014769474402338687,-3651.8796697080543,-3612.0116383970576,0.0010051727294921875,4,305,17450.528578450845,103.0,6336.259618672933,8,13,5,12
5237.436129412685,1388.4858470032466,0.00014430945650993542,-2600.0915521014276,-3355.2767858159855,0.0010001659393310547,4,299,17555.83322319223,95.0,6806.402213776804,11,13,8,12
6698.868637860326,1748.9330746760584,0.00013178901584149562,-4743.252120650361,-6230.010892767147,0.001001119613647461,4,300,20172.53067092622,83.0,7787.607628492584,12,13,4,12
6476.605134584741,1677.4788507676058,0.00011304968282996177,-9754.73610626673,-12768.33232470056,0.0,4,200,20458.88103720878,63.0,7470.363641100033,9,14,4,13
5271.519392841547,1317.0008169749512,0.00015623128090304944,-1559.5705585302394,-2058.2564040709726,0.0009996891021728516,4,432,23301.40311810009,130.0,9023.429803309915,10,12,7,11
6073.630229579875,1620.464371711689,0.00013850184063855865,-1935.5213877625758,-2651.9707845469966,0.0010063648223876953,4,440,22678.025304119605,129.0,9360.02308425579,11,13,6,11
5052.744396639006,1274.4142363758885,0.00014540441412890545,-740.6691944770025,-981.469948983506,0.0035512447357177734,4,629,24177.08768209662,166.0,9468.261320479185,11,12,7,11
5391.38166732127,1356.3575685469968,0.00015119598617067682,-1206.935199077187,-1457.9617393410736,0.001998424530029297,4,527,25788.242456244298,145.0,9079.710168498263,12,12,4,11
5505.34155417762,1421.56176049891,0.00012502426210605496,-1512.7075470126074,-2334.2521461050233,0.0009999275207519531,4,459,25521.337459327853,120.0,8880.897498753591,13,13,6,11
6082.4274215460855,1520.861925238575,0.00016752983579247643,-783.4928999283991,-1069.568125350899,0.0009982585906982422,4,674,29137.665081456238,184.0,12305.968384271706,10,12,4,10
5880.71943701494,1484.4104521871097,0.00013863521774960664,-622.3108065924924,-854.8804864653285,0.002002239227294922,4,741,28365.036457771464,182.0,10025.882071930508,19,12,8,11
7151.927650002895,1776.5407400644212,0.00016382903881531597,-268.58149632137906,-371.07452655138127,0.0019989013671875,4,1332,34309.36438111032,290.0,14641.309548602221,48,12,45,10
6740.008207788021,1722.1812812731227,0.0001672624391466164,-121.40883583684199,-176.31880486816408,0.0009999275207519531,4,1747,33003.94198753477,409.0,11744.579281621125,40,11,37,10
7283.414224488814,1795.7042620708185,0.00015548162207325005,-106.84141491838918,-150.38051482752053,0.002042531967163086,4,2014,35157.272987449265,431.0,14629.553209470658,43,12,33,10
4454.048458941493,1131.2143239627335,2.166977373032873e-05,-5.5230155184817145,-10.237240076576441,0.001999378204345703,35,4943,22235.508095635218,1063.0,6032.3536600188645,42,44,37,42
5707.921827158694,1551.8506998739415,3.379345087857019e-05,-4.6622054037738225,-8.862208712058683,0.00099945068359375,22,6594,29828.807600446922,1402.0,9269.006233775344,37,30,33,28
6037.54937595324,1675.0408875759565,4.187927161463906e-05,-3.3056516407053644,-6.427815046459275,0.002010345458984375,18,8528,33472.38621908356,1843.0,10736.946077161663,35,25,32,23
6864.359296835378,1958.62089282975,4.7271400519426464e-05,-2.6430154081919386,-5.506140914557483,0.001505136489868164,16,10541,36023.5096555277,2254.0,12214.66062945859,33,23,32,21
7638.628362755,2224.754250834435,6.54133837971505e-05,-3.069672979905711,-6.331285865413142,0.0009875297546386719,13,11012,38074.85304792445,2420.0,14665.40856932247,32,19,27,18
8627.585838078281,2422.335855315248,7.922616278374889e-05,-2.3026590674151373,-4.368566220017619,0.0019516944885253906,10,13757,41711.6707742771,3210.0,14530.37709143904,27,16,23,15
8606.265797313115,2599.4346720785857,9.243642456522496e-05,-2.025169925503975,-4.7084227111975725,0.0009999275207519531,9,14931,41749.03968463889,3358.0,17989.030943619306,27,15,24,13
9065.542978456908,2598.36174809799,8.251875070991441e-05,-1.7773290213789257,-3.5012971014449494,0.0010008811950683594,10,16163,43396.750324608045,3780.0,14966.807080040991,27,16,22,15
11753.517693191572,3515.0677473914693,0.00013014460622442115,-1.6467495417786608,-3.4477215536335732,0.0010063648223876953,7,21897,56217.366678478145,5347.0,25300.05631164924,22,13,18,11
13442.311367015884,4060.1917355000296,0.00019155875165331455,-1.3162422493462471,-2.682444414689064,0.0009951591491699219,5,27183,65916.33389112404,6959.0,29462.23837741492,18,11,16,9
14879.784218976441,4568.458343138413,0.0002394416931389855,-1.6183816708819214,-3.1416238917426815,0.0010075569152832031,4,28866,72934.41790822243,7768.0,33708.08337821567,17,10,13,8
3564.1047339134484,906.284920736244,0.00017565465005679826,-3883.640212242757,-4265.201865385488,0.0015027523040771484,4,164,9094.558742048199,60.0,3015.355306548162,9,15,4,13
4673.322216564788,1205.809466014376,0.00016346537799613573,-7500.597674354274,-6296.113896719615,0.0010001659393310547,4,157,11605.52006143264,73.0,3939.751946707077,7,14,5,13
4706.980839393656,1200.947546918424,0.00015378760724920674,-6904.333362379763,-8409.001700235483,0.0,4,172,12531.274417058903,49.0,4212.2468195882175,9,14,3,13
4676.376571979815,1211.545978109129,0.00016937101807130747,-2539.770315491125,-2830.3205450055952,0.0009999275207519531,4,272,13145.985116603504,82.0,4660.442923810095,11,13,7,12
4417.7862398526,1146.8577769631572,0.0001678052098154872,-2896.3403223316986,-3903.140886051474,0.002004384994506836,4,244,13623.648971383987,79.0,4873.699661154056,11,13,3,12
4892.010050373575,1249.930976942065,0.0001599956943118917,-3905.3904625118894,-3874.1892365748345,0.0009996891021728516,4,239,14225.227471963268,76.0,4809.323444108615,9,14,5,12
5444.642347842881,1426.6414777250418,0.0001608532511233096,-2864.2057769954936,-3146.591526053141,0.0009961128234863281,4,313,14708.814851642623,82.0,5481.669627324907,10,13,5,12
5270.768295205021,1354.124129624861,0.0001620849181967485,-2182.5844416500745,-2545.054649266383,0.0010018348693847656,4,353,15425.736131052876,96.0,5618.455654107736,10,13,6,12
5047.041032444988,1280.8862596226543,0.00016163040270978632,-963.2840412741324,-1386.4675264358978,0.0015060901641845703,4,527,24186.811659095034,145.0,8399.737523695152,13,12,4,11
5462.103297410982,1405.3442199553742,0.00014254137114211703,-1257.3953471192096,-1708.6587969269017,0.0010004043579101562,4,506,24323.490195275168,134.0,9932.073998999527,15,13,9,11
5428.744053547161,1449.4104319952698,0.00015654616234486994,-741.3652855036363,-1170.6996327742597,0.0010001659393310547,4,650,26190.09040900052,175.0,10283.43992651031,19,12,6,10
5543.123957870728,1483.4394656258055,0.00015713988171200965,-830.9578389977881,-1288.0986950405154,0.0010004043579101562,4,649,26704.80901602861,164.0,10603.201667654612,15,12,7,10
6096.241304687714,1552.7682064444946,0.00018530779925817237,-215.75196010496597,-313.7281007891004,0.0020034313201904297,4,1240,30006.301517373628,263.0,10754.811831725958,22,11,12,10
6785.989489376558,1714.5608693646307,0.00015208580245717988,-170.68265467030312,-259.451765084188,0.0020139217376708984,4,1519,32954.46864910277,320.0,14114.581901309706,44,12,44,10
6456.219972654251,1818.2070462373135,0.00018257639886113335,-77.22118668217153,-139.77603586640708,0.0019986629486083984,4,2119,31855.161804716234,455.0,14658.341785551063,37,11,36,9
7332.054531741926,1872.219868222245,0.0001415150466267787,-53.74573054953571,-82.42639457569196,0.0010077953338623047,4,2864,35460.84504174986,606.0,15393.498745905767,45,12,39,10
7289.716995219294,1882.326940272043,0.0001342853066452763,-42.124996488314515,-65.93740559897874,0.00150299072265625,4,3149,35523.27698413903,673.0,15447.507281332277,41,12,36,10
4397.688820099496,1165.2998937473067,3.059172046220054e-05,-5.4714808906730665,-11.56563221541181,0.001998424530029297,32,5016,23250.92680819551,1046.0,6704.306358925112,38,40,34,38
5489.686422553773,1534.133638045598,4.209868687415175e-05,-3.793241787214205,-7.795088605176218,0.0010001659393310547,21,7206,31051.31940494672,1604.0,10012.466463834098,35,28,33,26
7866.513345347288,2250.0030685967427,6.809150853153586e-05,-3.4550502043767564,-6.8163184899835345,0.0009996891021728516,13,10643,37533.23676947914,2396.0,14161.49135651948,30,19,28,18
8123.719165290805,2432.9800394278705,8.667049824971627e-05,-2.337258186840956,-5.262169328940646,0.0009999275207519531,10,12918,39706.067159812184,2981.0,16470.576150568577,27,16,24,14
8574.885547840891,2584.1089809098175,0.00010000536643750016,-2.457023342770072,-5.549170919329283,0.0010073184967041016,9,13827,41176.11713858116,3111.0,18663.104960089768,27,15,23,13
8896.337368460285,2556.6412908617217,0.0001028246783140027,-2.276881431651672,-4.609894367708272,0.0009987354278564453,9,14575,44436.296617612774,3305.0,19759.867405597208,25,15,21,13
13684.823185573578,4208.335581796896,0.00018729332330282648,-1.7041690053018796,-3.6210844122988783,0.0009999275207519531,5,26244,67401.01398450261,6566.0,31400.576975808508,19,11,16,9
13839.837489085972,4188.319245242329,0.0002457939388114989,-1.0484337228053064,-2.0702289051892633,0.0,4,29772,68136.44659337765,8097.0,30129.737916389495,16,10,13,8
4105.074938056233,1033.421753687427,0.0001478082845221293,-10990.673304369036,-11120.373121064109,0.0010216236114501953,4,120,9423.734065219887,34.0,3076.3455938807497,8,16,4,14
4648.718326921145,1185.0417687415313,0.00017855107262272515,-1584.8257653158819,-1759.8593056262396,0.0010077953338623047,4,352,13947.85129785979,114.0,4598.239958368721,8,13,5,11
4915.553472481046,1245.4546076070635,0.00017596410573180265,-3093.2391225614306,-3764.4595101301347,0.000972747802734375,4,277,16121.397040739203,102.0,5273.874685837298,9,13,4,12
5217.938131603661,1391.4587322549378,0.00017049902265730063,-1886.609580695507,-2377.1776437125113,0.0009999275207519531,4,351,17207.274825788147,103.0,6782.898366839656,8,13,5,11
6079.4333627498545,1541.9887671623776,0.00017482373842353082,-1199.4457135911036,-1436.8977924456108,0.0010197162628173828,4,550,21575.237710842524,149.0,7432.88811709495,11,12,6,11
5570.933855024234,1411.8054768829543,0.00015219613444206336,-1540.863102382526,-1937.6173339396305,0.0009980201721191406,4,463,21970.48638204692,133.0,8600.422188103686,11,12,6,11
5068.509237145184,1299.7360305469892,0.00018557732556597018,-911.9603269887157,-1294.385713811965,0.0010113716125488281,4,556,24280.56490690436,155.0,10448.962269331758,11,12,4,10
5598.167295160404,1380.732983656273,0.0001811497529010572,-424.2016995760115,-562.9432897722047,0.002513408660888672,4,875,26992.588817965763,219.0,11048.111707362055,13,12,13,10
6072.897788268553,1489.8197810661218,0.0001724188722422124,-470.19066626802334,-584.0431660728428,0.0025310516357421875,4,869,29230.705041372148,215.0,11871.935241591978,14,11,5,10
6720.705413519933,1640.3477263735138,0.0001670360204281831,-180.1649753070035,-239.8453658282652,0.0020034313201904297,4,1474,32607.111665510296,334.0,12883.573449026917,39,11,33,10
6768.424471834502,1820.4905835069658,0.00013776084389420455,-77.46441272141973,-130.06920881679014,0.0009996891021728516,4,2261,32668.94250253803,482.0,14542.046071928715,48,12,38,10
6693.327930975192,1871.5303845004403,0.00017685488832382736,-38.720071303936024,-70.37196013154026,0.001998424530029297,4,2940,33103.926400845754,625.0,15183.69260508308,36,11,27,9
6769.902140465821,1881.1786785372929,0.00017005803625351582,-30.156472560768,-56.53696268246837,0.0020067691802978516,4,3499,33334.44131028846,719.0,14256.1245774618,42,11,38,9
4291.399843193413,1110.9817812672627,2.7090884032214087e-05,-5.591542985485454,-11.02255259067981,0.0010101795196533203,32,4830,22107.735261012047,1029.0,6141.65909377121,39,41,36,39
5137.338533960155,1403.163720386655,3.846687450353545e-05,-5.337830583062737,-10.72601544508634,0.0015053749084472656,23,5645,27456.165214705536,1209.0,8636.658014745075,37,31,35,29
6511.570261294692,1813.17056956358,4.0991351633164095e-05,-3.8356246439573187,-7.35998357086369,0.0010001659393310547,18,8301,32423.540680462735,1809.0,10603.30532487426,35,25,32,24
7636.70767088295,2185.0683083274666,6.722393623517026e-05,-3.4506308231096945,-6.812235269444215,0.00099945068359375,14,10267,36706.86693203809,2240.0,13689.19653433704,32,20,28,19
7775.956435315245,2188.3908137025924,7.540700792590797e-05,-2.0284161997642722,-4.0441230379468935,0.00099945068359375,12,13231,40144.33118994279,2961.0,13964.346879726407,28,18,25,17
8602.756148954044,2418.778336138912,7.584781953015459e-05,-1.5996349777619336,-3.1602641129205944,0.0010013580322265625,10,15995,42518.259625361105,3695.0,15557.225094167057,26,16,23,15
10887.088222008133,3221.6168948265727,0.00013237551754925238,-1.6687451205912436,-3.428229414223485,0.0009996891021728516,7,20614,54881.806478099206,5008.0,24599.7925558672,21,13,19,11
11223.114553583831,3261.5483429221654,0.00021319877157815475,-0.7227313266227029,-1.5491789059042973,0.0009982585906982422,5,26986,57839.538687590226,7042.0,23174.190277517657,18,10,15,9
2950.865289764328,763.1499952210709,0.0001973784685202877,-2423.0493473153188,-3017.9523898704324,0.0010001659393310547,4,193,9247.329258721556,61.0,3160.9676012308846,7,14,4,12
4085.736221876138,1043.750085995281,0.00017578871756931218,-3089.8729747022044,-3569.324280762437,0.0010116100311279297,4,217,11281.492342500898,62.0,3678.023448239839,10,14,5,13
3863.8358081977876,985.3157550508178,0.00016423849941722986,-5461.014956407279,-6783.389085909496,0.0010006427764892578,4,156,11589.594936354051,54.0,3884.5777973345994,8,14,5,13
4637.536527566048,1172.7007648717697,0.00019066766164873173,-2059.1101134629957,-2336.8643413529167,0.0010025501251220703,4,296,13050.547092930507,89.0,4307.645424518834,10,13,5,12
5080.373144034923,1299.6200066551987,0.00018968124979914461,-2404.0752696908307,-2735.437093342225,0.0010008811950683594,4,300,13997.01929111879,96.0,4729.021436836491,9,13,5,11
4417.357248091566,1132.8207070665048,0.00013816904359227635,-4360.25790748543,-5056.207286928872,0.001001119613647461,4,204,13948.663541614944,67.0,4729.461413444955,11,14,6,13
4831.938195718686,1249.7352052815595,0.00017683537373814362,-2166.3775271631444,-2748.819047911347,0.0055084228515625,4,342,18146.521588260915,114.0,7307.007727405009,9,12,4,11
5720.354860836935,1492.406385483682,0.00017196861998441002,-2467.664355374633,-3048.9566661790477,0.0025131702423095703,4,356,18526.75207616736,110.0,7523.509756117699,10,12,5,11
4729.933057148599,1222.3643118430957,0.0001568846315061638,-1692.1257767600398,-2295.786220414647,0.0009975433349609375,4,415,20136.162318657884,128.0,8064.2197305726,10,12,6,11
5568.379869063485,1418.8884413858784,0.00015701584473682589,-1483.3079013515614,-1902.2250828446638,0.0009989738464355469,4,425,20852.83814715005,131.0,8205.304580302422,10,12,5,11
5884.9835981827,1442.785120121872,0.00018082014139883065,-354.2983081632654,-438.48926038072534,0.0010001659393310547,4,971,28601.5978988503,242.0,11094.965619856051,16,11,7,10
6084.866406234953,1549.9124972005934,0.0001652696426220163,-401.7600069524151,-564.5259881915385,0.002512693405151367,4,941,29476.173760930793,210.0,12709.51668880615,20,12,18,10
6168.855846810204,1516.9958692215948,0.00017680640346255696,-247.13986594508813,-337.86590509691905,0.002004384994506836,4,1141,30102.574872115405,251.0,11459.912547898864,24,11,15,10
6450.14196518714,1661.5961586869482,0.00017638379679627431,-81.32056808588914,-122.94897770192722,0.0025064945220947266,4,1985,31927.39253317304,438.0,11331.582329591889,34,11,34,10
6969.639061472766,1824.9305801389678,0.00014263484836666342,-67.58714855937814,-111.80351559891413,0.0019974708557128906,4,2484,33516.46673432365,538.0,14820.685339611642,45,12,45,10
4638.870610086067,1258.5376245304053,4.0164822040038345e-05,-6.5897548787317115,-13.658223312774425,0.0025043487548828125,25,4726,25147.908265075464,1024.0,7710.229206758402,33,32,26,31
3988.7994871885535,1018.687552548546,2.485248243842291e-05,-5.125295097916493,-10.44804061396673,0.0010006427764892578,33,4776,20417.189160364323,1013.0,5537.4674611706105,38,42,37,40
7148.636943237242,2005.417818057082,8.710758282943805e-05,-3.5925359747683636,-6.9403229106495115,0.0020112991333007812,11,9718,37177.44394480786,2184.0,12712.484547530836,29,17,26,15
7451.515248018977,2088.810641063798,7.142781656776227e-05,-2.9795454605475857,-5.705564587996902,0.0010001659393310547,13,10736,37364.838298108334,2390.0,13438.720052266137,30,19,25,18
8482.842604428442,2453.2370913499817,8.926331049053458e-05,-2.7739950330583856,-5.45158694653067,0.0010001659393310547,10,12548,39465.683584113525,2900.0,14698.831772673897,27,16,24,14
8253.743684715482,2517.006579704047,9.200017073660428e-05,-2.038471153149907,-4.765319308548205,0.0009987354278564453,10,13936,39794.922008594294,3186.0,17235.60608117056,27,16,23,14
8411.392146625689,2408.458419287972,7.165112117311792e-05,-1.9243420203093038,-3.8599531629510926,0.0010080337524414062,11,14677,40692.28587402175,3350.0,15615.419279821224,28,17,24,16
8928.97697803722,2606.9395445571454,0.00011852082590392702,-1.9072248156150624,-4.110834742037495,0.0020203590393066406,8,16615,48502.633734429175,3978.0,21709.40535447173,25,14,19,12
12110.542244139282,3525.1457413968265,0.00016954653334126844,-1.9472578417765054,-3.7488076869310607,0.0020227432250976562,6,21702,58588.67998583263,5172.0,25676.301017203717,21,12,18,10
12381.637162300336,3663.577292529437,0.00016500128252250906,-1.771274985103945,-3.4519030195536926,0.0010051727294921875,6,22483,59395.691309497626,5607.0,26278.887271219668,20,12,17,10
12006.109557662097,3652.09872394967,0.00015215439415733147,-1.6119429697722665,-3.4978835825445467,0.001009225845336914,6,23350,59704.73786140199,5794.0,27603.517648198955,20,12,17,10
12615.363963828973,3826.2132398535346,0.0001984851923620354,-0.8254002180636613,-1.8192634586772525,0.0010073184967041016,5,28798,64461.0869796877,7796.0,28228.617834550416,17,11,14,9
10055.855902717845,3083.6188475545214,0.00028517908075057337,-0.06937617714304678,-0.6296887716101462,0.002000093460083008,4,30286,53801.0714150736,8385.0,19255.158972832985,16,9,13,8
3156.8675571170133,800.6185932811835,0.0001704526035979934,-3702.558423627236,-4049.7467863095,0.0009810924530029297,4,165,9562.73730466806,64.0,3148.4067363752906,7,15,5,13
3306.5352621629586,857.5647078877395,0.00017961509111145775,-3254.5641170490203,-3757.795903586429,0.0009970664978027344,4,185,10174.921154204485,63.0,3510.5905359181997,8,14,5,12
4157.154506840368,1069.2956577074629,0.00017454079640752082,-3534.7904704566067,-3789.115916856007,0.001001596450805664,4,218,11226.891472080011,59.0,3766.6683461794983,9,14,5,13
4393.295341371606,1160.3704709586193,0.00018473278163416612,-2439.080461626313,-3347.415731084859,0.0,4,260,12219.283186064382,69.0,4520.784095416229,11,13,4,12
4852.855322320848,1239.0866970517664,0.00013597426148915734,-9655.010922121668,-11787.51230659287,0.001203775405883789,4,147,12402.114493340094,51.0,4160.2705659580615,7,15,4,13
4216.10230469222,1130.206996054431,0.00019743848532393734,-1129.6765736488715,-1551.0267045393748,0.001001119613647461,4,376,13766.428365501624,110.0,5482.295637485255,10,12,5,11
4668.015761846157,1248.4841434493258,0.00017973895906771634,-1509.8750023729913,-1909.994768240839,0.0019996166229248047,4,374,15157.056144671335,120.0,5981.211221824702,9,12,5,11
4685.28327911107,1232.1891663291017,0.0001704196408004582,-1582.1884340680824,-2002.7046254350971,0.0020067691802978516,4,376,16817.822986113562,119.0,6303.816830168042,10,13,6,11
5343.805797769211,1411.3947461952232,0.00016852447660584575,-1672.8682714577772,-2300.6578924621417,0.0010006427764892578,4,388,17293.15809708296,106.0,6566.1481941701095,11,13,6,11
5417.401849098969,1412.3166677924137,0.000137995970423552,-3917.119669850763,-4667.274392512265,0.0015099048614501953,4,275,17454.615596562897,88.0,6384.940975519747,10,14,5,12
4927.981326598851,1271.7145678051156,0.0001623247139589582,-1728.8781425417008,-2302.34125812969,0.0010080337524414062,4,399,20197.835319702262,115.0,8146.857244423889,11,12,4,11
5679.941024250841,1410.5015984032163,0.00018930986548027095,-374.4713471731066,-483.6894047384072,0.001993417739868164,4,945,27688.636282869484,220.0,10233.855461189043,14,11,6,10
5784.955011990993,1437.52617647607,0.0001937136189824585,-282.26813865567755,-381.214425828378,0.001999378204345703,4,1059,28309.888440792318,240.0,10518.875556134532,19,11,10,10
5713.571190292792,1480.5649503664063,0.00018852117147667865,-293.8059110634159,-406.78225432168244,0.002000093460083008,4,1015,28064.810744264953,267.0,9772.485604392656,12,11,7,10
6272.914341220179,1544.5073490870934,0.00018100375281900532,-149.4049609334559,-205.51999947454422,0.0025119781494140625,4,1445,30683.779254570887,315.0,11657.999423126814,32,11,30,10
6014.867804543881,1649.919323849724,0.00019299056886865868,-77.40319723700028,-136.3570690786579,0.002515554428100586,4,1906,30080.272579697303,390.0,13639.710678446401,31,11,24,9
7192.939141122045,1793.5104923959625,0.00016607887733935343,-97.69732216747119,-141.1601619640008,0.0019991397857666016,4,2160,34422.584882449955,448.0,14830.36563902915,52,12,50,10
6882.828167182501,1716.4520460842052,0.00016693082621496396,-57.636489552757354,-82.62872110458746,0.002571582794189453,4,2567,33562.98973697449,568.0,12422.092232227296,40,11,36,10
7203.005559529235,1860.3469204501955,0.0001949510111664714,-30.298924065922463,-47.30403675745193,0.0020020008087158203,4,3659,35713.36816750884,775.0,15747.68986660814,34,11,33,9
7095.453032452949,1898.9957986907343,0.0001752370624234286,-24.798967577855688,-42.25503673232994,0.0010013580322265625,4,3977,33964.80851464894,860.0,12765.37768028938,41,11,34,9
4980.684476676854,1378.0765987462835,4.535455602030787e-05,-5.932120164348418,-12.325292452389927,0.0020017623901367188,23,5331,27671.829443665585,1142.0,8932.803283526286,35,30,30,28
5195.207047132123,1432.2012172478069,3.922773245107903e-05,-4.093679925664395,-8.296796958569312,0.0019974708557128906,20,6560,28683.11931022014,1421.0,9186.999817574391,35,27,33,26
6221.363452783907,1730.7853108421593,7.49174830517357e-05,-4.2471037050493745,-8.467701534527762,0.0015149116516113281,14,7762,33804.18884031207,1692.0,11746.68614461182,30,20,28,19
6579.1739113943795,1888.9400498421805,6.243927954843952e-05,-4.140784202562153,-8.497193322693061,0.0020852088928222656,15,8066,33116.06477631806,1748.0,11792.029313202955,33,21,28,20
6476.987615132616,1800.6003753315601,4.5007905385695694e-05,-3.2032960488643063,-6.2557646419642365,0.002099752426147461,17,9162,33398.223785861206,1963.0,10822.196483757007,36,24,31,22
7733.427182733185,2145.203306539654,8.328088613412168e-05,-2.6267537271944312,-4.937721986951642,0.0009877681732177734,11,11995,39278.27402447733,2757.0,14018.74025855532,29,17,25,16
9591.318062175804,2744.046303214135,0.00012449709049838057,-3.146133498374245,-6.024466876848497,0.0020203590393066406,8,14063,46178.54121856802,3163.0,20695.773596868195,25,14,21,12
12509.158737114158,3674.8709147270088,0.00016501258059272315,-3.272767679391136,-6.106708959071141,0.0009996891021728516,6,18134,56397.46355358658,4339.0,26045.811819712173,23,12,19,10
12568.855065440197,3678.8566916834898,0.00017062068127489058,-2.8648328934746163,-5.4118442070867445,0.0009992122650146484,6,19445,57758.96295589686,4589.0,26138.55155762387,22,12,19,10
11714.035155221007,3481.4533741813752,0.0001391570286920086,-1.6745083440617474,-3.3488942656054457,0.002064228057861328,7,21692,55799.00689356242,5377.0,24893.70302002963,22,13,18,11
11669.959647602145,3421.886301990095,0.00016809596301570616,-1.0730225724236524,-2.156974320840278,0.0010001659393310547,6,25038,58539.089106030035,6413.0,24871.060507694114,19,12,15,10
10974.181967787594,3152.2540124775983,0.00022336767860683382,-0.48513114039930505,-1.0907208706640317,0.0009992122650146484,5,27727,55479.486182763605,7175.0,21115.019028404153,18,10,14,9
11206.61145514377,3313.9942009104125,0.00029106889107265404,-0.35723193165654243,-0.9419053466146363,0.0010080337524414062,4,30987,61315.26433659925,8472.0,25087.425318811933,16,10,13,8
3950.8934310464056,1033.081235326984,0.00021436975374989218,-2703.193234027112,-2865.5221405175016,0.0020194053649902344,4,222,9827.554751793245,74.0,3499.973466764748,10,13,4,12
4606.903887822694,1167.544294100046,0.00018313233092805904,-2820.87212675875,-3305.352748869689,0.0009992122650146484,4,250,13545.579809740813,87.0,4677.045693025149,8,13,5,12
5287.231859012686,1385.2658683612499,0.00017538017890235207,-4779.148913886445,-5640.873933219788,0.00099945068359375,4,218,13668.794647079678,67.0,5044.525498579732,9,13,5,12
5641.700198233747,1434.7378713791659,0.00016401262848590945,-1770.5354984491175,-2206.561078341419,0.002004384994506836,4,422,20977.68637549718,122.0,8361.092258913923,11,12,6,11
5105.494230618029,1286.8014672112843,0.00017278924012374818,-979.0564589743719,-1337.4095722949555,0.001005411148071289,4,538,22220.696932204624,137.0,7830.684201887732,15,12,4,11
5161.157169650145,1295.7525285215959,0.00013100539327086204,-2139.767898843601,-2721.7538510038626,0.0009996891021728516,4,345,24401.45833386771,103.0,8426.219158211243,11,13,6,12
5839.826187527353,1425.752447965703,0.0001907181414214361,-417.1668999320786,-537.3821656349609,0.0020008087158203125,4,864,28232.96589635806,216.0,11069.828110444083,16,11,6,10
5764.7418203150755,1601.6321320499908,0.00018415407698627365,-88.21972146354713,-152.5392190661293,0.00099945068359375,4,1689,28788.67182109806,382.0,12191.142223483312,28,11,26,9
6654.937946357272,1718.9446753323587,0.00020562896323332266,-84.84079107773069,-122.62622847608137,0.002000093460083008,4,1988,32830.82118909826,430.0,14519.128333218869,40,11,30,9
6277.402029933985,1765.270169655625,0.0001748582740429968,-47.73501902221384,-86.54098270605904,0.0019943714141845703,4,2540,31162.346235090583,551.0,13693.63141181516,35,11,31,9
6870.375145676861,1952.7868832378963,0.00017475574787437532,-18.7609115352183,-35.28947861241794,0.001999378204345703,4,4449,33644.664558975586,962.0,15562.63869866424,37,11,35,9
4697.913661119199,1274.6781668653755,3.6787046650485326e-05,-4.9447000562987045,-9.761737343972024,0.001504659652709961,25,5383,25898.12913025974,1164.0,7988.106918106171,34,33,32,31
5545.64110719981,1565.8317211860328,5.163990113864626e-05,-4.267955944807967,-8.941614009874899,0.002341747283935547,19,6831,30013.397403759252,1475.0,10012.87607789977,34,26,32,24
5957.5022171338,1657.7375923234147,4.6764708013302325e-05,-4.694379743008789,-8.876942190880625,0.001505136489868164,18,7031,30870.823341214997,1541.0,10232.754405929812,34,25,31,23
6185.952744656559,1701.103872964759,8.201062945886678e-05,-4.1018470961344,-7.8223304094295525,0.0025124549865722656,12,8141,35086.38269096653,1783.0,12245.392720104726,29,18,26,17
6755.208767839009,1899.4755548744597,7.129320927078422e-05,-3.9782839592815993,-7.614227467776839,0.0019986629486083984,14,8599,34344.756496821974,1920.0,12317.350053619102,31,20,27,19
6722.17870643449,1968.3287234795896,6.43577279243267e-05,-3.331031284709857,-7.21337657675636,0.0013659000396728516,14,9291,34056.593661860024,1999.0,12630.83874926758,31,20,27,19
8103.747173097011,2384.8705515865126,0.00010125141966357887,-2.5559873046122643,-5.444222314957929,0.0015077590942382812,10,12526,39746.75547685583,2822.0,17632.2024051279,28,16,23,14
9056.666094820725,2598.9953133555973,0.00011214291409833954,-2.5564753916429077,-5.028863637931386,0.0015056133270263672,9,14332,43416.069024719094,3313.0,19426.23807959244,26,15,21,13
10838.835825474442,3182.6921309584086,0.0001390854375920875,-2.7413180083019486,-5.3767354448049245,0.001506805419921875,7,16760,50717.837892622985,3981.0,23194.23689344831,23,13,20,11
11749.035072404371,3427.578036402501,0.00013954857487580698,-2.5234924383332293,-4.716977662721039,0.0005064010620117188,7,18433,52734.95189434318,4384.0,23489.045595513977,22,13,19,11
12184.638387542589,3562.698358244107,0.00021666213178763788,-1.9933853657831357,-3.866208511528768,0.0015070438385009766,5,22712,62288.06647521431,5624.0,27588.403305596643,19,11,17,9
13448.878972924125,3972.984027762748,0.0002098268963125882,-2.0085335196581613,-3.7171455441670886,0.0010089874267578125,5,23804,62566.10616781098,6069.0,27668.7176076217,19,11,16,9
11949.223565666698,3598.2806160288637,0.00016931943737884673,-1.3799316495651675,-2.9805450278410475,0.0010075569152832031,6,24767,61185.71308357061,6273.0,27474.831326177373,20,12,17,10
12169.630795958548,3566.4710515208276,0.0002239337504111878,-1.170018490033439,-2.317922146847288,0.0010082721710205078,5,26037,60793.43583390356,6686.0,25742.261592673458,18,11,15,9
10101.765337080331,2967.829362600733,0.00022328028202855507,-0.24506150410408067,-0.8249469715270632,0.0010073184967041016,5,28495,54017.68121707078,7556.0,19923.106271935183,17,10,14,9
9590.786741145554,3433.527988564816,0.0002860048626464021,0.1002015521116596,-0.820440913418194,0.0009999275207519531,4,31387,50523.035321592804,8738.0,20154.260812001892,15,9,12,7
3856.52020621856,988.6591748294069,0.00018534011701022967,-4732.512698976984,-4536.715389994573,0.0,4,170,9699.531868119562,54.0,3229.889474796289,7,14,4,12
3549.5153578057993,923.9852106564302,0.00020431999032615578,-2747.970123739128,-3700.7179646403292,0.001001119613647461,4,206,10792.002049332388,61.0,3864.4201996401325,9,13,4,12
4241.779761936436,1113.6510867800557,0.00019791418415781136,-2894.3322436942376,-3419.065168813253,0.0010004043579101562,4,231,11299.054362999434,72.0,4142.563313804492,8,13,4,12
5094.324869844905,1309.9495585484126,0.00019535572138849807,-3223.9106394015844,-4255.6496412568895,0.0005052089691162109,4,265,13982.878929253948,98.0,4828.006143895123,9,13,4,11
4827.713762248725,1226.4476182249211,0.0001519678152977493,-3091.6961458629407,-3505.764695533897,0.0015060901641845703,4,243,14233.153090092961,74.0,4631.570411700443,10,14,5,12
5170.315672912854,1319.626508800065,0.0001579737717182213,-5581.592030611542,-7557.790268386333,0.0010004043579101562,4,203,15296.536975071009,60.0,5172.7526915599465,7,14,3,12
5517.940181946259,1398.4478641563476,0.00020053978412494261,-1473.0081070082422,-1726.4745812447366,0.0009996891021728516,4,433,17465.163971118847,133.0,5977.578950568684,10,12,5,11
5541.981751441055,1479.4537898717685,0.00016472969706310324,-2924.819413864049,-3813.452173237417,0.0009922981262207031,4,313,18720.503365907905,117.0,7432.485565203951,9,13,6,11
5192.399476126367,1347.6489369680871,0.00018419179719435797,-953.7118134512532,-1259.1556599342973,0.0019991397857666016,4,499,19819.93483981156,166.0,6974.079132085446,12,12,7,10
4731.54873152259,1218.382738479573,0.00019852704528011442,-697.187720158983,-957.74162616727,0.0019991397857666016,4,609,20904.2363367648,165.0,8866.815541810232,11,12,7,10
5322.343956977358,1354.009447141378,0.00017515083127742643,-1060.6949224779573,-1434.9491586176694,0.0,4,506,21558.91129831711,150.0,7400.997536853345,12,12,7,11
4836.805135152139,1221.6445876848736,0.00015565650016096695,-739.5374150013954,-1008.7404051059522,0.0009999275207519531,4,580,22106.134003178595,166.0,8620.431132518872,12,12,6,11
4948.52208214243,1242.4557216112332,0.00019824028695433635,-1001.2421095517894,-1426.6654500405075,0.0010063648223876953,4,509,23624.57074401998,166.0,9980.032732336658,12,12,5,10
5590.101331917808,1405.3063826159635,0.00019217334182368225,-840.272730389012,-1111.1790824983234,0.0009996891021728516,4,595,24090.59192656282,170.0,10164.996201369933,10,12,7,10
5518.565309188224,1530.236859088342,0.0001530590121029712,-466.83318871714886,-759.5044838852036,0.0010001659393310547,4,867,26798.635553931894,193.0,11778.847620864199,25,12,8,10
6294.071326306937,1762.4560024288396,0.00018716227719117775,-47.771729685901484,-89.42237020561045,0.0010058879852294922,4,2542,30961.45202940191,533.0,14211.61462595981,40,11,31,9
6603.470702239649,1772.5122608886,0.00018003259503826042,-37.666603119348046,-64.35139404481056,0.0015037059783935547,4,3119,32341.068670611323,656.0,12389.089986449882,42,11,35,9
5800.704518613806,1624.8666633741745,5.552670487287719e-05,-3.6987836911357386,-7.31421065986134,0.0009992122650146484,17,7546,31492.881013272978,1706.0,10347.54189146454,32,24,30,22
9741.672683403138,2755.6649495495553,0.00013339872345772546,-4.093524516947824,-7.410144791715952,0.0009999275207519531,8,12610,45234.77135388972,2894.0,20183.22339519857,25,14,21,12
7736.112754294637,2228.8432926815794,6.82014240230869e-05,-2.0436329704563185,-4.241722367957718,0.0020160675048828125,12,13018,38029.02246974908,2906.0,14330.83396514978,29,18,25,17
9740.252082725987,2799.6320335850523,0.00013329286041168314,-2.965359292733679,-5.6692256928752505,0.0010216236114501953,8,14792,47407.64087880619,3507.0,21282.998331437426,25,14,21,12
11607.907131690119,3412.0717520728094,0.0001488741961942242,-2.453605056017197,-4.723582735336577,0.0009953975677490234,7,18955,54025.8389773482,4483.0,24411.9271828793,23,13,20,11
11106.885091806087,3330.3732836681975,0.00014450033082804962,-1.2670739985613109,-2.779160143723015,0.0,7,22885,56276.81735097914,5661.0,24953.85635628982,21,13,18,11
12177.750467227163,3764.6737975638257,0.0001875522487730205,-0.8645558122166008,-2.0109049563761143,0.000997304916381836,5,28559,65235.07300432064,7695.0,29359.755224716064,17,11,14,9
9652.185318432117,3260.2809694025736,0.00029977120175912514,-0.02323063787709967,-0.9361187276954257,0.0009992122650146484,4,30290,50776.064054654606,8330.0,18439.58727082633,16,9,13,6
3625.4386435165493,928.6180059176787,0.00021749696252399025,-2975.352357762289,-3167.4722255824736,0.0009989738464355469,4,214,9855.104519362752,74.0,3345.026021565599,9,14,6,12
4983.559859139601,1271.2873970223432,0.00018910739335556198,-3429.160399579844,-3528.345088085556,0.0010001659393310547,4,257,13008.78316567833,82.0,4618.853456732966,9,13,5,12
3753.648742636453,952.4168933555046,0.00019913834274142993,-968.5768048370702,-1322.7844842209922,0.0019989013671875,4,440,16926.4249129281,138.0,5760.593843257953,8,12,6,11
5065.347211384043,1264.284450135994,0.00019431740701807056,-1488.9394828744175,-1641.6808846957802,0.0,4,409,17612.293516440946,139.0,6488.711665773659,8,12,6,11
4968.6943258927195,1236.956776715027,0.00019048873924391762,-1905.5680505513092,-2444.974223338636,0.0009982585906982422,4,360,18703.36847074327,114.0,6895.821247194377,11,12,5,11
5059.554318655644,1267.6743144457146,0.00017565232034009204,-1160.395597358824,-1597.354200050388,0.0019996166229248047,4,487,19078.278578056816,131.0,6932.407350594611,10,12,6,11
4782.8618159299285,1278.380599640433,0.00018600028249307924,-774.7262177323627,-1178.0680735543165,0.0020051002502441406,4,542,20784.991284771273,147.0,8961.715283970752,16,12,5,10
5136.315208569098,1293.9033758375977,0.00021483232756879647,-327.4959888727106,-446.4133166785974,0.0009984970092773438,4,885,23230.59605578925,227.0,8358.703420851842,13,11,9,10
5443.3346172571555,1383.1964135067315,0.00018282090968310547,-564.7100737320776,-826.5796564881123,0.001999378204345703,4,700,26258.07399984342,175.0,11274.93144663731,17,12,4,10
5498.63708896965,1557.4342333339118,0.00019972902551534176,-235.88873402293842,-399.27664773644346,0.0009999275207519531,4,1116,27126.43385524531,259.0,12399.181588755739,17,11,17,9
6019.994646870172,1599.8551443963906,0.00020375313185481115,-126.67881594228713,-201.94848454805165,0.001505136489868164,4,1491,29734.07998425737,323.0,13317.15283280546,32,11,23,9
5934.168585152057,1652.5100115052958,0.0001446503456022054,-117.47715007599037,-210.90388709212658,0.002000093460083008,4,1640,28739.816234855385,338.0,12834.096990414302,48,12,46,10
6502.926350344425,1674.9188508234697,0.00020555390763330218,-57.898305771204775,-90.86028449235329,0.0009999275207519531,4,2381,32282.190970814678,516.0,14149.045803826855,35,11,33,9
6436.736340504253,1748.4240763916384,0.00020247477098144935,-62.248896285665,-107.2799201478533,0.0010209083557128906,4,2311,31311.16831671727,477.0,14313.028511845368,44,11,44,9
6377.713418214308,1762.1138505628066,0.00019198968375028352,-45.798566240102986,-80.2696116486169,0.0009984970092773438,4,2589,31425.011599752917,564.0,14420.091936639823,39,11,32,9
7010.5680045400795,1764.5500426308652,0.00021276547570557968,-43.66190656689153,-63.115068947074604,0.0020003318786621094,4,3083,34244.61098006683,671.0,14645.665759247277,38,11,34,9
4306.333229572423,1132.9170425119275,2.9807649489048692e-05,-4.797904226524984,-9.317866259668097,0.0009989738464355469,29,5058,22895.32251072875,1081.0,6551.856184829558,40,37,34,35
5617.036193823272,1566.9387531428763,5.5388348100203324e-05,-4.9913911413660665,-9.87964197250388,0.0023055076599121094,19,6437,29445.440486786545,1361.0,9704.540616485921,34,26,29,24
6078.675895068386,1744.535087593125,9.044620244414586e-05,-2.8282934268386555,-6.098785875267475,0.0010073184967041016,11,9571,35394.588373476545,2098.0,13094.529094911763,28,17,23,15
6965.403075682533,2135.0186714627534,9.426541373922956e-05,-2.1385681468833098,-5.238236391063279,0.001505136489868164,11,11836,37033.41500891648,2707.0,16270.875315728204,28,17,25,15
8137.768057108784,2330.008939147413,8.789850662770301e-05,-2.433686634239243,-4.725421563530172,0.0009999275207519531,10,12732,38488.847192712965,2931.0,13560.626490888375,27,16,24,14
10095.54033321398,2897.074411635854,0.0001397272849584324,-2.687307377883019,-5.015607967743114,0.0009987354278564453,8,16104,49391.70078699717,3759.0,21917.530170798782,24,14,20,12
10849.29591694291,3129.6405489587414,0.00015344831636929446,-2.9210240500021105,-5.464067944105341,0.0010190010070800781,7,16548,52125.79764780096,4020.0,23308.850727033787,22,13,20,11
12228.768782340963,3647.7335936139284,0.0001657054121606186,-2.0839810092124527,-4.093286706942106,0.0015027523040771484,6,21272,57857.480602806834,5292.0,26332.705955206955,21,12,17,10
13627.643113380189,4011.052315540458,0.0002200873277804529,-2.2987371995945796,-4.233383180436092,0.0009999275207519531,5,22744,61865.117201419336,5665.0,27491.992844944383,20,11,16,9
14229.974444408255,4261.222025417309,0.00020735065226377324,-2.3947781953101797,-4.421560176215456,0.0009999275207519531,5,23437,63847.0002175407,5852.0,29126.076341746142,19,11,16,9
12292.7691004441,3680.826278321523,0.00017224891596827197,-1.140235927864711,-2.337559023624226,0.0010063648223876953,6,25772,59851.79762959164,6585.0,26124.227149414517,19,12,16,10
10491.24168032043,3136.7664610950046,0.0003030217540631203,-0.27571110443107627,-0.9146336716250356,0.001504659652709961,4,29402,53514.85670829487,7929.0,19432.729681393175,16,9,13,8
3671.9826355628347,950.4270806108906,0.00019915715194395199,-3925.2860083639343,-4747.783717964896,0.0,4,168,9272.591283199168,53.0,3163.7279125170853,7,14,5,12
3803.6525953053265,968.3274365996461,0.00020049681549878665,-3346.8061033982353,-3492.9471724911973,0.0,4,187,10320.729961469191,68.0,3436.711785929654,10,14,5,12
4282.751243060522,1098.6396824105595,0.00020580094667947297,-1539.5723021899526,-1946.880536546136,0.0010058879852294922,4,318,14735.640313898424,96.0,5726.86896925041,10,12,6,11
4044.701235427689,1038.7237558129607,0.0002152685350891799,-681.2023452070488,-932.6626738822808,0.0009996891021728516,4,508,15310.925681498451,150.0,5094.756068671773,11,12,8,10
4826.19191567067,1207.2451857497915,0.00020938911541900864,-1379.2793546435669,-1518.8334009906794,0.0010013580322265625,4,390,16058.536355921962,117.0,5840.304656350945,10,12,5,11
4870.8287586653405,1217.1143305958562,0.00021220105456595475,-1743.6836245727554,-2029.7865860506427,0.0009996891021728516,4,358,16606.70274410111,108.0,5964.76066294366,9,12,5,11
5299.359145879656,1353.6472859438948,0.0001597301832461646,-3562.4507486683838,-4443.404636027926,0.0005052089691162109,4,257,16504.248573002682,78.0,6073.948980051344,8,13,5,12
5288.656719955682,1389.4880850611883,0.00020694774745826352,-1220.1908818274585,-1480.0304785656394,0.0009996891021728516,4,459,17167.354450317296,141.0,6407.573408670583,11,12,5,10
5138.673254779972,1292.8656078283377,0.00019131316420894075,-1538.8100434116739,-2040.6264512382922,0.0010001659393310547,4,422,19668.582015902582,123.0,6928.238578833843,10,12,5,11
4975.32861896825,1246.16390321315,0.00017543171801636594,-1115.8199858935532,-1542.9079021525733,0.0010068416595458984,4,481,21777.389407352486,130.0,7801.837762110143,12,12,4,11
4901.100802056037,1200.4209611912565,0.0002098451730974242,-430.9310180782448,-554.642977981415,0.001999378204345703,4,759,23739.706422489427,204.0,9214.70128739459,13,11,6,10
5809.399575088474,1422.4982873144506,0.00019913488555941278,-326.381233610208,-446.0975160767688,0.0019991397857666016,4,972,28181.5613060212,206.0,10844.970205647034,24,11,24,10
6096.687052588167,1602.346026308043,0.00021464073127165994,-91.25538840576431,-143.03827120812224,0.0010004043579101562,4,1777,30197.106654075375,407.0,13528.50494251652,38,11,32,9
6394.222838386114,1586.6850271814656,0.0001657798847572682,-103.07347132776206,-149.25026538676144,0.0010004043579101562,4,1806,31065.856691964782,375.0,12953.548180977392,37,12,33,10
6276.01331908363,1611.5562996653996,0.00018199918761593452,-61.50578225573637,-91.6415335253105,0.0009996891021728516,4,2247,30951.27874030793,498.0,11024.25588362198,39,11,27,10
7158.935481285775,1807.3091065175186,0.00021427644502212365,-22.015553532187145,-32.789208302100214,0.0009999275207519531,4,4301,35437.15024517024,922.0,15063.20565625948,34,11,31,9
7600.660788017177,1888.4704630609301,0.00016354300565551356,-27.841960762031754,-39.943008155033404,0.002530813217163086,4,4190,36353.020031709544,914.0,15592.313072577403,45,12,38,10
4393.87136732882,1200.388036436707,4.027754201147826e-05,-5.16319798850529,-11.05003123783083,0.001999378204345703,26,5132,23854.59099400291,1070.0,7176.762016668417,35,33,32,31
6093.897037706249,1766.438079854761,6.708114369652623e-05,-5.033007916633698,-10.554236568389513,0.0009999275207519531,16,6718,30372.12334234249,1447.0,10784.525594346123,32,22,27,21
6193.254292901525,1771.4944233545357,6.304584245113056e-05,-4.32140965140691,-8.942417666540992,0.0010285377502441406,16,7463,30811.690165742108,1601.0,10592.312212276669,31,22,27,21
5805.297670056644,1670.5237028377032,6.769561596497782e-05,-3.7872720992159055,-7.909819335645439,0.0015020370483398438,16,7610,31975.529123401062,1696.0,11457.422531032498,33,22,29,21
6994.999896709049,2006.0754747371054,9.09598456201984e-05,-3.718952158334962,-7.430135580517712,0.001997709274291992,11,9162,34823.792680872255,2015.0,12918.6204127917,28,17,25,15
7064.404345587343,2114.285703803413,9.744105152005372e-05,-3.1194642171962936,-6.847431046801895,0.001001119613647461,11,10220,35845.226363491325,2317.0,15700.039827630055,28,17,25,15
9253.950299103237,2610.242661243472,0.00012090974501186236,-3.462049715849812,-6.327818318326327,0.001505136489868164,9,12639,42786.916196353704,2870.0,18742.589859912427,27,15,23,13
9606.605031285788,2744.577351323772,0.00013272413139908486,-3.4834913002948795,-6.559127811438898,0.0010075569152832031,8,13489,45132.34441941486,3188.0,20229.165370635164,26,14,21,12
8870.573127831347,2550.702422868038,0.00011640216483856271,-2.5570175615011648,-5.102634504478345,0.0010001659393310547,9,14192,42760.8061311083,3205.0,19198.70046986497,27,15,23,13
10287.330731776618,2932.5679348107897,0.00013663334122154485,-2.7416593912607103,-5.014472858830535,0.0009980201721191406,8,15843,48103.80884388386,3662.0,21056.30845842611,24,14,20,12
9664.649362489285,2854.054844720633,0.00011641820064639839,-1.791223880276977,-3.7788358953061048,0.0009996891021728516,8,17355,45584.761353540496,4155.0,20684.056863900398,24,14,19,12
11240.990818462978,3282.488322108574,0.0001323970022181834,-2.38505537019189,-4.5167860952015,0.0010170936584472656,8,17922,49878.475055645555,4242.0,22320.135192259688,24,14,19,12
12371.468779027342,3679.5605281787493,0.0001786341528258906,-2.365224426138859,-4.6302632764898695,0.0009975433349609375,6,20948,58833.22325724696,5132.0,26880.87667767627,21,12,18,10
13457.967935426315,3958.272212498232,0.0002203845764756197,-2.4750674320607526,-4.4949772978898865,0.0010001659393310547,5,22060,61671.93520077545,5454.0,27591.994918240052,20,11,16,9
12455.24637722746,3716.9690762343193,0.00020853646298553378,-1.4902616766183687,-2.9721447224093276,0.0009999275207519531,5,25142,62400.889916998334,6391.0,27645.853107132338,18,11,16,9
12532.944399614309,3704.6281174670517,0.00029009446086677624,-1.0491371068875734,-2.0719928193560384,0.0010013580322265625,4,28141,63838.86298946213,7377.0,27266.922892557195,17,10,14,8
9158.101849692059,3410.356653148845,0.00029641305584175086,0.12555617178864564,-0.9908199528392478,0.00099945068359375,4,31144,49109.148070980475,8587.0,22069.762464805786,15,9,12,7
3965.84461412857,1016.5354347928214,0.0002110007371601856,-1755.6554314571995,-1882.1410791622152,0.0,4,260,11008.06670207108,77.0,3863.893534592671,11,13,6,12
4204.967914977118,1064.9968132807624,0.00014616826659480462,-4865.472060433724,-4873.5337947614735,0.0009999275207519531,4,178,11937.8361955745,65.0,3929.9619395949176,7,15,4,13
4963.561907059726,1248.0425275028551,0.00022711622685809085,-1858.6486312422157,-1826.913675899448,0.0009999275207519531,4,351,13932.479617626163,108.0,5183.624899310627,10,12,4,11
5039.022777144566,1292.8866744052502,0.0002214556759212063,-1251.9003417767562,-1410.2912961118868,0.0010008811950683594,4,427,15325.161140109687,137.0,5175.376504906701,10,12,5,10
4593.391948315645,1161.3452636776703,0.00015158748812839327,-5922.767735051831,-7394.034477775015,0.0015234947204589844,4,204,15328.87312995541,66.0,4921.44162706552,10,14,4,12
5018.862461565663,1341.579386096329,0.000226139857939592,-1370.1247514593053,-1624.8385902608059,0.0010001659393310547,4,406,16721.735817895973,139.0,7185.281822896966,10,12,5,10
5311.125366193875,1317.9875027636197,0.00020008228975916753,-765.1887561559573,-1054.9599988010002,0.0010004043579101562,4,627,23741.93541959579,164.0,9848.120012173691,14,12,5,10
5295.885070158219,1290.1201481604307,0.00020715940195580138,-657.3012508896743,-812.9622300482482,0.001999378204345703,4,665,24978.94650633914,174.0,9885.020459931213,12,11,6,10
5335.84564931706,1300.5079994203766,0.00020468491548889344,-769.7618572530157,-988.5239994211985,0.001997709274291992,4,623,25560.687175284424,177.0,10136.096186392504,11,11,5,10
5224.914517619145,1434.0430646583077,0.00021698953361081093,-235.54168837137405,-390.65929649987476,0.002424001693725586,4,1019,25778.115896743177,260.0,11670.911698926135,15,11,7,9
6047.143771597354,1525.678177072118,0.0001857772784431939,-101.32904168026941,-149.3476250216524,0.0014998912811279297,4,1701,29626.63366765569,371.0,10747.502512733066,34,11,28,10
6432.003838849039,1707.54084634777,0.0002099682498046652,-62.68823509340251,-102.23600477053219,0.0005109310150146484,4,2298,31554.593595345585,493.0,14273.91543199389,42,11,33,9
6840.288052382016,1729.0720164748484,0.000231444416634458,-28.994074920293993,-44.22887120032865,0.0020029544830322266,4,3546,33650.14320918356,754.0,13756.6481452986,36,11,28,9
4547.646453296998,1244.6999353850524,4.3192216056053496e-05,-6.611635951507576,-14.395828509647803,0.002594470977783203,26,4646,23316.97585058263,1014.0,7075.8614378276625,34,33,28,31
4838.446014346753,1336.8360168211875,4.744095264560954e-05,-5.715488425800575,-11.516623476121149,0.0009999275207519531,24,5158,25966.334166531717,1168.0,8277.748061818798,36,31,31,29
5250.595163303036,1494.0518501697188,6.063421922843998e-05,-4.545159554222017,-9.690776241968454,0.002016782760620117,18,6249,28435.459551382646,1380.0,9404.535982308067,30,24,26,23
5938.695720473487,1644.0111752562673,8.110432501124111e-05,-4.810654182673249,-9.234536072657901,0.0010633468627929688,14,7009,32159.03524810482,1531.0,10926.275323949143,32,20,23,19
7641.907328935203,2165.2462451966862,0.00010455760153246008,-3.210436937807523,-6.165200282443951,0.0009999275207519531,11,10654,37769.687283308245,2397.0,16206.005150056611,28,17,24,15
8263.16886151567,2381.7614102645057,0.00010892860599196811,-2.997755932641704,-5.852243003187754,0.0009996891021728516,10,11951,39143.51374112472,2694.0,17341.579530026924,26,16,24,14
8904.86004608769,2530.495514563551,0.00010919251781034234,-3.02427800638427,-5.5300520537092135,0.0010132789611816406,10,12757,40779.620646369236,2931.0,17707.20146837239,26,16,23,14
10616.744277726293,3000.3491989618674,0.0001491942849263484,-3.472362941947954,-6.17787505516886,0.0009996891021728516,8,14560,47597.7802201632,3314.0,20627.64535074579,24,14,20,12
11091.811584382236,3173.6821653666916,0.000154579028838851,-2.7541274086213607,-4.969358911352319,0.0010004043579101562,7,16890,50777.63760866554,3958.0,22148.613526979665,23,13,19,11
11688.917452307545,3423.6263595812666,0.00015416193011714982,-2.2115155942050397,-4.2077459242535955,0.0009984970092773438,7,19474,53480.447760019204,4794.0,23693.660955309315,22,13,19,11
11748.016203060944,3434.9452964378597,0.0001756604459660766,-1.7631310901620676,-3.32695170380821,0.0010001659393310547,6,21601,56004.62857870311,5257.0,24337.583936288996,20,12,17,10
13778.869266992084,4059.4779002885416,0.00022898163257452941,-2.2427614928753985,-4.0905724238388785,0.0010066032409667969,5,23423,62508.873091649875,5830.0,27811.733883923793,19,11,16,9
13251.96668481259,3899.4338099848565,0.00021318015130004236,-1.780190159901812,-3.2257420803054915,0.0009992122650146484,5,24192,60895.51014199676,6193.0,26554.601525825463,19,11,16,9
13151.16079681548,3800.2340577335444,0.00029299582872155405,-1.5343901483720304,-2.7083085860932354,0.0005049705505371094,4,25446,60137.99265369093,6506.0,25256.044384787223,18,10,14,8
9081.790780819932,3267.6689767029325,0.0002507487976595789,-0.15958582009010747,-1.5969513919909781,0.0,5,26591,46805.61901664707,6961.0,20226.10450027313,17,10,14,8
11331.272920502659,3261.791020622938,0.0003122984800190985,-0.6597756141187665,-1.3195086128498068,0.0010058879852294922,4,27671,55575.6247045059,7390.0,21417.714386301086,17,9,14,8
3757.873556815147,961.7213867156722,0.00024566785061736764,-2818.447483669714,-3024.548422889151,0.0015044212341308594,4,217,9584.585172541629,64.0,3374.5887847488193,10,13,5,12
4800.298934319193,1210.7795837978495,0.0001645951481437493,-2479.740674776043,-2777.3464543523482,0.0010018348693847656,4,303,16116.672819633586,89.0,5610.1615817581405,10,13,6,12
5022.7290202803515,1336.465907761,0.00021222523952811302,-912.8460711350522,-1212.343648849216,0.0010001659393310547,4,508,17131.627952426465,153.0,6626.37619457867,12,12,6,10
5256.2200793723605,1330.5663301156949,0.00019846423246226306,-1438.5278266112591,-1790.8045686319088,0.0,4,412,18004.914074425753,121.0,6186.844152505706,13,12,6,11
5319.222706039985,1323.54226049887,0.00022353142901038468,-725.8892891103818,-884.0214466713109,0.0010159015655517578,4,612,20407.82460370555,168.0,8410.557279745157,11,12,7,10
4951.176616409105,1242.7850703982874,0.00020365581384815194,-784.57021716501,-1032.0047037007557,0.0019986629486083984,4,576,22476.356654998286,160.0,9436.182324178993,9,12,4,10
4810.164877917757,1194.726129898548,0.0001996944680934426,-617.5468865116798,-865.254375590011,0.0025451183319091797,4,661,23093.409264278325,163.0,9514.402576169156,14,12,4,10
4869.319373234242,1201.1858315027944,0.00021970851897852275,-530.4732909168364,-685.1023069715881,0.001996278762817383,4,678,23563.4235203773,186.0,8811.700528645317,13,11,5,10
5121.403042547523,1412.9728953067665,0.00022137844012666942,-336.56603980117734,-546.424131317823,0.0019986629486083984,4,841,25093.706931281522,226.0,11381.44961547263,19,11,5,9
5583.546763154155,1493.0974832189681,0.00021805197237877426,-183.64708267460122,-295.30977287924577,0.002000093460083008,4,1185,27493.809844872827,257.0,12349.433402752271,31,11,18,9
5792.013598958649,1524.9487522375905,0.00022303682132374529,-180.67160247625807,-284.1953018289106,0.0021431446075439453,4,1202,28472.944707798364,276.0,12724.223493253525,28,11,17,9
6089.779788529908,1605.285229374109,0.0002119457643359409,-103.93247451138251,-159.9582980344817,0.0020034313201904297,4,1704,30070.907726590427,367.0,13473.558937677903,39,11,30,9
6058.308241059964,1636.4156532277757,0.00020602661597560486,-69.09285005878725,-116.26414623491647,0.0019998550415039062,4,2085,30005.782438770093,439.0,13575.125065750319,40,11,31,9
6310.681558824541,1673.0051143281285,0.00020858354819454017,-66.0376229791286,-106.83919488836246,0.001996755599975586,4,2200,31016.285041908886,456.0,13993.681414318133,36,11,33,9
6699.217577590981,1698.507263291132,0.0002164836364740407,-39.00669900949386,-57.7651778907354,0.0015056133270263672,4,2939,33180.94518520058,640.0,14295.281654434657,34,11,29,9
6868.653956479755,1741.735767469722,0.0002186563947944305,-34.20673887628128,-50.72404780571627,0.0019843578338623047,4,3298,33803.69939801965,702.0,14631.948974586907,38,11,34,9
4455.76789330532,1255.3827235779295,5.2986587101173596e-05,-5.489233106712955,-12.995646040681294,0.0020055770874023438,22,4986,24788.21063240291,1058.0,8207.174001815365,31,29,23,27
4326.3231506946895,1204.8822198394803,5.0462760501253456e-05,-4.7125650495616735,-10.482853551680522,0.001024484634399414,24,5332,24752.03260221913,1144.0,8051.371821678217,34,31,29,29
6199.143888574896,1744.1013050348433,8.625470360297176e-05,-5.101881026000356,-9.914337893641147,0.0013196468353271484,14,6980,31499.14202968197,1564.0,10627.828746475108,29,20,27,18
6046.905348069203,1791.8241992597689,9.11131828195781e-05,-2.203479783563402,-5.1661838536159745,0.000997304916381836,11,10465,35216.21102083381,2398.0,13957.502482257267,28,17,23,15
7859.469434539692,2217.4895707736396,0.0001104584110373005,-2.4124900832255314,-4.792481979511978,0.0010001659393310547,10,12686,40397.82940139199,2884.0,17428.36552459786,26,16,22,14
8736.25225579002,2478.9897819991097,0.00011950544903277399,-2.678299315715249,-5.010895847683797,0.001001119613647461,9,13567,43146.48184400582,3161.0,19001.572881522356,25,15,21,13
9391.166990436182,2712.379399523653,0.00011791306729472052,-2.1797928358389216,-4.211108625991806,0.0010001659393310547,9,15541,44344.62211236437,3663.0,19657.76928290313,25,15,21,13
10986.311906964553,3153.434068445454,0.0001608650194362677,-2.026490441914984,-3.750987308028722,0.0010001659393310547,7,18965,52113.77907771358,4556.0,22343.59730333992,22,13,18,11
11709.559226690579,3688.7423804431132,0.00013865875700315168,-0.923922117647122,-2.326657551921348,0.0009989738464355469,6,25578,56216.93388494434,6697.0,25964.06479174694,20,12,16,10
11124.927202704039,3295.8008722530403,0.00021872953290675255,-0.5503624993528184,-1.3199368021701563,0.0,5,28185,57753.89397699849,7449.0,23605.616915534752,17,11,14,9
10864.400350038442,4553.001169161221,0.00038802551622323756,-0.08635724360498465,-1.9437915371935692,0.0010061264038085938,4,33229,63370.94382002061,9556.0,35854.59492308911,14,8,11,6
3508.6713347519735,892.445923367672,0.0002450502216108585,-2118.141380523983,-2093.183858970856,0.0009999275207519531,4,228,9559.600641206893,92.0,3103.584029090759,6,13,5,11
4180.3107926025605,1075.7875911846988,0.00021247339540553768,-2091.8612602805324,-2681.0931148771915,0.0009999275207519531,4,278,12515.63665156112,88.0,4304.329561446575,9,13,5,11
4653.353035341292,1209.9519624171335,0.0002099985553759037,-1336.933894304114,-1506.0684725151252,0.0005059242248535156,4,384,13568.49381633993,120.0,5270.879249033851,9,12,6,11
4829.540659965206,1263.0899568826487,0.0001644538061626299,-4291.952900177391,-5672.301852584614,0.0009999275207519531,4,237,14736.186811178908,76.0,5544.081019495199,9,13,4,12
3440.116098415333,938.6433842782981,0.0002241094430500475,-762.2933949590333,-1216.6881422404647,0.0009996891021728516,4,455,15448.56628440243,145.0,6592.963467940292,9,12,7,10
5341.259813269768,1342.1258994729562,0.00023227884692471798,-768.66725347836,-872.8005604693866,0.0005061626434326172,4,574,18017.906918401608,171.0,7427.665240543898,9,12,7,10
3849.108745606236,976.4427621624311,0.00022324978840133208,-732.6259152998828,-903.529788952586,0.0019989013671875,4,484,18424.936043517024,160.0,7684.500815939242,10,12,5,10
5047.539677402196,1310.1538656079204,0.0001991449275194872,-993.9659060855206,-1316.182513766396,0.0009987354278564453,4,497,18310.86988722512,134.0,6466.576964530803,12,12,6,10
4822.339174801575,1283.127844329766,0.00020958670587582675,-1006.4343746601621,-1422.257438301955,0.0010097026824951172,4,458,18858.328768717543,137.0,8140.043098493519,9,12,6,10
5501.631808851715,1505.1452499609923,0.00019077420541804328,-1278.0997549738747,-1865.2158318646318,0.0010006427764892578,4,476,19395.12201393263,151.0,8409.941467203647,11,12,5,10
4751.705237475416,1236.550665119849,0.00020146418420124458,-819.5719678953936,-1168.090752176282,0.0010068416595458984,4,528,21964.484405165203,145.0,9536.31496951176,17,12,6,10
5369.460873184105,1372.7804207872896,0.0002311765351591244,-158.006235160033,-219.67292000511063,0.0010063648223876953,4,1268,26720.05701586683,321.0,11541.596398354548,20,11,7,9
5341.464615933728,1454.4618251604795,0.0002144731183731143,-150.31396655263887,-247.59560847154046,0.00150299072265625,4,1238,26526.731909048824,275.0,11978.948446921837,20,11,8,9
5889.283806446,1478.6787175780587,0.0002441617929208268,-110.90557498838494,-156.2768671579343,0.001997232437133789,4,1508,29146.8923181072,333.0,12223.19036455598,29,11,11,9
6955.35966874707,1748.5126617350609,0.0002292308527611424,-26.582955773550978,-39.33702464284482,0.0010058879852294922,4,3843,34079.774769972224,838.0,14247.071872407658,37,11,30,9
5377.974725669224,1536.997800777532,6.143065828944926e-05,-3.563927138945828,-7.63799284750649,0.0009996891021728516,17,7081,29531.76022048008,1578.0,9914.739271044906,31,23,28,22
5670.464326912797,1633.8613542403048,6.99900948710359e-05,-3.541423609289456,-7.551517089340178,0.0010061264038085938,15,7706,31135.243987369224,1742.0,11131.735917217062,29,21,26,20
6233.012879859669,1765.3570155541015,8.678232456519598e-05,-3.414107528370238,-6.926737517622999,0.0015065670013427734,14,8709,33225.88852786473,1882.0,11573.121808458713,32,20,26,18
8486.13392548891,2350.606121441742,0.00013077621393391072,-4.504570839304981,-7.938685101719209,0.0010058879852294922,9,10408,40222.444958919215,2308.0,17378.640925325984,26,15,21,13
6897.09519194194,2049.375686260532,0.0001003789229605468,-2.308408890064274,-5.185300520411,0.0010039806365966797,11,11352,36416.55885140252,2542.0,15894.852156413428,27,17,21,15
8031.77430867287,2422.9387561350445,9.782259881847969e-05,-2.6181523292129567,-5.666429262518016,0.0024881362915039062,11,12093,36607.08476475662,2718.0,16030.965156613573,28,17,23,15
11610.909111325778,3261.8700997808814,0.00020653787043135386,-3.5733640208827167,-6.076343483085844,0.0010027885437011719,6,16135,52182.11042281601,3803.0,22466.87223233348,22,12,19,10
11530.865630967508,3345.2880653909506,0.00015496200772131095,-2.4457024865185124,-4.476369941872236,0.0009992122650146484,7,18355,51916.354215711384,4421.0,22840.54370056388,22,13,18,11
11067.389745378072,3117.9583785572395,0.00020608519163329582,-1.9660635578736612,-3.4657405953853795,0.001998424530029297,6,19613,51993.56736593113,4765.0,21363.805445838807,21,12,17,10
12952.639841446382,3757.1780753570265,0.00023528496962672992,-2.0762750818834514,-3.7608075863040895,0.0010042190551757812,5,22389,58510.74917801253,5553.0,25198.435660411196,20,11,16,9
12106.96891507898,3456.4322070792123,0.00024371467706693246,-1.5104328407520295,-2.649929829615412,0.00099945068359375,5,23040,54849.49878034534,5859.0,22331.58098111125,19,10,16,9
12197.583988521907,3697.257030302152,0.00016577764274865254,-1.4513772408994705,-2.991824621806578,0.00099945068359375,6,24048,58526.3727971008,6156.0,26352.05158532552,20,12,17,10
13081.089854779197,3818.7026046414626,0.00030011531864105787,-1.6453464105653444,-2.957909102737444,0.0010001659393310547,4,25210,61582.860446700324,6555.0,26345.999384235998,18,10,15,8
9112.81454438874,3193.716147849964,0.0003063426165788725,0.07259021678948863,-0.8709219216006443,0.0009999275207519531,4,30719,49779.5502482403,8473.0,19089.51104029793,16,9,13,7
3537.2472334670797,918.4581516187299,0.00023173593323118913,-1368.6644832549428,-1932.4466982554823,0.0,4,288,10961.344501872283,84.0,3884.237240399206,10,13,5,11
4792.421367728527,1267.0541647023445,0.00023446355570833253,-1632.466077539189,-2124.0571950763465,0.0010073184967041016,4,372,16910.2939666142,126.0,7282.733968225868,10,12,4,10
5214.076015400594,1351.304018651641,0.00022274072519484222,-887.4251618082573,-1066.1186225627234,0.0009996891021728516,4,530,17613.786165739402,146.0,7438.08767921105,11,12,7,10
4061.307259491053,1078.4763249160917,0.0002033839291896129,-1016.4971769639499,-1516.7698215127577,0.0020198822021484375,4,432,19214.90549634657,130.0,7448.163203796508,11,12,5,10
4200.648632837128,1180.6330647492725,0.00024379426447015398,-401.0961247582588,-650.5839975691139,0.0010068416595458984,4,728,20586.292151687692,216.0,9213.603556250371,10,11,5,9
4841.450739960513,1196.9294207419634,0.00021092224433538425,-598.3265348295195,-744.9510029116965,0.001997232437133789,4,611,22672.149782578315,176.0,9332.510545963614,12,12,7,10
4633.216807173538,1281.1248930763609,0.00022762141092876346,-316.2246816920239,-546.4492730589915,0.0019996166229248047,4,809,22774.9390428033,219.0,9632.503591648776,13,11,8,9
5820.6969379729135,1636.9650506044734,0.0001930634862049566,-47.25909857372193,-85.94056450771484,0.00099945068359375,4,2382,28927.726377480147,501.0,13221.86093283828,35,11,31,9
6515.1446421359515,1693.3614132178452,0.0002149139543938244,-36.765760993725976,-57.05307935677296,0.0025124549865722656,4,2968,32380.379341932392,635.0,14361.926146764032,33,11,33,9
6775.791108841098,1710.0905124893486,0.00022320907431162682,-35.77746712224136,-52.815401752216395,0.0019991397857666016,4,3156,33246.0009261144,692.0,14266.906856559435,38,11,34,9
5164.791273972815,1453.6971395542205,6.06341730631067e-05,-5.153676614939514,-10.64805125701629,0.0009992122650146484,19,5762,27215.29321103244,1220.0,8906.920633065933,33,25,27,24
5863.89088141849,1651.7457303660888,7.477920385103506e-05,-4.61045535382044,-9.20650715092256,0.002023935317993164,15,6817,30359.79146038443,1545.0,10634.442382729845,29,21,26,20
6145.598843011913,1722.921478919289,8.588260706151652e-05,-4.506427100198598,-8.834176126806272,0.0020008087158203125,14,7251,31620.909024947832,1595.0,10518.962354572173,30,20,26,18
6581.0956439476795,1912.6321777401122,0.00010167346562738324,-4.396654018682281,-8.94563814880952,0.0010001659393310547,12,7944,32937.9914273,1744.0,14002.82902406835,28,18,26,16
6232.592284852665,1861.7336397930108,8.991455251804676e-05,-2.9896396082389978,-6.752851265367944,0.0009980201721191406,13,8971,32884.37346687149,2031.0,13183.874843411759,29,19,25,17
9172.012952351743,2546.9704320073297,0.00014324730936207715,-3.347157278269539,-5.862474899625974,0.0015032291412353516,9,12888,43236.68346530279,2939.0,18140.342460106018,24,15,23,13
8868.020733665251,2496.7355784311035,0.00014816474844637565,-3.130844562873313,-5.80523762626497,0.0020036697387695312,8,13467,45454.14743553384,3047.0,19783.16230311645,25,14,21,12
10099.041994959141,2877.15919648187,0.00015065223036062013,-3.171845051456552,-5.72920698431153,0.0009996891021728516,8,14701,47328.17221817681,3482.0,20672.706265959176,24,14,20,12
10334.471540074892,2945.2010781108306,0.0001388553518427819,-2.799795919789455,-5.105000253516224,0.0,8,15607,46793.35471363392,3608.0,20340.631356003323,24,14,21,12
11411.280604974414,3258.541632256322,0.0001660340231872804,-2.8738194519600526,-5.014380477195031,0.0,7,17021,50540.50611634944,4092.0,21835.008967756105,22,13,20,11
10245.343081719875,2917.3922741610077,0.00016319968992650283,-2.068908775582631,-3.8573340582293643,0.0010006427764892578,7,17888,50655.37367217187,4290.0,21609.039273610375,22,13,19,11
11532.264047855999,3285.476563017393,0.0002068982610815941,-2.5058848222821375,-4.4625355047005195,0.001003265380859375,6,18767,54278.867839848535,4530.0,23309.95987717936,21,12,17,10
11383.28749791378,3405.138297109233,0.00014601923306762013,-1.7985401929716391,-3.6363374997374995,0.0015227794647216797,7,20331,52680.88747583941,4976.0,23700.684321522844,22,13,18,11
12186.451421061132,3514.1822081067166,0.00023458085919128034,-2.0578804379588744,-3.669119200188777,0.0009832382202148438,5,21587,57453.738447630385,5427.0,24642.041577331067,19,11,16,9
12094.562265717153,3532.8965551503566,0.0002937344325974564,-0.8841263006265376,-1.7586974133455735,0.0010001659393310547,4,27641,59043.00518810311,7177.0,24399.27343099253,17,10,14,8
9787.402925296305,3571.593473465894,0.000308231534525112,-0.1370016208560989,-1.485373413607677,0.0010039806365966797,4,28478,47490.53590202371,7739.0,21779.46050327517,16,9,13,7
10207.368343715127,3764.4462050989514,0.00032548616818555245,-0.11499775663522471,-1.4529473962154174,0.0010075569152832031,4,29818,48064.53600632964,8259.0,21908.2787134947,16,9,13,7
9448.886151055303,3971.390206265863,0.00036345660354026514,0.1890104581282841,-1.2523402910578403,0.0009999275207519531,4,32535,50715.3798026848,9181.0,28665.024735316445,14,8,11,6
3550.4108931357705,906.5904324582644,0.00024395405341304135,-2331.9512361377338,-2391.449859720644,0.0,4,222,9570.492025358646,70.0,3324.9174047373454,9,13,4,12
4635.477192095617,1175.6370013742592,0.00017758389156506395,-5540.2110815698215,-6185.351699703611,0.0010247230529785156,4,192,11831.13243700401,68.0,3821.316979838859,8,14,4,13
4467.281297040431,1166.756128761143,0.00020214568736406563,-1998.0008068799852,-2433.415055929142,0.0009996891021728516,4,288,13399.385466033069,98.0,4906.313136178039,11,13,4,11
4084.651931923193,1074.4506019948446,0.00022959742099722068,-1046.9866910023804,-1561.1077570794612,0.0010061264038085938,4,404,14638.313311628714,124.0,5470.400361804759,10,12,4,10
4938.96698054286,1238.0788083385592,0.00020187538938664518,-1534.9766335452741,-1907.15395100327,0.0005059242248535156,4,375,16522.42316910404,134.0,5902.480445969311,11,12,5,11
4999.425780898916,1258.2178028425417,0.00019337379836332363,-1756.7035189999824,-2242.011684498618,0.0009999275207519531,4,386,17551.45546816138,108.0,6749.3268590967855,10,12,5,11
4922.789038464661,1258.3492974218013,0.00016510823387026887,-1716.8182519545621,-2296.5212805489236,0.0010075569152832031,4,384,20909.774183155674,117.0,8433.67837374939,12,12,4,11
4670.687125296445,1176.1050461505238,0.00020322862757054307,-622.1650673066663,-853.8341776015144,0.0010001659393310547,4,604,22465.085369610275,164.0,9460.332643924477,12,12,6,10
4933.717920161231,1224.5509207201073,0.00021942617869212072,-406.5531971053794,-536.9662183470774,0.0019941329956054688,4,786,24029.38730553446,205.0,8882.348503801644,17,11,7,10
5188.005090877239,1360.5595329449734,0.0002300817899427251,-191.31697989329393,-296.5545186724572,0.0020041465759277344,4,1164,25752.683967744728,254.0,11361.309955239929,16,11,9,9
5091.389975265014,1399.14422017597,0.00022463878317082302,-167.87912346862106,-286.3036191488769,0.0015082359313964844,4,1171,25353.34432525333,269.0,11499.03316551794,16,11,8,9
5614.256873125863,1436.0376687230626,0.0002529704306920048,-227.31179194369042,-338.4442127858157,0.002000093460083008,4,1082,27576.48306766624,245.0,12119.569515157666,19,11,12,9
5981.156171250879,1552.8608978818331,0.00022669183607762288,-103.48839638924713,-156.61963954431982,0.001999378204345703,4,1631,29409.093296035964,359.0,13054.089331290059,34,11,27,9
6460.12642481474,1647.3100252783124,0.00022552362358206122,-24.15416387834636,-36.651744210098926,0.0010056495666503906,4,3610,32316.728482744315,769.0,12949.74181424555,36,10,27,9
6527.319864428481,1800.293404136574,0.00019478317024699274,-18.712188329310997,-33.5579087216166,0.0010044574737548828,4,4368,32064.03185905558,910.0,14716.235173785215,39,11,39,9
4741.593097772137,1340.9497906538436,6.308585579971614e-05,-4.90867575458007,-10.587858741586926,0.0020051002502441406,20,5489,26175.187667421913,1201.0,8647.059214647596,31,26,28,24
5023.9315800372715,1408.674752071813,6.07892084874825e-05,-4.2902886773539315,-8.811958526577596,0.0015139579772949219,19,6305,28020.500734989375,1371.0,9236.603333258938,34,25,30,24
6367.116980815103,1786.1272594220661,0.00010575740308851565,-3.377539894860652,-6.609026002187832,0.0019991397857666016,12,9002,34760.61870816795,2019.0,14446.65917081682,28,18,24,16
7137.183314061544,2192.9018484948074,9.536391416030727e-05,-1.8692432680439208,-4.582523023429399,0.0009996891021728516,10,12581,36262.697829454184,2890.0,15630.545585690554,27,16,23,14
10681.909709701291,2986.491183561102,0.0001726196193199258,-3.3975946849539413,-5.858260721176844,0.001005411148071289,7,15054,48649.204665180274,3557.0,20839.913730190798,23,13,19,11
13001.318032280442,3745.8717020618374,0.0002463934767611217,-3.135209546141178,-5.534512344767519,0.001508474349975586,5,19437,58320.311400006976,4688.0,25783.82831196928,20,11,17,9
11129.980842319419,3196.981301204058,0.00025585848049885406,-1.0674409635808457,-2.0478408401933446,0.0015079975128173828,5,23935,53433.04142630758,6082.0,21036.06770090807,19,10,16,9
13122.433035082462,3921.3816692240425,0.0002233640483533112,-1.663888534307151,-3.181449181218155,0.0,5,24784,62055.46499429961,6342.0,27579.38130565507,18,11,16,9
12690.687178995966,3809.338360298086,0.0002188688837656487,-1.4623744821016498,-2.860201965701287,0.0009999275207519531,5,25187,62468.56656090812,6515.0,27786.864049599622,18,11,15,9
9932.07875454298,3523.993007631594,0.0003463222867104121,-0.1737648385130821,-1.448178640035377,0.0010004043579101562,4,28917,48719.793012691705,7715.0,21734.27115787145,16,9,13,7
13742.211439971734,5567.740545030023,0.00041266404794738985,-0.621850213035084,-2.999356810442671,0.0009999275207519531,4,34302,75789.97225715722,10173.0,42940.740033820824,13,8,10,6
3289.3388440423146,845.3194034159528,0.00022857252709377804,-2228.0400385545913,-2490.12462742974,0.0009999275207519531,4,216,9471.67740040975,79.0,3270.636013307627,7,13,4,12
3942.9129500822028,995.1139223466021,0.00025561379131653695,-1760.5515735027575,-1791.6580087772634,0.0,4,288,11876.505264905989,107.0,4419.037159778265,9,12,6,11
5021.425330335872,1256.1254560967175,0.00022367328861670326,-1874.129653182187,-2118.3211839980777,0.0012767314910888672,4,357,15563.92884470317,112.0,5535.970753164114,9,12,4,11
5547.702988715967,1363.58477260183,0.00023687684908750187,-760.0870742651479,-902.5472472167073,0.0009963512420654297,4,591,19849.264356838205,170.0,7546.45997265579,12,11,5,10
5383.50377512889,1321.68856868089,0.00023779175478616022,-803.5491567334019,-1026.251767729015,0.0009980201721191406,4,573,20468.870408709932,163.0,7849.261058954977,12,11,6,10
4991.087909419658,1287.6488088888245,0.00021549168153396558,-1304.354539281242,-1798.663599338205,0.0010156631469726562,4,465,20509.451212967855,132.0,8843.55685645069,10,12,5,10
4239.891885312806,1184.6840561371396,0.0002520008035206684,-420.70604263959586,-674.3141460671267,0.0009999275207519531,4,698,20752.204829703907,212.0,9400.10094414117,12,11,5,9
4565.885893748305,1204.6853706234572,0.0001824620814552061,-574.0939222368804,-847.0828877113055,0.0020313262939453125,4,639,22077.834996025485,163.0,9508.516574318885,16,12,7,10
5201.683247343196,1273.671669704902,0.0002027687696873512,-568.1793106033265,-700.5002873360708,0.0019996166229248047,4,706,24993.075728534866,179.0,10083.451162837795,14,11,5,10
5283.908328678872,1342.0382511915548,0.0001813480051198797,-414.1239255930186,-596.6902971950576,0.0009999275207519531,4,833,25647.32975338357,188.0,10927.01792586824,17,12,7,10
5601.727459333759,1390.0156986771349,0.0001958652413033366,-594.1012385584847,-809.4734634986872,0.002000093460083008,4,687,26875.122921179784,157.0,11349.836591233317,17,12,17,10
5147.053363720101,1443.1104893457243,0.00021965835883374908,-197.46793180705595,-344.1503323819442,0.002091646194458008,4,1068,25361.41188146661,241.0,11580.84163030194,25,11,22,9
5621.6300254348,1413.7794335828823,0.00025283756395205975,-139.78523917894486,-197.66947837478756,0.0019998550415039062,4,1369,27690.31397455337,305.0,11356.942217421863,25,11,19,9
5985.433651128853,1526.0252531444912,0.0002466683326301026,-62.2380513611638,-93.65868122638676,0.002009153366088867,4,2067,29622.96041839318,478.0,11878.375809039586,31,10,31,9
6478.661208963203,1633.699543503378,0.00022967224787871538,-34.08288492387899,-50.76247434274592,0.002004861831665039,4,2988,32063.776518650124,630.0,13623.311925577094,39,11,31,9
6239.7827479087455,1644.6863057380647,0.0002355967290814926,-22.87413809310337,-37.41096623697271,0.0019974708557128906,4,3679,31209.34625666297,754.0,12019.109414235543,35,10,32,9
6968.003170871327,1769.212074960828,0.0002183277698352659,-30.108220394641098,-45.945355143207316,0.001997232437133789,4,3548,33176.03218655271,783.0,14342.76982059473,37,11,35,9
6623.056854648304,1914.4158583987194,0.0002541080533786783,-18.861966706518054,-37.484336379603036,0.0009999275207519531,4,4207,33115.39661856994,886.0,16709.441309072325,34,10,28,8
4634.840240140969,1290.673480882656,5.2602528509537995e-05,-6.18563675605507,-13.390523136876801,0.0010004043579101562,24,4716,23448.23127444101,1038.0,7620.176086231278,30,31,27,29
5457.739841782258,1570.7889647440322,9.19561621369314e-05,-4.824285315564193,-10.255037455006965,0.0019991397857666016,14,6409,29703.41652321016,1380.0,10938.594445012684,30,20,24,18
5723.398040224151,1701.5298848052305,9.005098268913331e-05,-3.5416765199076776,-8.23364494791848,0.0015037059783935547,14,7530,30365.554005155584,1679.0,11877.054766645168,28,20,24,18
6447.75779299201,1850.6775866232827,0.00010368388879914777,-3.2027390735841426,-6.706484847840254,0.0010001659393310547,12,9239,34200.937612618996,2030.0,14538.51608352657,29,18,25,16
7287.370142716503,2179.4138143113923,0.00010578226450230404,-3.0940731855741888,-6.578553626027742,0.001999378204345703,10,10414,35039.654297200716,2352.0,15430.530475011423,27,16,23,14
7613.766196600104,2163.808324146037,0.00010913884804394466,-3.123252866717639,-5.918935245342304,0.0010013580322265625,11,10787,37028.63610024685,2496.0,15944.119313208612,27,17,23,15
9415.9861375149,2623.252544095072,0.00016044831968112423,-3.3489268672815875,-5.927368727527121,0.001504659652709961,8,13338,44908.59411278942,3069.0,18955.06157167052,24,14,20,12
10602.735625388368,2949.174366184945,0.0001904113736906303,-2.3083149746370903,-3.821891284871553,0.0009996891021728516,7,17160,47164.123666970605,4122.0,18603.975773128055,22,12,19,11
11564.644254364075,3275.5775168059167,0.00025674196128696664,-2.2625611768554683,-3.8535502952983176,0.0010061264038085938,5,19542,53866.58344942349,4867.0,22504.613141508,20,11,16,9
11818.135326811835,3411.954032154452,0.0003139196577414771,-1.0752375475164753,-2.02722398169752,0.0015056133270263672,4,26119,57410.19913998901,6822.0,23555.822995564296,17,10,14,8
9485.98906442265,3391.6407928166554,0.000327380915648171,-0.04433076954859927,-1.1902161260687802,0.0022068023681640625,4,29326,48793.01415319489,7979.0,21880.115832206633,16,9,13,7
9722.579928606829,3531.038031618544,0.00031853838877906774,-0.0022264871899206895,-1.0910475306615606,0.0015063285827636719,4,30416,49091.09305383137,8424.0,22197.347417160752,15,9,12,7
10679.580494982947,4489.397291857772,0.00038687622958653243,-0.030975811070040438,-1.8172571177506747,0.0010001659393310547,4,32988,58793.99112351174,9290.0,33311.66338669334,14,8,11,6
8068.795187822382,3058.32941306338,0.0003162288294511724,0.42017555323709754,-0.25841275730853086,0.0015060901641845703,4,34248,51209.54045139163,10051.0,21506.591146924824,14,9,11,7
2895.8719902319194,740.2779456984224,0.00027913376966951664,-1220.707968664583,-1497.9410930010604,0.0010008811950683594,4,297,10273.946220275606,91.0,3874.4212694839116,9,12,6,11
4024.225517939834,1031.0170874756463,0.00025524590766588936,-1526.6873954239668,-1747.5271129790217,0.0,4,310,10711.349220220587,96.0,3981.7648820291924,8,12,4,11
4076.1663473334856,1055.1560738848987,0.00021757623303125844,-2094.13345247418,-2416.381194398788,0.0015058517456054688,4,286,12491.470907367742,90.0,4427.416334228255,8,13,3,11
4483.745432740814,1131.0901107981035,0.00023735902974185343,-1386.39977180012,-1759.7637994544293,0.0009999275207519531,4,373,13942.182921135329,107.0,4819.7077697536115,10,12,4,11
5262.570412620327,1310.0888688442656,0.00021258643998637146,-2595.3690989113506,-3323.61699324535,0.0010001659393310547,4,313,17234.921671367607,96.0,6524.944018057449,10,12,5,11
4984.597833187699,1223.238064459371,0.00023336256459154925,-1222.818398270493,-1442.9999356431395,0.0015072822570800781,4,469,21183.377908729293,152.0,8672.262550478525,9,12,5,10
4545.235945277041,1244.7363539631358,0.0002458482798861081,-335.9837413986592,-551.7627744962975,0.0020003318786621094,4,759,20510.977528036496,227.0,9140.320959324737,13,11,5,9
4881.558505537273,1251.7016719936987,0.00026229606568130005,-269.1864498699896,-392.81168313815016,0.002006053924560547,4,908,23994.067340101607,247.0,10408.545678735973,15,11,7,9
5584.955816949491,1520.6266213366705,0.00021071744734315695,-86.69121556241865,-147.91186021769167,0.0015032291412353516,4,1634,27582.147539368867,359.0,12469.430449948683,36,11,28,9
5715.865701153447,1564.669836900705,0.0002571351857662481,-57.09837287203674,-95.15077544775177,0.0009996891021728516,4,2095,28610.646188685587,455.0,11493.695380401463,36,10,25,8
6377.005159207991,1845.9848161008026,0.00025530746316770794,-19.164453752731568,-37.798917086244934,0.0020003318786621094,4,4108,32114.20083670831,860.0,16205.906123134344,33,10,27,8
4089.586378977765,1119.8776668339804,4.368345869543714e-05,-5.055735896068555,-11.01063028002032,0.0009996891021728516,26,4833,22896.52175472065,1017.0,6999.196540913969,35,33,27,31
4652.045284673964,1302.659570428576,5.6662117924241485e-05,-5.722642530056171,-11.898843493862325,0.0010061264038085938,22,5013,25165.866623399736,1100.0,8389.145841650356,31,29,27,27
4556.019006699034,1269.931746757761,4.661772620318111e-05,-4.373631888723904,-9.548273659397173,0.002310514450073242,25,5424,24293.37575890075,1172.0,7682.871773353272,35,32,29,30
5442.885041175059,1555.8486868741948,8.545780176168392e-05,-4.344605842657225,-9.21057796726843,0.0020003318786621094,15,6664,29314.64051795003,1457.0,10128.600661559969,29,21,25,19
6030.248737202509,1773.3996117826969,6.852820975703046e-05,-2.6722203564145364,-5.9580604260702765,0.001007080078125,15,9034,31628.453238875616,1990.0,11579.777036753032,32,21,26,20
7303.8233771700325,2052.9433679651265,0.0001202307265252551,-3.1709231398799522,-6.074619922014818,0.0020003318786621094,10,10642,37857.12113523442,2413.0,16506.1489001777,26,16,23,14
8787.26279509102,2519.011837013395,0.0001219194674887652,-2.278985951055684,-4.40882452259928,0.0010001659393310547,9,14324,42305.24111245411,3347.0,18380.56024586296,25,15,21,13
11020.451022482484,3059.793257216779,0.00021361358356518408,-3.54815661270844,-5.918362328037272,0.000982522964477539,6,15286,48975.871615495475,3582.0,20622.45611335826,22,12,20,10
10216.29061198103,3529.6159704587344,0.00036014333296738305,-0.37070539973343886,-1.7685141567510256,0.0009791851043701172,4,26854,47495.4580569373,7103.0,20887.32373162014,16,9,14,7
4030.4539513142627,1039.162626968595,0.0002449134035432558,-2155.9860402232684,-2382.4698400008183,0.0009999275207519531,4,259,10536.948682506318,77.0,3660.517345862413,9,13,8,11
4344.896273350371,1092.412441452434,0.00026086622827501755,-2001.9015374943128,-2075.703408168616,0.0009992122650146484,4,294,11926.039090762057,91.0,4385.603162398003,9,12,5,11
4178.040646161844,1035.6554775278164,0.0002335772479104073,-833.8454333848478,-1115.2556935947116,0.001069784164428711,4,513,19942.65403290463,146.0,8222.265294463774,9,12,4,10
4839.088131957559,1262.5540678862592,0.00025000533097750715,-502.1823770572232,-659.4840135404095,0.0010161399841308594,4,693,20229.99970967486,211.0,7061.120916210459,9,11,6,9
4258.282780829495,1175.164229591911,0.0002472587688873123,-296.35156899753287,-506.29395907757566,0.002016782760620117,4,801,20980.11665466488,204.0,9430.209976896353,15,11,4,9
4419.193215001813,1240.9599365985755,0.0002453295920542284,-308.22678133957794,-556.1774015903089,0.0015094280242919922,4,806,21752.991127197478,201.0,9887.810577547505,16,11,8,9
5385.645191735754,1322.237368416669,0.00019096583408229422,-361.94780464820076,-495.4548563553452,0.0011210441589355469,4,840,25990.203771437864,195.0,10415.05714330171,24,11,7,10
5180.104485104077,1402.7777281788476,0.0002658476819782843,-95.92327004513469,-161.03870694857463,0.0009999275207519531,4,1555,26085.746086771775,328.0,10078.602795568499,24,10,8,8
5698.849379953952,1508.3957010783893,0.00021540801037849472,-77.67948555701992,-122.69157456257378,0.001999378204345703,4,1785,28325.948618081613,377.0,12635.888556100188,31,11,30,9
7165.578872438178,1831.3354382834798,0.0002337433728356928,-19.312405138501923,-29.27893302564242,0.0010042190551757812,4,4520,32898.42928048781,979.0,13239.658595486544,33,10,29,9
4931.935977815343,1398.5942961393393,5.359191403655047e-05,-4.338926046068506,-9.32926321513607,0.00099945068359375,21,5779,25763.301469038273,1242.0,8633.086702365972,34,28,29,26
8439.560280132517,2338.7944391308383,0.00013143931732697022,-3.8955835566852173,-6.934361138623837,0.0009999275207519531,10,10900,39430.43954959588,2417.0,16784.814918871343,27,16,22,14
9645.391745042189,2745.479526359445,0.00014569765288568583,-3.3347710379866653,-5.927893523155946,0.0009999275207519531,8,13522,44433.24366508312,3200.0,19492.045646196057,23,14,20,12
9562.42772706488,2714.261068985393,0.00023146503653129048,-1.409521064169994,-2.6047447258782226,0.0010001659393310547,6,18596,45098.015577654514,4491.0,16208.114019598484,20,11,17,8
10777.895389730094,3042.074132878049,0.00033475663246605513,-0.9718752233875807,-1.8266196834254846,0.0010066032409667969,4,24261,51198.91484680827,6074.0,19323.203934586512,18,9,15,8
9074.019775118468,3822.345357836723,0.000375389893284732,0.18387721690600511,-1.2814296822145703,0.0,4,32386,51692.87128898378,9059.0,29243.512952061414,14,8,11,6
4028.9329929579962,1028.562898222352,0.00028678453399542513,-1447.38872397383,-1514.2607666484535,0.0,4,315,9781.945487146879,91.0,3621.2776943245462,9,12,6,11
4324.821778437165,1147.64658663853,0.00024297818307494865,-2811.553732267238,-3487.803882182302,0.0009829998016357422,4,243,10876.069904967679,85.0,4196.5974569430255,7,12,3,11
4237.698035583037,1110.3245662611628,0.00022279657246478842,-1835.3663636858064,-2754.928607888009,0.0021088123321533203,4,303,13049.679432366895,91.0,5155.14275782352,9,12,4,11
4309.497856344992,1062.0135986770724,0.000277293829292682,-751.0737047509175,-947.9968952528794,0.0005056858062744141,4,498,16104.512005963086,155.0,6106.843144929804,8,11,5,10
4260.80229955599,1114.2939965180828,0.00023359163115443675,-1305.4114086253746,-2008.7591026737389,0.0010230541229248047,4,383,17061.64930211704,130.0,7291.793626875511,10,12,4,10
4945.528254900901,1243.856567483927,0.00024067629002203454,-1142.3294302092947,-1361.9746804123683,0.00099945068359375,4,479,18117.082397422164,146.0,7569.529847726157,8,12,7,10
5353.165012747932,1332.8147888573922,0.00023688592713854288,-1000.3255369317726,-1348.4112774928008,0.0009996891021728516,4,534,19996.18486676024,145.0,8321.726161517945,10,12,6,10
5242.452052613016,1283.1264978352287,0.0002049609238410666,-697.3351404233778,-843.2691738965934,0.002513885498046875,4,633,25061.988435388652,179.0,10253.195223482267,12,12,10,10
5297.755859372018,1409.8833069755983,0.00023537355751566212,-213.69489225554418,-336.31385470472384,0.0020689964294433594,4,1039,26011.847149668178,232.0,11685.027924970938,34,11,24,9
5606.337214138783,1464.2389706943727,0.00023361152191203401,-163.17454781020248,-259.83709469148545,0.0015106201171875,4,1282,27544.567239684467,277.0,12239.88682120137,37,11,29,9
5994.75312182938,1469.724369178372,0.00018941418054862637,-97.91231820687082,-136.6689040338102,0.0019974708557128906,4,1724,29034.87351090265,382.0,11804.443630201462,38,11,36,10
6039.008440212667,1535.0736486964197,0.00023733408662735876,-69.32759105161145,-101.5074061745347,0.0019981861114501953,4,2026,29834.83967529359,434.0,12884.752617223668,35,11,32,9
5994.11794292968,1725.6615106739848,0.0002712102412124916,-31.180313725581648,-59.38463651120456,0.0019953250885009766,4,2989,30284.334830771397,663.0,15235.868029180449,33,10,27,8
6433.172855213454,1850.3274756083592,0.0002716087007534305,-31.21331430591222,-59.373738220692815,0.0024290084838867188,4,3242,32587.994075438135,693.0,16362.245487944114,29,10,27,8
6199.239864066418,1791.2944364304317,0.0002678632188730973,-25.152646238890068,-49.8331679933685,0.0010080337524414062,4,3399,31203.033997564424,707.0,15764.811299104804,33,10,28,8
4575.706535047939,1303.1505710670467,6.339222224661853e-05,-4.391015134805152,-9.938495101799397,0.002007007598876953,22,5559,25418.04937832756,1215.0,8384.861725038312,33,28,27,26
5086.33807157839,1451.0922230693525,6.668780048734757e-05,-4.002702574426613,-8.562513592593906,0.001007080078125,18,6494,28148.679726637056,1444.0,9570.521875822604,31,24,29,23
5948.37630225995,1753.568019743825,0.00010240307477104526,-4.216298646501472,-9.245807970411427,0.00099945068359375,13,7405,30846.04566362237,1604.0,13047.856636487602,29,19,26,17
6424.766107304988,1874.6587433538587,9.660408691980127e-05,-2.870040010541568,-6.132150831185986,0.0009996891021728516,12,9568,33277.13271670878,2156.0,12635.065533063182,28,18,25,16
8485.375668574121,2343.7834765409007,0.00014509014692538877,-4.324599962310125,-7.540711762064136,0.0010001659393310547,9,10737,40343.065073265585,2366.0,17176.052191733048,26,15,24,13
7648.355345036008,2254.8355728501124,0.00010472969736353239,-2.997940273105259,-6.110225851206308,0.0009996891021728516,11,10980,35205.591117766984,2446.0,15315.916549824782,28,17,24,15
9410.785676704905,2649.0916557933824,0.0001441430832713084,-2.606135723638916,-4.693462853741527,0.0010056495666503906,9,14621,44306.48613590434,3415.0,18773.81573388821,24,15,21,13
9645.259379919711,2817.079415001801,0.0001347441931573129,-1.6815426694614133,-3.353761179148056,0.0009999275207519531,8,17905,46903.12677163569,4292.0,20491.58452463382,22,14,19,12
9441.280048242705,3329.6495131120946,0.00028991651148702155,-0.44931806819251574,-2.1742262064305655,0.001146554946899414,5,24072,44618.74202275598,6138.0,19415.962900477236,18,10,14,8
9611.459704319317,3463.6413406372217,0.0003754238566098598,-0.17650334294095305,-1.5472763828911908,0.0010156631469726562,4,27889,47668.01503472384,7646.0,21661.71679174254,16,9,13,6
9825.309852080185,3496.2171106471046,0.0003552353829040822,-0.12139713958148479,-1.3137554406481464,0.0010008811950683594,4,28974,48375.439615243165,8038.0,21574.0261506471,16,9,13,7
10200.53454919792,3650.9431266014826,0.00035299695130320104,-0.08461765471659,-1.191742029532171,0.0009999275207519531,4,29856,49121.874806124266,8201.0,21135.08213877613,15,9,12,7
11809.435036080698,4904.31503946683,0.00040823759104508596,-0.29312559186326514,-2.3984814566191797,0.0,4,32517,63349.03969740041,9323.0,35938.88360792924,14,8,11,6
3992.2075458303943,1050.7171024670924,0.00020245728474880544,-2774.0302854070037,-3083.6573129224025,0.0009999275207519531,4,217,11309.709261994445,80.0,4192.158428063276,8,13,6,12
4224.002676202527,1083.657288156981,0.00021707344723609644,-2254.2551795084446,-2332.1293746549054,0.0010013580322265625,4,265,12553.987057345732,88.0,4317.56971775246,9,13,6,11
4372.3769387737275,1092.8948222459617,0.0002457887973902016,-1955.4260292644858,-2268.53750189783,0.0,4,307,13514.72561283669,97.0,4902.779103069373,11,12,3,11
4659.657948291793,1215.833808009904,0.00024442746937695063,-1225.3778543301212,-1426.146328409411,0.0009999275207519531,4,403,13711.002370678329,125.0,4956.482660274467,10,12,5,10
4930.467325607827,1230.2177131316525,0.0002161963476680978,-1711.734422397872,-2124.345813316134,0.00099945068359375,4,361,16701.51187512958,100.0,6272.649502771223,10,12,7,11
4098.555797234033,1068.7245944954745,0.0002200409954138284,-908.2951320544709,-1261.7924163147366,0.002005338668823242,4,481,18668.443986969716,137.0,7998.106131465978,10,12,5,10
4395.453848335693,1110.7910347604945,0.0002293411017730324,-1007.872243685115,-1227.6447470624162,0.0010068416595458984,4,476,19751.757688115682,146.0,8367.109194398687,10,12,5,10
4792.7270217243695,1215.0066152989205,0.00020632188552252548,-703.4883787739695,-1014.4986966228219,0.0025136470794677734,4,595,21239.999900497438,143.0,8956.895049794031,11,12,4,10
4917.180250630874,1217.1707895145014,0.0002434962533697203,-613.4193633891118,-876.2579065154292,0.001997709274291992,4,614,21990.876272326746,157.0,8175.8794430075795,12,11,6,10
4763.987434438646,1202.6231802939449,0.0002805131714716454,-286.9532960272091,-400.42875518010777,0.0015034675598144531,4,893,23050.081472877104,238.0,9799.867012078215,15,11,7,9
4802.408988109908,1216.0388535111956,0.0002731225323488508,-270.1745589804873,-373.0862384977717,0.0020051002502441406,4,926,23605.49511586853,239.0,10131.056379370406,15,11,7,9
5369.529968069775,1361.9061748202114,0.00025634485141779666,-231.5596713023351,-321.51096760443875,0.0010006427764892578,4,1088,26420.478816470666,247.0,11363.794976110876,16,11,6,9
5565.780603609621,1371.9860239645961,0.00018166323342100782,-204.85310973913843,-282.3732648042555,0.0010008811950683594,4,1149,27024.725227665782,249.0,10885.896964299973,29,11,28,10
6505.429112067957,1862.0032887149237,0.00027648307261814625,-35.766974309716396,-66.00151325939618,0.00099945068359375,4,3024,33029.57665568,667.0,16492.921464150568,31,10,26,8
6117.572821797061,1723.2270674267627,0.0002627518878384189,-25.35179903854142,-46.21250272594595,0.0009984970092773438,4,3414,29878.73530231107,745.0,13159.280167173965,35,10,30,8
4432.876595984076,1278.9359594155198,7.21424518487873e-05,-4.96011230774099,-11.640187838881687,0.0010042190551757812,19,5207,25256.025790760275,1127.0,8586.664781207533,28,25,26,23
5837.160114870787,1647.810217224114,7.793249166546576e-05,-4.290038879505524,-8.49343362988789,0.0015099048614501953,15,6997,29382.528100264724,1511.0,9805.784341628547,31,21,25,20
5699.148023125841,1602.8610262132602,8.256985747724084e-05,-3.340997597213553,-6.7262836245443,0.0009996891021728516,15,7843,30920.08858827047,1737.0,10255.779226660907,31,21,27,20
7642.879965548266,2085.4111101481753,0.00013599930153564653,-4.389876218338475,-7.626719234096349,0.0019998550415039062,10,9420,37404.028845650806,2070.0,15586.179749219387,27,16,21,14
9150.214793654286,2535.2713373692945,0.00015216024255613217,-3.5748048954238616,-5.995613566462505,0.0,9,12501,42452.76194915635,2883.0,17822.11842679084,25,15,21,13
10875.276713754029,3126.7994856009673,0.00018110296529299193,-2.618623793940964,-4.718373694777633,0.0009996891021728516,7,17265,50499.80347010597,4142.0,22000.971876797936,22,13,19,11
11820.533216322961,3408.799335102243,0.00021107580271214488,-2.4579941091195683,-4.418775095392257,0.001007080078125,6,19129,53769.880623317265,4579.0,23435.102395253227,21,12,17,10
9005.332190789912,3055.550091901407,0.0002864058743399657,-0.7514812557570811,-2.6448298392264813,0.0,5,20939,42647.71756321286,5181.0,17874.353041298156,19,10,15,7
11588.08746063625,3372.146578338777,0.00023630919211297923,-1.8130750765091732,-3.3882572281069008,0.0009815692901611328,5,21643,56816.758494862916,5433.0,24703.968945411907,19,11,16,9
10087.413990857958,2874.9247871589573,0.0003401475943214266,-0.9609949984286501,-1.878991171657737,0.000997781753540039,4,22992,49011.21308955905,5910.0,18027.612142200684,18,9,15,8
12317.68188402668,3600.181769783685,0.0002495526176261585,-1.7450504616193463,-3.2068707450371985,0.0010063648223876953,5,23459,58645.20021838621,5896.0,25435.484519981896,19,11,16,9
9847.955444822725,3064.239385941164,0.00034767392482488806,-0.6021494053842025,-1.7161933430952527,0.0015020370483398438,4,24427,47089.74475856498,6209.0,17087.24683014792,18,9,14,6
10783.956373399775,3182.223735301303,0.00032835797234608775,-0.4325955764512115,-1.0473515991451428,0.0,4,28048,51940.63930810741,7520.0,19085.265604549386,16,9,13,8
18790.31067979142,7155.794784294899,0.00045292551802940867,-1.844900316762455,-5.0686726168005025,0.0010004043579101562,4,35652,95215.05233163902,10697.0,54073.95569919469,13,8,10,6
4354.2303670695,1113.3745457150214,0.00022291334405769118,-3687.207770987243,-4932.269103559844,0.0005054473876953125,4,215,12071.564696143821,83.0,4062.001090097263,7,13,4,11
4892.705652937924,1208.8458443641273,0.0002804242238285236,-1102.5320525947318,-1333.1426187540205,0.0010159015655517578,4,425,14998.60214315435,142.0,5898.187258233489,8,11,4,10
5123.269075923949,1308.0909340426222,0.00025964936162098883,-1395.1171704682215,-1732.2819381548084,0.0010066032409667969,4,399,15804.78645741301,126.0,6633.186480550881,9,12,5,10
3846.545600243312,969.5727552584414,0.00021146363784956397,-1803.4010787469251,-2342.528929957716,0.0009992122650146484,4,292,15993.937552676383,94.0,6229.23158104799,9,12,3,11
5215.979352982252,1281.905608429763,0.0002259983021954671,-738.7463609100065,-910.8747340514484,0.0009999275207519531,4,612,21054.35425554167,166.0,8443.873301223226,11,11,4,10
4653.20060460056,1176.4358152163684,0.0002719281368854307,-216.34155013276322,-301.1569053911922,0.0020055770874023438,4,1034,23009.121823978847,268.0,9754.129001522066,12,11,6,9
4760.683486242949,1213.6871998726585,0.00025892271803365025,-271.9167987352123,-378.91575654672226,0.0015027523040771484,4,909,23398.944802873637,241.0,10027.336783568637,14,11,5,9
4873.0035802531465,1291.0702435566873,0.0002519868135129063,-306.83289923564155,-463.37355224692186,0.0020008087158203125,4,879,23955.49229490737,213.0,10725.494648046697,17,11,9,9
5257.411407075669,1323.7528525190198,0.0002606448553276385,-216.72155562048914,-288.79984307623687,0.0009999275207519531,4,1027,25824.66963779914,258.0,10930.24998299856,18,11,6,9
5225.827785802145,1437.0248846896723,0.00022717537698748884,-134.8718987685524,-230.79765037251434,0.0010001659393310547,4,1239,25859.03188530424,273.0,11776.384352625566,22,11,18,9
5427.95488805453,1419.911071187008,0.00026480422384958394,-79.49972056094194,-123.64508406512464,0.00150299072265625,4,1669,27064.660813947812,368.0,10449.143288338022,23,10,18,9
5528.5839871663775,1589.1207292819263,0.00027802880375645683,-56.51711263614744,-105.6869261523836,0.0019991397857666016,4,2031,28001.862080555093,445.0,14000.61447920696,32,10,28,8
5956.150394793035,1503.421686415534,0.0002471992347504132,-70.01933390814995,-99.55305692666202,0.0019991397857666016,4,1940,29283.234063715332,422.0,11988.486386551831,34,11,22,9
5925.355287784809,1554.941321993239,0.0002602052743719001,-37.518258665788046,-60.108219089730966,0.0019965171813964844,4,2639,29169.990846642857,569.0,11305.014887971978,33,10,33,9
7074.608505676342,2035.781863335925,0.0002734372592732407,-23.57372645180115,-45.56296054144138,0.0009999275207519531,4,4146,35010.24915196927,881.0,17616.97462968054,32,10,25,8
4735.830699886621,1364.2623876891737,7.248602666996803e-05,-4.393038407104375,-10.194296102296281,0.0005052089691162109,19,5662,26223.638649373064,1212.0,8780.625870264455,29,25,29,23
5561.295459555557,1596.1367907035576,6.849011137964905e-05,-5.14749332067002,-10.47091601101892,0.0009996891021728516,18,6090,27161.659790397778,1299.0,9242.657473585788,33,24,27,23
6058.491954979586,1706.6357249420844,7.70961745241594e-05,-4.1818200828742675,-7.924858936237314,0.0009996891021728516,17,7249,29818.34605484372,1611.0,10087.559854505984,33,23,26,22
6029.506823212097,1738.61394576235,8.903775400857505e-05,-3.48465780256538,-7.007064414849916,0.00150299072265625,14,8061,30996.315821818178,1782.0,11061.046596266064,31,20,24,18
7776.2717969541545,2176.4025951620024,0.00012293777712425635,-3.795311511523324,-6.784805758934478,0.0010247230529785156,10,10268,36776.78471087954,2379.0,15907.599773095055,26,16,24,14
9034.642629764763,2625.2395866811876,0.00013550270768063113,-2.228957383630397,-4.333722814810016,0.0009999275207519531,8,15116,43837.30703620065,3587.0,19363.928061170955,23,14,20,12
10150.58853335541,2847.8503973993666,0.00017956686413691972,-2.5245119890199854,-4.324207923585852,0.0020074844360351562,7,16011,47070.13024183501,3793.0,19696.207553338463,22,13,20,11
10132.114057313398,2864.76223217544,0.00017950280141917774,-2.0530656628269592,-3.6361898596710374,0.0010006427764892578,7,17394,47824.627040119,4187.0,19743.907278651044,22,13,19,11
10869.051973846452,3105.1549177957904,0.00017514541308059255,-2.060375034168997,-3.7331528864931354,0.0009801387786865234,7,18548,49317.374995150094,4415.0,20771.453511435233,22,13,18,11
10193.459580781675,2896.3234256895043,0.00028474761535209357,-1.4541825310200225,-2.657821085537729,0.0009989738464355469,5,19426,45756.27760791792,4805.0,16436.424617383484,20,10,16,9
11377.234350083696,3333.8482130486204,0.00018571274846641722,-1.9379137556352801,-3.689977043640871,0.0,6,20229,53491.116708251255,4988.0,23497.008057055515,21,12,17,10
9993.361026312445,2981.874010380134,0.00028523166945450474,-0.9258067778262837,-2.0505350940452503,0.0015065670013427734,5,21831,46182.00965883261,5423.0,17162.633657850853,19,10,15,7
10213.782067418115,2916.986959205873,0.0003263993457780754,-0.6524636650658004,-1.3522180592898918,0.0,4,25752,52049.15625609857,6753.0,19833.81300404045,17,9,14,8
9365.64181182448,3383.3546978078325,0.0003458006031056569,-0.15660650882611482,-1.5487126526959947,0.0009999275207519531,4,27758,46304.20334215244,7451.0,20985.19849651678,16,9,14,7
8957.72535519278,3773.0196652092695,0.00039409120716871687,0.09913706495298691,-1.5776454444290944,0.0010025501251220703,4,31862,54838.894346999616,8951.0,31072.55760177491,14,8,11,6
10448.359555172729,4404.741505104268,0.0003872949450281606,-0.031758665876049585,-1.8202372020952446,0.0009987354278564453,4,32707,58808.94358553522,9527.0,33297.84969558296,14,8,11,6
15860.965857081885,6230.001632524097,0.00045010050372122455,-1.2316285698037137,-4.157348799373817,0.0009992122650146484,4,34136,83157.68488057211,10100.0,47270.249515131436,13,8,10,6
4797.270541737145,1216.3039902984685,0.00019459570319113422,-9279.114282509892,-10303.305133786529,0.0010039806365966797,4,142,10900.506657583073,58.0,3549.3371005584268,10,14,3,13
4406.961729626049,1126.2503767815706,0.00024634922291072496,-1725.5511883590152,-2264.5779670823854,0.0,4,322,13861.229746568835,112.0,4618.6808364400695,8,12,4,11
4753.455836290111,1168.4816003787948,0.0002660833176949159,-875.2148878127833,-1065.9564308032832,0.0010013580322265625,4,503,17218.879690590093,154.0,6599.951560280915,10,11,4,10
4376.047269394009,1143.5834952948187,0.00022126213882034688,-1032.6491808751036,-1563.5592963441595,0.002015829086303711,4,450,18679.2622292863,128.0,8033.990433387244,11,12,5,10
4703.190001160261,1153.5738369948083,0.000244606361004626,-686.0312786440181,-876.15331436222,0.0019998550415039062,4,560,19933.162520878104,160.0,7620.635727403474,11,11,6,10
4621.885707431008,1230.5572191319025,0.0002546355662163738,-267.0831598106259,-427.1579190425893,0.0009996891021728516,4,881,22784.15758436623,218.0,10174.706159045916,15,11,6,9
4907.72044286085,1237.3731602604948,0.0002694721831912257,-242.23607185618843,-336.15855046868825,0.001997232437133789,4,948,24101.796229339005,254.0,10175.43794317196,15,11,5,9
5007.4589376959275,1269.4530944952744,0.0001600927788383565,-444.63620407226074,-634.7289643723927,0.0010082721710205078,4,741,24251.10311302307,167.0,8523.33052819263,22,12,22,11
5299.926227848482,1519.689576003934,0.00028948717833417176,-71.11065691361239,-132.4551375969264,0.0025086402893066406,4,1754,26948.630982115832,381.0,13460.823747842336,24,10,15,8
6086.283619384026,1736.0422443362181,0.0002861890305216618,-53.532220365204154,-98.80669799220988,0.00099945068359375,4,2289,30883.84330658819,495.0,15402.580317666187,26,10,26,8
5909.906139471377,1704.2079697624115,0.00026755968848321874,-25.405113101101126,-50.07113038439204,0.0020003318786621094,4,3218,29820.479183974887,694.0,14995.503377366193,34,10,27,8
9723.126267498801,2690.5175097164647,0.00019370289701046785,-3.667054917300609,-6.210648421113124,0.0009818077087402344,7,13231,45115.27408726747,3075.0,18927.923324590156,23,13,18,11
10275.143690832092,3194.568825935302,0.0003465676828837145,-0.7058884298270895,-1.874171949893484,0.0010004043579101562,4,24157,46605.31912267361,6125.0,17288.803182843963,18,9,13,6
9293.144314438445,3148.416451628642,0.0002631135340866007,-0.3066405651743056,-1.5796247239815613,0.0015120506286621094,5,25045,45332.75249619159,6502.0,17828.48421286738,17,10,14,7
9476.192120092644,3646.8636946742167,0.00038675061032254564,-0.13497505545503108,-1.8022195410584056,0.0010063648223876953,4,27961,46225.39307671349,7450.0,25041.44401625512,16,8,13,6
9745.987722995114,4185.181697042921,0.0004078746847265372,0.10856209664423921,-1.5192436444799724,0.0010035037994384766,4,34078,61183.06980573938,10045.0,34670.21124599963,14,8,11,6
22991.220581868754,8439.518538742203,0.0005173379135159307,-3.3417195563246445,-7.5784073066482005,0.0010001659393310547,4,35503,110140.98840983937,10744.0,62792.048999904946,12,8,9,6
4313.977633424251,1103.0174797066745,0.00017295341247954197,-10027.68351882208,-15270.41695063101,0.0,4,128,10138.826706368513,51.0,3400.5238938704624,7,15,3,13
4077.3390478664587,1061.2416240114767,0.0002377955829964054,-3682.885299782296,-4209.463504716032,0.0010004043579101562,4,203,11494.366973157976,79.0,4195.737320874208,7,13,4,11
4208.309840340981,1054.695086655238,0.000265466931100653,-1824.8538258082704,-2347.633062935128,0.0010008811950683594,4,294,12489.168854045636,105.0,4454.336515870953,9,12,3,11
4142.887168545821,1089.5939160857536,0.00023051120111590442,-2304.5814247605,-3012.8413648370674,0.0,4,264,12499.187501412074,85.0,4974.353211723032,9,12,4,11
4370.311330638886,1120.3209511634302,0.0002799730415037028,-1034.605358141178,-1194.8501018136444,0.0015034675598144531,4,426,13574.059766629856,143.0,5628.823110474526,8,12,4,10
4575.69346166722,1130.1646749447705,0.00028118274765889204,-802.5628874252199,-960.8833590026123,0.0010013580322265625,4,501,16611.52804011144,154.0,6172.901178476353,9,11,6,10
4656.332532289259,1138.7851427481355,0.00027350369320925977,-1289.372090041502,-1577.3109325133253,0.0009996891021728516,4,407,17317.35852160179,148.0,6769.548892885963,11,11,4,10
4978.414459387853,1281.5210051604818,0.00023320250394221124,-1310.6422183618483,-1837.8274729045652,0.0010058879852294922,4,418,17813.762683599045,127.0,7572.699165716251,11,12,4,10
4318.184597841266,1093.655207091259,0.0001965149384572895,-889.2306916829887,-1319.596106594044,0.0,4,473,18566.18682819141,119.0,6440.385877287819,12,12,7,11
4944.13180120828,1245.0931802162493,0.0002973275547568646,-401.0029744612126,-497.5474692139582,0.0009999275207519531,4,816,20196.69198148176,228.0,8523.317257851617,10,11,6,9
4840.203367501201,1259.8899242861296,0.0002673162744530748,-379.9096103354061,-570.9628137847266,0.0019989013671875,4,774,22611.977595906723,194.0,9973.204207457664,14,11,7,9
5638.3439696014275,1604.4527498882728,0.0002937776882051683,-69.62682055993926,-123.45537934684268,0.002012491226196289,4,1862,28637.07166429337,412.0,14233.843623432585,20,10,20,8
5697.162998295534,1624.5552691364246,0.0002885474743881363,-68.40607659603968,-124.0630886304812,0.0010004043579101562,4,1833,28808.740025917607,399.0,14378.422213918311,19,10,24,8
6066.833391060586,1531.7933799031935,0.00024533925488633135,-42.50419186797742,-61.879453359079655,0.0010025501251220703,4,2505,29897.256591687394,554.0,12273.903481439353,41,11,25,9
7566.54054674215,2173.59776032359,0.0002959614995238679,-25.789205029933743,-49.64404794216623,0.0009996891021728516,4,4214,38178.13014814701,931.0,19041.624453313452,29,10,25,8
6576.82478233387,1666.1711383932063,0.00022204129107705024,-18.037483667420588,-27.169069974144648,0.0009999275207519531,4,4377,32622.541257491426,917.0,13893.501015829737,34,11,28,9
4272.087616060902,1217.3823616186596,6.638818037310324e-05,-5.274305209277496,-12.475287742753652,0.001504659652709961,22,4922,23646.902821415457,1056.0,7870.934270567235,29,28,29,26
5491.152881864251,1598.191416251163,9.080596725197344e-05,-3.9119409086672956,-8.541082100689552,0.0009799003601074219,15,6936,28890.725645036524,1508.0,10617.197123848207,29,21,28,19
6360.799865928731,1835.3123500843933,0.00010509301901385663,-4.429048259622103,-8.976552098009863,0.0010004043579101562,13,7485,30898.316199540277,1631.0,12890.279534935296,28,19,23,17
6590.553756691112,1859.934458919044,0.0001110826504437944,-4.069597735234475,-7.783321211921171,0.0015056133270263672,12,8293,32531.83827581768,1805.0,13639.318677494113,27,18,21,16
8477.575345719602,2314.0080220180002,0.00017945049395798085,-3.276384113256464,-5.592667832544045,0.0020008087158203125,8,12256,41424.37091977276,2861.0,16614.405488675686,24,13,20,12
10445.7632924561,2946.2718568971627,0.00018922302322497365,-3.24187007367885,-5.624742855900016,0.0009999275207519531,7,14962,47326.005680116694,3460.0,20332.644704727485,23,13,20,11
9654.07515069639,2692.2215526511745,0.00019170025186404028,-2.3904391461178816,-4.127748859048612,0.001007080078125,7,15828,45852.42902803578,3823.0,18736.376511361166,22,13,19,11
10768.521445111428,3095.8180838130834,0.00017822006566988726,-1.9651556306240225,-3.5686096785375536,0.0015048980712890625,7,18667,49598.30416784558,4565.0,20937.78507603136,21,13,17,11
9696.231981851863,2828.6796463830815,0.00024030714245065862,-1.016519543609221,-2.1212395821550114,0.0009999275207519531,6,20554,45153.636732763596,5142.0,16370.317235990624,19,11,17,8
11208.113119313472,3223.1476630373777,0.0002473152465161963,-1.6056048097593583,-2.893569397268762,0.0010001659393310547,5,21528,53537.65241539257,5462.0,22357.7497278316,19,11,15,9
10055.170419835154,3038.307980789496,0.0003274200721999572,-0.45354354515979955,-1.2706765884157005,0.0009996891021728516,4,26294,48779.92628559992,6836.0,17343.95924323408,17,9,14,8
9642.307371464489,3368.691006900002,0.00036123546326610767,-0.2636815721279424,-1.5608743655503865,0.00099945068359375,4,26755,46877.318186985554,7141.0,20668.45030451489,16,9,13,7
8914.30838590021,3590.9675728068223,0.000382949845349856,0.00012902001864900647,-1.7040002690215887,0.0010068416595458984,4,28990,48103.093648057664,7852.0,27244.839318377315,16,8,12,6
8997.816008460448,3815.4935600360136,0.0003773900890526805,0.20697120450133555,-1.2389175828527788,0.0009996891021728516,4,32210,50240.14695560462,9101.0,28424.569796215743,14,8,11,6
12594.580330570885,5198.3470761077315,0.0004313178059499491,-0.43103231349501203,-2.7039278349190266,0.0009999275207519531,4,33105,67650.70414047035,9436.0,38468.25097069252,14,8,10,6
3598.606472740926,971.5514930034707,0.00031102728202991967,-1041.9023314080173,-1467.2293306636345,0.00099945068359375,4,328,10052.849625634684,110.0,4077.581346475483,8,12,5,10
4404.717012939255,1119.292106202598,0.0002756390406718109,-1650.3723529943616,-1902.4867295603758,0.0,4,333,11876.199367922207,99.0,3990.958236992892,8,12,4,11
3922.1445787620646,1050.245711137104,0.00027447218327321935,-1338.812072628619,-1668.4566343887755,0.0010013580322265625,4,329,12604.186751745194,104.0,5026.808507772856,10,12,5,10
4185.873712907411,1054.4107118775953,0.0002746491908585337,-781.4839349631196,-1001.5651460382828,0.0009987354278564453,4,458,14259.965711442585,137.0,5780.931406547672,8,11,5,10
4644.813471668458,1145.0731228877432,0.0002569506815203253,-718.0921138596506,-985.5698666594408,0.0009980201721191406,4,549,19879.547268887625,164.0,7433.092446243711,9,11,4,10
4189.5306509043485,1088.0585940092385,0.00028304316580630247,-313.2789860162798,-466.5391363723314,0.001999378204345703,4,796,20458.087328906637,210.0,8955.416934728266,13,11,4,9
4849.00437463682,1220.065146591771,0.0002752168450259482,-178.16317963438613,-251.81755293489243,0.0020270347595214844,4,1116,23965.710385689614,268.0,9886.807944940643,16,11,8,9
5254.380808235661,1324.1519751141184,0.0002570741840963696,-94.42816834333739,-136.00173970468737,0.002017974853515625,4,1483,26209.489450957873,331.0,10853.666425826319,21,11,14,9
5108.323415723895,1406.5173105033477,0.0002226829437316176,-127.86504749466823,-232.42620015083784,0.0012323856353759766,4,1251,25246.78765776533,269.0,11434.032135996451,29,11,22,9
5981.342958411063,1733.7870577111373,0.0002728928888100708,-37.962490625834796,-71.86538901969476,0.00154876708984375,4,2589,28461.16545226405,562.0,14306.24197058082,35,10,27,8
6156.955008296582,1771.3575278721332,0.0002805204942160347,-29.529479803456564,-56.274631112764105,0.0019998550415039062,4,3225,31302.897754763904,664.0,15698.360089704904,32,10,25,8
7164.774464385093,2055.3797071471076,0.000300162233919915,-34.27134504763102,-65.16078795751874,0.0020275115966796875,4,3392,34828.17204946176,745.0,17512.674943220016,31,10,30,8
7115.262125964752,2042.7114750407786,0.00028142532541375066,-24.213644365910817,-46.27937316571428,0.0010330677032470703,4,4080,35125.17438861924,875.0,17646.87512239437,36,10,29,8
4240.060606470349,1223.6808064103502,6.924710992010042e-05,-4.543897568033193,-10.769253110831876,0.0010004043579101562,20,5125,24474.79533326093,1111.0,8310.797883877345,32,26,23,24
4608.852354323373,1311.9062290116383,6.408538230808152e-05,-4.331881476249893,-9.627838357568432,0.0010008811950683594,20,5622,25175.335409553452,1222.0,8224.884724135723,33,26,28,24
4967.129808317571,1441.5898672510182,7.251166345905341e-05,-4.544022381751737,-10.179949519503872,0.0009996891021728516,18,5879,26502.878932308387,1325.0,9176.514842469718,33,24,28,23
5897.071921079701,1774.6053119772769,0.0001008714787328801,-3.7802497172445113,-8.36427840303807,0.002176523208618164,13,7688,30032.327183405352,1718.0,12681.664876793962,29,19,24,17
8379.057870196864,2295.4432630099577,0.0001806175117423505,-4.079712013171521,-6.97497362532127,0.001001119613647461,8,11044,41177.6617642636,2508.0,17165.98916556459,25,14,21,12
7988.268432184782,2221.076413606315,0.00014801078520144107,-2.966257587605767,-5.286585568363557,0.0019996166229248047,9,12023,40860.259858596255,2773.0,17230.840024435893,25,15,20,13
8277.502053432436,2289.4171816945186,0.0001764050527572917,-2.6622137863817317,-4.761071785640966,0.0015230178833007812,8,13108,42174.76130923439,3093.0,17027.32540973625,23,13,20,12
8750.122801640528,2807.5530147742943,0.0002528193438012053,-1.2154764338047959,-3.2493401416435646,0.0010001659393310547,6,17527,40492.67785909027,4258.0,16962.488917461826,21,11,18,8
10529.463774414247,2922.796477003981,0.000273022210256611,-1.6743411296004087,-2.8248743857629854,0.001007080078125,5,19402,47267.03841529788,4785.0,17971.55373805386,19,10,16,9
10891.8434000637,3070.8675644521018,0.00028638663076708724,-1.7443602198468704,-3.043313414728778,0.0009999275207519531,5,20238,49862.87818758826,4880.0,19725.989348932293,20,10,15,9
9919.740439678064,3473.6508375108638,0.0003541643709890334,-0.5310530730655414,-2.2350625226251624,0.0009996891021728516,4,24485,44248.124242348764,6280.0,19971.43271045285,17,9,14,7
10045.025635804981,3354.3337320758083,0.0003599586468265435,-0.5107650575576179,-1.8870329492723728,0.0010156631469726562,4,25366,45736.14660776692,6523.0,17712.048137070655,17,9,14,6
9958.70698486618,3482.207236834384,0.00036827658265453216,-0.34468993919766167,-1.802645726140807,0.0010001659393310547,4,26451,46190.545491383615,6937.0,20319.602719223192,16,9,13,7
3986.447188098947,1054.4289549928053,0.0002560366795366633,-2082.8335842343213,-2572.1481406881326,0.0010001659393310547,4,261,9913.63883997443,88.0,3765.5645323842537,8,12,4,11
4336.234965226746,1070.9597856555088,0.00027960193053503686,-716.0719683134786,-855.1352355788772,0.0015227794647216797,4,506,14977.062401645113,156.0,5744.682345736792,10,11,4,10
4079.5413879667867,1107.1594204250782,0.0002457392828935937,-1018.3320368532118,-1467.1734533085141,0.0010013580322265625,4,398,14548.357897423624,119.0,6232.622486406108,10,12,6,10
4590.988668246861,1205.0875869355448,0.00020718776598282158,-3152.407709248353,-3849.761997312257,0.0010001659393310547,4,272,15009.353394782498,89.0,6097.092386563943,8,12,4,11
4420.372686075295,1092.9655201795915,0.00025615653164871773,-926.5394606231281,-1261.916263968295,0.0010077953338623047,4,473,16584.798932233778,161.0,6586.500137210092,10,11,4,10
5092.9995825193955,1247.462468718661,0.0002673388726960602,-1510.5343178518006,-1683.753814974649,0.0015063285827636719,4,410,17909.602569240367,132.0,7227.513092979658,9,11,5,10
4842.986787231139,1334.5760007163956,0.0002858703799433065,-654.8404522020144,-954.1707959006885,0.0009999275207519531,4,578,17351.497448548234,184.0,7757.716588290787,12,11,5,9
4654.607054728576,1228.227308313192,0.00026572296485478746,-496.08428394309686,-713.8741936289788,0.0010061264038085938,4,658,18068.150944697136,189.0,6582.709648042073,11,11,7,9
4418.079392124044,1158.5476835289824,0.00028383346456583837,-430.9395486784856,-584.3464908421493,0.0015053749084472656,4,697,19730.83566148581,207.0,8696.686184832986,10,11,7,9
4384.001283974456,1102.7781037824386,0.00029462979874277795,-282.9385669452797,-392.97968586697675,0.0010001659393310547,4,851,20667.69483505842,252.0,8556.01975093623,11,11,5,9
4920.224139121771,1276.3311177778792,0.0002851022199226438,-426.4201187015475,-620.6471382284689,0.0009996891021728516,4,701,21067.939428991747,208.0,9243.618051091169,13,11,5,9
4392.901713762629,1134.990117425244,0.00024152571436544996,-463.036867539992,-679.4569360862704,0.002147197723388672,4,657,21396.73692568075,177.0,7423.438803874167,16,11,4,10
4918.971420253537,1248.9498731249575,0.0002706437934010579,-230.05414911468804,-348.1361611983659,0.001998424530029297,4,925,24127.27552251657,226.0,10359.230271725002,17,11,6,9
5041.574341753376,1286.958333343942,0.00027433797613349493,-239.730827658161,-343.1803024541892,0.0012760162353515625,4,996,24844.13446493757,253.0,10831.588952525115,18,11,8,9
5203.099332917366,1319.2353672142167,0.00022010909075871344,-212.58527781878857,-308.8105678708562,0.0009999275207519531,4,1027,25349.035668614706,226.0,9086.709204660689,33,11,36,10
5237.976370107306,1522.0895305697338,0.00028037594301262754,-54.18032040251095,-104.96046537502814,0.0020017623901367188,4,1950,26567.334469108006,424.0,13304.219978906935,29,10,29,8
7225.738250897423,2079.9690621566438,0.0002878712035645201,-26.20189425739134,-50.936171189454186,0.000997781753540039,4,3905,33779.56260693999,818.0,17026.529651427612,34,10,30,8
5376.181268690769,1589.5410920461975,9.652783309609483e-05,-4.777639605612445,-10.484256192473456,0.0009996891021728516,15,6204,27733.078996450786,1354.0,10861.242251019321,29,21,24,19
6313.796717059071,1762.7079289350838,0.00011875560448001294,-4.471732815665937,-8.683288670152484,0.0019989013671875,12,7594,31867.999097862383,1616.0,13350.843301443805,28,18,23,16
6809.384213193164,1957.9760084869076,0.00010700674991772732,-3.13388204836457,-6.22041862111459,0.0020189285278320312,12,9533,33343.33203665069,2161.0,14139.690873610714,27,18,23,16
8254.06119597243,2367.586733501833,0.00013858164841760244,-2.695547100472673,-5.17806706306688,0.0010077953338623047,9,12826,41080.62521283183,3044.0,18021.353807888598,24,15,20,13
8495.40609767966,2359.1328859668706,0.00019406654552787524,-2.489489692824564,-4.527036717752975,0.0010647773742675781,7,14026,43925.85176266356,3332.0,17977.64192513679,22,13,19,11
10165.111689189955,2831.5506098935066,0.00022712322291688797,-2.535221557208386,-4.324636224996228,0.0010249614715576172,6,16501,47528.641633020656,3892.0,19650.6259261757,22,12,19,10
10878.649283970315,3125.5931622299768,0.00018207822412652982,-2.753070637886749,-4.767042589424929,0.0009989738464355469,7,16670,48833.405680808086,4102.0,21172.15247557334,22,13,19,11
9231.084801789119,2704.8937260611806,0.00014664515105286405,-1.7112187908517766,-3.4661379568366604,0.001007080078125,8,17386,46797.04377321029,4252.0,20560.79271886828,23,14,19,12
11120.594480229403,3166.5543751287787,0.00022609146141246635,-2.113570211734638,-3.664994166786994,0.0009884834289550781,6,19179,50879.963634914864,4650.0,21249.968893941914,20,12,17,10
9083.9425847501,3146.4766793326107,0.0003001552426827333,-0.8079943683942097,-2.9091573587865636,0.0010161399841308594,5,20320,41517.63132534502,5007.0,18071.52723201309,19,10,16,8
9759.013003850221,3351.1102430044557,0.0003831274103176653,-0.5847909634797888,-2.23574202328767,0.0009996891021728516,4,23854,44676.39619280437,6089.0,19415.302062629562,17,9,14,7
9480.364631318096,3368.1344375421904,0.000287075495258283,-0.32131479894118975,-1.8552684990514945,0.0010063648223876953,5,25071,44407.870860412375,6531.0,19300.886295388977,17,10,14,8
10957.94125916321,3158.5215271121738,0.00031814831391649797,-0.8347914573939934,-1.6255702706975672,0.0009984970092773438,4,25306,53269.708539953215,6755.0,21099.45249404556,17,9,14,8
20286.517837800373,7715.787420663798,0.0004884663957568015,-2.2933839469039228,-5.930602171698794,0.0,4,34829,95422.79034002897,10402.0,54368.47333729523,13,8,10,6
3448.96003899792,876.0781481788677,0.0002826760932340214,-1394.584534667692,-1722.8533811922448,0.0009989738464355469,4,268,10325.932591218238,92.0,3828.7548339775694,8,12,3,11
4284.583532015472,1076.6158944212498,0.00026509683162085745,-2736.697450630501,-3027.0259335676915,0.001009225845336914,4,247,11925.350918241515,88.0,4447.714481801611,6,12,3,11
3779.5550041739693,935.1688141062114,0.00030825687033648926,-1040.6577121242465,-1284.7106117967355,0.0009987354278564453,4,377,13414.849086149696,125.0,5288.341043721426,8,11,5,10
4371.737620519955,1112.683874368827,0.00023119227959895154,-2811.3753790569776,-3326.7529629560427,0.000997781753540039,4,246,13317.396349076516,89.0,5134.50971507816,10,12,4,11
4783.056775494523,1177.0903121467613,0.00028504741693036385,-1091.9932218928382,-1232.71679611351,0.00099945068359375,4,454,15622.60098965772,142.0,6047.350504209917,9,11,4,10
4337.343015657366,1085.2732999581522,0.00026806701959022363,-1107.3718012137626,-1550.2454136848933,0.0010290145874023438,4,415,16035.59874645639,128.0,6598.680888854036,10,12,5,10
4689.977529988849,1290.976950057491,0.00029652252755584896,-693.7971793834063,-1057.1738440897414,0.0010063648223876953,4,539,16246.944867436117,178.0,6863.143516094826,9,11,4,9
4712.330461951695,1178.973299199104,0.0002734875018591894,-703.210586611643,-853.5332417339284,0.0015053749084472656,4,546,17508.36890422284,172.0,6307.605741537403,10,11,5,10
4564.576809014421,1147.379863044108,0.00028383474181017926,-263.5348900721307,-352.17054018325217,0.0009996891021728516,4,884,22398.503976540793,242.0,9358.545092232052,12,11,5,9
4420.1255239728725,1183.6467976643037,0.0002495431724314042,-434.9508938124726,-662.3367925070385,0.001999378204345703,4,685,21582.84202061264,181.0,8319.788381719765,11,11,6,9
4849.613779114482,1215.5405953931797,0.00028806864452817415,-378.76979970886225,-502.69266797264424,0.0009992122650146484,4,810,23627.74424770202,215.0,9945.156742080108,11,11,6,9
4999.5831603614515,1254.4040173242543,0.00028221731885523104,-169.30532080171992,-235.8110550383407,0.0009996891021728516,4,1097,24649.67161337012,274.0,10233.910602718825,18,11,9,9
5213.163132794592,1336.3138329305477,0.00027959378172700747,-124.32027569808677,-181.11961672018185,0.002000570297241211,4,1267,25740.273412582275,274.0,10175.952386381152,30,10,6,9
5181.1117536371585,1531.510099568658,0.0002728203182953106,-36.94984661686065,-76.58694331493167,0.0009999275207519531,4,2337,26383.001564509985,506.0,13236.752473348839,28,10,24,8
7169.975012893107,2064.51236920994,0.0003167607042292326,-29.738533928760273,-55.939103669142504,0.002004384994506836,4,3748,36355.99289891242,805.0,18296.6569453282,28,10,24,8
5889.762084899995,1719.8367967288,0.0002630060338663861,-18.925193321633294,-37.44070501091036,0.0009982585906982422,4,3806,29641.440949569846,814.0,14961.337872790733,37,10,33,8
4541.303310597654,1301.5526157046033,7.374136979919652e-05,-3.390504727848234,-7.651944388602519,0.0010142326354980469,17,6379,26970.41009255474,1362.0,9032.464132563811,30,23,24,22
4938.920579250651,1392.654728304481,5.1833814439572644e-05,-3.4087060517669023,-6.966910129259125,0.0009980201721191406,19,6583,26479.08874156623,1421.0,8745.459100446098,32,26,28,24
6727.931496536036,2006.933013951067,0.00010364828566785474,-3.679657399715895,-7.714195969725061,0.001018524169921875,12,8732,31093.763872082567,1928.0,13228.875346184246,28,18,23,16
7996.22551422528,2174.440156714177,0.00017100012170736444,-5.113729755364378,-8.58769264522363,0.0011882781982421875,9,9426,38400.20461301065,2141.0,15900.82893582758,25,15,23,13
7318.389555248273,2020.04222255744,0.00014807982568352425,-3.8175500002065963,-6.856691933097497,0.0015082359313964844,10,9975,37834.289777647056,2255.0,15951.769287762625,26,16,22,14
8027.014161308066,2235.3406657541386,0.00013496383358786918,-3.176534993240331,-5.727600192980256,0.0009999275207519531,10,11539,38295.105378390654,2658.0,16089.460730386927,26,16,22,14
9011.670091813225,2459.9535395185594,0.00018769283006719466,-3.6508229060762503,-5.920713983647976,0.0009791851043701172,8,12049,40837.03360981133,2740.0,16263.385477526404,23,13,19,12
9278.569785608497,2622.0518355816243,0.00018369921183304636,-2.3749915525668057,-4.3770904491932745,0.0010013580322265625,7,15515,46305.63529993875,3674.0,19600.53103103832,23,13,20,11
9209.413946755802,2616.293132756137,0.0002540066979282855,-1.7698485400964823,-3.2579144747628925,0.0009987354278564453,6,16384,42037.052185243105,3906.0,15503.14865972252,21,11,18,8
10905.167321311188,3019.0570079956774,0.0002801505096463462,-2.59172054899481,-4.181729547730322,0.0010004043579101562,5,17136,47643.89156031824,4166.0,19007.044979828337,20,10,16,9
10701.744087047035,2966.215481060132,0.0002911792767301678,-2.0772304207774823,-3.4082548530124948,0.0010080337524414062,5,18295,46733.26898816754,4405.0,17982.40485848089,20,10,16,9
9392.202943884056,3258.4232618135998,0.00030123825456697677,-0.6322982203234477,-2.469510499886171,0.0010187625885009766,5,22254,42843.425351065656,5625.0,18514.933451750025,18,10,15,8
8810.351512159321,2782.7487856463185,0.0002712258513616709,-0.4665697516518248,-1.621547129725771,0.0010039806365966797,5,22920,45008.505830240116,5972.0,17265.780926265383,18,10,15,7
9526.35731696175,3337.0237675484404,0.00040278873485835874,-0.518370556035866,-2.214829944143938,0.001007080078125,4,23967,44557.058716434556,6241.0,19910.97942059624,17,9,14,6
8472.377914326247,3245.4016738872006,0.00031886875827583593,0.2280541462683756,-0.7917697514298085,0.001329183578491211,4,31598,47493.5996800319,8933.0,21736.550160595718,15,9,12,7
15087.768496404931,5976.967396059521,0.0004642314508417182,-1.1193702399971923,-4.06340422379062,0.0010197162628173828,4,32607,77380.45000255115,9448.0,44052.14414352139,14,8,11,6
22634.448233590687,8352.87804571755,0.000505694796792029,-3.2804985613699094,-7.553926419537191,0.0010013580322265625,4,35022,107078.16391958522,10395.0,61038.10693466579,13,8,10,6
3721.1208447313766,963.4566402606432,0.00031100522478347736,-1354.1672652687168,-1711.4701952603205,0.0009999275207519531,4,290,10799.819466668632,88.0,3782.9461417290804,10,12,4,10
4019.1752051728304,1060.1192218127085,0.000289767270614466,-1471.1952021481586,-1908.8579679612753,0.001018524169921875,4,317,12853.893308972914,114.0,5452.6483899167215,9,12,5,10
4426.633070918937,1093.5467243085593,0.0002916943181022252,-877.0963609527796,-979.0321932764058,0.001505136489868164,4,437,14485.273078399234,148.0,5639.24183569034,7,11,6,10
4299.650421083974,1194.0027039164543,0.00031161502114081393,-679.3663527525866,-1040.8192478637034,0.0009996891021728516,4,515,15760.009414451313,172.0,7064.716687119242,10,11,6,9
4575.454661011432,1170.5548099613707,0.00029268960370276546,-357.83051161671654,-517.0125896550974,0.001997232437133789,4,776,21935.303233364797,197.0,9555.167537469599,11,11,7,9
4518.663794599498,1212.2435289365478,0.00025234724555842845,-288.96427616934903,-445.1385537217289,0.0009999275207519531,4,806,21459.633296802156,211.0,9540.046418124082,13,11,5,9
4589.958625816764,1293.6029781454092,0.0002952931748592515,-112.05831368687835,-201.42198597737976,0.0015034675598144531,4,1235,23116.703270961843,310.0,10269.572228239333,16,10,6,8
4938.276317172692,1310.3662645754885,0.0002835357913066592,-107.34352159011819,-164.85998451794694,0.0009996891021728516,4,1359,24750.347748173364,309.0,9346.959244773014,21,10,21,9
5455.740014984233,1587.4398126547999,0.00028897725388873046,-40.16569042918078,-75.37756730101935,0.0035839080810546875,4,2312,27176.357843647427,505.0,13692.955989659553,34,10,30,8
6293.702627724558,1809.613257050282,0.00030183140156475044,-33.95336954182222,-66.38738517681364,0.0009999275207519531,4,2982,31789.440476971507,631.0,16002.650297565095,33,10,25,8
8022.052419619952,2292.3695402172434,0.0003234773410233658,-26.521190194116596,-50.36556526628531,0.000997781753540039,4,4449,40927.97084026473,939.0,20299.036650666814,29,10,23,8
8413.794687980935,2426.2624322810298,0.000313586063706952,-28.272243630036268,-52.41802112432513,0.0010077953338623047,4,4410,40159.756494273766,973.0,20094.655305066415,29,10,26,8
6007.365659311242,1706.2754036064148,0.00011160102499591054,-4.690088752380795,-9.305556453951796,0.0020003318786621094,13,7059,30163.549514088612,1577.0,12622.757351953347,27,19,23,17
8369.10822918358,2262.1684571840406,0.00019189059270906253,-3.28309087844569,-5.255559848666034,0.00099945068359375,8,11668,39105.270249212364,2659.0,14804.2851632842,23,13,20,12
10183.96853970697,2824.2586408002703,0.00023763366466667335,-2.2170931375972085,-3.6412521330756062,0.0010066032409667969,6,16704,45065.12881349542,3970.0,17431.005819354825,21,11,16,10
8682.364297800736,3179.228428254182,0.000280411636571513,-0.11657867312393755,-1.5652739241956048,0.0010004043579101562,5,26028,44244.63008621603,6943.0,19719.498897824145,17,10,14,8
10821.054841108102,4464.617947629621,0.00042133122453763945,-0.24157435328399468,-2.3371650949436016,0.0009999275207519531,4,30663,57924.57377431368,8594.0,32917.76247000809,14,8,11,6
13436.4275240371,5399.929672016435,0.00046081267714378837,-0.8455131593579612,-3.6280060924891506,0.0015060901641845703,4,31808,71568.63667823172,9089.0,40765.61980960457,14,8,11,6
27414.29619992672,9831.46275664662,0.0005269488280324012,-4.6941288015404306,-9.331433719508683,0.0009996891021728516,4,36399,122956.58985665001,11444.0,70021.93482642013,12,8,9,6
4054.368142403163,1040.401264608877,0.0002986404505455352,-1624.9540939394144,-2097.2088144808386,0.0010004043579101562,4,295,10822.642704852551,91.0,3624.6639183230145,8,12,4,10
3701.4490636225164,929.8686146400829,0.0003175774975581123,-1000.0891257666557,-1144.3243958975377,0.0010001659393310547,4,375,12198.111953490534,122.0,4924.109978305394,9,11,4,10
3229.993251530655,838.552209544626,0.00022582215442312601,-1945.5144754728904,-2530.177784360087,0.0009999275207519531,4,253,11982.78839764674,91.0,4303.086197251986,8,13,4,11
4173.9791113320425,1123.795309931172,0.0002649664104509904,-1242.5801889515894,-1915.1979375211672,0.0015060901641845703,4,359,13097.241288011188,126.0,5549.810611489695,10,12,4,10
4622.950271673267,1218.6771116826421,0.0002967290771199789,-873.9460350129474,-1206.6480155414743,0.0009999275207519531,4,457,16014.852554855963,161.0,5882.918027168347,8,11,5,9
3704.274887159733,1015.210893214646,0.0002879658152055218,-451.17972923335,-729.7615520440594,0.001001119613647461,4,612,17458.69268480606,195.0,7804.35731251186,11,11,6,9
4468.1027602026925,1197.1854104584916,0.00027574909148495806,-686.0243241876539,-980.5424962217476,0.0009999275207519531,4,561,19001.3231956771,160.0,7421.444243612887,10,11,4,9
4371.714439606011,1095.0402737433499,0.0003083954339585564,-319.20557425659985,-424.2134292930189,0.0015060901641845703,4,791,21370.531540322638,210.0,8899.308749686985,14,11,6,9
4920.018049825096,1234.5709428258183,0.00028368763505990643,-234.72707753464005,-312.8442555179277,0.0019998550415039062,4,1004,24203.536106566837,262.0,10169.091530806516,16,11,7,9
6663.682308270262,1904.1675010709605,0.00031929945971757005,-45.90860044368147,-86.9401888192191,0.0009996891021728516,4,2715,33800.701893344645,580.0,16849.308589572196,29,10,29,8
8110.995017977841,2314.0768455758994,0.0003262989076681723,-47.26795364967494,-86.77937789275643,0.0005047321319580078,4,3270,37169.158772183684,720.0,18468.96707700203,27,10,27,8
7219.413937706711,2071.1010375529413,0.0003088617871718295,-34.538180567708174,-64.73135739931789,0.001999378204345703,4,3422,35971.74627917714,732.0,17972.598141147,31,10,23,8
5777.756007224436,1638.7708776192364,8.668468189028481e-05,-3.5079209678568155,-6.959643076271772,0.0019996166229248047,14,7706,29580.879813230156,1683.0,9812.048964791149,30,20,25,18
7460.70028580686,2018.5339827298656,0.00014358445786063145,-4.893590395799971,-8.065607596359055,0.0010001659393310547,11,8613,34510.88945610186,1904.0,13824.519634196586,25,16,22,15
7583.068307730263,2078.073828238078,0.00013955553137994645,-4.486429707723394,-7.656225063972238,0.0010013580322265625,10,9156,35604.01009549195,2034.0,14868.994887590226,27,16,22,14
7896.771930141645,2166.212780929861,0.00016327673517439113,-3.40895502352605,-5.890760754675203,0.0019991397857666016,9,11081,39064.19064191623,2507.0,16036.398197586015,25,15,21,13
8578.418890219049,2423.6341194517013,0.00013982813758962835,-3.4389344762704424,-6.244105419761427,0.001998424530029297,9,11799,39000.772595434726,2678.0,16884.118514472866,25,15,21,13
8510.660327236425,2426.897835403459,0.00026022392808707363,-2.020090499665663,-3.767629701802514,0.0010058879852294922,6,14642,40119.9210408465,3491.0,15227.253334280009,21,11,18,8
10197.84884897024,2835.8243317060314,0.00023480194081762192,-1.9623265839240336,-3.2643810632823804,0.0010082721710205078,6,17632,45538.921031048376,4227.0,17547.54679200406,20,11,18,10
8299.930174119023,2877.0619346509825,0.00026459586799838786,-0.8669463071484029,-3.235938348066239,0.0009996891021728516,6,18408,39432.30528908981,4569.0,17570.32987653672,20,11,17,8
9822.13976744221,2765.3529687750715,0.0002317496996785173,-1.2339838183921565,-2.256847759320678,0.0009996891021728516,6,20027,46973.19435130585,4950.0,17987.34474423394,19,11,17,10
9803.44453030188,2779.0936294137923,0.0002708637690627802,-1.024976193758068,-1.9402227673671701,0.0010075569152832031,5,21779,48775.683630266096,5536.0,18748.502932211457,19,10,15,9
9593.005072697593,2830.155264630571,0.00025471973089864823,-0.6895872382036363,-1.6154288399187062,0.0009996891021728516,5,22552,46008.523913610734,5690.0,16466.781934975497,18,10,14,7
9059.508113552727,3328.1939463671893,0.0003515961712325081,0.15240722250694227,-0.8013538521266566,0.0010001659393310547,4,30853,48582.37430295104,8704.0,20625.603739002618,15,9,12,7
10826.975820632017,4494.187244978222,0.00042356627445612287,-0.22304994714353055,-2.2748603251543105,0.0,4,32767,65673.45753257326,9467.0,37261.80635063506,14,8,11,6
12633.970003940596,5140.838921792337,0.0004311708188048332,-0.49660640750808693,-2.7768388992497357,0.0010001659393310547,4,33905,73087.35269236041,10018.0,41462.77058719551,13,8,10,6
24542.462431271335,8772.450976257238,0.0005244251848801337,-4.219882438666699,-8.722304473678443,0.0010061264038085938,4,36535,122648.29194998504,11366.0,69811.78931951779,12,8,9,6
3877.516363193196,982.4779292533952,0.0002793054498809917,-1766.3290147373996,-2110.1770696194644,0.0010061264038085938,4,272,10324.433435303561,91.0,3773.784202432771,8,12,4,11
3546.6450785037023,943.8436323933712,0.0003068716223880015,-1341.0574226962287,-1690.0410027704122,0.0015063285827636719,4,297,10622.979580477826,115.0,4165.861457089106,8,12,4,10
4319.387883195623,1085.9361322034017,0.00025302166510373085,-2058.1356835384627,-2755.1905126617867,0.0010006427764892578,4,279,12420.772123076727,97.0,4638.66119326379,8,12,4,11
4075.5360111253754,1038.6454309400888,0.0002812705480757511,-978.2184983333668,-1464.3620468170077,0.00099945068359375,4,412,13637.86401832848,118.0,5625.68767986348,9,12,3,10
4028.630386535534,1005.2371268525663,0.00028992525557923986,-613.269923300249,-803.8873279955208,0.001508474349975586,4,532,15405.381250056751,161.0,5579.539989877778,10,11,4,10
4672.6246687080675,1206.478435790941,0.0002567966224837878,-1996.2083212988916,-2186.873269210443,0.0010001659393310547,4,331,16213.42392898424,131.0,6926.11570863441,9,12,5,10
4205.708876998356,1056.1409533997567,0.0003129506982238682,-254.77683902310596,-341.15255365800596,0.0010156631469726562,4,882,20635.84437172912,259.0,8434.652895897154,13,11,7,9
4315.1266463092725,1086.9986706512636,0.0003006419927094418,-259.6156337725506,-379.2447164669991,0.00102996826171875,4,859,21144.769044238794,237.0,8647.543204262554,15,11,5,9
4370.607564302507,1174.5282073498358,0.00025819629450111667,-287.1843461748263,-442.604847114677,0.0020301342010498047,4,812,21493.08897866391,227.0,9605.587759966096,13,11,5,9
4804.557879049067,1209.0900355395352,0.000279565228707882,-216.11873908254486,-301.3476298062693,0.002000093460083008,4,1030,22993.88423955482,253.0,9642.489964537112,12,11,7,9
4929.731583776,1229.15045814103,0.00022283205210481792,-323.54776200383236,-447.71691640590245,0.0021331310272216797,4,781,23984.59189812445,185.0,8799.819537695374,15,11,6,10
5152.381570938881,1291.8277418011699,0.0002828179742331104,-194.30078083480237,-271.54235028760775,0.0015053749084472656,4,1076,25266.98291198838,242.0,10534.878093800151,20,11,18,9
5356.2489042166835,1520.0650762842083,0.000309154224921953,-108.93022824749417,-196.5072269847943,0.0019998550415039062,4,1438,26936.08228035556,331.0,13408.394147618383,20,10,7,8
5922.639835961204,1721.4546772582044,0.000282297729093759,-21.630969154017603,-42.55878564219238,0.0010001659393310547,4,3469,29667.484653207284,744.0,15053.688931811914,35,10,33,8
5293.412188421363,1578.802527841418,9.737361040944427e-05,-5.169367831134763,-11.625474357966656,0.0009980201721191406,16,5864,26252.48867041675,1287.0,10255.43100923514,28,22,25,20
6025.919220809892,1656.7189641306131,0.00012173909285360864,-5.261468295179053,-9.744679464299258,0.0010006427764892578,13,6647,30014.57903994807,1445.0,12064.66979427298,27,18,22,17
5595.709698861221,1680.396982343419,0.00010066296807985726,-3.084249116942786,-7.086859370580109,0.000997304916381836,13,7852,29517.273725029117,1743.0,12306.792365615016,26,19,24,17
6675.554877376756,1811.1151804257943,0.00013608104535729276,-3.613396013242059,-6.386973190296983,0.0009996891021728516,11,9116,34937.59512974724,2013.0,14194.306538369332,27,16,20,15
7918.734605028784,2166.8880693967785,0.00015513548276711904,-3.9963164020662996,-6.5113091749124115,0.0009980201721191406,10,10130,37543.637187164015,2338.0,15346.14614959804,24,16,22,14
9329.31393922097,2579.733751765715,0.0001842464321471404,-3.577113858233562,-5.846184638369083,0.001001596450805664,8,12624,41684.38137802557,3006.0,17173.871055602533,23,14,20,12
8737.565993924265,2399.981778895043,0.00023090617913746887,-2.4244191005171456,-4.067222062271397,0.0009996891021728516,7,13873,41005.2481256103,3321.0,15146.736940260744,22,12,18,11
8827.654800728844,2692.6629856757936,0.00025037760054525044,-1.5059583691422374,-3.4102214230699976,0.0010001659393310547,6,16388,39872.99841009322,3900.0,16080.507592484399,21,11,17,8
9596.193177033385,2885.1440249016846,0.0003056161805189469,-1.4543269514119785,-3.0662904727043445,0.0009999275207519531,5,18126,41714.23553412305,4352.0,16099.732711990877,19,10,16,7
9133.262715384026,3131.4149726480273,0.00032074752002859546,-0.954272587597274,-3.1705540282210984,0.0009999275207519531,5,19612,40639.82351896396,4739.0,17606.728818949916,19,10,16,8
8488.81306993896,3023.371036729075,0.0003262053411753326,-0.6762856832250972,-2.8946671725131563,0.0010004043579101562,5,20317,41083.64918911796,5093.0,20467.66595752303,18,10,16,7
9926.24621168315,2831.2732680915383,0.00022028245411098113,-1.0022719939293423,-1.8607515798704846,0.0005056858062744141,6,21245,46613.428168644736,5393.0,17407.547449764694,19,11,16,10
10899.204365196776,3131.7648439359486,0.0002624057944636614,-1.2715482439146912,-2.2736392940678303,0.0009989738464355469,5,21951,50218.935800162704,5745.0,19970.253879841548,18,10,16,9
9392.964640583614,3299.1482619616672,0.0003555306405195099,-0.32443975641524747,-1.782444453115271,0.0009999275207519531,4,25284,44719.03812406708,6682.0,20143.723249270806,16,9,14,7
9311.477296538897,3555.6150364679247,0.00041115315211064834,-0.18455118574109575,-1.896257569446219,0.0,4,26567,44828.12296871869,7128.0,23876.416155162216,16,8,13,6
10553.356256115732,4270.4075701669,0.0004473418012070877,-0.4277756125165124,-2.8475232679828326,0.0009999275207519531,4,29178,59541.48037438947,8291.0,33889.478091354715,15,8,12,6
8787.968852247683,3698.551970815832,0.00036793431629037626,0.2065318852174114,-1.220830699013995,0.0009999275207519531,4,31134,47961.296164831234,8731.0,27108.947789840968,15,8,12,6
15722.561808851351,6165.716720262525,0.0004853113104313917,-1.399165793227926,-4.642368101837073,0.0010190010070800781,4,32047,79300.56549960306,9245.0,45248.65650864088,14,8,11,6
4437.552538847971,1103.4832705749925,0.0003033836033808818,-1030.3653558126857,-1262.9188270208456,0.0,4,426,13359.201177298595,136.0,5277.096872881808,8,11,5,10
4210.545346933981,1173.5040917351193,0.00032147405225389986,-625.4829587397173,-981.7483184872611,0.0015053749084472656,4,534,14701.73424152044,153.0,6559.752836452088,10,11,5,9
4596.196149854942,1191.0959216684141,0.0003123642925025742,-563.0526106070139,-813.736226217354,0.002000093460083008,4,606,19497.937781452576,175.0,8579.287157493549,9,11,4,9
5019.231530176417,1273.3714775298474,0.0002652257172012512,-182.36802736846565,-264.67895706616457,0.001997709274291992,4,1039,24732.256408755507,238.0,10599.238156764546,19,11,8,9
5973.963690855971,1710.7968664588973,0.00031542729967129317,-61.78608982360724,-117.78789887392001,0.0015094280242919922,4,2067,30226.80907970064,447.0,15120.478056395521,28,10,28,8
5209.376438993142,1496.0291338232644,0.0002885118877076834,-50.43640828931933,-96.96041744151115,0.0009999275207519531,4,1956,26091.640767250512,421.0,12177.252960815713,29,10,24,8
6597.813722945277,1896.7850584264816,0.00029672899564760024,-34.76961402787761,-65.6036040723384,0.001993894577026367,4,3132,32118.171671769593,668.0,16127.842612999462,32,10,32,8
7505.937049610941,2145.191176340512,0.0003290421322916422,-33.271310145924396,-62.56903912848094,0.002000093460083008,4,3599,38007.24070491287,763.0,18968.287397922235,32,10,27,8
6640.6258756855705,1671.6276641907784,0.0002487042987887181,-25.781815243616045,-37.38730570503028,0.0019998550415039062,4,3663,31143.999727758877,786.0,13236.379694013369,37,11,33,9
4463.906563933667,1279.5272380718814,7.213576581133743e-05,-4.85575542345466,-10.854075965372001,0.0020093917846679688,20,5164,24574.483383555966,1118.0,8334.940195096604,32,26,26,24
4869.595387728636,1432.1942436922295,8.993404072642098e-05,-3.711561800986316,-8.587445750797782,0.0015156269073486328,16,6304,26777.585862015243,1378.0,9827.55476652307,29,22,25,20
4691.155436326495,1344.124209703539,6.580240330445302e-05,-3.30297480729738,-7.259213230249541,0.0009992122650146484,18,6518,26895.64123197245,1429.0,8959.273688091573,33,24,30,23
5947.197367147489,1763.0583158870454,0.00010217226907388364,-3.030377148883801,-6.791349704827233,0.0015060901641845703,14,8386,30312.361293160193,1826.0,12657.155063583352,30,20,24,18
8028.6964512502245,2181.598807399233,0.00019983403472977523,-3.4596691622467226,-5.823772057305881,0.0009992122650146484,8,11387,39776.91109084004,2617.0,15724.450629883046,24,13,21,12
8309.021956657973,2286.077017911709,0.00016916726588370537,-3.0995421488114117,-5.2655769058537745,0.0009996891021728516,9,12001,39648.65566712195,2779.0,16089.676739521368,24,14,20,13
9315.705542454702,2577.964365192357,0.000213201092427826,-3.4556600729510336,-5.7502219794079785,0.0015137195587158203,7,13030,42435.78802338937,3039.0,17351.51298109578,23,13,19,11
9076.263656040375,2495.095024482797,0.00021646638580697197,-2.387517615520418,-3.946247563518786,0.0009996891021728516,7,14327,40713.41558076853,3332.0,15008.295432345352,22,12,17,11
8605.439162968638,2371.7946140971135,0.00024144570557841277,-1.7517810570580719,-3.0931110114291513,0.0010061264038085938,6,15834,42443.62536728003,3802.0,15725.084856635534,21,11,17,10
9589.935297971777,2713.426073779659,0.0001815076123667469,-1.8400134676553228,-3.2300991391497584,0.0010004043579101562,7,17048,45474.47439865883,4155.0,18583.29350489474,21,13,18,11
9890.95579560384,3372.7202698831707,0.00039300230375923515,-0.950103089810814,-2.9834671647652207,0.0010247230529785156,4,21400,42112.640895865276,5456.0,18606.67945657627,18,9,14,7
9047.262491112158,3048.0260359298913,0.00029512770998551597,-0.5545938188359847,-2.110662116104249,0.00099945068359375,5,22207,42701.565072077596,5604.0,17669.13122168937,18,10,15,7
9364.078856889264,3238.932286470429,0.00039052274480063764,-0.5682769233191969,-2.3070916528686345,0.001001119613647461,4,23136,43523.1065773607,5977.0,18807.243500070428,17,9,14,7
9475.969032587058,3686.1537042978985,0.00042299885987252405,-0.3937433357819169,-2.586553344409181,0.0009999275207519531,4,24979,45150.51188194714,6570.0,25636.807504110737,16,8,13,6
10483.316982040864,4251.98340537378,0.0004410651031381465,-0.36545502690690235,-2.6548346217660237,0.0015048980712890625,4,29247,58341.10542813147,8103.0,33177.37930658666,15,8,11,6
14236.93191797571,5614.416737895448,0.00048328169398123257,-1.1410883274799817,-4.247223942779176,0.0010001659393310547,4,31408,74512.77965160416,8815.0,42472.57304828649,14,8,11,6
12837.468475117788,5176.808180891199,0.0004635045211200608,-0.6860638213817847,-3.282173049567402,0.0010004043579101562,4,32107,71096.7080484763,9301.0,40461.075058269984,14,8,11,6
27469.886873505715,9875.470388886435,0.0005484411695205654,-4.926116807897817,-9.955107050545525,0.0005056858062744141,4,36044,122030.62698102352,10896.0,69669.25430829797,12,8,9,6
32496.15864877855,11295.492643177626,0.0005548236546973951,-7.20929900773573,-12.805828810502133,0.0,4,36637,141839.4242668959,11454.0,80788.3665484591,11,8,9,6
3812.071452677872,966.774596669996,0.00032577489536123066,-1122.5403082375371,-1490.6985095474256,0.0,4,327,11612.806968066674,110.0,4732.335704489693,7,11,4,10
3735.807448252244,970.8121460508897,0.00028821650466747957,-1495.1037030920509,-2256.313238461536,0.0010008811950683594,4,296,11765.418668051201,107.0,4209.911852610214,10,12,4,10
4051.508367003254,1001.4303970492164,0.00032120397018484023,-921.6855736367269,-1164.496537820733,0.0009999275207519531,4,416,13950.654976930167,136.0,5165.510911388574,10,11,4,10
4010.7514899503326,988.3898189856375,0.0002912949046503885,-1013.0819738426035,-1197.5477900660965,0.001998424530029297,4,405,15093.083227798305,134.0,5991.514268804021,10,11,5,10
4619.461744450485,1194.2124481757173,0.00025757025825886345,-1075.3660443586184,-1373.455349079654,0.0009996891021728516,4,433,15085.418244596527,134.0,6340.943012340687,10,12,6,10
4588.842077475441,1125.5489509343417,0.0002701796243972322,-983.7413138023171,-1189.5648041873037,0.0,4,493,17321.589492736985,133.0,6874.381801694613,10,11,4,10
5012.318149378617,1243.0599899630927,0.00023579468590065723,-851.4266379042973,-1047.0729310969996,0.0009996891021728516,4,536,19973.84273828605,155.0,8234.00982570641,10,12,6,10
5032.782235146704,1479.1182722567394,0.00027700988699606036,-43.149535575375765,-88.29515622996419,0.0020689964294433594,4,2120,25593.09478042391,446.0,12788.66192691979,30,10,23,8
8992.07200425338,2552.8905204022785,0.00035334726167211047,-36.98376751727183,-66.51815890077891,0.0009975433349609375,4,4145,42713.38504549932,920.0,21044.042329554737,31,10,23,8
7432.4200671958215,2148.840686039118,0.0002965077405606412,-22.870001736325637,-44.00517320920829,0.0020034313201904297,4,4339,34751.19255748788,927.0,17563.882793978744,31,10,31,8
8146.834151016824,2199.579538234308,0.00018734123217251466,-3.5263634280970697,-5.804318703297953,0.0009996891021728516,9,11049,37545.13732057219,2467.0,14193.484737095103,25,14,21,13
8913.48559760943,2443.6001662241692,0.0001873220994781453,-3.684663854684324,-5.961307228746797,0.0010075569152832031,8,12029,40694.82586715039,2824.0,16570.20211991251,24,13,21,12
8549.400529636097,2401.7148950536434,0.00022285155966745112,-1.309261472137257,-2.470135274204002,0.0020253658294677734,7,17338,42702.93667439207,4177.0,15515.31882418198,21,12,18,11
10654.069696482338,2986.509558672649,0.0002793416935098484,-1.8923174189643825,-3.128247197524507,0.00099945068359375,5,18764,47560.208723491654,4721.0,18793.486008940912,19,10,16,9
9028.144578307214,2617.800918740846,0.0003069694656282115,-1.0874621249802043,-2.2739748665076434,0.0009987354278564453,5,19568,44223.234596759925,4856.0,16367.04426650476,19,10,16,7
8810.468664264876,3069.5691081476934,0.00031770491916749405,-0.5916993132041248,-2.4236823982822813,0.0011391639709472656,5,21450,41908.694254178685,5383.0,18900.52816891112,18,10,15,7
9821.11485520864,3507.8247813458493,0.0003973009181921524,-0.3266149279676067,-1.78872317372499,0.0010008811950683594,4,26363,45629.1567044313,7007.0,20332.641153742057,16,9,14,6
12817.974987095877,5154.704772532073,0.000475188389526464,-0.7896591613364035,-3.5798168820882443,0.0010001659393310547,4,30794,67233.3950012411,8618.0,38326.5097048764,14,8,11,6
3765.719700014962,962.795405738402,0.00023082775210180704,-2111.55404724767,-2562.5553682382597,0.0011217594146728516,4,239,11062.552112889707,83.0,3702.3587680092232,9,13,5,11
3776.2419209129675,942.9228576356956,0.00031682947747592606,-939.1722739365358,-1123.9201377183579,0.0009999275207519531,4,396,12823.557159159544,119.0,5171.684928399947,10,11,6,10
4770.063309683069,1208.6175800431345,0.000305894176255515,-1578.3033413234884,-2061.0223875979696,0.0010006427764892578,4,355,13265.019436733277,112.0,5496.034656791089,9,12,4,10
4355.420077444692,1097.8835304261045,0.00030182438480293937,-1118.9704455534113,-1476.1698804477307,0.0010182857513427734,4,405,13871.449669704987,119.0,5741.569873596474,11,12,6,10
4404.820065045782,1108.5736762000229,0.0003120419760520915,-893.4850642671041,-1025.2553475335692,0.0,4,469,14285.796379089523,155.0,5052.9228786207295,9,11,5,10
4013.6845235095107,1093.6453160734495,0.00031568077524836245,-484.5309446703457,-799.7130250855047,0.0009815692901611328,4,578,15482.198457926064,168.0,6865.941526496164,10,11,4,9
4925.623714336976,1210.4172479473498,0.0002886135173067537,-949.2882416718433,-1194.3842177933466,0.0009815692901611328,4,489,16739.937635391063,133.0,6372.857132197107,9,11,6,10
4769.343385223769,1335.3083688132197,0.0003085821421240327,-701.7571258782788,-1104.308298167142,0.0010058879852294922,4,544,16214.964054894179,151.0,7303.510845479261,9,11,7,9
4506.949717076568,1151.7316392778966,0.00032563544545890496,-260.64519764013585,-385.34805691115463,0.0009999275207519531,4,874,20402.704857029843,246.0,7990.474880416536,12,10,6,9
4560.931093562975,1146.741917487459,0.00030572440555567867,-268.7871305533736,-367.06387439419433,0.0019998550415039062,4,857,22305.664944255957,236.0,9139.563512553206,14,11,5,9
4527.701623352975,1163.3373816929275,0.0003116853198221554,-166.3321196035326,-243.617797576416,0.0020971298217773438,4,1082,22506.192256029324,260.0,8808.385165497835,15,10,8,9
4864.114291787066,1414.419529825331,0.00030885788690453647,-111.86326691318386,-204.1392418812545,0.0,4,1339,24393.272610485896,307.0,12262.982241508187,27,10,25,8
5179.724111029083,1380.458945688675,0.00028044394742106923,-69.09685829276137,-113.31167369384902,0.0019974708557128906,4,1729,25772.136872029387,372.0,9769.49100609819,36,10,31,9
6365.646468845971,1815.7469333301494,0.0003312398497709482,-66.81460568328761,-122.5282407929336,0.00099945068359375,4,2141,32112.165941870408,458.0,16038.748544783077,29,10,25,8
6074.8397240325,1748.1131237578554,0.00031164936663081566,-39.85077108747347,-77.00556832144403,0.0015044212341308594,4,2622,30726.47134428586,565.0,15469.624474420627,30,10,24,8
4823.054636740457,1404.7498743170984,9.49284751661773e-05,-5.5074268029687445,-12.616555234459263,0.0010008811950683594,18,5199,24621.96903606805,1129.0,8887.868446836132,29,24,22,22
6763.713108491329,1818.0925649973176,0.00014859649797434465,-4.526086845656782,-7.910295772155873,0.0009984970092773438,11,8154,33392.72612149043,1786.0,13250.00709868021,26,16,21,15
7047.552958872561,1930.1448311278746,0.0001398768320978357,-4.874776722374497,-8.416154449834051,0.0014891624450683594,11,8345,33997.07229398134,1890.0,14242.855440169958,26,17,23,15
7257.690232317477,1997.6868981138034,0.00013364657572215852,-4.2820709715847505,-7.3036866726253304,0.00099945068359375,11,8836,34294.323673991734,1978.0,14417.781009513106,26,17,21,15
7908.607844105758,2146.8880082667847,0.0001714137125469325,-3.7514113547227783,-6.280850307793887,0.0015058517456054688,9,10530,37410.407049858026,2352.0,14837.849739102996,24,14,22,13
9151.495482562015,2527.1884443199565,0.00020897275643046544,-3.218978755139954,-5.430640022340869,0.0,7,13288,42320.37610403162,3046.0,17306.789093114377,22,13,20,11
8340.785789480135,2873.743510116552,0.00031976249929462574,-0.6940551378389805,-2.6981009899614,0.0009999275207519531,5,19927,40710.57272419599,4974.0,17594.335044083622,18,10,15,7
10729.721045733468,3055.126566936836,0.0002623974001742418,-1.562510962638282,-2.701457544240212,0.0010006427764892578,5,20470,50035.58370865591,5243.0,20375.058986974494,19,10,16,9
9757.172698895098,3354.1698376675677,0.000403578058013457,-0.7432451679713599,-2.5489334602048253,0.0009996891021728516,4,22412,43036.71561955519,5833.0,18672.0334275043,17,9,14,7
9602.881944228558,2767.660636957713,0.0002593830352024315,-0.6184813187494778,-1.3585178188946019,0.0012938976287841797,5,23438,47808.76022692538,5993.0,17802.839327726622,18,10,15,9
9478.748643343906,3318.9828197322904,0.0003633547487736516,-0.37727993320298014,-1.8575635338024883,0.00099945068359375,4,25117,44332.26013377476,6623.0,19831.833287783375,17,9,14,7
10681.620815768309,4424.754594855165,0.0004324752034866217,-0.21282852271939712,-2.293301952509971,0.0009987354278564453,4,30773,57442.48225701945,8718.0,32648.224767467138,14,8,12,6
14484.459383178448,5712.6842282389025,0.0004900891734088295,-1.1972849079944297,-4.361051030837479,0.0011487007141113281,4,31753,76237.5355251705,9144.0,43501.83356518965,14,8,11,6
20065.591652321502,7459.600737678317,0.0005325854546613767,-2.9398453041015893,-7.284117215047518,0.0010547637939453125,4,33587,101347.45980462966,9924.0,57889.221659544186,13,8,10,6
4117.485266254792,1034.4641748663587,0.00033078532183766107,-1167.5871913282906,-1275.6456714305182,0.001504659652709961,4,368,11699.842034713143,117.0,4710.228634429142,10,11,5,10
4568.822227103746,1144.0016563827141,0.000246298758042931,-2227.2008334227453,-2809.254937716431,0.0015251636505126953,4,293,13514.736958602716,97.0,5069.128917713882,8,12,3,11
4754.525829673927,1237.6699073619661,0.00033606998565723154,-856.5455234594003,-1131.1903710910976,0.0009999275207519531,4,518,17227.604777879635,162.0,7572.961589435294,8,11,5,9
4787.537553375824,1258.1330249062614,0.00026915467306519995,-547.7614283355298,-802.9777046363319,0.00099945068359375,4,636,18668.632266979097,172.0,6635.668321433106,12,11,6,9
4131.4926603366075,1064.4819455516738,0.00030615457980433263,-473.7767518090623,-676.3107455232451,0.0015227794647216797,4,626,20102.856915449156,182.0,8800.715802876613,10,11,4,9
5052.51237315439,1436.56370185428,0.0003337043245985965,-138.48511698107325,-250.03598737652413,0.0019989013671875,4,1187,25246.95069817986,279.0,12645.224653924644,17,10,5,8
8501.906701171869,2423.0951318869606,0.00034383168517764315,-42.65716463758809,-78.22574541098042,0.0010058879852294922,4,3679,38700.01851232645,799.0,19227.661495579552,29,10,29,8
4992.492972347985,1415.2131289637534,9.024002248559085e-05,-4.9044612315851275,-10.268930783111868,0.0010001659393310547,16,5760,26276.58988746117,1224.0,8778.79154958135,30,22,23,20
6823.23531758163,1840.1702404961018,0.00016349016147390315,-5.07926527301821,-8.739164093705341,0.001999378204345703,10,8035,34640.24081145163,1834.0,14135.777036714855,27,15,23,14
6586.353420687103,1780.6010913664154,0.0001556500462319376,-3.4180466624489725,-6.064992160847556,0.0009999275207519531,11,9368,34726.618005994154,2064.0,13506.128870143799,26,16,21,15
8371.818309367614,2280.354064636783,0.00018982784282071277,-3.2331083559771647,-5.169414030354443,0.0009925365447998047,8,11738,38675.21335918607,2765.0,14786.506218171213,23,13,19,12
9424.578776711258,2576.968300137263,0.00026991628756133307,-2.6088163372397393,-4.123723486713452,0.0009999275207519531,6,14602,41832.778622541366,3489.0,15637.390345226071,21,11,17,10
7800.015166432876,2696.4744454285756,0.0002831336957209252,-1.1483205495638606,-3.876981620643458,0.0009999275207519531,6,16155,37580.12533768447,3913.0,17396.493902043483,20,11,16,8
8785.202907609611,2874.924096021173,0.0003211103064004669,-1.1923809937496204,-3.343111204325626,0.0010013580322265625,5,17791,39535.90107664419,4397.0,16623.084959262425,19,10,17,7
8779.3269806177,2969.4886601369367,0.0003920935065306451,-0.9692499173356544,-3.138543097406809,0.0015060901641845703,4,19182,40522.545971929394,4852.0,17951.14908333021,18,9,15,7
9425.574050864027,3200.7355859377612,0.00041626224952677173,-0.8503474064906031,-2.797057889395835,0.00150299072265625,4,21118,42012.665130750254,5334.0,18146.227543256406,18,9,14,7
9080.619045297193,3207.8700492733824,0.0004242872053543111,-0.6286255781433419,-2.577585403763521,0.0,4,21923,42235.41396163053,5627.0,20175.75933874285,17,9,14,6
8894.386513953119,3397.030783635116,0.0004367141541284016,-0.4156840789570837,-2.6199053578334124,0.00099945068359375,4,23770,43254.62535661602,6183.0,24592.9626962225,17,8,13,6
9152.629990591959,3261.8353676139395,0.0003774871043142056,-0.2575492961975032,-1.7566626463740502,0.0009963512420654297,4,26157,44373.86893816186,6896.0,20029.824522428862,17,9,14,7
14645.239774605632,5802.441076718252,0.0004547690041983161,-0.9065162573216274,-3.463865744170316,0.00099945068359375,4,34966,81833.45849032007,10479.0,46469.7482191243,13,8,10,6
47197.747909948666,15940.93409514368,0.0006521386649969585,-14.876057310954515,-23.799530660324994,0.0010008811950683594,4,37426,182245.0694622536,11820.0,104167.40015517964,11,8,8,6
4715.415290057919,1166.5251407287153,0.0003218025748887872,-1660.6005727208342,-1794.7568003645547,0.0010066032409667969,4,342,13477.826219141738,128.0,5390.158885985977,8,11,5,10
4524.214355555752,1160.4321170303074,0.00031838746265781944,-791.6467005396955,-922.5232979041886,0.0009975433349609375,4,505,14154.218805996652,152.0,4861.676065992022,8,11,5,10
4488.457289868714,1184.6548596660496,0.0003263817110295093,-797.5041989163894,-1042.6529311405507,0.0010006427764892578,4,486,14512.221777910203,155.0,5345.268350429591,8,11,5,9
4693.363475848897,1248.4854407310625,0.00033524888414517224,-605.1472244922978,-779.4629725929311,0.0,4,549,15268.171142210454,167.0,6717.626317859807,10,11,5,9
4803.478031126744,1253.5793227434172,0.0003078877013584497,-502.46426830377965,-709.282157768564,0.0020208358764648438,4,651,18223.856228549284,182.0,7989.884352823476,11,11,6,9
4667.6362448724985,1178.7380185189932,0.0003222296060715282,-492.3722047153197,-639.3632270637924,0.001995563507080078,4,665,19186.341916634323,200.0,8155.108493904001,9,11,4,9
3845.2122108892804,1049.1657955444807,0.00030025365613122623,-577.3477100752154,-971.2601453957499,0.0019986629486083984,4,539,18670.93015867838,162.0,8430.631962167234,9,11,5,9
4652.4893591530945,1194.0849423766122,0.00031158333420388884,-481.74713508285646,-707.2157061918449,0.0010330677032470703,4,657,20216.104623832198,190.0,8818.502704456649,10,11,4,9
4669.811685096599,1324.6622812370292,0.0003469616179665057,-189.66883116795907,-339.2926930580631,0.00099945068359375,4,1093,23391.930790825405,267.0,11676.508207103412,12,10,9,8
4894.023179561292,1256.5150529424482,0.00030175378985606763,-149.06533568222852,-224.10262719014563,0.0009982585906982422,4,1084,24114.634120878804,257.0,9505.69866010479,34,10,14,9
5621.229898262771,1595.5281143875916,0.000321606443198566,-96.53127972502818,-170.8350267459327,0.0020127296447753906,4,1592,28264.885254201617,344.0,14058.939956161114,22,10,17,8
5172.519671363611,1325.1057792244508,0.00027624509055413987,-74.03194146872225,-111.80152220942361,0.0009996891021728516,4,1632,25781.46175457367,358.0,10223.741019180605,35,10,33,9
5617.735924115705,1415.4529718618053,0.0002529888423668647,-43.56881972009856,-62.732158239272415,0.0019991397857666016,4,2400,27947.385206573646,528.0,11641.903540737614,33,11,28,9
7315.651835933143,2085.942698489898,0.0003477724127117493,-51.83105422156851,-95.31389525861866,0.001505136489868164,4,2822,36800.5152743404,602.0,18330.26340219615,30,10,29,8
8222.960187531924,2354.45607586378,0.00032795632297589827,-29.730665740474038,-55.70639258495157,0.0010068416595458984,4,4226,38558.15423063305,902.0,19150.66865937166,29,10,29,8
6032.53727287987,1644.8952293291677,0.00012627027963830003,-6.479487334016914,-11.558183524229822,0.001995563507080078,14,5934,28599.9250795564,1297.0,11388.373272235902,28,19,23,18
5152.829864924973,1478.174262690314,7.91441047747212e-05,-3.517822839326193,-7.5542680261861594,0.0009980201721191406,16,6710,27346.686222605393,1453.0,9346.172801925037,29,22,26,21
7582.172238216663,2086.8063583719586,0.00014265797487272454,-3.2926211164105377,-5.7314198127385,0.0010106563568115234,10,10466,36474.21589051343,2395.0,15052.511260150357,25,16,21,14
7947.499916979898,2178.993775302929,0.00021741801762568657,-2.526744087834345,-4.4043110639525125,0.0009999275207519531,7,13225,41549.99618107874,3135.0,16433.847396216996,22,12,19,11
8002.114132955569,2206.832366040572,0.000177884684963129,-1.9797815479383902,-3.562252747179495,0.0010068416595458984,8,14066,41000.62454793831,3275.0,16204.108523047173,23,13,18,12
9091.662282757698,2631.392865264282,0.00025427706418366497,-1.4635333230555991,-2.7918451035442806,0.0014328956604003906,6,17103,41257.76957692292,4116.0,15333.447750454594,21,11,16,8
8116.611961819429,2744.0594158733525,0.00031089288206225343,-0.7613837042991403,-2.726808554869987,0.0010008811950683594,5,19354,40227.60991493719,4793.0,17306.449746883874,19,10,15,7
8905.366348900758,2944.5450140094536,0.0003119362171829257,-0.8387526783832282,-2.664497790387676,0.0009999275207519531,5,20122,41060.430236844026,5068.0,17002.052469964063,19,10,15,7
8931.626034559664,3086.396155638571,0.0004053851769694054,-0.36634912428164945,-1.8524314678066744,0.0010068416595458984,4,24622,44258.53470098339,6531.0,19386.32255928041,17,9,14,7
9117.173025910006,3526.5060588828305,0.0004195195498118131,-0.2600598787313424,-2.1730994336986087,0.001007080078125,4,25549,43614.98368381177,6761.0,24338.77531495325,16,8,13,6
10946.122158315875,4357.035098051267,0.0004481840966212491,-0.6010849270636507,-3.11933572614113,0.0020177364349365234,4,27184,54588.51568862976,7365.0,31072.43011161525,15,8,12,6
12555.528516797049,5059.303730793649,0.00047901341802114567,-0.7384772803804822,-3.41042239518643,0.001001119613647461,4,30092,64719.25009862424,8489.0,36893.56431871257,14,8,12,6
8633.757641708502,3256.501757376335,0.0003760056977144747,0.16667360911878248,-0.8726114605136066,0.002017974853515625,4,30398,47760.86790321996,8548.0,21403.02432459603,15,9,11,6
18028.99454520618,6865.025330143571,0.00045303093530840694,-1.6415298905403035,-4.507788537451717,0.0,4,36178,94367.92599904124,11268.0,53551.58130120783,12,8,9,6
3544.6253528762063,919.8592868947673,0.0003319512967815198,-1357.451076987304,-1553.599478395226,0.0010004043579101562,4,291,9779.895612690556,94.0,3452.7295568294667,8,12,6,10
4130.504596817942,1024.231034692444,0.0003523192769244253,-1257.6318046967272,-1363.1116351623175,0.0010008811950683594,4,327,11278.60733145508,121.0,4388.367924180275,8,11,5,10
3849.680703886008,947.0590687445928,0.0003210556920853611,-1120.141871348437,-1488.0496809332,0.0010056495666503906,4,366,13489.077241945903,117.0,5222.490630859749,9,11,3,10
3803.227819027808,977.9303694069056,0.0003247754645258357,-831.4398930236467,-1242.198770446288,0.002514362335205078,4,466,15253.557985001295,136.0,5277.848408224338,10,11,5,10
4106.170429139778,1070.3266745972987,0.0003427349979537537,-299.8294713880681,-442.16427636925243,0.001007080078125,4,779,19087.490129280624,237.0,7235.442402801094,10,10,4,9
5176.654265254888,1305.4652266720586,0.0003162816879296377,-541.542987647372,-706.1627308234412,0.0037283897399902344,4,679,20335.41128405091,192.0,8672.280137999267,12,11,4,9
4980.893927036366,1261.133855299575,0.00029318116905173745,-340.2606448654983,-445.26736840760174,0.0019979476928710938,4,854,21982.12074216108,214.0,9427.282059593454,14,11,5,9
4630.806199281029,1169.7613613198575,0.0003079160474294035,-230.06148084979344,-315.5524573574961,0.0025110244750976562,4,929,22730.56131455414,233.0,9153.729501735445,17,10,6,9
4812.698129730632,1376.3464698637436,0.000318332603766109,-115.94928140928592,-213.35043197183256,0.0025064945220947266,4,1267,24236.038823751223,297.0,12116.06693067008,23,10,6,8
6018.2488641769805,1709.1411842503771,0.00034658029361246944,-91.31537420023889,-166.8997956039455,0.002512216567993164,4,1744,30289.352334361065,372.0,15063.795633953923,25,10,19,8
6869.23338594369,1964.8640166061086,0.00034601917829011475,-52.131589241662745,-98.94989637143394,0.001999378204345703,4,2595,34751.21842150464,560.0,17341.620421266736,28,10,28,8
7175.352403979647,2045.4638942366032,0.0003480750419995027,-45.49831335773308,-86.22278608305845,0.0019981861114501953,4,3021,36195.1697818461,650.0,18063.374538494194,29,10,26,8
6553.983123930508,1891.7365828847292,0.00028911961669601664,-22.059173511848282,-42.56182142012356,0.0020294189453125,4,3893,31518.50532310496,832.0,15891.710516774721,32,10,32,8
6043.065349936823,1664.7401594960857,0.00012866038492283677,-3.757737400150295,-6.960881987496116,0.0009987354278564453,11,8253,32514.013822194443,1826.0,13632.285913661424,27,17,24,15
6652.627959771976,1800.0373164202692,0.00017521069488726643,-3.632972260589816,-6.287692716700781,0.001155853271484375,10,8882,34122.159815117455,1994.0,12605.3960981298,24,15,21,14
7526.97522423889,2020.5999354533644,0.00021586752090888364,-4.1665960146436065,-6.6892657344923805,0.00099945068359375,8,9570,36145.390528976255,2155.0,13471.752711131121,24,13,21,12
7500.681041794649,2040.7691888752859,0.00017331406552065782,-3.725603412927076,-6.262880568479411,0.0010068416595458984,9,10026,36932.50625338303,2269.0,14734.292956910242,24,14,21,13
7864.066382355044,2128.1821006305545,0.000204919573466807,-3.3313673099118093,-5.5357254933204825,0.0009999275207519531,8,10929,36838.751054350105,2466.0,13531.570801628473,23,13,19,12
7746.727584059813,2282.293811877633,0.00024388913842903517,-2.4051475920430763,-4.881049634115236,0.000997781753540039,7,12253,36174.155244765425,2797.0,14489.70887628617,22,12,19,9
8630.94712076905,2389.1811754106475,0.00021024509933521357,-3.085231862544445,-5.269528864267659,0.0010001659393310547,7,12845,41836.037857361356,3065.0,17148.335989859006,22,13,19,11
8098.592957986497,2321.1806677857935,0.0002768981418418355,-2.120044608288125,-4.080952582065644,0.0010111331939697266,6,13565,38456.443920306694,3203.0,14838.972740791243,21,11,18,8
7937.294286375631,2304.833400841062,0.00023476628791247166,-1.7460065978131696,-3.5680618507473483,0.001003265380859375,7,14261,38366.32405833048,3390.0,14858.465265239136,21,12,18,9
9365.671748932784,3170.009420127534,0.000423377428201049,-0.8153788192326616,-2.705744627090726,0.0,4,21469,42063.686277729445,5394.0,18305.15608079401,18,9,15,7
10147.673345467721,4014.8378145679435,0.0004558405535362925,-0.520654175292204,-2.9589462553922576,0.0010020732879638672,4,26217,52284.05184975258,7120.0,29775.553520563655,16,8,13,6
8525.931874063072,3149.412357611874,0.0003739227766664762,0.09636871979071493,-0.9927191439427399,0.001001596450805664,4,28864,46786.17963891109,8093.0,20587.737824816693,15,9,12,6
15824.43816240148,6190.494579961546,0.0004884521724282452,-1.526221895225564,-4.95768612940412,0.0009832382202148438,4,31028,76987.11185401575,8932.0,43920.67873018683,14,8,11,6
28504.147655161694,10135.114699449585,0.0005592510006714343,-5.4527610767940065,-10.647095688349129,0.0010962486267089844,4,36463,127951.91462385346,11379.0,73008.80155257601,12,8,9,6
4159.147994634405,1063.3820012729911,0.00030203073509945543,-1915.9805915637437,-2062.136954518191,0.0010013580322265625,4,290,10841.544776892912,91.0,3604.7050128715346,7,12,4,10
3930.333443054644,1025.5972993040448,0.00032945498302120043,-1701.5392722191923,-2378.562075425565,0.0010004043579101562,4,293,11438.343981909436,107.0,4822.023413799274,8,12,3,10
4005.2622905837998,1024.9572376395076,0.0002177437304565365,-1386.9556740919036,-1981.73147088238,0.001999378204345703,4,338,16960.393147156276,109.0,5732.1107708815,11,12,4,11
4542.808334788609,1190.6132984348653,0.00033674644180968304,-287.4322544529171,-420.6461425044969,0.0010211467742919922,4,821,19578.35335330514,227.0,7394.939087384057,12,10,5,9
4656.140551429246,1191.8920145357042,0.0002971019006913691,-453.1919438090665,-640.1523079700826,0.00099945068359375,4,661,21323.651464824776,192.0,9274.293229809864,12,11,4,9
4557.146343103404,1292.971279032068,0.00032753088288853076,-194.36628756968383,-345.2497740196936,0.00099945068359375,4,901,21551.623709125597,232.0,9908.745490558471,13,10,7,8
4813.521903813103,1370.1758411216451,0.0003436494776726235,-176.30952807070295,-314.03072345482525,0.00099945068359375,4,1044,23985.396035714937,240.0,12026.37975915178,17,10,6,8
5931.5725532751985,1695.3145456054544,0.0003412220854392302,-97.01488367016299,-181.62663841604586,0.0020034313201904297,4,1676,29627.547476857846,366.0,14890.414524071202,24,10,18,8
6321.017195126126,1805.2549611114673,0.00034919892867287477,-79.42872991305893,-141.99521733468148,0.0015037059783935547,4,1968,31707.84846546475,434.0,15916.672381987359,26,10,26,8
6895.898942577747,1983.3871675394626,0.0003433867685047139,-46.2970236586775,-89.80426697719695,0.001999378204345703,4,2835,34655.99104827654,603.0,17468.9295020133,32,10,27,8
7277.888140203773,2105.3391633164847,0.0003128061651521268,-29.098231795282235,-55.81817890702443,0.0010001659393310547,4,3717,33550.053554168386,816.0,16893.711079104018,30,10,26,8
8489.144314436306,2434.3421174032947,0.00032787761967934675,-28.788134239634456,-53.532300865992624,0.002019166946411133,4,4455,39423.331341913334,978.0,19654.290738581265,30,10,30,8
5370.729653691149,1475.1076794067844,0.00012289080631532498,-6.5470005654733825,-12.329644602927468,0.001999378204345703,15,5414,26764.227025701024,1190.0,10532.393283839963,26,20,24,19
4886.664034464891,1372.342985225607,0.0001171878749225363,-5.070887993547747,-10.438101041864096,0.0010023117065429688,15,5625,26973.078515147885,1240.0,10903.075156627892,29,20,22,19
5993.97503410644,1627.8239350765625,0.00013141679451825585,-4.507151594972295,-8.043655115875364,0.0009996891021728516,13,7165,30588.447846158622,1583.0,11974.068276311427,27,18,21,17
6996.414894424699,1886.4793775256985,0.00017170676914585238,-4.414768818209826,-7.607124242533056,0.0010001659393310547,10,8648,34247.77151777153,1901.0,13252.99413212914,25,15,21,14
6862.478597943346,1854.54419137574,0.0002162142145107362,-3.1119311361178843,-5.370589556345951,0.001005411148071289,8,10350,36637.4502423471,2393.0,13605.75094090787,23,13,19,12
8335.740095706125,2285.075213598193,0.00023990126215198745,-2.6236206684821926,-4.407786659418317,0.0010025501251220703,7,12923,38847.97151331612,3066.0,14110.212161234711,22,12,18,11
8482.076876493133,2857.061849486418,0.00032853252538031616,-1.161176430551826,-3.578829441995812,0.0009989738464355469,5,17298,38500.875536052445,4171.0,16489.474273086842,19,10,16,7
9656.288091356144,3259.4579774402605,0.00042999339672284396,-1.2881781311812563,-3.6684818784234663,0.00200653076171875,4,18970,40211.891664362745,4725.0,17492.853882975738,19,9,16,7
9115.039430144125,3145.9627481647285,0.0004278084455522941,-0.4513097683941052,-2.0066579944037968,0.0009984970092773438,4,23864,43788.78029197917,6183.0,18755.01383221324,17,9,14,7
30535.13041868996,10748.39568093536,0.0005835095992581264,-6.518720834750406,-12.254284502606204,0.00099945068359375,4,36389,135179.86348112326,11475.0,77239.15992965872,12,8,9,6
38018.919849699414,13054.87257146049,0.0005874711198814092,-9.459960220219346,-15.816417744062882,0.0010037422180175781,4,37310,155395.62576670025,11741.0,88574.17666668654,11,8,8,6
3152.0501862832666,851.2887412652685,0.0003412608804617726,-1099.5895334952697,-1551.3036354299225,0.0,4,298,9617.197270681634,99.0,4038.329824014121,8,12,3,10
4029.3145635919514,1001.9580424146213,0.00034409115161011827,-1042.878242945214,-1237.1611871276589,0.0,4,381,11796.996096948458,133.0,4698.8653434660955,9,11,4,10
4831.180898931067,1232.394659300968,0.0003361600694405831,-575.5192934444071,-756.7464781696073,0.0009996891021728516,4,620,16844.067340520494,182.0,7200.357191196257,10,11,5,9
3692.7219845937684,999.0308901133949,0.0002946745263502361,-517.8885075170783,-790.5336525795618,0.0015039443969726562,4,536,16897.00517076014,160.0,6780.866540098617,10,11,7,9
4149.382849612337,1061.3388203398122,0.00030495285517643904,-485.0770692297845,-704.5110622409982,0.0020012855529785156,4,627,20151.016560578606,190.0,8724.846111050847,11,11,4,9
4479.539596887654,1121.2536303302095,0.00033236632166786455,-415.01706989359263,-570.234052775981,0.0010128021240234375,4,699,20959.507421659473,187.0,8793.451355858684,12,11,6,9
4608.640433722117,1172.5515100589228,0.00029473019943800094,-301.90534233676055,-425.7074799957997,0.001001119613647461,4,791,22586.72669119931,209.0,9796.938643015219,13,11,9,9
4822.466993739266,1380.4265406990412,0.0003392652119017149,-148.25866037110492,-274.9222213995948,0.0009999275207519531,4,1136,24077.726488108026,255.0,12119.127668863388,25,10,15,8
4970.874675410336,1323.9824140593842,0.0002916972626268802,-83.41340155765677,-134.52811402848675,0.0009996891021728516,4,1444,24742.1574923834,320.0,9378.663121782418,27,10,23,9
5726.351985626254,1636.6890563914158,0.00031924433240660197,-62.346082369910036,-114.50976579341622,0.0009999275207519531,4,2037,28895.410802618986,459.0,14463.498918617443,28,10,28,8
6485.616303934335,1851.1624748546542,0.00034345720245567216,-56.29075933782541,-103.95166901250538,0.0010020732879638672,4,2396,32734.484604251225,490.0,16361.560804819434,29,10,26,8
5388.620193000102,1446.4648068693239,0.00028594864608525003,-34.07465313082149,-58.271014701446646,0.0019998550415039062,4,2608,26824.628315225913,570.0,10184.84436831592,35,10,33,9
5794.283207783858,1508.836799801539,0.00025450486535837574,-24.708761689137983,-38.24753933795742,0.0019986629486083984,4,3182,28240.973598578632,701.0,11024.165348684513,35,10,29,9
4456.860247718333,1250.148289004794,0.00011323780088675364,-4.685700160795042,-10.373450689352754,0.0020165443420410156,16,5446,25802.876489500995,1146.0,9865.008791418983,27,21,23,20
5687.769250851959,1599.5400479191512,0.00011567417289069642,-3.3298115168872524,-6.57728047661705,0.0009999275207519531,12,7922,30323.679492849205,1790.0,12548.841732125184,26,18,21,16
8422.833528470446,2328.4762416671383,0.00018905110264514664,-3.1623412725742037,-5.455676806858965,0.0010006427764892578,8,12309,40405.26598346367,2900.0,16575.679095977102,23,14,20,12
9673.769857059764,2650.1087480864267,0.0002645119954578104,-2.8196389078578066,-4.412858196499791,0.0005295276641845703,6,14588,41812.38115870316,3527.0,15898.11654332227,21,11,18,10
8585.754274282232,2447.500443296972,0.00017186732302421222,-2.1226818072493745,-4.037101788168858,0.0010008811950683594,8,15103,43672.890552803074,3580.0,18703.889141982923,22,14,19,12
8737.187083399811,3012.8382961089555,0.0003526558095098385,-1.0184592354390114,-3.44414156117427,0.0010008811950683594,5,18357,39226.28259692884,4481.0,18308.463566428225,19,10,16,7
8159.217690223829,2818.300764861727,0.0003241436159640538,-0.6207460472949704,-2.5454428215876517,0.0019998550415039062,5,19928,40315.439306153865,5024.0,17663.087719180214,18,10,15,7
12014.470486390559,4757.5680760318855,0.0004713662268858737,-0.8690886081235942,-3.829134703856729,0.0009999275207519531,4,27764,60954.63874416903,7554.0,34738.20896104677,15,8,12,6
10668.612379330187,4338.341464647237,0.0004374754267995911,-0.3659345405562855,-2.6036746764177767,0.0010006427764892578,4,28458,54553.74946598168,8020.0,30996.023115965494,15,8,12,6
45490.81728055971,15300.222220062864,0.000664024111037968,-14.978413824313918,-24.220883710735748,0.001001119613647461,4,37642,188364.8102951934,12176.0,107673.30313325053,11,8,8,6
3821.8037507107383,955.4299330502383,0.00035172563302537013,-1084.7839962707267,-1175.530335835932,0.0020020008087158203,4,329,10679.794260628829,115.0,4177.693295940944,7,11,5,10
4055.339224043223,1038.1255113704744,0.00030776787211309536,-1569.0430994551907,-2316.276367958627,0.0005095005035400391,4,315,12619.16552330818,102.0,5251.819930881287,9,12,5,10
4560.260759514854,1252.2116790672055,0.00033088160070678823,-712.4906265384101,-981.6479148479405,0.0010001659393310547,4,503,13740.728875215484,151.0,5782.331150722488,9,11,5,9
4438.013421069551,1214.3904241514085,0.00033013300040414756,-875.6362718228729,-1223.1068683252322,0.001505136489868164,4,468,16000.944537165751,161.0,7188.86704844837,8,11,4,9
3935.1830742581355,1104.838101773061,0.00030269635906937794,-493.78641650104976,-805.0969605202171,0.002005338668823242,4,559,16690.338686995936,178.0,7546.047198814304,11,11,6,9
3896.7150512357016,1019.9152831758388,0.00036678267041762215,-302.7251431202608,-459.6733337824517,0.002095460891723633,4,736,18039.615207455758,223.0,6831.493081477827,11,10,6,9
4571.575004308134,1201.464983812735,0.0003005409512997864,-521.4806124774569,-742.5165607729141,0.0020096302032470703,4,632,18628.81760729011,179.0,8215.121499409099,10,11,4,9
4158.652304718537,1088.245547067301,0.00032457714508912436,-191.18373986703784,-287.9671499494153,0.0019958019256591797,4,934,20672.253396929358,232.0,7847.247667433487,15,10,6,9
4930.660015335049,1246.8586251741394,0.00028784373050314834,-113.73940472511629,-167.72280651163396,0.0020012855529785156,4,1312,24396.576373266435,286.0,9901.069939514251,23,10,25,9
5755.837208164325,1636.066488449068,0.00011083186132269295,-4.601097204523794,-9.17288416023107,0.0009975433349609375,14,6703,28231.936647679133,1509.0,11430.022629621482,28,19,25,18
7371.093082088292,1994.8916463188702,0.00021457667675089083,-3.2024478705143933,-5.3756870244853525,0.0010013580322265625,8,10732,36541.31427369261,2415.0,13506.14487266678,23,13,19,12
7760.555813022926,2135.9545596662615,0.00021972113894276748,-2.7495810874396516,-4.706432247854341,0.000995635986328125,8,11693,37002.49389692075,2729.0,13280.142697697695,23,13,20,12
7725.140240800995,2331.152280659666,0.0002395053327296767,-1.4500265975665028,-3.302076725730295,0.0009996891021728516,7,14859,37736.86459354823,3626.0,15076.798779621316,21,12,17,9
9258.744185701147,2561.4214994119247,0.00025127566933881465,-1.9824889917050883,-3.2437136067826637,0.0009999275207519531,6,15881,42498.074723962985,4008.0,15978.883287841403,21,11,17,10
9821.11117243624,2754.750273702111,0.0002368362769317882,-2.0854037891308828,-3.6217196718165976,0.0010001659393310547,6,17032,45738.02374757656,4133.0,18695.83017431097,21,12,17,10
8758.562536804613,3003.9085160775526,0.00035277868691930566,-1.0323039885357126,-3.3978041620676693,0.0010063648223876953,5,18435,39013.71692564669,4534.0,17006.354763139854,19,10,16,8
8837.290490348016,3045.681944698348,0.0004492975778929713,-0.7583614219056889,-2.7537365182234956,0.001524209976196289,4,20901,41374.10619520797,5361.0,19021.16359434835,17,9,14,6
9380.851247976017,3216.687618768938,0.00042081026280285866,-0.775932870886731,-2.650930760178989,0.00099945068359375,4,21726,41991.89399511634,5531.0,18180.24715542506,18,9,15,6
12206.459223427039,4751.682337755839,0.0004835383420675339,-1.2031542106961721,-4.539382076879764,0.0010001659393310547,4,25931,60734.9700390037,7093.0,34638.917182842415,15,8,12,6
3449.2799621472573,927.3017593614079,0.0003293945190824038,-1242.4603160522747,-1739.8962666191346,0.0009996891021728516,4,298,9588.55020720523,99.0,3869.4366204648923,8,12,3,10
3892.793831137851,1036.6678178458035,0.00031061344185139467,-1351.4766859160598,-1594.0489673607844,0.0010066032409667969,4,308,10644.085368541299,109.0,4161.644086661594,9,12,5,10
3751.7972685794525,939.9073981895726,0.0002726711485460838,-2608.4769861579985,-3543.0618981588673,0.0015056133270263672,4,243,11990.663504450598,90.0,4410.84047579387,7,12,3,11
4584.548547783119,1125.2640484627082,0.00034285292562645384,-1552.158341430626,-1854.5366618637645,0.0010008811950683594,4,345,13019.790157776111,110.0,5108.487849810903,8,11,3,10
4300.004781167784,1072.2078002068015,0.000304485048962077,-1188.2631588626184,-1296.5609688047641,0.0010018348693847656,4,378,13351.224159257747,128.0,5359.18171803177,8,11,5,10
4259.46647588738,1141.4204055312782,0.0003466123695226986,-575.2019823612738,-880.8628266846322,0.001003265380859375,4,528,14686.698873138877,159.0,6477.604444122877,11,11,6,9
3594.9334296312004,900.893235264316,0.0003600421171892746,-391.5506758106216,-530.4944698783657,0.0025119781494140625,4,653,16944.307976996355,191.0,7018.821017599606,12,11,4,9
4058.3100070672585,1076.3997161355003,0.0003003035261206641,-707.3176499895018,-1000.3833838298119,0.0020062923431396484,4,484,16514.480142158638,163.0,6216.614473250247,9,11,5,9
4776.526994191495,1196.7770933676445,0.00034265868538575187,-521.6432731929752,-718.8459970791041,0.0019989013671875,4,639,20270.99622202212,190.0,8392.907611129689,13,11,3,9
5278.568189948293,1494.7547724126873,0.0003532226038435148,-145.05779809978443,-266.16491194634926,0.0011432170867919922,4,1234,25134.251262525384,311.0,12460.281348054988,18,10,7,8
4700.045839358284,1336.9069962878502,0.000332154845327622,-152.79952898371542,-261.75868223950545,0.0009992122650146484,4,1165,23591.333929896184,287.0,11769.277819374674,16,10,5,8
5023.13384957513,1431.1398588984678,0.0003316329450526897,-110.15520934462567,-195.44778832994078,0.00201416015625,4,1350,25299.2319996348,326.0,12648.38503626944,21,10,11,8
4895.6634721952705,1276.6681931182163,0.0002849291850482878,-91.37209828494368,-136.61653801450808,0.0032987594604492188,4,1394,24438.177041306437,317.0,9412.405578247843,24,10,12,9
6714.650770898167,1921.1893261142113,0.00036968081643421933,-81.10356509555801,-150.36499850956463,0.002000570297241211,4,2056,33684.34741535792,467.0,16895.294541818228,29,10,24,8
4864.6667308784745,1378.890410023871,0.00011049741394926894,-4.946824093141475,-10.747846581768997,0.0020067691802978516,16,5524,25814.154865174343,1180.0,9968.266978276439,25,21,22,20
5863.996212127567,1622.6207360416008,0.00012432083781093212,-5.221203959825729,-9.679697145005466,0.0010063648223876953,13,6520,28775.59178669366,1424.0,11685.09959056829,26,18,25,17
5588.014599287393,1522.6399350009158,0.0001295949550089782,-4.529716620504455,-8.43350437726769,0.000995635986328125,13,6822,29919.413987001935,1499.0,11961.712323729895,28,18,22,17
6936.856900347483,1857.1767298747045,0.00016579628761447025,-5.435747722317248,-8.940274233208475,0.0019996166229248047,11,7597,32370.359375554537,1685.0,12381.792873259627,26,16,22,15
8190.574153151765,2235.587198709286,0.00022280864745461644,-2.444684631177739,-4.112167872410565,0.0015041828155517578,7,13136,39711.868297739464,3147.0,15018.936195888688,23,12,19,11
8387.760410340627,2659.588764631846,0.00027830158902781297,-1.6882990620974434,-4.108038066732441,0.0010027885437011719,6,14870,37006.56268056822,3506.0,15628.795338674361,21,11,17,8
7973.815690050766,2746.1286157294317,0.00029976568986256,-1.3188961952226785,-4.2235965527360655,0.001007080078125,6,15554,36717.763138816634,3728.0,17349.596161821966,19,11,17,8
9354.646756552918,3266.2734012275023,0.0004365734932570069,-0.7205835078136007,-2.6700224648869577,0.0010151863098144531,4,21706,41827.21526078668,5562.0,19499.673869896105,17,9,14,6
10301.51629805061,4018.531891336347,0.00046197186973206305,-0.7312199702600541,-3.392080941579157,0.0010008811950683594,4,24305,49534.48562854964,6428.0,28191.91433641991,16,8,13,6
9940.384272402525,4033.115437827996,0.0004486553492053237,-0.2535977113176253,-2.3429500376700654,0.0009996891021728516,4,28133,50685.59542903732,7720.0,28837.931496471792,15,8,12,6
16988.991509405078,6485.8405969636815,0.0005356363168029211,-2.224785217566923,-6.356580164640083,0.000995635986328125,4,30517,84882.68845515013,8719.0,48532.17731073973,14,8,11,6
17143.8821919476,6584.141527372225,0.0005260539360819556,-2.0200301716026443,-5.8362336681817855,0.001001596450805664,4,31365,84927.26174241117,9178.0,48528.347066515475,14,8,11,6
25357.63103637366,9103.266803416476,0.0005853350178524945,-5.313930115366117,-11.23440010055837,0.0009989738464355469,4,33377,119631.71247653072,9896.0,68459.63767842055,13,8,10,6
29537.588174561894,10386.874212225066,0.0006012800649764388,-6.67983607233706,-12.917797739933055,0.0015244483947753906,4,35637,136049.2336993648,10975.0,77842.37733690225,12,8,9,6
3994.6100383188214,1016.650951929238,0.00033950595742077025,-820.6722449460622,-1100.9900825651591,0.0014946460723876953,4,445,13722.391446183072,137.0,4790.964665929532,9,11,3,10
4253.809807241756,1166.984459432367,0.0003186060321831128,-769.6285622527053,-1133.9203167010746,0.001999378204345703,4,484,14765.389338557676,166.0,6183.386837132855,9,11,5,9
3311.231804309096,873.0489621421447,0.0003263562788647208,-518.4342434383423,-755.2117612879506,0.002000093460083008,4,543,15898.093435478148,182.0,6955.191750079659,9,11,5,9
4659.267501432456,1170.6755850063687,0.00034721327904590875,-444.08477219040634,-588.7999118522833,0.001020669937133789,4,715,17913.369878616337,200.0,7282.988746075418,12,10,5,9
4635.692213184608,1325.6968161151494,0.0003597711934305857,-233.14574260658236,-427.71493315170164,0.0020051002502441406,4,872,20091.589199092257,224.0,9997.42664276655,10,10,7,8
4260.644478646168,1094.831015053978,0.0003406387872249688,-278.9672494299697,-416.41923422274505,0.001998424530029297,4,815,20921.87924250261,216.0,8204.766071936589,13,10,6,9
4141.726027426155,1153.1786332616593,0.0003308501669792377,-176.36007389025667,-293.4252120815415,0.0020029544830322266,4,951,20675.275474474758,244.0,8937.640885028763,18,10,5,8
4572.007721014666,1301.5296028560385,0.00034059373713094513,-135.621797569299,-246.48632682625643,0.0025527477264404297,4,1130,22968.868665286664,264.0,11461.058942543823,17,10,8,8
4989.732583719466,1423.722967352119,0.0003455407887687687,-122.13511398833106,-228.11640657812117,0.0010004043579101562,4,1280,24979.83730967679,282.0,12528.09696818679,24,10,23,8
5110.512102234863,1284.4168096342742,0.0002927581964870232,-131.891032882356,-188.5998769176732,0.001999378204345703,4,1247,25119.451943559878,279.0,10337.193307599679,27,11,17,9
6210.945420122099,1780.1225945108647,0.00034467208940281807,-67.54693999197232,-125.83964713496627,0.0020253658294677734,4,2041,31106.68562366955,457.0,15645.164319771226,35,10,19,8
7337.5631140995265,2108.9590123648113,0.00032691836890271403,-34.144355837999534,-63.53087388929623,0.001016378402709961,4,3470,34567.54860695963,739.0,17348.107325793564,31,10,27,8
8612.236656018315,2452.8011846143468,0.00036975007856725287,-37.39667236703431,-68.2046685796313,0.0010097026824951172,4,3910,40986.775960750434,860.0,20305.174209396733,30,10,28,8
7871.1562448390305,2260.7358466361616,0.00033660736666515847,-26.35329595218144,-50.21402920531805,0.0009992122650146484,4,4341,39132.168458032604,967.0,19546.264793382798,30,10,28,8
5093.788942209683,1415.9578549287003,0.00011930649212519786,-4.588033471746712,-9.405587145526287,0.0010004043579101562,16,5940,26976.874884322337,1308.0,10460.475014832722,28,21,24,20
5859.7027199774075,1579.5636945866422,0.00014421602790227133,-4.403839348054231,-8.022891041667066,0.0015244483947753906,12,7325,30675.079256636294,1603.0,11771.026174835024,26,17,22,16
6605.311878744166,1808.1090891067074,0.00014457051553114588,-5.0256302175994545,-8.784986201467643,0.0009992122650146484,11,7712,32176.126088623314,1688.0,13369.66472655911,27,17,21,15
7048.806545133747,1914.6115020915306,0.00021602399776495025,-3.368226300479603,-5.861189103890275,0.0009999275207519531,8,9886,34936.10717009862,2165.0,12661.581236649989,24,13,19,12
7825.733174899591,2123.019724997154,0.00018539082006318038,-3.9798408959380795,-6.600256441637809,0.0009980201721191406,9,10115,36431.8192938486,2229.0,14350.024158904584,24,14,19,13
7788.092233319137,2142.5570415157163,0.00020143713857495823,-2.670746432465856,-4.768294750049362,0.00099945068359375,8,12193,38912.778152537,2806.0,15265.685930329826,23,13,19,12
8408.588341608955,2906.100329814755,0.0003227261695786885,-0.999301381979274,-3.36688547059157,0.001001596450805664,5,18013,38240.42012160244,4460.0,16794.005581262827,19,10,16,8
8928.90339822297,3114.3776392130558,0.0003293024808039948,-0.7300911575162232,-2.720081521653991,0.0009965896606445312,5,20344,40284.06771190182,5133.0,17887.453450875662,18,10,15,7
8776.509049945407,3025.326560794496,0.00039474090691264256,-0.6266764173438792,-2.4439724991968466,0.0010890960693359375,4,21863,41501.06441813002,5636.0,18458.260332460362,17,9,15,7
9537.163130991215,3325.955667446784,0.00041596703466260395,-0.5431242784868722,-2.214425785486979,0.0009996891021728516,4,23601,43035.890562846194,6319.0,18547.578180835095,17,9,14,6
9209.732937441406,3217.0121596485756,0.0004094228370665209,-0.4237496912950547,-1.9366477404690339,0.0010170936584472656,4,24200,43537.99497796121,6542.0,19104.48684336577,17,9,14,7
10355.306502291684,4128.3341986091655,0.00045960617244531637,-0.5072418524659374,-2.9494216318295714,0.0009839534759521484,4,26402,51637.686827701786,7103.0,29399.72380337384,15,8,13,6
13839.506448684484,5508.522274202308,0.0004897298080934264,-1.0378503601856535,-3.951197700262914,0.0019989013671875,4,30631,70801.01010150656,8820.0,40368.23792988554,14,8,11,6
15936.326021081382,6251.195171698812,0.0005025907151061378,-1.4732005756025432,-4.760596184872689,0.002516031265258789,4,31791,78570.0996202134,9270.0,44830.45515988959,14,8,11,6
18134.31424530769,6874.599696484824,0.0005151027392010266,-2.0265619732597324,-5.449809501222132,0.0015037059783935547,4,34413,94412.17841763192,10424.0,53843.58202226742,13,8,10,6
3896.756676375313,967.8612394974477,0.00036654347369212707,-947.4452753699925,-999.8682909551694,0.0010182857513427734,4,388,10715.09778000267,127.0,3970.794624905484,8,11,5,10
3444.626338300401,869.1250122260492,0.0002761613276996425,-1642.4926569760285,-2263.2591429975378,0.0,4,266,10882.779138264617,79.0,4007.386912658778,8,12,4,11
4090.272482845735,1029.3709752385012,0.00036093224730674074,-887.0777446390126,-963.451443860238,0.001505136489868164,4,400,12228.846291556067,132.0,4325.136535691667,9,11,5,10
4015.357259549091,1048.434358798526,0.00027102267268345743,-1666.2045790920433,-2464.8446647117103,0.0010030269622802734,4,294,12753.618592933157,102.0,4643.702649580453,9,12,5,10
4590.959370286422,1153.2263989609341,0.00035772799618431674,-590.660913061554,-726.0690330418538,0.0020008087158203125,4,597,16975.93984968492,186.0,7106.19111844623,9,11,4,9
4557.755425249827,1178.6679842435733,0.0003377079742185948,-274.5411267638229,-402.24123537260544,0.0020008087158203125,4,840,19192.350888370056,229.0,7364.930445779606,11,10,6,9
4438.677037826595,1262.8999933172634,0.00037346848654053427,-269.6588840789882,-467.87708719398137,0.0023238658905029297,4,852,19789.582689722774,245.0,9852.651570825728,13,10,7,8
4689.54178571082,1182.6279040160277,0.0003040800954228588,-319.91625137839384,-453.4675677779095,0.0010008811950683594,4,803,20840.547377405586,212.0,8793.194302425909,13,11,7,9
4648.134309640188,1241.959256344371,0.00032549448892030605,-253.3467427421529,-404.7359663514604,0.0009996891021728516,4,855,21008.05693875961,220.0,7910.8743203583,13,10,4,8
5106.827803647959,1442.4349455909899,0.0003608439962058785,-179.48008995380846,-303.6607200734918,0.0020036697387695312,4,1098,24128.509319893798,282.0,11990.768625863173,11,10,5,8
5148.295126967318,1487.0682772398718,0.00031193975572635954,-63.661489622709354,-120.85465236154462,0.0015058517456054688,4,1746,25506.95350359958,380.0,12864.36867075361,33,10,24,8
6993.628355668195,1984.4744721459547,0.0003734160201952169,-67.99874016347114,-123.54528366860225,0.0019998550415039062,4,2339,35238.18845840183,519.0,17490.010508458094,28,10,24,8
8520.306406523025,2430.950043818909,0.00034366490705718705,-30.634624464480055,-56.78584885608654,0.0009996891021728516,4,4397,38786.93657840781,948.0,19200.008023055925,28,10,23,8
4127.779578168143,1194.5472997065356,7.270187924151825e-05,-4.5135647124883755,-10.86869619718878,0.002351045608520508,22,5062,21956.82985879566,1110.0,7409.909397874988,29,28,25,26
5590.660001632804,1519.7007278277442,0.0001319611835612681,-4.569894163553518,-8.330233198530927,0.0020074844360351562,13,6654,29344.347206172653,1467.0,11553.866217491595,26,18,21,17
6699.831379338279,1784.4225068768858,0.00016282504450120753,-5.1020808530778545,-8.414304092685391,0.001999378204345703,11,7536,32367.270263929946,1651.0,12508.524814757406,27,16,23,15
7684.174983151599,2070.5949756982727,0.000214527416177807,-3.6308353864655585,-5.848085773769478,0.0009982585906982422,8,10359,36205.39919345804,2398.0,13550.043650155629,23,13,19,12
7214.848248589934,1968.03575091966,0.00020921922768073908,-2.8861436816173716,-4.887513139192454,0.0009992122650146484,8,10663,36005.79556737152,2451.0,13105.49706654578,22,13,18,12
7540.533285754742,2570.2842491735278,0.0003065897062217227,-1.649582778234337,-5.053090783608997,0.001001119613647461,6,13520,35005.7887672118,3211.0,16461.111676171306,20,11,17,8
7604.2503051178865,2594.396312954557,0.0003139442884034986,-1.4746676513893706,-4.590615158654866,0.0010025501251220703,6,14540,35661.455068406016,3439.0,16708.28729775463,21,11,16,8
7690.832204211237,2405.464497680032,0.0002788369867979236,-1.47163201834966,-3.6851801402498,0.0009796619415283203,6,14745,37210.2101389195,3527.0,15631.967128708788,20,11,17,8
8751.33312543253,2960.8009429206236,0.00044247995365140737,-1.0140893230557104,-3.205562056835374,0.0010199546813964844,4,18956,39899.37884669271,4791.0,17365.56747326228,19,9,15,6
9359.838346158433,3550.963837293424,0.0004714770781825977,-0.8739225962267543,-3.7840022108468307,0.0010128021240234375,4,21459,44852.7682457966,5438.0,25535.276831832307,17,8,13,6
8827.666952496857,3067.169580098583,0.0004181927716473942,-0.4832594254866771,-2.105166988575661,0.0010061264038085938,4,22823,42530.898575737694,5947.0,18330.15844563055,17,9,14,7
9376.166542742849,3324.9138035529413,0.000418742340455419,-0.4592256489504023,-2.1327321908237846,0.0009992122650146484,4,23849,42957.626052529,6315.0,19722.26373709592,17,9,13,6
12304.827236390985,4932.549953837329,0.0004795620250020384,-0.8469683825357903,-3.699598735148143,0.0009999275207519531,4,28307,61827.5710393841,7895.0,35224.04724223912,14,8,11,6
13264.243595820692,5232.9085173374515,0.000492086418253174,-1.1610490671599312,-4.3354551040881635,0.0010063648223876953,4,29001,68558.69157618078,8231.0,39087.50223442649,14,8,11,6
15164.522431650294,6054.424104438362,0.00047121795800840547,-0.9907089676541607,-3.605901177434254,0.0015072822570800781,4,33612,77593.28392191888,10150.0,44146.36161060288,13,8,10,6
26875.891732675624,9546.005391703115,0.0006037658089980629,-5.791801788672438,-11.690511996239731,0.0009984970092773438,4,34473,126812.54011009284,10445.0,72591.1304793449,12,8,10,6
35974.8628141554,12418.961292416636,0.0006020582933390211,-8.825370354204436,-15.1336828813103,0.0018432140350341797,4,36649,150207.8684471176,11512.0,85744.9863000696,11,8,9,6
3866.517424912773,979.8284734262046,0.000356433593480632,-1666.425248914834,-2458.065530017773,0.0,4,277,10591.60956492965,108.0,4325.432201448861,7,12,3,10
3684.808939668143,994.2884923280994,0.0003083900366934015,-1405.8892905907974,-2172.7531140015653,0.0,4,288,10570.96437643442,104.0,4301.453324847159,9,12,4,10
4204.7029101892285,1126.0891303032017,0.0002881253105998868,-553.4071325170053,-815.6494085373491,0.0010001659393310547,4,529,15903.60683363542,176.0,6128.806130371891,11,11,4,9
3797.811304090119,984.5949147969523,0.00033282825300485455,-483.51904672332483,-771.8325765491392,0.0015053749084472656,4,587,17305.63804363992,162.0,7549.553333668322,10,11,4,9
4271.351702662323,1129.9458825673132,0.0003230530506829115,-615.4061674905839,-910.5325894225967,0.0009999275207519531,4,586,17530.386041347643,160.0,7786.701779813477,9,11,3,9
4450.645454692012,1088.2890395053996,0.0002625571491679376,-844.0463276465771,-1060.7615176555082,0.0009999275207519531,4,506,18440.73613084109,136.0,7247.364514837758,13,11,4,10
3632.4544969717413,1024.9733501312562,0.00037542301952291107,-278.0600922937161,-470.9945206569769,0.0020003318786621094,4,758,18008.005021413483,224.0,8210.733009919888,11,10,6,8
4974.407077428793,1403.777726806028,0.0003715325916161215,-209.89937215693962,-378.0765545102406,0.0011684894561767578,4,1007,24163.339750963387,278.0,11997.513375527167,17,10,4,8
5010.819384538702,1417.8095146580517,0.0003730384935830437,-165.46081450118092,-294.766743486181,0.002000093460083008,4,1216,25122.292661556192,282.0,12481.417858297194,15,10,4,8
5093.6033391586625,1455.6808236614654,0.00035027029271219435,-139.92790677264026,-262.3766085257142,0.002000093460083008,4,1242,25446.30839963274,270.0,12786.175561157528,21,10,17,8
6036.379175026357,1723.8222010262766,0.00037071636416442013,-124.8972615987974,-231.23487705251054,0.001001596450805664,4,1480,29450.105931698276,332.0,14818.45219424837,31,10,19,8
6262.540245308914,1782.664192854822,0.00034559044405414486,-77.94443598312841,-143.75172159970325,0.0019981861114501953,4,1894,29990.00903924192,406.0,14934.280066852189,28,10,18,8
6040.137355420931,1729.5849822379025,0.0003429807039520547,-74.35361448265759,-145.02281039896639,0.00197601318359375,4,1910,29921.892892174557,399.0,15030.478981649205,32,10,22,8
6260.569383648318,1788.0050751848216,0.00033480696814241595,-58.51591805565017,-107.50469252768156,0.0020003318786621094,4,2207,31577.734066110173,490.0,15761.420545731431,25,10,23,8
7914.882079273557,2254.7924972013648,0.0003648144292169148,-34.18075667503011,-65.29324253844811,0.0020034313201904297,4,3757,39760.38871684553,822.0,19686.56242403442,30,10,25,8
7659.638771564177,2639.173468695783,0.0002977444590035832,-1.2458714655509393,-4.145870440348213,0.0,6,15435,36045.52135987916,3703.0,16745.784395454022,20,11,16,8
8297.419450519425,2834.653887935433,0.00035694951153157715,-1.184490993018167,-3.865755550668611,0.001009225845336914,5,16982,37616.78965985162,4049.0,17112.33508640839,20,10,16,7
8895.114368999439,3089.6261424443933,0.00033180638621492124,-1.132045938114727,-3.6137658272930615,0.001007080078125,5,18210,38211.46585979442,4445.0,16819.37205105366,19,10,16,7
8604.608076997663,3206.5977572098514,0.00036828513051089055,-0.8349488852637146,-3.5661256352186816,0.0009984970092773438,5,19195,38976.815074941806,4686.0,21971.099097598708,18,9,16,7
8834.072714488722,3293.0694057905403,0.00045638809235528516,-0.8463353373309896,-3.56196507973591,0.0009987354278564453,4,19840,39870.32059629107,5086.0,22673.819997805367,17,8,14,6
9270.389277227714,3486.733232154589,0.0004549298835373762,-0.8087174994572948,-3.4675085945033315,0.0010073184967041016,4,20845,40830.223178800516,5304.0,23210.84732473403,17,8,14,6
8102.577956970308,2973.947437364612,0.0003298534818917004,-0.29198173192773536,-2.0968680325831883,0.002366781234741211,5,22306,41111.86091334661,5636.0,20477.779831155145,17,10,15,7
12977.996434646888,5014.285457590659,0.0005047572307442808,-1.5229217203391796,-5.228258508328754,0.0009984970092773438,4,24878,59911.97236251108,6639.0,34195.28968195921,15,8,13,6
19615.945271305034,7392.09266125722,0.0005396011269199801,-2.864348381701789,-7.3018305260973815,0.0009980201721191406,4,30871,90381.27676208026,8982.0,51653.14459294689,13,8,10,6
31168.426381385303,10936.253103557276,0.0006342203609514902,-7.683466580300728,-14.702651645734848,0.0019960403442382812,4,34960,139212.28751631343,10562.0,79787.29249486001,12,8,9,6
30289.58599369848,10622.646076979112,0.000608096184455443,-6.9645922811328695,-13.298862892567348,0.0,4,35746,138178.18439417626,10986.0,79025.7356178558,12,8,9,6
3406.6222215177204,905.0635228976823,0.000318882383802705,-1180.1674933189497,-1660.6691432495822,0.0010068416595458984,4,305,10160.390333514873,103.0,3914.0988372131624,8,12,4,10
3948.0042353843746,1085.633110395548,0.0003895400142249532,-765.5778745374292,-1114.8369606270883,0.00099945068359375,4,426,11300.670086957873,153.0,4948.915674789818,8,11,4,9
3176.213633447442,790.8336880278652,0.0003414501964410142,-1315.1808946985536,-2032.927674718594,0.0,4,294,12380.15481275529,117.0,5031.26898889752,8,11,3,10
3892.4968653237015,1065.9008955513195,0.00034708294654577554,-787.1966541133833,-1224.7840910211019,0.0012993812561035156,4,457,14962.635431723867,146.0,6718.2400732287515,9,11,4,9
4565.567181189918,1125.6255845599937,0.00030035320290192205,-1074.8703080053085,-1259.5108581332777,0.0009980201721191406,4,431,16112.700499857385,127.0,5970.819837065148,10,11,5,10
4539.10921895846,1185.2014793209235,0.00033422295293292854,-752.3802533079595,-968.146325977485,0.0010075569152832031,4,493,16588.15362559417,169.0,7272.9788117167445,9,11,5,9
4533.37247950962,1137.1490729033128,0.00035439493848464537,-463.55185975584516,-585.4371650502522,0.0010001659393310547,4,647,17529.367037220305,200.0,7308.092963380521,12,11,5,9
4447.87093790132,1229.859504773089,0.0003599857478924777,-270.4270212617127,-435.6338512622066,0.0010001659393310547,4,834,18678.58302586968,232.0,7909.369598590434,12,10,5,8
5090.971749963422,1444.2095863095444,0.0003527097807223459,-140.61306404949042,-262.3581275875548,0.001981496810913086,4,1258,25490.08608353347,292.0,12711.240392590982,20,10,5,8
4892.752661908677,1250.4277548564726,0.00026648888228337337,-160.82795236299012,-237.6591148026195,0.0020051002502441406,4,1069,24073.548447938447,233.0,10425.101053838658,30,11,12,9
5177.492596871717,1309.717107643274,0.00028781495280310893,-83.42208404320445,-121.08745569233027,0.0025110244750976562,4,1591,25485.15652917669,354.0,10359.862838152221,33,10,30,9
7251.6869120203155,2047.0876414100592,0.00039143742628318693,-56.682267772642305,-103.18621485855155,0.0019991397857666016,4,2682,36843.769343513035,576.0,18065.02552877603,24,10,23,8
5357.928834368342,1552.5901342182792,0.0002981025578739711,-35.822171199966064,-68.31324177442235,0.0019998550415039062,4,2490,26803.98123337322,524.0,13550.386165895834,40,10,37,8
7659.1970997938315,2193.0260441079245,0.00034766353193242254,-29.967552922208643,-57.05237132417295,0.0010073184967041016,4,3975,37742.42760324251,841.0,18775.58138248814,30,10,27,8
5178.6438829364315,1428.027743060877,0.00012002818517423324,-4.790914147682992,-9.23577361134663,0.002000093460083008,15,6044,27511.354598622445,1308.0,10807.317257674134,28,20,20,19
7061.520431206073,2190.970626078573,0.00025741221072448815,-2.3646995709520624,-5.445132305388998,0.0009980201721191406,7,11202,33736.611866222134,2565.0,14533.707916326577,22,12,18,9
7456.359165187169,2206.5879590839654,0.00026045489556746353,-2.429789124271932,-4.98818766712744,0.0010001659393310547,7,11765,35080.31064964278,2701.0,14347.09252146528,22,12,18,9
7655.649888508042,2619.4512671185607,0.00031378244118213436,-1.776303569878631,-5.310603428772398,0.0009996891021728516,6,13367,34632.43283335463,3156.0,16872.57565489127,21,11,17,8
7245.692697070209,2324.0313382191766,0.0002485670327042565,-1.4295386572583313,-3.885902496219087,0.000997781753540039,7,13943,35571.30354717896,3300.0,15253.307174056086,21,12,18,9
8086.702744480194,2722.8177451470824,0.00035918673575896607,-1.4169624920021366,-4.201626803700472,0.0010056495666503906,5,15656,36692.70088520881,3743.0,16291.453815112589,19,10,17,7
8089.7974116886535,2764.362437595297,0.0003625438891086499,-1.0914515516852346,-3.6680244919129033,0.0009980201721191406,5,17055,37712.68033470486,4089.0,17380.10063896275,19,10,16,7
7992.327151624564,2941.8881582034796,0.0003780478218606022,-0.8796760009535021,-3.7308434834483615,0.0020067691802978516,5,17990,37748.01524870336,4346.0,21150.44169630263,19,9,15,7
8810.956017987792,3050.3802496889757,0.00035609803096186714,-0.9182825376761004,-3.1468725495081378,0.0009982585906982422,5,19080,39275.62036537045,4808.0,17664.698679153684,19,10,16,7
9099.678860876613,3478.270243377977,0.00035765043590583697,-0.722578370690413,-3.3677581605306326,0.0010004043579101562,5,20766,41669.11658053896,5326.0,23473.50140860294,18,9,14,7
10468.112837030016,4040.676040498188,0.00048450172325309964,-0.8069219108433232,-3.503397411831357,0.0009999275207519531,4,23495,46154.99724370537,6126.0,26300.100617577147,16,8,13,6
12405.46924032715,4936.416892292535,0.0004972715460972349,-0.9210881293161659,-3.8856597684137446,0.0,4,30271,69475.49476429938,8543.0,39641.86530431916,14,8,11,6
20450.936672660533,7652.825953996591,0.0005448918224796327,-2.912524035024692,-7.14292303312121,0.0010006427764892578,4,32837,97183.94279461814,9752.0,55510.76378379771,13,8,10,6
21154.391037600813,7797.860872161421,0.0005425001701791204,-3.263784456845851,-7.631329397680764,0.0009987354278564453,4,33553,104381.58169417796,10158.0,59593.339227324235,13,8,10,6
38277.65038801305,13061.66407193552,0.0006225834494783764,-10.717001305651342,-18.19163256173154,0.0009987354278564453,4,37052,163995.20496223908,11671.0,93684.0436462953,11,8,8,6
3840.835802843853,961.602444016508,0.00039444450654506987,-870.0307394269431,-1082.1661880932188,0.0010006427764892578,4,385,10712.674948867014,126.0,3842.8233307425653,8,11,4,10
4087.663795992999,1120.6260340095507,0.000384806300335611,-766.3065322508071,-987.3458637193456,0.0,4,442,11809.053733259298,149.0,5202.530319809008,10,11,5,9
3857.5214139182135,1007.1328531529097,0.0003923235514206073,-706.5442038476382,-1022.7874826460486,0.001001596450805664,4,452,13385.25036164984,170.0,5835.244546256954,10,11,4,9
4146.558916421009,1078.8294369233538,0.0002827889493496952,-1372.7681023672758,-1812.1256415194161,0.0010001659393310547,4,330,13486.403707249818,110.0,5683.792097647645,8,12,4,10
4356.041806200855,1150.0145328366377,0.0003411984981371158,-712.1363693259505,-935.8633909102559,0.0009980201721191406,4,520,15911.508430368322,165.0,7022.498235731648,9,11,5,9
4429.281423535643,1111.9654747693965,0.00036310449105879784,-356.93196844266214,-522.8831777682129,0.0009989738464355469,4,739,17994.74589818735,212.0,7346.352906458556,9,11,4,9
4748.792436112771,1357.4598495770801,0.00037627713481423015,-305.1775725473929,-521.193984066309,0.00099945068359375,4,839,19560.748642261726,220.0,9754.605221226033,11,10,4,8
3921.2060705559993,1108.477712770927,0.000352474494009032,-219.42417011359066,-366.7262629291698,0.0014910697937011719,4,836,19521.19403725394,224.0,8921.992202346308,13,10,5,8
4935.219540382944,1399.7512453889865,0.000373754132331683,-147.6374202821562,-279.7377682735645,0.001007080078125,4,1149,24690.32603596035,286.0,12301.986465201386,22,10,7,8
5271.867046209569,1499.0817091942063,0.00035517785073320527,-119.83957518013416,-220.76862707347476,0.0009996891021728516,4,1396,26471.720668926766,311.0,13225.13392484346,17,10,9,8
7039.775171108541,1993.172361815569,0.00036867035324142513,-90.60299142137018,-158.27867713572903,0.0010004043579101562,4,2053,32844.73160768971,459.0,16241.604559031031,24,10,24,8
4837.732048526015,1322.102043280957,0.00013031705322347401,-4.407342459613598,-8.656517885758642,0.0009984970092773438,14,6124,27573.754400172817,1319.0,10539.843329429284,26,19,23,18
7093.724105535678,2057.906344647907,0.0002608284184626095,-2.541888686215877,-5.080497251793488,0.0010027885437011719,7,11233,34734.843244928474,2551.0,13796.208130342224,23,12,20,9
8044.903456832118,2205.7584285546645,0.0001919586083465593,-2.628372172433041,-4.398494224202919,0.00099945068359375,8,12418,38600.85847093141,2962.0,15108.782468745638,22,13,19,12
8557.459528332209,2970.1373992248564,0.00032767392202929607,-0.7208054206898509,-2.72134629474327,0.0010006427764892578,5,19927,39678.79120402365,5059.0,17188.104886408837,18,10,16,8
9178.829790237145,3456.483831633172,0.00045894283354863896,-0.7700353424846356,-3.4178381067405628,0.0009810924530029297,4,21068,41086.26074286294,5383.0,23367.83239222659,17,8,14,6
9113.25483033807,3468.6933033120526,0.0004734054751288267,-0.7196856101788116,-3.3828435975184172,0.00099945068359375,4,21385,43531.9307618706,5478.0,24776.013941935264,17,8,14,6
12111.321742268268,4732.966280578428,0.0005148334586732579,-1.1716613808362517,-4.478951449863709,0.0010056495666503906,4,26867,63480.2108131075,7308.0,36263.83503734172,15,8,12,6
9638.450307050372,3943.009893984247,0.0004404909396089254,-0.1704750325281048,-2.186143341890546,0.0010008811950683594,4,28571,51311.89175670294,7788.0,29169.924116392285,15,8,13,6
38410.73098207075,13250.773360839457,0.0006254965461328026,-10.326443487597517,-17.836533788261217,0.0015060901641845703,4,35834,153835.1048014115,11100.0,88001.3751487642,12,8,9,6
3938.7198323226894,981.3838761338066,0.0003764764323108895,-1321.6821768937384,-1300.16157968247,0.0,4,317,10179.442897079365,113.0,3997.3653197426684,9,11,4,10
4151.381211894436,1049.6004469339407,0.0003884063715070107,-647.8792687627971,-748.0841000227612,0.0010001659393310547,4,520,14773.900477268377,163.0,6267.486161557235,8,11,4,9
4082.2621089627633,1029.1766001172502,0.0003644613140530925,-479.92689512190873,-608.0425582707954,0.0010066032409667969,4,577,15213.611143618535,200.0,6357.204049376187,8,11,4,9
4292.160164047472,1132.9039308468925,0.0003420092735398613,-681.66082568572,-1030.3422536406779,0.0010004043579101562,4,514,16535.46313718995,159.0,7318.7425180426035,8,11,6,9
4262.14893844289,1063.8770009321672,0.0003524030978716127,-466.88212005014014,-549.6544747274794,0.0030357837677001953,4,662,18032.9811981045,208.0,7426.521975578355,10,11,6,9
4162.579549086829,1212.6705958174177,0.0003413138445534588,-187.58239535510407,-332.01017854210846,0.0019958019256591797,4,925,19895.93772112988,254.0,9885.28884159559,13,10,6,8
5150.131388568275,1462.0225498655907,0.0003535792218030247,-129.19260183030426,-235.95133997137714,0.0009999275207519531,4,1257,25846.18456535192,291.0,12874.43610905105,20,10,5,8
6826.58951359104,1934.9007389342403,0.00037683516052777695,-75.90883002058912,-139.4396693231564,0.0025124549865722656,4,2103,34352.700056539485,469.0,17030.79527545537,23,10,17,8
6410.901401223657,1827.5283512207234,0.0003449210599161784,-55.68380478931614,-105.4869159935914,0.0010001659393310547,4,2365,32143.937791313787,522.0,16070.520582058642,30,10,28,8
5725.0926383750575,1503.0524467998057,0.0002765624052954051,-29.640511636983874,-47.94553295147642,0.0023527145385742188,4,2952,27101.230050708837,627.0,10514.666685409815,32,10,32,9
8715.29221681365,2476.5629176565863,0.0003924338921966152,-38.44469458767096,-69.97228528403828,0.0010182857513427734,4,4043,41417.46284701916,889.0,20424.98209715559,27,10,25,8
7818.31620447721,2651.240984190102,0.0003691074210956113,-1.3952527701886357,-4.235230822753743,0.0010001659393310547,5,15526,36613.675068529876,3737.0,17079.80295962951,20,10,15,7
8423.706224269361,2896.292641469161,0.0003586924889157869,-1.1681234251372712,-3.777398198768066,0.002015829086303711,5,17164,37637.47833186582,4185.0,17848.503212430056,19,10,15,7
7868.178414123639,2876.428527109762,0.00037967350193268944,-0.7340996813258764,-3.285047620545636,0.0010044574737548828,5,18594,38382.6208003841,4597.0,20946.228276426933,18,9,14,7
8225.225874706182,2816.6390248528096,0.0004124865427808085,-0.5964267328417516,-2.4163387905467464,0.0015053749084472656,4,21011,40814.57900273649,5401.0,17843.422324481464,18,9,15,7
8771.504766046563,3374.805861414482,0.00035925235092404217,-0.49403278280062146,-2.8252188651178973,0.0009999275207519531,5,21637,40780.938042978305,5732.0,22991.21446330077,18,9,14,7
9143.2906238787,3168.856800866823,0.00043238921280386344,-0.594657640847702,-2.2490200091988846,0.000997781753540039,4,22216,42131.38992447303,5830.0,18054.939249554445,17,9,14,6
9167.253989754188,3387.350430940167,0.00043284063995052273,-0.36669559695680265,-2.1115939965000536,0.0010004043579101562,4,24175,42552.76132240167,6427.0,21430.79692144443,16,9,13,6
20268.700070657116,7537.403203775174,0.000549067153403704,-3.2050096021602377,-7.842557037183333,0.0010063648223876953,4,32519,98664.40087272978,9608.0,56390.95530930755,13,8,10,6
22208.347861491555,8194.875918236678,0.0005382719582411342,-3.3531649412388616,-7.624995203636697,0.0015032291412353516,4,33879,103882.4201820893,10293.0,59307.67206040787,13,8,10,6
34344.93535714338,11962.557065172,0.0006380293909517407,-8.740043575556044,-15.804544857041694,0.00099945068359375,4,35077,143815.46489582254,10880.0,82370.2812401317,12,8,9,6
36857.757112442,12631.413931758736,0.0006437432670468608,-10.422809921449538,-18.12352440371216,0.00099945068359375,4,35960,159114.2201873031,11261.0,91049.94803982432,12,8,9,6
53654.06324980297,17841.439808897332,0.0007123665014649115,-20.16620318538543,-30.973186784213308,0.0009992122650146484,4,38180,211698.36952092676,12581.0,121059.57581119926,11,8,8,6
4028.985367688077,1024.5154737746798,0.0004116473933359191,-1235.989059028029,-1219.6577012396306,0.0005052089691162109,4,346,10617.122742675807,121.0,3672.2197883533718,7,11,5,10
3666.792666012913,934.2642944367774,0.0003713117383561075,-1007.1692288498705,-1434.4953589550194,0.0,4,368,12703.662177249364,134.0,4420.984861399802,8,11,4,10
4517.295568577352,1113.4346372899765,0.0003217305800988292,-1213.547376825729,-1529.539125329706,0.0009996891021728516,4,386,13484.545668614066,146.0,5247.449888960873,8,11,4,10
4744.238974616883,1230.547715185647,0.0003653622146965687,-915.8108389655349,-1120.4617608702515,0.0009996891021728516,4,501,15640.182619135987,159.0,6853.122369686507,9,11,4,9
4071.0504430461006,1010.337736513328,0.0003031513634350452,-876.0019494159798,-1147.196663985817,0.0020062923431396484,4,444,16047.108198935432,138.0,5860.7419517461785,8,11,3,10
4887.833845922186,1228.9462296661018,0.0003606285293404988,-668.4809794766479,-942.7297392105176,0.001010894775390625,4,578,16977.51076112814,195.0,7113.3499799226665,9,11,4,9
4859.783045147213,1229.5801033011599,0.0003542189659159039,-656.6678284969064,-950.3904910525235,0.001001119613647461,4,588,17578.71242502485,165.0,7490.3822473053915,11,11,4,9
4121.824646751586,1046.794306899406,0.00033074423251340654,-495.3788504022168,-653.5169468719234,0.00099945068359375,4,622,18020.408448569993,190.0,7714.073502014115,10,11,4,9
4456.275569046514,1137.4677374139774,0.00031675452325808013,-478.53251406122143,-727.0357927098895,0.0020084381103515625,4,647,19692.26541735874,175.0,8499.926245065377,10,11,7,9
5802.391094121313,1650.4829798658309,0.00036422005685894437,-113.29869080502573,-209.20441400420617,0.002007007598876953,4,1542,29082.094295437884,322.0,14498.769626404799,25,10,6,8
6535.322209422049,1845.4244698431164,0.0003901481964347055,-109.66127483945246,-199.76792065843065,0.0010006427764892578,4,1707,32681.568966620405,374.0,16209.73680518807,23,10,10,8
6725.206172915768,1907.8387285268147,0.0003733594334464975,-82.20570110557144,-150.6888708551885,0.0009996891021728516,4,2038,33598.37356075985,443.0,16757.710828078416,33,10,19,8
7590.332689504991,2142.8139197515493,0.0004008604105600801,-59.42403037390251,-108.87789438307698,0.0009999275207519531,4,2710,37283.57364487533,598.0,18277.821291246873,23,10,22,8
7420.074872276331,2097.935242288747,0.00038377239606916645,-50.34546951026287,-91.41438888975124,0.0019981861114501953,4,3030,37555.20878777337,637.0,18488.10311812636,28,10,21,8
7378.148004358685,2130.2456745780137,0.0003330380976296005,-27.814527929124722,-53.06771520288274,0.0009975433349609375,4,4014,34903.32577130884,852.0,17554.717101489645,29,10,28,8
8683.298358000131,2484.6715274665594,0.00033891860345842994,-29.53578803076548,-52.853899127316296,0.002197265625,4,4449,38866.27353135436,982.0,19219.621938943797,28,10,23,8
5760.21577362936,1547.6773334632105,0.00019163165621001135,-4.789181088290132,-8.614656770660392,0.0010383129119873047,10,6936,30586.2524860729,1512.0,11078.601082522924,26,15,18,14
5884.94794338242,1579.3370072825207,0.0001918710019278756,-4.710144017468742,-8.201155739872284,0.0015032291412353516,10,7135,31298.60090733156,1587.0,11419.966427693631,24,15,22,14
8474.89985750702,2331.7205681688015,0.00025340662687057386,-3.1262574799889125,-4.949280167943557,0.0009987354278564453,7,11984,37236.32154673531,2830.0,13497.957486252897,22,12,19,11
7664.595761767542,2637.402113501355,0.0003273617769939618,-1.708714074856986,-5.219556853543968,0.0010001659393310547,6,13656,34635.2997307502,3163.0,16949.96656149308,21,11,16,8
8360.190612429424,2494.7057771985264,0.0002767808110762971,-1.772317911151072,-3.6355686870091297,0.0009992122650146484,6,14914,37682.63847821609,3528.0,14937.100112261722,21,11,17,8
8302.926330553017,2852.7836085217514,0.0003658908940717477,-1.220754780711705,-3.8471793450832212,0.0009801387786865234,5,16623,37189.85819887971,4155.0,17523.99843450536,19,10,15,7
8105.9060741512985,2774.403501565008,0.0003596353751566414,-1.038507289781958,-3.4995754415669422,0.001081705093383789,5,17466,37703.73143191341,4179.0,17376.29082526439,19,10,17,7
8339.722671208856,2854.0927023453064,0.0004565803622702984,-1.008806389672979,-3.3855096384130237,0.0009989738464355469,4,18237,38665.30927754741,4470.0,18183.651826367743,18,9,15,6
10328.513704245675,3967.541497345137,0.0004944391721216637,-0.9406153990253989,-3.9070887700298664,0.0010159015655517578,4,22846,47865.59700164378,5951.0,27288.99230866495,16,8,13,6
9645.706586391285,3732.0217823589674,0.00047877063957208274,-0.5965162990055779,-2.9662890411258127,0.0009984970092773438,4,23417,43815.39240905683,6267.0,24961.46580417565,16,8,13,6
16514.198447567447,6306.460824209939,0.0005549025068768066,-2.3427990702449115,-6.643660117175883,0.0010001659393310547,4,28688,79338.81429178928,8127.0,45412.46762827766,14,8,11,6
40730.84956328434,13758.544958279464,0.0006601844952324897,-12.914683388098437,-21.486760840872034,0.001016378402709961,4,37318,177777.74817909245,11728.0,101609.4188041967,11,8,8,6
61083.96591398727,20119.62097630879,0.0007611908685036356,-27.1783212101807,-41.18337588784602,0.0009806156158447266,4,38333,241091.4016020552,12648.0,137958.14059293212,11,8,8,6
3656.105414887816,1021.5947909344154,0.00039391554970731184,-706.3098632594484,-1145.9285851641412,0.0,4,415,11169.719364805562,137.0,4927.543476124636,8,11,4,9
4395.89061937058,1141.8053097579188,0.00038712285926583,-763.6871777003288,-919.7552505342227,0.0010199546813964844,4,479,13418.073926689987,154.0,5810.400762893356,8,11,6,9
4083.8925552432215,1040.7478190014758,0.00038071148816095816,-383.3889534018191,-537.6687821505101,0.0010075569152832031,4,673,16136.01504539253,205.0,6276.688298768062,9,10,4,9
4157.183832425584,1090.419979822434,0.00033329844189868485,-583.5047184096845,-819.8200111335516,0.0009999275207519531,4,559,16558.840014774945,171.0,7272.1491948047915,9,11,6,9
4167.193742590049,1080.8370372426891,0.0003364585899346787,-564.8458725062022,-752.4806862799983,0.0010001659393310547,4,575,17274.941976609516,159.0,7573.5616993559925,11,11,7,9
4469.874920983033,1118.669450801438,0.0003366410002185058,-398.04569467763537,-503.57421586187934,0.0010061264038085938,4,695,18558.648512838583,212.0,7659.159784283591,11,11,6,9
4232.369968407901,1119.503951842889,0.0003584348226921959,-263.0495342288331,-410.94669850329666,0.0015065670013427734,4,838,18483.284909658094,233.0,6933.6208602855295,11,10,7,9
4729.779240914275,1336.1453490804386,0.000388794064115953,-298.90475707317887,-501.42567209179583,0.0010001659393310547,4,853,20864.71402614693,229.0,10402.092308967643,13,10,5,8
4772.817989364806,1344.5564465280138,0.00038737738110022706,-204.09056079866602,-338.58160216573367,0.0010004043579101562,4,1055,23831.30471471748,287.0,11814.211790206944,13,10,8,8
6834.742848906758,1937.2714458485282,0.0003995888305278407,-84.5888352398271,-153.65187410376015,0.003564119338989258,4,2050,34191.20211655689,439.0,16995.16456777879,27,10,20,8
6225.610345485661,1664.130682304295,0.00018006824066493413,-5.620821454819367,-9.547957541256393,0.0010001659393310547,11,6840,30624.025922419998,1549.0,11594.652511944685,26,16,20,15
7179.977977985078,2462.5123792101926,0.00028543896893638544,-1.7733924169218342,-5.3962481162785485,0.0009992122650146484,7,12855,33714.341811333885,3002.0,16198.783754040247,22,12,18,9
9291.574316650727,2681.608358002621,0.00017770610248012348,-2.171990632432335,-4.008701120498802,0.0010073184967041016,7,15748,43664.62729283711,3813.0,18779.287606284095,21,13,18,11
8099.216925356553,2897.077883263335,0.00037466211867937573,-1.09380217355133,-3.9519547374249404,0.0010085105895996094,5,16736,36902.644033281955,4116.0,19387.30446823532,19,9,16,7
8671.764890644461,2932.9293365589238,0.0004547768618297109,-1.2886822676097318,-3.7557306117750437,0.00150299072265625,4,17341,38209.092123999,4319.0,17111.48082737971,18,9,15,6
8986.486616980026,3369.6627062189054,0.00039132298632362135,-1.0442963483513439,-4.14689458728851,0.0010008811950683594,5,18912,41136.88285756553,4761.0,23242.671513352383,18,9,15,7
8392.648837577262,3105.661163897805,0.00036255644345377987,-0.6580492143431416,-3.0559608524460273,0.000997304916381836,5,19813,38863.9450239716,5011.0,21046.405225703165,18,9,15,7
9104.699740106258,3151.0369788940316,0.0004181599315114582,-0.6126461952955733,-2.3243426548005455,0.0009996891021728516,4,22118,41553.78745048531,5824.0,17854.89857683696,17,9,14,7
10465.450054205197,4021.1243716572785,0.0005122628877682395,-1.0936596965031171,-4.3336536765783915,0.001005411148071289,4,22805,51386.6752056368,5904.0,29334.41893824663,16,8,14,6
12480.99953531437,4792.638108103707,0.0005158847629475334,-1.5609394284077776,-5.357295813395561,0.0009992122650146484,4,23733,57546.114180951,6288.0,32844.57407156864,16,8,13,6
11098.651463620832,4323.2071032331505,0.0004933598063102461,-0.9698561427769052,-4.017374086591457,0.0010192394256591797,4,24561,53926.33981290536,6616.0,30733.32485970731,16,8,12,6
9814.62059200645,3993.4478631723655,0.0004565507213314688,-0.270421967466669,-2.403544278946735,0.0010008811950683594,4,27178,49920.751849137865,7438.0,28376.363461028333,15,8,12,6
11721.79560227059,4817.512900046631,0.00044573143456070707,-0.4170948958437708,-2.5883211065669425,0.0009996891021728516,4,32265,67097.28160273867,9482.0,38094.09609629508,13,8,10,6
20383.150757624415,7646.94052439516,0.0005362477981323942,-2.803903546832831,-6.975550532412499,0.0010027885437011719,4,33359,97520.06745246117,9988.0,55686.35659908946,13,8,10,6
27427.68043189203,9808.558328745592,0.000592587422621552,-5.627636733777143,-11.4200285348205,0.0005047321319580078,4,34468,122996.35040500869,10468.0,70355.81254734242,12,8,9,6
45274.76746611141,15364.56612844525,0.0006943349530371984,-14.76189330548823,-24.292161576335616,0.0009999275207519531,4,36203,177268.2358728814,11502.0,101635.06690703041,11,8,9,6
54790.454675850706,18229.079699753158,0.0007401995735803387,-21.947975140260212,-34.10304216635085,0.0,4,37627,214325.52409835916,11970.0,122819.17780968,11,8,8,6
4319.444096807226,1083.8014555845255,0.0003876927697262921,-579.5033527099519,-748.1017934984296,0.0010063648223876953,4,562,15262.91279950017,170.0,6268.078470723858,9,11,3,9
3212.4964465580056,880.9140226497469,0.0003174030494169732,-597.0319627262212,-1025.3815385634925,0.001505136489868164,4,482,14762.504836925757,149.0,6178.741457011116,9,11,5,9
4679.275077958919,1214.6063720244506,0.00028709549244806634,-315.4218441318808,-465.9364882853483,0.001998424530029297,4,772,22883.52609446105,189.0,10157.275458963617,17,11,8,9
5313.2040576526515,1503.7012212380896,0.0003573666204346289,-147.2480752153423,-267.3103721520876,0.002001047134399414,4,1246,26535.847522371398,286.0,13201.233837652504,19,10,7,8
5730.325865172939,1634.294785787827,0.0003547923225093241,-88.16421160825439,-161.45925277398845,0.0010004043579101562,4,1657,28714.780856062484,364.0,14395.712254390579,28,10,17,8
8769.532818396921,2500.3431841956362,0.00036444534018334614,-34.72330176566382,-62.31389933708292,0.0021049976348876953,4,4237,39715.70826589057,946.0,19622.33669201225,25,10,23,8
6757.794839922581,1808.439419933477,0.0001879366294308743,-4.431203155926288,-7.224390670507084,0.0010061264038085938,10,8250,32973.75713524681,1883.0,12336.443899670157,25,15,22,14
7359.068902303883,2547.0052779572557,0.0003204645983380811,-1.7396039687557048,-5.391899209892192,0.0005059242248535156,6,13035,34033.1821702844,3128.0,17270.382947888633,20,10,17,8
7554.6670411175255,2506.603984718195,0.00029365631656119235,-1.6537667325626435,-4.723596860553808,0.00099945068359375,6,13789,34713.30370136703,3228.0,15540.917145661608,21,11,18,8
8210.535840151071,2904.5075885856036,0.0003874962267026896,-1.408878351883191,-4.558139299507878,0.0009999275207519531,5,15735,36407.295240228865,3819.0,19152.227100664793,19,9,15,7
8943.099669374193,2534.5600584109075,0.00031263521051472074,-1.6570159448654578,-2.9721282669294498,0.0009968280792236328,5,16552,40677.40234564021,4121.0,14618.578601511297,19,10,16,7
7915.044621333745,2960.0330057918186,0.0003903964521974018,-0.9055893045636432,-3.9798879272845964,0.0005052089691162109,5,17997,40683.84062662784,4491.0,22973.962974336,18,9,16,7
7719.185766152194,2685.642475087861,0.0003282806528238204,-0.6395927447874634,-2.6337945334969266,0.0010013580322265625,5,18844,38711.71027684937,4711.0,16940.22318925074,18,10,15,7
9007.913656177408,3103.89325098539,0.0004432877184688235,-0.8882776340117629,-3.015515701129548,0.0009989738464355469,4,19825,39819.70347613946,5028.0,18123.000965307707,18,9,15,6
8794.571937705685,3314.3044434252715,0.00046277701443842066,-0.5131677811297,-2.7428679537686125,0.001001596450805664,4,22230,40602.061690855284,5797.0,22716.393621972093,17,8,14,6
9110.849128542519,3289.0793286546213,0.0003654447503199715,-0.4039133010682152,-2.0342057901795823,0.0005059242248535156,4,23529,41493.683361064985,6246.0,18757.52349263201,17,9,14,7
15949.289696321228,6185.730725520204,0.0005203796436580493,-1.6623826539209658,-5.156776773930955,0.0009999275207519531,4,31575,81963.24852724125,9327.0,46779.673684758134,13,8,10,6
32639.729806534888,11475.617786225394,0.0006174167468232842,-7.940483532572875,-14.986435110796046,0.0010216236114501953,4,34339,135889.1100523639,10350.0,77804.88878838101,12,8,9,6
48691.354680149954,16400.780208785152,0.0006895313233540041,-17.250439547456136,-27.939759379353358,0.0,4,36122,187800.18326571194,11218.0,107552.9718732023,11,8,9,6
44242.498738846974,14959.975148252082,0.0006635538669029633,-13.644398677560437,-21.83003521844817,0.00110626220703125,4,37167,176222.24518966625,11865.0,100750.04898796818,11,8,8,6
3558.750463633801,908.9062931215011,0.00036111041051576054,-1122.0528773419067,-1298.1265851618246,0.0009996891021728516,4,311,9984.979161027632,110.0,4076.346037541547,9,12,4,10
3732.857789956678,1003.2063817484377,0.00039965380179650276,-909.696896195932,-1254.9798458307357,0.0010004043579101562,4,374,10835.516669868137,125.0,4265.5648519364995,7,11,3,9
4483.728102070363,1104.727414648149,0.00035827538947568767,-1322.533588657696,-1375.6312139276777,0.0015048980712890625,4,346,11870.675937887681,116.0,4500.746958746182,9,11,4,10
4646.407004534705,1203.320207258339,0.0003849778591811288,-985.095818156571,-1361.0224479962105,0.0,4,451,14001.927377967651,153.0,6058.42649149004,9,11,3,9
4138.992350381608,1136.6029199776272,0.000331541652051226,-719.9058082061716,-1067.3148130314462,0.00099945068359375,4,503,14878.781910206057,167.0,6641.24933613664,10,11,4,9
5953.500411640364,1682.6823512333685,0.00038463919870932654,-110.47520907696232,-200.9365635619291,0.0020134449005126953,4,1612,29886.99521149151,359.0,14810.648435249655,21,10,10,8
6313.099788888949,1784.8803446456066,0.0003900247469924032,-117.23537400857569,-217.5977812853474,0.0015044212341308594,4,1613,31569.44842983511,345.0,15664.617354426664,23,10,6,8
6607.210148634695,1870.113199450301,0.00039580732979953986,-87.50585285981704,-159.08702540079904,0.0010178089141845703,4,2038,33329.92210494858,444.0,16457.99350787219,22,10,19,8
7550.4465523232375,2123.6012709025117,0.0004124101349628562,-78.79169436056804,-140.0597421238478,0.00099945068359375,4,2315,35767.65719501217,498.0,17473.212039077232,26,10,21,8
7767.7442648546175,2186.5274348836733,0.00040732343999761984,-53.81946458816119,-96.69333833655544,0.002023935317993164,4,2938,39149.774224732544,643.0,19161.818177599314,29,10,21,8
8154.767208505343,2316.1650453456955,0.0003859143389924284,-50.15145169877133,-90.96525314032199,0.0012602806091308594,4,3198,38507.99716216158,689.0,19086.21128125144,27,10,27,8
5774.195886564351,1543.3699013114003,0.00015735778923195868,-5.071414781090459,-8.720489340919665,0.0019989013671875,12,6687,30012.08426836632,1449.0,11502.354423777593,25,17,20,16
6142.951992548647,1662.831511784042,0.0001420105509840098,-4.528235865933763,-7.926063287353754,0.0010135173797607422,12,7436,30111.995282472533,1617.0,11741.382000725847,26,17,24,16
6911.421878503649,1855.7441698404782,0.00021313860896210454,-4.513888726132183,-7.420066444195346,0.0009996891021728516,9,8457,33128.63613984926,1904.0,12166.375337510763,24,14,21,13
7574.461901298878,2556.30224205147,0.0003298742268391384,-2.354859267570402,-6.5792617839337355,0.0010018348693847656,6,11794,33090.75561725653,2706.0,15733.765886306668,21,11,17,8
7876.16590575308,2255.1699687469877,0.0002263955575404493,-2.3525551349185365,-4.277088962299303,0.0010013580322265625,8,12383,35584.42859955038,2906.0,13493.531788265189,22,13,19,10
8126.746617963971,2831.9262459343868,0.00036405999504042887,-1.06824911823009,-3.657175482801616,0.0,5,17069,37106.708289075155,4125.0,18002.82658957126,19,10,16,7
8575.671614607305,3116.8266297472883,0.00039496613685969574,-1.13976875788536,-4.166812850938871,0.0010006427764892578,5,17501,37364.331803539535,4249.0,20659.39431749215,19,9,16,7
7724.718358030787,2905.2505471564286,0.00036041584570689985,-0.6192303474634255,-3.2503225686024946,0.0010004043579101562,5,18991,38844.95141284001,4680.0,21860.596102272197,18,9,15,7
7964.690292278489,2808.1643347786603,0.0002694924537040428,-0.5045175409206069,-2.3951262405647546,0.0,6,19542,38695.33422474071,4868.0,16738.19325033255,19,11,16,8
8538.602778342061,3062.3445542364298,0.0003495573376833583,-0.5739691937502749,-2.5140708327030246,0.0010004043579101562,5,20515,39759.02378536326,5255.0,18980.97254649621,18,10,15,7
13661.66005101245,5280.250964724448,0.0005204018235171527,-1.6840104986505975,-5.5835811784098635,0.0009989738464355469,4,25695,64472.162190871735,6843.0,36827.70307152174,15,8,12,6
8573.150742150883,3069.6810015937353,0.000377510767479486,-0.08205995605381333,-1.30143105690563,0.001505136489868164,4,26472,44098.496172284096,7174.0,19581.051546791918,16,9,13,7
16095.632980686767,6223.897361627967,0.0005343911417761912,-1.9378606766599544,-5.786416598326782,0.0010073184967041016,4,29395,78025.7562350537,8434.0,44584.64345269451,14,8,11,6
16628.19007252545,6362.167837649908,0.0005281647738736991,-1.9904083313392409,-5.726066204331899,0.0010004043579101562,4,31451,85674.20614772142,9274.0,48913.73334184699,13,8,10,6
27323.998639724854,9770.83094375765,0.0006132964062439257,-6.235582990753175,-12.862065764474282,0.0010001659393310547,4,32569,120931.63543528279,9772.0,69299.10925164662,13,8,10,6
40401.00910049728,13856.24902593984,0.0006704503051326061,-12.093278718294979,-20.86090096943356,0.0010616779327392578,4,35711,162386.6880385958,10944.0,93069.42108792654,12,8,9,6
55322.336516978095,18451.26647936633,0.0007024404266644013,-20.38502891528473,-30.865069520364735,0.0010001659393310547,4,37714,204104.3263291586,12205.0,116757.55924802285,11,8,8,6
73127.11792357912,23939.99700896934,0.0008176153023091846,-36.18468481800947,-52.00296281795062,0.0009999275207519531,4,38527,264728.6334109814,12599.0,151507.89290590613,10,8,8,6
3824.9658686062817,947.4606594666107,0.0003866350055966414,-1224.4991516091814,-1470.165976829391,0.001020669937133789,4,316,10247.520333860843,110.0,3956.3358228632424,8,11,3,10
3745.249688534944,1029.2133559373342,0.00041759356480607974,-801.5411660646561,-1147.107751152135,0.0005054473876953125,4,410,10798.684422590253,128.0,4760.345222417936,7,11,6,9
3671.7357471321484,925.9141153187204,0.0003325514521280298,-1446.4868962868593,-1835.048280685501,0.0010001659393310547,4,308,11665.067880341521,111.0,4770.944270451904,9,12,4,10
4527.399466225131,1223.7030031791573,0.00040394811646507955,-1090.0857468103527,-1505.6860527791703,0.0009999275207519531,4,407,11999.2013241505,140.0,5289.843207864393,9,11,3,9
4132.684303459734,1143.1961349529477,0.0003246171772198529,-141.94387501960267,-253.78078729108967,0.002000093460083008,4,1025,20728.53210017948,260.0,8695.788338573198,13,10,5,8
5558.304096294201,1560.2829270930706,0.000404506420868173,-162.30503535369635,-274.94601611576087,0.0020024776458740234,4,1263,27811.7751400781,319.0,13709.298126245238,16,10,7,8
4697.517481054358,1206.5604404642306,0.00031485602985035653,-175.2757932882877,-254.3954843902937,0.0015020370483398438,4,1024,23051.561558878064,227.0,9073.493614681302,22,10,17,9
7640.66836925932,2146.383060015381,0.00039820748377029355,-56.845668629895165,-101.71422330278905,0.0025129318237304688,4,2753,37403.29732621336,616.0,18226.410255510906,27,10,20,8
7918.985535839943,2226.098386264704,0.0004119580565975247,-47.65569680086114,-86.76970427438526,0.002000093460083008,4,3175,39075.54395103395,686.0,18998.28239844131,25,10,20,8
7406.771461540116,2137.8734893760843,0.0003631951349053128,-33.72052881527446,-64.44359883360742,0.00099945068359375,4,3672,35960.90543445146,764.0,18144.400952953154,29,10,28,8
7915.585388969973,2280.043835756782,0.00036145292428543173,-26.65149179097896,-51.133560333389426,0.002021312713623047,4,4396,38760.80907872333,935.0,19354.89740864726,28,10,22,8
4176.55250537091,1204.9915790177074,0.00011008313834688028,-5.0950096405110585,-11.985984156051881,0.0009999275207519531,18,4794,22917.026035529932,1079.0,8722.090742114411,26,23,21,22
4137.022980544757,1210.706502191851,0.00010839435151268095,-3.692792070095262,-8.809327766979514,0.0015075206756591797,16,5684,25021.037398040204,1250.0,9888.413275621686,26,21,24,20
5965.564712888748,1731.338712953384,0.00022360446603738747,-3.811647519233058,-7.790275878904604,0.0010068416595458984,9,7727,30142.343623543864,1731.0,12243.588144518673,23,14,19,11
5737.236675426506,1577.7372607541372,0.00018898566218104033,-3.398714965627412,-6.3910717397832,0.001999378204345703,10,8031,31284.9623411898,1831.0,11255.564448497098,24,15,21,12
6272.126274967944,1811.584367403968,0.00024725646383643053,-3.0071084953018135,-6.126694258057729,0.0009999275207519531,8,9249,32380.405368177242,2097.0,13054.838907809672,23,13,19,10
7078.5826053678575,2203.0049787346056,0.00023727364796313714,-1.997469382790328,-4.8917036577802655,0.0015053749084472656,8,11814,33444.15754808149,2719.0,14269.611475212901,22,13,18,10
7473.623688622319,2568.8283514595228,0.0003935259425624987,-1.5476607972821461,-4.949121395731427,0.0009975433349609375,5,14185,34958.44193444148,3365.0,17868.067429490613,20,10,16,7
9853.774108027683,3706.5499540843703,0.0004965254602445863,-1.3164170874675762,-4.773621619013473,0.0010004043579101562,4,19262,43867.82869333517,4849.0,24984.97981854152,17,8,14,6
8205.635313564073,3052.6920820699374,0.00037984396948658936,-0.6412081962268361,-3.0317757835249513,0.0009999275207519531,5,19787,38848.995466667664,5018.0,21395.842132721336,18,9,14,7
10768.940376635856,4147.4138251403065,0.000513996498960643,-1.1538783628217075,-4.55946493477383,0.0010025501251220703,4,23167,53398.94521483467,6173.0,30467.64000877792,16,8,13,6
11848.724603789537,4630.741003344073,0.0004997553413518497,-1.14612045177249,-4.393779882916659,0.0010073184967041016,4,24829,56297.05487454628,6689.0,32095.336612157553,16,8,12,6
13627.194973963029,5223.625553730122,0.0005342613600867252,-1.8791491304824626,-6.035704057781943,0.0020494461059570312,4,25738,68190.85942794505,6914.0,38959.707590500024,15,8,12,6
14260.021754031168,5542.705959264817,0.0005248530064670047,-1.6099386975778347,-5.250368099565615,0.0013685226440429688,4,27977,71125.1868040731,7775.0,40603.59361187756,14,8,11,6
19251.10876290554,7246.999577253254,0.0005743177249122915,-3.1506657797105593,-8.156873052895042,0.0,4,29306,86647.66488120782,8190.0,49604.717207815265,14,8,11,6
12992.07778562663,5226.802024227738,0.0004941928077008085,-0.8129759668189132,-3.56995327439909,0.0010001659393310547,4,31032,69118.58789977495,8926.0,39405.077810517716,14,8,11,6
17272.05622912417,6644.234437765599,0.000502027579554471,-1.7140747999899628,-4.928492893486949,0.0,4,33646,88213.10477652925,10098.0,50222.78294469186,13,8,10,6
29191.91104835498,10322.400322843805,0.0005876323359637933,-6.419076985207954,-12.285041499275968,0.0010085105895996094,4,34452,128394.49094086548,10597.0,73386.3809117547,12,8,9,6
65531.83924606559,21622.62608418973,0.0007896402971847534,-29.99258528847575,-45.0624171480321,0.0010056495666503906,4,37630,240734.28726775805,12074.0,137988.92453713488,11,8,8,6
74991.20695931933,24521.985454475467,0.0008627678098609695,-38.747134072931516,-56.131911493175885,0.0010023117065429688,4,38903,276046.77436239633,12841.0,158214.59122035292,10,8,8,6
3276.9467658130056,814.1042581896008,0.0004016280009869795,-1045.8563502759876,-1140.4973989815614,0.0010013580322265625,4,325,10206.105878557988,123.0,3705.554824664181,8,11,3,10
3620.3600601486187,954.1898649445029,0.00039049692147913887,-624.019457973128,-1072.9767170858397,0.0010063648223876953,4,454,12734.699611043528,166.0,5521.83025415126,8,11,4,9
3920.8490681411567,984.2726252002823,0.0003862852229844465,-678.8012144823392,-846.5373712824218,0.0009989738464355469,4,493,15324.060631757675,172.0,6405.943106370862,10,11,5,9
3491.4378293378245,901.318411151008,0.000320281076623679,-846.6210540467891,-1229.7625192327282,0.0010013580322265625,4,412,15177.202740157889,147.0,5195.132781311817,8,11,4,10
4006.5877404458715,1125.148465781844,0.00033504674327481055,-751.656440962816,-1267.5451661683037,0.0010194778442382812,4,474,15178.312916143981,136.0,6865.432349123799,11,11,3,9
4200.63629989952,1060.2472964211015,0.00036170253356378494,-324.45653611119695,-448.66594594892683,0.0010004043579101562,4,729,18416.426361780657,208.0,7347.255059249877,10,10,4,9
4652.1689696910835,1307.7463473489386,0.0003794356508249319,-268.1339674611813,-454.46584751830255,0.002014636993408203,4,871,20197.523770256055,237.0,9993.91665028841,10,10,6,8
6030.750436712402,1713.0842310952964,0.0003931833376360182,-136.04184522965107,-259.31392506733613,0.0020067691802978516,4,1421,29012.57495938058,318.0,14449.830837978749,22,10,8,8
6629.214719211889,1874.0962557311773,0.00041289357133093276,-107.77929770789346,-196.0646916227035,0.0017485618591308594,4,1828,33152.34058357122,373.0,16407.825967984332,26,10,23,8
6643.641793524305,1885.276240925132,0.0003783446908469069,-60.91477531168571,-112.01792493033784,0.002008199691772461,4,2379,33254.13816374438,511.0,16465.914423145354,28,10,22,8
7297.213549194882,2080.489379494205,0.0003804669707617944,-54.45381629057256,-100.59853225970917,0.0014812946319580078,4,2749,36736.94391179385,612.0,18317.55535225301,31,10,24,8
8623.046243303479,2431.241339521138,0.00041524052424709576,-52.11618246623409,-93.45575364394375,0.0010001659393310547,4,3353,40859.06295247163,712.0,20045.402570771585,31,10,25,8
5381.677560209955,1476.0156300519868,0.00012889176557266866,-4.821416750954718,-9.13582345160001,0.002010345458984375,15,6202,27151.49427479835,1319.0,10412.391653151346,27,20,24,19
7156.363057776367,2001.5143205860395,0.00023471327481619113,-3.427563822395502,-6.062677541562199,0.0015072822570800781,8,9698,33455.77835073964,2190.0,12740.216178375342,24,13,19,10
7170.921378833147,1948.9141288353562,0.0002089975189573647,-2.9865240369704065,-5.053835642587106,0.0025157928466796875,8,10439,35181.4244965621,2367.0,12952.96773876559,23,13,19,12
7524.689697835153,2103.937699779829,0.00024524289274478387,-2.4894380298251333,-4.477224860292931,0.0,7,11830,35831.343293435624,2729.0,13206.253488773464,22,12,19,9
7092.235424149456,2302.838838069948,0.0002784864317435426,-1.6830228341007936,-4.559476673070208,0.0010094642639160156,7,12985,34455.2436357945,3083.0,15311.604190848564,21,12,19,9
7816.518771747177,2700.561948763166,0.00038345648430456705,-1.2842652269658545,-4.142571822635922,0.0009987354278564453,5,15670,36137.06555834386,3740.0,17398.327713482402,19,10,16,7
7537.401281996066,2479.3322281701653,0.00027935328016387916,-1.0166177320130365,-3.1056705695063505,0.0010013580322265625,6,16052,36700.44508143772,3959.0,15577.000155466618,20,11,16,8
8518.780336556576,3195.720494457448,0.0004720875601598002,-0.7283074796602995,-3.365023623511364,0.0010006427764892578,4,20002,39847.18016456816,5186.0,22664.641517495955,17,8,14,6
13675.69080892857,5288.740970946803,0.0005264734945537323,-1.687259695065626,-5.5053515997470965,0.0009999275207519531,4,25756,64598.02315767842,7047.0,36899.571572590794,15,8,12,6
12656.147673662073,4959.181218770466,0.0005181092986036041,-1.2297415302335808,-4.523687544071757,0.0010066032409667969,4,26328,62000.21535245664,7282.0,35380.312042873746,15,8,12,6
21829.836932643535,8000.2077871270785,0.0006041805485264867,-4.151887644844211,-9.65648998879291,0.0010006427764892578,4,31810,105471.94168670337,9530.0,60471.77046550496,13,8,10,6
43596.61676333258,14794.8833264806,0.0006547749722460315,-13.607906779327516,-22.430040895915248,0.0,4,36518,173567.38632426425,11384.0,99283.22315045222,11,8,8,6
3804.6271503053003,954.3915344682914,0.00037825944574099797,-1020.0821339913746,-1277.296846672196,0.0009980201721191406,4,356,11207.567716542148,128.0,3981.657024393455,8,11,4,10
4055.213138266239,996.833517738324,0.0003244732722815432,-1439.5408240550512,-1668.6557402621333,0.0010058879852294922,4,343,13520.475286227938,114.0,5300.4153773485505,10,11,5,10
4665.356682373269,1153.7296893594932,0.00033446704980570163,-1271.077270593161,-1441.382505766549,0.0,4,387,13968.960719453706,124.0,5143.792835664954,8,11,3,10
4226.818287319197,1090.9370872247182,0.0003772535798786928,-697.515685474104,-970.0977083777861,0.001009225845336914,4,487,14583.833626482538,166.0,6312.027364096572,9,11,4,9
4528.037145203356,1209.232633405541,0.0003382953275783424,-1224.9525806925815,-1908.809740890455,0.0010836124420166016,4,397,14986.95917132605,130.0,5765.669452993596,9,11,5,9
4509.43486001235,1135.3473767658566,0.0003821720879672424,-590.0575313211394,-789.7747262104142,0.0010068416595458984,4,592,16257.060847123266,191.0,6527.112030545162,9,10,5,9
4234.624811202125,1085.3337101666943,0.0003330602556155017,-531.8119113317763,-796.5490935187773,0.0015301704406738281,4,590,17364.79494922729,177.0,7470.857690129051,10,11,3,9
4100.232080673355,1177.9983438230379,0.00039933214804359715,-247.65038919395988,-444.74011143793456,0.0010001659393310547,4,808,17228.165003808674,216.0,8535.699671363724,10,10,5,8
4256.60117067072,1080.1958391866103,0.0003512948944932042,-401.6290457707094,-577.0510675567587,0.0009999275207519531,4,678,19990.15963885639,191.0,7966.570627978308,9,10,5,9
4948.60692118191,1392.567747932673,0.0003940892060540858,-231.8131713285986,-381.1465608954118,0.0010061264038085938,4,989,22992.658200534595,259.0,11398.741803092129,13,10,4,8
5912.138764795325,1665.1912202443013,0.00041379300096529303,-148.55530778793675,-263.6344674443537,0.002513885498046875,4,1340,29564.7401843655,327.0,14598.562234965699,14,10,6,8
4818.191903926724,1384.104533708645,0.00035206999146912706,-105.85250489313319,-196.6914599939147,0.00099945068359375,4,1279,24120.95819146191,280.0,12192.545388082173,23,10,15,8
3890.67310433873,1121.7994928740488,0.0001099190676848549,-4.7642135302610935,-11.930962282446801,0.0020248889923095703,19,4779,22660.682895900994,1062.0,8436.933399362086,24,24,21,23
5190.54053855645,1411.9517468600718,0.0001328397716211861,-6.187509611174735,-11.542719580636474,0.0009999275207519531,15,5324,26174.643702895042,1171.0,10123.584141605323,28,20,22,19
5979.849461630199,1676.2409359276303,0.0001898822595335084,-2.8054839459104657,-5.462545028925,0.00099945068359375,10,9000,31398.792980162158,1993.0,11622.481872802806,23,15,22,12
6936.316865229081,1935.162237555461,0.0002105704418432808,-3.560535820800191,-6.127336658809523,0.0010063648223876953,9,9252,32548.725733433952,2100.0,12132.448933670941,24,14,21,11
7190.413581202669,1961.1620679638747,0.00020717374061621186,-2.770477533709204,-4.851508489833942,0.0009992122650146484,8,11258,36844.03179184426,2569.0,14224.882272063878,23,13,20,12
6529.709398235413,1897.327051603045,0.00022219766948167023,-1.7783368024466872,-3.8251021125333455,0.0010080337524414062,8,11846,34578.89935062727,2757.0,13369.557143288264,22,13,18,10
6975.628513122471,2253.1161298042616,0.00029823567985918294,-1.4981274694486855,-4.252299871780016,0.0020029544830322266,6,13460,34661.9946114436,3176.0,15074.790927754515,21,11,16,8
8324.356764089898,3071.1770911047197,0.0003870584281041309,-1.2233279685324816,-4.642104572846417,0.0,5,16579,37173.009800543165,4017.0,20959.503077244473,19,9,16,7
8876.18769444335,3275.2026284533117,0.0005045935428225564,-1.2777762023161388,-4.6745397536983155,0.000997304916381836,4,17904,40087.00174756641,4411.0,22825.42209915172,18,8,15,6
8995.908098716776,3376.7712357185806,0.0003924835168012819,-1.140474771544696,-4.452015782950857,0.0015063285827636719,5,18505,41836.02470767078,4527.0,23624.736040041884,18,9,15,7
9821.363028799726,3695.0700663918087,0.0005176151714100288,-1.3162099651256236,-4.891138752280935,0.0010001659393310547,4,20198,47119.88609232656,5144.0,26883.886208477255,17,8,13,6
9238.382004028552,3552.342693488962,0.00048805049471603297,-0.6031621903015778,-3.043960326754208,0.0010170936584472656,4,22563,42536.70855029962,5883.0,24253.685059348885,16,8,13,6
8556.343165154569,3075.3859334990343,0.0004107918375067645,-0.33320657387574926,-1.948461254627047,0.0009999275207519531,4,23376,41827.01786068104,6116.0,19463.591968616834,16,9,13,6
18044.583119643754,6792.682163275448,0.0005861860268268344,-3.1286667777390686,-8.275396366139606,0.0010063648223876953,4,27905,83509.14532274468,7936.0,47854.18587144655,14,8,11,6
14112.379372450636,5594.0849220357,0.0005047651973859638,-1.2414424942294882,-4.406554881113693,0.0010001659393310547,4,29048,68214.94991056205,8325.0,38915.33982873494,14,8,11,6
27488.091534009443,9786.462167152902,0.0006328244752310053,-6.458360692017482,-13.213574082330481,0.0010001659393310547,4,32932,124503.12608599366,9739.0,71364.1863230732,13,8,9,6
43442.355549335894,14778.207660372722,0.0006783975915821284,-14.093964478600386,-23.63616470171536,0.0010004043579101562,4,35447,172087.10130979243,10947.0,98626.86894070561,12,8,9,6
3369.4076550998216,832.8965069552145,0.0004027664050764012,-1143.1991798222073,-1299.2174831958057,0.0,4,307,10291.756459573295,104.0,3988.919201187726,7,11,5,10
3519.583579200568,920.34172894468,0.0003255018005457587,-1822.5677459785588,-3130.4926188446802,0.00099945068359375,4,242,10247.933531458364,97.0,3749.4040502035004,9,12,3,10
3689.7557313089824,910.3412405455015,0.00034750968472330786,-1377.3700851821118,-1733.92618479401,0.0,4,347,11849.080017109163,115.0,4636.669561167382,7,11,3,10
4194.782065201904,1107.2763003495359,0.0003364382094704812,-749.4749914628886,-1130.4575250724301,0.002000093460083008,4,505,16481.065540039086,162.0,7286.977654158549,10,11,3,9
4030.503337615228,1065.117783083606,0.00029385031931862836,-370.8222480463769,-578.205512168133,0.00099945068359375,4,654,19696.392790654245,171.0,8753.484884275254,12,11,3,9
8730.395897663835,2472.6747623589654,0.00039842436971738223,-45.21098997345558,-83.04297101006952,0.0010066032409667969,4,3538,39677.72932675278,766.0,19486.883089236057,28,10,25,8
9728.516778848914,2695.833053594807,0.00044876637967889197,-34.1383895351988,-57.428423571374644,0.0010001659393310547,4,4637,42477.76188271869,998.0,20050.802071653306,26,10,23,8
5377.20075996444,1454.1153292736526,0.0001458642588639189,-6.224073412394345,-11.541992429939466,0.0009992122650146484,15,5456,26124.625612696265,1219.0,9536.614633783713,25,20,22,19
6503.411722536,2044.271065092398,0.0002521990724198587,-3.2290967113975473,-7.65819084336243,0.0010006427764892578,8,9027,30543.853842005778,2066.0,13649.68608400836,24,13,19,10
6301.063784203961,2064.6324539813104,0.0002589080662872117,-2.3317395056401504,-6.417098655890288,0.0015053749084472656,8,10114,31199.92333254836,2309.0,14288.665523661453,23,13,20,10
6906.175033198925,2293.3038292647007,0.0002765336135015815,-2.3185368548994134,-6.395561619333596,0.0010004043579101562,7,10802,31811.051956398718,2498.0,14653.52341263008,22,12,20,9
7596.270285571724,2786.5891493647023,0.0003960891716635058,-1.186080149410624,-4.541710105869407,0.0009996891021728516,5,15587,36488.992798944746,3824.0,20572.936804109326,19,9,15,7
9359.897864965571,3489.6168672403774,0.000515346090624957,-1.3481718357171668,-4.86136099760508,0.001020193099975586,4,18780,43544.9089133479,4735.0,24830.10657594551,17,8,14,6
12664.106672509484,4880.40909940874,0.0005259781881472198,-1.5761931228387667,-5.339269760413849,0.0015053749084472656,4,24250,59103.95824580007,6508.0,33770.707601065136,16,8,13,6
10119.330591061766,4071.8142663108797,0.0004570717234247717,-0.4376802684894505,-2.719960234414935,0.0010001659393310547,4,25914,49003.80224129231,7011.0,27874.689136859357,15,8,12,6
21162.692397205556,7766.237189398061,0.0005954864168554983,-4.489084649388888,-10.86443240355362,0.0010287761688232422,4,28692,97284.98761312867,8033.0,55733.24237463236,14,8,11,6
23243.889629228717,8445.59899506339,0.0006152503492744983,-5.096179217093289,-11.557449678577353,0.001001119613647461,4,30522,106870.74019454414,8794.0,61266.49999677166,13,8,10,6
3968.791158623736,1007.8647523036923,0.0003501695376455651,-1441.7262391168902,-1936.093564131624,0.0010004043579101562,4,298,10566.307391173734,118.0,4290.463430897711,7,11,4,10
4024.7514876467353,1016.1273608754169,0.0003699029018892808,-966.2322118009113,-1240.7504228643575,0.0009987354278564453,4,366,11684.105257851232,145.0,4099.792588134804,7,11,4,10
4074.8794188454895,1044.0616038130033,0.00037022462553423736,-1214.1632830449582,-1288.3337441552833,0.0010302066802978516,4,374,12627.95489472196,137.0,4328.545691614587,8,11,5,10
4272.788342066988,1077.587352946758,0.00040855564580295203,-708.2294679936283,-948.3616870341489,0.0010001659393310547,4,492,13635.803431317672,158.0,5676.728939029101,8,11,4,9
4150.623419080286,1195.3579314266822,0.00042211942609860246,-406.20646793391865,-687.6137346902436,0.0010001659393310547,4,653,14901.972176717862,196.0,7328.090359664566,8,10,4,8
4384.247204810132,1091.9979000467818,0.0002921637826859795,-973.4650438429138,-1289.6375577281208,0.0020036697387695312,4,434,17627.48492931191,151.0,6414.113096385205,12,11,4,10
3804.5734473541056,1078.8524740348194,0.000392902801865562,-325.1069864482846,-608.437105814288,0.000997781753540039,4,706,18782.528535012396,226.0,9359.671478278346,8,10,4,8
4580.609113128164,1342.1392331976551,0.00037440330172233975,-260.85165890398815,-461.383396386877,0.0009999275207519531,4,861,18306.82793886106,227.0,9112.490184440092,14,10,6,8
5010.38189496757,1419.8097783124513,0.0004147261482399329,-192.83671604949652,-343.33632653023204,0.0020563602447509766,4,1139,25051.753331517164,292.0,12468.433219172577,14,10,6,8
5728.076769766843,1616.321002339973,0.00040076559733403654,-141.9012670744181,-254.70580139738448,0.0025293827056884766,4,1373,28697.80633314693,313.0,14201.851713507749,19,10,11,8
6775.481458430828,1903.062193553582,0.0004251842555070005,-98.03577710153182,-178.16863083600595,0.0019986629486083984,4,1906,34081.74892594329,421.0,16705.180039469516,22,10,22,8
7067.496444753824,2002.41335583869,0.0004080288524524445,-83.03836591069414,-152.7265370748155,0.0009999275207519531,4,2100,35417.22898447945,447.0,17548.968393914554,29,10,25,8
5962.275236925508,1602.3376595736659,0.00014983368795134825,-4.933715390936939,-8.589998652311738,0.0010004043579101562,12,6876,29995.017011804644,1516.0,11722.112482362136,27,17,22,16
6082.133758529854,1704.4818539183186,0.00020431744350836044,-3.898290343096667,-7.397002112370828,0.0015037059783935547,10,7770,30401.42203020661,1785.0,11506.600790048662,23,15,21,12
6052.096031302596,1908.7135423463699,0.00022727880209887877,-2.6373334330240654,-6.732590922538263,0.0009992122650146484,9,9017,30220.89161004264,2033.0,13361.498162677857,23,14,18,11
6492.677424313274,2226.2098795735183,0.0002964641152031921,-2.151599501406816,-6.5484545999267505,0.000995635986328125,7,10660,31650.33245100663,2470.0,15982.056763526416,22,11,19,9
7098.158466756033,2561.9045445892125,0.0003619102621900836,-1.7534907691444492,-6.171812978833413,0.0015010833740234375,6,13030,35795.32329947083,3062.0,20064.353194953153,21,10,16,8
7559.959230160631,2624.8955933010343,0.000390066480213732,-1.4887812522637023,-4.8087234751231955,0.001001119613647461,5,14508,34907.952621008706,3437.0,17839.516222978134,19,10,16,7
7997.325097904185,2813.951278599562,0.00039198790364204525,-1.306715760133176,-4.354499079430969,0.0009999275207519531,5,15745,35936.38953862201,3803.0,18686.368962906432,19,9,17,7
8558.188076950082,2464.2109658864197,0.00024164598577083868,-0.9541271750159375,-1.8967297396766871,0.0009996891021728516,6,18602,41381.673720890496,4649.0,14882.894206045203,19,11,16,10
8403.470275257154,3141.3331437288966,0.00037329868984439194,-0.7002596424134531,-3.158629078190029,0.0009999275207519531,5,19215,38319.04062021418,4841.0,21094.824312404475,18,9,15,7
9507.623191838693,3654.6266018156407,0.00048158245434255407,-0.7994459764762998,-3.6105748467324617,0.0010025501251220703,4,21739,45032.29105891997,5679.0,25641.473052615365,16,8,14,6
10963.597210180551,4331.566380978951,0.0005040682469199807,-0.8232546826114253,-3.7437380229442816,0.0010821819305419922,4,26005,56503.53844189574,7076.0,32253.113870944217,15,8,12,6
18047.48955290512,6812.642633705941,0.0005795175583023962,-2.999660468300806,-8.058025911661122,0.0010187625885009766,4,27978,82182.55006661463,7752.0,47068.52145953529,14,8,11,6
21132.920351377048,7902.609285595573,0.0005494419089313624,-3.003303446574508,-7.095920621149816,0.0,4,33007,97172.40839597043,9949.0,55522.78271950912,12,8,10,6
37840.362597672996,13109.39824332908,0.0006728416593562939,-11.094345259403909,-19.790847319037013,0.0009999275207519531,4,34037,149684.310492635,10315.0,85894.6859719734,12,8,10,6
30746.16766378176,10865.339208376092,0.0006096267703144425,-6.8213606727043565,-12.975360937062936,0.0010004043579101562,4,34817,130447.45454157496,10739.0,74606.54493584318,12,8,9,6
3878.2444840528246,982.08622644841,0.00037850275373683224,-879.2861023820916,-1233.4071652260534,0.001512289047241211,4,382,11151.503210676206,127.0,3892.6161286321385,8,11,4,10
4294.375777637845,1108.8106173022497,0.0004330713535345696,-837.6943925285003,-1154.4254918916133,0.0,4,417,11891.349622928155,157.0,5083.739143349405,8,11,4,9
4098.506367912719,1031.46600045838,0.0004246688117648778,-601.7793244258945,-754.3127000543165,0.0009996891021728516,4,515,13110.106019463045,167.0,5420.246396043325,9,11,5,9
4568.459273218124,1162.8710340356706,0.0003709734928929501,-479.25025099487164,-636.4240369796545,0.00099945068359375,4,655,17785.701777631435,196.0,6991.014361896021,9,10,5,9
4564.903377285903,1144.9406502334032,0.00034822197345983744,-458.15316805130027,-613.0707414314735,0.001983642578125,4,674,18682.01870771493,185.0,7807.434031812187,12,11,5,9
3963.832192539252,1002.9333651972685,0.0003444419596337201,-246.40719473195952,-368.11277218084155,0.0020303726196289062,4,818,19501.539278101354,194.0,7827.025908743537,14,10,5,9
6496.573035330658,1841.0430834529648,0.00038833738546113886,-87.4752537186695,-159.65058545609213,0.0020287036895751953,4,1958,32619.98240156114,416.0,16181.98864868431,26,10,25,8
6798.810770188853,1922.286201600675,0.00039723065656353975,-66.9195766469552,-121.08849218627918,0.0020227432250976562,4,2280,34350.8717079592,496.0,16964.27114516766,25,10,19,8
6953.59368880769,1975.078477155665,0.00038654666981538576,-55.32235543775066,-105.3970193879344,0.0015230178833007812,4,2598,34860.5635126032,553.0,17257.9728303101,28,10,20,8
7656.100108308562,2190.6407237328585,0.00037415393883282643,-47.54476169425903,-88.81065985415833,0.0009980201721191406,4,3118,35942.83714867519,685.0,17943.867306314,25,10,24,8
8976.524906106766,2453.022004474473,0.00046038183989723823,-34.057150827544575,-56.97091938627436,0.0009984970092773438,4,4227,40475.729717671216,902.0,18702.609339685652,26,10,22,8
4246.332029023557,1217.8458564624598,8.462949980380507e-05,-4.9881573129363685,-11.411981921343063,0.001004934310913086,20,4889,21959.23838399747,1078.0,7242.001634842163,27,26,23,24
4912.271943597074,1374.3787620575315,0.00012175991860304928,-5.04001486319559,-10.23473593490671,0.0010013580322265625,16,5476,25221.6941246177,1190.0,9693.696449956595,28,21,24,20
6519.345975437799,1755.9285001869,0.00017597085481116593,-3.9786987987040883,-6.697679231956705,0.0009996891021728516,10,8239,31946.233360885963,1803.0,11895.74711174427,24,15,20,14
6050.211798751724,2052.6661503942505,0.00029814176305224365,-2.3688794273472964,-6.9756328026887156,0.0010013580322265625,7,9710,30595.345752955884,2249.0,15048.431671880426,23,12,19,9
8149.808978799818,2252.909953409303,0.0002312489079806419,-1.9032383788483829,-3.301159238273806,0.0,7,14138,38671.08097078747,3339.0,14343.080086380978,21,12,17,11
8304.422371614335,2852.394283556602,0.0003532667868749943,-1.177614451460403,-3.749120376952792,0.0010004043579101562,5,16779,36662.91987465052,4056.0,16431.736755357488,19,10,15,7
8822.165820764427,3242.9568726761154,0.0004956320428585757,-1.183178148391343,-4.290042999750854,0.0009996891021728516,4,17790,37089.4948534889,4405.0,21102.010209165033,18,8,15,6
9074.826113532235,3371.955662888782,0.0005111639662453954,-1.3416879366225998,-4.847438560962742,0.0010001659393310547,4,18285,42075.86009320259,4516.0,23972.147274084375,18,8,15,6
8582.182543742516,3046.0064473249713,0.00048128708298948557,-0.7390361824954821,-2.8351258745106573,0.0010001659393310547,4,19998,39583.78867396708,5233.0,19535.879908249975,17,9,14,6
9830.69097276836,3791.215637334363,0.000516958828212714,-0.9029260712604068,-3.8535927748731824,0.0010013580322265625,4,22524,48915.626426253926,5952.0,27928.85255991357,16,8,13,6
17042.486337894275,6422.107717328647,0.0005811834502630721,-3.0386697989326183,-8.120948868551968,0.0014879703521728516,4,26075,76768.42305143202,7238.0,43940.57506001895,14,8,12,6
15478.681106794209,5963.512763948926,0.000578440653544836,-2.091340745001838,-6.248203041505136,0.0010018348693847656,4,27082,71276.31804360064,7494.0,40815.74890153884,14,8,12,6
14324.956078663581,5562.132530785318,0.000549269205349277,-1.6669314963850312,-5.303925101095723,0.0010006427764892578,4,27563,70369.59789739529,7825.0,40221.96893336999,14,8,11,6
19220.23952489586,7091.4518527701875,0.0006159907384514147,-3.879344703919277,-9.542743508750387,0.0010006427764892578,4,28637,93236.14562438689,8096.0,53462.56948188573,14,8,11,6
20594.69538246623,7664.563321342377,0.0005780579727106473,-3.5106533444304535,-8.610085102485005,0.0010004043579101562,4,30315,94091.63718460807,8810.0,53839.23241692784,13,8,10,6
32315.328871888207,11310.845357846401,0.0006684164611299382,-8.835721505233288,-16.60522541473167,0.0010006427764892578,4,33087,137397.6381148861,9882.0,78856.07746442966,12,8,9,6
34780.31960431179,12117.689117044803,0.0006386222175970288,-8.96383753467619,-15.90642952400157,0.0010008811950683594,4,34981,142193.20769641554,10925.0,81464.74680261273,12,8,9,6
45558.809858972025,15406.093583514468,0.0007171446769910457,-15.729268371269782,-25.6255682651902,0.00099945068359375,4,35689,179775.01068322585,11266.0,103146.4195758733,11,8,9,6
63791.29105993394,21045.592310220378,0.0007739626799452245,-28.494863272339508,-42.78390928641893,0.0010013580322265625,4,37957,238956.85731470038,12319.0,136807.76693177532,11,8,8,6
58356.301358935285,19257.24095042865,0.0007022155724751453,-22.11636549960931,-31.953593785157345,0.0,4,38958,218789.06490053446,12907.0,124702.35414232808,10,8,8,6
3520.069027190722,929.4287992083094,0.00034816482632077296,-1391.934224816531,-1665.578999474852,0.0010006427764892578,4,284,9768.788133411821,99.0,4068.2463056104625,7,12,5,10
3864.6132493592995,1036.737355435775,0.0003196010796712662,-1309.2829853655098,-1888.1302155768383,0.0,4,316,10109.677933104871,98.0,4025.0072390499517,9,12,5,10
4024.2433510266815,1049.248958502983,0.00042535227264520935,-786.0897679229772,-1128.5319119818737,0.0009999275207519531,4,430,12366.252020097152,149.0,5366.624378277389,8,11,4,9
4392.146064995254,1103.832132310086,0.00038152075247027245,-673.7473253232704,-865.1346667956329,0.0010058879852294922,4,527,15916.61550489425,164.0,6711.793691791612,9,11,4,9
4799.684184974165,1344.5385395967496,0.0004250514830453299,-306.81544438195,-529.993841246055,0.0010018348693847656,4,849,20576.839330154082,247.0,10156.692113265788,13,10,4,8
5111.921082422564,1452.6886426997664,0.0003978231670101517,-169.28658975018482,-295.0509520398272,0.0015072822570800781,4,1130,24500.475054721715,276.0,12242.040167477637,16,10,6,8
5971.711114600313,1670.338829969326,0.00043466267908642527,-170.07858973890586,-298.0687506711156,0.0025103092193603516,4,1327,29823.983167950923,323.0,14619.712703376012,14,10,5,8
7356.619076311049,2039.1113074478424,0.0004554455243649692,-76.01821295953756,-133.58648652532608,0.0025022029876708984,4,2377,36012.218233056294,515.0,17216.503045402816,22,10,14,8
7702.082033354121,2147.9030295931534,0.0004271966763779428,-54.69546367663059,-97.35790524188744,0.0010006427764892578,4,2896,38837.7294888835,628.0,18792.45370249587,26,10,22,8
3751.7038525641215,1076.3132359438423,6.935576106308171e-05,-4.17179158982778,-10.378340417044246,0.0009996891021728516,23,4736,20674.46312992444,1035.0,6787.828273061489,30,29,25,27
5076.749779335528,1352.8776355574241,0.0001639432252621742,-5.854832303491657,-10.365117873571595,0.001999378204345703,13,5616,27725.84037976459,1227.0,10370.020236758552,26,18,21,17
5861.747697419927,1566.8691843492684,0.000166830806140741,-5.8487771207351615,-10.070132340715332,0.0,12,6199,28785.151101926524,1345.0,10860.753525218512,26,17,18,16
6112.773730166837,1666.6446878609152,0.00013531486721208758,-4.026085001487204,-7.08342012193231,0.0010249614715576172,12,7632,29924.696219086713,1729.0,11931.709767141194,25,17,22,16
5734.512221362009,1569.0397923965686,0.00018950117421327834,-3.133612110147622,-5.844614883819939,0.0013413429260253906,10,8386,31492.089308499464,1899.0,11203.55371202006,24,15,19,14
7056.55565604536,1969.6163342626098,0.00021834699778899163,-2.111110834221381,-3.845036520121395,0.0009806156158447266,8,11940,35511.78748931167,2808.0,12863.507144994233,23,13,18,10
8538.131865387324,3107.0713584232417,0.000420738303038033,-2.0006647872757846,-6.507748996963521,0.001999378204345703,5,14632,38638.42632200311,3506.0,21837.944095859828,19,9,16,7
7235.28341706122,2525.2459084738757,0.000288289972304212,-0.7342748393954448,-2.8878192239188993,0.0009999275207519531,6,16915,36750.150606509305,4306.0,16571.85999230467,19,11,16,8
11063.708916205414,4217.792936283706,0.0005382136017892433,-1.5262749186251097,-5.304010315514721,0.0010066032409667969,4,21871,53589.900736380354,5694.0,30630.892270047552,16,8,14,6
12908.964984235961,4884.074469490521,0.0005613549542911553,-2.0808775480919888,-6.512308612522888,0.001010894775390625,4,22905,61102.14256040373,6080.0,34948.248142250726,16,8,12,6
12162.737615739292,4667.988634597289,0.0005535550324515538,-1.5909260876805909,-5.56946651951519,0.0010027885437011719,4,24383,62509.89943091217,6567.0,35741.12865734447,16,8,12,6
17897.25182403196,6723.469857187386,0.0005810191993852956,-3.2045139051892377,-8.35322541607331,0.000997304916381836,4,27042,81680.57803458312,7568.0,46737.80759442787,14,8,11,6
19275.853745380275,7220.574021118362,0.0006000573334398212,-3.383903468011564,-8.510003908125107,0.0032944679260253906,4,28707,87116.8005360079,8162.0,49939.056411839,14,8,11,6
12878.931755383659,5139.821166927997,0.0005044352267440927,-0.9212741879213984,-3.835286424492974,0.001001119613647461,4,30668,70550.11240880786,8936.0,40236.53136615851,14,8,11,6
30859.04320980023,10839.498777386623,0.000668607853133097,-8.547724279125424,-16.59384949533542,0.0005047321319580078,4,32087,132904.47016571913,9488.0,76281.98424007048,12,8,9,6
30976.446222414925,10862.01235916161,0.0006446688341174356,-8.141626331728196,-15.621564348358739,0.0009989738464355469,4,33189,134685.42153124584,10034.0,77205.65061020464,12,8,9,6
35775.71478461751,12277.644512053876,0.0005917725195726051,-8.948824769088755,-15.261085706446654,0.0010101795196533203,4,37052,152442.40843333516,11685.0,86895.60357002082,11,8,9,6
59165.51475057341,19581.246424861987,0.0007498048941744452,-24.202876541027337,-36.68853844086537,0.0010001659393310547,4,37993,224738.90584392342,12436.0,128613.60487806116,11,8,8,6
73609.06811433496,23991.34802853639,0.0008762525752917155,-39.389584519528576,-56.3465629625989,0.0015118122100830078,4,39202,282142.2672525619,12991.0,161505.98156956327,10,8,8,6
3754.785330713499,979.4670691739669,0.0004049591492963983,-979.9718964606436,-1410.0627144213622,0.001001119613647461,4,353,10472.79992825794,140.0,3676.424856760228,8,11,4,9
3757.659468596323,1022.2936875981301,0.00039975544368889347,-914.207997376581,-1352.6898423094847,0.0010001659393310547,4,382,12455.232994004878,125.0,5535.182550220088,9,11,3,9
4428.547228582918,1110.0774535878923,0.00042109438775174104,-670.4752517261606,-826.4816802678558,0.0010023117065429688,4,538,14709.10984836013,177.0,5941.8615186323,9,10,3,9
4066.287419216523,1104.1562856767196,0.00043255116027572394,-544.2373691010921,-789.8531873813607,0.0009860992431640625,4,548,15181.008265703022,179.0,6215.4842987446245,9,10,4,8
4279.201008297883,1133.819592639167,0.00033143687343581006,-590.3910187744791,-948.7397282634915,0.0009984970092773438,4,535,16452.63830763701,162.0,7264.751681318579,13,11,4,9
4253.757964094045,1095.2738844087537,0.00038432247286243365,-444.1648185665957,-627.342834238532,0.0019965171813964844,4,639,17119.682398517878,197.0,6600.191654205431,11,10,4,9
4811.594170099477,1226.9723627128185,0.00034185194322440153,-283.27620201488435,-385.5863289754711,0.0021505355834960938,4,840,19917.245521923927,215.0,7860.21032639308,14,10,5,9
5153.28324548302,1450.413134097514,0.0004123200530894543,-191.0962489381393,-340.8403363870721,0.0030100345611572266,4,1152,25743.746525862414,289.0,12731.34920321434,13,10,6,8
5642.179502882118,1599.4164648203669,0.00041070560262183306,-171.9194190153622,-309.5777412695255,0.0010004043579101562,4,1233,26145.57206342262,291.0,12998.773205743797,19,10,6,8
6888.785190574214,1931.048251625525,0.0004317178526892178,-155.02886307564359,-272.7926383665015,0.0015048980712890625,4,1533,30983.82499217482,339.0,15186.832779440861,21,10,21,8
6365.989491808744,1799.8947557914087,0.0004192966916810261,-150.899928314381,-273.3868107127951,0.001997232437133789,4,1436,31146.497206618053,317.0,15447.092195092984,20,10,5,8
5530.851277980754,1579.117143961553,0.00035303979458268993,-88.55119279010785,-165.37408921215066,0.0019991397857666016,4,1633,27777.82813873228,354.0,13899.641919283902,25,10,24,8
6662.5470907389645,1889.0129790075835,0.0003656132493611038,-48.88652412904402,-90.4147993004642,0.0022432804107666016,4,2703,33880.690229243,583.0,16687.78040802754,28,10,21,8
9273.078942425258,2601.1879544267363,0.00045384422792349205,-53.809251957978034,-94.32857182408121,0.0010004043579101562,4,3562,40911.47125538909,756.0,19865.57273973165,29,10,24,8
8651.032013205155,2444.064129368696,0.0003906172500494069,-34.42540223072894,-61.55568654827924,0.0020132064819335938,4,4024,40462.1515973582,892.0,19705.408754807082,28,10,26,8
5494.126432013918,1486.161305395668,0.00016108470082727797,-5.899443911036343,-10.49660057640191,0.0010001659393310547,13,5785,27238.92925248174,1314.0,9878.887689917196,25,18,23,17
5733.544628400906,1628.5811623767615,0.00023469279125748656,-4.174886308595557,-8.155966217291565,0.0019991397857666016,9,7245,29955.097885013103,1627.0,12009.922560054025,24,14,21,11
6438.741991247562,1982.2942744123911,0.00025608332798195783,-3.0955214496296675,-7.074660126182094,0.0020003318786621094,8,9089,30833.76683665208,2068.0,13450.499325697603,24,13,18,10
6984.217844489789,2214.314505930542,0.0002809034541674146,-2.746533116844959,-6.437778234933857,0.0009996891021728516,7,10484,31932.347444810326,2365.0,14198.717017759322,22,12,18,9
6961.177723527732,2424.1379420791172,0.0003288036168000977,-1.4327568950991139,-4.836446176138595,0.0010027885437011719,6,13367,33625.59935269312,3135.0,16719.478181578357,20,11,16,8
8540.354290135507,3134.4717915797787,0.00042068136783251966,-1.7588040268051666,-5.965589216496666,0.0020122528076171875,5,15346,39432.52911149498,3743.0,22287.195923961524,18,9,15,7
9908.195711886357,3706.1437452915284,0.0005074629394324824,-1.4274972694445123,-5.049957673327977,0.0010097026824951172,4,19047,43368.274116475804,4895.0,24713.288826317046,17,8,14,6
11130.100534840514,4198.398500462692,0.0005360867722608385,-1.6956854530069876,-5.702625450447565,0.0010018348693847656,4,20702,51322.26640718682,5302.0,29291.005448039534,17,8,13,6
15074.402694010656,5750.992137944511,0.0005634932637595494,-2.3261385084427455,-6.859076166634888,0.0019986629486083984,4,25525,69643.80523148156,6920.0,39846.280965373706,15,8,12,6
14967.28064308986,5743.052179732061,0.0005523447253731994,-2.0377043073144527,-6.18180785833971,0.0025146007537841797,4,27011,72357.9556620483,7601.0,41380.09210772088,14,8,11,6
17296.637414183802,6573.006990873117,0.0005673766970705024,-2.451752240039982,-6.761459954975737,0.0010819435119628906,4,29564,83461.68042399222,8551.0,47751.42084259895,14,8,11,6
24976.121506656196,8962.28833890806,0.000603063374165629,-5.4618364613389625,-11.440264207521752,0.0010008811950683594,4,32052,115279.27073004021,9576.0,65965.69392310074,13,8,10,6
42808.29224037637,14645.997201348117,0.0007133780406680683,-14.332259618261952,-24.88300599757878,0.0009968280792236328,4,34192,166303.38167941972,10426.0,95517.05140794069,12,8,9,6
43673.78882335125,14824.66358956023,0.0007183908759085582,-14.443815036781361,-23.95440513139617,0.0010046958923339844,4,35739,174951.11090767093,11179.0,100404.49923530826,12,8,9,6
67629.27388267868,22289.487997980035,0.0008114887414679335,-30.468094600908504,-44.34773258399736,0.0009996891021728516,4,38067,240612.84486291723,12455.0,137929.7287946256,11,8,8,6
76579.48455539421,24944.020509987316,0.0008840045215109004,-41.82927116400004,-60.38213028870197,0.00099945068359375,4,39183,290236.51666743757,13104.0,166103.28134167904,10,8,7,6
4142.00514595494,1139.178152060659,0.00044657950334717216,-458.46350339359395,-790.0024170400309,0.0009999275207519531,4,575,14605.889601417366,193.0,6142.24923447999,8,10,4,8
4035.094161369801,1016.5967408501862,0.00039703671011303074,-604.5467591294118,-877.1329401655726,0.0014529228210449219,4,543,16015.834830235679,157.0,6794.74705164069,9,11,4,9
4321.791489340173,1166.5798501037382,0.0003339945062756881,-762.4565332126385,-1179.4969786801664,0.0,4,486,16205.662600696793,147.0,7242.59634116714,9,11,4,9
4863.680920409504,1373.7926423057797,0.0004164960219731624,-220.0256627507443,-395.46697041242635,0.0009989738464355469,4,1026,24234.25047851137,252.0,12047.536860907043,13,10,3,8
5484.762599447204,1539.936239055124,0.0004330036510298926,-203.00936161486513,-357.8134512199149,0.0010199546813964844,4,1179,27328.78925110657,308.0,13462.622884650264,13,10,5,8
5637.511022042007,1593.9062925541602,0.00038192468592402137,-107.1361180697191,-189.87563314271702,0.0020322799682617188,4,1493,28290.901709572376,341.0,14036.028220558783,25,10,18,8
6638.0743801434255,1882.9048829125009,0.0003737148320383456,-76.9053581224959,-139.84572065651693,0.0010330677032470703,4,2078,32063.07739133769,460.0,15872.519014863508,26,10,24,8
7548.481092246257,2124.410123974825,0.0004134423947680928,-47.96568824186181,-85.53816812030057,0.0030202865600585938,4,3070,38299.92430262141,662.0,18677.476666579314,28,10,21,8
4794.637472859418,1300.6577215253076,0.00013419556028243306,-6.004872893591342,-11.236294995181522,0.0010006427764892578,16,5090,25138.53666851674,1141.0,9558.01576069271,26,21,21,20
5297.27505853962,1443.7486635495777,0.00018964382710746973,-3.6255136335533162,-6.738332411057712,0.0009999275207519531,11,7373,30001.37995758828,1678.0,10670.822782289622,25,16,22,15
6493.551944142561,2004.851662248354,0.00025996543284965805,-3.6153144452849544,-8.09603689301964,0.001009225845336914,8,8553,30341.123019096653,1931.0,13388.590743915378,22,13,18,10
6683.913872046656,1797.213214492532,0.0002031094558946227,-3.777193404743244,-6.31018434988788,0.002000570297241211,9,9062,33549.71182645389,2034.0,12688.193387681888,24,14,20,13
7291.727859611322,2470.709662211074,0.00034267041154070066,-2.235144956149065,-6.293646379440838,0.0015103816986083984,6,11807,32549.1896025522,2777.0,15647.871761732938,21,11,17,8
6926.825452128161,2374.9727796388347,0.00033207359383723774,-1.6738526515533025,-5.154141512199307,0.0020055770874023438,6,12607,33094.13646454401,3037.0,15983.160136352744,20,11,17,8
7492.441192828061,2608.8570449145795,0.0003228171836197548,-1.3263234830201105,-4.3464507620479536,0.0009996891021728516,6,14730,34609.52099164779,3471.0,17061.432737695308,20,11,18,8
12283.200327455774,4699.374199882984,0.0005445131539943412,-1.6290967610666218,-5.538288154700934,0.0010004043579101562,4,23181,57066.16722022366,6211.0,32602.602142144184,16,8,13,6
15963.68232841028,6085.680188155932,0.0005927329946900098,-2.5059678905618368,-7.148336573580956,0.0010063648223876953,4,26581,73002.95742525358,7351.0,41852.42545872992,15,8,12,6
19794.536006726205,7338.083495116849,0.0005972602859329755,-3.88468768258085,-9.479909663718226,0.0010061264038085938,4,28234,89674.42895613739,7841.0,51363.7700332174,14,8,11,6
27678.792251239724,9831.767074488103,0.0006479711838903325,-7.353827142986523,-15.026654705154495,0.0005054473876953125,4,30746,120692.75638316615,8889.0,69256.58578885574,13,8,10,6
18512.054644648397,7062.573735491466,0.0005417164182987896,-2.327065137428841,-6.038919778292817,0.0015060901641845703,4,31320,85437.83715724722,9353.0,48777.80849541255,13,8,10,6
36287.53157183679,12577.737257399787,0.000669527838752133,-11.292224433333104,-20.179040957563764,0.0010004043579101562,4,32176,142944.61699333964,9510.0,82049.60721499386,12,8,10,6
29630.546069198273,10472.658317278281,0.0006103892972815239,-6.832878232937613,-13.17437981165324,0.0014579296112060547,4,34526,130010.99140424842,10302.0,74413.87325695172,12,8,9,6
76905.06759972837,25209.235318445717,0.0008506913985235514,-39.44711621974892,-56.34508110687811,0.0010004043579101562,4,37866,265954.0730772755,12364.0,152611.49128832866,10,8,8,6
3525.4196407872796,871.6793134507989,0.00036120040523000596,-965.751530583539,-1361.5094022496091,0.0009996891021728516,4,349,11321.749282412231,109.0,4387.549083227803,8,11,3,10
4634.3480057653305,1166.3032975224176,0.00044588320172978847,-976.2946571688344,-1170.1774374421586,0.0010006427764892578,4,448,13162.984759189058,176.0,5495.609814461117,9,11,3,9
4563.955601850194,1146.1325906055636,0.00037930570068085343,-531.8550652083935,-743.1346862786058,0.000995635986328125,4,589,16397.762916350926,184.0,6754.824854489045,10,11,4,9
4534.632745805901,1151.742590218559,0.0003676340092076822,-436.104333985476,-599.347552854221,0.001024484634399414,4,663,17775.062879498146,204.0,7017.0834783991195,10,10,5,9
5173.305928481501,1465.3315444901853,0.0004257030754848369,-190.77614099818484,-350.9952306232503,0.001998424530029297,4,1122,25785.667730163346,271.0,12836.162513491312,15,10,4,8
4857.68699986521,1379.6546280440855,0.0003529280489047587,-118.21595149875995,-213.62502525750796,0.0020241737365722656,4,1258,24296.717848882126,277.0,12125.933398292364,24,10,13,8
6801.300709190142,1929.4448873246347,0.0004139673744652318,-85.13049105808354,-158.03465243379284,0.002516031265258789,4,2047,34169.74303001515,450.0,16951.504284463634,24,10,20,8
7679.317596037578,2137.2733056028223,0.0004562790859295184,-64.13351013707027,-113.52032309212701,0.002000093460083008,4,2647,38714.80666917092,581.0,18673.45053515782,30,10,26,8
8224.980597311938,2338.3065817028532,0.00038895957183654743,-38.41950382203559,-70.52853872677836,0.001001596450805664,4,3742,38724.40662541898,832.0,19138.71741596114,28,10,25,8
6936.840735291403,2004.0749916548589,0.0003225376732990901,-23.767571432778276,-45.773577180249006,0.0010001659393310547,4,3987,31929.282890140763,842.0,16118.880566611995,31,10,29,8
5378.501725621802,1446.4389226914545,0.00015872677104598448,-5.395748706952034,-9.82301788807356,0.0010001659393310547,13,5940,27520.361580693785,1289.0,10250.084771052156,25,18,22,17
5690.919276385193,1539.4276697942687,0.0001872650314196923,-5.036768596566049,-8.952515145533878,0.0009999275207519531,11,6594,29065.80941859042,1481.0,10482.320729387866,26,16,21,15
5075.110785696792,1392.929457121739,0.00017437263890295073,-3.818936374583404,-7.260148404896585,0.0019996166229248047,12,6796,28716.480440284402,1553.0,10167.21136183074,26,17,22,14
6125.52109721845,1672.7581748279122,0.000208173667056646,-3.4365344006543657,-6.1101147093363375,0.0010211467742919922,9,8575,31934.715441423556,1918.0,11383.875081856218,24,14,20,13
5817.268946696677,1986.6680679581702,0.00027080403325833107,-2.3665190189727414,-7.312940281335454,0.0010044574737548828,8,9380,29711.962648819986,2096.0,14745.586051262486,23,13,20,10
7009.590405264753,2145.4069721085743,0.00023508138869175594,-2.2141450363868223,-5.102201538575531,0.001504659652709961,8,11328,32697.85374165555,2554.0,13773.402303346451,23,13,18,10
6730.094047288613,2288.890862059757,0.00026803080422039855,-1.3708271202902216,-4.319095031427843,0.0010037422180175781,7,13075,33300.99344387395,3150.0,15106.288088160198,21,12,17,9
8871.230792531407,3146.6009318721767,0.0004579385998280451,-0.8268090597434496,-2.986219736498779,0.0010254383087158203,4,19823,39053.48187917363,5088.0,19105.446511790884,17,9,14,6
8431.420945133019,3041.0228557782166,0.0004380621149362446,-0.31523190602912066,-1.9489139416796308,0.001007080078125,4,22996,41340.594980480615,6256.0,19523.719097340698,16,9,13,6
15696.128427425872,5932.625601310677,0.000577401894980945,-2.7217327044540567,-7.737575484805429,0.0010251998901367188,4,25622,73794.88023303745,6932.0,42265.30475327659,15,8,12,6
10371.269279037977,4252.849339792267,0.00046066790910656536,-0.3901812821560915,-2.6947691127109255,0.0,4,28043,55641.1207462428,7885.0,31641.89203919693,15,8,12,6
20981.699507356003,7736.783935965099,0.0006072831872857379,-4.027679397623107,-9.629588842092526,0.00101470947265625,4,30016,98236.75393290893,8738.0,56291.17652834847,13,8,10,6
24230.67908225695,8808.548541885546,0.0006033904632212046,-4.8713125113410065,-10.533890641095857,0.0010330677032470703,4,31774,107948.93037160294,9236.0,61798.05300094848,13,8,10,6
3359.3558456910996,831.47273246244,0.00038885692994055005,-1100.8818605479094,-1363.2229882972285,0.0020084381103515625,4,325,10260.650740475925,113.0,3926.009847718142,7,11,4,10
3596.5393075143443,968.4857199057561,0.00043266700838558197,-795.1504725584476,-1140.303514327592,0.0009953975677490234,4,387,10454.839692628595,138.0,4552.0389630177015,8,11,4,9
3555.4162692195027,954.456173167725,0.00032294488182270744,-1322.1105938292483,-1829.1151179589092,0.0010082721710205078,4,293,10665.999387281605,98.0,4502.206633120364,9,12,5,10
3840.509581898289,1004.7817307071399,0.00031359471111988015,-2279.8260766626836,-3527.232229611214,0.0,4,244,11272.625294895739,91.0,4163.581877673809,8,12,4,10
4420.091623159045,1130.9834651390754,0.00041689118914780567,-998.8702389736559,-1368.513286236241,0.0,4,420,13039.88393222927,145.0,5557.30883561398,8,11,5,9
4374.21202985578,1125.2306245046025,0.0003943661178361147,-806.189861579347,-1044.5785965613886,0.00099945068359375,4,481,14104.586245199613,153.0,6092.869639450337,8,11,4,9
4009.183969542295,1125.326172729305,0.0004434639551835833,-334.1688173481872,-555.0815684561851,0.0010066032409667969,4,733,16473.82917813733,198.0,8131.5019467554885,9,10,3,8
3875.922618824839,1040.553655425563,0.0003242950754631064,-512.9210291204031,-796.7582978874055,0.002515077590942383,4,560,16255.611900477566,176.0,7214.713091830214,11,11,5,9
3961.1194886784865,998.5183002311891,0.00036191546475220523,-352.4776903390935,-504.8501623133311,0.0031082630157470703,4,694,17889.515805722218,199.0,7195.456085166072,10,10,6,9
4245.393116268169,1214.32124525893,0.0003910678267314317,-318.6084188784106,-576.26053290271,0.000997781753540039,4,742,17875.575171535624,223.0,8876.050354619285,9,10,4,8
5215.130563974803,1466.1120536264739,0.00043128410689193816,-244.75722157352712,-441.20634775963464,0.0019969940185546875,4,1101,24719.59755791018,283.0,12190.321536793846,12,10,5,8
6081.701279584165,1709.9357336503272,0.00044277289325014423,-262.7153230038378,-427.34907231266806,0.0009996891021728516,4,1128,26075.112177157884,286.0,12891.266558567098,14,10,6,8
5486.08800909555,1567.7541064796512,0.00038560802778822415,-116.17873581069692,-207.19092205548787,0.0020172595977783203,4,1431,26517.35750389641,312.0,13336.12115183354,25,10,20,8
5490.004364060344,1566.4160722502593,0.000369100935068417,-98.36852600768901,-188.15197017510087,0.0010006427764892578,4,1574,27511.16281828969,323.0,13791.661094435385,25,10,22,8
5880.739499332938,1688.5592031591593,0.00035213910541491455,-52.85628106307904,-99.03102735362737,0.003015279769897461,4,2333,29718.804085389605,513.0,14914.236855581876,27,10,21,8
7841.139136347652,2169.095749642359,0.0004509670001788963,-50.333791848760455,-90.1859498693823,0.0015103816986083984,4,3062,37947.12911956257,657.0,18074.004801309675,27,10,23,8
3726.564091416071,1077.9995989840088,9.388969676888461e-05,-4.5867889809201925,-11.513557760190235,0.002009153366088867,21,4664,20988.195574531725,1060.0,7139.851463324143,27,27,23,25
6342.659021547064,1688.6278949415218,0.0001911353525344916,-5.803468828213518,-9.51915131609392,0.0009996891021728516,10,6902,30698.141238340955,1493.0,11597.302325569188,25,15,21,14
6131.545649584458,1775.139084295777,0.00021126534650940673,-2.33452391995925,-4.8754236884369595,0.0010001659393310547,9,9862,31937.629906381873,2187.0,12438.307840985786,23,14,21,11
6468.421831813605,2253.7395969946265,0.00029732242874702555,-1.8440567887342163,-5.9884315886218165,0.0019996166229248047,7,11308,31715.629676968667,2596.0,16292.116302022456,21,11,19,9
7151.517675700672,2564.1616017821507,0.0003466597393432182,-2.018701298560485,-6.484493223289203,0.0015053749084472656,6,12092,32727.49980805014,2795.0,18300.151839082922,21,10,16,8
7673.534781835513,2749.1230894125015,0.0003938157099170669,-1.0732774767667297,-3.973377943988363,0.0015048980712890625,5,16228,35910.10589476846,3998.0,19043.32662915715,19,9,16,7
7140.646504633445,2499.236383129302,0.0002850454678334838,-0.6140699691230502,-2.7017428177219656,0.0019991397857666016,6,17514,36660.329108504884,4372.0,16313.15619111975,19,11,17,8
8499.892288262294,3110.389465824527,0.000473586573758989,-0.6724064904814764,-2.9017319112953444,0.002034425735473633,4,20333,38784.93876965758,5293.0,20482.336073761995,17,8,14,6
9334.014253953017,3678.8788820162013,0.0004839051177883459,-0.4935850665673023,-2.9854757733878685,0.002550840377807617,4,24181,46963.51458977687,6400.0,26745.460467323588,16,8,13,6
20896.02919862939,7729.314755549181,0.0006035738837160029,-4.333405564535616,-10.338893942295838,0.0009999275207519531,4,27727,89808.19917274278,7805.0,51458.011344818224,14,8,11,6
22969.727752387917,8309.022141879517,0.0006421219103805129,-5.501947032068617,-12.348398280895216,0.0009999275207519531,4,29123,105113.20021802494,8233.0,60309.8491230917,13,8,10,6
27562.221692952575,9811.896765336658,0.0006043409314012429,-6.144132382212384,-12.28980744157216,0.0009999275207519531,4,33387,122921.41468562986,10029.0,70344.28229918928,12,8,10,6
41228.943580630286,13999.904128307035,0.0007147768181962527,-15.030060498067161,-25.992946784540976,0.0020210742950439453,4,33979,173267.9492080452,10481.0,99443.62817044093,12,8,9,6
39939.10765203111,13615.854775933634,0.0006779097298418385,-11.99406042548072,-20.19169997612399,0.0009996891021728516,4,36085,165554.9618001138,11431.0,94840.3153846827,11,8,9,6
3545.2341242282673,983.2444323284127,0.0004335168750921274,-777.7352245210858,-1092.210912417956,0.0010075569152832031,4,376,9723.092916942216,130.0,4254.992891139067,7,11,4,9
3697.270975456299,1023.4649792709309,0.0004331457555211237,-907.9393234281449,-1257.141112363622,0.000978708267211914,4,337,10256.823861071272,121.0,4523.705983313006,9,11,3,9
3961.5575606546035,1002.5622600212898,0.0004264712343172669,-795.9402169800849,-995.0977900742273,0.0009999275207519531,4,435,13122.307251809802,172.0,5553.319445961963,8,11,4,9
4124.560604223241,1046.3477483828196,0.0004146023190819651,-517.4890816162147,-686.0809443288283,0.0011174678802490234,4,567,14568.705496148128,186.0,5683.644696406638,8,10,4,9
4249.1652913952985,1055.734663763245,0.00031427443924043896,-888.4994515203407,-1165.5941117125549,0.001001119613647461,4,462,16077.589429757336,134.0,5880.587884496132,12,11,6,10
4867.068079533186,1250.9778725365686,0.00038604430748839357,-550.3701424105252,-720.7009066003492,0.0010111331939697266,4,641,16581.764222590886,191.0,6379.402709008224,9,10,3,9
3974.319522579727,1045.5135238180449,0.0003962169065744615,-427.9850344323865,-644.6639466017882,0.0009999275207519531,4,632,16973.036401904137,180.0,6406.17030554582,9,10,4,9
4199.700691636287,1184.9792758957374,0.0003908458830253302,-236.9075347766193,-398.7562677005623,0.0020170211791992188,4,855,20885.219329474432,239.0,10409.479355750627,12,10,4,8
5721.613922504204,1609.8879523350606,0.00044220119305675236,-206.25879312919386,-364.37700239484093,0.0010080337524414062,4,1186,28464.078169258795,325.0,14085.951860856621,16,10,4,8
8219.579297293238,2303.862249972694,0.00044745897727268945,-52.907246783930354,-93.29117434828683,0.002547740936279297,4,3116,39568.25896430112,670.0,19211.09041345431,26,10,23,8
8656.493440486962,2460.7832848464004,0.0004062918661338283,-41.37412286989652,-76.22830508895095,0.0020303726196289062,4,3790,39851.66044619294,800.0,19700.644814635598,30,10,24,8
8768.812778657093,2494.3855422827655,0.00038803020510664075,-32.827818332814765,-59.46270985675434,0.001123666763305664,4,4398,40308.16170009724,987.0,19853.00103377956,27,10,24,8
6056.191211874381,1623.6578323286415,0.0001746292357509233,-5.1317096201588,-8.715490477771494,0.002006053924560547,11,6767,29779.218979688,1508.0,11112.85857987131,24,16,20,15
5975.139660402373,1610.7342893282166,0.00018003943323708025,-3.315081958426278,-5.69446565694448,0.0009996891021728516,10,8514,32210.64702562684,1926.0,12146.01970435743,23,15,18,14
6762.73227892423,2102.2268358759443,0.0002454197498485943,-2.4062047467214396,-5.694776370469929,0.0010173320770263672,8,10572,31848.02596522353,2393.0,13733.911602181151,23,13,18,10
6840.090661132727,2251.4592769738533,0.0002673240662250319,-2.0599345704207166,-5.577204787078249,0.0010008811950683594,7,11385,31982.440366017727,2617.0,14339.664715999204,21,12,16,9
12180.367835933177,4621.8377433684855,0.0005588387044387501,-1.9085743266257715,-6.2094025720580515,0.0009999275207519531,4,22342,58299.32573298388,5836.0,33342.82469407331,16,8,13,6
12917.782221315401,4940.2530783069715,0.0005670151866109969,-1.8926698894109801,-6.147384082504361,0.0010008811950683594,4,24067,63598.387902675255,6566.0,36369.63260513329,15,8,12,6
21142.189383999186,7705.138159267756,0.0006218898135721914,-4.821847602758157,-11.231418439091739,0.0012769699096679688,4,28249,98207.98391292442,7906.0,56322.74740409729,14,8,11,6
35134.52400299777,12225.844009577006,0.0006681529350598975,-9.974445577240607,-18.011641014640375,0.0,4,33531,142732.1215230078,10062.0,81860.52161124721,12,8,9,6
43673.968620969725,14834.779877601452,0.0006940369686872492,-14.454089672543898,-23.946599553382384,0.0,4,35119,171304.41704537722,11002.0,98182.67706827057,11,8,9,6
29120.910472515774,10249.862358467382,0.0005621927628826946,-5.731293518355173,-10.47533058343402,0.0015621185302734375,4,36336,128869.31001744741,11662.0,73433.69728843044,11,8,9,6
74075.85046593074,24282.33491799561,0.0008524940006663761,-37.50725410520806,-54.360390944986456,0.0010006427764892578,4,38225,265356.1092241737,12589.0,152227.1888900436,10,8,8,6
3055.24611104222,849.0272403824245,0.0004308565899518496,-658.3016611651981,-1085.765496430299,0.0,4,369,9708.378697436601,124.0,4245.125210343354,8,11,3,9
3868.3844623491404,1033.663796544453,0.0004186596459487191,-904.7062093632704,-1209.346386812761,0.0009975433349609375,4,381,11028.71191022273,134.0,4789.509488568223,7,11,5,9
3677.5664290410728,906.398062767975,0.00037200769207188373,-1261.3677220052398,-1467.680536774579,0.000997304916381836,4,344,11883.676828044092,120.0,4430.475891502178,8,11,5,10
4340.097295658878,1122.647553690968,0.00045301071813290926,-563.7863962255784,-720.139546657398,0.0009987354278564453,4,531,13924.447876552582,166.0,5282.615406391709,11,10,5,9
3654.401945112612,1053.9151390101356,0.00042506178175016245,-297.41791627335147,-524.5015867042968,0.0010068416595458984,4,703,15498.006958763199,211.0,7656.818735891615,10,10,4,8
3822.1407088674873,1106.8891399046709,0.0003854191607801805,-288.9832870503755,-554.8548500744778,0.001505136489868164,4,716,18591.241834658584,197.0,9314.754946367284,10,10,4,8
5640.2092622389,1595.0594169862163,0.0004126443183864086,-176.53493845910234,-314.8371884211406,0.0009992122650146484,4,1236,28043.07722609682,293.0,13952.61801900994,17,10,5,8
4938.347994327928,1412.0043814233657,0.00035945102467563295,-99.24113128610355,-183.06355940064577,0.0010006427764892578,4,1367,24820.3292132349,291.0,12466.267821248977,28,10,20,8
7086.275735293241,2010.307306980906,0.0004132217060466623,-72.37115317861237,-130.92515582331447,0.001997709274291992,4,2294,35590.2153630471,514.0,17652.01019191544,26,10,25,8
8622.345320266397,2361.0510568000846,0.00046021329476571466,-29.821225794513907,-50.078231219396635,0.001997232437133789,4,4383,40510.03033240154,966.0,18748.93496636331,25,10,22,8
4383.491568846521,1200.7741792100503,0.00017070495786714382,-4.607603967779489,-9.214893097791533,0.0010013580322265625,13,5669,26499.834495661686,1211.0,9401.098074384985,25,18,19,15
5962.13248290577,1652.7544002750003,0.00019206132695332055,-4.2502685535825195,-7.630605465907056,0.0010106563568115234,11,7350,29677.977766084987,1685.0,11002.513271169464,25,16,21,13
5843.502240583578,1916.5531367652502,0.00026760434265782714,-2.7742748235755155,-7.590401343230779,0.0,8,8723,29508.03701137198,1987.0,13783.440135256673,22,13,18,10
6812.643570930213,2449.6894127190917,0.0003545274427263907,-1.8151793675526697,-6.204164415332381,0.0010004043579101562,6,12162,33191.29911131127,2918.0,18580.9514268114,20,10,18,8
8991.18348144379,3280.542484309322,0.00043551214426845253,-2.144564414988189,-6.908262986331085,0.00099945068359375,5,15060,40995.08851868435,3618.0,23198.941845375353,19,9,16,7
8106.830459140223,2770.830503233418,0.0003611810034566024,-1.3885900203176744,-4.12095901702073,0.001505136489868164,5,15521,35507.07207555362,3762.0,15937.417561766488,20,10,16,7
7459.681721299872,2682.7775521303706,0.000387271412749109,-0.9776248789572799,-3.7763553550838758,0.0010001659393310547,5,16054,35844.850770127516,4051.0,19150.917307304648,19,9,15,7
8622.849672775377,3167.208142636226,0.0005272539260464142,-1.3072048548115536,-4.8185491149384925,0.0009942054748535156,4,17290,38739.3647038246,4207.0,22088.14100818023,18,8,15,6
8145.658739141067,3081.620220995314,0.00037603762949109187,-0.8582097630906005,-3.7571321845245276,0.0015056133270263672,5,17928,38004.55960096199,4565.0,21393.64899465206,18,9,14,7
8645.342898468627,3086.4450306886706,0.0003513856465467179,-0.7797907611054078,-2.860086373655071,0.0010013580322265625,5,19183,38162.99202161917,4934.0,18307.53156444754,18,10,15,7
11611.470053933346,4363.757781891834,0.0005598095133379184,-2.1000622695443356,-6.6453764846942915,0.0010073184967041016,4,20241,53709.78797652532,5238.0,30716.040222796044,16,8,14,6
13318.568205960994,5259.853108426872,0.0004983438529026068,-1.2420392827763673,-4.457793617238113,0.0005056858062744141,4,27556,64943.916016670686,7712.0,37014.687347142404,14,8,11,6
19032.62779891963,7088.427885814471,0.0005953508600553059,-3.5015816941685465,-8.616568288573875,0.0010001659393310547,4,28180,87230.48640748938,8142.0,49961.397400881295,14,8,11,6
16760.749486567256,6407.793573767319,0.0005542380519856015,-2.141489603085772,-6.0698677050888055,0.001016855239868164,4,30881,84740.43072650072,8994.0,48452.091080769664,13,8,10,6
28912.701762760204,10284.613205806616,0.0006585914684723634,-7.266274477864416,-14.353085440180827,0.001506805419921875,4,31832,122386.90789804919,9482.0,70236.89603434864,13,8,10,6
39690.91277230194,13538.222856616267,0.0007019812181135112,-13.243764263710395,-22.75803308185115,0.0010001659393310547,4,34433,164668.29555075048,10435.0,94438.84375784051,12,8,9,6
77121.5440048392,25164.452281610684,0.0009000599557992504,-43.472443500012886,-63.20094692686945,0.0010066032409667969,4,38344,287502.10863296525,12662.0,164982.38285974273,10,8,8,6
65825.54519957522,21621.249228666104,0.0007373560307061503,-27.18765731762286,-38.136549345603775,0.0009999275207519531,4,39399,236648.25018572246,13032.0,134803.27229924407,10,8,7,6
3894.2082726970657,998.7728885267177,0.00039768922508297755,-933.3254195020864,-1305.4304322014304,0.0,4,371,11090.364391601246,140.0,3801.2730528825577,7,11,4,10
4025.664141683876,1041.9693516433329,0.00044611250110601283,-911.1292062716761,-1213.989468602091,0.0,4,404,11903.463330969824,149.0,5134.136157280664,9,11,3,9
4588.532151053975,1161.7577223931446,0.0004513671620548101,-742.2693238885104,-906.6661210013283,0.0010073184967041016,4,516,12996.520986382915,176.0,5092.773170003595,8,10,3,9
4274.120776785605,1159.499588613979,0.00038274335500365945,-1085.0525613045943,-1529.6687298473282,0.00099945068359375,4,400,13537.939226121893,137.0,6035.149730399393,8,11,4,9
4349.624145992257,1097.5028969414068,0.00038892952976044996,-534.6374408941593,-765.8645146746642,0.0010006427764892578,4,568,15727.66726137984,188.0,6315.057598067535,11,10,4,9
5526.55357468804,1551.244607014298,0.00046183581035645974,-299.25592160066236,-513.489505933932,0.000997781753540039,4,998,24655.737440936377,261.0,12179.821413026002,13,10,5,8
5056.243896098424,1427.0892896133028,0.0004088976277789919,-173.0376313286015,-309.24964024926777,0.0015034675598144531,4,1187,25300.71983403387,275.0,12536.261446680415,17,10,7,8
8372.76238558444,2341.9901056610033,0.0004392318254800737,-78.8088477443259,-134.61183428602246,0.0009999275207519531,4,2652,37129.741921520035,570.0,18002.38796797926,26,10,20,8
4688.084601505519,1304.9013618134366,0.00012216439191790134,-6.128394987820911,-12.90839069396358,0.0009970664978027344,18,4751,23102.318107396546,1085.0,8545.424632960792,26,23,21,22
6613.291762378622,2282.6421849637377,0.0003122460736558843,-2.925824180728212,-8.25631448055214,0.0010006427764892578,7,9626,30188.0409318651,2243.0,15591.258360228094,22,11,19,9
6497.820666299134,2217.841233305682,0.00030973395705863777,-2.4247149524522973,-7.055195079851478,0.001001596450805664,7,10161,30669.49545033505,2352.0,15123.341940715822,21,12,18,9
6839.588423339083,2371.2978339854967,0.00029726871961122646,-1.7224345267386445,-5.409918554771294,0.0010006427764892578,7,12092,32240.726995547564,2837.0,16193.502608764997,22,11,17,9
8259.760887748396,3001.4003050801557,0.0004378280777176315,-1.9130427758543442,-6.268805157880186,0.0010001659393310547,5,14437,37760.121524504386,3507.0,21344.261257103193,19,9,15,7
7868.2009378680505,2807.902747031487,0.00040478993753184135,-1.12811258276987,-4.014530287731944,0.0010297298431396484,5,16286,35930.08856249255,3969.0,19057.94478990874,19,9,16,7
9133.732511819317,3380.666558675658,0.0005262698386361277,-1.5517864851302057,-5.246747872364089,0.0010080337524414062,4,17207,40611.51370285439,4267.0,23141.570711748165,17,8,14,6
8145.406396705278,3088.675663919922,0.00048528259994023293,-0.6019632760485081,-3.197178450864217,0.0019979476928710938,4,20517,40543.851101578985,5237.0,23065.421006851466,17,8,14,6
10927.91196085357,4187.4096870829335,0.0005201321904468554,-1.3117781529446,-4.75517672401927,0.0009992122650146484,4,21861,49858.60089661485,5674.0,28426.90041219814,16,8,13,6
12131.951884632788,4599.850642867368,0.0005671497264020131,-1.9394117317175952,-6.357154177072369,0.0015041828155517578,4,22780,61273.73417403639,6037.0,35031.119392920955,15,8,13,6
24090.03768285622,8698.968837096427,0.0006266978438183749,-5.5860130604606955,-12.08075119544001,0.0009999275207519531,4,29964,107890.87233252975,8807.0,61844.28611392292,13,8,10,6
38918.339986809115,13386.989689721606,0.0006949464116523344,-12.365739538874902,-21.49970271274446,0.0,4,33668,154685.54417587395,10337.0,88751.65643542836,12,8,9,6
49379.72658854987,16706.13848214344,0.0007655941714318875,-18.61357541981115,-30.641341848872557,0.0010001659393310547,4,34850,184535.69093432493,10684.0,106058.06469486683,12,8,9,6
40667.76950074923,13886.914245041078,0.0006669501234137818,-11.871286179828335,-19.68696441022306,0.0,4,36378,162972.13793772316,11482.0,93264.36185664096,11,8,9,6
82200.26587277326,26731.795718268593,0.0008878811686262628,-44.43955205642843,-61.341748076855694,0.0,4,39583,292875.40155913477,13395.0,167419.3249462336,10,8,7,6
3467.643063675219,916.6369326955448,0.00028496986947514546,-2474.0259814530655,-3115.0928140539104,0.0,4,211,9523.743559017184,90.0,3748.976948322126,9,12,3,11
3804.0607391608455,1044.8279143168443,0.0004390615922189093,-980.4194802658925,-1322.5340193969603,0.0010001659393310547,4,352,10314.487915587124,124.0,4544.482320261508,8,11,3,9
3726.798138245999,990.1332410636521,0.00043888460324172996,-935.8911869551831,-1354.7471294621582,0.0010521411895751953,4,387,11123.056381389557,130.0,4850.344295185707,8,11,4,9
4053.2557703759016,1130.7371797607286,0.0004212058325808101,-1109.0666817997799,-1485.141290335769,0.0012631416320800781,4,360,11213.271337839957,128.0,5012.437437640616,9,11,4,9
3791.4857737538705,986.5813140071942,0.0003880933293462059,-652.7576313538667,-906.5190663478578,0.0009982585906982422,4,474,13407.554796564882,153.0,5802.742097828101,8,11,5,9
3605.2283512250324,936.7170806040937,0.0004014682367919658,-354.6407752843246,-562.74259488449,0.001001119613647461,4,633,16553.031861819894,176.0,6321.041035766961,12,10,4,9
4363.271562305747,1273.8899081770858,0.00039271777075018644,-312.4655968269295,-541.8663444976733,0.0009982585906982422,4,765,17880.986064420857,211.0,8946.752435993763,11,10,4,8
4210.206627808136,1065.0612279755633,0.00035475329552808803,-292.8409798100097,-433.61636291735124,0.0020034313201904297,4,770,19479.40511303499,202.0,7757.44994968372,11,10,4,9
4152.1987250195,1209.4205767933652,0.0003813077777646435,-226.216281477436,-411.56711149180836,0.0009999275207519531,4,844,19025.74602243496,232.0,9525.053891729938,11,10,7,8
4953.866312769369,1406.3227072088948,0.0003727603383701362,-139.93922187672706,-243.95321190338717,0.002232789993286133,4,1217,24803.851186739714,281.0,12358.398010257795,23,10,5,8
7206.574070011086,1996.6410174958232,0.00046163935676104124,-114.95636658417897,-195.29718615338237,0.0010004043579101562,4,1893,33202.58990270175,404.0,15975.710669725937,18,10,15,8
5789.559375149483,1638.1932032336774,0.0003751573561658364,-113.248338342445,-200.75906629893456,0.0010178089141845703,4,1464,28930.837123172714,322.0,14402.068681514342,27,10,8,8
6059.472937361281,1724.989511152495,0.0003817638884313168,-75.03793391000353,-138.02246639576722,0.00099945068359375,4,1940,30188.31306559418,405.0,15077.163197533213,30,10,22,8
7791.34717726332,2214.504233142951,0.00041508621287947734,-39.167848484729596,-74.11415745987073,0.0019998550415039062,4,3581,39445.30406240633,764.0,19492.071932590778,27,10,25,8
5718.374752522428,1675.955064667613,0.00022632103663889445,-4.7556040585350425,-9.627631620137421,0.001985788345336914,10,6586,28015.269183788077,1475.0,11612.20168317337,25,15,20,12
5991.282461202579,2038.480078610587,0.00027874432537206223,-3.644549110293079,-10.216798256588532,0.0,8,7804,28274.761777432614,1745.0,14165.483418795287,22,12,20,10
6076.661493840626,1649.503572351878,0.00014530078053562434,-3.799084874895006,-6.769612489629079,0.0009992122650146484,11,7947,30959.370328405683,1839.0,12559.038034629128,26,16,22,15
6060.007146775569,1931.3968028675488,0.00022888371582264008,-2.478013091689768,-6.361295248469031,0.0009992122650146484,9,9377,30178.258581926704,2098.0,13469.14912132864,24,14,19,11
6374.226482471331,2186.3476425005847,0.00032191460113203854,-2.3531068864431868,-7.008078544247187,0.0009999275207519531,7,10296,30730.645943947828,2371.0,15696.502442607896,22,11,19,9
6705.340084049252,2289.172753120292,0.0002974070485555679,-2.317056978113683,-6.69641324585919,0.0010073184967041016,7,10810,31139.46613264175,2441.0,15009.934565971489,22,12,19,9
7488.092642929216,2693.087483008133,0.0004379748306783746,-1.6773408820386586,-5.611549887199376,0.0009996891021728516,5,13701,34006.226241311255,3296.0,19232.843929769973,19,9,16,7
7739.776001568809,2812.4928477580465,0.0004939543173548977,-0.9303528882338294,-3.6438738031344347,0.0010001659393310547,4,17373,36612.48928637308,4454.0,19982.916564844614,18,8,15,6
12267.685834635546,4669.290787021464,0.0005629998376865098,-1.841474160776189,-6.025142389261739,0.001009225845336914,4,22777,58724.19897370957,6010.0,33581.171463733466,16,8,13,6
49253.658628559206,16483.21796649585,0.0007239787175706843,-18.774527391553015,-30.00958225149236,0.0010006427764892578,4,36418,196735.6463446013,11655.0,112725.346239409,11,8,8,6
3880.809285912612,986.0535661628788,0.0004531222976999179,-715.7389809244557,-1006.8069542884903,0.0010013580322265625,4,428,12011.67984817747,156.0,5062.611033279034,8,11,4,9
4166.699810824954,1089.1300128133475,0.00038809551216759027,-735.8198797475922,-942.4077449350608,0.0010013580322265625,4,468,13354.250209050018,144.0,5807.760137468744,10,11,5,9
4758.740470329686,1205.733756736533,0.0004303385277903328,-692.9827093091836,-859.0939713491689,0.0010006427764892578,4,540,14048.933640156192,198.0,5495.628366698766,9,10,4,9
4697.203034358716,1196.4101276321592,0.00040019597906670846,-975.8560102978637,-1271.9394166111597,0.0010197162628173828,4,455,14764.120832227663,179.0,6359.955931588924,10,11,4,9
4656.498873505131,1315.3298835986764,0.0004401220805532612,-450.3802259848415,-701.7857011350043,0.0010075569152832031,4,648,15491.917448571712,194.0,7631.058077846239,9,10,5,8
4018.7600852377027,1139.2905331918296,0.00041441837382474384,-317.24945958348883,-546.5370401379843,0.0010001659393310547,4,740,17070.614030271914,211.0,8456.484991831996,9,10,4,8
4371.8100335095605,1236.0662115074676,0.0004300101182036147,-318.7934895491514,-572.4618347707308,0.0019981861114501953,4,843,20953.820799483885,220.0,10452.958908932458,12,10,4,8
4118.486482197963,1165.4468936522123,0.0003840144860567007,-208.07897838697122,-368.89838053612453,0.002023935317993164,4,902,19725.59644050624,228.0,9794.097579302277,14,10,6,8
5865.374822823674,1638.99250866988,0.00044938244926124774,-184.36101539541266,-309.9266045670092,0.0019958019256591797,4,1295,28088.327106964076,303.0,13757.61387794758,14,10,7,8
6076.799245719474,1708.901461030718,0.0004430660760934683,-158.38126420198378,-285.979794298207,0.000997781753540039,4,1352,28497.12223749472,309.0,14035.99827653163,21,10,10,8
5530.245508020454,1563.3491438172987,0.00040864818921295434,-161.7789125764271,-281.270864984938,0.0009996891021728516,4,1212,27518.458494359966,300.0,13695.163584677575,20,10,5,8
4534.607102542465,1299.5713111805624,0.0003525904505916813,-106.29130707569753,-195.35109951846508,0.0020492076873779297,4,1297,22794.676539499706,283.0,11453.852877049776,24,10,13,8
7843.782513886108,2255.6494354435167,0.0003740004432073502,-34.08358605665442,-64.55396165290253,0.0020072460174560547,4,3796,36633.06618994952,846.0,18390.351607424687,28,10,28,8
6618.0660372142875,1797.7751481219054,0.00019896791917047935,-4.731675713588954,-7.754072851849196,0.0025184154510498047,10,7698,30588.478350695026,1741.0,10980.226511158682,23,15,19,14
6285.173200772739,2182.5649543705345,0.00030822962483253324,-2.395195206885259,-7.405709178293028,0.0009996891021728516,7,9961,30189.680827474946,2259.0,15587.47529617128,21,11,18,9
6473.185341693249,2271.195637169623,0.00036325681506202114,-2.1712226891351887,-6.7448196889164524,0.0010209083557128906,6,10712,31520.33076960693,2502.0,16945.51388205021,21,10,19,8
8067.1900427745995,2904.811203829166,0.00044204962277189365,-2.2791695665624,-7.165347498423726,0.0021283626556396484,5,13236,36481.827745358205,3179.0,20630.28860672083,19,9,16,7
7456.439525614462,2572.9471277155203,0.00032398190833229847,-1.53004716195464,-4.714877121474645,0.0009982585906982422,6,13577,33681.284596941776,3310.0,16085.298027787067,19,11,16,8
7615.229744540889,2617.913833468791,0.00033367866806566015,-1.4806136129196092,-4.524491385659836,0.0,6,14229,34198.55079672437,3348.0,16440.713203740626,20,11,18,8
10904.940446369492,4043.485648107735,0.0005590985992248528,-2.2887277135442607,-7.036667047270955,0.0010917186737060547,4,18108,48536.60465921211,4621.0,27725.57435456339,17,8,14,6
13006.836491273307,4929.964485717394,0.0005629525480787484,-2.203260902045522,-6.791661908407026,0.0009999275207519531,4,22072,58708.809156123374,5775.0,33554.705536167676,16,8,13,6
15256.108332481985,5751.4633465917395,0.0005967802019875093,-2.7432298824862866,-7.85073469196224,0.0,4,24341,70029.73360525639,6483.0,40122.87195577301,15,8,12,6
12676.941579129552,4908.317448743327,0.0005473807483382254,-1.521871089435515,-5.259366042568411,0.0010061264038085938,4,25353,62516.01954978546,6880.0,35727.51168626358,15,8,12,6
13896.830368497085,5399.0595613846335,0.0005322308721759986,-1.577661580581136,-5.251465528763345,0.0,4,27649,70684.3794140033,7798.0,40365.93716804928,14,8,11,6
26047.169004083116,9308.364635612266,0.0006671900708776658,-7.185856464535187,-15.136228167483253,0.0009999275207519531,4,28597,111708.31993722121,8224.0,64131.66954865161,13,8,10,6
38758.22947653533,13350.645386316697,0.0007360524424960681,-13.52246857774585,-24.439088700111284,0.0010058879852294922,4,32148,154266.98368347817,9602.0,88712.33212040132,12,8,9,6
32008.073953338557,11193.74291835591,0.000682396105863992,-8.836924636774786,-16.42867487166323,0.0,4,32606,135176.60435522438,9927.0,77555.79239954104,12,8,9,6
48124.2586806438,16177.444071512782,0.0007572705055283307,-18.232270547092412,-29.133679863754153,0.0,4,35342,188510.36166062747,11109.0,108291.39317196893,11,8,9,6
63905.13192950345,21016.87828694007,0.0008258129609436504,-31.43667362933804,-47.17709825711763,0.0010077953338623047,4,37182,247520.6963490105,12249.0,141963.95476272813,11,8,8,6
69776.98875608666,22878.709821739525,0.0008254435024218527,-33.974473593651645,-49.32984111737814,0.0010004043579101562,4,38374,257632.4374739378,12640.0,147564.08181889815,10,8,8,6
3739.070138757287,985.8334312802485,0.0002823399088275959,-2531.921806266839,-4092.989229144909,0.0010075569152832031,4,219,10074.486050762822,70.0,4001.2466873507783,9,12,3,11
4153.986909886999,1120.7624367446185,0.00043305713424281823,-505.9427069973713,-714.2610909197056,0.0010001659393310547,4,556,14685.490478738315,191.0,5862.312671647138,8,10,5,8
4021.2536992809146,1158.2322454857567,0.00043513409231888913,-341.7446220711272,-649.1469981905444,0.0009999275207519531,4,645,15064.952357917862,211.0,7442.553676478303,10,10,4,8
4432.8439829961535,1279.152407582607,0.00042663456268143005,-409.26881683186633,-709.7050576098313,0.0015063285827636719,4,638,16045.825211570023,186.0,7969.481197172812,13,10,5,8
4932.171841786408,1388.1758114934253,0.00042142046383174584,-288.7675587273626,-494.429901290726,0.0009996891021728516,4,897,21202.210598796148,242.0,10492.129840104255,14,10,4,8
6108.808000956103,1695.7675747001979,0.0004644744826495072,-187.98830363162773,-317.31532259177015,0.0010063648223876953,4,1317,29052.802447113772,362.0,14092.880618876341,13,10,5,8
5840.078679006503,1643.3389541055226,0.0004277132690756308,-159.52282948315755,-279.15212892619525,0.0015063285827636719,4,1326,29147.61191694968,308.0,14404.36146551009,18,10,9,8
6783.410891504737,1875.8082476500076,0.00046890636819419345,-78.67218188109725,-140.26081394405455,0.003506183624267578,4,2161,34332.23119853561,474.0,16380.2816131925,24,10,21,8
7101.466518929296,1990.2491682418733,0.00043668148617332275,-69.9156948813017,-126.81386826825418,0.0009996891021728516,4,2417,35673.308114010615,510.0,17458.304489193964,28,10,28,8
8018.529050981278,2164.7139078517926,0.0004951506223191091,-30.068294008792275,-49.705705939448045,0.0009992122650146484,4,4065,38581.38769972338,865.0,17405.346207328403,26,10,21,8
4670.912409572076,1280.2889785244558,0.0001458208352071137,-6.001688897521805,-12.383283010949475,0.0009999275207519531,16,4883,23930.282783436116,1064.0,8553.184829391186,23,21,20,20
4386.289472782564,1256.026941703593,8.641698482382849e-05,-4.367785049054205,-9.703081794341548,0.0010089874267578125,19,5202,22708.60391501379,1143.0,7492.103389381789,30,25,24,23
6561.977300242157,2274.990503248012,0.0003454573788318418,-1.8719318486136807,-5.8700804239595215,0.0009996891021728516,6,11631,32057.29960543643,2725.0,16694.985931986863,20,10,16,8
6625.840124989662,2265.7647652035726,0.00032834276669181704,-1.6350680580490025,-5.175292217345296,0.0019981861114501953,6,12272,32530.522386047953,2890.0,15391.039188212497,21,11,17,8
10720.625514284337,3963.61868341115,0.0005667181303931596,-2.3069482200213485,-7.153436497472876,0.0010085105895996094,4,17665,46513.94039934376,4366.0,26567.782958191572,17,8,14,6
18558.054221620794,6856.275335307517,0.0006439863888997641,-4.1947209262866405,-10.789934789798949,0.0015058517456054688,4,25522,84129.50608919995,6897.0,48281.24904686387,15,8,12,6
8709.87440258926,3661.648177650668,0.00041142118451124854,0.1069297276238308,-1.4244441597973294,0.0009992122650146484,4,28341,45003.703092409225,8062.0,25479.167273614934,15,8,12,6
16924.362526129225,6407.9578905097105,0.0005552233266019755,-2.467042388276318,-6.743601828289514,0.0009999275207519531,4,29448,84309.32682661402,8299.0,48168.09776722724,13,8,11,6
29940.93580736814,10587.877193440485,0.0006553417515086147,-7.990257288530756,-15.568696318835183,0.001505136489868164,4,31114,123751.38641563458,9264.0,70991.50438794948,13,8,10,6
35233.186084817935,12187.570434572473,0.0006568224287326647,-9.742035058544118,-17.22931570185828,0.0010004043579101562,4,34516,146926.22443653055,10723.0,84138.1058204323,12,8,9,6
56463.7935559924,18786.27680711717,0.0007814395316983532,-23.547949815606675,-36.269813476939994,0.0010294914245605469,4,36652,213297.33327984405,11639.0,122372.40927801427,11,8,8,6
4250.068945531622,1171.1326368528476,0.00043960408150102063,-1375.9949882530773,-1838.9555080788498,0.0,4,350,10810.354170863575,117.0,4806.954259125949,8,11,3,9
3842.448958148495,1061.7792142132605,0.0004051817518614499,-890.802113251668,-1577.1585562263033,0.0010063648223876953,4,389,11278.827897188687,138.0,4984.226589647187,8,11,4,9
4430.584444026251,1115.4363255726273,0.0004435382737847103,-754.735023844816,-1002.6302463863371,0.0009999275207519531,4,470,13604.139926226537,164.0,5412.067889360638,9,10,3,9
3113.230023789044,842.9156312925097,0.0003508312033719709,-704.9100052508619,-1254.949559747342,0.00099945068359375,4,427,14013.865213223606,147.0,6198.2051421042,9,11,4,9
4660.708606450599,1217.5213830985335,0.00036595405567108383,-1030.728451721886,-1344.0747376255104,0.001007080078125,4,456,15000.098521294176,149.0,6563.647230052011,8,11,3,9
3912.285038796641,1120.1877319802725,0.00044146966524970385,-425.60223626342673,-685.5298493939408,0.0010001659393310547,4,605,15073.316548552255,187.0,7454.669037433763,9,10,5,8
4215.827513967269,1114.868460919867,0.00040129121092113724,-380.5242980588,-580.297517677064,0.0009996891021728516,4,662,17477.28342965997,181.0,6594.085655826679,11,10,7,9
4955.664823688969,1407.392834369023,0.00041862167655727216,-200.04287589686174,-373.562267237733,0.0019981861114501953,4,973,24588.17509814567,255.0,12317.252402381015,15,10,6,8
6130.464109033468,1692.0815850935037,0.00048222766681438404,-154.3519267124267,-273.4649307738871,0.0010001659393310547,4,1456,30700.873137581715,350.0,14737.987650063078,18,10,4,8
6876.20860839418,1896.770161346053,0.00047554351147170525,-87.15672186251112,-154.6049643704763,0.0019979476928710938,4,2031,34686.171461984035,441.0,16531.658838236428,21,10,17,8
5998.062016739007,1711.1042400988706,0.0003794231063127381,-101.70547327083469,-182.08857168700095,0.0015048980712890625,4,1662,29946.81395077246,361.0,15014.118516325638,30,10,20,8
7389.66975303984,2135.3636544468254,0.0003447094579259401,-22.235174728213256,-43.19081983134439,0.00099945068359375,4,4456,35016.079347987936,945.0,17590.460746163888,30,10,25,8
5572.965642738357,1522.0522247601714,0.00018502146664926708,-5.157703183086888,-9.545647648758464,0.0009996891021728516,12,6240,27895.65356113205,1361.0,9863.325259400553,25,17,22,16
7042.165300660682,2513.929368108533,0.0003255186346927844,-2.7227278851926617,-8.232630026466751,0.0010073184967041016,7,10417,31560.817712252916,2436.0,17543.550362279828,22,11,18,9
6986.779756152506,2178.8358269345936,0.0002646227542291638,-2.071462429237577,-4.773106652363458,0.00099945068359375,7,11595,32787.584669358825,2733.0,13900.517034810884,21,12,16,9
7075.84311124871,2432.70219288847,0.00031015849903368606,-1.1931265729999292,-3.975615624220648,0.0010001659393310547,6,14458,34124.57972273713,3449.0,15572.448144439666,20,11,16,8
8999.399159191204,3310.4874899725155,0.0005411117273292151,-1.5271300967483326,-5.205361717023642,0.0015082359313964844,4,16943,38975.657943685175,4223.0,22228.747185612534,18,8,15,6
11287.501191504854,4194.875566250688,0.0005654963968438187,-2.4154100111142007,-7.335108359755564,0.0009996891021728516,4,18618,50510.48749504938,4686.0,28862.13555920082,17,8,13,6
8729.359254021936,3316.7603493323722,0.00040300540846854426,-0.9512917918797659,-3.904701514495362,0.001005411148071289,5,18711,39649.50126074912,4793.0,22387.770213461023,18,9,15,7
15458.377745926748,5813.84997163602,0.0005968223607182696,-3.0245975476836264,-8.368372219729364,0.0009992122650146484,4,23613,69308.68779999623,6331.0,39692.188284021424,15,8,12,6
13358.76877827846,5084.381809416044,0.0005817335236598059,-2.0751781028255194,-6.482974171237231,0.0015053749084472656,4,24527,66755.80680076744,6562.0,38218.538461992575,15,8,12,6
18312.096019295805,6761.388137276602,0.000633197935068848,-4.133309316783163,-10.376496426847345,0.0010004043579101562,4,25331,83304.33126544431,6913.0,47782.98228724516,14,8,12,6
36099.46807601718,12502.909190400505,0.0006940351391216087,-10.503505371918589,-18.620959499685654,0.0,4,33514,145822.26796183467,10379.0,83676.92258096725,12,8,9,6
46717.149911800516,15745.460542346656,0.0007654622045481992,-18.277864753825263,-30.237387643814305,0.00099945068359375,4,34745,186668.8506931497,10783.0,107269.99827997023,11,8,9,6
3543.1317866988693,912.6788615858281,0.00044152748451034996,-1119.7053513433684,-1482.0745484948445,0.0010001659393310547,4,318,10049.402742555581,107.0,3415.4699661126924,7,11,4,10
3596.983523287007,951.4771560198016,0.0004201671657798831,-808.8559278354154,-1264.0661862098618,0.0009999275207519531,4,393,11660.695183641601,143.0,5074.585522851605,6,11,4,9
4270.795264944875,1109.822843350647,0.0004268764438214141,-1067.7383552510298,-1341.230254605764,0.002000093460083008,4,405,12377.397302567779,142.0,5381.284117522402,8,11,4,9
4283.158312130203,1124.4070009517843,0.0003813414635207629,-822.9497260834429,-1118.3887700568846,0.001009225845336914,4,461,14448.016654698073,152.0,6353.948918222934,9,11,4,9
4929.512505452285,1378.0363600002895,0.00046053437854606214,-502.3293594706986,-766.5232692902385,0.0010051727294921875,4,648,17181.016904885368,216.0,8495.505292334678,10,10,4,8
4063.871821719561,1168.1118530662195,0.00040474249659692274,-313.45841524134244,-554.5107119149889,0.0010075569152832031,4,737,16652.205610364545,205.0,8245.707224932761,10,10,4,8
4326.511662996506,1222.2044197010132,0.0004108190609867567,-232.48839077826278,-419.430816888213,0.0019989013671875,4,916,20314.844311365086,230.0,10081.92144082611,13,10,5,8
5163.52831413596,1451.367352090795,0.0004295303432340499,-286.8796699233791,-498.8177278244525,0.0020215511322021484,4,907,22935.517005804497,243.0,11363.738197094412,10,10,5,8
6264.622215846553,1734.091290161866,0.00047236439520432875,-266.6103223002984,-424.0060824025308,0.0019979476928710938,4,1183,27212.306071041585,329.0,13176.769550022895,13,10,5,8
6319.004960801176,1756.9578673394558,0.0004574755687902124,-137.95966798648567,-244.48534639615784,0.0020110607147216797,4,1523,31195.10714049958,363.0,15101.863469443299,16,10,5,8
6403.011562804111,1815.0824552412228,0.0004221176836864691,-93.38179054524429,-174.0421627415797,0.0015163421630859375,4,1879,32128.938904410254,413.0,15948.60776199022,26,10,23,8
7660.7895301176995,2122.3841945937356,0.00048025982100237743,-91.44125003783664,-157.69056564247677,0.0020096302032470703,4,2238,35899.0689567953,493.0,17219.42071045904,20,10,20,8
7353.854664886404,2065.299860264247,0.0004586709319421239,-78.90726000860572,-139.86022315353875,0.0019981861114501953,4,2315,36886.28627713077,493.0,18062.82458992824,26,10,22,8
7244.10814913734,1932.5568789398612,0.0005013499974163665,-22.798150110051687,-36.89960867747627,0.000997781753540039,4,4424,36919.110630131334,986.0,16262.39211956122,25,10,20,8
4507.992214324431,1230.1487627290965,0.00017136217310507733,-5.336352223681862,-10.510744048501634,0.0010128021240234375,14,5263,25769.932555199826,1140.0,9079.0632168318,26,19,23,18
5620.293241592714,1645.9961076987186,0.00020019802851781418,-3.935022189973256,-8.480460339917665,0.0010004043579101562,11,7073,27677.947154835492,1553.0,11235.509715077374,25,16,20,13
6365.989378112276,1754.6535557549594,0.0002240222712455835,-3.681937694961632,-6.559622823333347,0.0010001659393310547,9,8576,31441.86802344626,1934.0,11415.868429028622,24,14,19,11
6705.896196586635,2401.5394202273937,0.00033629224976025986,-2.469999604255303,-8.033628186995257,0.0019974708557128906,7,10575,32703.653978734168,2431.0,18209.42365605572,21,11,17,9
6743.019056086718,2416.4196206273264,0.0003241546041775582,-2.132679299205869,-7.004289975448204,0.00099945068359375,7,10966,31763.8027178505,2515.0,17669.05249576953,21,11,17,9
7741.452332527659,2783.050343055543,0.00045330225544568386,-2.303381707909381,-7.390507728335399,0.0009989738464355469,5,12752,36091.71875917965,3025.0,20420.661987680265,20,9,16,7
7011.331385935726,2366.2959693789844,0.00039024492490536127,-1.646394393824366,-4.879679046373167,0.0009999275207519531,5,13212,33528.098467146185,3142.0,15801.421136507917,20,10,16,7
7532.613812149283,2703.0346255376744,0.0004209539838826095,-1.5856290933648642,-5.231143591590657,0.0009999275207519531,5,13981,33805.277325583964,3348.0,18761.363399672482,20,9,16,7
9233.116183036744,3377.5774738079867,0.0004575941051821342,-2.436983384573496,-7.845758379220385,0.00099945068359375,5,14983,43008.97768758257,3648.0,24358.115081409807,19,9,15,7
12019.16159853233,4489.023918039318,0.0005876914899171379,-2.4765932183683277,-7.535713119931131,0.0015048980712890625,4,20066,56391.56530179135,5145.0,32267.20219040908,16,8,13,6
15706.079956633735,5845.162037544258,0.0006132539821664014,-3.446701834555184,-9.397545950631434,0.0005052089691162109,4,23331,72333.54945078686,6202.0,41453.02381703365,15,8,12,6
16252.264753694593,6061.575606129323,0.0006105536355883305,-3.457208043450252,-9.2047749807683,0.0009999275207519531,4,23832,73603.07740539478,6400.0,42168.56556532235,15,8,11,6
10901.28921260882,4425.237485023042,0.0004771675888888495,-0.5331794965643442,-2.995971167114662,0.0009999275207519531,4,27844,57213.7535028195,7784.0,32562.476628887278,15,8,11,6
25661.204851756127,9203.687687500013,0.0006683801659919042,-6.533961569529983,-13.963490387960851,0.0015063285827636719,4,29851,112019.02314680735,8651.0,64326.18174367296,13,8,10,6
15243.357700059785,5860.925936366499,0.0005413323218082869,-1.8024540497966446,-5.39320852557768,0.0010001659393310547,4,30390,81028.96223643313,8789.0,46250.987358836166,13,8,10,6
32180.175852516877,11156.637827613875,0.0006967011135024163,-10.20406539178337,-19.46924955742377,0.0010075569152832031,4,32099,144373.3179932349,9695.0,82887.99407883722,12,8,9,6
30336.33062389378,10625.328338313533,0.0006702334429611882,-8.118381171224938,-15.603763354623325,0.0009989738464355469,4,32969,134507.58988967066,9906.0,77131.84159152111,12,8,9,6
58623.99045647886,19415.267186073605,0.0007931590276000185,-25.675117548468663,-38.17826362925037,0.0010004043579101562,4,36372,218172.08824908396,11821.0,125202.52890478336,11,8,8,6
53930.83584047037,17893.40716948582,0.0007529360938131062,-21.790011264545868,-33.57687625295032,0.0010006427764892578,4,37385,214125.79463591563,12264.0,122552.27232894412,11,8,8,6
3462.2922407712335,930.2564294088322,0.0003232477123716816,-1365.8433674383707,-1955.4676832397024,0.0009999275207519531,4,288,10106.733442806024,97.0,4078.6594906599003,8,12,4,10
3835.1690089566227,966.7154607706744,0.00044953528180344883,-691.3177009434266,-933.323184593498,0.0009999275207519531,4,452,12613.021608849773,149.0,5262.529855662291,8,11,3,9
4411.927557316159,1237.6070850315257,0.0004480898029421565,-417.8214672902844,-725.2269556293942,0.0019998550415039062,4,719,18955.425905871885,220.0,9403.580292906106,11,10,4,8
5192.871134257606,1457.8758179711567,0.00046424680675003296,-360.4748886387277,-628.5613005881432,0.0010213851928710938,4,831,21072.006912082266,237.0,10416.107023413351,13,10,6,8
4786.0218086083705,1205.3750930829394,0.0003423484502160046,-538.714647822899,-727.216529783758,0.0010001659393310547,4,636,18675.693762781622,192.0,7908.668156397231,11,11,4,9
4803.201484200874,1357.3170408449662,0.0004634172883754528,-335.8335052685206,-605.6377855316866,0.0019989013671875,4,848,23685.873558558917,244.0,11846.89407484205,12,10,3,8
5341.145340045946,1495.4604041785435,0.00045137093558171755,-284.842455549597,-479.6905082941832,0.0010008811950683594,4,1005,25640.219602948335,272.0,12648.73616375067,11,10,4,8
6154.440584946865,1727.9808146849425,0.00046465753526352235,-227.36524179278285,-407.1684587949232,0.0019965171813964844,4,1181,28615.36377147841,284.0,14113.719483215602,18,10,5,8
6813.243363308821,1901.6116481199224,0.0004528666118142317,-112.32155122849366,-196.3802672648971,0.0010006427764892578,4,1785,32972.84116956328,380.0,16083.895639067181,26,10,25,8
7011.632580190562,1982.1939737888983,0.00043323976329549395,-104.0981954086667,-193.67319138402743,0.0009996891021728516,4,1889,33158.060407592835,415.0,16404.951050993957,21,10,21,8
7401.450097257597,2033.4178136659532,0.0004720712197838395,-51.101122780013114,-87.96808459617783,0.0014884471893310547,4,2913,36889.85207083891,670.0,17308.72091551416,26,10,18,8
7940.430804711415,2126.495545677007,0.0005102006746513328,-43.76396238216965,-69.17413018957683,0.0019998550415039062,4,3214,35776.8664645807,720.0,16069.783598866758,22,10,20,8
8047.339824674309,2234.940258194628,0.0004536922115548363,-44.68464165937932,-78.20877913953929,0.001997709274291992,4,3386,39279.26636610939,754.0,18787.172128283943,27,10,20,8
8078.671998598781,2200.217004639942,0.0004900798987090815,-27.65916203017441,-46.60314174520409,0.0010061264038085938,4,4351,39414.17241201993,918.0,18036.81946018248,28,10,22,8
5087.029682741372,1397.7580980972382,0.0001860134544208361,-5.9183312870062865,-11.513813512130382,0.00099945068359375,13,5352,26057.368430857317,1155.0,9424.524238769667,25,18,20,15
5100.171496583001,1394.4152614059733,0.0001617980456954343,-5.186334478726428,-10.028602010397764,0.0009965896606445312,14,5733,26335.54308367276,1244.0,9404.864726327698,25,19,20,18
5654.108720146818,1739.0902945975308,0.00023606285449222285,-4.725396625537216,-11.010934664712707,0.003015756607055664,10,6440,26935.071905874305,1424.0,11972.80669403294,25,15,19,12
6100.25629773091,1641.8734500862597,0.00019215069114122987,-4.697146286397677,-8.045218446796648,0.001428842544555664,11,7156,29858.6798775671,1575.0,10823.509859586688,26,16,22,15
5172.148943924936,1758.5502483645807,0.0002592397026303749,-2.6088099993932214,-7.885256355734324,0.0015010833740234375,9,8064,27962.66424437706,1791.0,13549.872598318852,24,14,18,11
6122.1335053449275,2030.5846138870288,0.0002785994073151627,-2.5014051806572373,-6.961928783357683,0.0010001659393310547,8,9657,30036.44580561756,2155.0,14117.790569087467,24,13,19,10
6558.4972075432615,1846.258046042041,0.00023925584655231497,-2.5246953354694237,-4.701303861047666,0.00099945068359375,8,10393,33026.387756413,2385.0,12357.628849885501,22,13,18,10
8969.193422878972,3265.093585354359,0.0005560884969790768,-2.033053022502209,-6.524228863519241,0.0010058879852294922,4,15667,40263.142769075515,3786.0,22975.545780518063,18,8,15,6
11525.930058360605,4276.367891515327,0.0005882877685957153,-2.491223615031659,-7.5295801777480005,0.0010006427764892578,4,18565,50361.49503435451,4674.0,28815.812919736403,17,8,14,6
8841.53345055118,3326.8249456988196,0.000506349432560425,-0.9766502534626045,-3.9676134318103404,0.0010008811950683594,4,19249,40265.40684566925,4917.0,22917.65706844334,17,8,14,6
8643.84073197568,3318.169439492861,0.0003925620550554317,-0.7952425166275336,-3.554922800218046,0.0010006427764892578,5,19585,41455.3349667848,5096.0,23378.389921174443,17,9,14,7
10677.849670505682,4080.5885098223116,0.0005342555876085628,-1.4546064349867414,-5.1178406961523715,0.0009970664978027344,4,20681,49538.34584777743,5401.0,28259.819318211506,17,8,14,6
13586.101007375986,5106.145780603812,0.0005941921032894241,-2.6575006465413216,-7.789970325892693,0.0010061264038085938,4,21670,60586.366995418415,5678.0,34693.22544107598,16,8,13,6
13244.608729807449,5022.896655173659,0.000591285499069017,-2.321330094160236,-7.236449725585887,0.0,4,22459,61949.70362292073,5870.0,35444.21942184659,15,8,12,6
9184.73868785814,3608.4172747796606,0.0004959195974508509,-0.6347839865881886,-3.3040357842185717,0.0009987354278564453,4,23047,47389.803911487616,6216.0,26992.94621981516,16,8,13,6
17821.736146532236,6591.152760789753,0.0006317873320072709,-4.035992919710603,-10.124554615690677,0.0009999275207519531,4,24684,80026.49135710462,6804.0,45911.052400653614,14,8,12,6
10894.190182320968,4323.17971382141,0.0005226127526414231,-0.8350836471688423,-3.7159885107516324,0.0010137557983398438,4,25722,55693.19414154619,7084.0,31768.136651802488,15,8,12,6
22999.102490877263,8365.814720792183,0.0006494310121158279,-5.489172369715029,-12.469229797767317,0.0010001659393310547,4,28072,100477.19665139948,7932.0,57642.876125088456,13,8,10,6
17368.286512369177,6565.288204096637,0.0005749125317705593,-2.6392791299194407,-7.040241541179542,0.0009996891021728516,4,28581,82253.15084757608,8124.0,47049.70535359532,14,8,11,6
55933.78501942559,18634.439903678125,0.0007830165413164568,-23.251197914895496,-35.886682272672566,0.0010075569152832031,4,36643,211478.76968341993,11665.0,121401.43247539643,11,8,8,6
70800.93734452905,23250.07185409514,0.0008614348362997728,-36.07377756297927,-52.94579740079128,0.0009999275207519531,4,37433,258175.57546980743,12251.0,148253.28726024105,10,8,8,6
3907.3346211364183,1031.8077551412182,0.0004345106038756817,-793.4072594784335,-1102.8427313622544,0.0,4,406,11160.634293617979,137.0,4833.929925822484,9,11,5,9
3715.807948202818,964.5214460184844,0.0003718862937583753,-900.6813475546619,-1305.111175199805,0.0010008811950683594,4,392,12585.472253598917,128.0,4318.694694976795,9,11,4,9
4265.1320321183175,1223.848997000078,0.000447980330562168,-464.8539193789531,-720.5277582414343,0.0010066032409667969,4,602,13938.420289477664,213.0,6842.718919544293,8,10,4,8
4292.579744568325,1077.7650686819993,0.0004132870772351558,-686.16319417042,-889.0515078285557,0.001005411148071289,4,521,15224.172543535318,173.0,6149.472317501903,11,10,5,9
3944.3009812965174,1114.2054513554444,0.00041750803573956764,-324.72209273222313,-576.806820005204,0.002260446548461914,4,692,17255.95893254296,204.0,8553.35464701146,11,10,5,8
4880.245744272101,1361.4634389837279,0.00044440389920678836,-292.2387556034815,-506.63353467998786,0.0019989013671875,4,872,21220.260638609703,267.0,10387.250137231196,13,10,4,8
6977.243904782089,1963.8249749210536,0.0004585912938424639,-100.73779676107473,-178.91673282904281,0.0020084381103515625,4,1903,34310.53246031726,425.0,16849.89314953147,24,10,18,8
7921.061413886218,2209.494099445368,0.0004606541323051244,-48.7784862602465,-88.76342138139604,0.0020072460174560547,4,3191,38760.87514720276,669.0,18634.51752955236,27,10,23,8
9201.129028834152,2554.7566804697676,0.0004599170233215983,-37.56307518574905,-64.03248193023,0.0010001659393310547,4,4173,41108.121396669936,943.0,19485.863954806424,27,10,21,8
3786.2743237125655,1142.8248823677686,0.0001044996695174948,-4.6628682176955625,-13.097106228165131,0.002006053924560547,22,4634,20201.635235402307,1002.0,7451.160192740663,28,27,23,26
5126.10075659397,1393.2018116031852,0.00015885735526921066,-5.842222825800008,-10.903051970759485,0.0010006427764892578,14,5416,25750.555747774833,1178.0,9221.056606496219,25,19,22,18
5119.7879475282625,1403.240260447502,0.00016210416855060982,-5.067060212109819,-9.701811730321996,0.001081705093383789,14,5819,26273.815670108983,1265.0,9298.734055426663,25,19,24,18
5744.2551125077525,1635.7571216069723,0.00020327356257757254,-2.99609278368539,-5.973002342775766,0.0009996891021728516,10,8371,30353.514661479792,1834.0,11618.57544457354,25,15,20,12
5979.6166879706325,2042.4563468849626,0.0002822150612101884,-2.6482291139696104,-7.856802499242461,0.0009982585906982422,8,8967,29334.059603403755,2035.0,14656.65945698254,23,12,20,10
7004.22640347283,2516.5248516965125,0.0003391893020600312,-2.918633575155461,-9.0783560546239,0.0010061264038085938,7,10109,32306.713392693786,2321.0,17975.304966090996,21,11,18,9
6059.675194165055,2123.008866025185,0.00032187456418420564,-1.83383594951703,-6.006764833188573,0.001523733139038086,7,10979,31288.81727051939,2573.0,16521.247657346255,21,11,16,9
6904.472933447928,2499.802489829279,0.0003643295182847651,-1.7131580353609523,-5.955200624608621,0.001016855239868164,6,12550,33626.84211383916,2932.0,18834.94278925394,20,10,16,8
6949.012724001422,2391.4446594474384,0.0003190946758089015,-1.401387767193456,-4.40412711909491,0.0009996891021728516,6,13510,33583.22825724528,3394.0,15680.518279603719,20,11,16,8
7022.992630062558,2440.9089810218165,0.0003239985787045538,-1.1429635139070915,-3.9298128450261673,0.0010013580322265625,6,14399,34212.230402937,3499.0,16335.95154243731,19,11,17,8
7242.227546984134,2683.4220219435856,0.00033885313049538036,-1.0464650837772198,-4.300470679681458,0.00099945068359375,6,15265,35433.16196443642,3736.0,19800.09867718132,19,10,16,8
13561.002461796978,5045.298903271202,0.0006072476462478107,-2.96351521007486,-8.549543003236652,0.0005052089691162109,4,20941,61890.595892067606,5454.0,35453.90052785065,16,8,12,6
10781.56410102451,4121.560867821223,0.0005523935406564699,-1.5107716020213449,-5.354078156993963,0.0009992122650146484,4,21645,53523.10494646437,5718.0,30587.459968322117,16,8,13,6
12359.820345822469,4718.35639443628,0.0005706063810155937,-1.8656704320307371,-6.118911323696237,0.0009992122650146484,4,23322,61232.949306472176,6240.0,35002.41166063443,15,8,12,6
14925.660611800116,5620.922959831636,0.0006119358684954136,-2.8390232789938747,-7.936228623864773,0.0010535717010498047,4,23786,68907.00531850458,6537.0,39505.039833434654,15,8,12,6
23337.2272175502,8445.965349078368,0.0006739761320707099,-6.150339058665708,-13.828840898381804,0.0,4,27365,100800.4665506317,7685.0,57907.86991161638,14,8,11,6
3409.594481341684,945.5046932247415,0.0004368039009102654,-854.7495199661412,-1469.3139153179798,0.0,4,349,9717.942612777884,128.0,4187.236289024201,8,11,4,9
4367.196638978842,1092.834812811982,0.00048502381647375596,-893.240940358709,-985.4971235925657,0.0,4,418,12043.917136662809,151.0,4897.992164668749,8,10,4,9
3944.920120602407,1072.991525977758,0.0004357455072406012,-1247.868634770625,-2050.241395653225,0.0015230178833007812,4,346,12565.210179263982,125.0,5649.006186265164,8,11,3,9
3838.2152977566484,990.1583341077319,0.0004280897564091724,-616.7389048482377,-843.8575320450938,0.0009996891021728516,4,505,14439.696137491708,176.0,5490.126172268225,8,10,4,9
4863.713717117698,1361.4828022715524,0.0004737270623381867,-551.3673771186591,-866.8120858835247,0.0009999275207519531,4,607,15465.329947458264,193.0,7640.129397960027,9,10,4,8
4297.079818058453,1059.526886252162,0.0003127661669581407,-1239.3560095497503,-1667.6396996400938,0.0010001659393310547,4,391,15605.601104119889,129.0,5784.702118112567,9,11,4,10
4565.611986673313,1290.2285743648151,0.00042330794742091846,-324.64220956994546,-588.8636060185062,0.0020313262939453125,4,826,20594.94554335315,209.0,10270.271491907122,14,10,5,8
6036.981862517154,1684.6536091866915,0.00048523784508295594,-292.43850679552787,-500.4270492752511,0.0009982585906982422,4,1062,27242.752480657695,277.0,13361.80466664939,15,10,4,8
5936.1367906862015,1669.8718292333267,0.00043554421145560764,-164.74612610444757,-285.9450287398511,0.0009999275207519531,4,1362,29638.259104120298,311.0,14622.16467116752,18,10,5,8
6284.882058595579,1756.2485327489762,0.0004457547376507276,-111.5965526814157,-197.0911171651728,0.0010001659393310547,4,1671,31621.11006084452,363.0,15397.812127864214,23,10,10,8
7083.516338188547,1957.9467161142877,0.00047247905902634483,-74.47514502832416,-129.34246327688712,0.002023935317993164,4,2299,35739.02247004308,515.0,17058.100876432618,21,10,19,8
7645.660365438998,2121.473941764211,0.0004866841619440257,-64.54541551396285,-114.49418294392486,0.0009996891021728516,4,2636,36960.74122181555,565.0,17645.855922289258,22,10,20,8
7708.392842552302,2163.804136225667,0.00046067719567667863,-53.667511184897535,-95.92579565496646,0.001997232437133789,4,2996,38973.126617321905,658.0,18962.13371492367,26,10,23,8
7924.032377629369,2165.886694008211,0.000498280296153588,-39.85453984618797,-66.22555565643566,0.0009982585906982422,4,3494,38516.89677670763,752.0,17857.415138808676,25,10,18,8
7885.856207674727,2261.9323097931015,0.00038384258299325324,-32.43137727531307,-59.80358412775338,0.0020177364349365234,4,3952,38370.91686838671,868.0,19078.157388383435,27,10,27,8
6037.206585312806,1617.1164525475556,0.0001929148340119135,-5.247760100519409,-8.659012028108382,0.0015063285827636719,11,6836,29484.692983343433,1510.0,10805.18689326079,25,16,22,15
6194.10761926058,2212.8761578929134,0.0003366774166073167,-2.404877309206864,-7.880998125659456,0.0009999275207519531,7,10043,31982.140051517512,2336.0,17790.338965394978,22,11,18,9
6816.584539830304,2349.057577225802,0.0003704314996611209,-2.4649430031251476,-7.192927216271947,0.000997781753540039,6,10649,31025.823467791204,2490.0,16132.249794546711,21,10,17,8
6794.141800056159,2369.0826272997224,0.0003619666396625547,-1.9666133915959665,-6.070238820877307,0.000997304916381836,6,11730,32046.327131437487,2735.0,16863.08733485258,20,10,18,8
7350.58866688636,2548.6632247726156,0.0003230472938684159,-1.3670184720998804,-4.36410222017013,0.0009987354278564453,6,14215,33659.24342777121,3408.0,16004.434243376687,20,11,17,8
8556.773604595825,3147.209888388668,0.0005526622030489988,-1.5777955361303069,-5.450611218637435,0.002515077590942383,4,16439,39815.94729739135,4033.0,22705.873667095468,18,8,14,6
8312.689404821187,3078.030121797707,0.00053323903242568,-1.3054652339695756,-4.848529803415533,0.0009999275207519531,4,17036,39854.58592443621,4273.0,22709.195931619055,17,8,15,6
11672.650386167781,4384.033061711104,0.0005733450528379783,-2.1090116545869586,-6.633711134602775,0.0010004043579101562,4,20007,52368.54649677657,5169.0,29936.978518802716,16,8,13,6
29199.63155557503,10302.353869973487,0.0006861910425572796,-8.308410758665596,-16.66485466113838,0.0009989738464355469,4,30775,125848.73029984417,8976.0,72269.19426026283,13,8,10,6
73565.21922522737,24111.386455625256,0.0008817935389767226,-38.82588099002764,-56.18271913171788,0.00099945068359375,4,37360,264780.88972876983,12406.0,152111.85995785194,11,8,8,6
85993.44230521457,27942.157217270946,0.0009502283977396712,-51.651893533033146,-72.6768070813829,0.0,4,38441,307746.2820492612,13060.0,176471.57233684097,10,8,7,6
3968.4352922468497,1037.6491376612585,0.00046386420796935227,-938.6016581319534,-1249.0050699574574,0.0,4,365,10741.03707221474,126.0,4635.319902996553,7,11,4,9
3612.501781982801,973.7147493135263,0.0004360306136337077,-932.8827872106091,-1225.3988408574223,0.001283884048461914,4,349,10986.510284672038,135.0,4830.135634913386,7,11,5,9
4147.360779041177,1066.6011714627914,0.00043567042664543104,-866.53078169917,-1145.6517510935082,0.0010001659393310547,4,438,12504.504343822433,136.0,5376.479354425677,8,11,5,9
3663.5321939075275,992.0968658982472,0.0004688645682679371,-492.79247660828315,-717.5402621932448,0.0009996891021728516,4,532,13122.26570094661,170.0,5336.156536797667,9,10,4,8
4044.168476110743,1014.2613761881295,0.0004283939441268322,-683.5550856570754,-873.968408595319,0.0010063648223876953,4,462,14155.405009430218,172.0,5730.420528245122,10,10,5,9
4567.385781398686,1253.3924794816292,0.0003649078836556885,-1098.24030183862,-1437.4813767968433,0.0015232563018798828,4,417,13913.236165021583,137.0,6228.913561658668,10,11,5,9
4258.710815072015,1190.3906436397297,0.0004748283011855414,-385.81667168340266,-699.2095303380397,0.0010077953338623047,4,652,15978.093140303785,205.0,7859.487042698489,10,10,4,8
4282.689500592586,1211.808176658134,0.00044077598843035706,-421.5109130296716,-719.2179553729161,0.0015053749084472656,4,643,16794.263940863915,189.0,8356.944738579637,10,10,3,8
4341.42500057424,1216.9719770402185,0.0004543543793840979,-314.57043583434495,-574.9751684874976,0.002000093460083008,4,809,19599.20145398465,231.0,9676.14256589178,11,10,4,8
3705.850856856214,1066.2293120990266,0.00040308196718097307,-245.835105868496,-471.8461860843992,0.0020008087158203125,4,774,18421.022442754474,216.0,9230.243040987814,14,10,4,8
5688.37224092333,1584.6174931064024,0.0004697303034944214,-227.37811111406245,-409.191294273575,0.0009999275207519531,4,1191,26861.984894704747,293.0,13090.461395748207,13,10,4,8
6710.805917249253,1859.0173881428227,0.0004907224220610662,-157.11671551833066,-277.7972530136379,0.0015060901641845703,4,1585,30894.99357228156,352.0,14862.457035493324,18,10,5,8
6577.705049302704,1857.9326266430844,0.00042872181027087873,-90.8403070691457,-167.77276070007426,0.002508878707885742,4,1933,33018.72700385998,405.0,16300.65445813405,24,10,15,8
7762.522652671786,2186.5734647085915,0.000472137014768318,-95.13707608418447,-169.0894152389094,0.0009999275207519531,4,2239,36087.7066115925,480.0,17721.316798720305,22,10,17,8
8767.912750592706,2441.86522524607,0.00046655192417465125,-52.41222105286303,-88.96638250899768,0.001001119613647461,4,3367,39804.46843468652,730.0,19124.075324898346,27,10,24,8
7702.468471466733,2034.4882235383018,0.0005203769561337077,-22.986029513050607,-35.157625118946186,0.0009999275207519531,4,4403,35190.830723668405,961.0,14987.114394373959,25,10,25,8
4847.077818387563,1336.269581414713,0.00015819468815237063,-5.982171147227808,-12.176157419671792,0.00099945068359375,15,5105,24302.394576100753,1103.0,8478.722595597417,23,20,20,17
5216.649000612743,1610.6954450686958,0.0002195717677748897,-4.406437783743466,-10.539694564195068,0.000980377197265625,11,6234,26509.360028466803,1372.0,11791.436055518709,25,16,20,13
7234.49178080358,2644.7999192960287,0.00035404877340923686,-1.5122215341099379,-5.472465750306882,0.0020093917846679688,6,13492,33823.24674700247,3229.0,18922.77132958726,20,10,16,8
6934.883432074853,2541.752885798907,0.00041403527957370136,-1.1304103545926423,-4.599406132306703,0.0010037422180175781,5,14996,35469.03929051742,3630.0,20012.706799122738,19,9,15,7
9442.160301416236,3479.35557699184,0.0004530632995904488,-2.2050283384040332,-6.961516516718971,0.0010001659393310547,5,15679,42236.565059988454,3914.0,23911.63944378015,18,9,15,7
9424.41681371128,3522.4853193108465,0.00045314878058732276,-1.7966818033367549,-6.0402789336160625,0.0005071163177490234,5,17029,44352.93067118192,4320.0,25134.055071705283,18,9,14,7
14612.94960306705,5480.427523583511,0.0005958350494025813,-2.8797740338556665,-8.033421106141612,0.0010249614715576172,4,23282,69291.77810547533,6341.0,39646.7060979144,15,8,12,6
18076.821788537312,6654.018512416673,0.0006447549982883242,-4.373408388844326,-10.937712755112795,0.000997781753540039,4,24177,81441.93652738,6555.0,46699.99936531362,15,8,12,6
16546.143031162883,6205.335810637609,0.00059905777395802,-3.0910678579432407,-8.34129552328928,0.0009999275207519531,4,25842,78593.82452449999,7245.0,44993.88244053253,14,8,11,6
15667.179807134366,6049.480845510778,0.0005681389086416296,-1.9630091630087123,-5.863267038275209,0.0010187625885009766,4,28266,74485.76637612548,7928.0,42582.98318113934,14,8,11,6
38081.81226482797,13084.954260485387,0.0007535812847019268,-13.386712483111873,-24.16477267975011,0.0010089874267578125,4,32237,155987.63600815827,9734.0,89724.41041902854,12,8,9,6
54884.42353463652,18207.814051527508,0.0008325193105180665,-27.214395116597327,-44.20741408478251,0.001005411148071289,4,35013,224608.59363271896,10890.0,129156.50179450825,11,8,8,6
55102.02521964513,18316.101632077316,0.0007913911375993743,-24.24830113086527,-38.13825336046585,0.0010001659393310547,4,35963,215011.36548126544,11397.0,123423.34809542337,11,8,8,6
80879.98497615737,26324.428425499795,0.0009268668913149676,-46.323520413427886,-66.2227839842879,0.0,4,38679,295977.8476117451,13024.0,169677.65846848825,10,8,7,6
79446.0819757529,25813.331989493803,0.0008853069403660893,-42.621430299999595,-59.004914796831436,0.0009980201721191406,4,39614,290346.6655124007,13592.0,165681.02811384655,10,8,7,6
3958.0221727485414,990.8738137823174,0.00046109145611214025,-608.8851664026603,-745.0904619987497,0.0011191368103027344,4,508,13137.620909319896,157.0,5339.3245076419735,8,10,6,9
3664.8057177382348,1007.4453180319057,0.0003690148634553721,-914.308130359409,-1467.6063510107633,0.0010073184967041016,4,375,12758.576194962558,139.0,5418.790022109797,10,11,4,9
4078.1676658329707,1136.54387436217,0.00044608528176121476,-416.4812588421717,-686.643192571294,0.000997781753540039,4,640,16134.349270010482,204.0,7937.233328544913,9,10,4,8
5794.2991451897105,1610.4154212036121,0.0004804634226850054,-551.6186844770126,-850.0917109325727,0.0,4,751,20028.823353287753,243.0,9823.081029831199,10,10,4,8
4481.289313297385,1254.0728840780375,0.0004448290556680768,-342.4263488017051,-594.5975770941193,0.0009996891021728516,4,776,20408.35130415098,242.0,10075.96540436292,12,10,4,8
4690.887844371552,1312.7465776284564,0.000478774341528686,-287.930509085672,-529.0731062984272,0.0011658668518066406,4,926,23262.990455060994,264.0,11438.034945421648,10,10,6,8
4223.658146223176,1194.6169602242655,0.0004231993273586575,-278.837835966963,-499.7968318635452,0.0020551681518554688,4,794,20070.958832106364,233.0,10023.497171551186,14,10,4,8
6039.893939006052,1685.8202828471838,0.0004796589582839871,-275.7361344485964,-450.5976725810329,0.0015230178833007812,4,1114,26889.66498885119,306.0,13169.562735779298,12,10,7,8
7020.562404757361,1930.1225966309821,0.0005057742330244974,-108.86416383729336,-186.42939153376275,0.0010073184967041016,4,1913,34277.78102946124,405.0,16289.45991411135,21,10,18,8
7600.252027322389,2109.8035708715347,0.0004955439018530877,-57.54999779246125,-104.5120415760845,0.0015048980712890625,4,2848,38431.594341370874,613.0,18432.30767929877,27,10,25,8
5455.529080636138,1593.7189790508746,0.00021113633073017491,-4.5690290336037425,-9.578562557240843,0.0025136470794677734,11,6481,27181.091229952533,1407.0,11143.070078967092,24,16,22,13
6117.579597030391,2047.577561096896,0.00026585720943784666,-2.470036711176129,-6.978901981670399,0.0015227794647216797,8,9478,29466.427618970236,2199.0,13781.84701304792,22,13,19,10
6532.909386407752,2330.8203153546865,0.0003398837173694151,-2.5310053382871938,-8.179576687219342,0.001003265380859375,7,10042,31514.372469727077,2344.0,17546.96974540064,21,11,19,9
6678.616469227864,2381.1820570645373,0.00037512940695214964,-1.7884597282352472,-5.971899551040971,0.0010006427764892578,6,11999,32013.631625053218,2830.0,17690.749407895695,21,10,16,8
10840.041472112363,3995.082495028731,0.0005780421666882155,-2.6962673398907326,-8.10288947525819,0.0009999275207519531,4,17291,49885.3360440085,4291.0,28516.00570651391,17,8,13,6
9121.172637708733,3383.287843897423,0.0005346818562061435,-1.4979527414170342,-5.252380762986327,0.0010242462158203125,4,17603,42021.19341479671,4397.0,23968.762967335337,18,8,14,6
8465.237243192661,3066.7941380677826,0.00048421364215164435,-0.9077357670796884,-3.4167589976863963,0.0,4,18499,37200.67241753919,4747.0,19797.368297279012,17,8,14,6
10484.793874473275,3940.61928651842,0.0005571141059512514,-1.7121628271993017,-5.773791083760211,0.0010063648223876953,4,19382,47545.45221805106,4941.0,27162.148768077546,17,8,14,6
12078.156978796122,4669.652093004813,0.000549778897648416,-1.5001061014745294,-5.235824987785843,0.0015134811401367188,4,23430,56741.96667948054,6354.0,32389.923952355355,15,8,12,6
38484.228630369806,13269.170231991498,0.0007492659905051115,-14.207320710923753,-25.35034262572977,0.0010008811950683594,4,30435,147851.42752494622,8903.0,85048.20468931727,12,8,10,6
51225.703264840275,17053.15278351345,0.0007457099253637114,-20.511765066038006,-32.37377218078857,0.0010101795196533203,4,37033,207172.366942305,11803.0,118659.25049840531,11,8,8,6
3348.381595696217,845.1410011121078,0.00042073306905304997,-1023.5524334878935,-1379.6043842986664,0.0010006427764892578,4,303,10132.618184962144,118.0,3544.725569398317,6,11,4,10
4344.457792282867,1123.4688200754247,0.00045500843236409366,-1111.2497203649975,-1282.601464745627,0.0,4,378,11353.763404745543,129.0,4878.689513689134,8,11,3,9
3354.1653461638894,881.7588578438282,0.000400162614397731,-949.9065263829309,-1600.8500171645837,0.0015060901641845703,4,338,11485.39528901518,135.0,4172.698159138787,8,11,4,9
4015.7153113792006,1018.9789626743084,0.00044344448064944324,-914.8189747445289,-1213.007974155049,0.0009992122650146484,4,403,13186.52450075187,141.0,5642.366736495354,8,11,4,9
3573.8220358172975,915.8680086782566,0.0003906304868445211,-646.163301713411,-913.7476245635366,0.0010001659393310547,4,479,14718.98169361888,162.0,6341.481718379411,8,11,5,9
4283.542945865416,1193.6639324017985,0.0004242915710107782,-445.4057941177587,-767.6889888037632,0.001007080078125,4,617,15539.156515948967,196.0,6845.919455005842,9,10,4,8
3682.985204906764,1037.1476686081796,0.000449880631814128,-455.8615521262108,-753.0447860352065,0.0015096664428710938,4,608,17764.572195540684,193.0,8885.851736048342,10,10,3,8
4250.372500140378,1069.5509456070242,0.0003580511318673197,-479.82497761362237,-656.5184889467515,0.0015034675598144531,4,612,18176.828539748578,176.0,7697.274703664789,11,11,4,9
5681.2655052869895,1593.4132814153234,0.0004547528471773167,-329.5743519545168,-537.7504602778401,0.0019974708557128906,4,963,24235.01890883045,253.0,11982.641349005033,12,10,4,8
5151.370593835001,1459.1639108563347,0.00040813066506864017,-241.47708643033485,-439.74695644867353,0.002513408660888672,4,992,22695.016815842293,242.0,11282.877347174668,17,10,4,8
5580.038274638637,1585.3114368336512,0.00040148875523293037,-127.27869890162034,-230.45974263430512,0.0009999275207519531,4,1421,27927.38668244009,326.0,13952.455300148984,24,10,17,8
8128.3957050617255,2266.7727652197937,0.0004521070076153743,-41.60580679416255,-71.77901421247567,0.0019969940185546875,4,3542,39254.39131778473,793.0,18839.237660590094,27,10,23,8
4892.489580086116,1362.970243713787,0.00016195174611889675,-5.702672653107799,-11.527347286032871,0.0009992122650146484,15,5236,24228.971407519108,1179.0,8698.734222172394,25,20,22,17
5948.446935323635,2051.0358258421556,0.000289407055065388,-3.047855556091484,-8.888152985116156,0.0010488033294677734,8,8466,28400.057075939047,1919.0,14499.825930671868,22,12,19,10
6265.259908731335,2092.1617616313533,0.0002840348516298639,-3.1007423700995584,-8.271496732578198,0.001004934310913086,8,8834,28929.361300111996,1990.0,13733.310195940794,24,13,21,10
6750.840810840253,2399.9822307721174,0.00034062563160882465,-2.879058516767407,-9.084182405973221,0.0010094642639160156,7,9725,30751.662456601836,2247.0,17118.444530533634,22,11,18,9
6591.663036514098,1925.3702482754102,0.00022928269790871935,-2.2643925941100638,-4.639743465540839,0.0011420249938964844,8,10579,32290.82203802342,2475.0,12722.426996889733,22,13,19,10
7385.397827404842,2647.51642942198,0.00038350320975708674,-2.588008713623955,-8.040651389372165,0.0010073184967041016,6,11359,34004.06774831609,2704.0,19086.267780068694,20,10,16,8
9100.641795843401,3329.4982721395277,0.0004702729656658111,-2.3757249245461933,-7.574028891163449,0.0009992122650146484,5,14939,42881.71162650974,3596.0,24318.07409852647,18,9,14,7
9842.358561597395,3673.1336856156377,0.0005528119828439405,-1.6769506068957867,-5.635753126765949,0.001239776611328125,4,18141,43377.560238297476,4682.0,24768.589963489634,17,8,14,6
14693.550519151897,5489.52474795033,0.0006135407608895203,-3.2177655044005826,-8.79990591395034,0.001001596450805664,4,22016,66006.64670846598,5849.0,37805.05959080826,15,8,12,6
16307.671968309567,6078.657572246953,0.0006180281449390415,-3.470166521012855,-9.240407686637777,0.0010204315185546875,4,23381,71831.57047598458,6345.0,41122.85116922164,15,8,12,6
17714.81383821791,6577.09864101282,0.0006300366209644593,-3.964116533774142,-10.192181050064027,0.0010063648223876953,4,24455,78192.37498290524,6550.0,44847.61975319838,15,8,12,6
23844.079089166156,8550.017400663444,0.0006659778503434507,-6.916589002692664,-14.857832446236122,0.0,4,26432,101859.45981504802,7360.0,58488.6858077207,14,8,11,6
28965.474233526944,10219.910203073177,0.0006905162511389197,-8.540803026749321,-17.244377645262475,0.0014081001281738281,4,30111,124373.1538257855,8755.0,71416.73386141154,13,8,10,6
25390.401325274714,9149.548593727266,0.0006214200346961406,-5.692341217232323,-11.918395636940202,0.0010094642639160156,4,30659,109580.92407747146,9024.0,62757.42821152159,13,8,10,6
27887.094874195776,9906.341568393038,0.0006287010553307532,-6.469475463707618,-12.546981927108112,0.0009996891021728516,4,32527,120444.37167503472,9814.0,68945.04548818624,12,8,9,6
48943.3828994883,16456.84342905945,0.0008162798602875784,-21.008605294091005,-35.16023101907672,0.0,4,34343,195497.95112570957,10566.0,112527.55261876306,12,8,9,6
53280.284654861964,17786.31947875777,0.0007930919509966107,-23.085946252472905,-37.10273212148616,0.0,4,35364,207226.6211813859,11052.0,119074.89916058339,11,8,8,6
66812.56090176004,22028.37616306158,0.0008608015784988097,-33.929246432037985,-50.171953629691096,0.0010044574737548828,4,35702,239229.4437322746,11466.0,137543.95487116842,11,8,8,6
4090.8829865780494,1155.0008562341536,0.0005025657340479194,-518.5258424145375,-867.4326089026549,0.0010006427764892578,4,540,13317.795483976597,192.0,6549.937231163032,9,10,4,8
3994.845257447949,1125.020590618203,0.00042449397563943677,-284.08238239231724,-516.55096801317,0.0020132064819335938,4,788,19791.673618812427,216.0,9840.47819177017,11,10,4,8
4942.67127640599,1381.7578899686994,0.0004684333891318037,-285.0548272570768,-514.3619528304511,0.001016855239868164,4,915,24208.622639108526,262.0,11904.185304824136,11,10,4,8
6590.986911380213,1834.3505508766639,0.00045674632240482734,-104.58288840992452,-179.06388372370276,0.0009989738464355469,4,1780,33131.839263379574,397.0,16051.433598437958,22,10,14,8
7514.280892310105,2090.529494310663,0.00048604795886605153,-69.57019517463769,-125.61905888505909,0.0015137195587158203,4,2531,37446.8281987006,543.0,18045.43085323296,24,10,20,8
8359.900604756058,2289.8926447431145,0.0004760401277593138,-39.71084561509259,-66.72095524967845,0.0025103092193603516,4,3678,38589.629047649665,793.0,18029.161515116357,28,10,20,8
4547.901884610821,1249.3009219068856,0.00013984675092369335,-7.090062151630299,-14.92792790835739,0.0015060901641845703,18,4478,22398.437736970827,1011.0,7967.757749066244,25,23,20,22
4574.958234558439,1272.4271059361517,0.0001727619086231758,-4.809110351828801,-9.90739919563559,0.0020291805267333984,14,5485,25378.285736542137,1189.0,9264.149973124548,25,19,20,16
4724.927243319313,1278.9402844186434,0.00015247620222052399,-4.448187783125835,-8.421763842484454,0.0010001659393310547,14,5828,26396.95993012559,1283.0,9696.564704850782,25,19,19,18
5270.275722400529,1797.6172349211517,0.0002489782774790331,-3.784150269111132,-11.202917079334233,0.0010001659393310547,10,6790,26083.7510380934,1498.0,13056.116284832195,23,14,22,12
5672.255082101308,1945.2515621081996,0.00029662841061920455,-2.9572687982555763,-8.855224855661044,0.0009975433349609375,8,8309,28346.33031129575,1890.0,14386.397935089262,22,12,18,10
6146.577084258181,2188.886901884362,0.00033905903126111637,-2.482837653791326,-8.330919760809568,0.0009996891021728516,7,9596,30948.457799600208,2220.0,17214.744733491243,20,11,19,9
7011.332450109572,2544.4800510854493,0.0003647587553930218,-1.6371403373659992,-5.724814731443315,0.0009999275207519531,6,12822,33309.880879167154,3054.0,18659.540401874052,20,10,17,8
8358.911477243115,3013.516620132672,0.000558370879013068,-2.0484185425244874,-6.660179571563884,0.0010073184967041016,4,14481,38344.98632369606,3511.0,21864.596877926662,18,8,15,6
11611.993208837359,4286.803163757649,0.0006118943775603015,-2.9281290379366163,-8.658212955258735,0.0009989738464355469,4,18382,54979.39538046591,4673.0,31469.862355305275,17,8,13,6
18193.159666938052,6681.275972614875,0.0006428111281424356,-4.54225404369349,-11.333157079557978,0.0009989738464355469,4,24250,82391.11894556847,6686.0,47250.92103288075,14,8,11,6
23500.805634595177,8528.185256355633,0.0006639308421251787,-5.9638942768045835,-13.124049663698617,0.0,4,27498,99403.10701722174,7862.0,57083.15066107796,14,8,11,6
18864.339182493928,7109.166432063249,0.0005743324891609653,-3.1043275214882495,-7.712537722623516,0.0009999275207519531,4,28390,82905.24335374824,8230.0,47394.841274407256,14,8,11,6
49828.36638093076,16779.923273387685,0.0007948102254918585,-20.164797066048692,-32.560689771549775,0.00099945068359375,4,34179,187585.9095680665,10654.0,107868.50222962518,11,8,9,6
70880.8082893736,23263.385812339697,0.0008855221226895089,-38.42453004078571,-57.771055648765255,0.0,4,37065,264714.4287898084,12142.0,152116.2508815435,11,8,8,6
76567.16450389884,24910.35561883542,0.0009229855467867609,-44.36304568235258,-64.07837268218492,0.0010001659393310547,4,38881,296665.6931118972,13091.0,169945.60965201014,10,8,7,6
64987.65217704104,21198.2988322178,0.0007792858313302266,-28.989313260082348,-40.703738800702894,0.0009987354278564453,4,40032,251835.92952359817,13919.0,143146.85344591603,10,8,7,6
4352.561065176089,1118.7401176649335,0.00048816287127950253,-791.2181071666646,-971.8397218681254,0.0020096302032470703,4,455,11839.399655292335,154.0,4503.66272942533,7,10,5,9
3951.026109173232,997.2217398688562,0.0004485997831427687,-734.2007943597116,-1037.9993084652797,0.0010194778442382812,4,458,12602.023970060469,166.0,5268.997724633962,8,11,3,9
4505.064994311562,1133.7647041975638,0.0004478510651336787,-788.1919670336326,-992.901761434314,0.0005047321319580078,4,495,14161.240620088682,151.0,5657.886280860919,9,10,5,9
3958.330395887596,995.6567775435453,0.0003836287655506668,-626.6075707627635,-884.44042173588,0.0019998550415039062,4,513,16531.854846797625,158.0,7007.271946583143,8,11,3,9
4713.7638380940025,1333.563286304468,0.00041794957966160185,-229.41796547238832,-393.9188295433112,0.0009996891021728516,4,969,22646.98647473286,234.0,11293.079263461506,14,10,5,8
6655.991505388527,1853.4048326245077,0.0004910485668769108,-133.17859200461837,-236.5724539193771,0.0020003318786621094,4,1617,33272.525991183145,354.0,16148.800860862204,22,10,17,8
7710.602110195567,2124.2034228126345,0.0004901058846181413,-83.00939544946057,-142.7817326964225,0.0010001659393310547,4,2365,35712.54172486979,498.0,16965.029962850924,24,10,20,8
8922.124638584812,2441.1051861652754,0.0004915459201167181,-38.97797592296489,-65.18464159030358,0.0021288394927978516,4,3909,39480.83857297233,839.0,18333.998835771337,26,10,20,8
4093.594576999504,1158.1776758843962,0.00011952984245016695,-4.790572545640243,-11.141313063691655,0.001142740249633789,19,5002,22211.31470596701,1097.0,8143.632108617319,26,24,24,23
4835.608820538248,1315.9020948928962,0.00015428609130734114,-5.24872018513469,-9.99215358934532,0.0014874935150146484,15,5424,25295.041525126057,1230.0,9096.310465778555,27,20,23,19
5784.310374147106,1947.8835384314468,0.0002786790690740053,-2.6509639266462526,-7.6979315270164985,0.0005056858062744141,8,8858,28901.752510839513,2007.0,13920.950925811521,23,13,19,10
6567.400648097481,2282.2116636808223,0.00028599206167135975,-1.5491567258186092,-4.9534182253219,0.0009989738464355469,7,12045,31694.731326448607,2824.0,15254.468938408252,20,12,17,9
7452.6122872458745,2686.0517887241117,0.00046457187420514344,-2.0496832210429146,-6.71203131209557,0.0010075569152832031,5,12878,35629.36331835071,3137.0,20168.134507899827,19,9,16,7
8822.318917118137,3200.539311733536,0.0004748468346554166,-2.628184013717842,-8.124578739194815,0.002000093460083008,5,13782,40260.21792085216,3295.0,22817.306698729095,19,9,16,7
7149.463297490077,2515.3446548287197,0.00032156172773879554,-1.2645668946095734,-4.194913214068572,0.002006053924560547,6,14136,33592.951509508726,3429.0,16757.580622044632,20,11,16,8
9940.001485192657,3686.344100182419,0.0004724737595103063,-2.3007771055776307,-7.295208058898833,0.0010039806365966797,5,16723,46446.42464528852,4169.0,26343.058369993203,18,9,15,7
7796.130577087998,2713.3907087397374,0.00036386010225942725,-0.7972979143609109,-2.915427635505557,0.0010058879852294922,5,17734,36744.65723522394,4433.0,16688.98777357214,19,10,15,7
10576.860141391775,3977.7462888866216,0.0005722375020494095,-1.8279083672919474,-6.069434367004987,0.0015234947204589844,4,19670,50660.810036571565,5069.0,28945.751737616316,17,8,13,6
34829.814580326565,12118.091089060528,0.0007059386077977295,-10.644593438696505,-19.552877442706436,0.0009999275207519531,4,32100,140065.00550480006,9696.0,80439.24870106514,12,8,9,6
49804.45974274691,16680.032128108884,0.000733032996681215,-18.629994640146325,-29.388032388603524,0.0015113353729248047,4,36482,193691.61783307642,11762.0,110981.1930373233,11,8,8,6
107681.38418118014,34745.04315079176,0.0011029605161011007,-75.22731287007242,-102.50750744552579,0.0009844303131103516,4,39986,370324.4057781506,13662.0,211758.0966734619,9,8,7,6
3745.8044582666644,989.8381786780808,0.00048383371985297484,-897.7458692084083,-1169.7832855885135,0.00099945068359375,4,360,10159.14774866094,121.0,4412.208020090095,7,11,4,9
3911.798427422711,987.9278599773568,0.00048712812792468243,-650.0407013456175,-863.7488675222868,0.0010077953338623047,4,441,10951.292599181332,146.0,4539.67625353107,9,11,4,9
3681.962043423737,974.7207220647201,0.0004311126234647596,-838.2402906607713,-1140.7134496813583,0.0009999275207519531,4,386,11665.871517891563,141.0,5108.840249942023,7,11,3,9
4180.369710987889,1067.567152388707,0.00048728789725538895,-744.136580726774,-909.857333851735,0.0010006427764892578,4,469,12412.580178765118,157.0,4772.862348479699,8,10,5,9
4130.156312482013,1039.0624055316514,0.0004590969107433058,-696.757017994446,-986.0236484869466,0.001004934310913086,4,479,13081.899298739423,163.0,5257.34917097845,7,10,3,9
4520.8236055403995,1177.667019689938,0.0003692402279726867,-1375.74568599989,-1718.962474305845,0.0010001659393310547,4,362,13080.570068996343,122.0,4594.4961035930155,8,11,3,9
4295.04004036744,1219.9375073999843,0.00047351525758040984,-480.2121276183289,-803.866174040014,0.0009992122650146484,4,591,13701.657879688022,194.0,6726.580806467751,10,10,3,8
4445.899092394453,1239.5347344747686,0.0004935039328327458,-499.08634094254285,-796.1876641142002,0.0010046958923339844,4,623,15372.343764690235,190.0,7569.126998149026,10,10,3,8
3891.259000843043,1095.5342835548593,0.00046654087466459275,-379.33968487071667,-704.5483676431176,0.0019991397857666016,4,680,19145.45853883313,214.0,9549.976008642388,12,10,4,8
5938.121968866733,1648.5384537864327,0.0004800305429014775,-160.31878772705815,-275.12440638039203,0.0009984970092773438,4,1370,29545.46350309678,353.0,14291.433786041365,13,10,8,8
5965.642876010534,1682.6549228681095,0.00043288654407038814,-152.82140684370526,-278.31507915085444,0.0010271072387695312,4,1337,29213.009079829688,296.0,14496.672169110665,19,10,5,8
6111.179517075276,1718.9534943076615,0.000421677241142162,-117.98698762388912,-210.92099460391125,0.0009963512420654297,4,1648,30620.63073013683,360.0,15050.500546964278,21,10,15,8
7264.543798280472,2016.219149949263,0.0004792955604305128,-101.87346533118556,-175.63169022368385,0.0020089149475097656,4,2042,33744.385753322254,435.0,16247.451217811416,23,10,18,8
6981.851919738246,1964.3634770854844,0.0004474319991737359,-77.56743926829081,-143.81703989835518,0.0009989738464355469,4,2208,35046.26710760948,469.0,17235.242507879302,24,10,22,8
7384.2768835166335,2056.349371408364,0.0004795137664228694,-68.52922005178873,-122.30516124038591,0.0009999275207519531,4,2468,37220.358085735454,540.0,17991.822510345613,27,10,22,8
7488.848684716254,2025.7747343679694,0.0005174766471479122,-37.67120152720554,-62.602301535960564,0.0019979476928710938,4,3462,36807.31961943215,732.0,16747.226463481187,27,10,21,8
7760.4752962352795,2088.0269453006526,0.000514082980923688,-33.70175292399216,-54.201329539674745,0.002001523971557617,4,3740,36840.11539449598,797.0,16576.97260067884,25,10,17,8
3926.0118004596766,1114.8514642229416,0.00012331188284116066,-5.415182754002572,-13.843027031723713,0.001051187515258789,21,4699,20439.96208988808,1025.0,7176.759012631963,25,26,22,25
5447.908384803958,1516.227818629941,0.0001891708631270849,-5.186741760529165,-9.62470460035468,0.0009999275207519531,12,6094,26861.619270458505,1374.0,10012.22244752712,24,17,20,14
5083.50698737794,1533.1023268889912,0.00022799398056210754,-3.208435782168209,-7.465802849612473,0.0020110607147216797,10,7354,27936.565168444686,1673.0,11944.458145423176,24,15,21,12
5399.7605734957515,1839.9083137147481,0.00028704275006265586,-2.662373035422333,-8.060278985205267,0.0009968280792236328,8,8283,28275.11905898391,1888.0,13814.613033860158,22,13,20,10
6633.495058184094,1846.8280290839796,0.0002458085820875198,-3.714974942427043,-6.483215635634551,0.0009996891021728516,8,8795,31508.744175089018,2014.0,11916.155359438966,23,13,19,10
5749.28395504143,2040.1298768025204,0.00029527318631441775,-2.105504288445894,-7.124989059394656,0.0009996891021728516,8,9646,29366.156485351443,2200.0,16050.73697788232,22,12,19,10
7061.058791912617,1942.8637661420178,0.00023883901640826027,-3.1594268289847136,-5.306743261464143,0.0020062923431396484,8,10042,33098.87688983471,2302.0,11881.726101542215,23,13,18,10
6708.463857013495,2412.887461531721,0.0003279480074800011,-2.1939070545893036,-7.328304373368722,0.001377105712890625,7,10925,32296.670276901677,2525.0,17952.184542545372,21,11,18,9
8991.003837571821,3240.4925588948627,0.00048350577671828405,-3.0998975482461333,-9.073877679906582,0.0015063285827636719,5,12976,39136.534953766175,3057.0,22203.66612648886,19,9,17,7
9207.687616095607,3454.078855035509,0.0005547407074568349,-1.442015327389357,-5.17015022859439,0.001016378402709961,4,18175,42536.27276908437,4608.0,24294.568975789567,17,8,15,6
11100.69853809536,4148.210857987812,0.0005859619935150699,-2.142008696181958,-6.588551413527293,0.0,4,18666,48648.4771655345,4816.0,27817.461991440534,16,8,13,6
10733.180734438245,4031.3284879723446,0.0005726548252088307,-1.8432381622566285,-6.039303786290737,0.0010001659393310547,4,19672,50108.8069119718,5050.0,28654.02349820816,17,8,13,6
15474.681131186873,5748.240891908482,0.00063432848974882,-3.592095148432332,-9.703423632784817,0.0009996891021728516,4,22012,68423.33376096419,5816.0,39235.17311299655,15,8,12,6
15748.83714673678,5870.21481869075,0.0006471763024735776,-3.4650460858781065,-9.394460679535813,0.001027822494506836,4,22915,70697.27302794725,6052.0,40548.97954316405,15,8,12,6
18743.723515578506,6919.576452919697,0.0006453268204178373,-4.199342489223019,-10.288816772218953,0.0005054473876953125,4,25998,85345.7802182177,7164.0,48944.73906403413,14,8,11,6
22918.786275386505,8204.326994484436,0.0006953101202760412,-6.659886859640871,-14.579383662310724,0.0,4,26816,104268.08216513252,7560.0,59916.905423155345,14,8,11,6
27090.617480459725,9622.917551100056,0.0006903179204051746,-8.273982650987362,-16.95229616477921,0.0010004043579101562,4,27550,112098.09181763536,7889.0,64403.354684991355,13,8,10,6
33918.70475102682,11839.777328752756,0.00070357362995607,-10.672202992822632,-20.003551516549138,0.0,4,30906,136146.05416831284,9384.0,78183.63063213779,12,8,10,6
49224.94308184567,16568.95969110005,0.0008098641904461412,-21.929910376329026,-35.98357251542015,0.0009891986846923828,4,32533,186466.74063514033,9866.0,107326.30428114813,12,8,9,6
52690.3492020335,17541.761716762503,0.0007155335153797515,-18.977021569303375,-28.7488149052681,0.0010526180267333984,4,37858,201795.84766770116,12572.0,115267.200750119,11,8,8,6
83711.331847798,27234.199985443058,0.0009201179209855616,-47.724355811193384,-67.29200322816997,0.0010082721710205078,4,38937,299027.63789768494,12982.0,171229.38857851177,10,8,7,6
3827.7410795751416,1021.1347217639864,0.0004346673356451752,-922.4582327732912,-1364.5379869395076,0.0009999275207519531,4,382,11639.796777844293,121.0,5124.484688084787,9,11,4,9
4010.0191020819475,1032.5325523553954,0.0004798957307558727,-639.1575330153775,-908.46634029412,0.0010046958923339844,4,490,12893.328520260124,168.0,4913.948282704956,7,10,4,9
3951.4602574861838,995.4019238824696,0.0004406772048513007,-590.6248302541798,-814.8715066204052,0.001001119613647461,4,507,13608.430036574937,160.0,5450.821012244007,9,10,5,9
4764.338396289341,1201.8453921575397,0.0004432683736161919,-725.2743709834864,-928.1327914864165,0.000997304916381836,4,535,14677.060614006485,184.0,5847.066951046954,9,10,4,9
3960.0694402124377,1101.5464527643637,0.00046504154840053274,-427.84138743313696,-742.8860630713814,0.0023910999298095703,4,634,15890.838586239857,217.0,7804.407282196764,9,10,4,8
5461.078636211765,1520.6068515777736,0.0004685080012512915,-323.631560309083,-538.6090925844334,0.002019643783569336,4,957,24514.40317228399,278.0,11988.851358937227,13,10,4,8
6548.654392303698,1820.3997033668902,0.0004960632528038151,-212.56710808265234,-343.0615333230234,0.0010216236114501953,4,1286,29817.59539452524,337.0,14521.025629063915,16,10,8,8
5718.941850132104,1616.975692893999,0.0004266423553251916,-110.94888238247226,-196.78214399561625,0.0015048980712890625,4,1583,28841.132333485235,347.0,14250.842296105744,19,10,18,8
6904.7565371651,1945.2205771735576,0.00045770266731033675,-116.23301705505126,-204.1195662207304,0.002000093460083008,4,1788,34467.94676599559,381.0,17017.36108507018,25,10,22,8
8043.328093651867,2233.4124783747234,0.000509175046131708,-56.87657975420542,-98.7655136540807,0.0019805431365966797,4,3026,38637.976037517554,667.0,18465.277531397405,27,10,21,8
7534.245803954229,2061.9565053012175,0.0005100227451396254,-40.15801289812626,-67.46172249974998,0.001001119613647461,4,3327,37957.31194480342,726.0,17662.035356957727,26,10,19,8
8206.354419978603,2298.0867098163126,0.0004599245273865344,-39.802709549033764,-74.68459200055588,0.0009961128234863281,4,3655,39868.440678058694,772.0,19249.677227080836,29,10,22,8
4842.277007938685,1356.5962751343607,0.00017273311216739443,-4.04731198043542,-8.337189305855238,0.0009999275207519531,13,6115,26284.855588511557,1398.0,9638.890205101625,23,18,21,15
5915.140867016906,1880.046743770103,0.00025278126202565144,-3.53869008535448,-8.579683324099646,0.0010123252868652344,9,7814,28134.140861667052,1779.0,12724.229251615918,23,14,20,11
6553.93187175442,1774.3695218800287,0.0002036033095296476,-3.7493670333405262,-6.317579843924685,0.0,9,8810,32782.30102850783,2066.0,12669.505112577412,24,14,20,13
6637.8474640822,2355.2695612410257,0.00040444866866145304,-3.048476631682507,-9.509919848371458,0.00099945068359375,6,9789,32353.81081571746,2285.0,18164.92284953696,20,10,18,8
6954.771882239411,2484.7256599159787,0.00037713034281484546,-2.195599630005166,-7.084205587965,0.0010178089141845703,6,11308,31506.07994189512,2631.0,17650.703870943864,21,10,17,8
7443.488470832578,2693.3945555478745,0.0003945212203532986,-2.2864794836838533,-7.532288067739449,0.0009999275207519531,6,12474,36372.42417632139,2887.0,20439.76436468721,20,10,17,8
9687.891563858959,3527.53379463262,0.0004904836137287711,-2.951149209713203,-8.712170875708974,0.0005087852478027344,5,14447,43474.11260961532,3457.0,24679.574325216163,18,9,14,7
9721.566857897476,3555.1259751866196,0.0004903640597740197,-2.6264815613766834,-8.130678386931482,0.0,5,15254,44877.37893668255,3650.0,25481.7039862027,19,9,16,7
9582.255583055394,3552.868237418442,0.00045931866278466304,-2.008712154644949,-6.475955042938564,0.0010306835174560547,5,16366,43348.17613515149,4044.0,24563.489784113306,18,9,14,7
9307.266030033754,3523.324334955813,0.0005260855106387286,-1.2023648232200297,-4.541127075382731,0.0010211467742919922,4,19557,44620.62427010256,5066.0,25433.268798877252,17,8,13,6
13469.890398818847,5145.638708246791,0.0005839500803389981,-2.1177574373469987,-6.473619464503731,0.0010001659393310547,4,23543,62680.70330339098,6424.0,35857.52574165148,15,8,12,6
27042.201945953104,9627.075679195726,0.0007157241279750643,-8.493095264640848,-17.792755353197457,0.0010035037994384766,4,26973,110531.62927031261,7522.0,63544.61944988911,13,8,11,6
23395.214650890168,8438.644264977735,0.0006755341034924253,-6.070183259176546,-13.395161108465139,0.0010082721710205078,4,27929,103407.2358471351,7864.0,59336.90925865984,13,8,10,6
55473.55921651157,18345.114623161477,0.0007793339622988394,-24.64747967293013,-38.27981463231204,0.0009992122650146484,4,36742,223631.91620208955,12084.0,128098.54828526004,11,8,8,6
84480.21644659064,27532.115659352392,0.0009264702132049464,-49.573887233090325,-70.1867303324593,0.0009891986846923828,4,37794,294202.9000525002,12417.0,168855.5214511836,10,8,8,6
77524.60637525546,25268.018701896355,0.0008725310925910917,-40.89672999524366,-57.691368336762814,0.0015063285827636719,4,39018,280072.06268134026,13153.0,160198.17957475758,10,8,7,6
3362.38115291312,871.5061030333426,0.0004018346494669885,-955.6647116686833,-1362.3989271392404,0.0,4,342,11022.112310450426,121.0,3794.0380416439866,7,11,3,9
4375.533670561602,1128.874420763231,0.00048027902237069727,-743.9314691926484,-1066.103674618638,0.0009999275207519531,4,485,12900.013670023414,151.0,4918.455287796693,8,10,3,9
3897.164880016373,1084.7515087422728,0.00048189585423234787,-555.215370866803,-947.2966643253446,0.0010004043579101562,4,514,13013.799395442913,160.0,5743.122652146854,9,10,5,8
4940.664989212398,1376.981797780686,0.0004701263725719767,-486.9675118183081,-780.9640699555491,0.0015094280242919922,4,690,18335.55726720485,226.0,9023.640176537934,9,10,4,8
4723.266472884848,1321.5454284613913,0.0004750498514495092,-438.32495578869685,-699.5525295416478,0.0010085105895996094,4,730,20157.272076817542,218.0,9985.233292437319,9,10,5,8
5889.834381477308,1640.9112421663337,0.0005046471149373738,-439.0266733764196,-739.8395664270965,0.0010001659393310547,4,859,23308.92328374731,256.0,11429.236791680545,11,10,4,8
5521.769910820332,1540.2174648440127,0.00047604029725036815,-228.63282229502258,-387.472394219482,0.0010073184967041016,4,1137,26810.362591788362,288.0,13123.696130925353,14,10,4,8
5833.273177163988,1661.1196419789017,0.00040744521717781814,-103.48320324175268,-190.19726241848602,0.0012133121490478516,4,1543,29138.534632274583,332.0,14609.504738730975,22,10,19,8
7487.9690589598895,2002.8536782060435,0.0005328632450979136,-43.8250824701503,-69.54812300705984,0.002007007598876953,4,3168,35147.3682795894,691.0,15744.586038601781,26,10,18,8
4212.550332359636,1176.36329237815,0.0001263563455371351,-5.642664206878663,-12.313283223954969,0.0010001659393310547,18,4734,22420.86469402646,1043.0,8330.271908870436,27,23,22,22
5396.971195072965,1568.111223890953,0.0002076295769729202,-4.761902988109851,-10.038495487585285,0.0009684562683105469,11,6179,26676.198607262355,1381.0,10839.542844884669,24,16,21,13
5408.135699027019,1623.23554130497,0.00020981733443688658,-4.005020298481625,-8.799003690813489,0.0010006427764892578,11,6691,26898.786372489994,1460.0,11303.274669910494,25,16,21,13
5858.104381977572,1737.9560093151847,0.00023428199517617888,-4.15937493685835,-8.718018621131453,0.0010008811950683594,10,7359,28066.039801008497,1641.0,11695.720346090204,24,15,20,12
8519.845470305232,3059.2470526703814,0.0004794388061160933,-2.9005720101649493,-8.730803899619515,0.0009989738464355469,5,12658,37487.61520392778,3032.0,21235.63881889217,19,9,16,7
7245.328780000156,2639.368816309933,0.0004570083851414027,-1.6219825768710807,-5.811216022464142,0.0014925003051757812,5,13912,36432.55636317704,3345.0,20627.430747442035,19,9,15,7
7411.838934867848,2613.2440996432515,0.00031358719826822594,-0.9105013471553314,-3.4403688983148015,0.0,6,15983,34753.67067051025,3958.0,16593.01496456103,19,11,15,8
8623.015302823615,3210.723787308458,0.0005552184059760229,-1.3103464773918727,-4.82317498380098,0.0010192394256591797,4,17699,40683.4185858868,4416.0,23206.718689873844,17,8,15,6
10189.377555212564,3815.045909706828,0.000564834393051412,-1.7452733796293405,-5.881003249360088,0.0,4,18445,44980.541467844094,4581.0,25685.410099316025,17,8,13,6
11234.79741156165,4205.847691591316,0.0005593780204123154,-2.174483672777359,-6.829987437723121,0.0010192394256591797,4,19060,50318.6975283402,4801.0,28746.014632153965,16,8,13,6
20067.740345895316,7311.915401885431,0.0006525651131677944,-5.438978407714453,-12.848346653644636,0.0009999275207519531,4,24371,86719.8720575024,6745.0,49758.38677958722,15,8,11,6
14567.80669608898,5546.951000991811,0.0005814101656262128,-2.305152095281084,-6.944593407362687,0.000997781753540039,4,25602,71408.3512005693,6925.0,40839.03952696409,14,8,11,6
21455.36990661047,7797.239621447735,0.0006516843346574021,-5.293675096798872,-12.137167395586372,0.0010173320770263672,4,27102,96497.03377007994,7584.0,55351.40175744376,14,8,10,6
39708.461933976105,13629.430610066787,0.0007806280960407532,-15.563845798058818,-27.409209297424695,0.0009989738464355469,4,30129,151251.11820505754,8890.0,87075.06450003406,12,8,9,6
67401.17109164262,22031.155762595394,0.0008746696520439803,-36.799123595648744,-54.90706081738404,0.0010080337524414062,4,37693,269841.2666683024,12581.0,154703.2915197056,10,8,8,6
3253.1187241417974,858.0759965865038,0.0004674264365614255,-793.1627166158645,-1059.5207867883462,0.0015065670013427734,4,367,10113.262423690938,131.0,4371.502480038391,7,11,4,9
3504.434574942093,930.3165089595401,0.00046052371000737853,-1020.80857608371,-1573.4840124913358,0.0,4,340,10611.470212419565,128.0,4620.4936262385345,7,11,3,9
3790.7572808009013,990.7955829506343,0.0004582197000334577,-922.6366964275396,-1397.867006814501,0.0010001659393310547,4,386,11295.163357248433,128.0,4892.823207599444,7,11,3,9
3756.11185936837,942.7551486856275,0.00047654883390411756,-772.5109771707508,-1019.002851383116,0.001506805419921875,4,434,12023.483730694365,148.0,4904.668757823563,7,10,3,9
4475.520174571845,1250.5006562306633,0.0004837605622922465,-524.927637547533,-845.1391694040515,0.0009996891021728516,4,597,14922.705026425932,202.0,7356.762673991649,8,10,3,8
3653.593006480838,1064.2166127310768,0.00044831908136845286,-407.3532835612292,-784.943601471737,0.0010001659393310547,4,554,14826.900688180725,183.0,7368.676806431227,8,10,3,8
4484.480569883656,1251.412503284572,0.0004763535815667155,-373.35251093490916,-614.7816427835411,0.0020246505737304688,4,732,18172.452374307162,232.0,8940.840886406662,10,10,4,8
4825.951724158743,1348.7325218405915,0.00048373766633405784,-399.7117325365863,-703.760893851364,0.0011570453643798828,4,773,19726.81240723826,236.0,9715.028468739314,10,10,4,8
5649.089677590928,1566.170426846289,0.0005037123040286382,-229.29845078385682,-397.2716432909795,0.0019965171813964844,4,1164,28081.470270811336,313.0,13623.08640058748,13,10,4,8
6111.8507228505405,1696.7547742790737,0.0005047918396951989,-185.6036631747395,-320.56108515812673,0.0010061264038085938,4,1333,30476.003326561837,321.0,14759.071537649033,16,10,12,8
6680.529749922973,1872.2952420428003,0.00046914781736694626,-103.02469481380126,-182.1275650153777,0.001486063003540039,4,1881,33576.33462090955,409.0,16398.876844811668,21,10,11,8
7808.813712277933,2194.1580990163593,0.00046762558945915504,-46.649687354733295,-83.89458443388992,0.0020003318786621094,4,3250,39310.911300030864,683.0,19135.519121395395,28,10,27,8
8944.421421455685,2458.3928186854137,0.0004942077392652335,-31.39994120697574,-52.19873997222146,0.00099945068359375,4,4552,40620.85173903324,986.0,18919.891335603323,26,10,25,8
4937.083116440272,1336.790871615513,0.00015482679254084564,-6.121332023432828,-11.2509550262818,0.0015058517456054688,15,5149,24611.29320041948,1128.0,8861.113105340843,24,20,24,19
5810.390226383749,2019.434780879693,0.0003007856343013633,-3.1470605614870237,-9.417484609046804,0.0010197162628173828,8,8026,27903.14419643179,1811.0,14724.694354009116,23,12,18,10
5821.699154019605,2019.216155248493,0.0003327766939285459,-2.8570787339774917,-8.542702838849076,0.0013518333435058594,7,8703,28747.457684485114,1983.0,15324.250041225088,22,11,17,9
5829.916152467352,2001.831276350102,0.0002842016854634572,-2.396925703444965,-7.426027208759656,0.0010001659393310547,8,9171,28878.788383621286,2099.0,14459.888107761886,22,12,18,10
7151.199186202814,2566.604859158545,0.0003816620460117639,-2.1423715259659595,-6.864137466530845,0.0010013580322265625,6,11780,32188.377130800298,2733.0,18060.822444260528,20,10,18,8
8219.541973835292,2992.4961133621846,0.00046891551960931996,-2.2034773628391093,-7.1415848791700896,0.0009999275207519531,5,13950,39462.93759216766,3409.0,22347.573013116955,18,9,15,7
9388.750068435125,3397.273878087599,0.0005940453495568983,-2.4814855437247285,-7.425329004628356,0.0009996891021728516,4,15105,41328.85030648944,3652.0,23626.68254821861,18,8,14,6
9339.223447383147,3458.7886395164296,0.0004585050722698913,-2.0801596502353936,-6.745065947555188,0.0010144710540771484,5,15983,42988.81793215121,3967.0,24350.276172870537,18,9,14,7
9118.839921100913,3389.7492786490257,0.0005527573094831751,-1.489153257099138,-5.272951832443111,0.0010082721710205078,4,17754,41441.80804517518,4401.0,23654.106535606617,17,8,14,6
10325.87955140535,3903.112469229292,0.0005703473542405824,-1.6884071978133877,-5.893214338099766,0.0009999275207519531,4,19395,48475.92403305151,4928.0,27684.003333166576,16,8,14,6
16118.650404608856,5935.740596244666,0.0006431246776439356,-4.105176247091448,-10.670952641018616,0.0010030269622802734,4,22268,73299.37880467549,5928.0,42033.24568323993,15,8,12,6
20233.765181025312,7335.699803618645,0.0006822508727641239,-5.69601155680192,-13.374836948194611,0.001016855239868164,4,24604,90158.36103134503,6727.0,51778.75658659471,14,8,11,6
21668.162251833903,7832.663607621903,0.0006920391725056311,-6.160160150930152,-14.284262942172717,0.0010058879852294922,4,25612,95667.1471081337,6923.0,54984.07284504952,14,8,11,6
19444.270000858123,7180.663502673676,0.0006092029511391981,-3.6980050873497037,-8.99032517892288,0.0010004043579101562,4,29421,94389.9032756955,8539.0,54041.836257808,13,8,11,6
26326.45504526089,9407.698620858926,0.0006323569194506155,-6.169938021677609,-12.327666214994178,0.0009801387786865234,4,31093,113906.71706979827,9406.0,65222.3035915966,12,8,10,6
40938.047773169084,13947.682951858758,0.0007760754909123873,-15.917919054093272,-27.954257312860086,0.000980377197265625,4,32135,165234.93351951079,9634.0,95041.25107663358,12,8,9,6
22534.057119635392,8260.019876763134,0.0005615022334081326,-3.5424824429787627,-7.513941152011334,0.001522064208984375,4,33414,102642.54784012477,10122.0,58540.512568121165,12,8,10,6
69115.8225543935,22774.806544392108,0.0008674522202716169,-35.5010321997582,-53.02788108431683,0.0010001659393310547,4,36179,246622.14069684403,11659.0,141740.7071578959,11,8,8,6
41502.42446479268,14043.50600566943,0.0006498256816278476,-12.086016290717566,-19.37334766332775,0.0010073184967041016,4,37048,167646.3768231871,12056.0,95649.84948117583,11,8,8,6
77735.80000172052,25313.835237191157,0.0008627617113077961,-41.048412861421646,-57.5009331564808,0.0010156631469726562,4,39064,280770.5489906324,13143.0,160431.6791660547,10,8,7,6
3401.8657477818133,856.8700518425522,0.0004781750349416054,-623.4923677314792,-835.0105730084349,0.0,4,433,11523.341842082827,135.0,4791.934241030642,8,11,3,9
3396.919944800271,855.8154328756325,0.0004226434713450489,-597.5900894817304,-950.5929240064066,0.0020165443420410156,4,486,13692.447588369982,167.0,5713.6040257730965,8,11,4,9
4480.678911220443,1245.3992672103766,0.0004994919846703581,-535.7093493009771,-825.7255604471322,0.0009987354278564453,4,566,14692.519671540951,195.0,7209.028949682412,8,10,3,8
4190.744431220565,1171.5103400846804,0.0004481789537726123,-414.56740764084753,-727.5200850342115,0.0010008811950683594,4,656,17103.247136949372,197.0,8439.423362049565,12,10,5,8
5125.216066599375,1418.2908836966299,0.0005021441694348207,-286.15068591020434,-497.69517856890053,0.002000570297241211,4,1007,24619.24321921032,272.0,11947.740487764531,11,10,3,8
4947.7350475631765,1407.7463317883933,0.00040876044240377874,-167.0763028196223,-300.010123302365,0.0014033317565917969,4,1128,23851.090260496698,251.0,11948.63730288078,18,10,6,8
5862.503936086869,1655.7098213169331,0.00043317191650561564,-129.07740716702287,-232.0478642811541,0.0019981861114501953,4,1461,29366.59089604065,329.0,14535.78546458498,22,10,9,8
8303.950381951705,2309.567445523291,0.0004624670616516215,-42.29180845971345,-72.62406268473468,0.0010132789611816406,4,3564,39493.754318318264,778.0,18902.028146426463,24,10,24,8
4747.811715533195,1521.6954226805412,0.00024350547525030873,-3.7396383701902236,-10.011853319061048,0.002019643783569336,10,6349,26089.476516186507,1447.0,12086.868646060826,22,15,18,12
5550.295616269279,1838.9014647436097,0.0002572046032087784,-3.334447458518069,-9.104525595787475,0.000993967056274414,9,7512,27214.578818854014,1701.0,12899.546732080953,23,14,20,11
5340.604230644579,1832.8412869540882,0.0002687122924818174,-2.697403862697241,-8.29079647231577,0.0009999275207519531,9,8093,27451.5779527313,1826.0,13669.042698537996,23,13,21,11
5787.578323277588,2040.851453467895,0.00034975397734762325,-2.8394516312086417,-9.235421552267807,0.0020444393157958984,7,8869,30008.480584446268,1999.0,16699.98993162501,22,11,17,9
6502.1019459013505,2317.0094588476263,0.000352143840616572,-3.0473045685246998,-9.414215930388284,0.0010166168212890625,7,9388,30846.26046839599,2143.0,17181.14536591478,21,11,16,9
6123.95281684429,2116.494822744809,0.0002782138684096596,-2.319651335408878,-6.911797730449794,0.0010073184967041016,8,9618,29330.75300325359,2232.0,14592.04145884933,21,12,19,10
8093.573606542868,2956.7899139743927,0.0004506311004850469,-1.9532510355108275,-6.449371870260542,0.00099945068359375,5,14183,37021.492988016704,3425.0,20942.55821776137,19,9,15,7
9419.007536439207,3419.315943450869,0.0005907621874903277,-2.595007153749079,-7.746983553422249,0.0009996891021728516,4,14696,40634.74164410175,3578.0,23209.09020361051,18,8,16,6
11537.421239081461,4272.273855495883,0.0005887266528936753,-2.7104865219951373,-8.063933462539394,0.0009987354278564453,4,17959,50390.82478274191,4462.0,28808.29490103072,17,8,13,6
11001.75731921573,4129.607484492896,0.0006054197249801683,-2.1283074108725653,-6.851513832781365,0.0015230178833007812,4,19286,51638.00627391608,4917.0,29553.87637509826,16,8,13,6
12890.96295686664,4830.185865002341,0.0006153650493554715,-2.729194460139311,-7.969809753793154,0.0009999275207519531,4,20858,60202.74559388532,5471.0,34475.83431590846,16,8,13,6
31550.9142829393,11050.761682293567,0.0007328266034601164,-10.381265254242113,-20.384740776272523,0.0009999275207519531,4,29665,130864.17789873533,8617.0,75254.42573889665,13,8,10,6
35097.721795563244,12196.12954255542,0.0007066834247746081,-11.114272123116796,-19.970230868674424,0.0010066032409667969,4,31219,137492.82823390485,9360.0,78915.73552302062,12,8,9,6
98217.52651388982,31736.3875079611,0.0011110558421358653,-73.37380564489925,-104.77172311564478,0.001010894775390625,4,38961,368340.5546767415,13145.0,211475.49412824935,10,8,7,6
96959.95050260055,31293.673591161667,0.001042779181274011,-63.357205965088895,-86.33855906099589,0.0010004043579101562,4,39940,347171.7394293261,14013.0,198227.89031321072,9,8,7,6
4378.677451659544,1097.2816735120482,0.00046750279153365764,-822.1406604199015,-1073.2141291252276,0.0,4,449,13160.339261492527,149.0,5391.980657097258,7,11,4,9
5892.005072804599,1646.3001204755622,0.000483634379296089,-470.99057241604567,-768.2932281421712,0.002007722854614258,4,837,22298.18505416785,242.0,10984.620053027596,10,10,5,8
5911.840308953016,1643.7374969468028,0.0004700757680847408,-204.1650602696732,-342.3158752808856,0.0015149116516113281,4,1264,28174.11068203459,301.0,13686.690439987644,15,10,5,8
5983.873782775052,1671.6291481886874,0.0004919467872703666,-173.51591401414262,-312.1770293492523,0.0015027523040771484,4,1374,29888.09060683707,297.0,14585.27516338398,17,10,13,8
6983.24374516793,1974.6300867532414,0.00042426356589519613,-92.47478550586052,-167.18858653334718,0.0010066032409667969,4,2030,32712.675253364127,441.0,16162.820849600059,26,10,21,8
8422.068405163833,2275.143686491498,0.0005189832144456096,-42.09059180788046,-67.93107887826028,0.001003265380859375,4,3634,36255.40109247251,790.0,16370.079352592169,24,10,20,8
8589.340993731192,2386.494886881271,0.0004897394807687179,-42.740416841544544,-75.77167343222503,0.002089262008666992,4,3716,40298.42093273741,798.0,19230.735799104674,29,10,24,8
4551.023310952223,1264.8608097883396,0.00013711832915914266,-4.7948629864417205,-10.240815782496423,0.001981019973754883,17,5296,23408.37315276183,1149.0,8391.236036800532,27,22,24,21
5229.163234360433,1559.7606482831525,0.00021698915426847915,-4.438874557461191,-9.781176841582885,0.0010552406311035156,11,6268,26515.78532780608,1383.0,11200.254541565517,24,16,21,13
6097.932311995416,2178.385338698609,0.0003394865178176252,-2.6837953468453826,-8.54390344155186,0.0010046958923339844,7,9228,29821.997669283846,2161.0,16579.98063271233,21,11,16,9
7226.691613508823,2563.567121085034,0.00040642893685950417,-3.3498074472661656,-9.682837232256361,0.0010001659393310547,6,10036,31880.948006091578,2333.0,17911.449471060107,21,10,17,8
5942.235935631536,1663.275724209696,0.0002415179172706012,-2.281326130374759,-4.3414369553816,0.0010051727294921875,8,10250,32741.62361004876,2374.0,12106.339295110163,22,13,19,10
6751.819037089493,2436.8157015286743,0.00033810913431392637,-2.1914280775757558,-7.26897368026704,0.0009992122650146484,7,10948,32127.559919332383,2597.0,17898.35072149845,21,11,18,9
7367.861235746355,2622.8514158848925,0.00041865233502265994,-1.4837463118612808,-4.967487432580634,0.0009999275207519531,5,14047,33357.745692495395,3373.0,17955.845891436707,19,9,15,7
9490.388917526187,3478.4775140608003,0.0005523959952184154,-2.0940735515570625,-6.2749843769841895,0.0009996891021728516,4,15776,39317.13870559528,4063.0,22428.534618695434,18,8,15,6
13769.11298296219,5128.146753072674,0.0006351958877859646,-3.2659589398086615,-9.232619913621281,0.001010894775390625,4,20244,60306.19216766794,5131.0,34555.16222938933,16,8,13,6
17227.21889983187,6327.930400848802,0.0006582715718898694,-4.479329562488826,-11.291347064543308,0.0010216236114501953,4,22838,77630.69540966129,6142.0,44547.74213589425,15,8,12,6
9699.196416597078,3844.7804455579194,0.000509490437843197,-0.6763949739156176,-3.38957874163657,0.00099945068359375,4,23486,49635.15463502753,6326.0,28279.68723966126,15,8,13,6
18920.219616863316,6960.1215373027,0.0006602643663177597,-4.468798900037616,-11.096158332762446,0.0009999275207519531,4,25459,86054.23773263907,6851.0,49382.06161694619,14,8,11,6
42966.10989377444,14593.048770787433,0.0007743110408196871,-16.638088846353643,-28.369426758113985,0.0009996891021728516,4,32903,170451.55810966363,9930.0,98011.79627790747,12,8,9,6
67537.06102335948,22241.028106005855,0.0008938585421974656,-36.82940371915394,-55.60188170792489,0.0010061264038085938,4,35349,247565.3607036277,11358.0,142449.36562344834,11,8,8,6
59971.735286151736,19800.66954807035,0.0008393797003716391,-28.641602583018045,-43.30428246139413,0.0010001659393310547,4,36268,230826.5014961812,11860.0,132583.91804507765,11,8,8,6
