rmse_I,rmse_Inc,rmse_Beta,r2,r2_Inc,time_predict,fraq_people,actual_peak_I,predicted_peak_I,actual_peak_Inc,predicted_peak_inc,actual_peak_day,predicted_peak_day,actual_peak_day_Inc,predicted_peak_day_inc
5534.588758564587,1466.752097450884,0.00028070896934329217,-24858.47006974254,-20891.87146582691,0.0,0,105,13886.530260306488,38.0,5998.611110300026,9,12,6,10
5531.521279049291,1454.775758851013,0.00033348366767901264,-10734.220243087702,-10039.166569309426,0.0020210742950439453,0,171,16606.395283404116,55.0,7533.090794362397,10,11,8,9
5802.191720440277,1557.9679428056793,0.0003131461832982179,-8198.112396709637,-8390.406123963323,0.0,0,187,17319.315574061937,64.0,7924.488998081593,9,11,6,9
5975.891012931493,1466.547191221601,0.00026551162243866426,-8752.400015702216,-9143.962032381323,0.0,0,186,18511.062071319906,56.0,7595.653425692963,11,12,5,10
7232.411529250069,1898.5681741673757,0.00030048538210471887,-18854.20735581994,-15326.131553530857,0.0,0,162,19355.50849730228,57.0,8834.137203120688,7,11,7,9
6286.328318770331,1557.9999825337309,0.00031996663842793994,-6271.4141498733225,-6118.520261895027,0.0,0,273,21836.91983207791,78.0,9556.15389853423,9,11,8,9
6506.154891537827,1711.3225263438694,0.0003410683755850847,-5465.343915599075,-6136.522117225246,0.0,0,267,22137.91822714989,74.0,8383.551235749663,10,10,6,8
7165.874790003344,1986.6657649476176,0.00033782421012687025,-10366.246887503716,-12401.737365631398,0.0,0,212,23719.156115808684,64.0,11571.88354678162,10,10,4,8
7775.368849552665,2076.690511794607,0.0002440696382179523,-14612.179471606676,-17933.135325038646,0.0,0,221,25457.44041529086,62.0,11818.71055566262,11,11,5,9
7366.935289100964,1793.9933860093565,0.0002971362755504445,-5986.197123024794,-6234.5762542940465,0.0,0,316,27091.852452682597,90.0,10736.991403000007,9,10,6,9
8438.670262035019,2189.3851728029867,0.00038087141927577677,-3324.325300513219,-4209.946269823585,0.0,0,482,32170.88858533149,130.0,14991.22035833358,12,10,8,8
7698.394915537678,2050.2148843384875,0.0003440237737395625,-2893.4338005706813,-3980.516494639942,0.0,0,456,31959.21776797045,127.0,15343.114521276686,14,10,9,8
8910.15613546243,2261.5660717220717,0.00037069303205725687,-7722.626922330331,-8539.200700172412,0.0,0,319,36291.17252215904,94.0,16550.4361117651,14,10,4,8
7981.323122377341,1988.5499818234675,0.0003661010635573266,-5519.526125296905,-6525.60979566981,0.008035659790039062,0,396,38321.0874261493,103.0,17082.62408338797,13,10,6,8
8036.118596063197,1919.460443808628,0.0003723187311607602,-3086.103407923314,-3751.0046587506577,0.0,0,454,37577.15945080406,104.0,15808.270644366246,19,10,5,8
8604.181420704152,2187.768686451671,0.0003433413890515848,-1722.6228510793721,-2334.657661196281,0.002023458480834961,0,701,41741.10611936126,182.0,19011.859617335656,18,10,10,8
9004.948653437947,2295.961618419012,0.000334704732158188,-5993.443070965954,-8057.4741359624495,0.0,0,392,43280.03365130178,96.0,19826.99185090779,12,10,5,8
8495.444171570347,2028.1064968404746,0.0003525011386221834,-2165.9890737480937,-2556.827246765657,0.0,0,614,40818.24843981067,148.0,17066.972133117888,17,10,10,8
8212.075705952053,2275.3431721542356,0.0003952849700765828,-3222.569005377522,-4841.112374737094,0.0,0,534,39804.93556533818,141.0,20009.452687836005,16,9,5,7
10045.03498630534,2579.4286216170076,0.0004688711274834175,-400.38105784003574,-611.5661005255371,0.0,0,1594,48983.92604313464,330.0,22736.477854570243,44,9,41,7
10194.91584066605,2780.524799209302,0.0004100103233565211,-156.83250642173635,-271.8093644628591,0.0020225048065185547,0,2421,49886.14506184562,520.0,24569.088347197627,40,9,40,7
8901.406745544233,2513.1561107201164,0.00034832995198148705,-98.05011346296575,-188.16194167428029,0.0,0,2659,42966.606408566404,579.0,21778.25737865336,62,9,50,7
10873.056443960408,2801.6899579995843,0.00044657298689335144,-65.17203312169296,-102.72994018951543,0.0,0,3792,52971.206297378,817.0,24634.055201483134,45,9,41,7
11355.90781978371,2992.285231035815,0.0004254913508218559,-43.18406858508441,-71.91402536035169,0.008026838302612305,0,4982,55194.354721422955,1042.0,26277.859615022753,43,9,39,7
6245.050870598284,1681.9154771605695,2.5855503633327244e-05,-4.166407516934472,-7.9216882857520865,0.0,24,7599,33603.079135134365,1648.0,10085.793138049083,39,32,33,30
6657.032120928392,1822.6087383244476,2.730950049699381e-05,-3.1978168704330248,-6.283058012278207,0.0,22,9234,35977.442656096304,1962.0,11094.236874052194,38,30,37,28
7203.681647555222,2015.5895762378348,3.2920101280338876e-05,-2.5559328670282,-5.099729727481473,0.0,18,11046,39092.52295033931,2436.0,12463.970763024454,35,25,29,24
8839.127825589643,2479.327858869892,4.512235974515713e-05,-2.5476979429586324,-4.86040414522748,0.0,13,13534,43400.51279276553,3085.0,13994.61359798822,30,20,27,18
10248.127598645186,3087.777759001044,8.735861079680124e-05,-1.3283492752048494,-3.051187744837212,0.0020258426666259766,8,19896,50377.321222761784,4850.0,22523.762479865705,23,14,19,12
4613.494876495972,1185.6869890126202,0.0003238435562384189,-10691.93365573557,-9861.663055933204,0.0,0,131,12135.69471044882,40.0,5116.9509483286965,8,12,5,10
3862.0594129164965,1047.8187279734552,0.0002853504555427037,-4574.0639420074785,-5265.859451847851,0.0,0,179,13162.71659909525,63.0,5712.1450321774355,10,12,9,10
5325.313338752244,1414.1670319128662,0.00034362813628492715,-6857.870943030729,-6146.285753983432,0.010049104690551758,0,199,14010.137433342476,65.0,5530.030825157377,8,11,5,9
3222.3567987425263,814.2444377479087,0.0003359115934827714,-4601.541161334942,-3904.196895752207,0.0,0,154,9966.973524327204,53.0,3368.276485030794,10,12,5,11
5212.868326433877,1314.1503088241864,0.0003696007422232995,-8456.233041288853,-7161.288321960106,0.008027791976928711,0,191,16279.612302643842,63.0,7190.641632741685,8,11,5,9
4867.270623080158,1189.8618677584136,0.000303331100767051,-7761.520819675935,-7703.5636930921955,0.0,0,181,16264.211450219149,54.0,6230.489594053404,8,11,6,10
6360.209254544936,1555.387050247433,0.00036744620738547983,-4336.221747132199,-4474.869356138225,0.0,0,268,18317.69264601663,77.0,7790.954041918387,11,11,6,9
6386.71403729862,1549.404945940275,0.00037506831238930994,-9029.065584274134,-6646.207775839899,0.0,0,203,18911.775782486242,76.0,7501.425099778669,9,10,5,9
6305.000191009027,1585.800429847579,0.0003263319542398671,-12892.692616008453,-10507.128382631601,0.0,0,182,19795.832140566246,60.0,8798.342840716843,7,11,4,9
7543.197033448131,2076.1249406785887,0.00037161791434733166,-15557.576831368215,-13504.636027201397,0.0,0,173,20702.797611470036,65.0,10035.740869563524,11,10,4,8
7216.294840054357,2043.986131604912,0.00035791738017493214,-6123.888149142424,-6749.453771819462,0.0020246505737304688,0,277,20536.91396401467,93.0,9993.67171395678,9,10,6,8
7311.808058622909,1859.4341735789128,0.00028843170807189356,-9123.578689218064,-10069.023354487643,0.0,0,228,23084.62515792859,67.0,10403.441038226258,12,11,8,9
7773.622186251172,2050.173868315931,0.0003817729355512774,-9485.638108623218,-11004.197420403567,0.002019643783569336,0,252,27629.475096516966,78.0,13152.44821336845,12,10,5,8
6637.023583948298,1781.2912367331753,0.00034999201878691585,-7645.933302302279,-8482.746705795138,0.0,0,266,26078.156561950083,84.0,12636.924518689146,9,10,4,8
8812.932369391825,2278.599123440185,0.0003941976578273696,-14915.190383947165,-15247.864518785356,0.0,0,240,30058.988647692873,82.0,14004.052491309885,7,10,6,8
7926.354419429059,1889.696692136138,0.00044268922847323373,-5280.510078765216,-4622.360328215845,0.0,0,352,28180.443313702726,104.0,11698.482371827216,10,10,5,8
7802.324661591148,2064.0482725342135,0.0003607973878478728,-6197.800647533545,-7082.497947346007,0.0,0,336,30242.60548915205,97.0,14448.165028016316,10,10,9,8
8152.526616320047,2115.9956487442714,0.0003413959385178447,-5504.826453094652,-6872.275328296699,0.002019643783569336,0,366,39228.730235137955,104.0,18351.67054608532,15,10,9,8
7207.794800803657,1749.3477439730596,0.00038905067740908444,-5018.555925372524,-5894.938172337004,0.0,0,323,34381.48919915935,88.0,13751.869052024726,15,9,4,8
7444.737970544344,2054.0469972843484,0.00042505243082478425,-3591.9962821585364,-5339.004789788559,0.0,0,403,35999.69907797682,124.0,18038.310153064493,14,9,4,7
9359.764582347983,2509.1301115573206,0.00045555019924963994,-971.1914694944567,-1631.66288470072,0.008044242858886719,0,998,45506.346256550285,218.0,22078.88524093986,40,9,23,7
9572.081328488712,2410.939407216374,0.00032590221519249,-1441.548429543042,-2152.1373856385603,0.0,0,883,46159.175291422565,194.0,20827.68530413673,52,10,44,8
9583.101306108569,2615.7052378829117,0.0004162384468257817,-619.4177286779056,-1074.3417062451385,0.002021312713623047,0,1370,46559.39305925389,288.0,23024.46023165994,47,9,51,7
10195.607513867635,2527.8463828733466,0.00046882228331530056,-40.1407508583625,-58.02342464332043,0.0,0,4549,49679.822574691614,972.0,22139.12699453041,44,9,38,7
10832.528454167397,2731.7325075892704,0.00045308967052221045,-38.13960836908677,-55.897950574530384,0.002025127410888672,0,4971,52436.52964351133,1106.0,23903.874764214503,45,9,38,7
6371.492807724925,1729.0428333936818,2.4974210766801312e-05,-3.0186184519612542,-5.917924599921016,0.0,22,8900,33996.63749254645,1872.0,10157.696747016158,37,30,34,28
7740.08024418315,2160.9786420576925,3.315256678885734e-05,-3.298324523158948,-6.284859311577479,0.0,18,10364,38160.214200100025,2296.0,12477.185287394757,35,25,32,24
9030.216761850113,2628.204061700279,5.779419106364105e-05,-1.692941052536462,-3.676754534363905,0.0,11,16200,45213.65624435018,3718.0,17092.790027421725,28,17,23,16
8382.08643337579,2393.8217577783817,6.893164213313206e-05,-1.1931599189215985,-2.672982725007214,0.0,10,17637,47201.366021520036,4181.0,16466.967076938672,25,16,22,15
5203.114302242565,1379.5326310637602,0.00037166737840667194,-9695.1354897996,-9075.544344633243,0.0,0,160,13823.25016674239,50.0,6232.660982308946,12,11,6,9
6048.269971706223,1467.554243558873,0.0004159504528712585,-17353.896902063232,-13622.369464569478,0.0,0,135,15363.952491601185,41.0,6428.269932466417,10,11,6,9
4622.087309257164,1263.1681639846868,0.0003400007033523396,-10226.92562115523,-10113.953719237274,0.0,0,139,14336.06182371065,46.0,6247.352919802293,8,11,4,9
5785.856885304797,1423.2416357878085,0.0003701476716253726,-3818.5591727640185,-4003.722333170297,0.0,0,279,17736.24926108609,68.0,7623.419194316488,13,11,6,9
6235.559216226639,1516.1246004457396,0.00034908597472482837,-16912.422019747708,-12651.25481313693,0.0,0,160,20070.90247082149,63.0,8534.854125978025,6,11,4,9
6982.834337102024,1831.619301901147,0.00043309520530629425,-14709.682031057886,-12844.084323714045,0.0,0,174,21525.77452342549,65.0,10196.218948827722,8,10,4,8
6033.494601058269,1601.0483090895111,0.0004101179927152812,-8994.084679602323,-9055.91386186283,0.002021312713623047,0,218,21189.996419077972,72.0,10149.20373063854,9,10,5,8
7017.450163193178,1757.6407287505344,0.00031245689030324196,-27851.800139913932,-19762.566755606156,0.0,0,140,21645.44146452757,54.0,9611.834955999704,9,11,5,9
6080.100819499234,1481.5028458932823,0.0003192274219465392,-9654.656454832855,-8135.275456428792,0.002025127410888672,0,218,23043.28910925731,73.0,9871.359162698136,8,11,6,9
7356.919926959531,1957.4802233943108,0.00038164152867664635,-5787.211649013808,-6986.013889724662,0.0,0,293,24613.140539967608,80.0,11811.891301987955,13,10,5,8
5604.395971908725,1422.6784535172137,0.0002815460328116472,-9166.096613197908,-10174.429790612796,0.0,0,213,24281.869657559764,59.0,10955.50460387117,10,11,7,9
6566.757936843574,1728.0519434781934,0.00039011108805920213,-4390.506158943542,-5130.549389270048,0.0,0,343,27148.66351155935,114.0,12881.757758476382,13,10,6,8
7905.503473956428,1981.695900749975,0.0004188617560869365,-5649.019824365105,-5823.287551186905,0.0,0,316,29919.56595256203,109.0,13426.29481143471,11,10,6,8
6062.940816035191,1713.626308032173,0.0004416913287988604,-2119.807561745939,-3070.236752094802,0.008036375045776367,0,472,29287.810941983316,137.0,14722.307211562962,13,9,8,7
6426.132309272065,1622.3575783050262,0.0004109537561664945,-1116.447732378552,-1461.4856375892014,0.0,0,657,31224.319316222834,160.0,12052.768710698394,16,9,11,8
7041.667570511513,1932.375735512284,0.00045913313745171887,-2465.9255713878697,-3463.878628900364,0.0,0,495,34190.55520240599,138.0,17022.706649036867,11,9,5,7
8788.685431745434,2378.39884552336,0.0004480846645862412,-9660.634605778148,-12607.985801217266,0.0,0,409,42368.56437328266,110.0,20846.434645413945,18,9,4,7
9188.341590408061,2451.924661049746,0.0002938897870820217,-3469.3868223438094,-5657.498206760606,0.0,0,724,44416.57779376296,167.0,21381.233809377867,67,10,53,8
8696.125716968185,2214.3820556690775,0.0005116753015141442,-102.6890631714715,-161.39400063413163,0.0,0,2649,41946.49211302328,539.0,17502.529570599072,51,9,47,7
8130.718371234853,2337.883940829239,0.0005178393463999989,-62.64185462651326,-122.40928665134297,0.008044719696044922,0,2933,39742.58169338685,603.0,18750.86323481617,49,8,37,6
10728.675125540596,2816.2199285565916,0.00044156409747943796,-42.87033780247541,-70.55754028014027,0.0,0,4657,52392.81043507508,973.0,24817.74282137626,44,9,34,7
6156.47222576283,1691.196342701722,3.0883000545415454e-05,-3.3489580658773495,-6.676915824230577,0.0,20,8560,34880.65487063672,1859.0,11088.18984318628,37,28,32,26
6891.919689179332,1922.206848081601,3.302634934048145e-05,-3.3098115220634945,-6.474556470026745,0.002025127410888672,18,9470,36492.24521731776,2065.0,11802.094514226595,36,25,31,24
7328.144391827494,2056.372603052717,3.423595199462713e-05,-2.6230676459578186,-5.333082271745235,0.0,17,11003,38127.12654937976,2378.0,12254.893036725412,33,24,32,23
8088.474051986801,2262.895367854643,4.702969191154971e-05,-2.7361529474338813,-5.312700003971667,0.0,14,11944,40912.101790309716,2685.0,13358.050920263071,31,21,27,19
7930.481683238931,2353.5292554295793,5.493292961860789e-05,-1.915149233608925,-4.457132940393887,0.00803518295288086,12,13926,42582.96747393698,3125.0,16175.08426762974,29,18,26,17
11174.24362747765,3363.9934605553717,0.00011112099011244599,-1.1810908646688159,-2.682229832755164,0.0,7,22816,56703.726585853416,5652.0,25333.362231844658,21,13,17,11
4702.574506174082,1192.4372128402204,0.0004155961518955458,-9243.852417951342,-8455.561291994112,0.002017974853515625,0,153,13357.063615672017,48.0,5871.777590959315,10,11,4,9
4857.487080766738,1310.354552759553,0.00047211203842595947,-6360.226515256915,-6726.91890523038,0.0,0,174,13649.257507276334,53.0,5660.727441508801,9,10,6,8
5700.435762165586,1447.7437664010042,0.00045092527162256707,-16879.166075223904,-11112.11964786059,0.0,0,138,14557.822518011075,52.0,5338.313898311741,8,10,6,9
4090.108122426942,1046.5736603226887,0.00033871291890362243,-14153.84926765228,-9916.588102760723,0.0,0,107,9900.776970750763,36.0,3387.9254280151918,9,12,5,10
5920.734770047142,1429.9180322727464,0.000402365234935762,-13086.889714382816,-11587.9659156476,0.0,0,160,16843.447725535985,44.0,6819.515415702634,10,10,7,9
5624.582047182144,1375.0034307725855,0.0003746048625853385,-13301.027792393941,-9829.035327376547,0.0,0,151,17739.38059326693,59.0,7576.232040619911,10,11,4,9
5320.0337079516685,1413.0137121305138,0.0004394362793226193,-4206.357819276165,-4635.595254611696,0.0,0,250,18776.34475064128,83.0,8954.310921129,14,10,6,8
6173.787338186651,1567.8363572758146,0.0003160677045250703,-14768.273977785011,-14939.88410695134,0.002030611038208008,0,160,20151.085070344438,48.0,9041.589988099891,11,11,6,9
6278.5562383358565,1547.6583723570272,0.00035483399398087106,-8218.6289173696,-7992.859271118065,0.0,0,224,20789.835397511535,65.0,8002.547836342012,12,10,8,9
6211.554416706028,1564.952394467861,0.0004426712271036493,-5418.149149710546,-5091.975274744614,0.0,0,281,26704.53830426172,96.0,12079.585187747696,11,10,6,8
6807.337714225078,1702.020431864939,0.00043840393298592487,-3505.3027801877606,-3970.2601138526093,0.0,0,379,27847.98335926993,111.0,12435.51040429814,10,10,6,8
8141.011922113985,2108.770192557424,0.00039429721882526574,-5582.226920720594,-6365.881749901752,0.0,0,355,30058.988647692873,100.0,14004.052491309885,11,10,7,8
7157.094984599125,1716.5104287224392,0.0004217553514018238,-4086.407967026013,-4533.342757826617,0.0,0,374,30688.11152614376,112.0,13001.409543870337,12,10,5,8
6570.117733918384,1832.5013872030224,0.0004359349814637017,-2600.9016166576325,-4164.411361095869,0.008035898208618164,0,424,31869.715985142295,114.0,15999.623394716189,13,9,7,7
8649.619789355038,2212.111135788253,0.0005160266961265107,-3727.6141212503026,-4444.578245558103,0.0,0,573,41812.50163339957,168.0,19385.10249929606,35,9,5,7
8725.272250672082,2255.2429667542583,0.0005064478162934544,-704.4293667475597,-1027.0980178544164,0.0020182132720947266,0,1030,42696.031982666245,230.0,19928.41445550581,23,9,18,7
7291.424778973119,2208.503958668412,0.0005585124725492702,-210.77371484201487,-443.2060343657761,0.0,0,1544,35896.91564581343,343.0,19549.459407717695,39,8,31,6
8455.18767224536,2024.858489153395,0.00035283239406031387,-937.7791699257725,-1426.7663718221645,0.002024412155151367,0,1122,40271.68731534067,229.0,16494.694744806402,76,10,72,8
9055.589317468974,2250.624210740635,0.0005056349301161068,-266.8147798940135,-384.6504323613493,0.0,0,1698,44033.884702224736,371.0,19766.410059990783,46,9,39,7
9380.436797405951,2388.679486644851,0.0004902464549853181,-179.09442871747152,-264.52245360905624,0.0,0,2041,45881.72014308098,430.0,21065.661321314867,46,9,42,7
9127.853421341124,2737.805734548395,0.0005703481615718689,-93.8416430906683,-206.74391578780518,0.008028507232666016,0,2755,44166.94564438593,598.0,24137.562352704226,49,8,48,6
8118.152417215231,2285.0161321757187,0.0005205749943468851,-45.00614381899004,-84.8551376281623,0.0,0,3493,39596.530271812706,736.0,17494.556099135145,39,8,39,6
8108.805354914139,2453.647298833985,0.00052552498127069,-37.87470049361028,-83.77212727320736,0.0,0,3758,39550.644685255254,787.0,21592.206132946332,44,8,40,6
5828.843502466069,1573.8359941756294,2.9228820738248264e-05,-4.609521350440283,-9.000087822512567,0.008037567138671875,25,6672,30456.87405402759,1440.0,9215.621657227159,36,33,32,31
5814.610356438858,1563.9529339504134,2.3197247935943408e-05,-2.3135411989728114,-4.5195079264407365,0.0,24,9113,32642.8656591295,1963.0,9552.208900511821,39,32,35,31
7570.116630512861,2147.827519111891,4.89365944582013e-05,-2.980230775369818,-6.106857037033569,0.0,15,10835,38723.14783111395,2362.0,13076.33074032954,31,21,26,20
9141.24509450561,2616.9272579687827,7.376299436137368e-05,-1.4901739671830563,-3.0617473256443377,0.0,10,17378,46363.75766924259,4096.0,16106.785740364714,26,16,23,15
10660.96348895481,3187.4217793476405,9.659415114617914e-05,-1.1730744043010652,-2.656987044899534,0.0,8,21640,52181.64187132061,5238.0,23327.953984756983,22,14,19,12
9199.057935184881,2716.589142547878,7.497715422749906e-05,-0.37592085389714147,-1.2073955708536896,0.0,8,23936,49254.93042918656,5921.0,17569.169169492656,22,14,17,13
4342.992889870198,1065.3389679984584,0.0003876070656441337,-18002.3753211782,-12683.347765543604,0.0,0,96,10888.051972408104,33.0,4199.6604846283335,10,11,3,10
3705.504083645239,934.6832288303698,0.00039880443602277116,-6651.125135880923,-5412.26148714594,0.0,0,138,11213.015128610677,53.0,3942.822921285715,11,11,5,10
4370.832722381688,1068.7929322023638,0.00046832415881969177,-6405.165555816005,-5496.389533828368,0.0,0,173,12499.723022185053,48.0,5257.7745077109485,9,11,5,9
5054.719501504478,1344.6708080985347,0.0005094269188863058,-17911.651460297242,-11425.092550930454,0.0,0,107,12163.795541975145,45.0,4867.642805594365,7,10,4,8
5358.974307370348,1400.3192935338884,0.0005456297610700691,-23953.10877657275,-16780.73216841548,0.0,0,99,13734.451306500294,41.0,6440.76114276254,9,10,3,8
5245.262990194407,1388.1141850199429,0.00045869604096353397,-8083.271760482911,-7648.5548189217925,0.008040189743041992,0,181,17605.49313938195,60.0,8373.596364913625,9,10,8,8
5461.196005122872,1461.9878863379597,0.0004101121767603765,-5579.349828000113,-6231.122263063489,0.0,0,216,16789.26815402422,70.0,6787.168253913369,10,10,6,8
6449.807707383115,1670.8018989855884,0.00047637888634040993,-6147.306689102354,-6440.152146150714,0.0,0,251,20296.35268998385,72.0,9448.609038296523,9,10,5,8
5434.967208974449,1456.5587882663488,0.00041554179426339985,-6364.646765419965,-6791.014611012208,0.0,0,225,19473.260345200597,75.0,9345.174429172534,8,10,5,8
6084.426624615591,1605.062234992434,0.0004148628888280845,-9889.624689463935,-10749.397994357541,0.0,0,186,22518.401268526744,66.0,10724.276793166384,9,10,6,8
7651.620352001872,1948.3191307734899,0.0004299267347130457,-4958.993148341658,-5644.804377479216,0.002026081085205078,0,348,27435.42391435139,98.0,12529.08621000994,10,10,7,8
7439.530643377457,1999.6286718657304,0.00035320042844650773,-9953.613892680965,-13016.38489085627,0.0,0,227,25313.307898015526,62.0,12266.873742690288,13,10,4,8
5895.0619463415005,1590.6885942499664,0.000346080837878314,-4861.072322517932,-6530.8672736295875,0.0,0,265,25642.09504170704,82.0,12452.14269412986,12,10,6,8
6550.671880780209,1602.9080447738659,0.0004536311792276605,-2483.75118823118,-2686.357054136326,0.008028030395507812,0,429,26889.452574898747,112.0,10623.278890740141,12,9,10,8
6207.688422734791,1794.896828204919,0.0004588834566401391,-1892.960079627941,-2934.1070474475055,0.0,0,446,25790.807780362524,130.0,12962.628537864231,12,9,6,7
6686.796013692521,1845.9423876563073,0.0004742156302369993,-1092.6137007428067,-1668.5312017911572,0.0,0,624,30239.559654265744,156.0,15085.682650992785,16,9,9,7
8529.872539135655,2321.196302668331,0.00045413844721368967,-409.75401875162504,-682.1380460446078,0.0,0,1304,41888.213068252975,283.0,20570.157563470813,31,9,26,7
7731.710089019629,2063.8059577564372,0.0005390757378441773,-107.32089358770807,-174.69594241187733,0.008006572723388672,0,2144,37967.30692808714,464.0,15470.46218652252,39,8,30,7
8143.226681782535,2135.9021168813974,0.0005283385049250055,-85.53054621412795,-140.28394979095228,0.0,0,2639,39357.90461541397,559.0,16145.909652181515,50,9,47,7
9928.024433089488,2538.4171716888472,0.00047467165695350946,-56.82913924591683,-89.65552388308052,0.0020241737365722656,0,3755,48132.02334271047,784.0,22245.567854653484,48,9,37,7
10365.487148332748,2698.27748131069,0.00045599138067245785,-38.530009890469536,-61.854413877272066,0.0,0,4756,50211.56376011196,1032.0,23636.956284791668,46,9,41,7
4787.0355172880945,1240.9272171082882,2.349608365165601e-05,-4.638233142725608,-9.09415425739411,0.0,30,5728,25000.691850635856,1268.0,6951.062952639713,39,39,31,36
5241.102941143844,1402.5997214022725,2.6733194259820557e-05,-4.249850537890958,-8.424433327056498,0.002029895782470703,26,6475,28944.130703072213,1387.0,8505.219148248209,37,34,37,32
6947.6978151080875,1983.4759502234162,4.0201767546606266e-05,-2.617379624324588,-5.536990116363461,0.0,17,10402,37021.74726652039,2282.0,12591.37708533804,33,24,28,22
8127.127266969969,2352.0638641131504,4.316255228746746e-05,-1.219182519212239,-2.731503219793116,0.0,13,16160,42140.52513427478,3710.0,13757.29427360954,29,20,25,18
4343.703505260693,1070.8557412652494,0.00037996142668967985,-18014.67196508838,-11844.239739604369,0.0,0,97,10854.124753944347,35.0,4314.941429816401,8,11,3,10
4967.389309393872,1322.528259926967,0.0004584444604835071,-5439.953925342985,-5971.2953884229355,0.0,0,217,14243.675531760946,55.0,5645.979635668984,10,10,5,8
6554.271311696315,1684.9061911494475,0.0005196870621205675,-13234.513370272041,-10368.654204606915,0.0,0,168,17775.515382209796,63.0,8209.233406986146,8,10,5,8
6397.438840647288,1687.5251985462642,0.00044703205035240024,-5934.389938362754,-6067.615876430184,0.0,0,267,19209.580236688722,78.0,9119.114329928227,10,10,7,8
6876.106282930834,1807.1009394076978,0.0004430480591582797,-10684.912986972648,-10285.056462005256,0.0,0,196,20020.21368846421,63.0,9492.773051276221,9,10,4,8
6141.436925354547,1588.115318314299,0.0004647040332621502,-6059.268853318569,-7155.620023077359,0.0,0,239,21730.20400786283,66.0,10100.264031841762,11,10,7,8
5979.048825165447,1696.7394409235244,0.0003775206815584776,-13592.09828245729,-14266.081012907836,0.008048534393310547,0,155,18900.309823217485,55.0,9172.678201353585,9,10,5,8
6681.10570696041,1746.5565894075457,0.0004264494338176738,-5760.4977321089855,-6233.063389418909,0.0,0,283,24092.482798192163,85.0,11330.203682185413,8,10,5,8
6897.334010990785,1752.4460072598022,0.0004496236187006011,-6407.385590253202,-6965.318593828709,0.0,0,273,25397.952863186198,83.0,11576.502195177869,10,10,6,8
6108.125061294402,1723.4737365584972,0.0005308296924171863,-2366.4552551855004,-3309.154841374479,0.0020287036895751953,0,389,21868.731604502584,108.0,10907.856499271868,12,9,7,7
6174.9414537350485,1607.5719855862949,0.00048675891642147744,-2302.228233322369,-2688.650389995257,0.008026599884033203,0,412,23683.98973706949,119.0,8869.811033307928,11,9,5,8
7918.370806949536,1972.180118809336,0.00043468112450438165,-3832.1145941036234,-4562.218646809864,0.0,0,379,28395.953518120732,103.0,12614.643928183774,15,10,8,8
6463.39808027544,1803.7282777256814,0.0004896585117963277,-1726.6545432752607,-2432.5168989107347,0.002027750015258789,0,503,26280.93908621632,149.0,13133.695272721605,12,9,7,7
5943.197302561725,1648.550685378165,0.0004756073268487114,-2746.7206048647363,-4224.893963432509,0.00804448127746582,0,365,28225.17132737101,103.0,14113.327740432367,13,9,5,7
6158.124364695183,1698.0216857952448,0.0004694256321021179,-3774.908845295442,-5339.12341435983,0.0,0,337,29766.977394303212,91.0,14876.750184027318,14,9,9,7
6578.590427967664,1802.3521684997659,0.0004838091082149493,-1673.885909721885,-2629.5377026103597,0.0,0,558,32045.20376956902,144.0,15905.194079552908,11,9,11,7
6575.188946204247,1810.937511941934,0.0004566116126772641,-3666.9432599120855,-5438.302815978013,0.0,0,378,31804.316044253937,109.0,15898.362514699496,12,9,10,7
7635.7167723069,2005.7893637538575,0.000534341290260821,-2389.7479054067812,-3242.400279543606,0.008036136627197266,0,545,37050.81110281268,131.0,17644.890253902835,17,9,8,7
7701.82410213903,2006.4603255819056,0.0005402798714650049,-1033.251865508149,-1424.8524909953592,0.0,0,776,37632.33401807904,186.0,17707.339955624513,20,9,9,7
8018.654002287499,2021.67905849368,0.0005418826507197801,-877.9001050475163,-1238.8662059820206,0.0,0,864,39137.60794002977,200.0,17811.330450982117,23,9,5,7
6945.889195609461,1946.0133330394813,0.0005757426721844271,-471.91387504021947,-826.307094912269,0.0020236968994140625,0,1007,33853.27494344264,221.0,14876.683506864749,37,8,40,6
8645.471939567713,2231.5516818594415,0.0005111481693000379,-554.0163214214183,-860.8241435349223,0.0,0,1182,42039.19105037958,260.0,19619.77444949453,45,9,44,7
8360.90921348203,2098.4320486859842,0.0005254860732508651,-226.70602504189276,-315.74364832182414,0.0,0,1597,41274.72698411895,347.0,18641.115489028416,33,9,27,7
9383.91412635134,2422.7248919819062,0.00048590167857565997,-102.83872055404557,-160.98390379121628,0.0,0,2724,45878.03125714295,565.0,21365.44226933585,44,9,37,7
8520.67424503246,2124.3588407435427,0.0005201792364861062,-62.69506433489074,-93.64044264054367,0.008026599884033203,0,3055,41292.09786486096,651.0,17523.339447557577,43,9,46,7
8308.006125738038,2497.631867016843,0.000528895266547697,-24.414702783557196,-52.04336101051399,0.0,0,4698,40180.709553735454,1018.0,21940.799538633975,45,8,36,6
5808.824451155766,1599.4069231662422,2.9591916421413244e-05,-3.0945025051864166,-6.407771371987021,0.0,23,7895,30804.737288262222,1699.0,9389.588598531922,37,31,33,29
7009.908730914698,1974.2039094766026,4.772346119766054e-05,-3.106106870427161,-6.2427736369302655,0.008056402206420898,17,9750,36603.47011755803,2122.0,12129.94328966863,33,24,29,22
7858.489324786338,2299.4721500245473,5.715098346407443e-05,-2.3801381820706538,-5.159054139840861,0.0,13,12289,40083.87545477216,2778.0,14833.186572879706,30,19,26,18
8164.88808970967,2310.3347740392196,6.129241193508567e-05,-2.1595604726763824,-4.4310966095680175,0.0020225048065185547,13,13264,41581.050875867586,2942.0,14590.47694328404,28,19,27,18
8446.637274227212,2459.0052095008527,5.156581896793731e-05,-1.6789207731112246,-3.5997761869799803,0.0,13,14937,41305.58674388006,3447.0,14449.163775883408,29,20,25,18
8752.060715816484,2494.551040493513,6.489662270523049e-05,-1.5344724313914249,-3.2067008872732705,0.0,12,16166,43846.58417343933,3658.0,15310.897227892048,27,18,24,17
9304.723724395342,2749.3828211674986,8.700622718454722e-05,-1.4331397364109901,-3.3187670241223746,0.008060216903686523,9,17890,46817.96177902028,4088.0,20490.75224412261,24,15,20,13
9409.858411464198,2799.166888172301,7.576237448277356e-05,-0.8614167624319728,-2.1251686235840657,0.0,9,20547,46804.87956362423,4944.0,16624.80391949554,24,15,20,13
10941.89508177877,3311.6729210870403,0.00011623195762065701,-0.9861972755750377,-2.3552231173888662,0.0,7,23968,56765.99130219328,6129.0,25396.195067286084,21,13,17,11
11839.409274111995,3611.760914229947,0.0001373332542104301,-1.0021743209561977,-2.3296218257727244,0.008033037185668945,6,26021,61250.76070986537,6527.0,27486.042260887953,19,12,16,10
4853.7069224093575,1252.6505991710462,0.0005692096735751951,-6012.251789648751,-6155.821608946491,0.0,0,182,14295.099968676215,54.0,6619.9404214356455,13,10,5,8
5649.322466281672,1497.0684045940675,0.0005186242188189342,-16134.64031125523,-10828.73572376819,0.002026796340942383,0,141,13988.170098509096,51.0,6603.535499097734,8,10,3,8
4675.978830764187,1278.621514851156,0.0003574430553834646,-8832.289391989923,-8537.552865132071,0.0,0,154,13328.393316480091,53.0,5809.711284716832,9,11,5,9
5779.942874310516,1493.940065125472,0.0005080375433460248,-4447.201322852894,-4570.007555012228,0.0,0,258,18366.20686056616,94.0,8511.730366370743,8,10,6,8
5118.5497049910655,1221.7749001204934,0.0005413461291646735,-5355.965624628701,-4701.321394860162,0.0,0,230,20421.522522364365,70.0,8409.83458292605,11,10,7,8
6637.7614348555635,1735.0159424258968,0.0004465787119844864,-3985.6925025153055,-4513.446126931779,0.0,0,302,22088.001304894304,97.0,10362.593997617994,9,10,6,8
5741.629155579406,1625.7908461176066,0.0005321443200918597,-3013.1717789954832,-3830.4856171955244,0.008040666580200195,0,328,20227.58922287184,96.0,9505.366633296657,11,9,6,7
4694.567589429798,1333.3305141518974,0.000525497133825373,-2784.7661636779562,-3547.0295702420576,0.0,0,314,20698.19080249753,107.0,9849.405851506606,8,9,7,7
6963.583590391521,1873.019484885795,0.0005950341106047037,-2686.229466869752,-3298.055766118196,0.0,0,413,26077.572075113283,141.0,12701.736282714712,10,9,6,7
5712.004088123946,1604.566583583082,0.00051181334986992,-2289.876269221052,-3293.3975318641433,0.0,0,372,23676.22222086041,122.0,11823.044469940636,11,9,5,7
5487.377121580548,1504.3040489937468,0.0005297783318856642,-1775.7508902278723,-2488.5929989910514,0.0,0,432,25820.74274729141,123.0,12813.747420469215,11,9,6,7
6319.466750479674,1680.4701854125972,0.0005765442255942704,-1622.0292174468425,-2062.6172481740587,0.0,0,576,30809.235862045425,167.0,14820.058420071116,11,9,5,7
6689.087593741017,1755.5673906345562,0.0005762667677604906,-3225.5984861361635,-3733.116195821865,0.0,0,384,32357.824757194514,143.0,15399.449374743279,9,9,4,7
7482.447264807072,2005.083780927478,0.0005165375454224027,-728.13546015307,-1088.9385556625587,0.0,0,896,36772.551889178416,214.0,17770.37712126675,20,9,12,7
7103.87854581499,2140.9231193812993,0.0005778280061276676,-163.91541329812327,-347.72933372002467,0.008029460906982422,0,1651,34763.982069332094,363.0,18913.80027222439,40,8,37,6
7917.6948883816085,2381.3388890818596,0.0005781557972682316,-66.82844239017075,-149.08097366770426,0.0,0,2760,38660.57154632376,590.0,21074.605787370514,41,8,39,6
8873.49691185199,2660.893685355089,0.0005789110486632656,-53.96469231530607,-115.56711567846891,0.0,0,3490,42793.0857755783,778.0,23369.27738461207,47,8,47,6
11953.514678889542,3599.4379455240314,0.0006626250856810357,-76.26840207827217,-164.85571740166802,0.0,0,3894,57903.12266874135,847.0,31713.686270852442,45,8,36,6
8505.44714249276,2176.254136298919,0.0005154374875132689,-26.553995051350718,-40.74268500190526,0.0,0,4688,41425.50573055571,1016.0,17292.279086951734,37,9,35,7
4518.570555524927,1165.4016347063468,2.23552936333165e-05,-3.6485274791387,-7.0692694784809085,0.0020194053649902344,31,5926,24236.105404211437,1276.0,6617.633876181274,39,40,35,38
6990.098629193253,2041.5133866073313,5.7172174805041584e-05,-3.1936447591261166,-6.9519568515915235,0.008028507232666016,14,9650,37007.06253986274,2157.0,13409.634296041113,30,20,26,19
7220.837689297632,2081.467040952484,5.296638891766711e-05,-3.0459882746432436,-6.426521668614359,0.0,15,10192,36997.32032909643,2230.0,12877.47355862221,31,21,27,20
7933.9992353179805,2292.545376609887,5.7023234821016174e-05,-2.2748566186680854,-4.793546529331405,0.0,14,12550,39604.657787332704,2765.0,14147.779229445725,29,20,25,19
8382.642931272208,2370.5738448215448,6.477880905628862e-05,-2.204197110037527,-4.415422773143798,0.0,12,13484,41466.13486105847,3018.0,14617.346418861707,28,18,24,17
8412.444664928009,2392.3459448568733,6.270492498378819e-05,-2.0324608524089216,-3.9833984312907518,0.0,12,14157,41942.06747444342,3264.0,15047.163690686371,28,18,24,17
8342.728660511846,2420.7898529837576,7.39343302468885e-05,-1.6579971142586118,-3.654075961434561,0.008029460906982422,11,15180,42755.69897999694,3447.0,15217.71564742026,27,17,24,15
10337.707101046362,3016.1022539224778,0.0001051027325525846,-1.8762154250030951,-3.843429684489619,0.0,8,18303,50313.927373007085,4240.0,22536.983729083004,24,14,21,12
9979.285039369885,2904.7518943761447,9.137731056041857e-05,-1.371929644044208,-2.881937266362489,0.0,9,19165,48940.80392619688,4490.0,21210.007138293702,24,15,21,13
11146.887638094244,3264.548094952544,0.00011092481025799402,-1.579007468415453,-3.1961111844110848,0.0,8,20752,53686.67137125316,4957.0,23296.68781267073,22,14,18,12
11485.891108968015,3429.694898098485,0.00012084885642172427,-0.9802359843694171,-2.14447894026205,0.0,7,24590,57380.39430631136,6255.0,24776.922452422674,20,13,16,11
4307.078478525766,1081.928591267313,0.0005432970265419171,-6648.990476426025,-4731.9234065323735,0.0,0,162,10936.679233967276,57.0,4024.4856463659253,10,10,5,9
3883.080417034139,1091.834426015162,0.0005203199141483692,-6984.317396895304,-7353.435531359376,0.0,0,150,11910.915517527184,49.0,5662.829254177184,8,10,4,8
4437.6226095004795,1092.5956571074153,0.00047852031138750705,-4427.661685787706,-3873.9786442821032,0.0,0,199,13239.339576107934,65.0,5050.979633338287,10,10,6,9
5422.590759857302,1416.0176392169592,0.0004919500371964627,-18178.42407170721,-12606.651234195513,0.002028226852416992,0,132,16959.453177911542,49.0,7987.444339894428,8,10,5,8
6685.388450298187,1601.263070569406,0.0005302274952107409,-5014.895387746426,-4171.203951478742,0.0,0,282,20918.330449909066,101.0,8805.573485699653,9,10,5,8
5790.082855914156,1444.2173107264023,0.0005469449793932253,-5341.355074521572,-4861.740070090535,0.0,0,258,19904.016715231326,85.0,7661.924158971688,10,9,5,8
6911.614180119168,1868.3062694576126,0.0005774464062172888,-2469.6716000323568,-3256.500038679886,0.0,0,454,26342.304293450237,121.0,12894.613299933793,14,9,8,7
7081.691379005746,1931.8127154895924,0.0005395880945314959,-4912.520336667213,-6390.002858101427,0.0,0,322,25490.86698610612,89.0,12624.968558502791,11,9,8,7
7080.408516908291,1854.1929442204162,0.0006174477163135128,-1736.7619028165386,-2064.112379773545,0.002023935317993164,0,547,29042.710952800408,151.0,13757.850755565265,14,9,7,7
7136.308163631053,1867.501131257707,0.0005955607242396973,-1430.720435153137,-1741.3427832965167,0.0,0,596,31042.551868969796,173.0,14698.239639489475,11,9,8,7
6482.357577150008,1756.9734699379703,0.0005233516463872121,-1464.6822680710009,-2202.123102112888,0.0,0,521,31572.676109182557,142.0,15497.573892805856,17,9,8,7
6539.398221323098,1817.381444688146,0.0004478985295682281,-698.5938474104449,-1168.0681037500156,0.0,0,788,32106.23629996316,169.0,16071.56220114055,22,9,7,7
7148.659924117416,1748.4046094610628,0.0005857375684918839,-1641.042040382331,-1930.1865867358133,0.008026361465454102,0,600,34646.30125093093,166.0,15086.786972333168,15,9,6,7
6374.788161761595,1928.7438557985752,0.0006135613297996304,-232.87817762027555,-475.3200124063209,0.0,0,1278,31634.832735518346,276.0,17168.313879523143,25,8,19,6
7611.427344380425,1873.5026100055002,0.0005613909223144414,-537.1199482990625,-754.4632785619501,0.002025604248046875,0,1089,36879.246820435954,243.0,15845.391880683608,36,9,36,7
9852.22208154925,2965.1207670657914,0.0007028898133991194,-370.4888462104288,-752.8896199958865,0.0,0,1488,48170.625969661494,322.0,26280.378971950733,42,8,24,6
9190.263025756169,2771.0391284351954,0.0006118020579344157,-65.21827673247654,-139.07382434494355,0.0,0,3263,44978.35714900277,714.0,24565.59111651373,40,8,36,6
11491.67534244054,3468.621452398234,0.0006619155868509028,-66.20803442103886,-142.99290185895458,0.0,0,4046,56055.90641971106,842.0,30687.198963668066,41,8,31,6
5741.573487186319,1635.6417647959834,4.214903691940049e-05,-3.166088641658866,-7.035197101228205,0.0,20,8015,32497.290925497044,1713.0,10889.191442685034,34,27,29,25
7030.77575869654,2036.8807187387135,5.818992912770122e-05,-3.2430946896196513,-6.926119560325798,0.0,14,9625,36671.26161975526,2114.0,13253.907924080304,30,20,28,19
7225.3626629772425,2049.1248912968485,4.549089918444884e-05,-2.6000423106679276,-5.31963675218063,0.0,17,10610,36351.93202094799,2343.0,11989.999815727653,34,24,28,22
7090.753338073035,2047.3210807379762,4.194630299897106e-05,-2.1558852438563627,-4.587100834633609,0.0,17,11407,36446.358716049275,2467.0,12435.60289141264,33,24,30,22
8344.099425588347,2348.895777536548,6.59113025559585e-05,-2.7078172475372644,-5.247131973532528,0.0,12,12435,40486.867976678186,2744.0,14585.84409754401,28,18,26,17
7916.742501937671,2247.412966980291,6.804616819475345e-05,-2.0954451548662147,-4.2523551688383545,0.0,12,13207,40959.72034249804,3005.0,13763.492198661974,28,18,25,17
11224.994534851927,3251.343674990938,0.00013248703632791928,-1.186276229070855,-2.4215775687023546,0.0,7,22798,56112.785185352914,5623.0,23494.705949615643,20,13,16,11
4041.581977829311,1058.5154490489533,0.000612011223747709,-4056.2234882696084,-3596.9497774437637,0.008038520812988281,0,192,11396.777770489338,63.0,5302.076705604386,9,10,5,8
3900.7367176617745,946.3195099693569,0.0005022438579518638,-2761.2390387801925,-2359.3669941450653,0.0,0,229,11829.195503938507,70.0,4762.088104485196,11,10,7,9
4700.833772198985,1142.8666906811516,0.0005374431453868924,-9704.319955474846,-6410.885169776297,0.0,0,148,10668.027671680815,46.0,4194.136373181769,9,10,4,9
5768.964561117794,1539.9337977425487,0.0004496729690581485,-5968.340118739641,-5862.562282403388,0.0,0,218,17310.01917633865,73.0,8256.770986565658,9,10,6,8
6276.514158600081,1508.3921690637346,0.0005579035779766226,-3980.200660641146,-3494.419993093916,0.002024412155151367,0,305,19213.562719514353,93.0,8121.837265239916,9,10,5,8
5003.686172182274,1409.3630162280028,0.0005920496070389081,-2689.907530005225,-3271.1006319458147,0.0,0,306,17196.983139786662,103.0,7980.622164754583,9,9,6,7
5133.949254551104,1483.7405459223978,0.00058363165008786,-2841.568039407742,-3757.6949159094765,0.0,0,301,17535.645545656447,93.0,8724.411851178145,11,9,6,7
5739.483650537829,1544.4880189168982,0.0006057624709452363,-1639.6751575495678,-2188.9608882824573,0.0,0,471,25459.06580148156,137.0,12389.22480942442,12,9,5,7
6597.848706928603,1655.9790343085467,0.0006116202293232411,-1267.412286338552,-1614.5265047073774,0.0020227432250976562,0,618,32117.60105135313,146.0,14571.681409326375,13,9,9,7
7288.852428106939,1893.5418598125239,0.0005602228781205368,-1172.6312523136382,-1656.3422479212982,0.0,0,698,35595.68999407457,191.0,16690.12768836913,18,9,6,7
6922.575601043733,1697.0200793451095,0.0005959318421215255,-898.5674023054398,-1135.723812893258,0.0,0,732,33743.550835355614,176.0,14781.439721534989,14,9,11,7
7525.955247156227,1858.698424379001,0.000564337044019655,-382.00727732924537,-526.5262158477948,0.0020203590393066406,0,1132,36836.05589525527,255.0,16381.306913272114,33,9,19,7
9881.521744668154,2967.1866572170356,0.0007299934628670908,-588.4751770690809,-1175.7260327040385,0.00802755355834961,0,1214,48206.25802837258,286.0,26281.071409682627,28,8,28,6
8303.579151208902,2070.0200181289547,0.000529199119153209,-41.34752412728303,-61.40474274660456,0.0,0,3671,40181.072165591875,767.0,17054.748413603033,47,9,35,7
13779.984318217454,4162.402893252688,0.0007303419802811997,-74.09103492203509,-157.75799539052326,0.002018451690673828,0,4617,67135.97433149195,1011.0,36774.19733018332,40,8,39,6
9844.702871760013,2675.979178117536,0.0004104041029080149,-26.481202931743304,-46.051459734801234,0.0,0,5518,47008.44463258052,1188.0,23282.994431710227,44,9,44,7
6099.168883554894,1755.0465971256244,5.081340212201762e-05,-2.455623620053208,-5.623816109057046,0.0,17,9413,34604.10029715713,2044.0,11562.713005448928,32,23,28,22
7255.632120625614,2077.732648973017,4.779961849991561e-05,-1.86809219380058,-4.042594160543969,0.008026123046875,15,12306,37324.211584034354,2702.0,12326.292276859942,31,22,26,20
8344.766167015921,2490.897204850734,7.702060492054582e-05,-2.105999611872658,-4.6936600256933785,0.0,11,13648,40317.184856492364,3130.0,15592.617324279166,27,17,23,15
8382.332379450238,2423.06833761493,9.116266068367833e-05,-1.347378232302591,-3.006480998915678,0.0020232200622558594,10,16902,45989.571940412716,3953.0,19685.488246350098,24,16,23,14
8799.002640245119,2705.243983445415,8.851782594229999e-05,-1.1980602448165856,-3.2046503733941067,0.0,9,17878,44317.39960875772,4191.0,19724.66220642812,24,15,22,13
9526.669841309667,2813.9322640082187,9.137788488913785e-05,-1.282372404734895,-2.877308973660053,0.0,9,18769,47223.820747321406,4343.0,20605.893422398454,24,15,20,13
3939.896330233705,1004.6308554880462,0.000651423792838783,-5143.660654292903,-4822.10597246795,0.0,0,161,11992.132993680812,51.0,5472.087724381439,7,10,6,8
4792.593341187526,1179.2779710961622,0.0004480254907834266,-8316.309235311208,-6787.53346020385,0.0,0,156,13063.048843189914,50.0,5562.302376802414,8,11,5,9
6128.4265271182385,1536.087675003269,0.000552156090215347,-4469.819915761946,-3733.757660506789,0.0,0,268,18057.83438071638,92.0,8078.601316676664,10,10,5,8
4591.68124724376,1318.4720072506434,0.0006102643294999349,-1894.9857587063955,-2721.161209327447,0.0,0,330,16676.885521246953,101.0,8276.837386220799,13,9,7,7
6269.387192861326,1663.1645347393821,0.0004394849389107281,-3522.5915803468206,-3532.219902440735,0.0,0,320,18925.56342760849,110.0,9012.234817401393,10,10,5,8
6034.430344060884,1688.850749831637,0.0005881753261386856,-4004.515359344474,-4074.328545574295,0.0,0,305,18816.755295104107,103.0,9338.410304614263,8,9,5,7
6526.109039807853,1656.1599029737874,0.0004781086419532219,-4197.634535286199,-4494.244955520075,0.0,0,299,22703.49040305016,95.0,10317.421349299104,11,10,8,8
7467.881951826771,2037.601858497068,0.0005610257410760095,-6063.7499310489875,-7349.188935485803,0.0,0,300,23613.756671540774,83.0,11681.157673340917,12,9,4,7
7312.411847729436,1760.7784559689676,0.0004888099828774038,-12802.673694514395,-11224.17979360302,0.00202178955078125,0,200,23921.688588128774,63.0,9621.733073385505,9,9,4,8
6319.67181909328,1601.5940650100968,0.0006507614529389847,-2289.6593499261116,-2673.329518555034,0.008032560348510742,0,432,28638.817673584635,130.0,13131.850578463513,10,9,7,7
7289.91534482443,1974.2791649249823,0.000552923010452766,-2857.3504789836174,-3742.1299267853674,0.0,0,440,28200.38533347008,129.0,13832.5615988196,11,9,6,7
6199.567558532102,1636.9611729056646,0.0005945094875411083,-1140.61979766973,-1594.1263761858168,0.002020597457885742,0,629,30318.096587091044,166.0,14463.541001830134,11,9,7,7
6639.803309904772,1716.4382888453451,0.0005937376947628393,-1861.0089532854631,-2160.12402803445,0.008046865463256836,0,527,32282.655274902056,145.0,15109.27630063233,12,9,4,7
6294.811207598534,1725.0647752423693,0.0004966989825779419,-2015.3367218147175,-3231.6054674396005,0.0,0,459,29875.052973719256,120.0,14834.697845055547,13,9,6,7
6676.9157903184205,1997.0728583943853,0.0007010710995579143,-956.5082480084399,-1737.2584282058779,0.002015352249145508,0,674,32641.895477269172,184.0,17692.25064990457,10,8,4,6
7292.675569259906,1900.8284577868283,0.0005564870470134509,-964.087249989391,-1399.237452843789,0.0,0,741,35654.762354735445,182.0,16783.910286043145,19,9,8,7
10437.016825716792,3126.1137035588877,0.0007491244073071088,-563.0824643598369,-1159.9625688774638,0.0,0,1332,50551.18041000426,290.0,27564.740907148283,48,8,45,6
9616.322411108953,2894.4637561794098,0.0007074053069275475,-247.09987341004353,-505.77562067272555,0.0020225048065185547,0,1747,47107.15284256031,409.0,25687.89290522394,40,8,37,6
8836.95805964274,2658.352393079375,0.0006643014590548883,-156.99216156105774,-334.7723944628912,0.008056163787841797,0,2014,43184.36108472324,431.0,23540.71108808752,43,8,33,6
11324.742795888655,3399.286945896781,0.0006523279197843333,-45.139080090225136,-96.95533567157396,0.0,0,4943,54503.43975714347,1063.0,29831.876780617444,42,8,37,6
5233.88784954355,1415.517596171192,3.018999168123171e-05,-3.7541474129981713,-7.521038255253986,0.0020220279693603516,25,6594,27846.029016652446,1402.0,8324.417576721891,37,33,33,31
5419.232086753363,1521.1961917357808,3.664791192851093e-05,-2.4243273788446986,-5.209146035166924,0.0,21,8528,31607.06550815677,1843.0,9926.054739358538,35,28,32,26
6344.55615420737,1834.5940396433623,4.2733634997130106e-05,-2.059737653804575,-4.672533933184531,0.0,18,10541,34702.59579768212,2254.0,11819.854427609198,33,25,32,23
7104.533294921125,2081.570421760054,5.774125674902599e-05,-2.4546572522786296,-5.342723572359225,0.0020194053649902344,15,11012,37168.55016779567,2420.0,13470.314678997973,32,21,27,20
8191.452587816609,2341.5109397802885,7.308736354857177e-05,-1.9452595683846425,-3.9690488099644536,0.0,11,13757,40889.431883342215,3210.0,13672.733403227252,27,17,23,16
7784.1861165800565,2422.326951679998,7.776073659610985e-05,-1.425500676985731,-3.8693276030334847,0.0,11,14931,40376.84631552873,3358.0,17318.38779256042,27,17,24,15
8532.938352957246,2516.5855760735003,7.616263131486222e-05,-1.4339115667987818,-3.1782245797860975,0.0020279884338378906,11,16163,42409.878319128846,3780.0,15361.773270025511,27,17,22,15
10626.874627117828,3125.24634184715,0.00011667813203206272,-1.1398648054964116,-2.4725380756937243,0.0,8,21897,53417.97193853389,5347.0,22757.4820057013,22,14,18,12
10337.409002919654,2964.9212828041495,0.0001661346730671364,-0.3551735285942246,-0.9368197745982565,0.0,6,27183,55040.56924437338,6959.0,20893.49972002174,18,11,16,10
10647.729132885388,3097.147342513995,0.0002023568729638876,-0.32736338597277026,-0.8780233516591629,0.0,5,28866,57621.07908270041,7768.0,22631.22769775673,17,10,13,9
4837.7489151120335,1316.650697409092,0.0005156202304386896,-8495.274250737513,-6073.831170487408,0.0,0,157,12884.965168995172,73.0,6110.818020236424,7,10,5,8
5618.701196520968,1374.35093500761,0.0006118368026028261,-10341.430432411204,-8653.766939388728,0.0,0,172,15963.639068641583,49.0,6943.8613708099965,9,10,3,8
5606.519964909201,1422.396654284961,0.0005607632092430929,-3831.938770651528,-3523.1666352058155,0.0,0,272,16701.455988527843,82.0,7582.689551129366,11,10,7,8
4474.5560547170335,1280.7630459134696,0.0006634994375982509,-3082.776635081891,-3754.2463573804775,0.0,0,244,14640.254833186478,79.0,7236.6053382050195,11,9,3,7
3664.0854367997495,1007.6332012100996,0.0005962806634861146,-4327.139853910752,-4211.739735640176,0.0,0,164,10129.755406347325,60.0,4760.263230421875,9,10,4,8
5474.057396208436,1314.3010565361137,0.000610264077698956,-5140.884317423282,-3976.3965283500515,0.0,0,239,16683.23956500445,76.0,6733.560286307173,9,9,5,8
5597.806846050302,1573.5721824814134,0.0006438118549009008,-3188.2720782240776,-3700.29911713725,0.0,0,313,16052.667099254868,82.0,7935.067928396795,10,9,5,7
5827.287549543722,1405.0656752094474,0.0005868576866143206,-2796.575072909521,-2577.700687437719,0.0,0,353,17745.97149095579,96.0,7127.221506869482,10,9,6,8
5754.616804863013,1408.049086150784,0.0006689214493541621,-1276.0620253116388,-1527.2875713575659,0.0,0,527,27947.439812242075,145.0,12086.745663430072,13,9,4,7
6714.601091089454,1785.3682098080562,0.0005735368085208301,-1943.7899297368815,-2629.186857161534,0.008025646209716797,0,506,30763.64363238206,134.0,14818.598968633072,15,9,9,7
5472.085182947145,1635.3206744897666,0.000661962323165083,-765.4868622562933,-1430.1170720252696,0.0,0,650,26825.375462295495,175.0,14104.557639405626,19,8,6,6
5862.611527762023,1749.8608579542674,0.0006716322260330224,-941.191636038548,-1747.1889149310707,0.0,0,649,28676.5949262641,164.0,15515.42127233337,15,8,7,6
9210.173363024496,2769.7875482945833,0.0007793528604432005,-496.39313119268087,-1009.3076221528582,0.0,0,1240,45187.30992955966,263.0,24577.237585225397,22,8,12,6
7504.416277346031,2256.3001123539793,0.0006484961196613089,-207.03121474877,-454.44059518491315,0.0,0,1519,36857.99928243806,320.0,20044.339720044518,44,8,44,6
11873.094773129773,3570.0044694254248,0.0007930574127311753,-263.23284822127135,-549.1018461205699,0.0,0,2119,57938.9801218967,455.0,31610.857104454713,37,8,36,6
8453.042783557288,2540.7601611650193,0.0006267858223693257,-71.79750472204374,-154.674308267551,0.0,0,2864,41186.09403208175,606.0,22452.919901337315,45,8,39,6
7712.041303982119,1964.7932645952942,0.0005480828768009327,-47.35388752545476,-72.88767648274077,0.0,0,3149,37605.65615952353,673.0,15698.488801721549,41,9,36,7
16237.419739981455,4896.149493615304,0.0008234922744863086,-89.22136472633841,-192.22233800908586,0.0,0,5016,79069.78819018604,1046.0,43242.64079658431,38,8,34,6
4965.808837408741,1394.3286688564056,3.739746915999415e-05,-2.936818918575603,-6.539600529443293,0.0,24,7206,29129.000507431483,1604.0,9083.97189716023,35,31,33,29
7285.471727738587,2111.8536316947047,6.011462702972049e-05,-2.7407157580536556,-5.788392526626414,0.0,15,10643,36438.454988980855,2396.0,12965.21882074511,30,21,28,20
7770.220733070212,2338.884829914032,7.987526181016433e-05,-2.0213455470817143,-4.7406074107084075,0.0,11,12918,39096.39969017716,2981.0,15840.20378471963,27,17,24,15
7847.122109986781,2378.8849479851633,8.417204674046578e-05,-1.8374170985108416,-4.4548861576729,0.0,11,13827,40041.42586303369,3111.0,17281.008294116444,27,17,23,15
8477.245633607818,2417.6122278112025,9.392245237166583e-05,-1.945887490891721,-3.9747041304108333,0.0,10,14575,43639.442808554144,3305.0,18788.160965699586,25,16,21,14
11365.72978596678,3357.3718943020303,0.00016237171381186196,-0.846891659760348,-1.905335675783249,0.0,6,26244,59784.81868537411,6566.0,25467.40195508649,19,12,16,10
9264.68267639007,3259.5105306225073,0.00020798330243426743,0.0916306526821965,-0.832096148173578,0.002023458480834961,5,29772,50133.564509054806,8097.0,19300.70414820801,16,10,13,8
4173.1611067552785,1147.1745603605311,0.000563218999282858,-12116.106603838742,-11240.485453165371,0.0,0,120,10479.358851551464,34.0,4642.35268574271,8,10,4,8
5340.634233694193,1282.4119407522744,0.0006064917716554346,-2188.2068047158136,-1857.0020446855865,0.0,0,352,16699.941809530297,114.0,7005.533434603494,8,10,5,8
5845.055045020614,1550.613259503279,0.000715445312279318,-4501.739822098253,-4443.278863216628,0.0,0,277,19990.227560498683,102.0,9611.89803716639,9,9,4,7
6023.887614010205,1630.6125227982182,0.000635569201054443,-2611.646541132513,-2985.1208327157274,0.0,0,351,20737.513674145182,103.0,10161.246257292558,8,9,5,7
7006.646906612271,1716.4844107275717,0.0007054918255510404,-1651.146046244083,-1664.9880370469457,0.008024454116821289,0,550,25534.67649015519,149.0,11214.253326410304,11,9,6,7
6815.000657257799,1776.4518031386601,0.0006388201257902152,-2368.6413209473367,-2855.2445098054727,0.0,0,463,27723.16814252083,133.0,13076.60344940507,11,9,6,7
6279.396022929395,1866.422638184444,0.000814712292302484,-1426.4792208459614,-2422.255777239055,0.002025604248046875,0,556,30578.056365085456,155.0,16510.666010635694,11,8,4,6
6622.519899147982,1982.2701253071882,0.0007643476107667994,-606.0569325757708,-1131.8747351275126,0.0,0,875,32538.659766633325,219.0,17609.73997355908,13,8,13,6
7320.1025756629815,2193.6300783600927,0.0007353991526621353,-692.4342781374638,-1253.0255736145364,0.0,0,869,35886.21310526141,215.0,19467.79825773646,14,8,5,6
8590.341724045293,2582.1812982922033,0.0007063201284131936,-291.70296832760107,-600.1852034227794,0.008020639419555664,0,1474,42103.54577851153,334.0,22918.26331470981,39,8,33,6
6818.812365282635,2055.5482943442803,0.0005844693554377724,-77.97221319142962,-167.5468910765401,0.0,0,2261,33212.325794495104,482.0,18051.51583281922,48,8,38,6
12267.119777772063,3699.272279301926,0.0007779882059737234,-133.16188105779335,-282.68408373133104,0.008038759231567383,0,2940,59976.59513394838,625.0,32753.508300359274,36,8,27,6
11216.297700098388,3384.3120590001276,0.000726199198346698,-85.05800479169505,-188.29322797041723,0.0,0,3499,54874.88967919709,719.0,29977.952112245213,42,8,38,6
12257.428827487334,3703.408064557106,0.0007089271607588889,-53.54875176364757,-114.53915666618163,0.0,0,4830,59826.0728066921,1029.0,32739.925368464435,39,8,36,6
14183.876214458909,4293.101512628882,0.0007489432417096301,-52.97241802693267,-114.58983223705359,0.008028030395507812,0,5645,67998.73917181836,1209.0,37230.344384083044,37,8,35,6
5668.42372703008,1591.172000188821,3.451974965208666e-05,-2.562593606434106,-5.469348368476647,0.0,22,8301,30024.570060549137,1809.0,9164.327220143341,35,29,32,27
7063.633718233033,2054.324993230637,5.977472078587385e-05,-2.7294269047673705,-5.817521332314929,0.002022981643676758,16,10267,35556.41022284392,2240.0,12577.075392583498,32,22,28,21
7382.137386396878,2111.270839774336,7.038648339930157e-05,-1.702725569113087,-3.663418863371154,0.0,13,13231,39370.77950721479,2961.0,13189.335078868833,28,19,25,18
8109.376921637673,2318.293053328022,7.005445541573875e-05,-1.2856953431931255,-2.7835719744846426,0.0,11,15995,41690.97797607129,3695.0,14363.990411310537,26,17,23,16
9856.607872620227,2865.497727653367,0.00011863909622968419,-1.164837500405533,-2.4659279894389665,0.0,8,20614,52080.977194395746,5008.0,22075.888098779003,21,14,19,12
11223.114553583831,3261.5483429221654,0.00021319877157815475,-0.7227313266227029,-1.5491789059042973,0.0,5,26986,57839.538687590226,7042.0,23174.190277517657,18,10,15,9
4831.829211259845,1180.6747714391759,0.000658680404605068,-4555.690194792809,-4053.276412167239,0.0,0,217,14063.99915089505,62.0,6090.2805357163525,10,10,5,8
4646.81632319596,1140.8637809402603,0.0006386387023467105,-8195.537072009058,-7234.6240528663575,0.008049488067626953,0,156,14747.052384396691,54.0,6441.200180538392,8,10,5,8
4947.301506306499,1219.0324749052804,0.0006614629272418172,-2464.0345092355287,-2147.9303763141525,0.0,0,296,14608.053218150028,89.0,5668.379407353026,10,9,5,8
5339.521746287117,1465.906820935341,0.0006911148283700338,-2790.827182951416,-2934.575863963291,0.0,0,300,15596.076894445918,96.0,7661.6047202644,9,9,5,7
3538.9093781443667,876.9497284716674,0.0007197759316850841,-3597.8109080141417,-3074.7515309836085,0.0,0,193,11631.728991817557,61.0,5119.5826760681375,7,10,4,8
5239.459410484216,1357.9527506232093,0.0005087756708297036,-6361.428787229372,-6069.903190155919,0.0,0,204,17471.124310609197,67.0,8146.178870336269,11,10,6,8
5912.368237349994,1547.9261515528922,0.000697503161188681,-3319.428941171612,-3399.8258586817747,0.008033514022827148,0,342,23039.547993086435,114.0,10922.753064643919,9,9,4,7
6996.158078456658,1785.5697809796197,0.0007200032624828682,-3831.0645594579264,-3833.6112720220785,0.0,0,356,23638.363840323756,110.0,10908.219029369626,10,9,5,7
5698.099316646466,1524.5169902622404,0.0006219988110472974,-2505.2583447728707,-3110.802854695416,0.0,0,415,25061.19963443638,128.0,12141.034045326349,10,9,6,7
6805.359461172275,1788.9287804823928,0.0006453197858292653,-2283.843196119647,-2749.8532640221306,0.0,0,425,26341.011542515338,131.0,12523.625537763503,10,9,5,7
7321.9140388926,2195.2948377642474,0.0007525204901367185,-555.6186330215884,-1008.3095407952995,0.0,0,971,36008.30349137843,242.0,19526.946883196477,16,8,7,6
6681.446985170963,2002.681675101515,0.0006880006103988826,-484.33910932288813,-944.3941722687028,0.0,0,941,32813.48075798447,210.0,17791.9084317475,20,8,18,6
8372.97303432458,2515.06348172132,0.0007563708235681728,-456.683895671446,-934.3348652270513,0.0,0,1141,41108.847173628346,251.0,22339.73060940316,24,8,15,6
9822.795910934812,2961.1694840747905,0.0007444563822982126,-190.2137039828944,-398.4113320220571,0.00202178955078125,0,1985,48296.28703988122,438.0,26320.044721373284,34,8,34,6
7338.403469252513,2194.6927929157555,0.000604279350038145,-74.56129338692868,-163.67228672230542,0.0,0,2484,35633.902267045334,538.0,19385.13269173995,45,8,45,6
15569.131430835949,4708.424250573838,0.0008554253064141287,-87.02541109516308,-182.61282992151578,0.0,0,4726,76432.47855930176,1024.0,41729.83598675576,33,8,26,6
10289.771255871952,3114.047856835513,0.0006588773533588359,-37.5526857122985,-81.23537518364007,0.0020236968994140625,0,4776,50485.89742902146,1013.0,27594.81710444158,38,8,37,6
6361.941660275784,1821.560689708637,7.04980241329253e-05,-2.554728352522889,-5.523961016635096,0.0,14,9718,35272.2243791151,2184.0,11854.475285213022,29,20,26,18
7136.85330390458,2018.825016961739,6.69486224958318e-05,-2.6147952343212735,-5.222864882084059,0.0,14,10736,36707.69789549269,2390.0,12805.008512824483,30,20,25,19
7717.328157030217,2303.79967093214,7.634431542911315e-05,-2.0533803438539304,-4.583052340089845,0.0020186901092529297,12,12548,37953.0694380607,2900.0,14554.540563060309,27,18,24,16
7876.651569535099,2431.8604624787695,8.479217944849244e-05,-1.7379004083806486,-4.330611061855047,0.0,11,13936,39197.832563298834,3186.0,17025.84521417124,27,17,23,15
7602.62786467831,2198.0293153846724,6.225366195144485e-05,-1.3384238638071886,-2.971413284421419,0.0,13,14677,39649.39414209295,3350.0,13916.436049649488,28,19,24,18
8338.682526455335,2392.399342169397,0.00010732741147876501,-1.5135556632928444,-3.2740707053360243,0.008047342300415039,9,16615,47007.01426645188,3978.0,20254.943934028764,25,15,19,13
12110.542244139282,3525.1457413968265,0.00016954653334126844,-1.9472578417765054,-3.7488076869310607,0.0,6,21702,58588.67998583263,5172.0,25676.301017203717,21,12,18,10
10518.187486033528,3031.453666638481,0.00014562654939725308,-0.9780791288188535,-2.0098410225388053,0.0020227432250976562,7,22483,53301.52577847492,5607.0,21470.742950443884,20,12,17,11
10691.438026249461,3165.1576444666375,0.00013443742756985252,-1.0506373776770457,-2.339700750283377,0.0,7,23350,56140.190789563196,5794.0,24441.019932238225,20,13,17,11
12615.363963828973,3826.2132398535346,0.0001984851923620354,-0.8254002180636613,-1.8192634586772525,0.0,5,28798,64461.0869796877,7796.0,28228.617834550416,17,11,14,9
10055.855902717845,3083.6188475545214,0.00028517908075057337,-0.06937617714304678,-0.6296887716101462,0.010036230087280273,4,30286,53801.0714150736,8385.0,19255.158972832985,16,9,13,8
3483.9643478704143,916.9830026745808,0.0006082767140736956,-4674.21377157146,-4260.86206282038,0.0,0,165,11302.678729136325,64.0,5268.7713086215335,7,10,5,8
3773.936151972857,977.0610427990846,0.0006078906797562118,-4392.663157202862,-3890.703968928789,0.0,0,185,12239.207480047535,63.0,5671.385013304625,8,10,5,8
4783.560980192421,1144.9499554048205,0.0006889278523371402,-4951.372119097309,-3824.457686732292,0.0,0,218,13594.556280058372,59.0,5632.712853287347,9,10,5,8
4905.402393249298,1324.6906980177864,0.0007645696666047986,-3189.73217734899,-3585.5588813755767,0.0,0,260,14446.93712266339,69.0,7035.37581887695,11,9,4,7
5805.947797490049,1482.8513828741388,0.0005608176272254984,-14479.062141342727,-12246.22223917091,0.008027076721191406,0,147,15890.199027202574,51.0,7289.84555659434,7,10,4,8
5051.255193744846,1348.089345447684,0.0007617398405494547,-1692.29988499628,-1984.90250418966,0.0,0,376,17232.44894675945,110.0,8295.84443727064,10,9,5,7
5529.139255827353,1484.5091452134143,0.0007029786387225305,-2200.0686146593735,-2437.9014872891767,0.0,0,374,18810.76989678351,120.0,9129.654533904886,9,9,5,7
5590.269765237671,1499.8303820310937,0.0006716377826425654,-2333.0652006964187,-2770.8649444687285,0.0,0,376,20851.023203491797,119.0,10120.966776198373,10,9,6,7
6532.24756924366,1736.6772467053395,0.0006829024790335812,-2604.7426478608604,-3273.986594863772,0.008044719696044922,0,388,22032.174052136026,106.0,10590.224878304409,11,9,6,7
6578.074160987149,1604.5354930202989,0.000508407879639524,-5984.273838154393,-5259.49354252314,0.0,0,275,22165.218475207224,88.0,9616.896759043415,10,10,5,8
6044.921018614461,1594.9533426881203,0.0006469836320951683,-2663.894711727886,-3195.1675864610115,0.0,0,399,25580.685092210417,115.0,12224.151154935425,11,9,4,7
8163.920542696598,2444.281882742285,0.0008138360000132156,-785.3883880410413,-1419.4777286243416,0.0020372867584228516,0,945,39980.158336783614,220.0,21683.407349363813,14,8,6,6
8567.150168648477,2567.700317973231,0.0008169442513805347,-628.0425157558461,-1211.688136857002,0.008039474487304688,0,1059,41983.12086574448,240.0,22784.740011034883,19,8,10,6
8548.292856083364,2563.8495544652587,0.0007986488929294335,-665.8893455222734,-1206.8890607169594,0.0,0,1015,41951.87942030987,267.0,22779.36907790418,12,8,7,6
9564.451880465798,2872.73345225826,0.0007950249505369495,-350.1802130126123,-722.2855258716353,0.0,0,1445,46819.37804952971,315.0,25467.165313591482,32,8,30,6
10623.100536661117,3202.442802291768,0.000828639628387072,-245.444580068613,-524.6985246705678,0.010073661804199219,0,1906,52258.24647568299,390.0,28439.842769220282,31,8,24,6
10829.01760847037,3241.0520457818793,0.0007632124093960893,-221.2629919305977,-468.4866923046011,0.002542257308959961,0,2160,52305.12675000576,448.0,28523.582443596533,52,8,50,6
9633.202466601715,2901.348946672383,0.0007071650238945564,-113.97477715833769,-241.535186562524,0.002028942108154297,0,2567,47107.15284256031,568.0,25687.89290522394,40,8,36,6
13704.237921859894,4137.612915973145,0.0008340204266440109,-113.34485265323738,-242.48013880432904,0.008055448532104492,0,3659,67147.31441326345,775.0,36646.63247907079,34,8,33,6
13284.72885708864,4004.6570221350876,0.0007871463361610582,-90.1292971170068,-194.88266593118615,0.0,0,3977,63214.655179787245,860.0,34534.525267017976,41,8,34,6
18404.213671603145,5517.104436803691,0.0009576709518235031,-102.96802014238837,-216.35075622484382,0.0,0,5331,89624.86057382819,1142.0,48686.15712448186,35,8,30,6
4448.379384915839,1219.0674579872534,3.222484497364202e-05,-2.805486743585431,-6.343022932863102,0.0,25,6560,25534.16324315174,1421.0,7582.440651760395,35,33,33,31
5317.367397346505,1553.0923350897008,5.9832286542980274e-05,-2.796013351308723,-6.873452116801985,0.0,18,7762,30931.651400399598,1692.0,10416.23442499022,30,24,28,22
5944.030326736819,1697.0320976049186,5.3096340362499464e-05,-3.117516892872409,-6.710206071061162,0.0,18,8066,31398.652729674726,1748.0,10302.087118077427,33,24,28,22
5552.84016212403,1575.4026586263842,3.751687494168711e-05,-1.999677220540807,-4.549879504531509,0.0,21,9162,31094.892263788468,1963.0,9883.900233943883,36,28,31,26
7024.61086282265,2004.3323978140102,7.207958434212064e-05,-1.9363161361847587,-4.117773303379546,0.0,13,11995,37812.906948980184,2757.0,12549.858959428318,29,19,25,18
8481.613775537926,2373.732227036998,0.00010286380493315355,-2.17620272131924,-4.168271546338545,0.0,10,14063,43268.91848861761,3163.0,18122.704412401858,25,16,21,14
10287.794035417344,2917.834473341995,0.00013009132003618138,-1.829484452040191,-3.3761909002817267,0.0,8,18134,49933.84070305205,4339.0,20813.548885405326,23,14,19,12
11179.535541219007,3207.1800511345014,0.00015031472022288545,-2.026202289529585,-3.8154649358596915,0.0,7,19445,53481.28590159067,4589.0,22884.28986082854,22,13,19,11
10460.228936826212,3046.9930107197442,0.0001246774333490356,-1.108934868020746,-2.289581127008102,0.0,8,21692,52376.70202671335,5377.0,21934.41242947633,22,14,18,12
11669.959647602145,3421.886301990095,0.00016809596301570616,-1.0730225724236524,-2.156974320840278,0.0,6,25038,58539.089106030035,6413.0,24871.060507694114,19,12,15,10
10974.181967787594,3152.2540124775983,0.00022336767860683382,-0.48513114039930505,-1.0907208706640317,0.006533384323120117,5,27727,55479.486182763605,7175.0,21115.019028404153,18,10,14,9
8506.709346574444,3100.7084708539724,0.0002459763081785662,0.22603283677474217,-0.6780114316810726,0.0,5,30987,50487.928095194075,8472.0,22039.275633227313,16,10,13,8
4433.117199716152,1064.6231843873752,0.0007547109527622889,-3578.1095312376697,-2484.817994594024,0.0,0,222,11654.485055259855,74.0,4725.788919692188,10,9,4,8
4906.073807655892,1340.00418204389,0.0007143224937876329,-3337.212532718483,-3572.9682460583863,0.008041620254516602,0,250,15191.94756193534,87.0,7445.365872651146,8,9,5,7
5747.040995935321,1563.5926778114022,0.0007021008049438958,-5964.8857321606165,-6160.0924214753195,0.0,0,218,15889.205448428185,67.0,7786.814586382348,9,9,5,7
6863.286790215116,1781.9594915351267,0.0006614717549409807,-2695.4888860009537,-3135.107653940119,0.008022069931030273,0,422,26393.872461275063,122.0,12388.776954569825,11,9,6,7
5497.844566641493,1386.3371027400494,0.0007226763467392106,-1162.51888210864,-1438.9859979552914,0.0,0,538,24264.315132107346,137.0,10070.922030181304,15,9,4,7
6188.44224535459,1666.2393981145008,0.000549509233197046,-3135.7961510804917,-4287.066653447057,0.0,0,345,29937.069092090645,103.0,14628.836790169094,11,9,6,7
8360.078147947508,2499.694902184699,0.000823229845585759,-861.22213057115,-1646.923751984908,0.0,0,864,40819.45747539615,216.0,22139.905914846313,16,8,6,6
8927.302244192095,2690.414767799399,0.0007688417581460716,-213.79094405008118,-437.70186108853886,0.0,0,1689,44096.70519939428,382.0,23981.91685361437,28,8,26,6
12920.187693181486,3876.356795149641,0.0008926234304919138,-322.83486673308374,-636.7496269318553,0.0,0,1988,63085.4310515872,430.0,34326.70344232133,40,8,30,6
10244.607183579374,3090.9565344810158,0.0007469453684015461,-129.08421723000157,-271.5790304245383,0.0,0,2540,50355.95369752537,551.0,27457.941838669896,35,8,31,6
13110.52048977066,3952.81799435792,0.0007766147218184633,-71.67349325041425,-150.46406198359057,0.008028507232666016,0,4449,63879.34779365346,962.0,34914.27972292446,37,8,35,6
14765.325189333027,4454.441329690278,0.0008036006005574369,-63.80381840623973,-132.90701451718832,0.0,0,5383,71944.693898423,1164.0,39338.72906354221,34,8,32,6
4699.34335486119,1334.428126037907,4.186836579341743e-05,-2.840856065339511,-6.821037356954956,0.0,24,6831,26853.18714096213,1475.0,8551.925124166133,34,31,32,29
5066.7222341033685,1412.609411503379,3.76503532878358e-05,-3.0904706903466153,-6.55259410590809,0.008058547973632812,23,7031,27682.342485864112,1541.0,8596.984580580895,34,30,31,28
5316.899509371496,1522.613253415372,6.347672299355492e-05,-2.7192111171018305,-6.216552102488218,0.0,16,8141,32355.99294972286,1783.0,10748.42007533634,29,22,26,21
6249.5262942620775,1799.239325830033,6.326595422109615e-05,-3.194502672994439,-6.700601757358631,0.002026796340942383,16,8599,33021.092537322016,1920.0,11386.058022021072,31,22,27,21
6244.074592335977,1829.0944411967378,5.717570942099935e-05,-2.673795932083771,-6.064143110937119,0.007028102874755859,16,9291,33002.62946325453,1999.0,11420.53094690035,31,22,27,21
7428.820559750847,2179.091751702411,8.645603700543417e-05,-1.9275723945707819,-4.307298496191484,0.0,12,12526,38505.78432982132,2822.0,16163.013393020366,28,18,23,16
8142.787996960518,2317.974565028816,9.447613622238783e-05,-1.8145987488073483,-3.711398651034653,0.0,11,14332,41546.09367251449,3313.0,17450.672677541857,26,17,21,15
9303.920482317251,2644.9794082835633,0.00011266941910016954,-1.6987648145984902,-3.3108817852148835,0.0,9,16760,46804.862052720375,3981.0,19660.853245536215,23,15,20,13
10696.257821435745,3067.936570440296,0.00012490329163848115,-1.8871647414508628,-3.5205149245015157,0.0,8,18433,49925.02684320693,4384.0,21099.419642971436,22,14,19,12
10017.553607151054,2855.0617761725225,0.0001871870315825379,-1.004521236880251,-2.0934217204504457,0.0020525455474853516,6,22712,54100.94987027866,5624.0,21675.334335920605,19,11,17,10
10834.502321460659,3112.52345534713,0.00018152298648963655,-0.9319556986108153,-1.857055354115872,0.0,6,23804,53657.89619403233,6069.0,21054.73080391717,19,11,16,10
10060.92046564871,2928.9046154820076,0.00014963956150708746,-0.6700085813343835,-1.6072233508990972,0.0,7,24767,54758.16293608667,6273.0,22480.85075286506,20,13,17,11
9260.181118091909,2878.121046968764,0.0001936764103006617,-0.2433002855864319,-1.1337864546096825,0.0,6,26037,49773.044469018176,6686.0,18532.529140455787,18,11,15,8
10101.765337080331,2967.829362600733,0.00022328028202855507,-0.24506150410408067,-0.8249469715270632,0.0,5,28495,54017.68121707078,7556.0,19923.106271935183,17,10,14,9
9590.786741145554,3433.527988564816,0.0002860048626464021,0.1002015521116596,-0.820440913418194,0.0020313262939453125,4,31387,50523.035321592804,8738.0,20154.260812001892,15,9,12,7
4560.365452452406,1119.9801281049681,0.0007052039940423919,-6973.31476995092,-4723.224876656703,0.0,0,170,12242.420216106751,54.0,5339.862619442514,7,10,4,8
3797.66405252071,1041.3418676812707,0.0008009155144570642,-3268.1891319378688,-3635.635860072858,0.0,0,206,12226.234264255116,61.0,5963.581652850928,9,9,4,7
5029.031930168899,1233.9022253539983,0.0006528296797548867,-4278.344371563247,-3383.748300992641,0.0,0,231,14100.311818403068,72.0,6137.539636601869,8,10,4,8
6088.102839635735,1600.3186527399787,0.0007920529799702998,-4798.395771294786,-4328.18422937267,0.0,0,265,17668.335110164095,98.0,8394.383779096956,9,9,4,7
5827.176053793364,1469.5153207528917,0.0005466322635085979,-4705.290573689923,-4542.842384420378,0.0020208358764648438,0,243,18060.9226065741,74.0,8140.379169156713,10,10,5,8
6152.48200855487,1503.4130729039416,0.0005528659165509942,-8229.518274140657,-7980.131702706496,0.0,0,203,19074.47520115352,60.0,8291.138073067908,7,10,3,8
6178.9085055786245,1507.966937110372,0.0008122049145997426,-1921.6589307350541,-1786.8001733126193,0.0,0,433,20226.245914690513,133.0,8691.179243449711,10,9,5,7
6700.224039087294,1795.3679490514119,0.0006329132983690034,-4419.73177053661,-4678.77519624685,0.0,0,313,23544.59745871576,117.0,11434.7883056352,9,9,6,7
6127.2704696720275,1506.9586117273868,0.0007345524440835216,-1369.3996834589004,-1475.8063926860088,0.0,0,499,23910.267167695725,166.0,10561.163344207449,12,9,7,7
4571.765786042991,1374.0651207566054,0.0007826537644713682,-666.2355327587461,-1125.4268461032095,0.002021312713623047,0,609,20783.454928204384,165.0,11148.510025504016,11,8,7,6
5978.527943476952,1466.3184821727293,0.0007206407486550425,-1371.1620423806974,-1506.014031519793,0.008025884628295898,0,506,24660.73837534545,150.0,10540.038720461576,12,9,7,7
5881.334409946978,1563.5580795545113,0.0006161260729250813,-1118.5766228542452,-1581.5554609008325,0.0,0,580,27513.77517415946,166.0,13194.899285602874,12,9,6,7
6560.030065251389,1947.6136743918744,0.0008778067534137226,-1786.818873014274,-3042.7319727480194,0.0,0,509,31863.80855428899,166.0,17189.41854133547,12,8,5,6
6445.373971449506,1916.2686093925586,0.0008034556365211459,-1143.681382214031,-1935.2560400945445,0.00803828239440918,0,595,28422.14776799938,170.0,15330.501350673112,10,8,7,6
5647.663835896572,1699.6390179276423,0.0006460860800687072,-478.9724501806384,-935.4306836148979,0.0,0,867,27780.81249362241,193.0,14814.376626815567,25,8,8,6
11699.687611809864,3516.6306829851487,0.0008185814921137366,-168.10425706245198,-364.83391526758777,0.0,0,2542,57052.78427461255,533.0,31094.575196286038,40,8,31,6
12373.797119320252,3719.233852039499,0.0008115753698207818,-135.36426238495886,-291.3851126134271,0.0020263195037841797,0,3119,60241.880648641396,656.0,32862.97465988065,42,8,35,6
5197.6047125074565,1484.7499611312971,4.8123978233850166e-05,-2.7365740071431346,-6.0691822168859995,0.0,20,7546,29535.72315682069,1706.0,9731.69987298925,32,26,30,25
8610.520787153113,2384.6032403312606,0.00011015071053526269,-2.8948791678222823,-5.188193109655339,0.0,10,12610,41998.97816929418,2894.0,17516.103144260545,25,16,21,14
7377.066718419248,2135.5488943544933,6.369382139088181e-05,-1.7380425716639945,-3.769564030624095,0.0,13,13018,37521.02366454767,2906.0,13622.369475800413,29,19,25,18
8498.644855355282,2377.947794639609,0.00011028712504419467,-1.9580896734509294,-3.7299585419609427,0.0,10,14792,44017.068800068155,3507.0,18295.679865778933,25,16,21,14
10545.995332437544,3045.5997843670348,0.00013322623513824266,-1.8204832803546847,-3.506307558953581,0.0,8,18955,51130.266295174464,4483.0,21998.971145974283,23,14,20,12
11106.885091806087,3330.3732836681975,0.00014450033082804962,-1.2670739985613109,-2.779160143723015,0.0,7,22885,56276.81735097914,5661.0,24953.85635628982,21,13,18,11
9229.545478221191,2696.1458029032483,0.00016308301236232846,-0.05971858734970481,-0.5247505284843097,0.0,6,28559,54642.62141850094,7695.0,20981.09348073369,17,11,14,10
8820.370205485082,3256.6276349744267,0.0002530400048155305,0.154666563648595,-0.9056817357428737,0.0,5,30290,49737.62920109607,8330.0,21963.240226907903,16,10,13,7
3645.330299696698,1011.9623561411211,0.0008049592846046177,-3162.7377326841183,-3081.4624492826892,0.0,0,214,10622.661585131456,74.0,4737.273631835051,9,9,6,7
5453.8227925708525,1469.939978330052,0.000750226355229519,-4331.174996092778,-3943.9469910309112,0.00802302360534668,0,257,15126.337393073532,82.0,7366.894671347454,9,9,5,7
4268.13003646323,1042.1200331735488,0.0008296898322517535,-1266.455693742807,-1318.5276394824589,0.0,0,440,19620.23318950402,138.0,8420.718917367223,8,9,6,7
5920.324469732842,1474.2319672710678,0.0007818574061030949,-2104.182058161309,-1994.0239216724683,0.0,0,409,21278.270655840322,139.0,9560.248319656428,8,9,6,7
4778.131124085968,1429.1583756767943,0.0008325164002854962,-1810.026739483335,-2787.0766736590035,0.0,0,360,18630.818269578183,114.0,9933.878636265927,11,8,5,6
6117.305823467544,1587.4197841818186,0.0007046080180991004,-1745.220658264094,-2205.312774896371,0.0,0,487,23755.42938890613,131.0,11113.425125588721,10,9,6,7
4905.322651631185,1462.4336601714622,0.0007803115258124336,-833.9782741393526,-1403.52577009576,0.010026693344116211,0,542,21840.641622058298,147.0,11727.736447208103,16,8,5,6
7164.637638614089,2138.8656702612907,0.0008880002111939447,-653.1090765975968,-1187.2102611111873,0.0,0,885,32593.23207884315,227.0,17584.148682933257,13,8,9,6
6913.634169469694,2062.841765329564,0.0007974451140588952,-926.252982696226,-1765.1303645719481,0.002022266387939453,0,700,33759.994495588,175.0,18267.53895080692,17,8,4,6
9636.940169998188,2886.822432340489,0.0008526447327654832,-723.5359248721247,-1377.979923452555,0.0,0,1116,47112.22874318498,259.0,25583.50857693641,17,8,17,6
11418.11505193787,3422.548414545407,0.0009029934617723567,-459.7194540654128,-935.8306228094419,0.0,0,1491,55755.85232409751,323.0,30287.136325337327,32,8,23,6
6173.097005130523,1858.9285957327518,0.0006222209179689188,-125.39083834649645,-269.2612293477466,0.008025884628295898,0,1640,30166.744715946792,338.0,16353.762908057855,48,8,46,6
11977.270792514406,3605.119911367272,0.0008709014119811862,-199.9923243786771,-431.4416195934016,0.0,0,2381,58752.479532329584,516.0,31972.43486019477,35,8,33,6
13502.365064983087,4034.5830751864396,0.0009156658368229888,-278.3838537735939,-585.1222454154082,0.002031087875366211,0,2311,65375.585575038785,477.0,35549.37148386153,44,8,44,6
12413.661145389438,3727.7513940470412,0.000849146949535033,-177.10620746697717,-368.7407651943099,0.0,0,2589,60533.15874137349,564.0,32979.44934637888,39,8,32,6
15185.99491718161,4541.528766531919,0.0009589049196969593,-209.9964309502249,-431.3261470896926,0.0,0,3083,73835.90716987698,671.0,40093.94832199032,38,8,34,6
12212.356910134764,3681.4074828559205,0.0007399278777519345,-49.857613425428625,-105.09536305064026,0.0020210742950439453,0,5058,58744.4461678642,1081.0,32109.627366419154,40,8,34,6
4813.091601543643,1361.9475552366066,4.48878018311626e-05,-3.446017139660566,-7.949683439306932,0.0,24,6437,26333.806530277343,1361.0,8516.33703346108,34,31,29,29
5382.973559621402,1566.6341418400687,7.320955441160088e-05,-1.9584229759924603,-4.770274364858236,0.0,14,9571,33574.07191826499,2098.0,11802.699533834544,28,20,23,18
6411.413591388671,1964.9868803454192,8.152954185321833e-05,-1.613546084082512,-4.240102621139951,0.0,13,11836,36093.54966056755,2707.0,15075.82303040645,28,19,25,17
7345.389619636236,2189.6014846595845,7.5210931918466e-05,-1.7344922167166605,-3.963234268776273,0.008053302764892578,12,12732,36927.316519425825,2931.0,13774.732553022248,27,18,24,16
9300.466247326869,2645.122298248981,0.00012643623108876326,-2.0977191577357193,-3.9666596374186796,0.0,9,16104,47125.375120505814,3759.0,20087.64530036169,24,15,20,13
9896.329808284807,2809.782496892361,0.0001371757110146708,-2.229639851578601,-4.158248537460507,0.0,8,16548,49205.99802863867,4020.0,20989.00097132894,22,14,20,12
10801.264939923283,3143.921604412898,0.00014623894205254644,-1.3810726252696215,-2.73745194200117,0.0,7,21272,53594.19962713182,5292.0,22816.51176180898,21,13,17,11
11049.695216108608,3162.173843379672,0.00019028647053581546,-1.1461614794693737,-2.209374127314264,0.0,6,22744,53092.37332210897,5665.0,21063.419665177324,20,11,16,10
11785.243417372825,3421.7962876558813,0.00017938676758092777,-1.304525989176542,-2.4483460666319905,0.0,6,23437,55893.905522583016,5852.0,23301.538983357437,19,12,16,10
9971.325834470907,2872.1647656055193,0.00015234924229854497,-0.3920558464841768,-1.0035345484596347,0.0,7,25772,52569.40614368979,6585.0,20251.42870118282,19,12,16,11
9128.171335428415,3294.6867877307463,0.00025545192073202563,0.044439673282542724,-1.0837512047357012,0.0,5,29402,49410.986092833205,7929.0,21133.7978688445,16,10,13,8
4259.694888189252,1021.9323274924601,0.0007370036073669412,-4404.254249909318,-3226.207081363532,0.0,0,187,12213.50882365273,68.0,4948.491523894694,10,9,5,8
4228.935356243406,1014.23967293191,0.0007658513831754272,-5482.76607278894,-4106.127760224992,0.008030891418457031,0,168,11305.446728134533,53.0,4699.843060608297,7,10,5,8
5175.436690184223,1319.0086306319158,0.0008302998121007967,-2314.395050706301,-2353.165293406114,0.0,0,318,18475.700207610284,96.0,8503.088360489066,10,9,6,7
4863.179748020586,1220.296387248423,0.0008363588080965032,-1016.5544455352108,-1150.422395168432,0.0,0,508,18892.926920706515,150.0,8535.618051213722,11,9,8,7
5522.243275976707,1352.900992173649,0.0008421810613407312,-1879.4271018895654,-1740.810664579421,0.0,0,390,18997.821804757023,117.0,8352.452240236147,10,9,5,7
4859.876978463699,1340.096900378008,0.0008836649261729517,-1795.2496699787166,-2087.545940289799,0.0,0,358,17152.367250496827,108.0,7342.412387736938,9,8,5,6
6149.674027352813,1650.3957535411,0.0006768913115860526,-5000.297300863655,-5762.816981455952,0.008023500442504883,0,257,20035.901367279508,78.0,9743.708925745515,8,9,5,7
5320.309193026794,1522.3912217948075,0.0008556008777723692,-1286.5911838196532,-1615.8078937752955,0.0,0,459,17935.542781019525,141.0,8523.018624023356,11,8,5,6
5031.398638424042,1467.2026299996137,0.0008024779575252773,-1517.2813890588889,-2327.078740884648,0.0,0,422,19848.3633100682,123.0,9929.340682338101,10,8,5,6
4899.31624244683,1465.347875163348,0.0007629205592294748,-1104.934949757256,-1912.4319533893172,0.010089874267578125,0,481,21980.60019843562,130.0,11808.799129614501,12,8,4,6
6681.392626216466,1991.6160245162882,0.0008907010607572646,-817.9608863138583,-1458.303138093261,0.0,0,759,32738.958002388135,204.0,17662.96631131089,13,8,6,6
9878.518734544847,2949.5147129345937,0.0009059681197605623,-948.8705864567004,-1925.6731774456352,0.0,0,972,48050.81265099927,206.0,26053.93656509246,24,8,24,6
12095.818147429743,3620.146397334827,0.0009397502520408234,-364.31328523407603,-745.3003803869663,0.008028984069824219,0,1777,59078.66841197452,407.0,32062.61235165161,38,8,32,6
8181.729818463016,2457.6120710059618,0.0007311195604937571,-169.28547323810622,-365.0475819512987,0.0,0,1806,40099.188222442,375.0,21796.178236560576,37,8,33,6
10109.959868255983,3043.779635747153,0.0007862614723614193,-161.70249633485008,-334.8718803715535,0.0,0,2247,49533.18023108819,498.0,26972.074645581713,39,8,27,6
16299.626452556926,4887.425510922868,0.0009757131247834577,-119.7333351461357,-251.1362987216367,0.010083198547363281,0,4301,79685.72220633578,922.0,43236.59176371485,34,8,31,6
11846.256728249664,3552.331071003418,0.0007566548852987782,-69.59595726533357,-146.24210241998352,0.0,0,4190,57169.66456912362,914.0,31221.327590225454,45,8,38,6
16114.821775856482,4859.014431258457,0.0009001456020163691,-85.8652131599911,-179.45573997595326,0.0,0,5132,77128.76943329422,1070.0,42023.2867803346,35,8,32,6
5403.824386255967,1554.0240051821545,5.4865170783256193e-05,-3.701329455964676,-8.390929368441203,0.0,20,6718,28023.12310067717,1447.0,9260.30084866392,32,26,27,24
5393.023528430418,1553.5471134746474,5.172784170972539e-05,-2.9668296832571937,-6.850658638113643,0.0,20,7463,28479.662110678313,1601.0,9145.460160739489,31,26,27,24
5199.612627473009,1524.920056552075,5.793384506009692e-05,-2.8074332138036264,-6.583900224815769,0.0,19,7610,30096.766064151223,1696.0,10331.594905941067,33,25,29,23
6262.567863812406,1810.0498580850867,7.353993127997137e-05,-2.6873810384398875,-5.8305939960126425,0.002033233642578125,14,9162,33087.12763457198,2015.0,11485.260131181025,28,20,25,18
6460.1981797705075,1974.6258018696315,8.405258245335788e-05,-2.3840910579145955,-5.789189012995664,0.0,13,10220,34364.81508765205,2317.0,14438.581967281847,28,19,25,17
8195.036140383163,2291.9997811018325,0.00010159476185363708,-2.4202657631761215,-4.548741286795731,0.0,11,12639,40004.45574344757,2870.0,16489.5551810373,27,17,23,15
8407.46209432709,2363.996563316567,0.0001095543373238444,-2.362078363643378,-4.505680127802743,0.002028942108154297,10,13489,41939.11989186026,3188.0,17696.271780376497,26,16,21,14
7993.674299955535,2274.5852460679325,9.799140138703135e-05,-1.8290146717225046,-3.7688579137662215,0.0,11,14192,40952.04860663152,3205.0,17240.532733437693,27,17,23,15
9479.597888504435,2666.6347020172425,0.0001236463241382395,-2.141560914861535,-3.9192249099928897,0.0,9,15843,45811.47621944873,3662.0,19117.759251404023,24,15,20,13
9121.876407963175,2664.0027993168414,0.00010554195402480905,-1.459754710379341,-3.1158036481848557,0.0,9,17355,44815.4406605636,4155.0,19611.930384236868,24,15,19,13
10354.177565857151,2984.2923903648984,0.00011993680716426491,-1.8389200163731458,-3.499675553428026,0.0,9,17922,47853.640044498025,4242.0,20570.374316061745,24,15,19,13
10867.425153455506,3165.533670840785,0.00015752857451858338,-1.5705672792433418,-3.1187593441977564,0.0,7,20948,54194.06101760445,5132.0,23302.92420569685,21,13,18,11
10859.663545527306,3090.6763040832793,0.0001904137600179249,-1.2395547435049785,-2.3072225207335153,0.0,6,22060,52477.96097283245,5454.0,20785.75636956864,20,11,16,10
9851.800908569838,2833.793899549116,0.00018067309690376055,-0.5421092730721209,-1.2809839224211124,0.0020265579223632812,6,25142,53037.27474239339,6391.0,20513.445279153777,18,11,16,10
8804.410184400294,3256.321228413364,0.00024441119040590425,-0.0012293854644176427,-1.3442606110858901,0.0,5,28141,47645.225254399666,7377.0,21249.270760551794,17,10,14,8
9158.101849692059,3410.356653148845,0.00029641305584175086,0.12555617178864564,-0.9908199528392478,0.002021312713623047,4,31144,49109.148070980475,8587.0,22069.762464805786,15,9,12,7
4279.172714892161,1160.7219187929104,0.0008165028881922353,-2149.6572592548628,-2283.435104766171,0.0,0,260,12550.96581234602,77.0,6099.855447663453,11,9,6,7
4322.611373642381,1195.530616887315,0.0004988723061379227,-5367.91014800029,-5046.4798106885955,0.0,0,178,13183.231879165996,65.0,6277.167785885424,7,10,4,8
5828.705910242972,1480.997245242415,0.0008642378072940146,-2681.3883059881614,-2167.899130091359,0.0,0,351,17173.547308370595,108.0,7877.966897519749,10,9,4,7
5862.839141404226,1443.229394567917,0.0008521519684096008,-1772.9811786935963,-1608.4460412564697,0.0,0,427,18523.270277946223,137.0,8194.772797979418,10,9,5,7
5041.782552321784,1369.3316155193208,0.0006639145899719277,-7261.737318458892,-7322.654300403636,0.0,0,204,17645.493023465147,66.0,8670.737956619032,10,9,4,7
5385.378877897027,1584.1163093455368,0.0009151897269723005,-1634.2636734519567,-1956.6047594115144,0.0,0,406,18622.675805173043,139.0,9939.368622021906,10,8,5,6
6697.663437234565,1992.5976888886394,0.0008571783627765708,-1243.6229081259655,-2228.1960091242945,0.0,0,627,30549.120612192062,164.0,16477.14677321902,14,8,5,6
7810.115139804766,2322.3583585424735,0.0009102522086982569,-1457.9972311624683,-2464.4991245575443,0.008037805557250977,0,665,37375.506890064884,174.0,20194.313405264496,12,8,6,6
7634.570927086332,2272.750152829726,0.0008819806991683453,-1598.4819846429457,-2754.77549702307,0.0,0,623,37115.54561366594,177.0,20067.919036458727,11,8,5,6
9571.576131418595,2857.103643215008,0.0009374699335857135,-803.7024257398525,-1543.9174148197958,0.008018016815185547,0,1019,46772.31180653218,260.0,25323.8697585838,15,8,7,6
9469.975239310075,2843.751434608277,0.0008067654539988415,-250.54940339215744,-529.029109348804,0.0,0,1701,46295.54390431063,371.0,25169.026552233307,34,8,28,6
13746.815669434209,4108.124348269379,0.0009539135720373565,-291.0165954093488,-606.2582507208638,0.0,0,2298,66767.7104985509,493.0,36245.96476430232,42,8,33,6
16269.275843020927,4853.063076588688,0.0010363328392807816,-170.3410268359026,-362.11078467878366,0.0,0,3546,79409.11099434545,754.0,42898.05981524559,36,8,28,6
17202.328026305127,5164.527505154559,0.000975262108060736,-112.85461561911458,-237.82984499892132,0.0,0,4646,79685.72220633578,1014.0,43236.59176371485,34,8,28,6
18649.67644509641,5563.205384869564,0.0010328960707916114,-109.93686996445915,-223.76788440138995,0.0020194053649902344,0,5158,87740.89892861362,1168.0,47379.22608929704,36,8,31,6
4503.721181966474,1286.8000078006155,4.860599685223446e-05,-3.261015928324274,-8.025471016641381,0.0,23,6249,25238.710492561986,1380.0,8091.6533556298255,30,29,26,28
4938.340030718714,1437.5225262519418,6.144146373938553e-05,-3.0112066036475973,-7.306803797852513,0.0,19,7009,28752.987650113326,1531.0,9657.251956665988,32,25,23,23
7258.111071941838,2070.9642353381755,9.687199059071673e-05,-2.7599857101080394,-5.525010200912427,0.008038997650146484,12,10654,36755.917850980804,2397.0,15377.641355860556,28,18,24,16
7498.588736560645,2175.3195594453796,9.295888625064535e-05,-2.2209414620011123,-4.624334703659853,0.0,12,11951,37518.591075762175,2694.0,15780.597115661752,26,18,24,16
8455.253290355477,2391.1245888583785,0.00010054567937428717,-2.5845113033445557,-4.773724900871118,0.002020597457885742,11,12757,39789.58832380631,2931.0,16720.148037515188,26,17,23,15
9745.099560153461,2721.4483839795853,0.00013494179105015417,-2.7244533316352935,-4.8374540989616674,0.0,9,14560,45022.98556348567,3314.0,18646.848211816905,24,15,20,13
10005.786580796435,2834.790022205224,0.00013824587661128272,-2.020476961945238,-3.7071706909193844,0.0,8,16890,47530.19293303576,3958.0,19640.450035028924,23,14,19,12
10418.63191345274,2986.820357653637,0.00013800447226959114,-1.5227023158411592,-2.9126161234065555,0.0,8,19474,49783.365009850764,4794.0,20707.2819048002,22,14,19,12
9942.85650230054,2843.3003414022533,0.00015498422905734746,-0.9572361669119207,-1.9271202529738298,0.0,7,21601,50239.109279971,5257.0,19718.02622569108,20,12,17,11
11035.78235634681,3165.6065374107006,0.00019788088607010067,-1.0586282567242185,-2.054407330584752,0.0,6,23423,53043.06215813549,5830.0,20846.14053842194,19,11,16,10
10497.899049965785,2993.476017136132,0.00018440857977677797,-0.7257074037685585,-1.4557481771569791,0.0,6,24192,51646.656488878216,6193.0,19480.52814953956,19,11,16,10
9747.194499726462,3303.454653919167,0.0002463999449778129,-0.37809320164406923,-1.7638858244558042,0.0,5,25446,47086.330517209615,6506.0,18517.426825556267,18,10,14,7
9081.790780819932,3267.6689767029325,0.0002507487976595789,-0.15958582009010747,-1.5969513919909781,0.0,5,26591,46805.61901664707,6961.0,20226.10450027313,17,10,14,8
9342.050829143851,3338.6906435224514,0.0002629668927007643,-0.11647206764693374,-1.3974761864302114,0.0,5,27671,48233.83279200198,7390.0,20826.019252964645,17,10,14,8
4100.844116374492,1095.6453499556603,0.000912640745964277,-3551.480675695999,-3333.5688084175395,0.002026796340942383,0,217,11153.532285759236,64.0,5367.574717579126,10,9,5,7
5218.359597650973,1420.152984512114,0.0006516793718304196,-3032.87325415808,-3363.881629737831,0.008028268814086914,0,303,18279.035336778754,89.0,8986.243503015361,10,9,6,7
5327.182337142956,1574.8001666853033,0.0008902066552657,-1065.835694308027,-1572.0975379773483,0.0,0,508,18788.697612204443,153.0,10035.398525203404,12,8,6,6
5153.604852201384,1506.6738717955782,0.0008435488279941229,-1428.3042710984523,-1981.5064676307306,0.0,0,412,18294.695126527717,121.0,9198.307987282638,13,8,6,6
6664.310158290097,1974.8938868876169,0.000936837524829243,-1175.57561376891,-1890.174622425687,0.0,0,612,26267.357935789383,168.0,14102.02686431339,11,8,7,6
6054.09531518515,1797.2311766011594,0.0008648641421920643,-1196.3010918920966,-1924.3350483831068,0.0,0,576,28059.50714626298,160.0,15109.355029773214,9,8,4,6
6014.026403516792,1789.8407950128376,0.0008634062044963112,-983.7557544898068,-1785.3785669292004,0.0020227432250976562,0,661,29433.160910935163,163.0,15862.77686701926,14,8,4,6
7427.622893880751,2207.523455173201,0.0009438370239043944,-1260.364961279151,-2148.1278026197033,0.008029460906982422,0,678,36204.598040737386,186.0,19532.465911955223,13,8,5,6
9928.092907420827,2954.549252267413,0.0009846817664640847,-1285.9461560381415,-2321.7276307376947,0.0,0,841,48288.405833944176,226.0,26107.666262861,19,8,5,6
10831.5159392015,3233.4760332086553,0.0009638425729427615,-697.4653298380939,-1396.497793443615,0.0,0,1185,52803.22411660795,257.0,28597.53892390769,31,8,18,6
11569.851457859146,3452.138998802154,0.000983019365444129,-726.458665144194,-1463.950550028344,0.0,0,1202,56324.242931524015,276.0,30496.884878471974,28,8,17,6
11786.101769550465,3529.367660545992,0.0009220495687281892,-391.43074389427545,-786.9589132762833,0.008056640625,0,1704,57523.618553739856,367.0,31233.736687120196,39,8,30,6
12371.743272568036,3708.176535798304,0.0009304470166082891,-292.86210327742623,-611.1081013806902,0.0,0,2085,60352.3145915083,439.0,32773.435187942174,40,8,31,6
13143.322785153636,3928.700096713686,0.0009466282477933452,-290.47138065234344,-602.9882356124398,0.0,0,2200,63945.23583645805,456.0,34715.72674527278,36,8,33,6
14231.139215063871,4266.602528679128,0.0009610933410927857,-181.13132303820348,-376.7659706776234,0.008030891418457031,0,2939,69583.26182550716,640.0,37769.668796064696,34,8,29,6
14675.600655342276,4396.585668106649,0.0009585545047371369,-161.18342860300763,-334.69329471994195,0.0,0,3298,71561.92767893088,702.0,38854.83703907387,38,8,34,6
17047.742718483132,5122.362796902065,0.0010183800064561728,-97.30900204473576,-207.69165182501476,0.0,0,4986,82687.46561479077,1058.0,44724.79700702164,31,8,23,6
17715.027288824247,5281.814955322469,0.0010640132482828968,-99.22565519008529,-202.9332579206633,0.008043766021728516,0,5332,86864.65259514801,1144.0,46766.99505733757,34,8,29,6
5426.947773222398,1558.5075670231383,6.88096631200201e-05,-3.6175699106463286,-8.006545843581764,0.0,18,6980,29059.591594843005,1564.0,9520.8558971064,29,24,27,22
5531.7940095379,1673.2555120309241,7.872998179718248e-05,-1.6484001240881963,-4.382428705131952,0.0,13,10465,33941.19884292831,2398.0,13209.821885013942,28,19,23,17
7383.70779281287,2091.941917230107,0.00010174466600099613,-1.98284060593069,-4.126219940325862,2.288818359375e-05,11,12686,39147.6357692836,2884.0,16441.790086766487,26,17,22,15
8236.938701385474,2313.3474063647477,0.00010921606044015546,-2.2363008674998825,-4.190846790689254,0.0,10,13567,41909.74733986383,3161.0,17847.635135053948,25,16,21,14
8847.035074930649,2520.8055222235025,0.00010785478970247509,-1.7900188326308437,-3.4514511576331506,0.0,10,15541,43267.45219099248,3663.0,18418.582075408463,25,16,21,14
9617.80851296618,2699.240784786287,0.00014398404552648235,-1.2932101053052936,-2.439968296993959,0.008010387420654297,8,18965,47913.771555421976,4556.0,18875.88974343076,22,13,18,12
10468.092842017348,3194.617647393219,0.00012288476195761744,-0.5205471005868101,-1.4590215576880725,0.0,7,25578,53822.669271075385,6697.0,23281.53464608093,20,13,16,11
11124.927202704039,3295.8008722530403,0.00021872953290675255,-0.5503624993528184,-1.3199368021701563,0.0,5,28185,57753.89397699849,7449.0,23605.616915534752,17,11,14,9
10864.400350038442,4553.001169161221,0.00038802551622323756,-0.08635724360498465,-1.9437915371935692,0.0,4,33229,63370.94382002061,9556.0,35854.59492308911,14,8,11,6
5027.048467809088,1313.0879503533085,0.0008575553556533245,-3158.391388650396,-3246.50774347279,0.0,0,278,15811.794539060134,88.0,7455.348003449097,9,9,5,7
5604.466098858297,1461.1062743006971,0.0008272852200632682,-2042.0577483558782,-2052.3737764753723,0.0,0,384,17163.11190981744,120.0,8072.150281950559,9,9,6,7
3784.769293013258,1019.8900543457345,0.0008995302345237913,-2578.277427972019,-2233.899222393517,0.0,0,228,10958.045815768155,92.0,5291.283379312259,6,9,5,7
5596.102955737881,1501.9445988522698,0.0007066117764623863,-5937.694811394824,-6027.835109936885,0.0,0,237,17933.80000914726,76.0,8727.142435506401,9,9,4,7
3483.290994986153,1043.4121387894374,0.0009142743590846569,-793.6850053536466,-1275.1266658077652,0.002023458480834961,0,455,16102.216339121023,145.0,8569.717276394145,9,8,7,6
5853.432892971422,1729.6354735629502,0.0009315180404188764,-960.6259305650412,-1382.5440902285247,0.0,0,574,20541.188524454214,171.0,10980.11118928375,9,8,7,6
4478.326399779392,1322.2080929139029,0.0009366264756679494,-1007.1017558481519,-1474.9735935470942,0.002021312713623047,0,484,21936.2986593682,160.0,11739.789568570162,10,8,5,6
5131.010100142732,1524.9251698582264,0.0008452971057388733,-1062.8840174710017,-1663.8645628321367,0.0,0,497,19216.33458280209,134.0,10278.267298629944,12,8,6,6
5665.388462389602,1674.6454407992983,0.0008944662236905672,-1427.307683581684,-2162.56782103544,0.0,0,458,22717.602188353743,137.0,12177.602036547109,9,8,6,6
5713.238285202843,1596.7460058662023,0.000783398863048921,-1420.2866289127255,-1834.9298480160555,0.0,0,476,20738.788923959655,151.0,9157.951308060528,11,8,5,6
6412.33663276695,1901.4989429993113,0.0008974148474363503,-1524.8739045555071,-2569.991558809519,0.0,0,528,30026.320456872156,145.0,16173.717565957573,17,8,6,6
9904.347827596519,2959.824236211239,0.0009901255847165015,-549.5492665569034,-1022.1101883682878,0.0,0,1268,48709.95793456946,321.0,26331.53749849952,20,8,7,6
9801.855379157403,2932.8485677520803,0.0009289743090135477,-513.5587200977484,-1016.8952724445737,0.0,0,1238,48034.43940230198,275.0,26023.456246810347,20,8,8,6
12882.300493016912,3830.4710872604246,0.0010847272437855752,-539.8135058317898,-1065.272713519372,0.0,0,1508,62942.37707478376,333.0,33907.746079106844,29,8,11,6
16322.365386780106,4865.126272968001,0.001038167251310158,-152.53671439404502,-317.4647901158196,0.0,0,3843,79496.13498874613,838.0,42939.35669307489,37,8,30,6
5028.312320015628,1441.4418952503318,5.564867370770577e-05,-2.9734818636995812,-6.73542239053971,0.0,19,7081,28423.968404967094,1578.0,9264.850235531752,31,25,28,23
5054.294906037382,1495.4008801257494,5.949513956203455e-05,-2.571569703613044,-6.348350204387789,0.0,18,7706,29268.716731879766,1742.0,10107.135335434241,29,24,26,22
5534.405977879497,1603.2981034570043,7.293525519967306e-05,-2.4202219994379672,-5.595755424683612,0.0,17,8709,31349.427421937922,1882.0,10674.910512214083,32,23,26,21
7524.352083740568,2074.694388922261,0.00010979712112109404,-3.237613086731801,-5.880791128386076,0.0,11,10408,37327.63464037956,2308.0,15294.357248351065,26,17,21,15
6646.934764054603,1964.014096840671,9.306017961120576e-05,-2.0447882283257535,-4.645979487005935,0.0,12,11352,36024.855014250286,2542.0,15287.350135904955,27,18,21,16
7392.439475952937,2220.925005983569,8.462463005916701e-05,-1.9899519806216066,-4.489564764266103,0.0,13,12093,35648.937566827386,2718.0,14782.596685035744,28,19,23,17
10177.94726177944,2819.8605187915687,0.00018172729159595644,-2.4769414290347065,-4.227350576243655,0.0,7,16135,47382.37117300197,3803.0,18951.680201291616,22,12,19,11
10291.720165073231,2932.5358955444817,0.000138640124572286,-1.7132088349767045,-3.153172490700668,0.0,8,18355,48313.1259716663,4421.0,19990.575299600227,22,14,18,12
9264.175946398815,2639.624544715323,0.0001815407853758455,-1.0555044203783397,-2.162948903786586,0.0,7,19613,46172.184166589024,4765.0,16455.466214933862,21,12,17,11
10375.565321230166,2937.301434230306,0.00020322154978226963,-0.9531117165947607,-1.8709513675647438,0.0065310001373291016,6,22389,49705.87702177753,5553.0,18476.442708330338,20,11,16,10
9628.427702393015,3048.0209336854664,0.00021059929268313026,-0.5702878780978331,-1.7989571280169887,0.0,6,23040,46457.37147343677,5859.0,17983.142261507404,19,11,16,8
10427.134589615063,3083.3136459192547,0.00014649903858117978,-0.7716267847740406,-1.739182387799211,0.002023935317993164,7,24048,53428.023663189044,6156.0,22384.32168839156,20,13,17,11
9518.709613167506,3120.8713640584465,0.00025237213927362286,-0.3867646240819156,-1.6097646244588883,0.008039712905883789,5,25210,47430.34761999721,6555.0,18622.558954049193,18,10,15,7
8318.469527941497,3094.7783243188023,0.0002585404914080331,0.23536639108368262,-0.7342768008579335,0.0,5,30719,49346.26733919297,8473.0,21336.662127991833,16,10,13,7
4257.627126302626,1112.1255975010083,0.0009230219811878716,-2066.824802600626,-2312.8859806480596,0.0,0,288,13866.882695505821,84.0,6522.1787216553275,10,9,5,7
6489.28577800951,1905.575777505527,0.0010432804091143261,-3074.0383226956146,-3800.05836913403,0.0020241737365722656,0,372,23555.697731750846,126.0,12587.763452115694,10,8,4,6
5938.631668888517,1753.631184788887,0.0009377465446181267,-1194.6404890328367,-1682.8948682856303,0.0,0,530,20776.325665022305,146.0,11106.72880181699,11,8,7,6
4438.19610994789,1311.3512712077043,0.0008416627092929104,-1235.6652236018203,-2006.795248973296,0.0,0,432,21381.46215616405,130.0,11461.82312536634,11,8,5,6
7701.673222355511,2281.1524144251607,0.0010583772975884388,-1377.3647962002885,-2234.9481051107696,0.0,0,728,37565.31424274256,216.0,20197.375321671658,10,8,5,6
6262.7493562545105,1859.8532273773562,0.0008949634676438846,-1022.7925527362881,-1670.1839068845868,0.002024412155151367,0,611,29885.89350535482,176.0,16097.803843817805,12,8,7,6
8571.947845995599,2548.8751736872923,0.0010031374988642148,-1105.1925557025331,-2061.331437169974,0.01004171371459961,0,809,41816.54437929647,219.0,22557.0183123592,13,8,8,6
9897.795836052543,2981.191319581079,0.0008115056554967501,-139.05937385259872,-291.94236619088224,0.0,0,2382,48623.279590917984,501.0,26449.277213952286,35,8,31,6
13802.633350738519,4139.774228043908,0.0009623168148547079,-170.01374392921403,-352.5831081274825,0.0,0,2968,67483.51721202648,635.0,36621.53067636899,33,8,33,6
15215.557641771124,4538.239641638576,0.0010200426771362688,-186.0944692283255,-385.3350448710734,0.0020215511322021484,0,3156,74068.63029849429,692.0,40069.68924307954,38,8,34,6
18637.112646839993,5594.521859528678,0.0010204226770881392,-88.07964271961498,-180.47981312207378,0.0,0,5762,85011.029172471,1220.0,45964.359810248105,33,8,27,6
5062.475098923737,1485.5932041780152,6.049696573907486e-05,-3.1463553727225912,-7.610062859117367,0.0,19,6817,27739.739862604678,1545.0,9515.578792303399,29,25,26,23
5320.072321814136,1536.9627364562214,6.856397968227291e-05,-3.0657494531302465,-7.093181198826484,0.002027273178100586,18,7251,29068.55256921172,1595.0,9529.283993747938,30,24,26,22
5745.317969978227,1744.9427734439264,8.335798033400322e-05,-3.0310138887775784,-7.334470043484599,0.008082866668701172,15,7944,30418.20452359331,1744.0,12198.363464797625,28,20,26,19
5771.889814413217,1724.0573646515493,7.911558944855445e-05,-2.3733670141476333,-5.6765447374915174,0.0,15,8971,31780.9336728013,2031.0,12055.488917885672,29,21,25,19
8473.741745591657,2329.2965732101857,0.00013076213793440373,-2.668369058657565,-4.690307386823724,0.0,10,12888,41222.12880824443,2939.0,16522.314152374274,24,15,23,14
7532.543878489435,2075.8548972015246,0.00012225523267499138,-1.9255640839727897,-3.6490608729674454,0.0,10,13467,41287.8060972267,3047.0,16612.180345053886,25,15,21,14
9259.227747008954,2603.539147424288,0.0001362626002840973,-2.46844668900554,-4.45563088412656,0.0,9,14701,44815.76472331064,3482.0,18705.447839444518,24,15,20,13
9506.619868643142,2669.377828561271,0.00012564241523490806,-2.177705059431587,-3.9569705265514648,0.0,9,15607,44520.04526015554,3608.0,18507.523931790005,24,15,21,13
10156.328113948772,2850.5680861124615,0.00014845434132736656,-2.0328501602301,-3.5422621467174,0.0,8,17021,46761.26593686889,4092.0,18928.17328727938,22,13,20,12
9063.72636259696,2535.103868102575,0.00014599893916156066,-1.3764215520024932,-2.6310644467293614,0.0,8,17888,46960.763711967986,4290.0,18698.549870702904,22,13,19,12
9858.806142427846,2757.9342373340614,0.00018215462226665863,-1.5354133629103388,-2.8054826538738413,0.00802159309387207,7,18767,48665.01209766778,4530.0,19086.884566509463,21,12,17,11
10264.407151033316,3003.0379907813153,0.00013088187543587379,-1.2499035434095425,-2.5579815458451614,0.0,8,20331,49864.25899720905,4976.0,21150.785334161046,22,14,18,12
9832.503723187032,2778.135926336994,0.0002026329270202378,-0.9700619959454515,-1.8826621780584425,0.0,6,21587,49217.034964326725,5427.0,18352.257362494776,19,11,16,10
9086.754123645022,3294.8768021862757,0.0002473653020133008,-0.05255860894065845,-1.3671760369339494,0.0,5,27641,47006.94723576059,7177.0,20805.918219971652,17,10,14,8
9186.06496414423,3325.4462706763975,0.00025976470852170143,0.009358146654111166,-1.1234777972256387,0.0,5,28478,48298.0774755541,7739.0,20639.28558110296,16,10,13,7
9517.204700964267,3554.6348053717643,0.00027424255657775525,0.04133644581922835,-1.1536960678921484,0.0,5,29818,48580.86526558285,8259.0,22483.44339586422,16,10,13,7
9448.886151055303,3971.390206265863,0.00036345660354026514,0.1890104581282841,-1.2523402910578403,0.0,4,32535,50715.3798026848,9181.0,28665.024735316445,14,8,11,6
5444.553647064734,1337.3330721878858,0.0006352871153244688,-7964.270190808003,-5462.038158313253,0.0,0,192,14747.052384396691,68.0,6441.200180538392,8,10,4,8
5160.649969516534,1381.5374250487437,0.0007593253809891646,-2781.0834631148678,-2849.2854689225405,0.0,0,288,16276.442289877432,98.0,7876.250618265683,11,9,4,7
3751.902046127136,1018.9759229318521,0.0008847042450185918,-2741.4210126285757,-2461.6064610772933,0.0,0,222,10748.453012689364,70.0,5206.103763646079,9,9,4,7
4245.476177699131,1154.6531091064803,0.0009372351865458198,-1159.0274497826338,-1393.412019578862,0.0,0,404,15699.91451296503,124.0,6334.161746930051,10,8,4,6
5701.601601692521,1403.9825524067378,0.0008231752455802652,-2117.4822231247067,-2092.4623980094107,0.0,0,375,19714.21773634912,134.0,8714.698996503153,11,9,5,7
5510.803826180129,1348.6329741816414,0.0008195264724020428,-2207.5360239905694,-2234.5592549773573,0.008035898208618164,0,386,19966.073108287303,108.0,8491.722565584038,10,9,5,7
6034.854760971194,1569.2056375742395,0.0006598873208146359,-2638.6959767903177,-3183.374452432921,0.0,0,384,26398.779892355164,117.0,12415.638246878927,12,9,4,7
6091.340063000436,1809.6036526299567,0.0008929261140469133,-1080.8841481627703,-1917.1363912989061,0.0,0,604,29745.43727624491,164.0,16021.861144290822,12,8,6,6
8056.314115811754,2395.385361569918,0.0009641304763503397,-1105.6571441961705,-1990.9795379121942,0.0,0,786,39313.065943387555,205.0,21219.480184568776,17,8,7,6
9731.727566608115,2907.093736745703,0.0010042398262057254,-686.3559486465086,-1342.2070115162473,0.002022981643676758,0,1164,47701.24960526168,254.0,25766.01115770325,16,8,9,6
9768.640792768465,2919.0322405966217,0.000978157675850851,-628.5554502529156,-1251.9052329802596,0.0,0,1171,47862.62528738667,269.0,25881.216916681078,16,8,8,6
12120.42939426837,3585.2003591867256,0.0011289213978850233,-1068.893280861768,-2096.696244709964,0.0,0,1082,58921.657003374865,245.0,31649.56512358869,19,8,12,6
12736.289549745065,3791.6732740519888,0.0010322519393921178,-475.8430818829033,-952.5501748862447,0.0020287036895751953,0,1631,61938.15186563108,359.0,33472.78418208829,34,8,27,6
14717.603534855894,4415.796312626272,0.000995075791026147,-131.1163234094712,-275.07706324885044,0.0,0,3610,72343.02540271614,769.0,39197.06487775777,36,8,27,6
13661.228727326368,4104.851476367277,0.0008846434590383228,-86.34519642328127,-182.211521191006,0.0,0,4368,66559.85496098197,910.0,36247.79326171074,39,8,39,6
18247.16711729648,5420.904836223947,0.0011285227380448642,-93.28097103053841,-185.89513122334924,0.002023458480834961,0,5489,85813.51280352983,1201.0,45821.30100678028,31,8,28,6
4249.0823681234915,1214.7375078179527,4.934420842064297e-05,-2.8884388946532127,-7.132285924883494,0.0,24,6305,25029.929606193997,1371.0,8126.825361470846,34,30,30,29
5720.195159380429,1643.7146149284429,9.224605740553014e-05,-2.495755056208685,-5.501253538167016,0.0,14,9002,32815.65319812281,2019.0,12989.149774210084,28,19,24,18
6482.524922187261,2014.926582720733,8.152404546235477e-05,-1.3200550770375727,-3.652075218301749,0.002023935317993164,12,12581,35202.21297152067,2890.0,14690.97638136967,27,18,23,16
8689.018606925272,2384.581444290573,0.00013938205632762143,-1.8437458421108706,-3.2818075931556585,0.0,9,15054,42860.823317864364,3557.0,16231.484602093682,23,14,19,13
9069.584955163225,2628.0040665489205,0.00018721451645042263,-0.9695784110845675,-2.138037873082583,0.0,7,19437,45150.06528187056,4688.0,16468.329586763877,20,12,17,9
8810.389306486017,3096.6704883326825,0.00022098122687214808,-0.2814824848311679,-1.8224846815852822,0.0,6,23935,44720.25600278899,6082.0,18802.678598259798,19,11,16,8
10187.764745454911,2924.908860502384,0.00019336357854028252,-0.5886055939857431,-1.294933029502396,0.0,6,24784,51878.287952427214,6342.0,19941.444708791678,18,11,16,10
9821.997973782078,2814.0208547364577,0.0001896145938214379,-0.4595653492192391,-1.079517166859354,0.00802469253540039,6,25187,52290.687261710205,6515.0,20097.878300769138,18,11,15,10
9035.195249699744,3650.1358277245654,0.0002914139390237121,0.039222245726437066,-1.5901282761663706,0.0,5,28917,47602.54595798873,7715.0,26695.080921886823,16,9,13,7
13742.211439971734,5567.740545030023,0.00041266404794738985,-0.621850213035084,-2.999356810442671,0.0,4,34302,75789.97225715722,10173.0,42940.740033820824,13,8,10,6
3953.580406411874,1079.5290726207375,0.0010774939672699086,-1842.9505999696305,-1777.8336953334115,0.0,0,288,12474.661673485662,107.0,5214.896811823361,9,8,6,6
3346.517455670852,940.7653537275214,0.0008520498847590037,-2378.06664204521,-2278.1833884071816,0.0020215511322021484,0,216,10211.30321428729,79.0,4976.713671956135,7,9,4,7
5004.674818795539,1370.623807349076,0.0009171787152213314,-1928.731082551252,-2020.9663883549902,0.0,0,357,16148.290610701148,112.0,6769.332943401281,9,8,4,6
7928.178586413676,2346.3835899299424,0.001023251411856098,-1599.2115482300198,-2416.835050800895,0.0,0,591,29003.18048186434,170.0,15557.623187892452,12,8,5,6
7826.457935941185,2316.021293734655,0.0010187236288003068,-1747.780897879526,-2796.2083533759946,0.0,0,573,30359.214485178607,163.0,16298.894581368942,12,8,6,6
6636.14441311399,1962.6035334882847,0.0009398357998545531,-2360.409928860144,-3650.223536617763,0.0,0,465,27841.02486211105,132.0,14960.965345658398,10,8,5,6
8016.757051723064,2371.464589954922,0.0010871875069146583,-1535.4026487882559,-2443.4900854526227,0.0020139217376708984,0,698,39025.71524906786,212.0,20967.922126413592,12,8,5,6
4677.712914008522,1395.7596303702205,0.0007608981083338601,-614.3295060088429,-1092.177842782953,0.0,0,639,23074.219109205114,163.0,12408.66217029735,16,8,7,6
7294.8979316938585,2171.8638688689466,0.0008838821309896301,-1134.1027152407457,-1974.9253502817767,0.0,0,706,35575.00700866709,179.0,19221.464296666563,14,8,5,6
6340.792821112068,1896.3149514200513,0.000782561440144104,-601.3484430714809,-1189.002751030034,0.0,0,833,31166.682611498574,188.0,16846.810773344638,17,8,7,6
8602.847701120503,2561.380257552973,0.0008968597028143376,-1408.7989725169768,-2692.907750750426,0.0,0,687,41706.429982036985,157.0,22578.631579147477,17,8,17,6
10330.471874898341,3078.0348071255617,0.0009842767458789331,-805.0370653889194,-1563.2401241007765,0.00803995132446289,0,1068,50292.31773732251,241.0,27201.91652298809,25,8,22,6
12500.027935945971,3703.4633350355152,0.0011301078293484896,-702.728405534144,-1354.3056045145843,0.0,0,1369,60997.7207726325,305.0,32757.938343229107,25,8,19,6
14064.126087348042,4172.4343586752675,0.0011203359426907005,-351.7040020872245,-718.1444743332017,0.0,0,2067,68677.38780310696,478.0,36881.527747771936,31,8,31,6
14676.001915143128,4376.284887474855,0.0010508317627803184,-181.02371720216854,-377.93504060866695,0.008028745651245117,0,2988,71674.85850467753,630.0,38691.949518140784,39,8,31,6
15113.000952089216,4514.580720955461,0.0010564816008835059,-140.8576834682134,-294.3347374093389,0.0,0,3679,74113.14737571724,754.0,39986.51024671088,35,8,32,6
15067.088443074425,4507.80758933031,0.00098095438720646,-145.69551008449977,-309.8645344787887,0.0,0,3548,71206.54751740034,783.0,38613.043871951726,37,8,35,6
16549.257349472267,4889.675656029902,0.0011642063736568326,-124.68489426331384,-255.48968348653648,0.008038997650146484,0,4207,80492.38709776697,886.0,42843.75092180779,34,8,28,6
18333.1899187685,5445.594093090106,0.001122729649924481,-119.35760731653812,-238.65045816575548,0.0,0,4716,82272.72511265453,1038.0,44026.852551244156,30,8,27,6
4313.084862707391,1267.247690749714,6.386266115837988e-05,-2.7843701536573526,-7.473915333426259,0.0,21,6409,25458.701409987356,1380.0,8583.367344115539,30,27,24,25
5165.100398828171,1523.9975336004438,7.572192629872661e-05,-2.665266735929969,-6.654548841634724,0.0,17,7530,28742.57011889074,1679.0,10078.106780667003,28,23,24,21
5868.426660789421,1715.376119969708,9.036785096835635e-05,-2.4335370935573013,-5.632440164507024,0.0,14,9239,32544.231595437792,2030.0,13205.45563069579,29,19,25,18
6374.257086471142,1932.874482016514,8.420967399023438e-05,-2.0345523381007604,-4.870745664888553,0.0020241737365722656,13,10414,33079.80632879359,2352.0,13507.225181278664,27,19,23,17
6908.603299561469,1971.311660238212,9.435007704936959e-05,-2.324018047325201,-4.677839569780295,0.0,13,10787,35291.993914900406,2496.0,14331.241192956593,27,18,23,17
8583.630155748733,2360.215616683408,0.00014500308568560582,-2.5746135896254496,-4.5577561016732995,0.0,9,13338,42299.11785776283,3069.0,16894.061121615057,24,14,20,13
10602.735625388368,2949.174366184945,0.0001904113736906303,-2.3083149746370903,-3.821891284871553,0.0,7,17160,47164.123666970605,4122.0,18603.975773128055,22,12,19,11
9352.228780122981,2691.04814966776,0.0002215821000395121,-1.111689742100618,-2.2368689390000105,0.0,6,19542,46146.13668941178,4867.0,16521.79865721255,20,11,16,8
9014.84194096635,3229.688766387155,0.00026404069746329973,-0.1955124435787896,-1.6786074553854702,0.008062362670898438,5,26119,45987.42312844694,6822.0,20336.525786595514,17,10,14,8
9485.98906442265,3391.6407928166554,0.000327380915648171,-0.04433076954859927,-1.1902161260687802,0.0,4,29326,48793.01415319489,7979.0,21880.115832206633,16,9,13,7
9722.579928606829,3531.038031618544,0.00031853838877906774,-0.0022264871899206895,-1.0910475306615606,0.002022981643676758,4,30416,49091.09305383137,8424.0,22197.347417160752,15,9,12,7
10679.580494982947,4489.397291857772,0.00038687622958653243,-0.030975811070040438,-1.8172571177506747,0.0,4,32988,58793.99112351174,9290.0,33311.66338669334,14,8,11,6
8068.795187822382,3058.32941306338,0.0003162288294511724,0.42017555323709754,-0.25841275730853086,0.0,4,34248,51209.54045139163,10051.0,21506.591146924824,14,9,11,7
3205.3178560228666,784.8237855711411,0.0011303249289686904,-1531.8545598423004,-1319.5913491784656,0.0,0,297,11759.099121136516,91.0,4916.652806800343,9,9,6,7
4642.769886381335,1143.041327065214,0.001047141533265912,-2142.852456898831,-1770.8967077301838,0.0,0,310,13034.894795581718,96.0,5745.180232932891,8,9,4,7
4947.725166538571,1257.8953385448333,0.0009038092458646498,-3204.638895574744,-2752.203491338413,0.008028030395507812,0,286,15902.744315574597,90.0,7302.409704190504,8,9,3,7
4736.121582897745,1197.9276452806655,0.0009590278952423715,-1601.348519702185,-1564.8173726342065,0.0,0,373,15238.096522469288,107.0,6235.267449633724,10,9,4,7
5937.509584227192,1744.2364515875445,0.0009577375965028637,-3421.345411383734,-4759.562049040107,0.0020241737365722656,0,313,20224.3079562934,96.0,10801.433619715477,10,8,5,6
7473.365459035862,2205.467596583717,0.00102914136343895,-2802.319939596802,-4006.596975152532,0.0,0,469,32508.89347433291,152.0,17464.743054607832,9,8,5,6
8317.589725927171,2464.5391130328,0.0010916740022845336,-1153.0674273670718,-1999.7339990931807,0.0,0,759,37400.75990449955,227.0,20082.45155389351,13,8,5,6
9883.460750277942,2921.203228984957,0.0011585881145106385,-1127.8468324486516,-2051.6220678964664,0.002023935317993164,0,908,48197.91332767941,247.0,25842.754828667807,15,8,7,6
10685.668598126356,3196.527675498442,0.0009310330884231537,-321.5202591173925,-666.8731574713762,0.0,0,1634,52179.616548106686,359.0,28293.259790433018,36,8,28,6
14314.966146428604,4229.046666838015,0.0011665972528345158,-366.298975893526,-713.4129502978155,0.0,0,2095,69975.51626501585,455.0,37397.62901145259,36,8,25,6
16060.127052211112,4739.838681458893,0.0011703442386216821,-128.73265368623447,-260.3592245317061,3.910064697265625e-05,0,4108,78798.1900470983,860.0,41938.75248528441,33,8,27,6
16068.924408003239,4804.551281980572,0.0010193924909825771,-97.6283625971818,-202.46100357225816,0.0,0,4833,78475.38075574828,1017.0,42447.28672134073,35,8,27,6
17710.53474145655,5233.637302459803,0.001150680138804079,-105.0926959800704,-207.15284655114309,0.0,0,5013,83905.67725701317,1100.0,44676.42682546677,31,8,27,6
18322.00594704689,5465.982916829367,0.0010381233781145056,-95.54630948887602,-196.27728233741126,0.0020203590393066406,0,5424,83774.99875127018,1172.0,45233.41703696674,35,8,29,6
4580.223729330388,1335.0923514857043,6.59416318914434e-05,-2.8650641188365977,-7.335811356822578,0.0,20,6664,26166.33325252362,1457.0,8673.942223014394,29,26,25,24
5575.49017167593,1652.9339374885217,6.15414047417115e-05,-2.0887266531730635,-5.0497523200620575,0.0,17,9034,30629.902306404376,1990.0,10608.564666738082,32,23,26,21
6540.564221876672,1841.5908051457511,0.0001024473183449205,-2.28693463701447,-4.654214730322563,0.002030611038208008,12,10642,35712.236471876466,2413.0,14767.019379582402,26,18,23,16
8199.563369467402,2323.6718839934247,0.0001114833619962601,-1.8223575091304527,-3.557906910554035,0.0,10,14324,40899.08365255072,3347.0,17093.033642144233,25,16,21,14
9679.504062977245,2655.6951448473023,0.00018790944902632742,-2.470173444970596,-4.1515874236351245,0.0,7,15286,44751.17037063924,3582.0,17395.919469679866,22,12,20,11
9568.03151326506,3802.190903618585,0.0003027667025048429,-0.18902633450241968,-2.165445401837519,0.0,5,26854,47585.87334394104,7103.0,26698.848605882275,16,9,14,7
4809.7274849537325,1225.2532067351776,0.0009882459218375642,-3245.9104742089626,-2797.169679928131,0.0,0,259,13347.909603013792,77.0,6136.365677999318,9,9,8,7
4602.33921588366,1143.4829567979245,0.0010460824447836958,-2362.6274067787012,-1916.1334645293043,0.0,0,294,13221.51811689621,91.0,5456.859158453341,9,9,5,7
5962.236636055745,1760.6752269931362,0.0010271098755925746,-1724.5777688220335,-2756.913926132795,0.0,0,513,29003.18048186434,146.0,15557.623187892452,9,8,4,6
8271.510888040895,2446.7376526866888,0.0010734654877118193,-1507.0639627004596,-2284.7115668812608,0.0,0,693,34735.032955652605,211.0,18647.981163943878,9,8,6,6
7912.810085632541,2346.756254258649,0.00107974286162983,-1045.6079201522934,-1869.6018177420926,0.0020189285278320312,0,801,38666.57886796182,204.0,20778.92675179708,15,8,4,6
8893.100411987616,2634.25331115656,0.001096462666089611,-1275.3973053488794,-2352.487953908556,0.0,0,806,43307.874310938896,201.0,23280.966922970285,16,8,8,6
7037.502789273731,2101.7604585766785,0.0008252606375273083,-624.3732043310071,-1243.7170334336158,0.0,0,840,34459.69475783564,195.0,18638.984428538395,24,8,7,6
12439.254485852516,3679.060704875257,0.0011854699869375891,-564.9081371818817,-1117.516841427965,0.0020186901092529297,0,1555,60973.962251419696,328.0,32597.83471841128,24,8,8,6
10869.58285809455,3255.432854526776,0.0009441150878924564,-287.1251450379386,-584.1171181500882,0.010054349899291992,0,1785,53252.85517927226,377.0,28866.722116749545,31,8,30,6
17272.854906626762,5155.274225033313,0.001059170147276317,-118.32854248502863,-244.27943550365754,0.0,0,4520,78471.9797558231,979.0,42313.526940226104,33,8,29,6
18319.384120973136,5494.663423926117,0.0010058300377828978,-82.33526303359096,-169.66045931293897,0.0,0,5779,81918.03701821726,1242.0,44352.17455886147,34,8,29,6
7431.409985707305,2050.6756046029423,0.00011208809093196182,-2.71033632660008,-5.018568207867614,0.0,12,10900,36671.51229831089,2417.0,14662.503436656269,27,17,22,16
8239.26431514471,2289.503675166341,0.00012041488131865329,-2.0902132297405194,-3.7219843506008887,0.0,10,13522,40586.92122042309,3200.0,16386.315963884495,23,15,20,14
9562.42772706488,2714.261068985393,0.00023146503653129048,-1.409521064169994,-2.6047447258782226,0.0,6,18596,45098.015577654514,4491.0,16208.114019598484,20,11,17,8
9063.574147484658,3178.61606949602,0.0002812401269043607,-0.38054895970757263,-2.047481579475676,0.0,5,24261,44780.364101595325,6074.0,19383.952755454622,18,10,15,8
9074.019775118468,3822.345357836723,0.000375389893284732,0.18387721690600511,-1.2814296822145703,0.002020120620727539,4,32386,51692.87128898378,9059.0,29243.512952061414,14,8,11,6
4967.773002742527,1209.5103057432566,0.0010443319875689402,-3856.4336627160446,-2754.5587089660044,0.0,0,243,13281.116164870724,85.0,5704.8565587051235,7,9,3,7
4998.026949392823,1230.2016448268705,0.0009295900758810126,-2647.916777516448,-2549.3123325626007,0.002019643783569336,0,303,16071.501578695694,91.0,7095.086990363543,9,9,4,7
4637.970402571417,1160.2190654561696,0.0010780471131461712,-2030.7840397795246,-1693.4878794714516,0.0,0,315,11985.820924192429,91.0,5380.507762511359,9,9,6,7
6390.1300167753625,1876.0369163384983,0.001200863063065687,-1702.114879984132,-2521.9915657439337,0.0,0,498,24428.787076045097,155.0,12999.174544842223,8,8,5,6
5687.4901646333055,1672.4553300433613,0.0010380556205477306,-2357.7394235417228,-3407.663087281924,0.0,0,383,23327.215740846987,130.0,12465.626412654368,10,8,4,6
6786.203280034484,1997.1644896698476,0.0010554405968272488,-2211.664628462857,-2984.400436577127,0.0,0,479,25589.957857951988,146.0,13688.07299359413,8,8,7,6
8055.19929991682,2377.371718838375,0.0010641627777192885,-2335.2464108073927,-3769.361607326514,0.0,0,534,30829.73963305197,145.0,16531.38302542104,10,8,6,6
7724.464110315669,2294.5852177434413,0.000911667708898578,-1534.198673796909,-2555.508012849719,0.0020227432250976562,0,633,37524.623292175136,179.0,20274.76643635948,12,8,10,6
11005.828825324026,3267.568745199507,0.0010639345575976155,-933.154241939407,-1801.4034573657073,0.0,0,1039,53493.967669505146,232.0,28841.211534279748,34,8,24,6
11978.338532989987,3556.2494361512004,0.0010744403055392183,-750.5857976188021,-1543.412188265498,0.0,0,1282,58238.923776330674,277.0,31391.26086740475,37,8,29,6
9056.438617907308,2711.9541164232774,0.0008404266439789185,-224.97797661410308,-474.9697484131269,0.008060932159423828,0,1724,44189.501206682195,382.0,23983.541242456806,38,8,36,6
13392.147054532788,3979.5013787109397,0.0010900159247919819,-347.59756610570525,-700.0515487304494,0.0,0,2026,65308.39968835312,434.0,35166.42428923234,35,8,32,6
14633.77034659777,4294.694172748813,0.0012262294998316371,-193.27271438164126,-380.3325800165455,0.0020215511322021484,0,2989,71820.94190298737,663.0,38024.13834468729,33,8,27,6
14916.936669636561,4383.604510020478,0.0012222456352268926,-174.40993346882792,-344.29112000514067,0.008019208908081055,0,3242,73384.12188722024,693.0,38833.61304809546,29,8,27,6
15240.086435023522,4465.392717135873,0.001225040411346459,-159.1361932201318,-321.28501050447534,0.0,0,3399,74751.54949755565,707.0,39485.954076905036,33,8,28,6
14760.207118079823,4163.09521621622,0.001324838463907606,-60.67139878314805,-111.33231092174988,0.002025127410888672,0,5559,69602.79278357269,1215.0,35053.00334341914,33,8,27,6
4302.406103625952,1240.3446879311432,5.3480950978445245e-05,-2.6300096184136557,-6.733129473384153,0.0,23,6494,25373.07952330102,1444.0,8116.972500470203,31,29,29,27
5116.418850819624,1527.5576414024638,8.06298702883327e-05,-2.8028280895995312,-7.051498848984286,0.0,17,7405,28326.418334583934,1604.0,10387.163860572733,29,23,26,21
5903.544428705451,1752.9681350175963,8.444818419811622e-05,-2.2121968809945334,-5.205160132534812,0.008021116256713867,14,9568,32102.41412854692,2156.0,11994.122380627312,28,20,25,18
7402.928060750339,2027.2144897086248,0.00012180825314732478,-2.968684021107128,-5.309409015476095,0.0,11,10737,37143.553918917576,2366.0,14939.029158666293,26,16,24,15
6973.606913144889,2069.638150621362,9.059240869561087e-05,-2.2438710674938256,-4.89051282545824,0.002020120620727539,13,10980,33871.64813506666,2446.0,14003.647396020722,28,19,24,17
8599.806691038202,2391.245659052627,0.00013172593522289274,-1.9761785364911786,-3.591294330518066,0.0,10,14621,42036.613346898645,3415.0,16951.512235129485,24,15,21,14
8769.012345853482,2507.499513989542,0.00012220089541983955,-1.1909884935679553,-2.410297208919762,0.0,9,17905,44632.1303343912,4292.0,18446.425910771184,22,15,19,13
9441.280048242705,3329.6495131120946,0.00028991651148702155,-0.44931806819251574,-2.1742262064305655,0.008022785186767578,5,24072,44618.74202275598,6138.0,19415.962900477236,18,10,14,8
9611.459704319317,3463.6413406372217,0.0003754238566098598,-0.17650334294095305,-1.5472763828911908,0.0,4,27889,47668.01503472384,7646.0,21661.71679174254,16,9,13,6
8992.245952233188,3686.278862051854,0.0002991162149525489,0.07112519019373142,-1.5349747296368883,0.0,5,28974,47750.94226908657,8038.0,26773.64915330566,16,9,13,7
10200.53454919792,3650.9431266014826,0.00035299695130320104,-0.08461765471659,-1.191742029532171,0.0020232200622558594,4,29856,49121.874806124266,8201.0,21135.08213877613,15,9,12,7
11809.435036080698,4904.31503946683,0.00040823759104508596,-0.29312559186326514,-2.3984814566191797,0.0,4,32517,63349.03969740041,9323.0,35938.88360792924,14,8,11,6
4538.8145696358415,1214.1872111682912,0.0008215667966266886,-3741.778851073376,-3384.979278141177,0.0,0,217,13574.1399161482,80.0,6566.317244679627,8,9,6,7
4997.393117272121,1315.612931997018,0.000833574351157237,-3288.1512980314196,-2919.6726006333856,0.0,0,265,15601.558156099378,88.0,7431.262955104186,9,9,6,7
4333.641439377376,1272.9020272119253,0.001032249378473045,-1986.0033934484288,-2403.457180237857,0.0,0,307,14031.940818882678,97.0,7428.001045656358,11,8,3,6
4659.010726858229,1378.2780023548598,0.0010005935198961681,-1279.9811760533603,-1619.935890030369,0.008028745651245117,0,403,14382.37821737333,125.0,7622.144930952229,10,8,5,6
5116.053688833428,1504.0103757545544,0.0009323870054778777,-1915.8688894958989,-2853.48046084203,0.0,0,361,18002.43879130744,100.0,9598.611897601972,10,8,7,6
5112.195190308785,1509.4523202795665,0.0009471016308827071,-1440.6003565488415,-2225.4296355324805,0.0,0,481,23748.53107378893,137.0,12724.935945850171,10,8,5,6
6008.905228166789,1773.9639885622921,0.0009951907064287713,-1921.653022582159,-2806.3991110403804,0.0,0,476,27511.04181792065,146.0,14758.682184162877,10,8,5,6
6104.730900048369,1812.0989479721632,0.0009065864510341622,-1167.0481390551438,-2089.3946248758825,0.0,0,595,27572.90283396518,143.0,14827.09328759704,11,8,4,6
8695.575939735736,2571.8440695399636,0.0010895466384266868,-1961.3475875134948,-3585.4172837435585,0.002031564712524414,0,614,39144.4890497119,157.0,21030.349140891798,12,8,6,6
9710.258596724238,2859.8903297168217,0.001222061579136528,-1219.7553758418094,-2123.2970579005323,0.008048057556152344,0,893,46727.47844888895,238.0,24957.291152990423,15,8,7,6
9890.141941695589,2913.7466386727115,0.0012097336471487592,-1171.5339069019628,-2036.6219696556177,0.0,0,926,48237.76454925752,239.0,25782.445766598932,15,8,7,6
11403.157212665541,3374.6945456648973,0.0011444611932325984,-1058.3204354176628,-1942.578157726785,0.0,0,1088,55573.23453031597,247.0,29822.862771094806,16,8,6,6
7249.725589508039,2171.6977084377613,0.000800536499723359,-348.3848272340419,-716.0058038711915,0.002020120620727539,0,1149,35619.144300107015,249.0,19288.969646827558,29,8,28,6
14481.413028732914,4244.468788463982,0.0012474159677552164,-183.738102138418,-353.7919740558918,0.0,0,3024,71388.50727319976,667.0,37649.96566262712,31,8,26,6
15704.742706789826,4611.495680697365,0.0012049638918611204,-174.78317539658468,-344.1775094710422,0.0,0,3414,75196.25823686144,745.0,39869.475652060806,35,8,30,6
15948.572509455576,4657.061984613342,0.0012522398060584108,-80.37857707242041,-156.28680400764225,0.002027273178100586,0,5207,76917.85740190734,1127.0,40163.71275292765,28,8,26,6
5200.0604463767195,1511.1396549703159,6.621464296956989e-05,-3.1560515995824208,-7.214157267019969,0.0,18,6997,27394.40819885233,1511.0,9122.237622231603,31,24,25,22
5271.684917649295,1513.0021453417705,7.386107595092127e-05,-2.678187389446626,-5.951367842032396,0.0,17,7843,29662.18183770168,1737.0,9752.502583580412,31,23,27,21
6753.5723476976555,1848.2080425752652,0.00011584312607249688,-3.13164335496527,-5.765737295802072,0.0,12,9420,34826.91134333534,2070.0,13668.01323154902,27,17,21,16
8439.193311466244,2308.2744350341745,0.0001388940399572112,-2.846445323917045,-4.747848849345957,0.0,10,12501,40393.28730152665,2883.0,16187.139476768687,25,15,21,14
9565.11115208806,2698.766558280302,0.00016199267109262122,-1.7683647254461867,-3.2091108761558944,0.0,8,17265,46290.70732799951,4142.0,18785.341649898313,22,13,19,12
10040.079566648557,2848.7741153583543,0.00018599391572515696,-1.4677665430167028,-2.736174966183259,0.0020241737365722656,7,19129,47962.14541316595,4579.0,19117.256060126572,21,12,17,11
8459.84061475723,2974.3322159603877,0.00024710277591748165,-0.5286231300427102,-2.4105514675313224,0.0,6,20939,42331.62908684295,5181.0,19089.618722468025,19,11,15,8
9225.949763925111,2606.37127396449,0.00020426281734400593,-0.7650526355949303,-1.5909465412577988,0.0,6,21643,48274.6559079243,5433.0,18208.396484461264,19,11,16,10
8637.492127814932,3022.614992914419,0.00028552810953045644,-0.4236907978022346,-2.1449896288658477,0.008024454116821289,5,22992,43758.089245745694,5910.0,18929.80091323472,18,10,15,8
9667.41337241081,2766.033004491565,0.0002156914662939128,-0.6734617389322466,-1.4522395297499933,0.0,6,23459,49200.953741382735,5896.0,18298.51946088578,19,11,16,10
8978.705907434402,3172.0276947462417,0.00029229188009713105,-0.31826623494732864,-1.8733689602012644,0.002023458480834961,5,24427,45063.606306017246,6209.0,19545.470552811763,18,10,14,7
9286.570043622967,3349.5207454226734,0.0002764267957611909,-0.051085319881627456,-1.2358370933313445,0.0,5,28048,47350.75407956847,7520.0,20402.32458207917,16,10,13,8
18790.31067979142,7155.794784294899,0.00045292551802940867,-1.844900316762455,-5.0686726168005025,0.0,4,35652,95215.05233163902,10697.0,54073.95569919469,13,8,10,6
5174.767009209477,1291.319406478654,0.0009510310089545119,-5357.386213661954,-3936.247842862942,0.008030176162719727,0,215,15104.222010536978,83.0,6794.601193802802,7,9,4,7
6718.355420368827,1967.9284674603916,0.0012030116160735337,-2157.1222202939025,-2793.3405378147218,0.0,0,425,21405.12211192351,142.0,11367.902700903316,8,8,4,6
6525.24298821646,1917.6132926503553,0.0010896072361907768,-2351.689666717091,-3132.224053485262,0.0,0,399,20935.945275000628,126.0,11150.906711386247,9,8,5,6
4024.9852694233005,1179.9302493335485,0.0009480938372780311,-1998.163229259166,-2670.5876691763556,0.008007287979125977,0,292,17284.9363250738,94.0,9205.882492842087,9,8,3,6
6867.2986772083095,2036.1506089466277,0.0009485738099198879,-1311.8105913236247,-2082.493682481304,0.0,0,612,28367.813996374447,166.0,15244.668538222832,11,8,4,6
9098.607116457992,2695.279021235317,0.0011654433338312994,-846.3823300878901,-1532.6375584958369,0.0020258426666259766,0,1034,44614.97710430286,268.0,23906.235359069637,12,8,6,6
9250.083466821468,2739.7085219505634,0.001135115612598589,-1048.7069293205848,-1820.2107415310677,0.0,0,909,45187.74802520775,241.0,24253.747494250623,14,8,5,6
10080.07980409578,2980.7432051009705,0.0011329360580398847,-1336.7494078388213,-2367.365622154567,0.0,0,879,49045.89452958855,213.0,26336.10044807216,17,8,9,6
11177.185653208884,3302.0398718554256,0.0011663092400575666,-996.8748335479733,-1768.6500248712202,0.0,0,1027,54470.5959637955,258.0,29189.040658397455,18,8,6,6
10624.96307738982,3166.6430574809697,0.001005738780695789,-563.4805951287424,-1135.250298179587,0.008089542388916016,0,1239,51813.57179994577,273.0,28006.579032571084,22,8,18,6
12841.259431136352,3796.884277186572,0.0011814513362969523,-455.11433329640306,-900.9984147004022,0.0,0,1669,62783.77175710106,368.0,33564.04654965835,23,8,18,6
13322.280075835291,3919.249339139092,0.0012381711385326944,-336.77117566776514,-655.2402715006939,0.0,0,2031,65397.776945914644,445.0,34701.8307426566,32,8,28,6
13530.555874946822,4015.495836543696,0.001104583563075258,-367.4043678196642,-726.4175265227337,0.0,0,1940,65994.0077111325,422.0,35496.160859193216,34,8,22,6
14535.039721783494,4283.864486664311,0.0011932719218324948,-233.38472111139856,-471.8577369899116,0.0,0,2639,70314.90953838895,569.0,37452.33220832565,33,8,33,6
15459.937314400922,4508.324609231489,0.0012544716198520413,-118.0342820642875,-232.3488808610284,0.0,0,4146,74796.34808846045,881.0,39192.27012356317,32,8,25,6
16455.19514805144,4768.837587555071,0.001265339644336791,-70.61206115441446,-138.10520053944467,0.002027750015258789,0,5662,76630.07410386569,1212.0,39756.83007925478,29,8,29,6
4769.877444562413,1369.9353268943594,5.4996305503166743e-05,-3.541014535345928,-8.221135855636632,0.0,23,6090,24361.141183990283,1299.0,7765.543409966742,33,29,27,27
5404.958529679165,1562.3954644673029,6.672056054475276e-05,-3.0518963454799595,-6.609248928278436,0.0,20,7249,27902.65521983186,1611.0,9219.146972952085,33,26,26,24
5581.802811371536,1626.1161497287117,7.90541566296588e-05,-2.7890540842188494,-6.03396639670379,0.002019166946411133,16,8061,29816.33755168217,1782.0,10378.984091598399,31,22,24,20
6995.287655471698,1961.0687036387942,0.00010488153273033321,-2.796609409700786,-5.247411913218705,0.0,12,10268,34654.63482018826,2379.0,14158.343013540289,26,18,24,16
8415.590720744542,2393.0390390180974,0.00012276109348474123,-1.7710144377169321,-3.3859390622729295,0.0,9,15116,42285.37198137757,3587.0,17816.40241859646,23,15,20,13
8966.752495019657,2470.8326325250114,0.00016058851817992014,-1.7184857519375156,-2.962640790317497,0.002029895782470703,8,16011,43621.38722960033,3793.0,16870.91806291633,22,13,20,12
10132.114057313398,2864.76223217544,0.00017950280141917774,-2.0530656628269592,-3.6361898596710374,0.0,7,17394,47824.627040119,4187.0,19743.907278651044,22,13,19,11
9432.626486374676,2640.5034464619816,0.0001567105757675688,-1.2772923845117123,-2.37779964254639,0.0,8,18548,45175.512030460435,4415.0,17312.844617383926,22,13,18,12
8791.42488652159,3079.972625356633,0.00024559106113413115,-0.8053809241505312,-3.08076860593708,0.0,6,19426,40936.40758381731,4805.0,18469.793241800115,20,11,16,8
9746.223768485854,2786.694731080906,0.00016392116145760958,-1.1321407957005656,-2.2350232329843673,0.0,7,20229,48294.467436491774,4988.0,19519.260797638824,21,12,17,11
8843.911584487772,3117.6270293155776,0.0002462667467584644,-0.49140323314009593,-2.2890386091476738,0.0,6,21831,42811.95602699474,5423.0,18744.565678150502,19,11,15,8
8506.383015132647,3008.9177923289926,0.0002747001681020991,-0.13479514058293485,-1.4726634554406264,0.002022981643676758,5,25752,45602.88541871704,6753.0,19808.296512185567,17,10,14,8
8705.13917303817,3261.5481399523824,0.0002911065153356843,0.011351071130640045,-1.336934779962132,0.000576019287109375,5,27758,46284.76705330177,7451.0,22455.315033716863,16,10,14,7
8957.72535519278,3773.0196652092695,0.00039409120716871687,0.09913706495298691,-1.5776454444290944,0.0,4,31862,54838.894346999616,8951.0,31072.55760177491,14,8,11,6
10448.359555172729,4404.741505104268,0.0003872949450281606,-0.031758665876049585,-1.8202372020952446,0.0,4,32707,58808.94358553522,9527.0,33297.84969558296,14,8,11,6
15860.965857081885,6230.001632524097,0.00045010050372122455,-1.2316285698037137,-4.157348799373817,0.008020639419555664,4,34136,83157.68488057211,10100.0,47270.249515131436,13,8,10,6
5346.8346248022135,1420.8242111089205,0.0008496406641842067,-12035.372702684559,-8804.024427843005,0.0,0,142,13122.291563405299,58.0,6323.034554835956,10,9,3,7
4677.397519068635,1368.9461086623917,0.0010366021226769387,-2003.3669076563083,-2418.127529312924,0.008048534393310547,0,322,15353.042429439456,112.0,8141.222125430049,8,8,4,6
6818.886493199687,2006.7307102340026,0.0011316140413017387,-1854.9676494714736,-2676.995198022924,0.0,0,503,25329.02164852866,154.0,13515.399567660712,10,8,4,6
5941.103916552252,1754.286335871387,0.0009917367198057588,-1944.5468529632367,-3143.017389347929,0.002020597457885742,0,450,25846.876626749727,128.0,13852.954875265132,11,8,5,6
7504.3461091592235,2215.068103158643,0.001096590905477203,-1786.6274563265738,-2858.7086015423133,0.0,0,560,32247.779521312972,160.0,17283.273185900747,11,8,6,6
9036.073956351154,2678.4064534018066,0.001112062471041621,-1042.5586046148908,-1949.9243899162514,0.0,0,881,44104.05083814476,218.0,23694.850063309088,15,8,6,6
10099.070954013858,2982.674067321973,0.0011845813631329689,-1048.0966121334395,-1873.9760105117816,0.008043050765991211,0,948,49275.65653219589,254.0,26378.562241819367,15,8,5,6
5686.3354749576665,1397.8827271737955,0.0006700666262539401,-571.8678340096469,-771.7055134427521,0.0,0,741,27775.778678178303,167.0,11956.783743984655,22,9,22,7
12638.24594393628,3706.2348493663153,0.001275070483433479,-414.7965797807653,-798.4591959898158,0.0020225048065185547,0,1754,62135.56534237246,381.0,32858.19041641806,24,8,15,6
13353.967637120388,3886.722488779196,0.0013038879079283014,-264.88164689100813,-507.1501136654668,0.0,0,2289,65816.16784587671,495.0,34474.66345927272,26,8,26,6
14671.80367910772,4316.994385646228,0.001210599361283035,-163.93667056906278,-333.46740729432554,0.0,0,3218,71993.36633431145,694.0,38214.887650990364,34,8,27,6
7878.723582572084,2173.8146072936393,0.0001563891162328659,-1.996611001873371,-3.6239731306434626,0.008040428161621094,9,13231,39582.8920287199,3075.0,14389.114843463081,23,14,18,13
9328.466226618324,3286.519393929551,0.00029113353569760504,-0.39128794377816223,-1.9993361461224182,0.0,5,24157,44501.387509677465,6125.0,19182.171599465182,18,10,13,7
9293.144314438445,3148.416451628642,0.0002631135340866007,-0.3066405651743056,-1.5796247239815613,0.002021312713623047,5,25045,45332.75249619159,6502.0,17828.48421286738,17,10,14,7
9476.192120092644,3646.8636946742167,0.00038675061032254564,-0.13497505545503108,-1.8022195410584056,0.0,4,27961,46225.39307671349,7450.0,25041.44401625512,16,8,13,6
9745.987722995114,4185.181697042921,0.0004078746847265372,0.10856209664423921,-1.5192436444799724,0.0,4,34078,61183.06980573938,10045.0,34670.21124599963,14,8,11,6
22991.220581868754,8439.518538742203,0.0005173379135159307,-3.3417195563246445,-7.5784073066482005,0.0,4,35503,110140.98840983937,10744.0,62792.048999904946,12,8,9,6
4896.861818597827,1173.1707598110263,0.0007327136065020016,-13310.927056747783,-8505.33976467936,0.0,0,128,12293.705517006769,51.0,5030.48339001402,7,10,3,8
4682.33053085206,1136.7985035788574,0.0010194049915238058,-4967.115596442434,-3230.7170674560866,0.0,0,203,13876.123327634581,79.0,5966.383191162386,7,9,4,7
4454.292666655018,1299.036813918508,0.0011219179905739213,-2115.0550057521127,-2503.7408896068932,0.0,0,294,13861.095153454096,105.0,7321.36667257571,9,8,3,6
4685.386315089385,1143.6103051662067,0.0009840680070309393,-3046.6442073679814,-2434.965256339995,0.0,0,264,14761.488528067377,85.0,6248.418443618713,9,9,4,7
5252.768322289339,1536.1102435011521,0.0011493592371032374,-1556.859943954735,-1838.4802542243733,0.0,0,426,17061.51572543202,143.0,9041.343971988525,8,8,4,6
7343.014593066108,2153.6819502471712,0.0012384938598071966,-2127.991951007329,-2986.0687595427594,0.0,0,501,27221.36371447986,154.0,14484.66741785196,9,8,6,6
7264.365346969682,2129.492628770478,0.0012012851572180633,-3203.542905885121,-4168.03686174617,0.0,0,407,27717.597000595724,148.0,14772.355563706784,11,8,4,6
6797.299384460054,2001.264779173072,0.001041171578072885,-2513.5106926808303,-3698.9868918097745,0.0,0,418,25009.519685187046,127.0,13378.178831962337,11,8,4,6
4328.692579903222,1288.5836885378783,0.0008436121512527603,-914.6139343110243,-1653.2077819521674,0.0,0,473,19096.12093318562,119.0,10213.242832062366,12,8,7,6
9739.35282328305,2854.5333973111647,0.0013078776253028254,-1601.2447768744953,-2356.754674860797,0.0,0,816,39965.30719128322,228.0,21232.343053240802,10,8,6,6
9933.083099798012,2924.354432960736,0.0012055465819629948,-1633.5814291824358,-2836.0984590676153,0.0020225048065185547,0,774,46160.49238838605,194.0,24680.138594574048,14,8,7,6
12444.37693055672,3618.7271663316515,0.0013324749764516317,-348.28954905384415,-637.6701413898863,0.0,0,1862,61318.007366199556,412.0,32104.25306588158,20,8,20,6
12844.31160038041,3741.600689282829,0.0013097677085198906,-356.4674890458271,-669.7763154182484,0.0,0,1833,63133.040835333086,399.0,33141.60397190046,19,8,24,6
13976.964629002778,4150.103624292883,0.0011098501079584641,-231.91829332144653,-469.0963363893364,0.002025127410888672,0,2505,68259.49207699765,554.0,36692.10736454252,41,8,25,6
13916.652221288976,4005.018744249017,0.0013297262489584544,-90.99934558696715,-174.62369898402775,0.0,0,4214,68394.04488268038,931.0,35105.63456814598,29,8,25,6
13962.521361238192,4193.742124814785,0.0009741190268543053,-85.98750495262911,-181.22359709989365,0.0,0,4377,68453.87400586094,917.0,37128.23406618093,34,8,28,6
14170.17150439213,4025.719493029487,0.0013431819338460011,-69.98506508520246,-128.5153605777274,0.008025169372558594,0,4922,67348.43203725643,1056.0,34090.120020674454,29,8,29,6
4961.534399223924,1449.1239821849376,7.71063202283864e-05,-2.9898926012715354,-7.155736549875488,0.0,18,6936,27206.251997886975,1508.0,9332.111312701341,29,24,28,22
5550.374758646249,1675.8808544988387,8.731258545990294e-05,-3.0506346692716537,-7.454244927660271,0.0020248889923095703,16,7485,28555.153538946368,1631.0,11185.300392423982,28,21,23,20
5672.41593431523,1662.045863582778,9.119084792178102e-05,-2.66989054510936,-6.055996396382373,0.0,15,8293,30004.924789095756,1805.0,11730.543587602784,27,20,21,19
7700.290009076381,2095.1527861236636,0.00016217829088384516,-2.4914249302495532,-4.368277904815144,0.0,9,12256,39127.801501054295,2861.0,14642.647916711649,24,14,20,13
8358.200642063268,2304.398035518997,0.00015299858316212005,-1.6529343825203284,-2.9614175644431384,0.0,9,14962,41383.84374465473,3460.0,15680.142417776427,23,14,20,13
8491.083063315327,2350.648831391997,0.00017133595084299573,-1.5934161322977327,-2.867579812212658,0.0,8,15828,42534.76238999785,3823.0,15905.59745344273,22,13,19,12
9285.196693788681,2605.934950406869,0.00015946033923166326,-1.1784223931352922,-2.1949275167321254,0.0,8,18667,45287.88220444844,4565.0,17401.312884562532,21,13,17,12
8423.65611602115,2997.64014316773,0.00021163489730133538,-0.5038954231818102,-2.4577459216339514,0.008049964904785156,7,20554,41050.89398765072,5142.0,18242.80101404054,19,12,17,9
8861.57613180731,2639.8145769631938,0.0002137067114376947,-0.6114750648856588,-1.5792665509557668,0.0,6,21528,45277.353814864604,5462.0,16475.51264787284,19,11,15,8
8931.18366895507,3197.6420602217077,0.0002755843179515375,-0.13472554934018643,-1.4812136479914328,0.002027273178100586,5,26294,45614.7071386422,6836.0,19445.3908682853,17,10,14,8
8918.450272462444,3572.680468234141,0.00030386823944956147,-0.06920189052174264,-1.8404063788889933,0.0,5,26755,46529.53866757533,7141.0,26086.159211583035,16,9,13,7
8914.30838590021,3590.9675728068223,0.000382949845349856,0.00012902001864900647,-1.7040002690215887,0.0,4,28990,48103.093648057664,7852.0,27244.839318377315,16,8,12,6
8997.816008460448,3815.4935600360136,0.0003773900890526805,0.20697120450133555,-1.2389175828527788,0.0,4,32210,50240.14695560462,9101.0,28424.569796215743,14,8,11,6
12594.580330570885,5198.3470761077315,0.0004313178059499491,-0.43103231349501203,-2.7039278349190266,0.0,4,33105,67650.70414047035,9436.0,38468.25097069252,14,8,10,6
4006.0542629460733,1166.5444998368498,0.0012627401366859445,-1349.6828025871284,-1603.4148725561108,0.0,0,328,11813.417144929957,110.0,6200.024680679871,8,8,5,6
4610.629505857652,1341.9010947204094,0.0011418073372741898,-1902.8642824085773,-2128.37169457965,0.0,0,333,13145.135905240148,99.0,6932.465203610191,8,8,4,6
4679.973896742261,1366.5235517629387,0.0011447488909544694,-1975.5897780625805,-2291.15583970323,0.0,0,329,15609.234156945535,104.0,8259.450436540621,10,8,5,6
5164.164461024369,1516.46890754961,0.0011450831490197602,-1233.5426872942428,-1758.6059024680821,0.0,0,458,18281.325802507672,137.0,9700.883539424118,8,8,5,6
7765.968714198721,2288.8821483783613,0.0011281419704080044,-2052.638347522159,-3360.994660814595,0.008020162582397461,0,549,33616.07284954628,164.0,18004.442793656977,9,8,4,6
8339.301718530258,2451.9637450065875,0.0012605637209485055,-1266.462132153755,-2131.278613069757,0.0,0,796,40424.15594231914,210.0,21541.595172368397,13,8,4,6
10405.836450721981,3067.8950061314176,0.0012334162423737968,-839.0631092180046,-1563.0163242277217,0.008028745651245117,0,1116,50912.29504492311,268.0,27158.34739009195,16,8,8,6
11067.173689654324,3292.3946723451168,0.001118463344836158,-428.4988232152787,-853.1988621504867,0.0,0,1483,54369.75118295987,331.0,29226.254724823695,21,8,14,6
9977.727015447177,2977.14972971412,0.0009901354169670178,-493.3215068903741,-1055.4206653607457,0.0020189285278320312,0,1251,48709.95793456946,269.0,26331.53749849952,29,8,22,6
14807.722726660255,4340.796956813502,0.0012508693675122476,-239.91733816415314,-465.1973693416675,0.0,0,2589,68457.54972038706,562.0,36174.207548162914,35,8,27,6
14123.403438154679,4134.899875964963,0.00126201918309633,-161.8480134371974,-317.3855815246214,0.0020427703857421875,0,3225,69625.6102397316,664.0,36663.56317952476,32,8,25,6
12935.543422631456,3650.360570295275,0.0013889653629237963,-115.46823003324725,-212.18702983612968,0.008054733276367188,0,3392,61801.426130825625,745.0,31185.970713876377,31,8,30,6
14951.454014858107,4341.376117907763,0.001278812625801111,-111.98099251222013,-217.2045838012073,0.0,0,4080,72352.03286088137,875.0,37745.782060145255,36,8,29,6
15370.367294068232,4476.857533430027,0.0012693640230211196,-75.7968200518196,-147.5993477387102,0.0,0,5125,74778.42669878881,1111.0,38938.952550567,32,8,23,6
17485.6554744156,5169.720685339591,0.0011705098800098622,-83.9828608552443,-169.0399057108306,0.0,0,5622,80408.9740501976,1222.0,42753.24793990562,33,8,28,6
3740.7063034698112,1073.2612631391603,5.038302124903031e-05,-2.5554172606859185,-7.609551509982188,0.0,27,5879,20985.31334317686,1325.0,6419.288802826302,33,33,28,32
5285.280944336809,1588.1663202371672,8.387525286317417e-05,-2.7720729986765997,-6.601343645838737,0.007031679153442383,16,7688,28359.002615672565,1718.0,10734.062235967616,29,22,24,20
7105.1642725680085,1928.6666918610817,0.0001488629109167958,-2.582159229965739,-4.576376171953051,0.0,10,11044,37277.68564132691,2508.0,14052.53567265546,25,15,21,14
7384.354537905339,2029.5335181619614,0.00013514260556426154,-2.356540091420814,-4.217586973619859,0.0,10,12023,38960.086296888905,2773.0,15688.741101826738,25,15,20,14
7486.0801041218065,2055.199765379044,0.00015943439301651134,-1.9657650506284416,-3.613089893631531,0.010048627853393555,9,13108,39890.77865153173,3093.0,15081.714879210856,23,14,20,13
8125.806671325776,2845.2839746030377,0.00022244967412613002,-0.8878470393390321,-3.310396789280195,0.0,7,17527,39130.05211355956,4258.0,18482.44338851315,21,12,18,9
8787.634277948295,2868.3219460423666,0.00023545590407878135,-0.8422494116554429,-2.63466218529132,0.0,6,19402,41375.475969361374,4785.0,17188.052344576736,19,11,16,8
8825.578178208652,2825.1313721468373,0.00024704281375853847,-0.7828194200625957,-2.378885903238186,0.0020203590393066406,6,20238,42537.62182342943,4880.0,17371.523126687007,20,11,15,8
9345.819315609628,3305.0607810453193,0.0002975641337747563,-0.34449585700394025,-1.8863116743876467,0.0,5,24485,44554.59451679528,6280.0,19857.4658835285,17,10,14,7
9306.822324102177,3311.3926481840454,0.0003025299078693885,-0.28327499072127815,-1.7741963657623034,0.0,5,25366,45110.00995190807,6523.0,19431.80991598685,17,10,14,7
9100.475180893429,3602.6823831661495,0.00030950168722713203,-0.11055945786446109,-1.9564568674896035,0.0,5,26451,45221.99973036278,6937.0,25379.179012048982,16,9,13,7
4779.935543518489,1216.3349136470074,0.0010197231862014984,-3151.742580239238,-2586.0990891977067,0.0,0,261,12704.74331055329,88.0,5818.193112926394,8,9,4,7
5824.28980335904,1708.856350964879,0.001180773494231679,-1335.033012320763,-1795.3331123711132,0.0,0,506,20726.78026154985,156.0,11010.224798854888,10,8,4,6
4735.328734044573,1390.1168729304984,0.001026347192800973,-1415.5883166156316,-1947.1894809338633,0.0,0,398,17445.01560670109,119.0,9276.353768180627,10,8,6,6
4873.506652643066,1265.2722766032125,0.0009099854903279835,-3646.6001231266296,-3171.4596335633246,0.00804758071899414,0,272,16568.328088937742,89.0,6650.238649973304,8,8,4,7
5853.553067093204,1722.4758923796412,0.0010986370593474824,-1657.857190322152,-2350.109886868225,0.0,0,473,22619.161625203014,161.0,12060.62942064066,10,8,4,6
8092.0236812821095,2371.401788305634,0.0011973166788523302,-3921.485735184258,-4963.314839654289,0.0020198822021484375,0,410,29319.835064965187,132.0,15637.82949578319,9,8,5,6
9007.010979022394,2644.0106796822524,0.0012420013978958913,-2336.825506564249,-3200.2003914374727,0.0,0,578,32600.836027065096,184.0,17371.580597319553,12,8,5,6
7773.719355231015,2293.5492559126146,0.0011342452971143317,-1425.400673039169,-2214.626463532979,0.0,0,658,30408.143482039864,189.0,16263.285532244161,11,8,7,6
8555.880659709353,2511.798977191618,0.0012486836940521712,-1653.9275225540348,-2490.123732347896,0.0,0,697,38203.18181736381,207.0,20369.30044895099,10,8,7,6
8878.077642084549,2606.8837446423854,0.0013090118477453547,-1188.7472284924497,-2018.192700191521,0.0,0,851,41776.31462092554,252.0,22190.543209908814,11,8,5,6
10042.700067437807,2944.424917747274,0.0012830257008596736,-1822.6737675331497,-3025.5162110565743,0.0020198822021484375,0,701,42957.45006446435,208.0,22854.94946153772,13,8,5,6
7665.394087813321,2270.34510082264,0.0010533551444540164,-1436.8016969066007,-2476.606142527919,0.0,0,657,37316.05160547952,177.0,20065.362823265677,16,8,4,6
10445.214686067957,3073.577848400664,0.0012315154773339815,-1058.6533658236378,-2034.112187998026,0.0,0,925,50848.18917384723,226.0,27129.033822065656,17,8,6,6
10724.876623630067,3158.7339604536724,0.0012152901688919815,-1103.8910760955507,-2024.2916355994653,0.0,0,996,52271.2651267476,253.0,27917.030081932302,18,8,8,6
9881.328012581524,2937.3445022291967,0.001008543550825137,-773.6110597945581,-1544.7018127727306,0.0,0,1027,47972.9981713552,226.0,25909.85949472503,33,8,36,6
12975.30711567849,3800.1391323540565,0.001273775776933156,-341.970817524382,-669.1888671090936,0.0,0,1950,63694.318704244324,424.0,33652.503812097624,29,8,29,6
14812.535549223076,4256.385209772383,0.0013284859480229836,-114.68786642194912,-221.54569434712633,0.0,0,3905,67984.33356728262,818.0,35024.36057988771,34,8,30,6
4609.844632688189,1338.1078254286674,7.44714590807465e-05,-3.308311024600293,-7.977632663098445,0.0,20,6204,25118.18187412311,1354.0,8343.426207207012,29,26,24,24
5440.404022346739,1578.7520751453778,9.733352850196657e-05,-2.989398827361063,-6.889592996587288,0.0,15,7594,29247.15541009233,1616.0,11461.435615021612,28,20,23,19
6183.077685088625,1799.2482104326746,9.340963613953222e-05,-2.3402462441310665,-5.063806028064506,0.0,14,9533,31842.32828722844,2161.0,12790.810999399175,27,19,23,18
7172.084725700792,2002.4639127076798,0.0001166461588238812,-1.7323033088696378,-3.3521545430437296,0.0,11,12826,38193.059070292155,3044.0,15372.398152989568,24,16,20,15
7532.128164947994,2069.162424376505,0.00017335293437608564,-1.7166857747482265,-3.222870679145289,0.008040904998779297,8,14026,40909.27776893549,3332.0,15382.281692287426,22,13,19,12
8690.850263916776,2404.8780098777447,0.00019973781188979437,-1.5565979357215514,-2.797965079610615,0.0,7,16501,42784.590027278675,3892.0,15740.159703487858,22,12,19,11
9612.73446404707,2717.3024373052845,0.00016286309935325166,-1.8964128963020257,-3.3020545968624146,0.0,8,16670,44979.40367469863,4102.0,18276.844183002446,22,13,19,12
8371.002924179928,2408.6944537902664,0.0001329101778870851,-1.205962350521594,-2.5055157052516077,0.008033275604248047,9,17386,44389.61223776483,4252.0,18453.46313552835,23,15,19,13
9243.095033187219,2616.111719330668,0.00019910808180621082,-1.1270948275690702,-2.1436244709269623,0.0,7,19179,44862.50151686078,4650.0,16391.978033884785,20,12,17,11
8523.763024384201,3099.9469077599288,0.00025894784977315916,-0.5734496113643057,-2.7433413622303506,0.0,6,20320,41094.48679982525,5007.0,20788.946312996253,19,10,16,8
9128.160604521789,3546.149180317687,0.0003217396861862795,-0.37135906337822,-2.5730562081426993,0.0,5,23854,44461.91771105316,6089.0,24993.956515416066,17,9,14,7
9480.364631318096,3368.1344375421904,0.000287075495258283,-0.32131479894118975,-1.8552684990514945,0.0,5,25071,44407.870860412375,6531.0,19300.886295388977,17,10,14,8
8728.409847654471,3126.5508097909446,0.0002676327232797959,-0.15215813792955557,-1.5389451996894379,0.0,5,25306,44783.48902570526,6755.0,19717.507316815652,17,10,14,8
20286.517837800373,7715.787420663798,0.0004884663957568015,-2.2933839469039228,-5.930602171698794,0.0,4,34829,95422.79034002897,10402.0,54368.47333729523,13,8,10,6
3657.1262423285484,921.4163521331438,0.0011464457438053785,-1633.9847818448804,-1476.5164592582485,0.0,0,268,11391.87799390983,92.0,4629.7299028358975,8,8,3,7
4470.94088978488,1299.0041760946153,0.0011436708451219289,-3076.071323880164,-3028.0063048288807,0.0,0,247,13145.135905240148,88.0,6932.465203610191,6,8,3,6
5260.608404769651,1533.7063733545099,0.0013028540843506562,-2057.2125596311525,-2650.637396525257,0.0,0,377,19285.194926509335,125.0,10195.948861130448,8,8,5,6
4244.584177204732,1256.2460297515709,0.0010134281857224093,-2713.4164372460837,-3008.075023873901,0.0,0,246,13590.144258907363,89.0,7137.838770981445,10,8,4,6
6855.0043324252165,2009.1073496009737,0.0012095912539549908,-2321.0040937032663,-3013.5584270614618,0.0,0,454,23138.605440648556,142.0,12299.5973070756,9,8,4,6
6284.583478889837,1844.3148563911711,0.0011863314779189272,-2384.8026981769854,-3564.732025007187,0.0,0,415,23931.254961227693,128.0,12737.611796750229,10,8,5,6
8520.853264933532,2496.546189655763,0.0012689110743819055,-2361.952993443489,-3207.3341933040742,0.0,0,539,29903.626567905427,178.0,15905.04719927672,9,8,4,6
7660.576164840798,2252.7879374910062,0.001185606044180863,-1919.200130202635,-2777.9968716001276,0.0,0,546,28914.259859192054,172.0,15425.958271333257,10,8,5,6
9343.314663604806,2750.771625486646,0.001245916485457924,-1127.7582261237053,-1907.1615184730265,0.008044719696044922,0,884,45611.332810359076,242.0,24323.300150308816,12,8,5,6
8936.604556762251,2638.9590310536273,0.001138352591003128,-1811.8741780137118,-3100.054363808719,0.0,0,685,43394.116129878865,181.0,23282.04325912564,11,8,6,6
10498.691691950959,3057.5917987728844,0.0013366795920534496,-1808.4482691640255,-2952.462620616396,0.0,0,810,51022.87234503872,215.0,26951.331875568838,11,8,6,6
11050.338295474907,3235.3526304578213,0.0012914633812185902,-845.2288669027655,-1556.0243528138258,0.0,0,1097,53940.72828607902,274.0,28598.08214235262,18,8,9,6
12078.434279872576,3533.4362132163083,0.0012848886321164827,-679.5929335707096,-1276.7041056070573,0.0,0,1267,58932.069601712064,274.0,31186.42895368478,30,8,6,6
13302.932446918869,3917.8042075101653,0.0012309900875302504,-252.03267139477617,-515.7619262182969,0.002025127410888672,0,2337,65374.33328589355,506.0,34725.92411292784,28,8,24,6
10271.731383347182,2781.185833928168,0.0014658301793615588,-63.07116901294344,-104.48864046161236,0.0,0,3748,51293.15528113191,805.0,24551.0327048396,28,8,24,6
15013.992021402197,4420.032688284304,0.001202562589182405,-130.33968776736083,-258.14685173880315,0.0,0,3806,73651.43443327943,814.0,39101.189653578986,37,8,33,6
4054.052535915613,1194.4542856496748,6.381671179557833e-05,-2.5699971772953782,-6.8727149993919046,0.008020401000976562,20,6379,25025.928632539864,1362.0,8560.068495083937,30,26,24,24
4301.088388365224,1217.2238832701998,4.394106254158888e-05,-2.3523454484832205,-5.4998358626963695,0.0,23,6583,24100.147419200344,1421.0,7544.831018442724,32,30,28,28
6177.912519526738,1868.6439262621561,9.057091061928356e-05,-2.85408218205516,-6.494656174297537,0.0020296573638916016,14,8732,29816.779933329388,1928.0,12093.832230302938,28,19,23,18
6547.91829281447,1783.5519460143637,0.00013273406678377802,-2.9874880799977954,-5.39266767788379,0.0,12,9426,34176.41001945776,2141.0,12794.423513877395,25,17,23,16
6400.364325992912,1745.9384763105995,0.00012608966874154745,-2.623311663086022,-4.853680623610392,0.002019643783569336,12,9975,35045.71741166631,2255.0,13679.375297018545,26,17,22,16
6974.63252024556,1940.8926649188434,0.00011508105944765782,-2.083677212902016,-4.009997133515112,0.0,12,11539,35635.43141346052,2658.0,13915.69325552995,26,17,22,16
8164.334843043815,2227.5224170484576,0.00016960460062701848,-2.771398934388675,-4.620996256835075,0.0,9,12049,38478.747572422624,2740.0,14251.63849244453,23,14,19,13
8208.380669288039,2281.8085828872995,0.00016430813007317223,-1.6141833307202194,-3.03454448849752,0.00804281234741211,8,15515,42839.55745526024,3674.0,16788.61624795058,23,13,20,12
8005.967546828495,2781.1139271490606,0.0002233339829520135,-1.0689489232788225,-3.7521100995102676,0.0,7,16384,37885.31660500577,3906.0,17376.961976269893,21,12,18,9
8037.962344427348,2811.4768144113827,0.00021260046230207202,-0.9072446402748313,-3.3802156001672863,0.0,7,17136,38359.167950010306,4166.0,17503.83491973686,20,12,16,9
8851.4584153194,2881.53485585697,0.0002510254169094911,-1.0822576195109592,-3.1040692183475205,0.0,6,18295,40373.00604999604,4405.0,16968.67964454697,20,11,16,8
9392.202943884056,3258.4232618135998,0.00030123825456697677,-0.6322982203234477,-2.469510499886171,0.0,5,22254,42843.425351065656,5625.0,18514.933451750025,18,10,15,8
7910.128293103579,2841.631742333716,0.00023440140280654628,-0.16941881422525462,-1.7015753532767368,0.0,6,22920,42832.49575718633,5972.0,18653.84134988595,18,11,15,8
9837.383210232187,3826.722107952186,0.0003381384334158103,-0.6014730035706599,-3.170686027739242,0.0020232200622558594,5,23967,49024.15590019647,6241.0,27612.37343206891,17,9,14,7
7797.243379383325,2998.283218114189,0.00026967200905872766,0.3532556121796142,-0.5089026691397285,0.0,5,31598,48222.94980794507,8933.0,21739.086019135575,15,10,12,7
15087.768496404931,5976.967396059521,0.0004642314508417182,-1.1193702399971923,-4.06340422379062,0.0,4,32607,77380.45000255115,9448.0,44052.14414352139,14,8,11,6
22634.448233590687,8352.87804571755,0.000505694796792029,-3.2804985613699094,-7.553926419537191,0.0,4,35022,107078.16391958522,10395.0,61038.10693466579,13,8,10,6
4931.417411375312,1429.3966284073458,0.0013746853425462499,-2490.172945167421,-2924.31441349594,0.0,0,290,14938.64534893516,88.0,7850.809947540878,10,8,4,6
5497.272804281343,1601.5272640599896,0.001255660652379141,-2843.155221997764,-3363.4865955194555,0.002023458480834961,0,317,18237.725649726774,114.0,9647.731791608283,9,8,5,6
6216.157408269392,1818.6344689806742,0.0012471083253010342,-1799.3327137910358,-2285.0748950066986,0.0,0,437,21031.505170344146,148.0,11151.689598123921,7,8,6,6
7904.487774059719,2313.088593861201,0.0013097893386549288,-2356.221394233538,-3079.8389097874133,0.0,0,515,29282.972115480858,172.0,15545.092962838738,10,8,6,6
9609.824370951219,2806.7037850965007,0.0013299622251028366,-1613.9517549190039,-2762.737624421307,0.0,0,776,45814.78811201738,197.0,24272.596153287974,11,8,7,6
8466.34126264091,2507.998826660813,0.0011063264334865168,-1037.134661183472,-1810.4896648717406,0.0,0,806,39962.11445741933,211.0,21458.955845149292,13,8,5,6
11032.27388459365,3233.142520305533,0.0012995171765821175,-663.9324318401224,-1241.7421908477575,0.0,0,1235,54039.143631941566,310.0,28621.05489695171,16,8,6,6
11574.099375841264,3407.480508313479,0.0012410899498829751,-602.3633118064341,-1114.5260092992708,0.0,0,1359,56688.69486622537,309.0,30180.426649627683,21,8,21,6
13347.50490840402,3883.186990230419,0.001307864013539085,-248.12682667107057,-464.3647269345026,0.0,0,2312,64469.46486151544,505.0,33801.06917102449,34,8,30,6
12411.517406122193,3528.099997813249,0.0013908180545756078,-136.82159429229398,-260.2310144586238,0.0,0,2982,61286.14876670064,631.0,31189.804724427027,33,8,25,6
9575.260655037784,2552.8506813259933,0.0014760767596465045,-38.88635000323459,-64.0868383627622,0.0,0,4449,48291.76697019014,939.0,22546.76265174603,29,8,23,6
11469.402288234332,3133.4205973158496,0.0014373028510817362,-54.20271050823454,-90.17558919637443,0.0,0,4410,54011.16324194461,973.0,25973.415375073266,29,8,26,6
5013.947690153964,1513.0583241421787,8.78182861960625e-05,-2.9066042322960675,-7.458761983745317,0.0,17,7059,27115.942756470125,1577.0,10425.482628711456,27,22,23,21
7630.779655010361,2117.4975504090517,0.00017337651762691314,-2.51834929813154,-4.433140408459663,0.0,9,11668,37037.42392453849,2659.0,13145.447084275243,23,14,20,11
8687.441371325245,2602.380656714129,0.00020910850966857279,-1.3133876565081266,-2.887867529790033,0.0,7,16704,40485.32066447725,3970.0,15686.771888421503,21,12,16,9
8682.364297800736,3179.228428254182,0.000280411636571513,-0.11657867312393755,-1.5652739241956048,0.0,5,26028,44244.63008621603,6943.0,19719.498897824145,17,10,14,8
10821.054841108102,4464.617947629621,0.00042133122453763945,-0.24157435328399468,-2.3371650949436016,0.0,4,30663,57924.57377431368,8594.0,32917.76247000809,14,8,11,6
13436.4275240371,5399.929672016435,0.00046081267714378837,-0.8455131593579612,-3.6280060924891506,0.0,4,31808,71568.63667823172,9089.0,40765.61980960457,14,8,11,6
27414.29619992672,9831.46275664662,0.0005269488280324012,-4.6941288015404306,-9.331433719508683,0.0,4,36399,122956.58985665001,11444.0,70021.93482642013,12,8,9,6
4662.828881619538,1354.8040130385195,0.001267388776713296,-2253.2917632445874,-2606.626816956176,0.0,0,295,13134.959143575357,91.0,6906.6593390137095,8,8,4,6
5186.607724561943,1506.0306706905064,0.0013730063330654313,-2022.9565875491794,-2343.3811326902614,0.0,0,375,17763.96566220238,122.0,9359.804831418907,9,8,4,6
3868.0960060274224,949.9010229266037,0.0009748874409243253,-2812.739526100718,-2336.5621836113896,0.0,0,253,14874.98250419393,91.0,6571.433941400164,8,9,4,7
5049.708508269052,1478.3309066345607,0.001127796127335921,-1868.3274420498074,-2319.3199471333705,0.008046150207519531,0,359,16493.831449713645,126.0,8739.966191759551,10,8,4,6
8313.439316042646,2430.0409499076,0.0013092737160861649,-2906.489285585859,-3722.3414439851695,0.0,0,457,29282.972115480858,161.0,15545.092962838738,8,8,5,6
7099.42243408149,2083.926406479438,0.001269900740327056,-1684.796111012052,-2580.077883485308,0.008020162582397461,0,612,33407.18978445866,195.0,17782.633396748854,11,8,6,6
9062.459123413388,2653.3813348687845,0.0012615797931029024,-2881.1984874748186,-4109.16783149015,0.0,0,561,38621.454225603404,160.0,20577.984200929204,10,8,4,6
9226.963549817396,2681.9302342743795,0.0013964984407739782,-1452.601879489724,-2352.497886756637,0.0,0,791,44965.74907668164,210.0,23676.00552518839,14,8,6,6
10669.738379807079,3125.673500607909,0.0012824765439545412,-1127.0164806854034,-1948.1087652382623,0.008033275604248047,0,1004,52050.52432197046,262.0,27641.378155581056,16,8,7,6
10983.543341197863,3074.7530919382575,0.001456506062516674,-128.42046973333788,-232.45215394576587,0.0,0,2715,54677.917980777245,580.0,27265.774233886084,29,8,29,6
10750.708044521587,2908.191830980684,0.0014930837465344541,-84.75361664383361,-140.64432188267673,0.0,0,3270,48829.433860648285,720.0,23286.49504730478,27,8,27,6
12199.353813319896,3440.8230304372178,0.0014086271805383228,-102.00529160556631,-184.03157330103906,0.008032083511352539,0,3422,59622.456220347085,732.0,29951.63960674143,31,8,23,6
5332.677587826436,1535.137991360178,7.703635844097863e-05,-2.7889280704852277,-6.028092897935012,0.0,16,7706,28366.685593117363,1683.0,9409.397213227703,30,22,25,20
6622.278156866705,1815.1920463139593,0.00012384083758804442,-3.546940098213284,-6.3134355666562625,0.0,13,8613,32266.968623761913,1904.0,12029.14808381351,25,18,22,17
6712.950813366313,1845.1014645913617,0.00011899111789885787,-3.2079282588800684,-5.785774611607878,0.0,12,9156,33205.718248493286,2034.0,12952.166385540193,27,17,22,16
6706.642533577276,1839.9530048494419,0.00013712340878677573,-2.116755835749599,-3.926793357153013,0.0,11,11081,35727.28295001115,2507.0,13164.71598220155,25,16,21,15
7507.29194234468,2077.7114915738325,0.00011770510590807381,-2.316491412649695,-4.227579332627963,0.0,11,11799,36261.69006590109,2678.0,14431.374634295928,25,16,21,15
7531.966708204515,2515.289844646094,0.00022881364237215324,-1.338851081913234,-4.066557578841796,0.0,7,14642,36893.38788334286,3491.0,16464.198443640023,21,12,18,9
8664.292049351669,2634.935887712346,0.0002066794031178125,-1.1130889899815504,-2.6321632649883058,0.0,7,17632,40786.971713103725,4227.0,15977.833253422305,20,12,18,9
8299.930174119023,2877.0619346509825,0.00026459586799838786,-0.8669463071484029,-3.235938348066239,0.001013040542602539,6,18408,39432.30528908981,4569.0,17570.32987653672,20,11,17,8
8122.577105899713,2693.096234886744,0.0002042096244549117,-0.5101599980055289,-2.0499632343593155,0.0,7,20027,41119.85294685959,4950.0,17026.581038421682,19,12,17,9
7878.5434664684435,2843.8585882699076,0.00023406666308626312,-0.29403549553988184,-2.041968229722737,0.0,6,21779,41240.639586135076,5536.0,17930.626916616122,19,11,15,9
9593.005072697593,2830.155264630571,0.00025471973089864823,-0.6895872382036363,-1.6154288399187062,0.008019208908081055,5,22552,46008.523913610734,5690.0,16466.781934975497,18,10,14,7
9059.508113552727,3328.1939463671893,0.0003515961712325081,0.15240722250694227,-0.8013538521266566,0.0,4,30853,48582.37430295104,8704.0,20625.603739002618,15,9,12,7
10826.975820632017,4494.187244978222,0.00042356627445612287,-0.22304994714353055,-2.2748603251543105,0.0,4,32767,65673.45753257326,9467.0,37261.80635063506,14,8,11,6
12633.970003940596,5140.838921792337,0.0004311708188048332,-0.49660640750808693,-2.7768388992497357,0.0010178089141845703,4,33905,73087.35269236041,10018.0,41462.77058719551,13,8,10,6
24542.462431271335,8772.450976257238,0.0005244251848801337,-4.219882438666699,-8.722304473678443,0.0013954639434814453,4,36535,122648.29194998504,11366.0,69811.78931951779,12,8,9,6
3966.3343906174305,1037.9254683438364,0.0011580818739306044,-1929.4537944695169,-1710.5043178647247,0.0,0,272,11129.260890511816,91.0,4386.878848323042,8,8,4,7
4342.868368219378,1258.8239078806141,0.001298603105636063,-2056.1500042842085,-2095.845634951816,0.0,0,297,13611.77277812776,115.0,7157.202677696816,8,8,4,6
4215.930733896808,1243.109792306133,0.0010736481158374065,-2030.4483227530877,-2517.4741378298304,0.0,0,279,12796.50321751258,97.0,6754.963613457039,8,8,4,6
5528.582506571799,1617.6030689786126,0.0012360426896041133,-1848.0806197279587,-2626.615990468823,0.0,0,412,19203.401378695395,118.0,10172.806366839366,9,8,3,6
6289.913507431247,1844.9407633262122,0.0012589467120850957,-1533.5181645983598,-2178.196811591197,0.0020301342010498047,0,532,24465.13381173173,161.0,12993.24955316561,10,8,4,6
6860.444179036588,2006.6556828340879,0.0011551403880308276,-4412.282278552027,-4772.862402198488,0.008052587509155273,0,331,24525.124400204404,131.0,13071.018966314856,9,8,5,6
8905.98474518139,2585.771116647907,0.0014190529590646557,-1168.330460751557,-1904.994909260909,0.0,0,882,43534.117583614716,259.0,22883.79103818487,13,8,7,6
9020.649680042212,2642.8033929958897,0.0013316730649200542,-1159.5723659960602,-2043.0171213354383,0.0,0,859,44064.96946940274,237.0,23355.962494974214,15,8,5,6
8533.397794929224,2523.904779877955,0.0011416092080569111,-1118.907778017416,-1981.673732739674,0.0,0,812,41624.75464923067,227.0,22323.247627086297,13,8,5,6
10003.221039786245,2946.8927785928913,0.0012450179579120942,-959.3173049021399,-1727.1548066620505,0.0,0,1030,47460.839909531,253.0,25307.487690767506,12,8,7,6
8594.89152310544,2554.1659409582344,0.0010028719609944672,-996.2094386936099,-1911.032434553033,0.0,0,781,41816.54437929647,185.0,22557.0183123592,15,8,6,6
11442.140333694737,3341.5618065010203,0.0012993163420705683,-972.5794252678352,-1811.0506515726743,0.0,0,1076,55714.90239285288,242.0,29483.276699032853,20,8,18,6
11251.353610815388,3232.4528321582293,0.0014155948416068685,-491.41600258636885,-886.8874544321436,0.0,0,1438,55314.65592618118,331.0,28609.76727256787,20,8,7,6
13897.288541040956,4006.8540564209798,0.0013167077830522067,-125.32224287007882,-240.0283147326591,0.008032560348510742,0,3469,68167.0942775228,744.0,35350.69449780176,35,8,33,6
4181.10692333558,1233.5768700552817,6.733904310277497e-05,-3.252318231718398,-9.284160807564977,0.0,24,5864,21659.341952626954,1287.0,7289.450258314369,28,30,25,28
4999.991728286519,1450.065598050471,9.553229567951625e-05,-3.3068761284137276,-7.795420877683856,0.0,17,6647,26649.206764361596,1445.0,9867.766256404106,27,22,22,21
5122.86619346653,1570.923291015518,8.87689207073364e-05,-2.383802420071092,-6.154377880647808,0.0020248889923095703,15,7852,28258.32565101581,1743.0,11218.030021764258,26,20,24,19
5898.03086503666,1619.9114258753523,0.00011729102085970605,-2.5519782458108633,-4.945334220812961,0.0,13,9116,32738.939451067436,2013.0,12374.644952037772,27,18,20,17
7353.047737116722,1997.3620777771082,0.00014278749280990103,-3.2596289968867156,-5.3467461010672315,0.0,11,10130,36043.45637482232,2338.0,14004.857178358892,24,16,22,15
7599.734832529712,2136.557939136943,0.00015202229007112752,-1.9618191977411636,-3.6020179616592403,0.0,10,12624,36980.99488820297,3006.0,13085.480764679436,23,15,20,14
7690.495055415336,2311.4427243402133,0.00020616738439151742,-1.6222440495333443,-3.6526074260848365,0.0,8,13873,37695.90828728235,3321.0,15212.10334153305,22,13,18,10
7972.025204970663,2792.122293492251,0.00022019565839152445,-1.0185261416738878,-3.6830035473242884,0.0,7,16388,37430.653747286975,3900.0,17387.622254803675,21,12,17,9
8646.314194175067,3009.1544770435053,0.0002635037393712478,-0.9700143745748793,-3.3602545536443316,0.008064746856689453,6,18126,39111.64604012641,4352.0,17644.834217736316,19,11,16,8
8553.47559226298,3112.9171942520998,0.0002765133245021924,-0.6942156710033232,-3.064948945794125,0.0,6,19612,40065.12811141886,4739.0,20742.5961406988,19,10,16,8
8488.81306993896,3023.371036729075,0.0003262053411753326,-0.6762856832250972,-2.8946671725131563,0.0,5,20317,41083.64918911796,5093.0,20467.66595752303,18,10,16,7
9926.24621168315,2831.2732680915383,0.00022028245411098113,-1.0022719939293423,-1.8607515798704846,0.0,6,21245,46613.428168644736,5393.0,17407.547449764694,19,11,16,10
8534.030218191652,3026.604530196606,0.00022677338578395404,-0.37692234446929995,-2.013803609108434,0.0,6,21951,41595.03856960013,5745.0,17851.47028029203,18,11,16,8
8691.81451222538,3213.00034614083,0.0002990432862239959,-0.12186117591602263,-1.6023885568078322,0.0,5,25284,44232.593069668015,6682.0,21417.366456527714,16,10,14,7
9311.477296538897,3555.6150364679247,0.00041115315211064834,-0.18455118574109575,-1.896257569446219,0.0,4,26567,44828.12296871869,7128.0,23876.416155162216,16,8,13,6
10553.356256115732,4270.4075701669,0.0004473418012070877,-0.4277756125165124,-2.8475232679828326,0.0,4,29178,59541.48037438947,8291.0,33889.478091354715,15,8,12,6
8787.968852247683,3698.551970815832,0.00036793431629037626,0.2065318852174114,-1.220830699013995,0.0,4,31134,47961.296164831234,8731.0,27108.947789840968,15,8,12,6
15722.561808851351,6165.716720262525,0.0004853113104313917,-1.399165793227926,-4.642368101837073,0.008033990859985352,4,32047,79300.56549960306,9245.0,45248.65650864088,14,8,11,6
5946.341430091069,1737.7573316145924,0.0012727525894128003,-1927.128304799508,-2419.553587698035,0.0,0,426,18678.197763785924,136.0,9878.702039565156,8,8,5,6
8044.8516790776775,2341.9141567896277,0.001419558458134656,-2353.5406145874135,-3187.439782060406,0.0,0,534,28424.88336253998,153.0,15005.099732117204,10,8,5,6
9495.904855315863,2753.884050811454,0.0014251687606976222,-2459.0103923824877,-3738.268854248002,0.0,0,606,40365.67913920429,175.0,21244.326331267446,9,8,4,6
10785.247183804751,3176.645012113254,0.0012261678239851306,-859.2768944236562,-1646.3102899084663,0.0,0,1039,52593.176479120746,238.0,28063.92147112907,19,8,8,6
10847.122721109055,3049.680380748311,0.0014667947149277676,-209.0250316915516,-381.0553515475434,0.0020532608032226562,0,2067,53722.17451209292,447.0,26973.27151468798,28,8,28,6
12730.63920387779,3682.904607838933,0.0013388491789536395,-309.2729578492043,-602.3320814341637,0.0,0,1956,62282.08423957275,421.0,32497.120767649772,29,8,24,6
13204.621597479041,3777.3625891188894,0.0013725753076735245,-144.27379124289513,-268.7342603763312,0.0,0,3132,62822.47617826626,668.0,32194.151793713725,32,8,32,6
8980.284847609355,2364.700361115245,0.0015094408063811716,-48.839181321757884,-77.79702639600777,0.008020162582397461,0,3599,45041.727529328695,763.0,20793.153844026732,32,8,27,6
15311.9577589704,4537.885913627271,0.001135253010822567,-142.88257834647942,-287.93150258628424,0.0,0,3663,71156.78519507017,786.0,38142.50965351425,37,8,33,6
14668.613705875301,4198.362384797536,0.001327465978799907,-68.61031648778727,-129.0632869506348,0.0020232200622558594,0,5164,69010.08847444663,1118.0,35327.30501883077,32,8,26,6
4425.43763624308,1294.9877082383634,7.699128064503254e-05,-2.9579022181520283,-7.430679723392352,0.0,19,6304,25133.63166192029,1378.0,8484.377187642063,29,25,25,23
4078.4088288374273,1177.139315415333,5.5064381271908834e-05,-2.295140906404087,-5.800418351480168,0.0,22,6518,24747.756725221017,1429.0,7937.020210666494,33,28,30,26
5409.108261528857,1638.6516562894658,9.07985959107358e-05,-2.282116481385709,-5.769680344464615,0.0,16,8386,28971.606105655505,1826.0,11552.350252814242,30,21,24,20
6699.323123382003,1879.3827586846294,0.00016478326120622936,-2.0440293637052562,-4.012414468977304,0.0,10,11387,35846.5791491179,2617.0,12837.75270568943,24,15,21,12
7586.547065467935,2075.069533346452,0.00015444972588291573,-2.3787854243014146,-4.118760548678437,0.010042428970336914,10,12001,37720.92510084617,2779.0,14367.257269312984,24,15,20,14
7421.315414043837,2135.952338933529,0.00017218443020180214,-1.7618570865987904,-3.5450310179969176,0.0,9,13030,36956.56907093443,3039.0,13698.372306786456,23,14,19,11
7982.289344240962,2421.924826770058,0.0001933696843863975,-1.5869113210638095,-3.6046021537758124,0.00801992416381836,8,14327,37431.60575184746,3332.0,15139.054050718165,22,13,17,10
7409.760956850858,2349.76379799271,0.00021247805642392718,-1.018364503341684,-2.978385901686128,0.0,7,15834,38260.719705870855,3802.0,16011.443305424213,21,12,17,9
9589.935297971777,2713.426073779659,0.0001815076123667469,-1.8400134676553228,-3.2300991391497584,0.008040666580200195,7,17048,45474.47439865883,4155.0,18583.29350489474,21,13,18,11
9282.620855665375,3297.8878994766887,0.00032968382346781113,-0.6994427782577437,-2.753643426487488,0.0,5,21400,41705.77454815578,5456.0,20162.627638347047,18,10,14,7
8359.189328078388,3009.673309033512,0.00025493469545310066,-0.3119502317025531,-1.991700934450984,0.0,6,22207,41855.40820913031,5604.0,19276.68548267742,18,11,15,8
8631.85902479291,3343.8266155984934,0.0003278206211118919,-0.3181591413700977,-2.477870128948997,0.0,5,23136,42805.439952304034,5977.0,24060.750741008305,17,9,14,7
9475.969032587058,3686.1537042978985,0.00042299885987252405,-0.3937433357819169,-2.586553344409181,0.0,4,24979,45150.51188194714,6570.0,25636.807504110737,16,8,13,6
10483.316982040864,4251.98340537378,0.0004410651031381465,-0.36545502690690235,-2.6548346217660237,0.008043050765991211,4,29247,58341.10542813147,8103.0,33177.37930658666,15,8,11,6
14236.93191797571,5614.416737895448,0.00048328169398123257,-1.1410883274799817,-4.247223942779176,0.0,4,31408,74512.77965160416,8815.0,42472.57304828649,14,8,11,6
12837.468475117788,5176.808180891199,0.0004635045211200608,-0.6860638213817847,-3.282173049567402,0.008025169372558594,4,32107,71096.7080484763,9301.0,40461.075058269984,14,8,11,6
27469.886873505715,9875.470388886435,0.0005484411695205654,-4.926116807897817,-9.955107050545525,0.0,4,36044,122030.62698102352,10896.0,69669.25430829797,12,8,9,6
32496.15864877855,11295.492643177626,0.0005548236546973951,-7.20929900773573,-12.805828810502133,0.0,4,36637,141839.4242668959,11454.0,80788.3665484591,11,8,9,6
5481.282643785435,1589.981754044121,0.0014363408425445896,-2401.6319280983766,-2991.7557114370566,0.0020232200622558594,0,327,17428.15116456865,110.0,9161.06316062852,7,8,4,6
4640.421768224093,1350.8939841908252,0.001245518104915334,-2358.522952108291,-2898.2455415200184,0.008058786392211914,0,296,15204.81031890953,107.0,8021.682454920021,10,8,4,6
6628.3899708856,1927.3930822893994,0.0014188836923083733,-2542.1386118903642,-3338.305218784861,0.0,0,416,23387.581799776985,136.0,12336.474630190114,10,8,4,6
6041.312332939539,1764.6578300732474,0.0012779673696161234,-2349.1881430705134,-3068.7884929465413,0.0,0,405,23364.489796321774,134.0,12393.44445702224,10,8,5,6
5917.659734820945,1737.5204207099196,0.0011078991725201257,-1828.6506317479852,-2451.745491406043,0.0,0,433,20029.823588820567,134.0,10655.61866172807,10,8,6,6
7296.5846293592995,2139.230590952522,0.0012165728054988802,-2553.2284593582303,-3621.6781424904675,0.0,0,493,28212.70959868987,133.0,15030.71343141888,10,8,4,6
7143.74272555158,2111.4368433480254,0.0010278257417221475,-1775.7901264317056,-2799.6545849719014,0.0,0,536,29126.45981751359,155.0,15623.503263094091,10,8,6,6
12603.597736977688,3717.8766637476165,0.001231811553259029,-279.327475151635,-571.6440498751795,0.0,0,2120,61929.821479099126,446.0,32941.15081656068,30,8,23,6
6165.924593950196,1832.898867430597,0.0016224593681745975,-17.14502092567452,-34.60489337091906,0.008055686950683594,0,4145,29621.127109841542,920.0,14936.25146658875,31,7,23,5
13504.17000718455,3806.000540131606,0.0013848065108963406,-78.89154378224035,-143.57864918977333,0.0,0,4339,62177.1127410081,927.0,31266.178216336004,31,8,31,6
7474.900841875889,2069.81851876698,0.00017091127142762215,-2.764616833888983,-4.974553633162278,0.0,10,11049,35681.16062956095,2467.0,12655.709311135593,25,15,21,14
7369.046653208596,2057.107605332458,0.00015460680336191378,-2.126091526623942,-3.8512520210393646,0.0,10,12029,36481.98694165706,2824.0,12976.690965235553,24,15,21,14
7352.48701790162,2406.7891565507657,0.00019924674473969332,-0.6887332786731868,-2.448649594613548,0.0,8,17338,38690.567888632904,4177.0,16319.279928601103,21,13,18,10
8721.244372163339,2756.8980020025106,0.00024109949170117553,-0.9168759987389654,-2.470377730862577,0.008025646209716797,6,18764,41084.23277433625,4721.0,16430.787056894955,19,11,16,8
7855.24074859282,2759.1633032644404,0.00026488701308374193,-0.5641661938334288,-2.5970228114624128,0.0,6,19568,40113.68447152562,4856.0,17912.81325331588,19,11,16,8
8810.468664264876,3069.5691081476934,0.00031770491916749405,-0.5916993132041248,-2.4236823982822813,0.0,5,21450,41908.694254178685,5383.0,18900.52816891112,18,10,15,7
9805.108773008438,3913.203553705368,0.00033380618198273256,-0.3073156406652682,-2.419483712014373,0.0,5,26363,49250.62238140109,7007.0,27717.92945645035,16,9,14,7
12817.974987095877,5154.704772532073,0.000475188389526464,-0.7896591613364035,-3.5798168820882443,0.0,4,30794,67233.3950012411,8618.0,38326.5097048764,14,8,11,6
4527.302238100382,1155.3815258728434,0.0009662080219802994,-3184.429710093664,-3075.0308843001726,0.008022785186767578,0,239,13989.2144833326,83.0,6436.553689999928,9,9,5,7
5532.929046648508,1609.9574860446035,0.001382245479629125,-2082.018120814689,-2689.5218210754374,0.0,0,396,19448.083448015022,119.0,10255.766313180135,10,8,6,6
7021.061318977047,2043.2063117600824,0.0013523183269306507,-3569.1231669336203,-4297.116971626147,0.0,0,355,20457.520847511427,112.0,10804.487646493784,9,8,4,6
6458.324969332677,1884.0231130675231,0.0013223820799573543,-2551.6130080238295,-3498.752658609141,0.002022981643676758,0,405,21322.686331217414,119.0,11279.53491925227,11,8,6,6
6901.4272598000525,2014.6593036927218,0.0013241928347690318,-2266.2713262733387,-2684.286806898422,0.0,0,469,22977.372485600026,155.0,12163.973851903425,9,8,5,6
7350.470542461879,2150.000466415395,0.0013493279647216305,-1666.5734414189205,-2496.3298891353243,0.0,0,578,28552.067531191136,168.0,15127.30486887542,10,8,4,6
8212.208175340395,2403.5831566067563,0.0012845603724341488,-2735.8079407651708,-4012.852094163015,0.0,0,489,28595.831236712304,133.0,15194.399949105027,9,8,6,6
9543.575638103672,2781.831289617049,0.0013804696054983672,-2900.2750664708374,-4090.9354133796005,0.0,0,544,32796.66619325584,151.0,17350.70425456905,9,8,7,6
9688.187315746158,2795.981427847422,0.0014798749119218294,-1236.0514786773142,-2087.3528158559507,0.0,0,874,43583.98992327998,246.0,22718.21694176043,12,8,6,6
9870.197900773028,2865.2781147660367,0.0013928193873490172,-1286.2925147199833,-2182.9578312207595,0.0,0,857,48101.82812457701,236.0,25277.683981799666,14,8,5,6
10111.331676483002,2929.1491083383708,0.0014117702620836316,-849.6395743731679,-1515.5987135798553,0.0,0,1082,49513.5396142424,260.0,25910.29820753714,15,8,8,6
11070.762911098365,3157.449422843724,0.0014404899071545135,-590.3606353276932,-1024.5060484260339,0.0,0,1339,54228.024320539975,307.0,27859.089702962367,27,8,25,6
12338.25157347062,3626.445912020262,0.0012411057888932315,-400.8305061990794,-794.0467992643377,0.0,0,1729,60279.37430919192,372.0,32051.99159036862,36,8,31,6
9537.837452576618,2602.6606755614307,0.0015271797868257541,-153.48775325440153,-256.0546257180936,0.0,0,2141,47479.870613260166,458.0,23000.747942347065,29,8,25,6
11432.565000661914,3222.583201462641,0.0014376138102006764,-145.6930550036847,-268.8579479381651,0.0,0,2622,56553.02951819978,565.0,28467.758687891663,30,8,24,6
6939.870413704347,2040.7806061891195,0.0016191814914654384,-13.79032777927687,-27.768027918305506,0.002019166946411133,0,5199,31135.67667080407,1129.0,15667.128153973412,29,7,22,5
6009.909744686434,1642.8181824548878,0.00012810325991120366,-3.296624085222244,-6.332020830262563,0.008035421371459961,13,8154,31195.67731891411,1786.0,11531.577268792218,26,18,21,17
5968.857556708387,1656.5209745457225,0.00011301128165553401,-3.106185293304941,-5.959506841668453,0.0,14,8345,30908.351576138986,1890.0,11823.703349099364,26,19,23,18
6476.112228230835,1793.0150564937746,0.00011540750619777574,-3.1160154721781614,-5.639635441721743,0.0,13,8836,32158.005548761506,1978.0,12746.896028881321,26,18,21,17
7281.555443180674,1984.819839312795,0.00015646864142120133,-2.981883179955659,-5.180267078483032,0.0,10,10530,35696.118853944965,2352.0,13379.99225998042,24,15,22,14
7280.575000722335,2105.259558182312,0.00016867608539234154,-1.6091530309293116,-3.3808915433187376,0.002027273178100586,9,13288,36840.28286429565,3046.0,13739.342915474472,22,14,20,11
7756.891332472939,2817.8378691437197,0.0002758652776396583,-0.4492417315057464,-2.515044473677242,0.0,6,19927,40127.15486598861,4974.0,20382.0736577313,18,10,15,8
8597.135943089877,2644.126380079968,0.00022674310578338282,-0.6272326075650396,-1.7367364093043838,0.0,6,20470,42810.875542511145,5243.0,16365.50735961906,19,11,16,8
9308.317003765425,3586.9845641756906,0.0003386320617897437,-0.5692785135364842,-2.9998785561677863,0.0,5,22412,43506.81592935552,5833.0,24490.914041038777,17,9,14,7
8044.381007272047,2913.517592061392,0.000224404999640381,-0.12292948604296239,-1.5784406179296822,0.0,6,23438,42222.55251008774,5993.0,18020.634404459015,18,11,15,9
8732.819167333822,3309.440350674687,0.00030546295154313535,-0.15628874091521738,-1.8011573285306106,0.008038759231567383,5,25117,43523.64305482204,6623.0,22513.718299417676,17,9,14,7
10681.620815768309,4424.754594855165,0.0004324752034866217,-0.21282852271939712,-2.293301952509971,0.0,4,30773,57442.48225701945,8718.0,32648.224767467138,14,8,12,6
14484.459383178448,5712.6842282389025,0.0004900891734088295,-1.1972849079944297,-4.361051030837479,0.0,4,31753,76237.5355251705,9144.0,43501.83356518965,14,8,11,6
20065.591652321502,7459.600737678317,0.0005325854546613767,-2.9398453041015893,-7.284117215047518,0.0,4,33587,101347.45980462966,9924.0,57889.221659544186,13,8,10,6
5620.53456375435,1631.444482402723,0.001395292812322711,-2280.1085396753,-2660.4922825425324,0.0,0,368,16751.077570886737,117.0,8812.046309839741,10,8,5,6
5040.952924338838,1471.3164027322414,0.001094201164986891,-2799.966803092742,-3328.6694898412516,0.0,0,293,15640.039412588874,97.0,8285.791325149705,8,8,3,6
9536.50924646004,2743.096538663231,0.001541884597944565,-3534.743823790305,-4538.072081635119,0.0,0,518,35007.272712140475,162.0,18266.868503044403,8,8,5,6
8812.409033567079,2597.4707988246496,0.0011949521973127378,-1909.2639795962527,-3115.1227688798012,0.00802302360534668,0,636,34529.01943988951,172.0,18446.633003655894,12,8,6,6
8622.243960026823,2502.007520555154,0.001412396072167783,-2095.924419826677,-3238.875565236695,0.0,0,626,41855.910377220374,182.0,22041.455339272943,10,8,4,6
9643.930345390774,2689.7439217760884,0.0015406510452767423,-515.1960819326036,-868.0625319657205,0.008053779602050781,0,1187,47403.97173930324,279.0,23719.209960258355,17,8,5,6
7292.762694544574,1764.457359559245,0.0015817971592366848,-31.533596686153253,-41.957789384611885,0.0,0,3679,33043.76155943463,799.0,13508.971681118503,29,8,29,6
15140.623335720436,4340.128450416541,0.0013348849421987094,-59.033631220918465,-110.79005280849118,0.0,0,5760,68114.76692231347,1224.0,34747.846936550995,30,8,23,6
5698.330390359217,1557.3412844609218,0.0001295117954820594,-3.1595582128055124,-6.074630457648605,0.008023977279663086,13,8035,31197.07202193286,1834.0,11619.46785720782,27,18,23,17
5741.298416244086,1595.862612107414,0.00013430016981700438,-2.3107746528631803,-4.710782889974707,0.0,13,9368,32256.879830551174,2064.0,11590.793413982708,26,18,21,17
7568.169027124684,2117.057192492348,0.00017158447346094747,-2.4168049297856045,-4.271862004278049,0.0,9,11738,36386.583151129635,2765.0,12941.946634508558,23,14,19,11
7399.737451132926,2590.5618027359264,0.0002119209207610698,-1.1711341668405622,-4.055896416054446,0.008055686950683594,8,14602,35581.3445500977,3489.0,16801.736180986933,21,13,17,10
7357.863152595273,2636.4985249200367,0.00024890781082723585,-0.8898976903139892,-3.6162465743177714,0.0,7,16155,37225.123438242226,3913.0,18918.7054555704,20,11,16,9
8219.793011776414,2853.0005287708304,0.0002767769828829155,-0.8980569598098653,-3.2227137535877928,0.0,6,17791,38713.18979952517,4397.0,17668.526751737845,19,11,17,8
8289.909306616884,2909.5381833541915,0.00032883032699135615,-0.7379242287384695,-2.9251298920605486,0.0,5,19182,40180.96382538463,4852.0,19314.129928050344,18,10,15,7
8957.551766088649,3409.746224232134,0.00034909557006124344,-0.6532471670590079,-3.2502850781651453,0.0,5,21118,42180.00681367799,5334.0,23755.08095483904,18,9,14,7
9533.4943682249,3671.8633577232276,0.0003559398129910886,-0.775450900667586,-3.6253092544900616,0.0,5,21923,47133.485093896306,5627.0,26552.528457926812,17,9,14,7
10239.654223714,3962.8456274406635,0.00036654458795899703,-0.8560005635055867,-3.865788180917691,0.008054971694946289,5,23770,52925.351826392296,6183.0,29874.26924638597,17,9,13,7
8520.239686190127,3103.682700130767,0.0003174411249979328,-0.07848331811203169,-1.4638297672451013,0.0,5,26157,44538.50146862036,6896.0,20512.803553907754,17,10,14,7
14645.239774605632,5802.441076718252,0.0004547690041983161,-0.9065162573216274,-3.463865744170316,0.0,4,34966,81833.45849032007,10479.0,46469.7482191243,13,8,10,6
47197.747909948666,15940.93409514368,0.0006521386649969585,-14.876057310954515,-23.799530660324994,0.0,4,37426,182245.0694622536,11820.0,104167.40015517964,11,8,8,6
7392.864009416013,2143.0461854263785,0.0014333179340461591,-4260.59401575701,-4507.030839386662,0.0,0,342,22079.207965246285,128.0,11633.422755940046,8,8,5,6
7540.078989947777,2196.9386155449956,0.001377070497428144,-2292.160040026346,-2807.2822955934575,0.0,0,505,24196.557526528213,152.0,12788.321662717099,8,8,5,6
8273.608487123029,2402.646344643549,0.0014472094336458706,-2820.9961696067103,-3698.5332792417166,0.0,0,486,27281.1411983907,155.0,14378.605358118555,8,8,5,6
8926.040382107349,2589.7836847528683,0.0014782059993227706,-2279.8756959402917,-2926.3068461361527,0.0,0,549,29505.706599709614,167.0,15519.39924386578,10,8,5,6
9472.582859498003,2764.6361542230143,0.0013738836448318665,-2013.805699827416,-3016.680733492912,0.0,0,651,36137.851834088375,182.0,19121.80246848891,11,8,6,6
9372.682746359651,2723.6139264241824,0.0014248215394216533,-2032.7006275838914,-2975.983752349772,0.0,0,665,38721.552448920374,200.0,20393.819211278154,9,8,4,6
8263.25758044991,2400.2405667886624,0.0013993815506422149,-2709.736397672615,-4372.964703150304,0.008042573928833008,0,539,40014.593242435716,162.0,21115.297455768057,9,8,5,6
9663.542759726857,2802.3162155776395,0.0014265561603231816,-2130.4198204266736,-3448.113948979753,0.0,0,657,42004.39146623394,190.0,22081.314343546983,10,8,4,6
8599.704118772785,2376.25688611204,0.0016110001036317289,-657.4265928215467,-1043.6607816019693,0.0,0,1093,42368.603055565276,267.0,20954.742649706357,12,8,9,6
10998.746383454052,3174.0963153315274,0.0013975074804418017,-767.4204690267371,-1417.2223028484207,0.0,0,1084,53653.37246674116,257.0,27995.090516148295,34,8,14,6
10512.188362484747,2969.0407097704083,0.0014823396813189338,-345.30734336183224,-595.6714752646184,0.0,0,1592,51866.350018142955,344.0,26283.208881512008,22,8,17,6
11995.80895006862,3525.5115006485075,0.0012582073641402855,-407.31609631443985,-808.5437122443336,0.008038997650146484,0,1632,58742.81245733646,358.0,31192.927187734676,35,8,33,6
12496.013731433562,3710.6239296742833,0.0011353471539094122,-222.16581186610452,-445.44708719463597,0.0,0,2400,61235.95703444267,528.0,32871.18583600725,33,8,28,6
5907.145221016894,1477.9578115080885,0.0016236984326014258,-33.97481658145625,-48.176505103633104,0.002022266387939453,0,2822,29810.649009851833,602.0,11596.849114625296,30,7,29,6
10100.81893232194,2698.224486275237,0.0014984672391375273,-46.05823551853605,-75.300145757615,0.008025407791137695,0,4226,46880.14834068585,902.0,21935.646287029347,29,8,29,6
4655.356053586997,1393.5588483518507,9.141021916281339e-05,-3.568055930906035,-9.440905445847193,0.0,20,5934,23792.580554959502,1297.0,8586.241337790838,28,25,23,24
4413.991634674681,1315.8393496340345,6.491545391826174e-05,-2.3087284236957544,-6.217418329096307,0.002017974853515625,20,6710,24881.74015512212,1453.0,8495.80033380331,29,26,26,24
7061.526808902928,1933.8876352140253,0.0001312996110157534,-2.6815005195547186,-4.749760845068812,0.0,11,10466,35115.740170102516,2395.0,13827.561527569731,25,16,21,15
7001.62582641426,1946.440336974423,0.00019412040201143702,-1.7118831214683512,-3.283709075854633,0.0,8,13225,38349.621664866645,3135.0,13686.417123757972,22,13,19,12
7132.954179237814,1990.0183767692095,0.00016093949775613383,-1.3427091207080015,-2.6844144989697476,0.0,9,14066,38460.171477627555,3275.0,13922.257554494394,23,14,18,13
7918.245858153922,2791.1610144449014,0.00022377040004889444,-0.8458718861620496,-3.2088050850037106,0.0,7,17103,37492.34705149506,4116.0,16975.69440541815,21,12,16,9
7614.7084793635695,2701.6639916669487,0.0002681821612050708,-0.5342234597048854,-2.574569584714872,0.0,6,19354,39706.14389861544,4793.0,18888.41680195488,19,11,15,8
8310.946688367463,2898.727268987123,0.000269096326606823,-0.5838019549599083,-2.5055708430157004,0.0,6,20122,40403.37887957967,5068.0,17991.391694453334,19,11,15,8
8406.064691871637,3305.2891863190644,0.00034057600456089,-0.1978438173635988,-2.231531576088335,0.0,5,24622,44472.30533723358,6531.0,25043.244341558326,17,9,14,7
9117.173025910006,3526.5060588828305,0.0004195195498118131,-0.2600598787313424,-2.1730994336986087,0.0,4,25549,43614.98368381177,6761.0,24338.77531495325,16,8,13,6
10946.122158315875,4357.035098051267,0.0004481840966212491,-0.6010849270636507,-3.11933572614113,0.0,4,27184,54588.51568862976,7365.0,31072.43011161525,15,8,12,6
12555.528516797049,5059.303730793649,0.00047901341802114567,-0.7384772803804822,-3.41042239518643,0.0,4,30092,64719.25009862424,8489.0,36893.56431871257,14,8,12,6
8633.757641708502,3256.501757376335,0.0003760056977144747,0.16667360911878248,-0.8726114605136066,0.0,4,30398,47760.86790321996,8548.0,21403.02432459603,15,9,11,6
18028.99454520618,6865.025330143571,0.00045303093530840694,-1.6415298905403035,-4.507788537451717,0.0,4,36178,94367.92599904124,11268.0,53551.58130120783,12,8,9,6
6299.023052568111,1817.0879045917043,0.001571246410847004,-3056.1469365048215,-3250.076510207186,0.0020210742950439453,0,327,18025.447566474795,121.0,9428.620652725353,8,8,5,6
6218.337595108216,1803.1009364606712,0.0014557712708411232,-2954.073578949943,-3756.9678762657704,0.0,0,366,22435.50119012355,117.0,11812.680043341694,9,8,3,6
4424.744747080158,1279.0135867647734,0.0014111502167059443,-2209.7180391708052,-2300.387088161081,0.0,0,291,12834.293590144278,94.0,6721.267389706223,8,8,6,6
7191.640536876492,2086.9008681228415,0.001462618472033386,-3038.5046315170202,-4573.736790107453,0.0,0,466,29172.613617375115,136.0,15364.216280642031,10,8,5,6
8748.35730784275,2501.490629490577,0.0015573988337094229,-1388.490945596892,-2077.9514099695534,0.0,0,779,40384.218145105384,237.0,20867.698589341657,10,8,4,6
10660.337432070357,3086.2590867867275,0.0014410314699438015,-2351.3827508828463,-3474.858573064201,0.0,0,679,42111.06470758774,192.0,22096.37453532782,12,8,4,6
10357.410171281677,3031.5801701583537,0.0013147482665417632,-1506.692050229861,-2464.6438330406745,0.0,0,854,45537.41393610442,214.0,24158.08067286954,14,8,5,6
10143.243092975457,2931.585195659581,0.0014160915860523468,-1127.584384277676,-1916.4174165652691,0.002023935317993164,0,929,49476.8229987737,233.0,25871.479389344662,17,8,6,6
10617.678260857076,3040.618927202357,0.0014511548002866118,-577.3488353661357,-1031.8146869542145,0.0,0,1267,52136.007555636184,297.0,26876.80590030871,23,8,6,6
8647.628923802338,2337.9393549575666,0.0015836847055590408,-192.65853567759467,-312.5352835326751,0.0,0,1744,43044.21462950691,372.0,20634.40403043329,25,8,19,6
6703.1511946215805,1656.7264433693879,0.0016133829289142422,-50.389795329103634,-71.3400791043305,0.008021831512451172,0,2595,33716.056397328575,560.0,14299.3389144475,28,8,28,6
6115.620799277902,1487.6028811272806,0.0016178057088252374,-33.29339404172913,-45.95923355677927,0.0,0,3021,30762.573399734625,650.0,12267.144420409364,29,7,26,6
13886.26820659741,3992.693184850944,0.0013457925292367442,-103.98422433283662,-197.56187115379413,0.002025604248046875,0,3893,65412.9556017851,832.0,33713.718278228494,32,8,32,6
5144.694864543445,1453.3092942204357,0.00010372732904854002,-2.39429367137574,-5.157524599941727,0.0,14,8253,29778.24003441384,1826.0,11493.768843038932,27,19,24,18
6170.872981781477,1721.4281106521096,0.00016115114275545725,-2.952588034034214,-5.668710939159172,0.0,11,8882,32609.90757086464,1994.0,11700.833666102686,24,16,21,13
6409.315458189928,1869.914691256511,0.00017763281425369374,-2.668498833648652,-5.533625122092785,0.0,10,9570,32769.74825232442,2155.0,12950.473081852346,24,15,21,12
6392.0795655345,1772.4577601804515,0.00014556909620815146,-2.3644088791908024,-4.443001397067358,0.0,11,10026,33751.9462436337,2269.0,12028.441282473796,24,16,21,15
7182.0270266479465,2034.4434954074616,0.00018507687029225732,-2.5701506342155014,-4.93422072565536,0.002022981643676758,9,10929,34855.62223735475,2466.0,13132.826691096978,23,14,19,11
7028.330212969371,2339.1617770319194,0.0002176478982091653,-1.7690744262261076,-5.122747599411694,0.0,8,12253,33964.78085017503,2797.0,15487.013250399074,22,13,19,10
6899.302450530735,1963.6893174211511,0.0001697894112351779,-1.5552144336379472,-3.169985690293224,0.0,9,12845,36675.71797796572,3065.0,13246.123365303583,22,14,19,11
6747.513873345271,2371.7562060201803,0.00021725736376317382,-1.1170652036453363,-4.2093331437819925,0.00802755355834961,8,13565,34595.89959222629,3203.0,16738.875389889465,21,13,18,10
7088.23199829035,2356.3890761264024,0.0002096586586373178,-1.1645739600467202,-3.7278639052496123,0.0,8,14261,35726.27383480634,3390.0,15891.48156675431,21,13,18,10
8728.305736684148,3315.127100706928,0.0003549938451287351,-0.5600858319430333,-2.9987614416756148,0.0,5,21469,41359.112453004185,5394.0,23307.214469233244,18,9,15,7
10147.673345467721,4014.8378145679435,0.0004558405535362925,-0.520654175292204,-2.9589462553922576,0.008056402206420898,4,26217,52284.05184975258,7120.0,29775.553520563655,16,8,13,6
8525.931874063072,3149.412357611874,0.0003739227766664762,0.09636871979071493,-0.9927191439427399,0.0,4,28864,46786.17963891109,8093.0,20587.737824816693,15,9,12,6
15824.43816240148,6190.494579961546,0.0004884521724282452,-1.526221895225564,-4.95768612940412,0.0,4,31028,76987.11185401575,8932.0,43920.67873018683,14,8,11,6
28504.147655161694,10135.114699449585,0.0005592510006714343,-5.4527610767940065,-10.647095688349129,0.0,4,36463,127951.91462385346,11379.0,73008.80155257601,12,8,9,6
4585.633500191866,1329.7221632354706,0.0012395520602241882,-2442.5083886382035,-2487.142400242791,0.0,0,290,12655.682317757937,91.0,6654.267607556008,7,8,4,6
5878.781440071772,1700.180843556385,0.0014616794853692563,-3889.9475443320457,-4154.607657868268,0.0,0,293,17864.673907772,107.0,9384.582393800647,8,8,3,6
4805.893989935549,1412.4411126972163,0.0009732830480868326,-2030.1443266435729,-3048.6134668845593,0.0,0,338,20799.233656147113,109.0,11110.44958331027,11,8,4,6
9797.964162078259,2809.9933594917807,0.001525533531210261,-1373.7833137782995,-2128.326924372043,0.0,0,821,41921.4022875022,227.0,21727.38555324811,12,8,5,6
9645.565943834443,2815.8579507605973,0.0013327751672547045,-1981.264449016854,-3156.9719057536695,0.0,0,661,44113.2861313116,192.0,23376.39443864228,12,8,4,6
10208.845403561885,2901.1452038988377,0.0015090373581848864,-998.0162724325246,-1666.408999611616,0.0,0,901,47500.945760634626,232.0,24361.329661100317,13,8,7,6
8535.055816544002,2338.912688209309,0.0016151501952097278,-565.7056109077628,-888.9300273546139,0.0,0,1044,41968.10778084651,240.0,20540.21963899916,17,8,6,6
7960.661603463979,2086.906603438212,0.0016066442406362635,-178.01873104293685,-278.40825068226366,0.002031087875366211,0,1676,39439.463236687705,366.0,18237.85528078388,24,8,18,6
6759.502667066318,1683.078900597907,0.0016358172174361077,-92.26874072881282,-124.9344579786973,0.008030414581298828,0,1968,33712.4141604966,434.0,14551.05046734782,26,8,26,6
5802.612674254141,1491.3355659949657,0.0016274484599149443,-32.96831777241715,-51.346909835171154,0.0,0,2835,29168.10333714798,603.0,11144.78295913374,32,7,27,6
12315.271098258725,3438.537290793905,0.0014420632512715927,-86.26333593449901,-154.20100859263673,0.0,0,3717,55743.87956012705,816.0,27636.862143988466,30,8,26,6
9240.483968052977,2390.9764873289973,0.0015137932352953841,-34.82612743109878,-52.91668756355957,0.0,0,4455,42589.38321490751,978.0,19143.33421965075,30,8,30,6
7385.395901212706,2088.3881603242785,0.0017837343811913803,-14.654206635792614,-26.277099241995163,0.0,0,5414,32911.10960116189,1190.0,16276.979134128727,26,7,24,5
6783.780565771235,1930.7920360569271,0.0017178137176507284,-11.685473219525784,-22.068630440952674,0.0,0,5625,32770.94893727031,1240.0,16317.188124957567,29,7,22,5
5140.791821095676,1442.9490513169076,0.00010909493335406841,-3.030166267444895,-6.411715921875058,0.0,16,7165,27901.902624987986,1583.0,10118.181644123695,27,21,21,20
6134.66842130866,1695.076367926339,0.0001461810467094298,-3.089924636152525,-5.974786221773672,0.008049964904785156,12,8648,31766.21580837455,1901.0,11441.68969690588,25,17,21,16
5751.759675335796,1729.1081016093967,0.0001780306833362779,-1.8424285924420705,-4.527229649529392,0.0,10,10350,32952.19776890536,2393.0,13356.528113284854,23,15,19,12
7439.868294946406,2230.1496401500053,0.0002142197836768266,-1.8530684361339658,-4.098242928670134,0.008017778396606445,8,12923,36103.45030887378,3066.0,14545.999350446533,22,13,18,10
8062.257957018237,2809.6124140888273,0.00028320287249252043,-0.9310074689414636,-3.3719532092002034,0.0,6,17298,38240.37257513869,4171.0,17996.979998355855,19,11,16,8
9018.596856334294,3341.962494758956,0.00036040683064153984,-0.9750334242046528,-3.8357064235425034,0.0,5,18970,39277.3530656545,4725.0,22051.578896641615,19,9,16,7
9013.86722230916,3523.418200668431,0.000359202643119665,-0.40427537734830277,-2.7231447640278907,0.0,5,23864,46274.24556228344,6183.0,26087.062226203212,17,9,14,7
30535.13041868996,10748.39568093536,0.0005835095992581264,-6.518720834750406,-12.254284502606204,0.0,4,36389,135179.86348112326,11475.0,77239.15992965872,12,8,9,6
38018.919849699414,13054.87257146049,0.0005874711198814092,-9.459960220219346,-15.816417744062882,0.0,4,37310,155395.62576670025,11741.0,88574.17666668654,11,8,8,6
5959.589481323813,1725.493261403297,0.0014814456842689127,-2372.2064436155993,-2632.18934488606,0.0,0,381,18218.179877795872,133.0,9564.564358156218,9,8,4,6
4251.748763608813,1228.2358415965987,0.00146294926174286,-2059.5448862430094,-2283.566150476333,0.0,0,298,13543.669671159127,99.0,7088.919754209393,8,8,3,6
9355.690577033873,2710.2037429657526,0.0014980978195815765,-2232.3620082727266,-3112.9201786138165,0.0020270347595214844,0,620,33082.595615729275,182.0,17355.521726146224,10,8,5,6
7333.394482732956,2140.5811551024894,0.0013404907962453725,-2081.8623436070075,-3137.022538828835,0.0,0,536,33546.11933094298,160.0,17792.15761053974,10,8,7,6
8619.411773037948,2501.6101870102957,0.001409042490214151,-2122.3684056173242,-3288.9568299685493,0.0,0,627,41827.19180308471,190.0,22032.45519526772,11,8,4,6
9190.508473256823,2625.020118835603,0.001531477252002617,-1784.175734058598,-2805.066859419076,0.00804901123046875,0,699,43041.22865443319,187.0,22234.493332005928,12,8,6,6
9865.913147042407,2868.8648256748666,0.0013720064450861165,-1412.1519541804946,-2450.6448357243967,0.0,0,791,48016.95947645548,209.0,25303.384419042064,13,8,9,6
8966.663847156167,2471.843369521378,0.0015859358189817662,-523.773808966626,-869.7775004848921,0.0,0,1136,44059.56844482536,255.0,21724.390962751277,25,8,15,6
11717.107135620432,3411.7769216847955,0.0013304617455661648,-473.9779817652973,-903.6090291233243,0.0,0,1444,57267.95154086639,320.0,30135.48116373633,27,8,23,6
10913.871934256164,3081.3585761280183,0.0014623016111599218,-232.45133927738775,-413.4383247960737,0.0,0,2037,53907.15012353586,459.0,27262.35444191344,28,8,28,6
7989.8045191086185,2085.1408957632607,0.0015847065023000056,-87.23617105551025,-134.49731513389963,0.0,0,2396,39991.08620936979,490.0,18315.045354349902,29,8,26,6
12780.404055625859,3703.985793934285,0.0013313527219044384,-198.90745470984726,-395.7782520518206,0.0,0,2608,62545.30198463815,570.0,32690.430991398447,35,8,33,6
13684.478874291499,4071.2120950866224,0.0011392245616011305,-144.33737025310714,-290.9292619159546,0.0020246505737304688,0,3182,65386.51055122649,701.0,35071.50169599196,35,8,29,6
6459.5723573662935,1842.7865046327954,0.0017506199103631285,-11.48763492219787,-22.020789318303407,0.0,0,5446,32469.93105176158,1146.0,16129.39601331795,27,7,23,5
5120.443135230743,1470.4800372998363,0.00010100674027848214,-2.4713923653443097,-5.494430527727612,0.0,14,7922,28698.40120734892,1790.0,11266.128537909986,26,19,21,18
6836.983698035656,1932.062322136885,0.00015613318252690551,-1.6818589547968603,-3.3817444151419043,0.0,10,12309,35826.93533268955,2900.0,12649.336726695987,23,15,20,12
7504.507417877637,2574.007512799778,0.00020774467386530502,-1.2421374240842744,-3.9764259208800263,0.0,8,14588,35303.78160283679,3527.0,16030.718122017091,21,13,18,10
7693.955489244467,2166.7986703160827,0.0001556852140300527,-1.481705289204978,-2.9120740392516273,0.002029895782470703,9,15103,40874.79126445757,3580.0,16444.338009035506,22,14,19,13
8360.874908108122,3134.6995170884798,0.0003039709756830131,-0.8268243399402782,-3.7479366557155362,0.0,6,18357,39700.01104454635,4481.0,22167.656239376534,19,10,16,8
7514.55680421788,2852.6473016264636,0.0002797282443120787,-0.3595928263319508,-2.5913421968704125,0.0,6,19928,39494.89679995846,5024.0,21965.27573962038,18,10,15,8
12014.470486390559,4757.5680760318855,0.0004713662268858737,-0.8690886081235942,-3.829134703856729,0.0,4,27764,60954.63874416903,7554.0,34738.20896104677,15,8,12,6
10668.612379330187,4338.341464647237,0.0004374754267995911,-0.3659345405562855,-2.6036746764177767,0.0,4,28458,54553.74946598168,8020.0,30996.023115965494,15,8,12,6
45490.81728055971,15300.222220062864,0.000664024111037968,-14.978413824313918,-24.220883710735748,0.008034944534301758,4,37642,188364.8102951934,12176.0,107673.30313325053,11,8,8,6
5201.457243092218,1505.6356180725777,0.00148038291103682,-2097.6913147181576,-2280.733102670864,0.0,0,329,15237.939781886358,115.0,7983.910841213514,7,8,5,6
6222.587651425708,1806.395534853036,0.0014187890698797421,-3778.6687409494434,-4831.0635160845795,0.00202178955078125,0,315,20142.68151848244,102.0,10612.254280111065,9,8,5,6
8385.077547884945,2436.2145529522195,0.0014580559950342006,-2513.9347664402285,-3173.919838059802,0.0,0,503,25839.661172210886,151.0,13608.806944192671,9,8,5,6
9101.08595201332,2625.747169930991,0.0015090333265816715,-3782.2875523859548,-4579.766135446329,0.0,0,468,33188.54402816418,161.0,17396.294558489142,8,8,4,6
7948.06556181783,2321.8354258706063,0.001345586411878204,-2066.887198892859,-3139.4299990954974,0.0,0,559,33690.63393197269,178.0,17862.923886471595,11,8,6,6
7832.454423520401,2201.357965132213,0.001685919494262277,-1248.5724960471023,-1841.344462017963,0.0,0,736,36081.55966455422,223.0,18253.267422051336,11,8,6,6
9260.731808614255,2699.3272237249494,0.0013722377313526094,-2193.933401795154,-3229.966367206804,0.0,0,632,37849.05932533332,179.0,20024.433068624654,10,8,4,6
9192.123066896156,2652.2990805679983,0.001470921618237485,-956.4006419530928,-1611.8277278223982,0.0020215511322021484,0,934,44991.75478677413,232.0,23444.399453880105,15,8,6,6
11006.271811484974,3229.2332758133525,0.00128448569375968,-578.1676438239748,-1135.4157117367988,0.008027791976928711,0,1312,53853.77730232595,286.0,28573.057389920432,23,8,25,6
4761.520607991687,1453.3534647355602,8.841198944148514e-05,-2.8094474084309784,-7.584732011211669,0.0,18,6703,25179.391145961206,1509.0,9388.64028733308,28,23,25,22
6164.840949358823,1872.326864006041,0.0001766536079537568,-1.8802631380724417,-4.564343859879416,0.0,10,10732,32850.03225901793,2415.0,13501.050754068554,23,15,19,12
7008.932109740661,2082.145033644114,0.0001985147608068308,-2.022913045277905,-4.379858731100347,0.0,9,11693,34736.06604698215,2729.0,13915.553100552695,23,14,20,11
6889.060429115487,2429.9274978424382,0.00021393685628588833,-0.9256090912675026,-3.6281448513362067,0.0,8,14859,35082.80608274493,3626.0,16395.347585410833,21,13,17,10
7913.456156398527,2455.202488020812,0.0002211586025545844,-1.1532163066024959,-2.8509483692308386,0.008023262023925781,7,15881,38265.99609914567,4008.0,15375.251354361819,21,12,17,9
8276.324000289795,2351.496491468914,0.00020857487732210824,-1.1667537381303386,-2.3271879281284114,0.0,7,17032,40957.70972540608,4133.0,14670.175351887832,21,12,17,11
8248.381572728638,2909.348820722676,0.00030409658426056957,-0.7823566087881801,-3.0704565957264744,0.0,6,18435,38769.06846341284,4534.0,18554.623072821967,19,11,16,8
8905.93196804937,3381.383602906074,0.0003767915400060174,-0.7673198896070159,-3.5708282953419745,0.0,5,20901,44233.11344830298,5361.0,24981.1161232562,17,9,14,7
8930.349228181929,3412.935851490707,0.00035301320334313,-0.5920091136133339,-3.05371346961691,0.0,5,21726,42454.22527601963,5531.0,23903.43460119504,18,9,15,7
12206.459223427039,4751.682337755839,0.0004835383420675339,-1.2031542106961721,-4.539382076879764,0.0,4,25931,60734.9700390037,7093.0,34638.917182842415,15,8,12,6
5151.460852464334,1493.5938328306659,0.0013638091032526951,-2501.621452365319,-2777.6592558504235,0.0,0,308,14785.004798671995,109.0,7770.813200502867,9,8,5,6
4513.004256927198,1310.9194034951113,0.0012380353246499616,-3802.9548638552783,-4229.698794464665,0.0,0,243,15034.411919657454,90.0,7931.891998436342,7,8,3,6
7575.510979869404,2185.8548852202925,0.0015497727591262404,-4397.120312284483,-5021.74512707505,0.0,0,345,22427.046601752834,110.0,11752.924359259916,8,8,3,6
5775.3255665126635,1684.5009889735875,0.0012738008639590571,-2226.9820562979844,-2595.7406008456487,0.0020225048065185547,0,378,18678.197763785924,128.0,9878.702039565156,8,8,5,6
8193.691653895905,2373.0931855455374,0.0015306754913694588,-2201.588559968203,-3053.290764010159,0.0,0,528,28602.13517973553,159.0,14995.628888167608,11,8,6,6
4559.025845486335,1318.38379281204,0.0014470830480908397,-2239.216528541691,-2443.582419285689,0.0020194053649902344,0,298,13332.917698750724,99.0,6979.941470468984,8,8,3,6
7126.0156354867795,2049.0179137065165,0.001590147926952833,-1562.115670054346,-2277.484768930165,0.0,0,653,33709.62481018182,191.0,17521.263928293774,12,8,4,6
7923.405055997703,2309.174389058852,0.001368985693870179,-2756.162048004288,-3862.5667592984073,0.002019166946411133,0,484,32460.3573578153,163.0,17188.130370756626,9,8,5,6
9496.415336692331,2683.407395441097,0.0015998736378117875,-2109.224398436296,-3135.7678192231538,0.008028268814086914,0,639,40607.54624378419,190.0,20725.909503519186,13,8,3,6
8954.105792232333,2473.90496847157,0.0016153572035609762,-428.1488592222606,-710.9443179415792,0.0,0,1234,42057.29116405648,311.0,20753.95345027285,18,8,7,6
9829.712079329149,2791.5567574978513,0.001508763287597861,-683.6981606052099,-1109.6687965830502,0.008038043975830078,0,1165,48281.70389937156,287.0,24673.74530689245,16,8,5,6
9703.89580551674,2715.5849167426627,0.001533971621655167,-420.01420947567874,-702.2615573044625,0.0,0,1350,47848.9218340118,326.0,24008.41395790178,21,8,11,6
11356.010554174753,3331.747743233898,0.0012846223621853963,-502.8644871365532,-942.6036430977098,0.0,0,1394,55585.853832388864,317.0,29469.356828192394,24,8,12,6
5139.279444951835,1512.2222586942944,0.0017478435608302239,-47.80704888769566,-93.8855770201552,0.008020877838134766,0,2056,26186.317096427745,467.0,13174.351704332323,29,7,24,5
6873.56318911561,1988.3624007645465,0.0016925879993589879,-11.90232949834098,-23.31690062641789,0.0,0,5524,31633.41474543695,1180.0,15817.322619233542,25,7,22,5
4636.495745712347,1381.9561279863387,9.268441021608812e-05,-2.895438764814885,-7.473424426608858,0.0,18,6520,24859.96152468834,1424.0,9107.056319482974,26,23,25,22
4572.716541296588,1314.6480115698646,0.00010176307350226457,-2.723280317535975,-6.557379356882026,0.0,17,6822,26536.5902046083,1499.0,9730.983154478505,28,22,22,21
5871.8939354220665,1633.7603122239868,0.0001336101682304808,-3.501170385523923,-6.7765319578752825,0.0020220279693603516,14,7597,29283.31358844071,1685.0,10261.230180612634,26,19,22,18
7254.234325420305,2094.7167298837753,0.00019899053103918004,-1.672090586654082,-3.4468188409492226,0.008025169372558594,8,13136,36809.514577534224,3147.0,13923.857388556917,23,13,19,10
7758.290338407838,2690.881058048929,0.0002447638206361227,-1.2714072003119554,-4.1605921236851495,0.0,7,14870,35592.36554184226,3506.0,16452.835057307173,21,12,17,9
7480.582279892658,2742.55666089415,0.0002634799921715765,-1.0161298656839808,-4.147647229934662,0.008053779602050781,7,15554,36205.25347199739,3728.0,19738.53842331718,19,11,17,9
9381.399817451087,3606.202999172031,0.0003662099681519727,-0.7114543445265016,-3.4115803930288813,0.0,5,21706,44756.80570804142,5562.0,25245.39793375232,17,9,14,7
10301.51629805061,4018.531891336347,0.00046197186973206305,-0.7312199702600541,-3.392080941579157,0.0,4,24305,49534.48562854964,6428.0,28191.91433641991,16,8,13,6
9940.384272402525,4033.115437827996,0.0004486553492053237,-0.2535977113176253,-2.3429500376700654,0.0020220279693603516,4,28133,50685.59542903732,7720.0,28837.931496471792,15,8,12,6
16988.991509405078,6485.8405969636815,0.0005356363168029211,-2.224785217566923,-6.356580164640083,0.0,4,30517,84882.68845515013,8719.0,48532.17731073973,14,8,11,6
17143.8821919476,6584.141527372225,0.0005260539360819556,-2.0200301716026443,-5.8362336681817855,0.0,4,31365,84927.26174241117,9178.0,48528.347066515475,14,8,11,6
25357.63103637366,9103.266803416476,0.0005853350178524945,-5.313930115366117,-11.23440010055837,0.008057594299316406,4,33377,119631.71247653072,9896.0,68459.63767842055,13,8,10,6
29537.588174561894,10386.874212225066,0.0006012800649764388,-6.67983607233706,-12.917797739933055,0.0,4,35637,136049.2336993648,10975.0,77842.37733690225,12,8,9,6
7229.150219340628,2091.0283754537886,0.0015311984434362423,-2757.1192310746096,-3481.112180515632,0.00202178955078125,0,445,25325.84169271333,137.0,13287.65174376937,9,8,3,6
8141.0411676197655,2365.4448028874613,0.0014331765837074571,-2906.231060602487,-3806.0202436550007,0.0,0,484,28685.710884257496,166.0,15131.738678434747,9,8,5,6
6447.337076910457,1870.8775750314314,0.0014733809084989523,-1980.474956915446,-2809.688046166186,0.0,0,543,31032.1490855839,182.0,16327.116678716178,9,8,5,6
9381.162583633411,2688.728146865374,0.0015845560485646213,-1851.838734841547,-2711.990277001706,0.0,0,715,36445.08505994191,200.0,18876.231862757842,12,8,5,6
8985.160224912195,2486.307503941101,0.0016706260737916739,-898.925106174269,-1380.9240658957417,0.002025127410888672,0,872,38482.588019381794,224.0,19094.655831321754,10,8,7,6
8624.681152339801,2425.13971489221,0.0015977797351278383,-1167.268665647395,-1889.8063469814801,0.0,0,815,42137.08863216467,216.0,21336.9938301004,13,8,6,6
9328.221503695107,2670.00142487089,0.0015073989846645054,-915.9676877539113,-1504.9103417537476,0.0,0,951,45660.279046356365,244.0,23573.373793575673,18,8,5,6
9140.87688374746,2566.530189918526,0.0015672133804773534,-554.7726166362245,-936.5833392403468,0.0,0,1130,44983.522963825104,264.0,22660.635875713284,17,8,8,6
8491.665267707871,2311.9922117759065,0.0016122705475870196,-361.838582367045,-596.8530531992673,0.0020198822021484375,0,1280,41889.94242784272,282.0,20339.50202016416,24,8,23,6
11393.899204393168,3305.6330383917043,0.0013565588933578876,-664.5201569245567,-1258.6557737657877,0.008028268814086914,0,1247,55586.34264012997,279.0,29165.919964060828,27,8,17,6
7267.107903671999,1849.4512447071531,0.001620304491720631,-94.10848726956942,-137.96475698951744,0.0,0,2041,36157.713543743725,457.0,16065.354806656309,35,8,19,6
10157.672744249094,2734.5944974692857,0.001510411004918997,-67.28179708057726,-110.01875282367749,0.0,0,3470,47313.39103221546,739.0,22476.235042780114,31,8,27,6
6222.388729212664,1789.983664685759,0.0017310589569622958,-19.364076205799403,-36.718281787179734,0.0020241737365722656,0,3910,29856.07815225041,860.0,14936.735526828146,30,7,28,5
6631.9189909642855,1617.6666976709168,0.0015739036064799162,-18.748592233145846,-25.82330059111687,0.008040428161621094,0,4341,32670.885681757973,967.0,13078.11471778831,30,7,28,6
4287.525648407035,1262.2415192085984,9.744521350746389e-05,-3.0941117520185397,-8.349732146406875,0.0,20,5940,23947.155095672133,1308.0,8652.856260345157,28,25,24,24
4987.970797536508,1398.9840563513303,0.00011784235600726951,-2.8948941044936127,-6.368330350821808,0.0,15,7325,27873.917883519607,1603.0,9982.534041679774,26,20,22,19
5624.792502884061,1558.2058011070583,0.00011670270545337168,-3.272731433564992,-6.356902939313179,0.002030611038208008,14,7712,29333.927356054108,1688.0,11054.119667338862,27,19,21,18
6012.367144825129,1811.6499024169184,0.00017801527372592293,-2.1161237614819663,-5.109404419010817,0.0,10,9886,31785.083058622862,2165.0,13021.046259444609,24,15,19,12
6656.668049461568,1861.8465713660064,0.00015561336157920885,-2.521435686188115,-4.791913545860706,0.0,11,10115,33189.84609035041,2229.0,11665.754724640545,24,16,19,15
6277.035077961407,1882.9911745202576,0.00016615242286016553,-1.3348831945004256,-3.403409710606062,0.0,10,12193,34300.21560616373,2806.0,13431.209062373244,23,15,19,12
8000.040909049473,2815.3190685439836,0.0002783148524705969,-0.7892538293410134,-3.0454959216857427,0.0,6,18013,38216.86800080275,4460.0,18169.812529489005,19,11,16,8
8206.751196028894,3117.5815162274853,0.00028412553404744465,-0.4440093297555434,-2.67428459706814,0.0,6,20344,39486.118039677014,5133.0,21573.52515429203,18,10,15,8
8225.401443832685,2951.4169329869355,0.00033138557124289274,-0.4142438606912173,-2.2379591621372232,0.00802469253540039,5,21863,41219.212692418834,5636.0,19878.232321602627,17,10,15,7
9162.081187978942,3578.213565252825,0.0003492785084775009,-0.40842996517851193,-2.6673831026121246,0.0,5,23601,44266.25863952398,6319.0,24934.138366582236,17,9,14,7
8462.170505849963,3330.243393513718,0.00034399881109197606,-0.18913649622042117,-2.1050531937670525,0.0,5,24200,42730.06138394011,6542.0,24062.833954994145,17,9,14,7
10355.306502291684,4128.3341986091655,0.00045960617244531637,-0.5072418524659374,-2.9494216318295714,0.0,4,26402,51637.686827701786,7103.0,29399.72380337384,15,8,13,6
13839.506448684484,5508.522274202308,0.0004897298080934264,-1.0378503601856535,-3.951197700262914,0.0,4,30631,70801.01010150656,8820.0,40368.23792988554,14,8,11,6
15936.326021081382,6251.195171698812,0.0005025907151061378,-1.4732005756025432,-4.760596184872689,0.0,4,31791,78570.0996202134,9270.0,44830.45515988959,14,8,11,6
18134.31424530769,6874.599696484824,0.0005151027392010266,-2.0265619732597324,-5.449809501222132,0.0,4,34413,94412.17841763192,10424.0,53843.58202226742,13,8,10,6
5695.352617685488,1646.9131042343706,0.001560042350982988,-2114.5292974994873,-2208.129082497172,0.0020279884338378906,0,388,16374.812257008813,127.0,8562.23281198489,8,8,5,6
3653.672530044104,1060.1001761992284,0.001213833425570545,-1895.9137814266228,-2456.8891567531896,0.0,0,266,12094.98050897416,79.0,6358.384639088046,8,8,4,6
6608.707457084667,1913.4376167826292,0.0015191851542274424,-2419.743557891654,-2758.840506240225,0.0,0,400,20372.170180916943,132.0,10688.270745111327,9,8,5,6
4585.604203355978,1339.5025895658803,0.001125682750775153,-2239.3723454969886,-2874.073986014903,0.008023500442504883,0,294,15149.555799843525,102.0,8015.323856283776,9,8,5,6
8995.17102649412,2574.2205575768326,0.0016118996806128779,-2328.017534909915,-2971.5799964369626,0.0,0,597,33730.30366827373,186.0,17474.667046693605,9,8,4,6
9697.471854012867,2787.2068028841295,0.00152919584164894,-1279.0534846273931,-2050.0746700717573,0.0,0,840,40628.52581204124,229.0,21091.406791554284,11,8,6,6
8156.3464404427295,2231.2844582869684,0.0017177733233575633,-933.3052421831526,-1323.050465486938,0.0,0,852,35999.09597575975,245.0,17644.14629205394,13,8,7,6
9639.025369537369,2816.4680282526865,0.001354110393116794,-1383.6384221781766,-2373.165747262422,0.0,0,803,42749.95188011519,212.0,22622.101427191534,13,8,7,6
10153.336284060104,2897.8966975468134,0.0015167965838891128,-1236.2981431786725,-2053.854275092685,0.0,0,855,45439.14816501685,220.0,23409.268663469542,13,8,4,6
8456.740908169391,2310.3841109720724,0.001653905649981286,-504.1625249509139,-755.014673832223,0.002028942108154297,0,1098,39511.09425421071,282.0,19275.403885952524,11,8,5,6
11031.42512030423,3118.8787138145226,0.0014638623639275988,-299.3371140538093,-542.6489468365945,0.008019208908081055,0,1746,53459.9343546483,380.0,27148.397484253728,33,8,24,6
5085.961828058387,1503.931667403888,0.0017410638333847288,-36.07301422847799,-71.47078586971475,0.0,0,2339,26098.09198571179,519.0,13136.770013289097,28,7,24,5
7479.185470778711,1820.911428340837,0.0015771379102479798,-23.738685793707496,-32.23424565182374,1.811981201171875e-05,0,4397,33777.52333344113,948.0,13960.49770186258,28,8,23,6
11077.394478811219,2990.6043008238603,0.0014740748106902165,-41.36763786902766,-67.90575177258887,0.0,0,5062,49853.509067799576,1110.0,23652.67481419428,29,8,25,6
4819.686629647437,1359.4622709769326,0.00010956335051846201,-3.1435356012437046,-6.922996244246713,0.0,16,6654,26773.13951477728,1467.0,9797.897028687377,26,21,21,20
5967.949805663835,1629.7490602005375,0.0001403738693078485,-3.766400970474465,-6.905762601987197,0.0020232200622558594,13,7536,30176.95593917633,1651.0,10897.447757877322,27,18,23,17
6449.606112221232,1915.3876646488643,0.00017687824906407974,-2.1885212880416773,-4.794914153216628,0.0,10,10359,32603.89875264668,2398.0,13013.076959263866,23,15,19,12
6542.270074201445,1896.899076899439,0.0001890701018910896,-2.161769003534866,-4.446393397161438,0.0,9,10663,33904.13323700569,2451.0,13165.348124918944,22,14,18,11
7172.844560756597,2517.495705461171,0.0002694023492101466,-1.3695934153073845,-4.7473840655170205,0.002020120620727539,7,13520,34663.970911904886,3211.0,17628.45284802458,20,11,17,9
7172.970589901964,2544.0061637984345,0.0002758234366519204,-1.1766672597917096,-4.319290334215453,0.0,7,14540,35206.83444567881,3439.0,18036.43466047258,21,11,16,9
7041.1054753529,2439.4289546202576,0.00024518066475413055,-1.0488802957269825,-3.772836213262525,0.0,7,14745,35501.09285417539,3527.0,16362.587491378014,20,12,17,9
8316.28644574655,3122.9436727170814,0.0003710576465610922,-0.7997945902855335,-3.620792122851335,0.0,5,18956,39930.481541011424,4791.0,22512.646592314457,19,9,15,7
10645.081324764653,4055.347344664506,0.00039532520716640477,-1.3970514294430054,-5.163366545464977,0.008027791976928711,5,21459,53097.54940615797,5438.0,30018.999648614175,17,9,13,7
8506.281193013869,3325.2607872213143,0.00035122433490560886,-0.36256521706989364,-2.60324206379016,0.0,5,22823,43760.46152360365,5947.0,24643.332972546537,17,9,14,7
9659.876407646785,3795.537794418702,0.00035163099843659736,-0.5312842021164066,-3.0231985772547567,0.0,5,23849,47458.93528902321,6315.0,26712.01946096048,17,9,13,7
12304.827236390985,4932.549953837329,0.0004795620250020384,-0.8469683825357903,-3.699598735148143,0.008045196533203125,4,28307,61827.5710393841,7895.0,35224.04724223912,14,8,11,6
13264.243595820692,5232.9085173374515,0.000492086418253174,-1.1610490671599312,-4.3354551040881635,0.0,4,29001,68558.69157618078,8231.0,39087.50223442649,14,8,11,6
15164.522431650294,6054.424104438362,0.00047121795800840547,-0.9907089676541607,-3.605901177434254,0.0,4,33612,77593.28392191888,10150.0,44146.36161060288,13,8,10,6
26875.891732675624,9546.005391703115,0.0006037658089980629,-5.791801788672438,-11.690511996239731,0.0,4,34473,126812.54011009284,10445.0,72591.1304793449,12,8,10,6
35974.8628141554,12418.961292416636,0.0006020582933390211,-8.825370354204436,-15.1336828813103,0.0,4,36649,150207.8684471176,11512.0,85744.9863000696,11,8,9,6
5853.329143572164,1686.0557109815975,0.001598853782398035,-3882.0512593851026,-4124.054686913196,0.008035421371459961,0,277,16870.757322090263,108.0,8810.547164817275,7,8,3,6
4873.876188351915,1414.9735852336603,0.0013568752651788385,-2548.722258874695,-2940.590493648926,0.0,0,288,14630.60458114086,104.0,7690.328791660511,9,8,4,6
7297.230007068876,2141.3816779302424,0.0012599019507937568,-1715.5699579473953,-2510.7365720543157,0.0,0,529,27875.780503964343,176.0,14823.778966387828,11,8,4,6
7673.333276193035,2212.1223922312142,0.001543652815842398,-2007.6306387121924,-3238.568952540773,0.008020162582397461,0,587,35007.272712140475,162.0,18266.868503044403,10,8,4,6
8771.008800732707,2535.868237059288,0.001486065877081503,-2652.579054710486,-3768.670882779415,0.0,0,586,36141.42928986123,160.0,18954.15209482803,9,8,3,6
7118.94374564926,2092.7410167867665,0.0011695448634384896,-2210.6847147703456,-3409.024226171781,0.0020253658294677734,0,506,30030.97566064637,136.0,16038.571570695465,13,8,4,6
7151.3872571777865,1973.1113014718842,0.00173463519979138,-1095.1984244127777,-1523.2868376357653,0.0,0,758,35032.5089931905,224.0,17349.09407909507,11,8,6,6
7133.209675222375,1892.274893883695,0.0017261339393710431,-440.95818333305255,-637.7618965090072,0.0,0,1007,34450.4529924552,278.0,16207.28937512255,17,8,4,6
6952.037093401773,1836.7639068956094,0.0017158411757359517,-325.5163122234345,-469.0918862277311,0.0,0,1216,34569.38116877232,282.0,16142.269747284801,15,8,4,6
7857.972249458094,2098.4339593564887,0.0016453116690876726,-339.9396825463514,-536.5985956175017,0.008020877838134766,0,1242,38816.58281134004,270.0,18396.01762542498,21,8,17,6
4805.753791789057,1447.018505571811,0.00174893883603834,-79.93272790344881,-162.35076943410542,0.0,0,1480,23868.735503519263,332.0,12053.834574023214,31,7,19,5
8781.397195856613,2355.812588699788,0.001596107155565902,-156.3855460711801,-255.24531239034098,0.0,0,1894,41661.099603917166,406.0,19764.622798685275,28,8,18,6
7745.032010092216,2014.0818705850725,0.001616811642244146,-124.5951006342558,-198.78559739654474,0.008036613464355469,0,1910,38090.455598647866,399.0,17397.154062799527,32,8,22,6
9032.295790483839,2447.0492146782044,0.0015539892885618111,-124.66540318076835,-204.9067323241178,0.0,0,2207,44993.903305651416,490.0,21578.23248358984,25,8,23,6
5655.527800970523,1656.2594607310887,0.0017025608453656318,-17.267859277780527,-35.51073536605225,0.0,0,3757,28630.01988819646,822.0,14384.630667379963,30,7,25,5
7264.211351431602,2589.607685965789,0.00026179013808813774,-0.9966651961837312,-3.9036591097388715,0.0,7,15435,35768.46978888164,3703.0,18327.66399765452,20,11,16,9
7790.83206450414,2813.5006138139615,0.0003075810430486402,-0.904284843452509,-3.734960033911869,0.0,6,16982,37080.330268186495,4049.0,19635.82711591522,20,10,16,8
8468.951648263426,2993.534999523637,0.00028602590765261916,-0.9103224751797765,-3.2685709044679507,0.0010428428649902344,6,18210,38192.12311729823,4445.0,18532.436009902376,19,11,16,8
8604.608076997663,3206.5977572098514,0.00036828513051089055,-0.8349488852637146,-3.5661256352186816,0.0,5,19195,38976.815074941806,4686.0,21971.099097598708,18,9,16,7
9735.090463105545,3691.441910713308,0.0003825499770930763,-1.217197329616016,-4.6573160060292995,0.0,5,19840,46467.32558463831,5086.0,26237.968748306695,17,9,14,7
10268.946910758217,3925.0200003723135,0.000381458573123197,-1.1939897466279277,-4.579737629567365,0.0,5,20845,47887.54147020769,5304.0,27027.04229006372,17,9,14,7
8102.577956970308,2973.947437364612,0.0003298534818917004,-0.29198173192773536,-2.0968680325831883,0.0,5,22306,41111.86091334661,5636.0,20477.779831155145,17,10,15,7
12977.996434646888,5014.285457590659,0.0005047572307442808,-1.5229217203391796,-5.228258508328754,0.0,4,24878,59911.97236251108,6639.0,34195.28968195921,15,8,13,6
19615.945271305034,7392.09266125722,0.0005396011269199801,-2.864348381701789,-7.3018305260973815,0.0,4,30871,90381.27676208026,8982.0,51653.14459294689,13,8,10,6
31168.426381385303,10936.253103557276,0.0006342203609514902,-7.683466580300728,-14.702651645734848,0.0,4,34960,139212.28751631343,10562.0,79787.29249486001,12,8,9,6
30289.58599369848,10622.646076979112,0.000608096184455443,-6.9645922811328695,-13.298862892567348,0.0,4,35746,138178.18439417626,10986.0,79025.7356178558,12,8,9,6
4256.767247200918,1234.8879535391713,0.0013551968103160702,-1914.4979920697656,-2296.8178356178637,0.0,0,305,13266.538990141362,103.0,6962.2553848857915,8,8,4,6
7179.4675491464795,2061.569513298745,0.0017093052180682572,-2634.552426645681,-2891.2010304881787,0.0,0,426,21174.942832317138,153.0,10995.179945400021,8,8,4,6
5248.43422830968,1513.276370129765,0.0015715715867320457,-3538.078729728527,-4494.5508324735465,0.0,0,294,21047.85797600463,117.0,11020.683284294137,8,8,3,6
7872.218538935766,2266.386888596917,0.001561376399023964,-3282.940625824908,-4235.218044845585,0.008052349090576172,0,457,30533.042872547383,146.0,15958.309699304671,9,8,4,6
8046.863162234686,2342.3804097061593,0.0013687231022040795,-3426.008653375966,-4441.4497876016485,0.0,0,431,29010.367899774308,127.0,15356.732990547833,10,8,5,6
8987.395695043846,2596.4142958829284,0.0015118967464590738,-3024.786137164397,-3834.7654740046573,0.0,0,493,33221.89225910102,169.0,17408.715918114547,9,8,5,6
8997.438860867382,2580.7393963376176,0.0015875356996657244,-1879.2235490483151,-2629.965401612214,0.0,0,647,35104.444747218615,200.0,18212.360167185005,12,8,5,6
9255.3274124501,2603.513555111682,0.0016474141784312275,-1205.7070957900046,-1803.0424358400842,0.008029460906982422,0,834,38495.53552495256,232.0,19482.27179465344,12,8,5,6
7992.1818241188475,2157.9782258059936,0.0016437128621559888,-353.99266851786547,-574.4047726130539,0.0,0,1258,39543.236016304814,292.0,18997.62477275713,20,8,5,6
10303.665626465572,3037.2414923402785,0.001211166460374416,-725.1535079456509,-1400.6134743858597,0.0,0,1069,50225.96490236242,233.0,26838.243699032202,30,8,12,6
11732.39577936969,3416.0290670608993,0.001328176208651009,-436.49821881751564,-839.1576143492246,0.0,0,1591,57283.41553047458,354.0,30153.668224706606,33,8,30,6
5264.664741842207,1515.032141086385,0.0018248776186802363,-29.94497226159348,-56.932171409047555,0.002032756805419922,0,2682,27250.690075727332,576.0,13610.029235554925,24,7,23,5
12148.415590209886,3469.528731741219,0.001394136083952042,-190.68184717664502,-351.98022757473956,0.0,0,2490,59552.45922082286,524.0,30610.694001927317,40,8,37,6
5617.717339874557,1642.5300962563344,0.001623287370065629,-15.948678939543555,-32.319702585318076,0.0,0,3975,27795.063015133153,841.0,12747.685055561975,30,7,27,5
4325.805711305,1275.3843091793872,9.691310980585707e-05,-3.151716894985137,-8.140665224766531,0.0,19,6044,24363.569785204432,1308.0,8896.660026114838,28,24,20,23
6508.560656942386,2237.6170693909717,0.00022967846339940956,-1.825149444345593,-5.672122783593061,0.0,8,11202,32111.950376341192,2565.0,15320.451515022727,22,13,18,10
6405.126593778721,2240.743197814344,0.00020987870382849992,-1.471673079728657,-5.080630557608409,0.0,9,11765,32274.521930819305,2701.0,15763.775060382482,22,13,18,11
7345.043522601153,2673.0795538312664,0.00027574707489851536,-1.52385572818226,-5.500313241342589,0.0,7,13367,34685.8351769635,3156.0,19189.29702778905,21,11,17,9
6702.379303869977,2354.130501363003,0.00022191468951115767,-1.0545994536259182,-3.968702295587594,0.0,8,13943,34201.76062014722,3300.0,16213.301074024545,21,13,18,10
7592.778866086098,2730.484102997272,0.00030946576155645183,-1.106605364679221,-4.167403178680569,0.0,6,15656,36031.80456179428,3743.0,19105.38104962158,19,10,17,8
7737.973308055021,2872.095302644173,0.0003123881181283293,-0.8922735790249998,-3.9798919406514743,0.008024454116821289,6,17055,37952.03133028878,4089.0,21204.63486999336,19,10,16,8
8649.80536187926,3255.3589382358255,0.00032575864166504314,-1.1763316031604631,-4.726312748970525,0.0,6,17990,42949.32836920885,4346.0,24028.858916691628,19,10,15,8
8370.891598057222,3171.557340590643,0.00030696521017590665,-0.7113517233477749,-3.42108840533765,0.0,6,19080,39471.90847972919,4808.0,22069.251408123775,19,10,16,8
9099.678860876613,3478.270243377977,0.00035765043590583697,-0.722578370690413,-3.3677581605306326,0.0,5,20766,41669.11658053896,5326.0,23473.50140860294,18,9,14,7
12180.84693180749,4720.903271239987,0.00040645840752864923,-1.4177012436944767,-5.049696345199257,0.0,5,23495,55883.105844399215,6126.0,31626.752333964032,16,9,13,7
12405.46924032715,4936.416892292535,0.0004972715460972349,-0.9210881293161659,-3.8856597684137446,0.0,4,30271,69475.49476429938,8543.0,39641.86530431916,14,8,11,6
20450.936672660533,7652.825953996591,0.0005448918224796327,-2.912524035024692,-7.14292303312121,0.0,4,32837,97183.94279461814,9752.0,55510.76378379771,13,8,10,6
21154.391037600813,7797.860872161421,0.0005425001701791204,-3.263784456845851,-7.631329397680764,0.0,4,33553,104381.58169417796,10158.0,59593.339227324235,13,8,10,6
38277.65038801305,13061.66407193552,0.0006225834494783764,-10.717001305651342,-18.19163256173154,0.0,4,37052,163995.20496223908,11671.0,93684.0436462953,11,8,8,6
6380.76475048203,1829.521818961677,0.0017453985777521298,-2513.2358534034765,-2923.350799669086,0.0,0,385,18481.487824885677,126.0,9585.13852569017,8,8,4,6
7624.855811625869,2185.2834403132006,0.0017086415291589214,-2778.9255585695046,-2883.298966332812,0.0,0,442,22673.759549763054,149.0,11764.388914018928,10,8,5,6
7306.133575478067,2076.899956868419,0.0017644275839378114,-2579.8308068497754,-2973.8440809598887,0.0,0,452,25787.026826066834,170.0,13268.253844742088,10,8,4,6
5893.893408860486,1718.9559970137686,0.0012612685082740206,-2856.1291687280022,-3483.4081707283253,0.0,0,330,19837.29856826558,110.0,10505.4752049323,8,8,4,6
8644.691384990572,2491.9153796546475,0.0015453297643423522,-2881.123779300077,-3563.417141883359,0.0,0,520,31960.665909755386,165.0,16711.609997960615,9,8,5,6
8832.763288387807,2516.165506949171,0.0016290678794782481,-1458.1927258208796,-2282.3705758033607,0.0020143985748291016,0,739,36130.185308732434,212.0,18576.176469480233,9,8,4,6
8627.633062068926,2347.5698798378767,0.0017293820175352697,-1033.3084265697084,-1390.417973990729,0.0,0,839,35286.94775080642,220.0,17183.957412548887,11,8,4,6
8269.282261891918,2318.802737726807,0.0016256654211336255,-996.3897385489953,-1467.6444059251553,0.0,0,836,40494.86312581055,224.0,20428.954613902984,13,8,5,6
6745.444497972703,1763.6263562749486,0.001727751491199082,-282.0760266173098,-426.71049332610806,0.002019166946411133,0,1149,33485.47220916072,286.0,15461.319598441049,22,8,7,6
8088.725453690572,2181.5619355181784,0.001632654249902931,-288.2255895001014,-461.2651365125432,0.0,0,1396,40094.16065484187,311.0,19201.7482331751,17,8,9,6
5559.486541087856,1438.354738583214,0.001709846591671348,-56.834112946227506,-83.11026113534395,0.0,0,2053,26297.3291189869,459.0,10007.913692566653,24,7,24,6
4031.5962216883863,1163.170916217627,0.0001035710327891822,-2.923981245083512,-7.520170416014189,0.008062124252319336,18,6124,24362.386968534032,1319.0,8640.502972958548,26,23,23,22
6468.507759983719,2103.95661725217,0.00023262532106904047,-1.9134010995070603,-5.309966866270008,0.0,8,11233,32737.21540353717,2551.0,14716.062938292478,23,13,20,10
7195.189783533802,2012.7725920405685,0.00017362521321922234,-1.8683197594740517,-3.4576608001255,0.008020401000976562,9,12418,36176.041735421415,2962.0,12966.374711341272,22,14,19,13
7970.919855688461,2955.895295936758,0.0002827270511432456,-0.4758407885007101,-2.637479302407712,0.0,6,19927,39130.55311094292,5059.0,20521.631571274163,18,10,16,8
10241.34946665465,3914.751191500076,0.0003848905912874126,-1.178407480186253,-4.587710756976255,0.0,5,21068,48480.60922841954,5383.0,27380.63599314766,17,9,14,7
10365.851586235935,3972.7702253925227,0.0003970886433752086,-1.2002372355692779,-4.676189902559626,0.0,5,21385,51831.69007083001,5478.0,29290.238385106524,17,9,14,7
12111.321742268268,4732.966280578428,0.0005148334586732579,-1.1716613808362517,-4.478951449863709,0.0020291805267333984,4,26867,63480.2108131075,7308.0,36263.83503734172,15,8,12,6
9638.450307050372,3943.009893984247,0.0004404909396089254,-0.1704750325281048,-2.186143341890546,0.0,4,28571,51311.89175670294,7788.0,29169.924116392285,15,8,13,6
38410.73098207075,13250.773360839457,0.0006254965461328026,-10.326443487597517,-17.836533788261217,1.6689300537109375e-05,4,35834,153835.1048014115,11100.0,88001.3751487642,12,8,9,6
7837.2106935479,2228.041759391211,0.0017242253506335767,-2368.456423879687,-2687.216498553551,0.0,0,520,28382.358664054118,163.0,14609.975950275068,8,8,4,6
7805.95421635795,2242.351022594393,0.0016244993184788292,-1796.7056447909197,-2269.644599929607,0.0,0,577,29501.70244043513,200.0,15340.31709403894,8,8,4,6
5667.738630477763,1631.3700446408054,0.0016013060537616339,-2856.850226780646,-2602.430405115633,0.0,0,317,15452.062735594573,113.0,8062.209872217671,9,8,4,6
8670.151207421657,2491.066591940959,0.0015754001225780246,-2853.442048029682,-4093.9414416647105,0.0,0,514,33671.73086566141,159.0,17528.24118985134,8,8,6,6
8539.401460087982,2442.2751902787586,0.001588326579078377,-1916.6055317947844,-2513.1246233049133,0.0,0,662,36433.09168889848,208.0,18861.549353186507,10,8,6,6
9354.876099812978,2663.4821288470694,0.0015452195036022144,-971.4081734747673,-1518.5191752837443,0.0020236968994140625,0,925,43785.42922937894,254.0,22483.8966710179,13,8,6,6
8097.855858140859,2196.477720216315,0.0016376263461732458,-326.6226710820383,-524.0055906923728,0.0,0,1257,40129.30280460554,291.0,19369.171551307867,20,8,5,6
4994.576806808799,1475.066961030369,0.0017629359012896592,-40.81462384653082,-81.4641055758901,0.0,0,2103,25627.78233647477,469.0,12893.786623467757,23,7,17,5
7490.275143792592,1924.8731595275372,0.0016118441359219099,-77.51934474625821,-118.99150412479234,0.0,0,2365,37336.52315129491,522.0,16796.80981725931,30,8,28,6
13677.760253228464,4014.887590340349,0.0012601501831604207,-175.9327687368258,-355.9365822630005,0.008025646209716797,0,2952,63762.15180752213,627.0,33758.503511143994,32,8,32,6
6377.8115028303555,1792.4666335361242,0.0018458444806908583,-20.493280123616362,-37.056132389625134,0.0,0,4043,30582.355984140333,889.0,15124.953546848708,27,7,25,5
7337.723448431723,2640.4776920977242,0.0003178215962622936,-1.0871102297073856,-4.138241966532271,0.0,6,15526,36002.45578825142,3737.0,19316.09072805458,20,10,15,8
7866.790569924005,2920.2168837428935,0.00030907351576972043,-0.8688153093994684,-3.7940249399649675,0.0,6,17164,37131.02806487026,4185.0,20719.197671520866,19,10,15,8
8515.7136114046,3211.6196263229717,0.00032727291911341773,-1.0088025278632653,-4.282914982403986,0.0,6,18594,43807.709559506315,4597.0,24523.47689911617,18,10,14,8
7598.0446786008515,2824.040678040192,0.00034623460780619785,-0.34879021399708354,-2.3962617745641324,0.008026599884033203,5,21011,39953.281955008875,5401.0,21198.38139760139,18,9,15,7
8771.504766046563,3374.805861414482,0.00035925235092404217,-0.49403278280062146,-2.8252188651178973,0.0,5,21637,40780.938042978305,5732.0,22991.21446330077,18,9,14,7
9072.068921430719,3534.4374809133838,0.0003630093784686325,-0.5526431747538687,-2.9858126395792697,0.0,5,22216,44527.82431519686,5830.0,25083.033559288087,17,9,14,7
9940.934466980167,3934.141386110696,0.00036353018799601257,-0.5886986183874718,-3.1364350217692616,0.0,5,24175,49550.35088679749,6427.0,27940.03058390384,16,9,13,7
20268.700070657116,7537.403203775174,0.000549067153403704,-3.2050096021602377,-7.842557037183333,0.0,4,32519,98664.40087272978,9608.0,56390.95530930755,13,8,10,6
22208.347861491555,8194.875918236678,0.0005382719582411342,-3.3531649412388616,-7.624995203636697,0.0,4,33879,103882.4201820893,10293.0,59307.67206040787,13,8,10,6
34344.93535714338,11962.557065172,0.0006380293909517407,-8.740043575556044,-15.804544857041694,0.0,4,35077,143815.46489582254,10880.0,82370.2812401317,12,8,9,6
36857.757112442,12631.413931758736,0.0006437432670468608,-10.422809921449538,-18.12352440371216,0.00803685188293457,4,35960,159114.2201873031,11261.0,91049.94803982432,12,8,9,6
53654.06324980297,17841.439808897332,0.0007123665014649115,-20.16620318538543,-30.973186784213308,0.0,4,38180,211698.36952092676,12581.0,121059.57581119926,11,8,8,6
6896.309303712708,1966.3855745333592,0.001798931526867695,-3796.318756841164,-3367.675541856768,0.0020248889923095703,0,346,18942.916320835622,121.0,9787.888755189088,7,8,5,6
6811.426920052306,1948.138499880739,0.001702893345363069,-3536.3455816752066,-4195.283040574506,0.0,0,368,24099.137736543056,134.0,12499.547924213708,8,8,4,6
7003.1503323495035,2036.4060621015437,0.001414273509488923,-3027.085800668696,-3686.7869709020565,0.0,0,386,21710.568274860554,146.0,11446.69105312915,8,8,4,6
9216.372923146635,2618.7633459454064,0.001684485511470219,-3565.328990304731,-4041.32783683043,0.0,0,501,30991.965029609382,159.0,15959.825704886003,9,8,4,6
7115.913755278952,2075.862948006157,0.0013469030123794633,-2724.70905452201,-3789.443410756117,0.0,0,444,28473.555048909464,138.0,15087.785502480256,8,8,3,6
9500.354720559973,2703.3420427352107,0.0016570237380096717,-2594.7905076335314,-3490.171888927189,0.0,0,578,33562.30882109965,195.0,17264.94106830717,9,8,4,6
9523.728304138025,2712.79154030239,0.0016380255412781776,-2595.2949156243963,-3811.3412106676556,0.0,0,588,34886.67484111732,165.0,17956.50761822924,11,8,4,6
8248.298767995693,2384.43364645547,0.0014922020135935442,-2023.8329583492837,-2877.7939279087336,0.008042573928833008,0,622,36195.49947560657,190.0,18971.034845879374,10,8,4,6
9216.019158628169,2657.50311533938,0.001486854582988685,-2090.4643364527788,-3453.196355897304,0.0,0,647,40745.833269811235,175.0,21287.512985278438,10,8,7,6
6382.330556542364,1603.956752035675,0.0016965080033868934,-139.54784991417043,-197.21508268568383,0.002022266387939453,0,1542,31884.932549162946,322.0,13932.756342244178,25,8,6,6
4866.857024230874,1417.4778230887941,0.0018230975450819105,-61.38139047631748,-117.00819946595074,0.0,0,1707,24884.368606907505,374.0,12490.393490506816,23,7,10,5
5035.441031804619,1481.2973392251722,0.0017611242455952561,-46.37978591802364,-91.38587691404267,0.0,0,2038,25598.672312923398,443.0,12881.386892719212,33,7,19,5
5539.803859396182,1574.878435220208,0.001862619228432361,-31.74076456560396,-59.24407212076733,0.0,0,2710,27708.912085295575,598.0,13783.88178061313,23,7,22,5
5382.422453095153,1549.2799305808162,0.0017970062590885395,-26.477708322043416,-50.26415620488638,0.0,0,3030,27665.199125532883,637.0,13833.411838691129,28,7,21,5
8457.303182509857,2174.565376949865,0.0015577795328189723,-37.44955321901599,-56.726897855149616,0.0020186901092529297,0,4014,39573.140683435704,852.0,17664.047287298767,29,8,28,6
8396.79082499524,2114.975574598132,0.0015593206614183395,-27.958289271189685,-39.059871296217494,0.0,0,4449,37334.590992232945,982.0,16152.677537558106,28,8,23,6
4704.962465335379,1360.115878759678,0.00014188294694900312,-2.8542828425930975,-6.936881721483152,0.0020236968994140625,14,6936,27019.125721216667,1512.0,10089.067740595174,26,19,18,16
4767.295496785863,1383.717979111144,0.00014192568232117435,-2.7275004289064553,-6.461099215353978,0.0,14,7135,27530.95175134558,1587.0,10406.76810938656,24,19,22,16
7496.424753245099,2289.2900393307073,0.0002262281188775089,-2.1873347606361606,-4.664342658397476,0.0,8,11984,34279.2252060762,2830.0,14218.384829029126,22,13,19,10
7230.873756957679,2646.0310918600617,0.00028761817465421943,-1.3811902161407854,-5.1890625270543556,0.005021572113037109,7,13656,34242.73491939047,3163.0,18990.91060318963,21,11,16,9
7487.892388332167,2617.745537306536,0.00024343418432675509,-1.1970788981810099,-4.041345001842149,0.0,7,14914,35052.093452428504,3528.0,16154.895124468792,21,12,17,9
8029.973505352439,2994.115104519439,0.0003152335796071686,-1.0527140141269435,-4.270329376897628,0.0020232200622558594,6,16623,37865.86995285658,4155.0,21134.353344885545,19,10,15,8
7532.203347074217,2768.8092885290166,0.00030981837215473407,-0.7404422447807104,-3.428475221648821,0.0,6,17466,37003.08765150115,4179.0,20206.897509988004,19,10,17,8
8352.56750657039,3122.5910406100375,0.0003827227260577333,-0.9941052999765072,-4.188073696578736,0.0,5,18237,40829.08366676889,4470.0,23029.640039508216,18,9,15,7
10328.513704245675,3967.541497345137,0.0004944391721216637,-0.9406153990253989,-3.9070887700298664,0.0,4,22846,47865.59700164378,5951.0,27288.99230866495,16,8,13,6
10984.188237138069,4283.132930610456,0.0004016037630071819,-1.0464816085040494,-4.147376158222127,0.0,5,23417,52738.79403505991,6267.0,29828.501085834272,16,9,13,7
16514.198447567447,6306.460824209939,0.0005549025068768066,-2.3427990702449115,-6.643660117175883,0.0,4,28688,79338.81429178928,8127.0,45412.46762827766,14,8,11,6
40730.84956328434,13758.544958279464,0.0006601844952324897,-12.914683388098437,-21.486760840872034,0.0,4,37318,177777.74817909245,11728.0,101609.4188041967,11,8,8,6
61083.96591398727,20119.62097630879,0.0007611908685036356,-27.1783212101807,-41.18337588784602,0.010027170181274414,4,38333,241091.4016020552,12648.0,137958.14059293212,11,8,8,6
6887.429183777899,1969.8305119970746,0.0017599116624816276,-2586.820659413964,-2978.2132271240616,0.0,0,415,21553.706179181016,137.0,11151.522365047538,8,8,4,6
8232.051980677177,2344.5844156344974,0.0017505087700974207,-2782.776491958492,-3130.4442684253577,0.0,0,479,25765.226249661893,154.0,13275.203035560611,8,8,6,6
8020.096796122061,2269.568901043756,0.001725762073916811,-1515.9727495144375,-2079.2125913250156,0.0,0,673,31871.911960849633,205.0,16254.303133833637,9,8,4,6
8250.406603990414,2387.6467902214604,0.001501349862647304,-2355.188539268108,-3276.591662441258,0.0020248889923095703,0,559,33082.595615729275,171.0,17355.521726146224,9,8,6,6
8413.385019107403,2419.6790402539573,0.0015468408335339013,-2353.0288481967214,-3222.805044636581,0.0,0,575,35021.77914386156,159.0,18267.991558812966,11,8,7,6
9059.611280970172,2615.5701221792974,0.0015059399291918278,-1676.1339970442489,-2430.717910883764,0.0,0,695,37835.67761207434,212.0,19775.033150230112,11,8,6,6
8842.299276836939,2508.128300263222,0.0016245423859329645,-1177.5144828558532,-1806.8569775027224,0.0,0,838,38264.422624065905,233.0,19562.101952559635,11,8,7,6
6436.616919144957,1647.7899600895114,0.0018331567685158808,-567.0447371904902,-690.5869679314164,0.0,0,853,28325.558247496025,229.0,12768.393563485028,13,8,5,6
6458.1447911476835,1690.4681679818657,0.0017643508465066474,-381.64501073491266,-498.8305230995367,0.002019643783569336,0,1055,32074.662064207525,287.0,14849.941617939941,13,8,8,6
5177.075849824338,1472.9096643233972,0.0018807610237883338,-48.920898738064835,-89.3296414641746,0.0,0,2050,26363.740290424394,439.0,13138.855417915947,27,7,20,5
4814.365049200538,1394.8493405893253,0.0001286566640133885,-2.9337168375047353,-7.0949541488127466,0.0,16,6840,25979.296747854773,1549.0,9472.59074256768,26,21,20,18
6809.43298321577,2409.036480186113,0.00025465476868549996,-1.4646540843638425,-5.065795047362559,0.0,8,12855,33358.56184820918,3002.0,17129.31065703342,22,12,18,10
8227.981627270025,2324.341818757817,0.00015907930950472996,-1.4581336344175266,-2.7190242274180862,0.0,8,15748,40534.92957368277,3813.0,16246.459470689151,21,13,18,12
8437.364185965673,3158.646717245667,0.0003228100912695441,-1.2451899830823763,-4.813518126525741,0.0,6,16736,40442.864162558784,4116.0,22599.700924591,19,10,16,8
9069.65561411045,3407.7879352896243,0.00032844220810218904,-1.447112201093581,-5.257843252609067,0.0,6,17341,43736.88694696713,4319.0,24461.33239465511,18,10,15,8
9710.38508505538,3682.771052456138,0.0003372100518142134,-1.357571268874147,-5.065755473754747,0.0,6,18912,46497.13774761613,4761.0,26058.655708648592,18,10,15,8
8392.648837577262,3105.661163897805,0.00036255644345377987,-0.6580492143431416,-3.0559608524460273,0.0,5,19813,38863.9450239716,5011.0,21046.405225703165,18,9,15,7
8752.680440853004,3408.5673385289033,0.0003511168879104916,-0.47382369898715604,-2.835211873249015,0.0,5,22118,42579.11453194368,5824.0,23944.795817718157,17,9,14,7
10465.450054205197,4021.1243716572785,0.0005122628877682395,-1.0936596965031171,-4.3336536765783915,0.0,4,22805,51386.6752056368,5904.0,29334.41893824663,16,8,14,6
12480.99953531437,4792.638108103707,0.0005158847629475334,-1.5609394284077776,-5.357295813395561,0.0,4,23733,57546.114180951,6288.0,32844.57407156864,16,8,13,6
11098.651463620832,4323.2071032331505,0.0004933598063102461,-0.9698561427769052,-4.017374086591457,0.0,4,24561,53926.33981290536,6616.0,30733.32485970731,16,8,12,6
9814.62059200645,3993.4478631723655,0.0004565507213314688,-0.270421967466669,-2.403544278946735,0.0,4,27178,49920.751849137865,7438.0,28376.363461028333,15,8,12,6
11721.79560227059,4817.512900046631,0.00044573143456070707,-0.4170948958437708,-2.5883211065669425,0.0,4,32265,67097.28160273867,9482.0,38094.09609629508,13,8,10,6
20383.150757624415,7646.94052439516,0.0005362477981323942,-2.803903546832831,-6.975550532412499,0.0020177364349365234,4,33359,97520.06745246117,9988.0,55686.35659908946,13,8,10,6
27427.68043189203,9808.558328745592,0.000592587422621552,-5.627636733777143,-11.4200285348205,0.0,4,34468,122996.35040500869,10468.0,70355.81254734242,12,8,9,6
45274.76746611141,15364.56612844525,0.0006943349530371984,-14.76189330548823,-24.292161576335616,0.0,4,36203,177268.2358728814,11502.0,101635.06690703041,11,8,9,6
54790.454675850706,18229.079699753158,0.0007401995735803387,-21.947975140260212,-34.10304216635085,0.0,4,37627,214325.52409835916,11970.0,122819.17780968,11,8,8,6
8203.75793651815,2325.3869246211025,0.0017406173427629346,-2142.104402461022,-2666.432670392219,0.0,0,562,29566.82514420435,170.0,15141.106957662705,9,8,3,6
6210.718750567834,1805.7938172863026,0.001433425034710967,-2244.411646321594,-3278.842229955926,0.008026361465454102,0,482,28621.56003267786,149.0,15100.711505264793,9,8,5,6
10163.504713083285,2960.922054008129,0.0013350272626750433,-1508.1658805172492,-2684.480653745276,0.0,0,772,49342.78201976708,189.0,26090.97918911281,17,8,8,6
7605.859620606181,2027.742139180822,0.0016640610725082315,-307.81178046946934,-473.35646319592337,0.002023458480834961,0,1246,37689.629606914146,286.0,17826.94062170013,19,8,7,6
6762.6485362463545,1714.8764550531075,0.0016704019659046936,-125.02324648123243,-179.22999465931596,0.0,0,1657,33676.75513805771,364.0,14915.37735845719,28,8,17,6
6291.85065486541,1841.2033056943455,0.001708817361151815,-17.68143380146628,-34.243038939385585,0.0,0,4237,28746.665891390945,946.0,14433.105016865207,25,7,23,5
5594.5393901985735,1599.2650624887933,0.0001487699033750857,-2.634261469170917,-5.474651162632171,0.0,13,8250,29580.888461679016,1883.0,10971.094919396966,25,18,22,15
6943.546038698264,2534.3677753312463,0.00028156836783881865,-1.40950018006482,-5.266670202422378,0.0,7,13035,33695.08147921917,3128.0,18643.588094212522,20,11,17,9
6736.607198972777,2393.7143473728984,0.00023047569914178378,-1.0594518183145003,-4.115325227940082,0.008039236068725586,8,13789,33790.282187908684,3228.0,16864.35693423004,21,12,18,10
8318.423561339501,3075.4784992848295,0.00033375521242472655,-1.4433482611330763,-5.15219238034344,0.0,6,15735,38759.81542277181,3819.0,21702.033267912317,19,10,15,8
7263.530776437277,2586.661865422552,0.00023720193800591457,-0.712237536272825,-3.0361972118614826,0.0,7,16552,36185.95063987267,4121.0,17303.87273887155,19,12,16,9
7915.044621333745,2960.0330057918186,0.0003903964521974018,-0.9055893045636432,-3.9798879272845964,0.0,5,17997,40683.84062662784,4491.0,22973.962974336,18,9,16,7
7119.365427982743,2701.553589983829,0.0002832731856952233,-0.3794158450114897,-2.6364687017684023,0.0020215511322021484,6,18844,37947.21834453928,4711.0,20778.38909619915,18,10,15,8
8940.36579564187,3399.9593002289016,0.00037173469052509536,-0.8397191368447485,-3.751219014152948,0.0,5,19825,41886.16727106966,5028.0,23607.265840869615,18,9,15,7
9704.945478577662,3763.682267124177,0.0003883592221450863,-0.8222395102403848,-3.7616024637893695,0.002019643783569336,5,22230,47998.05585326747,5797.0,27114.61198418193,17,9,14,7
8578.41070215196,3138.1342734927584,0.0003074709292206535,-0.23110836027078618,-1.7209836174472897,0.0,5,23529,41855.25064667991,6246.0,19311.216676288008,17,10,14,7
15949.289696321228,6185.730725520204,0.0005203796436580493,-1.6623826539209658,-5.156776773930955,0.0,4,31575,81963.24852724125,9327.0,46779.673684758134,13,8,10,6
32639.729806534888,11475.617786225394,0.0006174167468232842,-7.940483532572875,-14.986435110796046,0.0,4,34339,135889.1100523639,10350.0,77804.88878838101,12,8,9,6
48691.354680149954,16400.780208785152,0.0006895313233540041,-17.250439547456136,-27.939759379353358,0.002024412155151367,4,36122,187800.18326571194,11218.0,107552.9718732023,11,8,9,6
44242.498738846974,14959.975148252082,0.0006635538669029633,-13.644398677560437,-21.83003521844817,0.0,4,37167,176222.24518966625,11865.0,100750.04898796818,11,8,8,6
6809.109795777467,1941.1526088659348,0.0018017449209712546,-3123.775369681261,-3157.4376324126833,0.0,0,374,20389.408368643784,125.0,10524.181926354431,7,8,3,6
6990.400558462,2017.319511916975,0.0015570019948565935,-3358.414558251259,-3383.7714953388813,0.0,0,346,19400.426945136995,116.0,10157.571000508342,9,8,4,6
8737.575766183829,2475.2142018683085,0.0017738978476649395,-3578.24129410033,-3878.941605184269,0.0,0,451,27058.21437468943,153.0,13863.664350680003,9,8,3,6
5023.464692380829,1449.8332124490341,0.0015550950417391105,-2331.1127359060706,-2474.199515578844,0.008023262023925781,0,311,14824.83693780095,110.0,7745.592201397034,9,8,4,6
8226.49825799678,2380.1943966461904,0.0015061009021948234,-2924.2858216097043,-3753.82433898992,0.0,0,503,29904.33413969492,167.0,15699.162190581039,10,8,4,6
4638.996575653488,1287.6493596024998,0.001773575699739183,-67.86084662978216,-116.03631258444925,0.008038997650146484,0,1612,23687.19307719114,359.0,9377.889106485294,21,7,10,5
4711.847765893702,1383.9674778552974,0.0018218651298149986,-65.93364924027975,-129.5840336722772,0.0,0,1613,24084.481573827306,345.0,12108.494003507876,23,7,6,5
4894.633180441493,1419.0257121528812,0.001848408013128325,-48.39988413399262,-91.65828659430376,0.0,0,2038,25205.31038102782,444.0,12622.544862942603,22,7,19,5
5556.584525275173,1568.7210626509504,0.0019319249811599983,-42.94310874981736,-77.06443887049927,0.0,0,2315,26918.37377005765,498.0,13340.156316644876,26,7,21,5
5695.45222708213,1589.593003448846,0.0019282550799921206,-28.99117168573601,-51.427702909486776,0.0,0,2938,29141.813343158312,643.0,14354.550319495931,29,7,21,5
5985.985656259403,1702.7029436493078,0.0018118495608116822,-26.9750631377592,-49.78941266854033,0.002027273178100586,0,3198,28640.73717642542,689.0,14274.814690840445,27,7,27,5
5198.110318673062,1422.5085313177099,0.00013703460356291787,-3.8934840052401434,-7.436933217092754,0.0,14,6687,28109.706765792944,1449.0,10171.099932013349,25,19,20,18
5198.160388476269,1469.763556994845,0.00011632330695283895,-2.8994275788818658,-6.1746358678550495,0.0,15,7436,27351.24507016701,1617.0,9889.63712622058,26,20,24,19
5673.59904374465,1674.0101142517462,0.00016532697457675215,-2.6140776193682984,-5.861939573627141,0.0,12,8457,29521.199279148255,1904.0,11706.840020827494,24,17,21,14
7211.945624621533,2539.946301454093,0.0002897300246972576,-2.0033261454984257,-6.396323380731026,0.0,7,11794,32686.897179711043,2706.0,17246.33603055834,21,11,17,9
7063.980205150608,2283.3852807649746,0.0002046176321622982,-1.6607134187421728,-4.348566626199291,0.0,9,12383,33234.09287297536,2906.0,14424.075807753614,22,14,19,11
7996.753983427142,3001.4369175244246,0.0003134363359976169,-0.9790899050868112,-4.16501428285132,0.0,6,17069,38572.53705246747,4125.0,21534.231155306203,19,10,16,8
8985.178648187184,3358.694365315774,0.00034010492270014804,-1.3207389636887075,-4.916646925778281,0.0,6,17501,41303.419945654256,4249.0,23166.25558914453,19,10,16,8
7724.718358030787,2905.2505471564286,0.00036041584570689985,-0.6192303474634255,-3.2503225686024946,0.0,5,18991,38844.95141284001,4680.0,21860.596102272197,18,9,15,7
7964.690292278489,2808.1643347786603,0.0002694924537040428,-0.5045175409206069,-2.3951262405647546,0.0,6,19542,38695.33422474071,4868.0,16738.19325033255,19,11,16,8
8538.602778342061,3062.3445542364298,0.0003495573376833583,-0.5739691937502749,-2.5140708327030246,0.0,5,20515,39759.02378536326,5255.0,18980.97254649621,18,10,15,7
13661.66005101245,5280.250964724448,0.0005204018235171527,-1.6840104986505975,-5.5835811784098635,0.0,4,25695,64472.162190871735,6843.0,36827.70307152174,15,8,12,6
7740.537073739101,3171.3930725610426,0.00031790680320227326,0.1275355589521615,-1.4237229617977634,0.0,5,26472,43092.163566069634,7174.0,24148.429092348902,16,9,13,7
16095.632980686767,6223.897361627967,0.0005343911417761912,-1.9378606766599544,-5.786416598326782,0.0,4,29395,78025.7562350537,8434.0,44584.64345269451,14,8,11,6
16628.19007252545,6362.167837649908,0.0005281647738736991,-1.9904083313392409,-5.726066204331899,0.008031845092773438,4,31451,85674.20614772142,9274.0,48913.73334184699,13,8,10,6
27323.998639724854,9770.83094375765,0.0006132964062439257,-6.235582990753175,-12.862065764474282,0.0,4,32569,120931.63543528279,9772.0,69299.10925164662,13,8,10,6
40401.00910049728,13856.24902593984,0.0006704503051326061,-12.093278718294979,-20.86090096943356,0.0011196136474609375,4,35711,162386.6880385958,10944.0,93069.42108792654,12,8,9,6
55322.336516978095,18451.26647936633,0.0007024404266644013,-20.38502891528473,-30.865069520364735,0.0,4,37714,204104.3263291586,12205.0,116757.55924802285,11,8,8,6
73127.11792357912,23939.99700896934,0.0008176153023091846,-36.18468481800947,-52.00296281795062,0.0,4,38527,264728.6334109814,12599.0,151507.89290590613,10,8,8,6
7002.2257265814915,1979.5471826812293,0.00190590653343933,-2897.455116622955,-3011.247218590835,0.008040666580200195,0,410,20808.421065002436,128.0,10632.653620446661,7,8,6,6
5627.108593348894,1625.1353498925082,0.0015103141906231215,-3447.0920924941215,-3657.790274868088,0.0,0,308,18628.850633275935,111.0,9772.292261116294,9,8,4,6
8463.16582008221,2400.185855306032,0.0018177051808017832,-3952.938038462791,-3992.581518689088,0.0,0,407,23249.710325722437,140.0,11934.205443189323,9,8,3,6
5991.941182003435,1718.635894551985,0.0017266663092438794,-3113.737326294921,-3244.355123421882,0.0,0,316,16826.327514600634,110.0,8736.204823436376,8,8,3,6
9457.30041427692,2730.437597922621,0.0014632410892961166,-761.8547265619344,-1394.5830911271382,0.0,0,1025,46362.764947672295,260.0,24139.002171501168,13,8,5,6
4196.942399185676,1253.7752777163903,0.0018701157598014805,-93.93185158511535,-171.22721371626233,0.008035421371459961,0,1263,21561.149552222312,319.0,10861.998462206197,16,7,7,5
10109.965089893396,2882.5996852913213,0.001481240241383341,-825.5410343375128,-1432.0216726571898,0.0,0,1024,49297.87672658385,227.0,25378.0097736155,22,8,17,6
5508.602510829953,1578.4012863509224,0.0018431463617932394,-29.586281379626833,-55.3695190116875,0.0,0,2753,27472.979683088724,616.0,13695.700143168782,27,7,20,5
5834.571523222498,1632.5438343982712,0.0019349059929875114,-25.887702287030777,-47.08709372814055,0.00803232192993164,0,3175,29211.477110319523,686.0,14374.02572738043,25,7,20,5
5768.494887302228,1681.4821181413524,0.0017175198790537573,-20.393979235792695,-40.44010415187913,0.0,0,3672,28087.165343417866,764.0,14110.716658851976,29,7,28,5
5854.365530236032,1714.0354746394773,0.0017045621905493096,-14.402826771945042,-29.178802673285745,0.0020246505737304688,0,4396,28659.33292748227,935.0,14396.846344069483,28,7,22,5
6670.935396989781,1855.9932888141393,0.0019202832797663852,-14.919366952121887,-26.146358805212227,0.0,0,4794,32009.44065976438,1079.0,15627.862590322657,26,7,21,5
5990.900118448935,1750.1179698075994,0.0016679455787500482,-9.521589451833814,-19.239290090283202,0.002021312713623047,0,5684,30393.392392953345,1250.0,15262.433209780422,26,7,24,5
5321.991196824066,1678.0793361981914,0.000187370464529925,-2.77344571225735,-7.350476678630107,0.0,11,7727,28186.36471405017,1731.0,12428.778012022824,23,16,19,13
5039.526465456522,1492.5228003352127,0.00016070521975175908,-2.363570131418945,-5.74154484585784,0.0,12,8031,28974.46652337905,1831.0,11557.176111132922,24,17,21,14
5422.648853498489,1818.9899210389397,0.00020360620518900633,-1.9432025969667803,-6.1818585233481365,0.0,10,9249,29666.091090420592,2097.0,13942.401354396537,23,15,19,12
6507.39242487823,2232.815971703558,0.00021438791626636366,-1.5015994944056263,-5.001353779878376,0.0,9,11814,31902.64521770246,2719.0,14929.872790715888,22,14,18,11
7563.840631556685,2785.726741375407,0.0002975772453959726,-1.5518765878360572,-5.868478090624278,0.0,7,14185,38514.732332169115,3365.0,21375.39001903498,20,11,16,9
11380.044709334847,4275.2017559816795,0.0004161741421468681,-2.0532940886185282,-6.571947985574285,0.0,5,19262,52047.366033491795,4849.0,29446.880729876808,17,9,14,7
8749.029840651077,3354.3957548251947,0.0003275666639653841,-0.8440016690232108,-3.8070145866575835,0.002025604248046875,6,19787,44045.38320287895,5018.0,24655.962605253808,18,10,14,8
10768.940376635856,4147.4138251403065,0.000513996498960643,-1.1538783628217075,-4.55946493477383,0.0,4,23167,53398.94521483467,6173.0,30467.64000877792,16,8,13,6
11848.724603789537,4630.741003344073,0.0004997553413518497,-1.14612045177249,-4.393779882916659,0.0,4,24829,56297.05487454628,6689.0,32095.336612157553,16,8,12,6
13627.194973963029,5223.625553730122,0.0005342613600867252,-1.8791491304824626,-6.035704057781943,0.0,4,25738,68190.85942794505,6914.0,38959.707590500024,15,8,12,6
14260.021754031168,5542.705959264817,0.0005248530064670047,-1.6099386975778347,-5.250368099565615,0.0,4,27977,71125.1868040731,7775.0,40603.59361187756,14,8,11,6
19251.10876290554,7246.999577253254,0.0005743177249122915,-3.1506657797105593,-8.156873052895042,0.008033990859985352,4,29306,86647.66488120782,8190.0,49604.717207815265,14,8,11,6
12992.07778562663,5226.802024227738,0.0004941928077008085,-0.8129759668189132,-3.56995327439909,0.0,4,31032,69118.58789977495,8926.0,39405.077810517716,14,8,11,6
17272.05622912417,6644.234437765599,0.000502027579554471,-1.7140747999899628,-4.928492893486949,0.0,4,33646,88213.10477652925,10098.0,50222.78294469186,13,8,10,6
29191.91104835498,10322.400322843805,0.0005876323359637933,-6.419076985207954,-12.285041499275968,0.0,4,34452,128394.49094086548,10597.0,73386.3809117547,12,8,9,6
65531.83924606559,21622.62608418973,0.0007896402971847534,-29.99258528847575,-45.0624171480321,0.0,4,37630,240734.28726775805,12074.0,137988.92453713488,11,8,8,6
74991.20695931933,24521.985454475467,0.0008627678098609695,-38.747134072931516,-56.131911493175885,0.008060455322265625,4,38903,276046.77436239633,12841.0,158214.59122035292,10,8,8,6
6840.53097363382,1949.9921667186084,0.001777424297116232,-2264.5545924775397,-2926.1447555775267,0.0,0,454,24467.356189827573,166.0,12600.981958848519,8,8,4,6
7363.651875773569,2070.9434708384047,0.0017866149914939336,-2425.412327670537,-2886.4795426146384,0.0,0,493,29234.119342191378,172.0,14853.454502502245,10,8,5,6
5377.703409383091,1536.1907119934313,0.0017868449908087294,-2839.96834011369,-2697.0151771595265,0.0,0,325,17322.995281461946,123.0,8967.784587952508,8,8,3,6
6753.654714177154,1954.4026628238403,0.0014908977706201776,-3182.658225279841,-4281.200860834917,0.0,0,412,29610.343575677674,147.0,15567.30999354428,8,8,4,6
8416.153058089474,2419.9806735608295,0.0015646713904405721,-3394.2417115921044,-4633.546879744182,0.0,0,474,32119.233565307557,136.0,16762.183598489435,11,8,3,6
8374.442523527861,2366.848216119498,0.0016544422069796386,-1321.7220947072333,-1993.6725469980345,0.0,0,729,36778.04726233016,208.0,18749.434993117808,10,8,4,6
7918.717798292344,2158.352236065693,0.0017530700009704505,-796.4467460799526,-1115.0265549323503,0.002022266387939453,0,871,34161.5802828291,237.0,16615.716325623303,10,8,6,6
4655.382454107192,1377.352939201415,0.0018502991661106596,-82.05374927716429,-165.69496340062076,0.0,0,1421,22884.288522476854,318.0,11512.109293933725,22,7,8,5
5016.045929606251,1416.6003644904438,0.0019543518683208293,-62.41390002927052,-111.52455921669356,0.0,0,1828,25597.597270378115,373.0,12708.920380631167,26,7,23,5
4840.2877864810125,1452.6865438141754,0.0017496305924157155,-32.45845286813547,-67.02284737839256,0.00804448127746582,0,2379,24659.522467450475,511.0,12436.597271513543,28,7,22,5
5415.3213858949575,1557.7475849085222,0.0017933187806720785,-30.01031517349,-56.957283127353115,0.0,0,2749,27612.87482278465,612.0,13812.637299883805,31,7,24,5
6308.587464385461,1735.3909328209595,0.0019823416349136003,-27.919431797303094,-48.17809983491262,0.0,0,3353,30295.347608092758,712.0,14768.905463645795,31,7,25,5
4295.9182158655085,1264.8773557154507,9.908543079750108e-05,-2.8487483249636405,-7.671001629097859,0.0,20,6202,23270.310367518035,1319.0,8143.01821583468,27,25,24,24
6097.060796416406,1991.965225953479,0.00019339311099857932,-2.1391114236106357,-5.927287717148653,0.0,10,9698,30316.486716664196,2190.0,13721.221892363457,24,15,19,12
5988.816308391864,1826.9441285379437,0.0001723006403499376,-1.7216994252631634,-4.284211954019685,0.008039474487304688,10,10439,31676.080406499732,2367.0,12919.803314813103,23,15,19,12
6772.037816941752,2082.3621917074197,0.00021901544553342876,-1.793255388269328,-4.316615576903019,0.0,8,11830,33571.66232327901,2729.0,13955.98841791237,22,13,19,10
6250.872740433275,2245.9506333579307,0.00022468055397463184,-1.0370941818454154,-4.206676736190107,0.002019166946411133,9,12985,33087.12510450327,3083.0,16824.269330878058,21,13,19,11
7542.828621342213,2804.6889669621164,0.00033034100251991483,-1.1029548106147349,-4.480891871791839,0.0,6,15670,36692.269032471144,3740.0,20518.835640515463,19,10,16,8
7021.0165019345695,2485.6455004128543,0.0002458706193210248,-0.7295902855099599,-3.0809088232994277,0.0,7,16052,35711.04867402512,3959.0,16977.70073468786,20,12,16,9
9365.904302184486,3574.698585589987,0.00039589069458009296,-1.0662337159924316,-4.3934466821934635,0.008037328720092773,5,20002,46397.08356303394,5186.0,26197.829327239015,17,9,14,7
13675.69080892857,5288.740970946803,0.0005264734945537323,-1.687259695065626,-5.5053515997470965,0.0,4,25756,64598.02315767842,7047.0,36899.571572590794,15,8,12,6
12656.147673662073,4959.181218770466,0.0005181092986036041,-1.2297415302335808,-4.523687544071757,0.002026796340942383,4,26328,62000.21535245664,7282.0,35380.312042873746,15,8,12,6
21829.836932643535,8000.2077871270785,0.0006041805485264867,-4.151887644844211,-9.65648998879291,0.0,4,31810,105471.94168670337,9530.0,60471.77046550496,13,8,10,6
43596.61676333258,14794.8833264806,0.0006547749722460315,-13.607906779327516,-22.430040895915248,0.0,4,36518,173567.38632426425,11384.0,99283.22315045222,11,8,8,6
6265.1384763557535,1801.9425752060765,0.0016581318635096743,-2852.969504536033,-3069.19908746615,0.0,0,356,19100.889637012668,128.0,9953.415734849226,8,8,4,6
6609.222058992953,1913.290680447172,0.0014741459125418117,-3902.5436829746627,-4460.845059256673,0.0,0,343,22778.619079521268,114.0,11983.980785654207,10,8,5,6
8100.8236198724235,2344.2651346106104,0.0015089266832215452,-3977.8336774071317,-4527.12919086137,0.0020227432250976562,0,387,25042.917966724868,124.0,13153.197485841447,8,8,3,6
8089.886182819976,2305.912328867653,0.001706414257103923,-2619.011528877257,-3136.9199553621133,0.0,0,487,28376.41902419481,166.0,14640.824905764232,9,8,4,6
9124.414378107656,2620.5113891830606,0.0015884213498562458,-5104.489689731445,-6350.97516271521,0.0,0,397,30779.981212838567,130.0,16040.644572364843,9,8,5,6
8680.317841612776,2450.8664201122106,0.0017280689480106734,-2241.4213845991094,-2800.6261627384706,0.0,0,592,31835.72111520215,191.0,16225.673197863005,9,8,5,6
8412.071423651429,2433.677559033892,0.00150401504723459,-2140.3087351634554,-3182.9186832094188,0.0,0,590,34719.384602921,177.0,18193.365899821954,10,8,3,6
7114.646068330099,1909.8546321480158,0.0018512256825765794,-767.2114484439816,-1044.004709513738,0.008031368255615234,0,808,29642.640163343072,216.0,14170.890769155201,10,8,5,6
8226.788382182332,2292.0125480668603,0.0016578592287169783,-1529.2967213410475,-2331.424303810497,0.0,0,678,38753.815580107046,191.0,19454.43264820284,9,8,5,6
6116.070909300201,1555.5677640831934,0.0018196982347451797,-362.10901236482874,-440.8893298445689,0.0,0,989,28371.154935595463,259.0,12662.731991104163,13,8,4,6
4502.817706243425,1298.4224484850092,0.001935340934143328,-87.37035747807508,-155.94453325356287,0.0020341873168945312,0,1340,23079.60559187074,327.0,11546.433840371672,14,7,6,5
7201.407071783492,1877.4644057321407,0.0016767541119896688,-240.97476927109219,-364.6523631745245,0.008059263229370117,0,1279,35586.076741640565,280.0,16369.505977013061,23,8,15,6
6449.892768095743,1764.4304351353467,0.0020139164994547403,-14.590212176454896,-25.146534715479767,0.0,0,4779,32467.485230667713,1062.0,15596.224156656514,24,7,21,5
7369.295794194558,2031.0457720767133,0.0019476199201560105,-14.917206745879973,-25.597058838526163,0.0,0,5324,32880.781490274574,1171.0,15934.9417165841,28,7,22,5
5191.930817315066,1603.1765778192444,0.00016173876349635409,-1.8273799918623257,-4.972398926137625,0.0,12,9000,29025.60809217128,1993.0,11962.1231470934,23,17,22,14
6419.04045953644,1895.3569091401207,0.00019210129577104825,-2.8592763936601537,-5.8051066247403496,0.0,10,9252,31076.440442074658,2100.0,12456.17894034804,24,15,21,12
5892.838357996179,1747.6434759547494,0.00017080737662326947,-1.484087783044599,-3.6122293254810574,0.0,10,11258,32830.227066792715,2569.0,12751.88281046219,23,15,20,12
5908.228513213951,1918.7025517276315,0.00020080360598989725,-1.2520372672303717,-3.9092524490325173,0.0,9,11846,32554.07242788454,2757.0,14252.310191740371,22,14,18,11
6532.5601487223785,2258.1456636619064,0.000262021754439659,-1.16792039151821,-4.233723835435831,0.002023935317993164,7,13460,33691.35905134468,3176.0,15886.642510312806,21,12,16,9
9030.141907449744,3364.4965695941205,0.00033333946234153755,-1.5841559744176528,-5.6837981849498425,0.0,6,16579,42072.349272475985,4017.0,23535.35459909821,19,10,16,8
10096.525047929717,3758.2600596677694,0.0004227467147610942,-1.914583228094688,-6.376785110906943,1.52587890625e-05,5,17904,47296.9401970769,4411.0,26771.24887401001,18,9,15,7
8995.908098716776,3376.7712357185806,0.0003924835168012819,-1.140474771544696,-4.452015782950857,0.0,5,18505,41836.02470767078,4527.0,23624.736040041884,18,9,15,7
11143.158382094209,4188.596226729046,0.0004337553637868586,-1.948707219300394,-6.481345596585175,0.0,5,20198,54963.46589116187,5144.0,31141.33034979993,17,9,13,7
10638.542845792143,4125.396205699555,0.00040951044678935543,-1.101797509054721,-4.377306657534306,0.0,5,22563,51620.18323127339,5883.0,29224.678361700237,16,9,13,7
8770.790250197235,3477.0056120700824,0.0003452435761882093,-0.38524585819171087,-2.7192165679984086,0.0,5,23376,46081.09553510294,6116.0,25888.277121362684,16,9,13,7
18044.583119643754,6792.682163275448,0.0005861860268268344,-3.1286667777390686,-8.275396366139606,0.0,4,27905,83509.14532274468,7936.0,47854.18587144655,14,8,11,6
14112.379372450636,5594.0849220357,0.0005047651973859638,-1.2414424942294882,-4.406554881113693,0.0,4,29048,68214.94991056205,8325.0,38915.33982873494,14,8,11,6
27488.091534009443,9786.462167152902,0.0006328244752310053,-6.458360692017482,-13.213574082330481,0.0020241737365722656,4,32932,124503.12608599366,9739.0,71364.1863230732,13,8,9,6
43442.355549335894,14778.207660372722,0.0006783975915821284,-14.093964478600386,-23.63616470171536,0.0,4,35447,172087.10130979243,10947.0,98626.86894070561,12,8,9,6
5037.229532881663,1454.1615685914478,0.0014879451006221723,-3742.1391861723414,-4025.5465656459232,0.0,0,242,15307.52090663699,97.0,8019.593973156858,9,8,3,6
5911.458852792386,1703.3159838821914,0.001585294808287618,-3539.9207083475253,-3876.7200084954134,0.008018732070922852,0,347,19700.166732239733,115.0,10304.969510685602,7,8,3,6
5561.289120972054,1584.2236716185512,0.001827444055213592,-3208.0883348255074,-3313.024930784577,0.0,0,307,17635.294074709698,104.0,9106.941728544538,7,8,5,6
8488.36916177501,2440.07884016363,0.0015636045092927374,-3122.5982655975354,-4292.674491343065,0.0,0,505,33615.96500254361,162.0,17524.626162474022,10,8,3,6
8411.471331573182,2456.4902871682775,0.0013493549714005584,-1646.967704094979,-2792.703948701703,0.0,0,654,40870.78511160928,171.0,21649.66223884536,12,8,3,6
6346.254620465143,1794.082675977508,0.0018610986283793913,-23.789529756677403,-44.30454292414259,0.0020186901092529297,0,3538,29234.00669534204,766.0,14488.195249890916,28,7,25,5
7226.219947155518,1946.4779952080667,0.0021210701062734805,-18.712974095015813,-30.33618145412282,0.0,0,4637,31870.881794542314,998.0,15005.798725745146,26,7,23,5
7573.809291940326,2024.7730971696164,0.0021545770499067744,-14.763543148195998,-23.603856003491273,0.0,0,5456,32687.179159482326,1219.0,15086.671225097416,25,7,22,5
5803.401683414772,2015.6656219749461,0.0002075606493474121,-2.2920704695686225,-7.3722593005811845,0.008056640625,10,9027,28839.17063408501,2066.0,14148.085260961554,24,14,19,12
5943.417958928604,2056.2859389612954,0.0002337321038485756,-1.9326083773852711,-6.324116314196785,0.0,9,10114,30300.923428736998,2309.0,14819.605798225202,23,13,20,11
6239.347932603989,2210.009083274016,0.00022281159325536964,-1.641219121426703,-5.768817690922979,0.0020220279693603516,9,10802,30887.238065224126,2498.0,15619.683212402786,22,13,20,11
8300.809010608322,3069.7299810658997,0.0003410724289776022,-1.5809251571232652,-5.656017489980112,0.0,6,15587,41386.43300572124,3824.0,23159.752547764045,19,10,15,8
10592.247786442314,3958.8859763528644,0.0004318528309945666,-1.9736439031176043,-6.450089803593413,0.002024412155151367,5,18780,50807.62952802199,4735.0,28773.143152675737,17,9,14,7
12664.106672509484,4880.40909940874,0.0005259781881472198,-1.5761931228387667,-5.339269760413849,0.0,4,24250,59103.95824580007,6508.0,33770.707601065136,16,8,13,6
10119.330591061766,4071.8142663108797,0.0004570717234247717,-0.4376802684894505,-2.719960234414935,0.0,4,25914,49003.80224129231,7011.0,27874.689136859357,15,8,12,6
21162.692397205556,7766.237189398061,0.0005954864168554983,-4.489084649388888,-10.86443240355362,0.008020877838134766,4,28692,97284.98761312867,8033.0,55733.24237463236,14,8,11,6
23243.889629228717,8445.59899506339,0.0006152503492744983,-5.096179217093289,-11.557449678577353,0.0,4,30522,106870.74019454414,8794.0,61266.49999677166,13,8,10,6
5718.706365727236,1651.5510567741142,0.0015366439715533572,-3097.526387347301,-3341.286006535142,0.008038520812988281,0,298,16051.30080239401,118.0,8398.793691445888,7,8,4,6
6754.569525217816,1945.821026893556,0.0016230424820938723,-2831.081755378427,-3173.2620061717666,0.0,0,366,20256.75067855797,145.0,10573.966852965379,7,8,4,6
7502.106086702433,2146.286468227111,0.0016786907320308197,-4231.77488884983,-4121.373124186504,0.0,0,374,23910.93323682691,137.0,12426.851413292286,8,8,5,6
7713.81565155504,2155.8871533609495,0.0018974757232683452,-2378.928917190869,-2822.056183153737,0.0,0,492,25306.376811962626,158.0,12752.49444847124,8,8,4,6
7359.765922508648,1985.122461888834,0.0019371445288889233,-1313.7413673342544,-1475.126555144018,0.0,0,653,26536.448707829488,196.0,12788.993449555339,8,8,4,6
8245.78181333158,2405.165507481298,0.0013394465581128606,-3513.8297598400322,-4993.779936834514,0.0,0,434,33546.11933094298,151.0,17792.15761053974,12,8,4,6
6065.679944774105,1600.1566490520402,0.0018360164764236236,-836.5246385732975,-1070.3302724429032,0.0,0,706,29776.556233088893,226.0,13961.07977628,8,8,4,6
9107.433534016875,2513.358240737899,0.001713600379613017,-1061.2630696145172,-1514.7089320774155,0.0,0,861,35994.29515176301,227.0,17807.716331272553,14,8,6,6
4047.834690168659,1198.1173352864078,0.001931153889110405,-128.08238610017247,-232.2398132177445,0.008023738861083984,0,1139,20696.655827188155,292.0,10410.156478599441,14,7,6,5
4365.647242741236,1289.6106870855847,0.001875275203743871,-83.55857842554107,-159.08947379733308,0.0,0,1373,22400.595376581252,313.0,11263.63527397193,19,7,11,5
5084.4919948186935,1422.6946727786994,0.0020123541012435657,-55.816583774475525,-99.00557868947514,0.0,0,1906,26127.26060170244,421.0,12885.997166889094,22,7,22,5
5284.012657099188,1488.1473401238202,0.0019345240665160242,-46.76855604385366,-84.47355193358449,0.0020263195037841797,0,2100,26938.950455026803,447.0,13347.192960433193,29,7,25,5
4844.916984526345,1363.352774451963,0.00011572777905165093,-2.887088019120365,-6.349107863013032,0.0,16,6876,26441.319182932908,1516.0,9378.153066240931,27,21,22,20
5120.82240999662,1560.301871696458,0.00016169694576080595,-2.4043847577647544,-6.149902158588388,0.0,13,7770,27631.970457413685,1785.0,11371.431057889888,23,18,21,15
5671.050759030839,1922.8772004616433,0.00020718011042293496,-2.161496857102423,-6.839239298943583,0.008020877838134766,10,9017,29084.506435964828,2033.0,13848.386793287966,23,15,18,12
6176.986710791884,2193.527727207414,0.0002643827612624205,-1.8213954371167724,-6.295606093430053,0.0,8,10660,31319.86046658184,2470.0,16875.09579341909,22,12,19,10
7364.35454647427,2680.6697478083893,0.0003178583755604516,-1.9326883702891489,-6.802790558572371,0.0020258426666259766,7,13030,38335.21517674631,3062.0,21329.36471996823,21,11,16,9
7493.647150315239,2748.0515411987903,0.0003359105297367665,-1.4177330626775753,-5.298870527113776,0.0,6,14508,36305.29407984154,3437.0,20300.15697032043,19,10,16,8
8283.075440227867,3057.713903025326,0.00033747870669331736,-1.4455376686138766,-5.243634017139176,0.002016782760620117,6,15745,39019.534050525355,3803.0,21833.869615695476,19,10,17,8
7228.918429087809,2611.5786073980667,0.0002131215034708745,-0.37709416397270634,-2.210793339033426,0.0,7,18602,36919.41344956957,4649.0,16149.303247139273,19,12,16,9
9091.506838212876,3495.7162372413054,0.00032189558239873947,-0.9654221621174357,-4.077071075356245,0.0,6,19215,43846.65631358879,4841.0,24502.350954786263,18,10,15,8
9507.623191838693,3654.6266018156407,0.00048158245434255407,-0.7994459764762998,-3.6105748467324617,0.0,4,21739,45032.29105891997,5679.0,25641.473052615365,16,8,14,6
10963.597210180551,4331.566380978951,0.0005040682469199807,-0.8232546826114253,-3.7437380229442816,0.0,4,26005,56503.53844189574,7076.0,32253.113870944217,15,8,12,6
18047.48955290512,6812.642633705941,0.0005795175583023962,-2.999660468300806,-8.058025911661122,0.008027076721191406,4,27978,82182.55006661463,7752.0,47068.52145953529,14,8,11,6
21132.920351377048,7902.609285595573,0.0005494419089313624,-3.003303446574508,-7.095920621149816,0.0,4,33007,97172.40839597043,9949.0,55522.78271950912,12,8,10,6
37840.362597672996,13109.39824332908,0.0006728416593562939,-11.094345259403909,-19.790847319037013,0.0,4,34037,149684.310492635,10315.0,85894.6859719734,12,8,10,6
30746.16766378176,10865.339208376092,0.0006096267703144425,-6.8213606727043565,-12.975360937062936,0.008072376251220703,4,34817,130447.45454157496,10739.0,74606.54493584318,12,8,9,6
6583.284247447441,1891.4495420156652,0.001703762889571189,-2632.193168781152,-3208.7571235029127,0.0,0,382,19581.095178627827,127.0,10178.091550721692,8,8,4,6
7676.486916251169,2160.5107856340705,0.0019325279970405554,-2787.606665073781,-2995.2838258926754,0.0,0,417,22014.083108248666,157.0,11169.425811277004,8,8,4,6
7364.237880513706,2061.087068087106,0.0019179563889517013,-2013.909681625645,-2410.5056045016318,0.0,0,515,24205.311507730657,167.0,12212.564293408832,9,8,5,6
8864.69037449912,2485.0058458531244,0.001707958415746105,-1855.4854933844715,-2527.6147725090855,0.0,0,655,34796.67153424209,196.0,17583.312275485478,9,8,5,6
9140.637950367862,2609.3321856813636,0.001594063669914798,-1883.9189726002865,-2858.7666022146136,0.0020253658294677734,0,674,37632.64222383104,185.0,19416.31734896334,12,8,5,6
8133.753456161231,2315.2926621927845,0.0015948240842290845,-1060.9537072813373,-1810.3168396855378,0.008006811141967773,0,818,39809.6933912646,194.0,20417.136444375006,14,8,5,6
4866.202560537841,1420.9551595727146,0.0018254254717628823,-49.45065662177133,-95.25890674363947,0.0,0,1958,24911.67416925512,416.0,12501.764717536971,26,7,25,5
5104.19258969472,1462.0659146221005,0.0018678377403074265,-37.95071379203033,-70.39355592162649,0.0020225048065185547,0,2280,26219.56611603417,496.0,13083.542516309437,25,7,19,5
5130.179185499637,1493.7741886642275,0.0017994973479107065,-30.176380882678608,-60.783187856728816,0.008025407791137695,0,2598,26135.062229917017,553.0,13106.257250367638,28,7,20,5
5733.917949257445,1669.096045936168,0.0017632246868978004,-26.62391411157508,-52.308314366589805,0.0,0,3118,27206.74584904669,685.0,13648.095813394833,25,7,24,5
6825.787084938435,1826.3225871173029,0.0021767958412381955,-19.645379479495364,-31.945337618331166,0.0,0,4227,31149.599185289113,902.0,14531.65099733544,26,7,22,5
7967.64043550815,1974.2285276762648,0.0015703256465444577,-21.534984384852756,-29.269679154318432,0.008049249649047852,0,4889,35222.80019343183,1078.0,14850.521419388962,27,8,23,6
7333.5517064286805,2035.1614833413362,0.0019067331622496838,-13.841478513226017,-24.140436741198513,0.0,0,5476,32626.162489338683,1190.0,15920.68524754951,28,7,24,5
6071.319656021572,1676.8904707063928,0.00016182171296522352,-3.27683500465022,-6.0209019141985385,0.0,11,8239,30600.704273348725,1803.0,10787.789401836464,24,16,20,15
5507.147760368597,1983.8871119966718,0.00023986414036909854,-1.7385422425213588,-6.431122598514898,0.0,9,9710,29872.461285517875,2249.0,16244.397503537584,23,13,19,11
7074.050348573059,2183.574863416095,0.00020667927854173393,-1.1608296033022039,-2.995331642948046,0.0,8,14138,35329.88722994594,3339.0,14217.809575429268,21,13,17,10
7756.347208222643,2863.901101519709,0.0003044071905427948,-0.8770363015739027,-3.7215217960601574,0.0,6,16779,36040.55005965404,4056.0,19614.130647997255,19,10,15,8
9824.17304897473,3678.884791192864,0.00041532766948904645,-1.6770142882896293,-5.706305907896985,0.0,5,17790,43363.76778304102,4405.0,24510.851469255038,18,9,15,7
10325.355279782452,3848.1087202135345,0.0004282475287544752,-1.997751121092779,-6.522900933712652,0.0,5,18285,49338.883324781214,4516.0,27918.36220401255,18,9,15,7
9222.302939802928,3523.10545877045,0.00040370956774773476,-0.9866375370985074,-4.063352244514737,0.0,5,19998,45021.250889265255,5233.0,25450.65070370725,17,9,14,7
9830.69097276836,3791.215637334363,0.000516958828212714,-0.9029260712604068,-3.8535927748731824,0.0,4,22524,48915.626426253926,5952.0,27928.85255991357,16,8,13,6
17042.486337894275,6422.107717328647,0.0005811834502630721,-3.0386697989326183,-8.120948868551968,0.002019643783569336,4,26075,76768.42305143202,7238.0,43940.57506001895,14,8,12,6
15478.681106794209,5963.512763948926,0.000578440653544836,-2.091340745001838,-6.248203041505136,0.0,4,27082,71276.31804360064,7494.0,40815.74890153884,14,8,12,6
14324.956078663581,5562.132530785318,0.000549269205349277,-1.6669314963850312,-5.303925101095723,0.0,4,27563,70369.59789739529,7825.0,40221.96893336999,14,8,11,6
19220.23952489586,7091.4518527701875,0.0006159907384514147,-3.879344703919277,-9.542743508750387,0.008046150207519531,4,28637,93236.14562438689,8096.0,53462.56948188573,14,8,11,6
20594.69538246623,7664.563321342377,0.0005780579727106473,-3.5106533444304535,-8.610085102485005,0.0,4,30315,94091.63718460807,8810.0,53839.23241692784,13,8,10,6
32315.328871888207,11310.845357846401,0.0006684164611299382,-8.835721505233288,-16.60522541473167,0.0,4,33087,137397.6381148861,9882.0,78856.07746442966,12,8,9,6
34780.31960431179,12117.689117044803,0.0006386222175970288,-8.96383753467619,-15.90642952400157,0.0,4,34981,142193.20769641554,10925.0,81464.74680261273,12,8,9,6
45558.809858972025,15406.093583514468,0.0007171446769910457,-15.729268371269782,-25.6255682651902,0.002030611038208008,4,35689,179775.01068322585,11266.0,103146.4195758733,11,8,9,6
63791.29105993394,21045.592310220378,0.0007739626799452245,-28.494863272339508,-42.78390928641893,0.0,4,37957,238956.85731470038,12319.0,136807.76693177532,11,8,8,6
58356.301358935285,19257.24095042865,0.0007022155724751453,-22.11636549960931,-31.953593785157345,0.0,4,38958,218789.06490053446,12907.0,124702.35414232808,10,8,8,6
4882.476577783459,1417.2274398514685,0.001365639444343253,-2195.939490580714,-2591.9123661951776,0.0,0,316,13492.565579116093,98.0,7080.243527844927,9,8,5,6
7285.799230692674,2035.089860403058,0.001955294827903991,-2656.4887166044296,-2899.92058169639,0.0,0,430,22986.676955604304,149.0,11575.40658101179,8,8,4,6
4946.358072560953,1425.7131378775653,0.0015254029638167837,-2868.9158955147964,-2960.978800024325,0.0,0,284,14431.575627954531,99.0,7545.242021740876,7,8,5,6
8276.348134596747,2329.6531557869125,0.0017593162985107373,-2453.643740901246,-2995.0274223335487,0.0,0,527,30494.712804017927,164.0,15509.205130332812,9,8,4,6
4881.849955676998,1168.442622052164,0.0019731163870447942,-324.34493461015336,-343.39000585122403,0.008024215698242188,0,849,21018.640114099297,247.0,8600.286848940978,13,8,4,6
4799.731476061196,1187.2271936986676,0.0018429745345185029,-152.14865609339935,-193.05500067226257,0.0,0,1130,23128.304671473405,276.0,9018.216940684168,16,7,6,6
4572.050215739607,1287.2024716387027,0.002049677162013499,-101.30791919113355,-170.1389445522501,0.0020248889923095703,0,1327,23406.697093312323,323.0,11605.198143696398,14,7,5,5
5524.865421116742,1508.8119337759877,0.002147476589606167,-43.25902925925152,-73.30465613187023,0.0,0,2377,27630.678619034326,515.0,13326.418872971793,22,7,14,5
5691.685217699643,1567.819585578911,0.002026231595294918,-29.96778239123254,-52.0765301509678,0.0,0,2896,29147.94387406241,628.0,14195.269484359305,26,7,22,5
11160.44067959905,3068.693845818934,0.0014730086522020682,-45.821332132182306,-78.70227007641348,0.008020401000976562,0,4736,51730.2059958656,1035.0,25103.983289422293,30,8,25,6
6765.278642579358,1812.3910919055238,0.002137413051982838,-12.063403401309314,-19.543491900032024,0.0,0,5616,32823.25179381855,1227.0,15238.991221096549,26,7,21,5
4859.27140468922,1378.5574555687897,0.000128755020525191,-3.6965066829543307,-8.267453117659949,0.0,16,6199,25374.588623363485,1345.0,8731.343907336784,26,21,18,18
5466.800658235246,1524.2375308943597,0.00011806578259792313,-2.958049648099932,-5.824733901376992,0.0,14,7632,28165.11139055571,1729.0,10550.574746190934,25,19,22,18
4994.219541387035,1472.3290647813906,0.00016125278175715334,-2.102298613962739,-5.121093436137393,0.0,12,8386,29127.905004205397,1899.0,11391.583121079611,24,17,19,14
6365.837359125634,1924.577696904988,0.00019733093020433688,-1.5044066845669875,-3.5961432148966717,0.008032560348510742,9,11940,33430.234553505616,2808.0,13526.479640555011,23,14,18,11
8991.213767551299,3301.3936640475486,0.00036219419701491706,-2.287126082500468,-7.379635486554273,0.0,6,14632,42005.566253968755,3506.0,23560.307605898663,19,10,16,8
7235.28341706122,2525.2459084738757,0.000288289972304212,-0.7342748393954448,-2.8878192239188993,0.0020258426666259766,6,16915,36750.150606509305,4306.0,16571.85999230467,19,11,16,8
11063.708916205414,4217.792936283706,0.0005382136017892433,-1.5262749186251097,-5.304010315514721,0.0,4,21871,53589.900736380354,5694.0,30630.892270047552,16,8,14,6
12908.964984235961,4884.074469490521,0.0005613549542911553,-2.0808775480919888,-6.512308612522888,0.0,4,22905,61102.14256040373,6080.0,34948.248142250726,16,8,12,6
12162.737615739292,4667.988634597289,0.0005535550324515538,-1.5909260876805909,-5.56946651951519,0.0,4,24383,62509.89943091217,6567.0,35741.12865734447,16,8,12,6
17897.25182403196,6723.469857187386,0.0005810191993852956,-3.2045139051892377,-8.35322541607331,0.0,4,27042,81680.57803458312,7568.0,46737.80759442787,14,8,11,6
19275.853745380275,7220.574021118362,0.0006000573334398212,-3.383903468011564,-8.510003908125107,0.008042335510253906,4,28707,87116.8005360079,8162.0,49939.056411839,14,8,11,6
12878.931755383659,5139.821166927997,0.0005044352267440927,-0.9212741879213984,-3.835286424492974,0.0,4,30668,70550.11240880786,8936.0,40236.53136615851,14,8,11,6
30859.04320980023,10839.498777386623,0.000668607853133097,-8.547724279125424,-16.59384949533542,0.0,4,32087,132904.47016571913,9488.0,76281.98424007048,12,8,9,6
30976.446222414925,10862.01235916161,0.0006446688341174356,-8.141626331728196,-15.621564348358739,0.0,4,33189,134685.42153124584,10034.0,77205.65061020464,12,8,9,6
35775.71478461751,12277.644512053876,0.0005917725195726051,-8.948824769088755,-15.261085706446654,0.0,4,37052,152442.40843333516,11685.0,86895.60357002082,11,8,9,6
59165.51475057341,19581.246424861987,0.0007498048941744452,-24.202876541027337,-36.68853844086537,0.0020301342010498047,4,37993,224738.90584392342,12436.0,128613.60487806116,11,8,8,6
73609.06811433496,23991.34802853639,0.0008762525752917155,-39.389584519528576,-56.3465629625989,0.0,4,39202,282142.2672525619,12991.0,161505.98156956327,10,8,8,6
6566.420689384195,1875.7633901388722,0.0018065328065843104,-3084.4742785606213,-3180.6624858632076,0.0,0,353,18976.653035428775,140.0,9801.97193957349,8,8,4,6
7235.267746410064,2036.8235343426602,0.0018634205529620234,-3463.38236344111,-3860.7676591418126,0.0,0,382,24476.813065603572,125.0,12463.876335587527,9,8,3,6
7729.090922507166,2122.7038610317495,0.0019252816078634783,-2097.3244448532514,-2220.042273934895,0.008043050765991211,0,538,26319.394787128796,177.0,12999.806728782605,9,8,3,6
6137.66465585499,1584.9758868941929,0.0020248662651111515,-1268.8009587403317,-1266.3451893017143,0.0,0,548,23142.141045820255,179.0,10604.318586542104,9,8,4,6
8579.677150563273,2482.1057095650704,0.0015099383841319528,-2439.1912834892696,-3749.525968577201,0.008018732070922852,0,535,33188.54402816418,162.0,17396.294558489142,13,8,4,6
8058.319587952983,2236.9629836008335,0.001769130892270313,-1628.532450856409,-2104.7203657612376,0.0,0,639,32617.951950019946,197.0,16294.927395268867,11,8,4,6
9948.277794429423,2830.1331389056413,0.001577195222702324,-1244.0433976602174,-1940.373651140994,0.0020265579223632812,0,840,41099.107296870076,215.0,21080.633715103264,14,8,5,6
4040.730793727399,1196.856183319451,0.0019310962307184584,-119.45113824042144,-219.73504936121995,0.0,0,1152,20696.655827188155,289.0,10410.156478599441,13,7,6,5
4526.993164642755,1329.9462408637226,0.0019298926219305662,-112.60585019521402,-207.87549971603892,0.0,0,1233,21465.02402103,291.0,10780.095832441071,19,7,6,5
5213.4741259800585,1466.281524443984,0.0020387598934052563,-90.22180743180547,-154.47920039244113,0.008020162582397461,0,1533,24081.158787288034,339.0,11925.348222104556,21,7,21,5
4856.86375706354,1374.465990805676,0.0019799521482671643,-88.96137355318139,-156.6392133230009,0.0,0,1436,24306.652205842052,317.0,12086.041934152738,20,7,5,5
7463.144075217784,1961.9403667660135,0.0016529188606889927,-164.41706392757257,-257.51059012752955,0.0020270347595214844,0,1633,37129.07670429692,354.0,17199.236205723522,25,8,24,6
5343.705661697684,1352.5215892732958,0.001689407484699755,-31.632307360665195,-46.47102104763527,0.0,0,2703,27335.505333359197,583.0,10562.458280656218,28,7,21,6
6723.702220769092,1804.2017063614762,0.002158415412765056,-28.246239007707846,-46.0343666240949,0.0020227432250976562,0,3562,30128.536415358125,756.0,14258.21359689266,29,7,24,5
6256.326185796423,1783.5875346240587,0.0018224415279324926,-17.862488257431362,-33.12480391995275,0.0,0,4024,29548.113584333118,892.0,14683.08310728069,28,7,26,5
3786.60525768807,1134.61710102009,9.978648543838338e-05,-2.8419453343867205,-9.007724379885802,0.0,22,5785,20317.61016687371,1314.0,6806.599969413684,25,27,23,26
4884.913093254814,1538.9057123417044,0.00018195078748618366,-2.705312771109194,-7.426470972956539,0.0,12,7245,27251.57423559205,1627.0,11993.962943545012,24,17,21,14
5698.222427647169,1947.1011390984775,0.00021075068518907123,-2.138090695916722,-6.731182391433536,0.0,10,9089,28919.394681076312,2068.0,13807.844181191736,24,15,18,12
6207.871066631104,2162.188640273504,0.0002263727899929847,-1.8863197490981123,-5.982940922941291,0.0020225048065185547,9,10484,30340.328792210938,2365.0,14779.912020701871,22,13,18,11
6594.785635150314,2441.179507355565,0.0002889379541225883,-1.1584063474117414,-4.863933746668858,0.0,7,13367,33493.10021064506,3135.0,18549.642254819562,20,11,16,9
9303.292859783014,3432.3825881351318,0.0003621703775256001,-2.2344691180808938,-7.260297429428652,0.0,6,15346,44167.49747493947,3743.0,24774.78430469791,18,10,15,8
11607.80999067855,4337.231252130787,0.0004251936228556578,-2.2928000773487662,-7.167907569668156,0.0,5,19047,52103.332666340386,4895.0,29508.71755404756,17,9,14,7
11130.100534840514,4198.398500462692,0.0005360867722608385,-1.6956854530069876,-5.702625450447565,0.0,4,20702,51322.26640718682,5302.0,29291.005448039534,17,8,13,6
15074.402694010656,5750.992137944511,0.0005634932637595494,-2.3261385084427455,-6.859076166634888,0.0,4,25525,69643.80523148156,6920.0,39846.280965373706,15,8,12,6
14967.28064308986,5743.052179732061,0.0005523447253731994,-2.0377043073144527,-6.18180785833971,0.0,4,27011,72357.9556620483,7601.0,41380.09210772088,14,8,11,6
17296.637414183802,6573.006990873117,0.0005673766970705024,-2.451752240039982,-6.761459954975737,0.0020236968994140625,4,29564,83461.68042399222,8551.0,47751.42084259895,14,8,11,6
24976.121506656196,8962.28833890806,0.000603063374165629,-5.4618364613389625,-11.440264207521752,0.0,4,32052,115279.27073004021,9576.0,65965.69392310074,13,8,10,6
42808.29224037637,14645.997201348117,0.0007133780406680683,-14.332259618261952,-24.88300599757878,0.0,4,34192,166303.38167941972,10426.0,95517.05140794069,12,8,9,6
43673.78882335125,14824.66358956023,0.0007183908759085582,-14.443815036781361,-23.95440513139617,0.0,4,35739,174951.11090767093,11179.0,100404.49923530826,12,8,9,6
67629.27388267868,22289.487997980035,0.0008114887414679335,-30.468094600908504,-44.34773258399736,0.0,4,38067,240612.84486291723,12455.0,137929.7287946256,11,8,8,6
76579.48455539421,24944.020509987316,0.0008840045215109004,-41.82927116400004,-60.38213028870197,0.0010225772857666016,4,39183,290236.51666743757,13104.0,166103.28134167904,10,8,7,6
5926.309657366571,1509.4509144429471,0.00208340203535533,-963.0272783389662,-1009.3383764825331,0.0,0,575,21131.169057508818,193.0,9468.372179412218,8,8,4,6
7181.563412491668,1984.2238160070212,0.0018564574645454854,-1957.3470358838665,-2625.284080840527,0.0020165443420410156,0,543,28875.148907319923,157.0,14346.342460841057,9,8,4,6
8877.29612549842,2555.1997228324535,0.0015500559954958703,-3298.389439068717,-4517.9609386119355,0.0,0,486,33542.708481163616,147.0,17510.63995574636,9,8,4,6
3946.8303187654515,1171.5342786171077,0.0019513667886644367,-147.2201516727448,-265.60919173268877,0.0,0,1026,20119.21002139019,252.0,10121.545856475146,13,7,3,5
4256.073798162677,1214.289776477987,0.002038443350770459,-124.29738416512072,-208.27437886821224,0.0020220279693603516,0,1179,21759.35054904018,308.0,10848.275759635952,13,7,5,5
4544.823203993168,1260.6250245628173,0.0017933765913860688,-70.5794631522153,-117.44172183906795,0.0,0,1493,23152.607310565876,341.0,9182.855910013368,25,7,18,5
4852.83404705326,1468.8829727810307,0.0017527503588148999,-41.29228818998598,-85.59530123084143,0.0,0,2078,23929.751924731885,460.0,12080.706834658202,26,7,24,5
5529.890756202751,1552.2375328020914,0.0019393312630593968,-25.773788230450265,-45.92117837564196,0.0,0,3070,28491.66669558843,662.0,14047.175688058276,28,7,21,5
7018.462150359276,1891.6835483367508,0.002101818942136627,-15.16505620804286,-24.300058302006278,0.0,0,5090,32469.28639286367,1141.0,15294.581336799893,26,7,21,5
4705.320691480634,1359.0593169106655,0.00016324765473994628,-2.632909036633852,-6.017226324553812,0.0,13,7373,27977.95265576501,1678.0,10698.46237066572,25,18,22,15
5521.649349408366,1926.8602020137882,0.00019657258799835376,-2.2328246117583745,-7.393768146743206,0.0,11,8553,28031.066230885583,1931.0,13814.543978778434,22,15,18,13
5729.03617250624,1636.9752075358222,0.00017031685067293566,-2.446998913462542,-5.057040371223118,0.0,11,9062,30632.993261599415,2034.0,11474.085615851558,24,16,20,13
7024.814644377112,2552.415623615752,0.00026850959158566034,-1.9283909581978276,-6.633862148321591,0.008044958114624023,8,11807,33631.79844305663,2777.0,18511.407362755403,21,12,17,10
6547.039272140033,2354.156476000693,0.00029181095643390954,-1.361352745882066,-4.991218086560014,0.0,7,12607,32696.538934365595,3037.0,17475.534565942013,20,11,17,9
7209.673886961478,2684.1016416455823,0.0002837654298118513,-1.127404066761379,-4.595933804436065,0.0,7,14730,35072.956802715344,3471.0,19412.51597793807,20,11,18,9
12283.200327455774,4699.374199882984,0.0005445131539943412,-1.6290967610666218,-5.538288154700934,1.71661376953125e-05,4,23181,57066.16722022366,6211.0,32602.602142144184,16,8,13,6
15963.68232841028,6085.680188155932,0.0005927329946900098,-2.5059678905618368,-7.148336573580956,0.0,4,26581,73002.95742525358,7351.0,41852.42545872992,15,8,12,6
19794.536006726205,7338.083495116849,0.0005972602859329755,-3.88468768258085,-9.479909663718226,0.0020227432250976562,4,28234,89674.42895613739,7841.0,51363.7700332174,14,8,11,6
27678.792251239724,9831.767074488103,0.0006479711838903325,-7.353827142986523,-15.026654705154495,0.0,4,30746,120692.75638316615,8889.0,69256.58578885574,13,8,10,6
18512.054644648397,7062.573735491466,0.0005417164182987896,-2.327065137428841,-6.038919778292817,0.0,4,31320,85437.83715724722,9353.0,48777.80849541255,13,8,10,6
36287.53157183679,12577.737257399787,0.000669527838752133,-11.292224433333104,-20.179040957563764,0.0,4,32176,142944.61699333964,9510.0,82049.60721499386,12,8,10,6
29630.546069198273,10472.658317278281,0.0006103892972815239,-6.832878232937613,-13.17437981165324,0.0,4,34526,130010.99140424842,10302.0,74413.87325695172,12,8,9,6
76905.06759972837,25209.235318445717,0.0008506913985235514,-39.44711621974892,-56.34508110687811,0.0,4,37866,265954.0730772755,12364.0,152611.49128832866,10,8,8,6
5584.771969354177,1609.6386908542438,0.0016160581415241414,-2482.966578771314,-3176.4848563942005,0.0,0,349,18559.49110273172,109.0,9692.03419823726,8,8,3,6
7674.039220447991,2089.6402844868608,0.002045656109674994,-2760.8500291905025,-2471.644225650059,0.008026123046875,0,448,22628.353956354833,176.0,11067.71055336007,9,8,3,6
8687.308150772671,2450.7975869991665,0.0017371666911509195,-1986.2799539718312,-2779.315759500511,0.0,0,589,31719.256517921218,184.0,16135.1252547818,10,8,4,6
8880.989822979043,2496.896628702567,0.00169655852227977,-1718.0400479273137,-2356.970542713402,0.0,0,663,35059.04506279789,204.0,17768.640248698517,10,8,5,6
4201.714122128135,1212.6640070307244,0.0019989129942026523,-128.02739820245785,-225.74764809808892,0.008040904998779297,0,1122,21386.074900309548,271.0,10699.409156168455,15,7,4,5
8113.802870965018,2211.7360043161925,0.001642665101676716,-337.42385161044433,-543.0874288294207,0.0,0,1258,40043.66782114559,277.0,19463.495914897496,24,8,13,6
5174.421475362188,1454.7239051070114,0.0019632251991437565,-49.69927702857779,-89.99923917815325,0.0020246505737304688,0,2047,26450.909926986467,450.0,13090.961797249693,24,7,20,5
5640.8628382455545,1517.1708704679324,0.0021818072087057385,-34.79955806971588,-57.32221907669375,0.008023500442504883,0,2647,28949.398466343602,581.0,13755.151309374014,30,7,26,5
6048.405081913774,1720.1323057132947,0.0018197183631237699,-20.676172401285577,-38.6485410727021,0.0,0,3742,28737.363553183306,832.0,14311.026703149248,28,7,25,5
9997.733814595966,2676.4344432266375,0.0015292737514564529,-51.2423374952812,-84.5885231944719,0.002027273178100586,0,3987,45523.80923200961,842.0,21494.84850130393,31,8,29,6
3953.7128920241494,1162.9280484209337,0.0001072949602239886,-2.75853184282953,-8.127419052252108,0.008046388626098633,20,5940,22023.02905377737,1289.0,7407.446308095099,25,25,22,24
4666.474209776198,1348.9762796370524,0.00014184333484185412,-3.057920221030021,-7.211974534024387,0.0,15,6594,25659.131689802576,1481.0,9546.476195997206,26,20,21,17
4570.699959254555,1309.5245363053157,0.0001517990950158091,-2.917627748747086,-6.600381448564533,0.0020177364349365234,14,6796,26945.44513165657,1553.0,10041.498170298039,26,19,22,16
5324.624643471018,1579.1819814422272,0.00017463779273089905,-2.301819601704475,-5.381604324132759,0.0,11,8575,29475.974990091112,1918.0,11666.200433019072,24,16,20,13
5308.72512349417,1895.2378322245117,0.0002226353090030965,-1.7552916893372683,-6.603401763903529,0.0,10,9380,29041.517126982784,2096.0,15395.340086479322,23,14,20,12
6457.567403500286,2157.7169712069244,0.00021234661552586536,-1.6928675321620754,-5.1143281028708145,0.008049726486206055,9,11328,31245.212201858678,2554.0,14254.818598003956,23,14,18,11
6361.536563665292,2237.0298330700575,0.00023915447326207346,-1.0937759034051462,-4.037800111585865,0.0,8,13075,32779.87443710009,3150.0,15858.157229419172,21,12,17,10
9117.669353943364,3499.3462859952806,0.0003841420702985748,-0.9079950034407751,-3.858733774977841,0.0020248889923095703,5,19823,42671.93806577443,5088.0,24068.46228744049,17,9,14,7
8868.477769614648,3517.1584791706273,0.0003680445361819385,-0.4391596485651754,-2.8930108669470247,0.0,5,22996,46687.90862824659,6256.0,26280.60297529384,16,9,13,7
15696.128427425872,5932.625601310677,0.000577401894980945,-2.7217327044540567,-7.737575484805429,0.0,4,25622,73794.88023303745,6932.0,42265.30475327659,15,8,12,6
10371.269279037977,4252.849339792267,0.00046066790910656536,-0.3901812821560915,-2.6947691127109255,0.0,4,28043,55641.1207462428,7885.0,31641.89203919693,15,8,12,6
20981.699507356003,7736.783935965099,0.0006072831872857379,-4.027679397623107,-9.629588842092526,0.0,4,30016,98236.75393290893,8738.0,56291.17652834847,13,8,10,6
24230.67908225695,8808.548541885546,0.0006033904632212046,-4.8713125113410065,-10.533890641095857,0.008023500442504883,4,31774,107948.93037160294,9236.0,61798.05300094848,13,8,10,6
6545.724419743763,1843.213601519248,0.0019729689626977777,-2706.012983053742,-2826.136256864623,0.0,0,387,19636.176347231358,138.0,9985.112278627603,8,8,4,6
5092.468774736574,1475.3585310314038,0.001434480615121408,-2796.7907989821374,-3193.034206555968,0.0020275115966796875,0,293,15915.417682633897,98.0,8356.94148624983,9,8,5,6
5846.042596029458,1689.025763660503,0.001463099503474545,-5350.782510229035,-5538.926104055755,0.0,0,244,17864.673907772,91.0,9384.582393800647,8,8,4,6
7905.826316610158,2203.6787291851924,0.0019318352283613344,-3292.584834492237,-3500.059568731519,0.0,0,420,24085.6920745147,145.0,12115.94177858601,8,8,5,6
8183.106154316534,2310.8663361465824,0.0017977621938177345,-2917.0066272383474,-3383.5220028206736,0.0,0,481,26991.200075315814,153.0,13783.54341717888,8,8,4,6
5391.770603499154,1543.273321019136,0.0017622472069732183,-2901.4530615088406,-3188.703874481453,0.0,0,325,17106.458464743042,113.0,8868.046080875152,7,8,4,6
5115.263757359973,1272.540514264975,0.002050711546971949,-557.3276938943064,-591.4502766042839,0.0,0,733,21069.889673391153,198.0,9156.644319254709,9,8,3,6
7650.534485981337,2223.6514029814502,0.0014392240749292427,-2049.7659468295733,-3187.3834401807094,0.0,0,560,32161.77136298119,176.0,16956.063904924114,11,8,5,6
7861.413473828834,2225.969175726241,0.0016685922661555494,-1416.6470188482222,-2139.8032741975244,0.0,0,694,35615.07670339774,199.0,18173.044832643303,10,8,6,6
7481.79739525402,2019.5025778847737,0.0018131751089101845,-1014.0729452120491,-1356.3557168947875,0.0,0,742,31335.77370759819,223.0,15106.521499485156,9,8,4,6
4124.455817834997,1201.1930006870343,0.0020252449933747625,-155.87112960459973,-266.42403307429964,0.0,0,1101,20082.104850342275,283.0,10062.594991385326,12,7,5,5
4847.2851563782315,1374.2934443140975,0.0020814895772509126,-170.39234446331233,-261.87561414963506,0.0020275115966796875,0,1128,21372.384536484155,286.0,10634.673268322393,14,7,6,5
4579.0532605435155,1369.5452760707822,0.0018188937597247532,-81.92640188257032,-158.26433378571926,0.0,0,1431,22485.339989559157,312.0,11339.36368377856,25,7,20,5
5345.083093922894,1286.6310747562168,0.0017490865114496857,-94.58843391019954,-127.22534988727097,0.0,0,1574,26653.183731183006,323.0,10796.195745375764,25,7,22,6
6508.534105124248,1628.2613714632555,0.0016665105199553797,-66.05037368012505,-93.62907867232734,0.002015829086303711,0,2333,32579.61325236655,513.0,14105.841907185102,27,8,21,6
5874.967067472803,1595.3364197363715,0.0021353137072573206,-28.374066475128892,-49.01623018387297,0.0,0,3062,28902.152073870075,657.0,13865.866877973363,27,7,23,5
6363.3222579909825,1783.5378194252953,0.0018810396783751062,-15.199291915445723,-27.186292440027163,0.0,0,4664,30942.92715378165,1060.0,15232.710780739057,27,7,23,5
5128.763321360646,1449.061086094584,0.00014153147523404168,-3.3630704992955867,-7.063346265915639,0.0020227432250976562,14,6902,26949.80436957125,1493.0,9470.41020763109,25,19,21,16
5612.089134862104,1784.2354344776425,0.0001927644489533587,-1.7662145275124677,-4.926128175376536,0.0,10,9862,30254.139487345372,2187.0,13122.734149000704,23,15,21,12
6273.974062173718,2279.361474343162,0.000265165532374196,-1.6453310539889952,-6.1046687337111925,0.0,8,11308,31992.877407927743,2596.0,17569.988525401037,21,12,19,10
7278.443305847185,2638.43843093795,0.0003043627691854669,-2.0878291303747503,-6.849852234590958,0.0,7,12092,34476.976232358946,2795.0,19117.396587194642,21,11,16,9
7950.108944577765,2970.2913187098957,0.0003391983928438825,-1.2000878015793233,-4.741400432950644,0.0,6,16228,39178.98778872532,3998.0,21918.58685723391,19,10,16,8
6636.990474221103,2466.9429229116795,0.000251039432052594,-0.3786809717544246,-2.570669163908984,0.0,7,17514,36203.35604334291,4372.0,18963.2279081674,19,11,17,9
9212.55623228887,3550.4294371345354,0.00039716709526879825,-0.9427713239667104,-4.01461661014449,0.0,5,20333,44762.333938712676,5293.0,25258.81818858738,17,9,14,7
9334.014253953017,3678.8788820162013,0.0004839051177883459,-0.4935850665673023,-2.9854757733878685,0.0,4,24181,46963.51458977687,6400.0,26745.460467323588,16,8,13,6
20896.02919862939,7729.314755549181,0.0006035738837160029,-4.333405564535616,-10.338893942295838,0.0,4,27727,89808.19917274278,7805.0,51458.011344818224,14,8,11,6
22969.727752387917,8309.022141879517,0.0006421219103805129,-5.501947032068617,-12.348398280895216,0.0,4,29123,105113.20021802494,8233.0,60309.8491230917,13,8,10,6
27562.221692952575,9811.896765336658,0.0006043409314012429,-6.144132382212384,-12.28980744157216,0.00804281234741211,4,33387,122921.41468562986,10029.0,70344.28229918928,12,8,10,6
41228.943580630286,13999.904128307035,0.0007147768181962527,-15.030060498067161,-25.992946784540976,0.0,4,33979,173267.9492080452,10481.0,99443.62817044093,12,8,9,6
39939.10765203111,13615.854775933634,0.0006779097298418385,-11.99406042548072,-20.19169997612399,0.0,4,36085,165554.9618001138,11431.0,94840.3153846827,11,8,9,6
6851.790367620872,1931.2533938980134,0.0019524110154999046,-3247.8919140359017,-3126.2191451729695,0.0,0,337,19616.15406391089,121.0,9997.009729340796,9,8,3,6
7123.799959844954,1989.008120428787,0.0019222590266226986,-2615.1499721935675,-2620.734320012629,0.0,0,435,24177.193072854032,172.0,12189.462541516441,8,8,4,6
7496.4727041852675,2076.914269716465,0.0018947630400230023,-1748.4625782731957,-2021.4918718501772,0.0,0,567,26922.730839662865,186.0,13417.725470393169,8,8,4,6
6388.462738767899,1814.1321908616321,0.0019055313702357273,-2627.3917298454194,-2613.854681855181,0.008047819137573242,0,376,18145.38139011757,130.0,9311.105486830398,7,8,4,6
8002.769040233026,2323.424223486171,0.0014523469635684973,-3235.7888133430074,-4570.286340328789,0.0,0,462,30712.802048202364,134.0,16180.879278304725,12,8,6,6
9149.637528774876,2542.9214994491376,0.00178399960077216,-2004.308316933175,-2382.522277820007,0.0,0,641,31603.987681781186,191.0,15806.369922419522,9,8,3,6
6809.396794884054,1831.2654605295413,0.0018668170129712914,-1280.3953533158306,-1623.1256419302865,0.008025646209716797,0,632,29189.298867947742,180.0,14033.350897458091,9,8,4,6
5814.7677091700425,1494.704387462406,0.0018289153957749345,-463.2582261643434,-575.1836200993171,0.0,0,855,28743.056507322533,239.0,13030.324986052321,12,8,4,6
4511.034929288304,1263.881904234238,0.002088069288006658,-130.2005811844992,-209.2936469431267,0.002025127410888672,0,1186,22951.196835143124,325.0,11361.3625944708,16,7,4,5
6035.266619271181,1638.4644024230902,0.0021118543586173535,-28.58416274423658,-47.630599920120524,0.0,0,3116,29493.760699607505,670.0,14156.036371710768,26,7,23,5
6433.992933934611,1786.5388258485964,0.001928631173503063,-22.77855199621971,-40.74726337195855,0.0,0,3790,29893.844661767194,800.0,14688.079812088043,30,7,24,5
6425.197879626747,1819.7010928706864,0.0018349836152679938,-17.47618234067193,-32.0297911109991,0.008024930953979492,0,4398,29704.977257526967,987.0,14738.303892350166,27,7,24,5
5153.862348850218,1459.9520686756314,0.00014084117967596123,-3.3819748656347803,-7.155359895580313,0.0,14,6767,26860.994841149983,1508.0,9692.646963626466,24,19,20,16
5175.898172928408,1458.722874390462,0.0001532885532977544,-2.196827586972337,-4.536826349035214,0.0020208358764648438,12,8514,29755.290567034666,1926.0,10674.390463734053,23,17,18,14
6244.0220787403905,2129.851148707082,0.0002217215844940648,-1.8678953260883113,-5.827250335335011,0.0,9,10572,30385.33903808636,2393.0,14305.441644815417,23,14,18,11
6424.66969895158,2237.930193901278,0.00023856139440680654,-1.6655602847245197,-5.443689125858728,0.0,8,11385,31125.477185968608,2617.0,14831.342664899981,21,13,16,10
12180.367835933177,4621.8377433684855,0.0005588387044387501,-1.9085743266257715,-6.2094025720580515,0.0,4,22342,58299.32573298388,5836.0,33342.82469407331,16,8,13,6
12917.782221315401,4940.2530783069715,0.0005670151866109969,-1.8926698894109801,-6.147384082504361,0.0,4,24067,63598.387902675255,6566.0,36369.63260513329,15,8,12,6
21142.189383999186,7705.138159267756,0.0006218898135721914,-4.821847602758157,-11.231418439091739,0.0,4,28249,98207.98391292442,7906.0,56322.74740409729,14,8,11,6
35134.52400299777,12225.844009577006,0.0006681529350598975,-9.974445577240607,-18.011641014640375,0.0,4,33531,142732.1215230078,10062.0,81860.52161124721,12,8,9,6
43673.968620969725,14834.779877601452,0.0006940369686872492,-14.454089672543898,-23.946599553382384,0.0,4,35119,171304.41704537722,11002.0,98182.67706827057,11,8,9,6
29120.910472515774,10249.862358467382,0.0005621927628826946,-5.731293518355173,-10.47533058343402,0.0,4,36336,128869.31001744741,11662.0,73433.69728843044,11,8,9,6
74075.85046593074,24282.33491799561,0.0008524940006663761,-37.50725410520806,-54.360390944986456,0.0,4,38225,265356.1092241737,12589.0,152227.1888900436,10,8,8,6
7040.960564190959,1996.2474745420884,0.0018737911358859543,-3096.5459138608617,-3139.8200714052964,0.0,0,381,20731.42445861217,134.0,10629.616957460952,7,8,5,6
6352.9942488934685,1818.1677205643311,0.0017141604474245821,-3850.947175550959,-4167.921399577275,0.0,0,344,21174.942832317138,120.0,10995.179945400021,8,8,5,6
6671.554213710074,1753.3958837770033,0.0020872775656540572,-1382.6842914994043,-1401.5135236745878,0.00802469253540039,0,531,21866.216179009498,166.0,10227.84918731101,11,8,5,6
5600.170849422704,1586.9449176980463,0.001931780243601727,-2250.3727677480083,-2495.4902367520313,0.0,0,369,18232.44020493109,124.0,9339.538046898615,8,8,3,6
6058.493487224274,1600.1077204277651,0.0019609506447461045,-836.6369052286597,-1004.386677446368,0.0020220279693603516,0,703,25559.06557739889,211.0,12002.054971030346,10,8,4,6
6004.802705903279,1558.513379445663,0.0018383856590040255,-725.3198749992971,-943.2170910296514,0.0,0,716,28976.34773675867,197.0,13314.147686862023,10,8,4,6
4446.161180771475,1277.8450273234052,0.0019629056773801993,-111.32126146952395,-196.76865823381266,0.0,0,1236,22584.92761166327,293.0,11292.289657441594,17,7,5,5
7143.576944292313,1876.229338028988,0.0016876955362511302,-212.2806816852828,-322.6711730005913,0.008028268814086914,0,1367,35462.50774182584,291.0,16427.803610169532,28,8,20,6
5332.667800946036,1490.4092094213788,0.0019654773023245952,-41.26302801967124,-72.29035320674052,0.0,0,2294,27232.006322657973,514.0,13442.929737322826,26,7,25,5
6568.190586029695,1760.1647679693565,0.002182847248847217,-17.231223598703814,-28.083719403809187,0.0,0,4383,31122.597123752777,966.0,14496.832496768911,25,7,22,5
6039.315514241869,1630.9072886039876,0.002225659525279429,-10.12456568739033,-17.016281781340535,0.0,0,5669,31653.240353051795,1211.0,14372.409735772126,25,7,19,5
5059.04215070037,1538.1228251458863,0.00015480479137912304,-2.728691632774711,-6.731356334873475,0.0,14,7350,26845.84653511297,1685.0,10995.275819795332,25,19,21,16
5328.582076870871,1860.1650478790077,0.00022031119726267177,-2.0816355955649857,-7.089619139306272,0.0020232200622558594,10,8723,28504.756660728926,1987.0,14369.29853632472,22,14,18,12
6863.402796530539,2497.951211657335,0.000311281109883578,-1.8252231450673517,-6.43829375861622,0.0,7,12162,34658.747162226966,2918.0,19232.79997764909,20,11,18,9
9395.594238024196,3453.038023086274,0.00037491803529807736,-2.3917030354986073,-7.665993970764211,0.0,6,15060,44181.14629669574,3618.0,24803.61319331109,19,10,16,8
7722.5004322853265,2906.4305361246115,0.000273744788232015,-1.1136927172953968,-4.48771346396272,0.0,7,15521,37232.85049408226,3762.0,20559.80265922028,20,11,16,9
7888.535644001942,2945.562153049497,0.00033367560532957837,-1.1865964579865107,-4.696881941118219,0.0,6,16054,39783.192488163375,4051.0,22234.568809564124,19,10,15,8
9446.458666067845,3513.069050739571,0.0004415388360128364,-1.738870860693134,-6.068710004509185,0.0,5,17290,44360.54066025301,4207.0,25125.288438019532,18,9,15,7
8145.658739141067,3081.620220995314,0.00037603762949109187,-0.8582097630906005,-3.7571321845245276,0.0,5,17928,38004.55960096199,4565.0,21393.64899465206,18,9,14,7
8773.629450773431,3399.1666480423264,0.0003032005981356754,-0.8096520962890057,-3.6083312920315294,0.0020322799682617188,6,19183,41132.40656509207,4934.0,22902.64814502489,18,10,15,8
11611.470053933346,4363.757781891834,0.0005598095133379184,-2.1000622695443356,-6.6453764846942915,0.0,4,20241,53709.78797652532,5238.0,30716.040222796044,16,8,14,6
13318.568205960994,5259.853108426872,0.0004983438529026068,-1.2420392827763673,-4.457793617238113,0.0,4,27556,64943.916016670686,7712.0,37014.687347142404,14,8,11,6
19032.62779891963,7088.427885814471,0.0005953508600553059,-3.5015816941685465,-8.616568288573875,0.0,4,28180,87230.48640748938,8142.0,49961.397400881295,14,8,11,6
16760.749486567256,6407.793573767319,0.0005542380519856015,-2.141489603085772,-6.0698677050888055,0.0020265579223632812,4,30881,84740.43072650072,8994.0,48452.091080769664,13,8,10,6
28912.701762760204,10284.613205806616,0.0006585914684723634,-7.266274477864416,-14.353085440180827,0.0,4,31832,122386.90789804919,9482.0,70236.89603434864,13,8,10,6
39690.91277230194,13538.222856616267,0.0007019812181135112,-13.243764263710395,-22.75803308185115,0.0,4,34433,164668.29555075048,10435.0,94438.84375784051,12,8,9,6
77121.5440048392,25164.452281610684,0.0009000599557992504,-43.472443500012886,-63.20094692686945,0.0020270347595214844,4,38344,287502.10863296525,12662.0,164982.38285974273,10,8,8,6
65825.54519957522,21621.249228666104,0.0007373560307061503,-27.18765731762286,-38.136549345603775,0.0,4,39399,236648.25018572246,13032.0,134803.27229924407,10,8,7,6
6863.212485006499,1961.9435877739081,0.0017748254132619438,-3011.6504818998005,-3297.0316127927704,0.0,0,371,20205.528029901147,140.0,10451.585832203655,7,8,4,6
6958.431541724877,1915.3915103586496,0.002065787254575132,-2799.5498724029035,-2709.019303062703,0.0,0,404,21235.677784581374,149.0,10523.14752032997,9,8,3,6
7593.519917248112,2059.427905830172,0.002064347041964118,-2102.7342678802142,-1991.492621400041,0.0,0,516,22268.602401861448,176.0,10823.139664143651,8,8,3,6
8346.092218826125,2357.7165638100214,0.001786316391068838,-4250.39579526095,-4446.929108805656,0.0,0,400,27029.875510316448,137.0,13826.659174097374,8,8,4,6
8223.271766074999,2310.3664640973625,0.001782401442628056,-1963.330534198889,-2631.487385787329,0.008028507232666016,0,568,30207.362467531988,188.0,15289.577971286562,11,8,4,6
4490.002771310722,1259.3951678142012,0.0021789755040325797,-201.7114910108543,-303.29009285568594,0.0,0,998,20573.661332899832,261.0,10192.83321920118,13,7,5,5
3989.1561274177616,1196.736235949911,0.0019066440799432292,-109.43234826589682,-206.52705299882498,0.0,0,1187,20423.86993662649,275.0,10291.800945046365,17,7,7,5
6191.992850322771,1702.3932943003126,0.0020803624785761077,-43.32512484314772,-71.92608485731397,0.0020253658294677734,0,2652,28045.56941401511,570.0,13624.693291144249,26,7,20,5
7263.7969924597555,1952.464113717406,0.002140427937501395,-17.218404388780463,-27.702646275151494,0.0,0,4751,31805.38201323608,1085.0,14898.093870886121,26,7,21,5
6163.406408542059,2226.530757968316,0.00025125311951013535,-2.32598362761005,-7.706865406002452,0.0,9,9626,30022.825161840236,2243.0,16354.319267361083,22,13,19,11
5980.299317913706,2166.20739906592,0.00024933135719188673,-1.834440584904975,-6.611379511938143,0.0,9,10161,30347.23632024922,2352.0,16547.157112573506,21,13,18,11
6565.923914451557,2394.4458960212432,0.0002652412720195849,-1.4777029331761682,-5.475764427018469,0.0,8,12092,32356.477217192696,2837.0,17766.777051593315,22,12,17,10
8856.998477198007,3248.057420190817,0.0003768404147412594,-2.309891975036413,-7.416534112329389,0.0,6,14437,41717.06856766681,3507.0,23425.71157850107,19,10,15,8
8139.257275505701,3035.7104411218234,0.0003487567933488289,-1.2509815858846163,-4.788379385994044,0.008039474487304688,6,16286,39142.71335781785,3969.0,21933.508022377428,19,10,16,8
10261.141712175364,3812.7380275281084,0.00044086576795997174,-2.1838184244437793,-6.8393521055669675,0.0,5,17207,47063.22210330024,4267.0,26642.497339230904,17,9,14,7
9094.488669115284,3492.226697662907,0.00040702438711589205,-0.9759395234981088,-4.304869588937912,0.0020189285278320312,5,20517,47775.550897434725,5237.0,26972.227513274993,17,9,14,7
10927.91196085357,4187.4096870829335,0.0005201321904468554,-1.3117781529446,-4.75517672401927,0.0,4,21861,49858.60089661485,5674.0,28426.90041219814,16,8,13,6
12131.951884632788,4599.850642867368,0.0005671497264020131,-1.9394117317175952,-6.357154177072369,0.0,4,22780,61273.73417403639,6037.0,35031.119392920955,15,8,13,6
24090.03768285622,8698.968837096427,0.0006266978438183749,-5.5860130604606955,-12.08075119544001,0.0,4,29964,107890.87233252975,8807.0,61844.28611392292,13,8,10,6
38918.339986809115,13386.989689721606,0.0006949464116523344,-12.365739538874902,-21.49970271274446,0.0,4,33668,154685.54417587395,10337.0,88751.65643542836,12,8,9,6
49379.72658854987,16706.13848214344,0.0007655941714318875,-18.61357541981115,-30.641341848872557,0.0,4,34850,184535.69093432493,10684.0,106058.06469486683,12,8,9,6
40667.76950074923,13886.914245041078,0.0006669501234137818,-11.871286179828335,-19.68696441022306,0.0,4,36378,162972.13793772316,11482.0,93264.36185664096,11,8,9,6
82200.26587277326,26731.795718268593,0.0008878811686262628,-44.43955205642843,-61.341748076855694,0.0,4,39583,292875.40155913477,13395.0,167419.3249462336,10,8,7,6
6998.05634791688,1963.4848642950412,0.001989280407587911,-3448.8766264722776,-3194.208018033553,0.0,0,352,19640.698588394665,124.0,9964.041724569677,8,8,3,6
6694.607554749616,1860.3049958406816,0.0020429228265326812,-3100.2860606179097,-3182.898261386939,0.002020597457885742,0,387,20581.58529192396,130.0,10316.25126445001,8,8,4,6
7699.063812174189,2157.412512542256,0.0019423457667868537,-4171.4538953727415,-3825.143644844487,0.0,0,360,21993.59133200077,128.0,11144.873083205173,9,8,4,6
7166.3657396996205,2039.6325743406826,0.0017617067974247413,-2389.183367340499,-2962.415379980855,0.002023935317993164,0,474,25780.799855771544,153.0,13271.186185994622,8,8,5,6
3619.465843634103,1048.2379753677753,0.0012573779209776375,-2737.286381140609,-2439.168124719366,0.0,0,211,10557.941137589632,90.0,5529.347206396593,9,8,3,6
6068.848179932101,1627.9242766878922,0.001900021047957305,-1019.4738302731733,-1402.0436150379696,0.0,0,633,27909.1459689783,176.0,13362.18710549653,12,8,4,6
7303.636504559378,1926.3501280515736,0.001834376023647565,-899.2385068418845,-1091.938000844862,0.008023500442504883,0,765,29776.556233088893,211.0,13961.07977628,11,8,4,6
8462.034798296543,2388.581634353307,0.0016277034918173764,-1209.6415238038965,-1945.2289010476181,0.0,0,770,39092.609708562246,202.0,19898.33691154825,11,8,4,6
7026.514840369231,1859.8505781484428,0.0017863147191276832,-664.306315878706,-910.7604904315532,0.0020279884338378906,0,844,31848.404309840444,232.0,14988.217654853797,11,8,7,6
6650.556695411209,1733.2495188627474,0.0017321617798978944,-257.2922016046572,-364.5464375071309,0.0,0,1217,33039.902580796275,281.0,15181.89678648903,23,8,5,6
5440.775414791596,1491.0548665115707,0.0021777693631926977,-66.4025192904206,-106.9578118922644,0.0,0,1893,25709.851972402976,404.0,12472.029179386242,18,7,15,5
4730.104552398727,1278.1657517035883,0.0017717934777196536,-76.49766557497993,-121.68432373628072,0.008023977279663086,0,1464,23964.08733109593,322.0,8894.275802959677,27,7,8,6
4683.717175130036,1396.0234956275838,0.0017938415447433314,-45.222822238570366,-90.88815821934479,0.0,0,1940,23712.56186756515,405.0,11948.91405494136,30,7,22,5
5774.023864926191,1600.9704238888548,0.001966528390327154,-21.45852432363093,-39.036194501675816,0.0020246505737304688,0,3581,29467.21143310237,764.0,14437.584113598088,27,7,25,5
4781.789022771512,1529.739711163902,0.00016736454272071573,-2.9788907193463183,-8.41775519920172,0.0,14,6586,25071.624530166708,1475.0,11201.542635708909,25,19,20,16
5312.767886348672,1860.1447426006246,0.00021060651081902996,-2.5527061726802778,-8.435904596901185,0.0,11,7804,27117.524028874792,1745.0,13763.233306831018,22,15,20,13
5067.643058641072,1418.2354733699888,0.00011715714087628707,-2.2749396184891166,-4.850678963398614,0.008017778396606445,14,7947,28133.51193254518,1839.0,10362.115490484488,26,19,22,18
5668.883100868667,1936.6872039237878,0.00020867230047504686,-2.0121755673312065,-6.406964929910682,0.0,10,9377,29054.190184328047,2098.0,13913.839359971564,24,15,19,12
6118.253650899562,2207.6777236732078,0.0002590253927195505,-2.0221949389086284,-7.094799925034216,0.0,9,10296,31502.46684077488,2371.0,17225.332805192236,22,13,19,11
6073.1121775458905,2182.479186225202,0.00023952167527372227,-1.6551941682256448,-5.91076571649043,0.0,9,10810,30464.38911510199,2441.0,16134.162876750568,22,13,19,11
8497.536410937242,3113.528038316911,0.00033104390625652387,-2.366563619467947,-7.660633697117142,0.0,7,13701,41019.360237585046,3296.0,22867.718957150915,19,11,16,9
8541.327380347457,3207.620337221084,0.0004139255321949956,-1.326202266845041,-4.971080746689477,0.0,5,17373,42472.720080798885,4454.0,23992.238627691644,18,9,15,7
12267.685834635546,4669.290787021464,0.0005629998376865098,-1.841474160776189,-6.025142389261739,0.0,4,22777,58724.19897370957,6010.0,33581.171463733466,16,8,13,6
49253.658628559206,16483.21796649585,0.0007239787175706843,-18.774527391553015,-30.00958225149236,0.0,4,36418,196735.6463446013,11655.0,112725.346239409,11,8,8,6
6590.747980767578,1809.673433777598,0.0020888785811203248,-2113.7754914466404,-2165.9867218377017,0.0,0,428,21003.67837253809,156.0,10355.159147000748,8,8,4,6
7877.4639494392995,2235.7921998567376,0.0017795261453223015,-2715.342747787975,-3078.4940633287424,0.0020265579223632812,0,468,25801.402416210793,144.0,13250.28793222647,10,8,5,6
8205.002787494144,2246.7035890301336,0.001967476669909993,-2130.92951133822,-2131.1728137131527,0.0,0,540,24939.267278687894,198.0,12254.85968363918,9,8,4,6
8617.62723349779,2409.6704848688832,0.0018319514613743437,-3370.790285530511,-3432.781465554309,0.0,0,455,27769.051594807122,179.0,14034.34940789194,10,8,4,6
6695.0088585467865,1719.3722077650823,0.0020346661537644084,-964.3935308115175,-992.4130038071446,0.0,0,648,22532.385034012692,194.0,10216.883865921947,9,8,5,6
6193.905696213903,1616.9883254006102,0.0019272383677878294,-769.9296450857319,-925.1192140115855,0.0,0,740,26255.238874430845,211.0,12155.064089447485,9,8,4,6
3824.821516340417,1120.5643849479643,0.0020471016704088777,-247.95839602298906,-408.3687690747916,0.0,0,843,18720.98568353832,220.0,9399.610670363469,12,7,4,5
6861.232231879993,1844.3271999183194,0.001783235703249832,-590.9243520026165,-846.4751126923247,0.008023738861083984,0,902,32499.90498708128,228.0,15548.84006067353,14,8,6,6
4558.194361215097,1279.4320969148744,0.002112661423339718,-113.27392348227018,-182.16927053978878,0.0,0,1295,22380.508073275894,303.0,11077.468138949323,14,7,7,5
4749.622979649808,1339.724743862373,0.0020710052134208,-98.4891712265069,-171.62663371338556,0.0,0,1352,22814.518728736162,309.0,11313.578866621843,21,7,10,5
4376.196761600875,1269.8501234034716,0.001929321040261185,-102.83841811327585,-181.07403241957496,0.0020172595977783203,0,1212,22234.652913837235,300.0,11148.879298086045,20,7,5,5
7887.151990209975,2134.967627912034,0.0016566947933561713,-329.0247251045098,-526.1451851159177,0.0,0,1297,38942.79233606108,283.0,18762.968933848533,24,8,13,6
6026.44898815731,1726.6260586403819,0.001782764604649986,-20.051055274634475,-38.39042880841414,0.0,0,3796,28261.887802334375,846.0,14128.555115408213,28,7,28,5
5497.795035510003,1644.721820384431,0.00015762817289123758,-2.842328692845078,-6.398118408332334,0.0,13,7698,27409.349141223807,1741.0,10976.892985812587,23,18,19,15
6088.017763368859,2197.4662269400374,0.00027479109732330846,-2.14875818418734,-7.479915829744577,0.0,8,9961,30267.299466159733,2259.0,16626.160630863742,21,12,18,10
6749.501930264175,2446.3173001426553,0.0002845871195378286,-2.3727319093111787,-7.889633516513456,0.008033275604248047,8,10712,34653.6155374863,2502.0,19090.917596145744,21,12,19,10
8639.199356407611,3149.3840676719956,0.00033396759282084077,-2.6694940627192008,-8.40929472598565,0.0,7,13236,41387.139305110395,3179.0,23037.260180538695,19,11,16,9
6985.361837315519,2547.547936354798,0.0002848186357271127,-1.1922108749955682,-4.535011644198703,0.0,7,13577,33180.31819465206,3310.0,17755.68790920375,19,11,16,9
7115.262407782924,2617.4693221940383,0.00029338783242071226,-1.1384311858935314,-4.455204861779912,0.0,7,14229,33649.605799542725,3348.0,18633.276065274847,20,11,18,9
10904.940446369492,4043.485648107735,0.0005590985992248528,-2.2887277135442607,-7.036667047270955,0.008061885833740234,4,18108,48536.60465921211,4621.0,27725.57435456339,17,8,14,6
13006.836491273307,4929.964485717394,0.0005629525480787484,-2.203260902045522,-6.791661908407026,0.0,4,22072,58708.809156123374,5775.0,33554.705536167676,16,8,13,6
15256.108332481985,5751.4633465917395,0.0005967802019875093,-2.7432298824862866,-7.85073469196224,0.0,4,24341,70029.73360525639,6483.0,40122.87195577301,15,8,12,6
12676.941579129552,4908.317448743327,0.0005473807483382254,-1.521871089435515,-5.259366042568411,0.008023500442504883,4,25353,62516.01954978546,6880.0,35727.51168626358,15,8,12,6
13896.830368497085,5399.0595613846335,0.0005322308721759986,-1.577661580581136,-5.251465528763345,0.0,4,27649,70684.3794140033,7798.0,40365.93716804928,14,8,11,6
26047.169004083116,9308.364635612266,0.0006671900708776658,-7.185856464535187,-15.136228167483253,0.0,4,28597,111708.31993722121,8224.0,64131.66954865161,13,8,10,6
38758.22947653533,13350.645386316697,0.0007360524424960681,-13.52246857774585,-24.439088700111284,0.0,4,32148,154266.98368347817,9602.0,88712.33212040132,12,8,9,6
32008.073953338557,11193.74291835591,0.000682396105863992,-8.836924636774786,-16.42867487166323,0.0,4,32606,135176.60435522438,9927.0,77555.79239954104,12,8,9,6
48124.2586806438,16177.444071512782,0.0007572705055283307,-18.232270547092412,-29.133679863754153,0.0,4,35342,188510.36166062747,11109.0,108291.39317196893,11,8,9,6
63905.13192950345,21016.87828694007,0.0008258129609436504,-31.43667362933804,-47.17709825711763,0.0,4,37182,247520.6963490105,12249.0,141963.95476272813,11,8,8,6
69776.98875608666,22878.709821739525,0.0008254435024218527,-33.974473593651645,-49.32984111737814,0.00804591178894043,4,38374,257632.4374739378,12640.0,147564.08181889815,10,8,8,6
4294.913142048611,1242.9749957310544,0.0012925830327427726,-3469.6944444865503,-4125.72475859777,0.0,0,219,12275.15454640866,70.0,6442.839401393332,9,8,3,6
6866.53145950968,1826.8175804819275,0.001997554822147116,-1419.6416929499248,-1475.5182206115464,0.002020120620727539,0,556,24554.446790802416,191.0,11658.987797349284,8,8,5,6
6324.681896300131,1651.023792288295,0.0020111479974527385,-868.9975188005512,-1032.6170249372237,0.0,0,645,23728.616530971667,211.0,10978.115107233207,10,8,4,6
6322.618410510344,1600.1419371185452,0.0019967121388979533,-858.3859027264413,-921.5362979993388,0.0,0,638,22993.999084484687,186.0,10231.950649446171,13,8,5,6
4576.2555915892335,1152.7625641121817,0.001967789085219382,-254.27007332425802,-302.82790087723777,0.008075952529907227,0,897,19963.49713201849,242.0,7673.189635611947,14,7,4,6
4661.66564045826,1294.9786452850967,0.002175480621944477,-111.42261299943101,-177.10791612608335,0.0,0,1317,22811.749115803752,362.0,11214.02281043206,13,7,5,5
4516.001398628031,1281.04931076466,0.0020119821919310906,-96.82127963422964,-164.3733502856293,0.0,0,1326,23070.766585941285,308.0,11482.199281365596,18,7,9,5
5123.355449277143,1393.8216212876175,0.002210405003109763,-45.358990682539414,-76.92426966965365,0.008021116256713867,0,2161,26486.729434040106,474.0,12736.657334224685,24,7,21,5
5337.212082747685,1470.228281952959,0.002069486180560334,-39.80375323471394,-69.55665578403158,0.0,0,2417,27268.75200387844,510.0,13313.49414538881,28,7,28,5
5971.899699453985,1643.2295509994221,0.002362207809380716,-16.582132937319706,-28.848906042875832,0.0,0,4065,29005.629810125556,865.0,12789.082232104356,26,7,21,5
6692.935407576006,1806.2751595172624,0.0022800024350214296,-14.254019605883595,-23.489013193981318,0.008038043975830078,0,4883,30337.22384038555,1064.0,13698.670732639039,23,7,20,5
8475.044499037676,2130.1718381818896,0.001560873729095118,-21.19402130386119,-30.0639807670759,0.0,0,5202,36987.332794546484,1143.0,15938.409672353278,30,8,24,6
6381.6386948896225,2329.2076598755284,0.000270753902349563,-1.6582199643225137,-6.107725679210071,0.0,8,11631,33633.89036830698,2725.0,18474.532998998213,20,12,16,10
6104.051824436724,2253.029502025051,0.00025763435637640096,-1.1875543519175054,-5.019840639948852,0.0,8,12272,32659.670435840286,2890.0,17889.982506414366,21,12,17,10
12290.251210623634,4526.6485190438025,0.00047450120729529237,-3.2944261125185017,-9.486660235995073,0.0,5,17665,54124.06380184571,4366.0,30722.71514902114,17,9,14,7
18558.054221620794,6856.275335307517,0.0006439863888997641,-4.1947209262866405,-10.789934789798949,0.008051633834838867,4,25522,84129.50608919995,6897.0,48281.24904686387,15,8,12,6
8709.87440258926,3661.648177650668,0.00041142118451124854,0.1069297276238308,-1.4244441597973294,0.0,4,28341,45003.703092409225,8062.0,25479.167273614934,15,8,12,6
16924.362526129225,6407.9578905097105,0.0005552233266019755,-2.467042388276318,-6.743601828289514,0.0,4,29448,84309.32682661402,8299.0,48168.09776722724,13,8,11,6
29940.93580736814,10587.877193440485,0.0006553417515086147,-7.990257288530756,-15.568696318835183,0.008023262023925781,4,31114,123751.38641563458,9264.0,70991.50438794948,13,8,10,6
35233.186084817935,12187.570434572473,0.0006568224287326647,-9.742035058544118,-17.22931570185828,0.0,4,34516,146926.22443653055,10723.0,84138.1058204323,12,8,9,6
56463.7935559924,18786.27680711717,0.0007814395316983532,-23.547949815606675,-36.269813476939994,0.0020279884338378906,4,36652,213297.33327984405,11639.0,122372.40927801427,11,8,8,6
7713.397106118059,2132.812647921353,0.0020546411721470924,-4690.552562512847,-3930.9418948805655,0.0,0,350,20478.309288172153,117.0,10230.93940295071,8,8,3,6
7291.835544900176,2064.894623972287,0.0018627970775347523,-3291.097211299734,-3660.8778836489505,0.0,0,389,22019.653601554688,138.0,11278.416538873746,8,8,4,6
7271.343073444969,1964.5163942899176,0.002044593535915752,-2088.066634252813,-2180.242152190943,0.008023500442504883,0,470,23004.296617038144,164.0,11136.05105044568,9,8,3,6
6126.971858235285,1764.1350563687881,0.0016004666778813635,-2711.579901224982,-3729.0272420878573,0.0,0,427,27759.03717021013,147.0,14487.943740611721,9,8,4,6
9024.440140959576,2564.76433178162,0.0017043708336657566,-3974.9353762679953,-4490.730417783529,0.0020275115966796875,0,456,29683.228587870275,149.0,15279.93352436577,8,8,3,6
5617.856630932311,1423.6383993393351,0.0020548665200003295,-898.0912203206742,-890.9369011705934,0.0,0,605,21737.58926582214,187.0,9713.501627057165,9,8,5,6
6481.585315197466,1688.427837876232,0.0019012931587824775,-921.9125573541154,-1145.0531192042536,0.0,0,662,26991.209514905524,181.0,12479.667907710005,11,8,7,6
4213.206428103822,1214.9570447058538,0.0019890245956338116,-147.14172782789606,-265.5892106285016,0.0020186901092529297,0,973,21288.510886674292,255.0,10659.486274324292,15,7,6,5
4674.219086006444,1273.7522817601566,0.002280465220323675,-91.06086499028306,-146.1424834280832,0.008025169372558594,0,1456,24022.75111197509,350.0,11605.592524189124,18,7,4,5
5149.184603823338,1387.4403099537583,0.0022608132764441466,-49.38683302462742,-81.66044330081628,0.0,0,2031,26562.760371458477,441.0,12655.217937541209,21,7,17,5
4697.77510971832,1389.9633510394935,0.0018048214289725542,-62.922668052183894,-120.5575413588923,0.0,0,1662,23857.46270723207,361.0,12011.486821025195,30,7,20,5
6730.188959524904,1635.0222606327522,0.0016145734725148914,-18.602434063079823,-25.564057548526876,0.0020265579223632812,0,4456,31389.207506943818,945.0,12708.769026738868,30,7,25,6
4830.740741882166,1405.1547694261053,0.00015123543502015358,-3.6136735280338357,-8.448255386993049,0.0,15,6240,25400.984014910307,1361.0,9710.397082442929,25,20,22,17
7029.972201430466,2532.623444855442,0.0002902452712409241,-2.6604353253358823,-8.290762223156625,0.0,8,10417,32438.97387484013,2436.0,17885.938624165763,22,12,18,10
6398.9414578509395,2236.0652193109613,0.00023629165093385596,-1.5440966318996048,-5.027387708098361,0.0020291805267333984,8,11595,31126.887975116657,2733.0,14768.711432312935,21,13,16,10
6676.749379167862,2394.726635729394,0.0002728124608391427,-0.9300128590792449,-3.77146039352683,0.0,7,14458,33773.47349951988,3449.0,17354.976726753703,20,11,16,9
10816.557470657004,4016.157132938834,0.0003903414858826654,-2.563374573364747,-7.890740824932902,0.0,6,16943,49796.148226884,4223.0,28004.734335434317,18,10,15,8
12734.42523563452,4706.0674256668435,0.0004736916475817563,-3.2945168623033734,-9.352005384713449,0.0,5,18618,57739.18407716398,4686.0,32769.40690956448,17,9,13,7
9802.30562973601,3737.824981285364,0.0003473638011952326,-1.429410403771699,-5.1388837552907125,0.0,6,18711,46265.60880650073,4793.0,25924.746512722326,18,10,15,8
15458.377745926748,5813.84997163602,0.0005968223607182696,-3.0245975476836264,-8.368372219729364,0.0020182132720947266,4,23613,69308.68779999623,6331.0,39692.188284021424,15,8,12,6
13358.76877827846,5084.381809416044,0.0005817335236598059,-2.0751781028255194,-6.482974171237231,0.0,4,24527,66755.80680076744,6562.0,38218.538461992575,15,8,12,6
18312.096019295805,6761.388137276602,0.000633197935068848,-4.133309316783163,-10.376496426847345,0.0,4,25331,83304.33126544431,6913.0,47782.98228724516,14,8,12,6
36099.46807601718,12502.909190400505,0.0006940351391216087,-10.503505371918589,-18.620959499685654,0.008056402206420898,4,33514,145822.26796183467,10379.0,83676.92258096725,12,8,9,6
46717.149911800516,15745.460542346656,0.0007654622045481992,-18.277864753825263,-30.237387643814305,0.0,4,34745,186668.8506931497,10783.0,107269.99827997023,11,8,9,6
6628.541018075062,1861.9267274668587,0.0019422307230867258,-2792.170692838657,-3066.8481942076633,0.0,0,393,22004.375051031453,143.0,11157.46724437538,6,8,4,6
7649.573647022809,2128.6434801532587,0.0019661788008531363,-3534.101764479085,-3360.503879262915,0.0,0,405,22903.557974361524,142.0,11507.239097434765,8,8,4,6
8259.096283258867,2342.366656579896,0.0017414878869240554,-3153.6787523014286,-3657.1848459574626,0.0,0,461,28360.308158081116,152.0,14562.56277414177,9,8,4,6
6279.013815172931,1754.6183213906556,0.002061140746913495,-3597.4239184915514,-3461.8963831818396,0.0,0,318,18450.6622926197,107.0,9312.426322985673,7,8,4,6
4384.695471395027,1300.6061934042752,0.0021596787950136026,-409.0283679533399,-552.377596036289,0.0,0,648,15817.397276916121,216.0,7950.646954737636,10,7,4,5
6991.388602551679,1869.738286433899,0.0018807435180126246,-953.6648764488907,-1229.4920419877483,0.0,0,737,28513.240717787925,205.0,13597.499420194377,10,8,4,6
4966.931612446836,1217.4158173460244,0.0019267328346342532,-313.2402640012564,-379.38547118034097,0.008028984069824219,0,916,23252.082783666225,230.0,9861.703849422163,13,8,5,6
4234.185756093353,1240.203781955849,0.0020251987054212234,-197.027965447513,-334.29088859129195,0.0,0,907,19312.18788970245,243.0,9693.679716038216,10,7,5,5
4820.1622472090885,1338.6919156937245,0.0022228851617277184,-161.0313430716141,-234.93030837615694,0.0,0,1183,21620.946287499115,329.0,10632.115471509525,13,7,5,5
4775.067251258656,1322.6192215398594,0.002156993163868041,-79.93358352409199,-133.92227854336895,0.002024412155151367,0,1523,24174.76132418631,363.0,11839.908776497745,16,7,5,5
4951.676907332533,1391.1050487356633,0.0020025199278613385,-56.47254005044706,-102.18172009143767,0.0,0,1879,25280.35930696145,413.0,12513.045345407634,26,7,23,5
5668.349043924621,1517.4336801420689,0.0022783121532476075,-50.52720105186524,-80.80775246046974,0.0,0,2238,27145.716366348388,493.0,12822.9194700019,20,7,20,5
5430.180229777583,1464.63784894315,0.002196942986811631,-43.384943644260545,-70.61174145862307,0.0,0,2315,27739.024755881368,493.0,13262.110168867242,26,7,22,5
5591.253500380771,1564.1905243493115,0.002386124901495409,-13.468197623639131,-24.31800870008056,0.002018451690673828,0,4424,28613.198186006044,986.0,12470.416483288838,25,7,20,5
5748.359559963303,1713.4179553450122,0.002396462166892504,-9.869587081033101,-20.488993730791616,0.0,0,5263,28662.145185376045,1140.0,12586.742067968582,26,7,23,4
4865.183522302803,1518.1337122254656,0.00016121670619696632,-2.656616885275488,-7.397834416147711,0.0,14,7073,25462.420441762664,1553.0,10724.96331610802,25,19,20,16
5174.619807605735,1651.5428515335404,0.0001738427024051062,-2.0135961581062563,-5.729725933365142,0.0020258426666259766,12,8576,27910.697899389757,1934.0,12130.577914134275,24,17,19,14
6779.934477066981,2444.950933327164,0.0002998917388168639,-2.5072327123888156,-8.320962020160838,0.008008003234863281,8,10575,33940.26964636029,2431.0,18743.40783808301,21,12,17,10
6790.584720516853,2464.9173130900135,0.0002890973895592621,-2.1378103299869124,-7.270586109707542,0.0,8,10966,32991.37740571478,2515.0,18195.35420456496,21,12,17,10
8187.852786693231,2970.518432370693,0.0003900558740808316,-2.6533277371217086,-8.47251723357343,0.0,6,12752,39214.90937091484,3025.0,22032.093118884513,20,10,16,8
6745.575388129643,2483.5485462573624,0.00029540390290734776,-1.3963828245786143,-5.367397136097631,0.0,7,13212,35052.74079279609,3142.0,19398.372540116026,20,11,16,9
7922.509963645905,2899.8750384295367,0.0003624771378923176,-1.826422057552108,-6.0844178834005085,0.0,6,13981,37001.78657851137,3348.0,20732.338567166487,20,10,16,8
9233.116183036744,3377.5774738079867,0.0004575941051821342,-2.436983384573496,-7.845758379220385,0.008043527603149414,5,14983,43008.97768758257,3648.0,24358.115081409807,19,9,15,7
12019.16159853233,4489.023918039318,0.0005876914899171379,-2.4765932183683277,-7.535713119931131,0.0,4,20066,56391.56530179135,5145.0,32267.20219040908,16,8,13,6
15706.079956633735,5845.162037544258,0.0006132539821664014,-3.446701834555184,-9.397545950631434,0.0,4,23331,72333.54945078686,6202.0,41453.02381703365,15,8,12,6
16252.264753694593,6061.575606129323,0.0006105536355883305,-3.457208043450252,-9.2047749807683,0.0,4,23832,73603.07740539478,6400.0,42168.56556532235,15,8,11,6
10901.28921260882,4425.237485023042,0.0004771675888888495,-0.5331794965643442,-2.995971167114662,0.008028030395507812,4,27844,57213.7535028195,7784.0,32562.476628887278,15,8,11,6
25661.204851756127,9203.687687500013,0.0006683801659919042,-6.533961569529983,-13.963490387960851,0.0,4,29851,112019.02314680735,8651.0,64326.18174367296,13,8,10,6
15243.357700059785,5860.925936366499,0.0005413323218082869,-1.8024540497966446,-5.39320852557768,0.0020227432250976562,4,30390,81028.96223643313,8789.0,46250.987358836166,13,8,10,6
32180.175852516877,11156.637827613875,0.0006967011135024163,-10.20406539178337,-19.46924955742377,0.0,4,32099,144373.3179932349,9695.0,82887.99407883722,12,8,9,6
30336.33062389378,10625.328338313533,0.0006702334429611882,-8.118381171224938,-15.603763354623325,0.0,4,32969,134507.58988967066,9906.0,77131.84159152111,12,8,9,6
58623.99045647886,19415.267186073605,0.0007931590276000185,-25.675117548468663,-38.17826362925037,0.0,4,36372,218172.08824908396,11821.0,125202.52890478336,11,8,8,6
53930.83584047037,17893.40716948582,0.0007529360938131062,-21.790011264545868,-33.57687625295032,0.0,4,37385,214125.79463591563,12264.0,122552.27232894412,11,8,8,6
4712.763480824178,1363.1406622075624,0.0014260075141739757,-2623.7392791587836,-2981.3613170516714,0.0,0,288,14381.410624172462,97.0,7542.293051408207,8,8,4,6
6516.008860167939,1788.314779628978,0.0020573999645333613,-2042.5225389472812,-2275.1640398108443,0.0,0,452,22019.881569294987,149.0,10852.1598879359,8,8,3,6
3874.020478662717,1137.901133235169,0.002124984250933241,-326.9547647148542,-490.4495357846339,0.0,0,719,17074.657034027314,220.0,8571.617464528383,11,7,4,5
4393.261982079128,1253.0384520399684,0.0021903589038767745,-264.53494693649765,-400.2891313427195,0.0,0,831,18358.75429093448,237.0,9151.41196403819,13,7,6,5
9584.884403422499,2739.0915159716697,0.001585108343859757,-2218.8902695942165,-3212.929102429764,0.0,0,636,37705.72788873862,192.0,19482.643321174153,11,8,4,6
4143.937169407387,1149.9945325614726,0.0022212455990004683,-253.6955544376165,-374.3015897163921,0.008018732070922852,0,848,20842.938687650323,244.0,10284.49256590387,12,7,3,5
4249.7283648632865,1199.785600979803,0.002125051921633944,-183.34818170023337,-277.37502786832164,0.0,0,1005,20936.88348431624,272.0,10401.346323528684,11,7,4,5
4834.187927540702,1329.9494109918041,0.002212511744246072,-142.70506290978548,-229.52621293277753,0.0020241737365722656,0,1181,23029.305908314705,284.0,11270.140125521575,18,7,5,5
5165.867703014822,1419.0630861365867,0.002146939947330224,-65.41005351861983,-108.50619530138752,0.0,0,1785,25561.789158013333,380.0,12457.606892539065,26,7,25,5
5348.104138846083,1485.4397545544496,0.002063370925981012,-61.21333972396093,-109.08121838697822,0.0,0,1889,25776.590444696973,415.0,12665.119641752237,21,7,21,5
5585.732924054855,1501.2768078825065,0.0022300678626553283,-29.253607288635155,-48.05000489668997,0.00801992416381836,0,2913,28338.600359581324,670.0,13396.385775059785,26,7,18,5
5978.888969572398,1634.1548763566961,0.0024239431971014866,-24.853386347129597,-41.296603302042,0.0,0,3214,27418.282654098788,720.0,12120.80869183645,22,7,20,5
5975.134523370336,1611.5083954714514,0.0021531001880649467,-24.673745654945876,-40.94876623075513,0.0020284652709960938,0,3386,29544.86499007518,754.0,14063.93267048007,27,7,20,5
6009.770260748643,1622.886120140128,0.0023252775400160086,-15.177823047606964,-25.465068148197922,0.0080413818359375,0,4351,29501.54479545863,918.0,13207.436787082057,28,7,22,5
6271.592850462081,1910.2527014320901,0.002407322349972115,-10.396576336589957,-22.442416018979344,0.0,0,5352,28372.300168277205,1155.0,13315.821272995854,25,7,20,4
7015.543951387348,1897.8920692270901,0.0022474848613250565,-11.811674965650425,-19.870242877207264,0.0,0,5733,31377.57528339737,1244.0,14122.777789967178,25,7,20,5
4822.339055642952,1564.4281428278896,0.00017455736770740133,-3.0907801680992,-9.276999888905753,0.008019685745239258,14,6440,24559.420041017373,1424.0,11101.628668314217,25,19,19,16
5150.893703414228,1492.1447670500538,0.00015491994150488726,-2.9884168898260723,-6.666750595139343,0.0,14,7156,26939.977168420606,1575.0,10258.228545490592,26,19,22,16
4762.072913103357,1671.2730278314361,0.0002172797477782232,-2.023307076420702,-7.151221225075188,0.0,11,8064,27258.23653804521,1791.0,13916.59715628613,24,15,18,13
5585.820351274296,1950.3007798948008,0.00022922823043943475,-1.8554774731924617,-6.303064952705387,0.0,10,9657,29183.868640383906,2155.0,14744.260122056148,24,14,19,12
5488.841341361032,1829.5307166947935,0.0001972519774237708,-1.4183950537415533,-4.565747859633829,0.0,10,10393,29809.859617094262,2385.0,13445.370355329165,22,15,18,12
9654.440453917772,3546.0216613290336,0.00046558913655462636,-2.4752296490575976,-7.768198134172225,0.0,5,15667,44749.9384062993,3786.0,25370.728051064667,18,9,15,7
12881.404269845541,4760.081087048091,0.000492595022004888,-3.308154339864446,-9.423176288426774,0.0,5,18565,57231.952744729264,4674.0,32529.467896289512,17,9,14,7
10163.425479913041,3843.3650392807704,0.0004244525078432231,-1.5821906216758568,-5.540904952242221,0.008040904998779297,5,19249,48140.36730861434,4917.0,27226.44976841085,17,9,14,7
8643.84073197568,3318.169439492861,0.0003925620550554317,-0.7952425166275336,-3.554922800218046,0.0,5,19585,41455.3349667848,5096.0,23378.389921174443,17,9,14,7
10677.849670505682,4080.5885098223116,0.0005342555876085628,-1.4546064349867414,-5.1178406961523715,0.0,4,20681,49538.34584777743,5401.0,28259.819318211506,17,8,14,6
13586.101007375986,5106.145780603812,0.0005941921032894241,-2.6575006465413216,-7.789970325892693,0.0,4,21670,60586.366995418415,5678.0,34693.22544107598,16,8,13,6
13244.608729807449,5022.896655173659,0.000591285499069017,-2.321330094160236,-7.236449725585887,0.0,4,22459,61949.70362292073,5870.0,35444.21942184659,15,8,12,6
9184.73868785814,3608.4172747796606,0.0004959195974508509,-0.6347839865881886,-3.3040357842185717,0.008048057556152344,4,23047,47389.803911487616,6216.0,26992.94621981516,16,8,13,6
17821.736146532236,6591.152760789753,0.0006317873320072709,-4.035992919710603,-10.124554615690677,0.0,4,24684,80026.49135710462,6804.0,45911.052400653614,14,8,12,6
10894.190182320968,4323.17971382141,0.0005226127526414231,-0.8350836471688423,-3.7159885107516324,0.0,4,25722,55693.19414154619,7084.0,31768.136651802488,15,8,12,6
22999.102490877263,8365.814720792183,0.0006494310121158279,-5.489172369715029,-12.469229797767317,0.0,4,28072,100477.19665139948,7932.0,57642.876125088456,13,8,10,6
17368.286512369177,6565.288204096637,0.0005749125317705593,-2.6392791299194407,-7.040241541179542,0.0,4,28581,82253.15084757608,8124.0,47049.70535359532,14,8,11,6
55933.78501942559,18634.439903678125,0.0007830165413164568,-23.251197914895496,-35.886682272672566,0.008058786392211914,4,36643,211478.76968341993,11665.0,121401.43247539643,11,8,8,6
70800.93734452905,23250.07185409514,0.0008614348362997728,-36.07377756297927,-52.94579740079128,0.0,4,37433,258175.57546980743,12251.0,148253.28726024105,10,8,8,6
7054.555882859214,1979.8445178516556,0.0019775579128974725,-2688.677116793435,-2857.500892570923,0.0020208358764648438,0,406,20804.419271825605,137.0,10533.035926005869,9,8,5,6
6985.307055245922,1998.4924404655624,0.0017083004268393341,-3251.564189128702,-3963.929747933256,0.008025646209716797,0,392,24127.44667686094,128.0,12509.845514071993,9,8,4,6
6850.970067217955,1800.9823594742618,0.002054731038254566,-1240.7742992669023,-1191.8014471175238,0.0,0,602,22662.091075702036,213.0,10589.801586354853,8,8,4,6
7268.184465144641,1974.3271305820604,0.0019402241416297341,-2010.4079287153697,-2216.9174930965414,0.008048534393310547,0,521,26370.05517212284,173.0,12848.117135525801,11,8,5,6
5496.630852290184,1397.8438723315044,0.001966221710189541,-642.3189103795527,-752.6744124650625,0.0,0,692,24020.37803347446,204.0,10742.014328943893,11,8,5,6
3902.592522974559,1157.302122701511,0.002083379540664161,-190.50901776272764,-309.9741739375652,0.0,0,872,17503.923650716362,267.0,8796.25445341571,13,7,4,5
5266.002762020801,1434.5205086968554,0.0021836489195465473,-58.00410280789794,-95.07079451434728,0.008024454116821289,0,1903,26409.9749633267,425.0,12756.194984353406,24,7,18,5
5830.843174355993,1571.4680339958798,0.0021934572456277627,-26.49331120251852,-45.20843259600534,0.0,0,3191,28945.61675581821,669.0,13723.674580313469,27,7,23,5
6774.55091588512,1815.0032316438833,0.002188220264139861,-20.281839887104248,-32.71615168985254,0.0,0,4173,30596.816096995433,943.0,14307.036639745675,27,7,21,5
6745.10069677528,1795.1317403818673,0.0022274664435476205,-16.76891900489676,-26.734841498852276,0.008048295974731445,0,4634,30836.223848132347,1002.0,14175.095678043326,28,7,23,5
7105.252657524264,1910.7580842908324,0.002212843428659811,-13.371159983265436,-21.706436117873288,0.0,0,5416,31365.571919093105,1178.0,14388.703263148273,25,7,22,5
3589.3931053913448,1073.8256928835303,0.0001028648761807105,-2.6381232202938394,-8.997415401303696,0.0,23,5819,19680.32679453554,1265.0,6534.2705497108545,25,28,24,25
5031.40467168892,1566.7446351998692,0.00017296332426393788,-2.0248598292974873,-5.463931448312555,0.0,12,8371,28197.825628775998,1834.0,11848.971586631133,25,17,20,14
5483.560921536033,1965.8934305187383,0.00023195449581819632,-2.0077388246313577,-7.2178451226366445,0.0,10,8967,28704.675749964226,2035.0,15516.423520688892,23,14,20,12
7365.010690561013,2645.630506624532,0.00030240471620931455,-3.2772433237790954,-10.071357034503817,0.008063793182373047,8,10109,34504.53859732717,2321.0,19048.907572382937,21,12,18,10
6022.356541197034,2180.5396076871366,0.0002870079549652769,-1.7711747643125837,-6.359941963066179,0.0,8,10979,32197.377075657496,2573.0,17753.615784412723,21,12,16,10
7029.4689790134735,2574.1212564071616,0.0003200300723293826,-1.7800963748895176,-6.321920910390293,0.002016782760620117,7,12550,35497.15556324136,2932.0,19711.176546296658,20,11,16,9
6575.030375141246,2347.071542731119,0.0002805181990830419,-1.1254375476368796,-4.157807506844398,0.0,7,13510,33255.41828495681,3394.0,17131.303006725357,20,11,16,9
6735.536734058667,2518.875973825845,0.0002849291782335438,-0.9480316693998996,-4.197224620129383,0.0,7,14399,34543.10749930829,3499.0,19097.9050291765,19,11,17,9
7242.227546984134,2683.4220219435856,0.00033885313049538036,-1.0464650837772198,-4.300470679681458,0.0,6,15265,35433.16196443642,3736.0,19800.09867718132,19,10,16,8
13561.002461796978,5045.298903271202,0.0006072476462478107,-2.96351521007486,-8.549543003236652,0.0,4,20941,61890.595892067606,5454.0,35453.90052785065,16,8,12,6
10781.56410102451,4121.560867821223,0.0005523935406564699,-1.5107716020213449,-5.354078156993963,0.0,4,21645,53523.10494646437,5718.0,30587.459968322117,16,8,13,6
12359.820345822469,4718.35639443628,0.0005706063810155937,-1.8656704320307371,-6.118911323696237,0.0,4,23322,61232.949306472176,6240.0,35002.41166063443,15,8,12,6
14925.660611800116,5620.922959831636,0.0006119358684954136,-2.8390232789938747,-7.936228623864773,0.0,4,23786,68907.00531850458,6537.0,39505.039833434654,15,8,12,6
23337.2272175502,8445.965349078368,0.0006739761320707099,-6.150339058665708,-13.828840898381804,0.0,4,27365,100800.4665506317,7685.0,57907.86991161638,14,8,11,6
6466.009161943428,1702.5960024434344,0.002230363331919593,-2034.2865707699796,-1687.1866658349675,0.0,0,418,18601.70110844101,151.0,8728.217295542388,8,8,4,6
6726.679374580662,1810.640772826385,0.0020863762065594267,-3727.4086241637883,-3664.416311156408,0.0020265579223632812,0,346,21957.211441849187,125.0,10613.619235990911,8,8,3,6
6323.632541906836,1691.6772704164123,0.002013436252403768,-1688.5655624948215,-1771.412683643067,0.0,0,505,24165.87857808038,176.0,11565.047374852027,8,8,4,6
4451.556611473834,1324.4555714893495,0.00222048758738306,-478.32481913752486,-621.5319844972882,0.0,0,607,14728.300886746998,193.0,7402.318685091355,9,7,4,5
6263.0868034899795,1764.2516605436385,0.0020025810465240236,-2969.15719311057,-3166.2128465177343,0.0,0,349,18436.46456350384,128.0,9373.50778189925,8,8,4,6
7824.965857119882,2269.49490451643,0.0014516098135275903,-4189.513800302442,-5524.4845636938035,0.0,0,391,28995.604954768343,129.0,15280.374395736377,9,8,4,6
3982.164456015605,1189.0239044958491,0.00200764034938836,-251.6985510608843,-440.8555063792692,0.0020275115966796875,0,826,18362.160882784105,209.0,9244.647911637585,14,7,5,5
4740.145710657956,1298.4046974295454,0.002294835378345167,-183.7632206525556,-267.6556490441178,0.0,0,1062,21988.00599004803,277.0,10721.466492743202,15,7,4,5
4610.718210254385,1294.5386297095117,0.0020668811710870365,-100.86799063156937,-167.77521247567108,0.0,0,1362,23543.79530067824,311.0,11652.778737789817,18,7,5,5
4760.0581378627785,1327.2443156132988,0.0020956880459277443,-64.8489443039615,-110.11158529496404,0.0,0,1671,24513.04537513692,363.0,12062.898182830206,23,7,10,5
5274.624995771612,1422.679982622268,0.0022400159575607986,-41.65077956887764,-68.23596474503037,0.0,0,2299,27160.039548329736,515.0,12933.363546517703,21,7,19,5
5599.9833411773325,1493.2070910837524,0.0023146974493625455,-34.829898175983445,-57.02044539406573,0.002017498016357422,0,2636,27585.715345929835,565.0,12848.105049003949,22,7,20,5
5650.558787541458,1520.5981223472145,0.002192375351839753,-28.90909801939464,-47.574357507411094,0.008022308349609375,0,2996,28946.75834712067,658.0,13730.207501797777,26,7,23,5
5767.497615488733,1554.628043498097,0.0023685172423935884,-21.075216086639085,-34.29702799021727,0.0,0,3494,28386.698385187923,752.0,12715.97880705558,25,7,18,5
5864.586420947218,1677.1061190735813,0.00181593370240076,-17.82531135002359,-33.22328208736553,0.002023458480834961,0,3952,28689.286809941696,868.0,14293.070436942377,27,7,27,5
5113.236526895734,1470.0153579764187,0.00015550469887014586,-3.4100790740067612,-7.269144159783464,0.010009527206420898,14,6836,26555.265532216417,1510.0,10003.217326499996,25,19,22,16
6362.384535766303,2286.684902501395,0.00030017643559290976,-2.5578443404596736,-8.461779636954258,0.0,8,10043,33575.8405845012,2336.0,18529.556795562836,22,12,18,10
6760.534876814125,2441.7246344873643,0.0002900754179259366,-2.3266990190234713,-7.717626734006608,0.001008749008178711,8,10649,32824.89394720659,2490.0,18089.966122607453,21,12,17,10
6833.243002465684,2495.4434851262513,0.0002836531886696655,-1.9315739559570346,-6.728643144269548,0.01563405990600586,8,11730,34571.43095183407,2735.0,19042.863285108913,20,12,18,10
6922.612443383607,2576.692370539149,0.0002840586479735499,-1.0728090300781679,-4.416905026395259,0.0,7,14215,33365.300439188184,3408.0,18428.577301294783,20,11,17,9
9478.88126694008,3506.3892436249453,0.000462841587167393,-2.1290784145963886,-6.915607315012282,0.0,5,16439,45547.262201627855,4033.0,25805.40485303424,18,9,14,7
9427.669417707119,3506.144183136902,0.00044673238873845037,-1.9339259079930886,-6.50396035732417,0.0,5,17036,46646.1777608304,4273.0,26411.53997682272,17,9,15,7
11672.650386167781,4384.033061711104,0.0005733450528379783,-2.1090116545869586,-6.633711134602775,0.0,4,20007,52368.54649677657,5169.0,29936.978518802716,16,8,13,6
29199.63155557503,10302.353869973487,0.0006861910425572796,-8.308410758665596,-16.66485466113838,0.0,4,30775,125848.73029984417,8976.0,72269.19426026283,13,8,10,6
73565.21922522737,24111.386455625256,0.0008817935389767226,-38.82588099002764,-56.18271913171788,0.0,4,37360,264780.88972876983,12406.0,152111.85995785194,11,8,8,6
85993.44230521457,27942.157217270946,0.0009502283977396712,-51.651893533033146,-72.6768070813829,0.0,4,38441,307746.2820492612,13060.0,176471.57233684097,10,8,7,6
6773.232303390188,1861.8276381076062,0.0021459300837527134,-2852.489625065118,-2829.477615872276,0.0,0,365,19043.556482959702,126.0,9415.483377364653,7,8,4,6
6663.439396002903,1867.587769593812,0.001975323781058045,-3274.9224767151795,-3181.831533816844,0.0,0,349,20812.30974926181,135.0,10543.780404229914,7,8,5,6
7204.53263001784,1986.9789797287356,0.0020251042626234605,-2707.9254564449107,-2866.786286887008,0.0,0,438,22374.20502276124,136.0,11105.723080867654,8,8,5,6
5473.658958771621,1412.8313786972058,0.0021637141948217253,-1121.4059814634352,-1093.1323571054393,0.0020263195037841797,0,532,19854.8111862338,170.0,9082.47547352717,9,8,4,6
6873.839461741788,1872.649957361617,0.001987876087106347,-2010.436933598434,-2133.6429535665307,0.0,0,462,24631.908271207794,172.0,12046.585444926455,10,8,5,6
9087.13717645023,2595.6246390382157,0.0016753314896148135,-4509.268763829326,-4968.8772834627935,0.0,0,417,28310.45383710585,137.0,14656.745950356177,10,8,5,6
3938.6960162168675,1091.7345848912992,0.0022042229343555,-338.1198559635754,-451.06664933476975,0.0,0,652,15187.779709896295,205.0,6142.076593913625,10,7,4,5
4497.170095416513,1118.7445181424578,0.00208163711201832,-476.05297008528186,-500.87367381158845,0.0,0,643,17859.33222082449,189.0,6901.487957248151,10,7,3,6
3697.559959399332,1088.2968767600948,0.002132577756995961,-232.10641686385486,-378.7700686694726,0.0,0,809,17122.795475082672,231.0,8592.207887494267,11,7,4,5
5070.832714940009,1270.1531828582288,0.001906205619293225,-468.5972605156338,-587.1071324074126,0.002024412155151367,0,774,24990.52909213502,216.0,10947.285894518445,14,8,4,6
4447.197928306287,1236.7750169650526,0.002219289577095049,-141.46038969224975,-225.76211673849667,0.008050203323364258,0,1191,21589.64504777933,293.0,10622.925042610397,13,7,4,5
5104.552390005234,1384.1326365017435,0.002323411435457789,-92.49890989168965,-148.37834712369363,0.0,0,1585,24130.464024123794,352.0,11576.320440442643,18,7,5,5
5006.02016068782,1397.9968810194798,0.00203972663761155,-53.15104240959969,-94.86822451698775,0.0020232200622558594,0,1933,25594.329027312004,405.0,12613.336655598756,24,7,15,5
5726.214157649318,1536.3212527045123,0.0022542168801851148,-52.16653493336544,-84.03492571695514,0.0,0,2239,27161.855558848507,480.0,12894.967940797986,22,7,17,5
6386.42656358839,1703.8753918881844,0.002216200534754562,-27.8123043840971,-43.82184410357288,0.0,0,3367,29460.716279937293,730.0,13823.628330824009,27,7,24,5
5837.459371243357,1850.6407409282092,0.002475730901071561,-13.058495875320913,-29.640470708213275,0.008032798767089844,0,4403,26814.132745715615,961.0,14072.127044479807,25,7,25,4
6619.438546874568,1850.4025589493003,0.00235388762366266,-13.013297592773199,-22.912277186567586,0.0,0,5105,29294.66766130029,1103.0,12816.473029518595,23,7,20,5
4640.857374018058,1499.3026686572948,0.00017668560324552297,-3.2830213304098903,-9.64394961191185,0.0,14,6234,24617.121143966728,1372.0,11235.943906341214,25,19,20,16
7466.996009662725,2760.959975206236,0.0003110516940651082,-1.6427983596032085,-5.983522458767837,0.0020279884338378906,7,13492,36272.41979019925,3229.0,20126.165556330918,20,11,16,9
7411.02313812169,2754.897948550951,0.0003564229125467892,-1.4080975325888994,-5.524192475649522,0.0,6,14996,39459.39166839604,3630.0,22098.018265323102,19,10,15,8
10414.377946397035,3834.2039734333343,0.0003901296675602693,-2.8493328320871893,-8.547575197910529,0.0,6,15679,47476.92687899521,3914.0,26697.943952068177,18,10,15,8
9424.41681371128,3522.4853193108465,0.00045314878058732276,-1.7966818033367549,-6.0402789336160625,0.00803828239440918,5,17029,44352.93067118192,4320.0,25134.055071705283,18,9,14,7
14612.94960306705,5480.427523583511,0.0005958350494025813,-2.8797740338556665,-8.033421106141612,0.0,4,23282,69291.77810547533,6341.0,39646.7060979144,15,8,12,6
18076.821788537312,6654.018512416673,0.0006447549982883242,-4.373408388844326,-10.937712755112795,0.0020186901092529297,4,24177,81441.93652738,6555.0,46699.99936531362,15,8,12,6
16546.143031162883,6205.335810637609,0.00059905777395802,-3.0910678579432407,-8.34129552328928,0.0,4,25842,78593.82452449999,7245.0,44993.88244053253,14,8,11,6
15667.179807134366,6049.480845510778,0.0005681389086416296,-1.9630091630087123,-5.863267038275209,0.0,4,28266,74485.76637612548,7928.0,42582.98318113934,14,8,11,6
38081.81226482797,13084.954260485387,0.0007535812847019268,-13.386712483111873,-24.16477267975011,0.0,4,32237,155987.63600815827,9734.0,89724.41041902854,12,8,9,6
54884.42353463652,18207.814051527508,0.0008325193105180665,-27.214395116597327,-44.20741408478251,0.0,4,35013,224608.59363271896,10890.0,129156.50179450825,11,8,8,6
55102.02521964513,18316.101632077316,0.0007913911375993743,-24.24830113086527,-38.13825336046585,0.008020401000976562,4,35963,215011.36548126544,11397.0,123423.34809542337,11,8,8,6
80879.98497615737,26324.428425499795,0.0009268668913149676,-46.323520413427886,-66.2227839842879,0.0,4,38679,295977.8476117451,13024.0,169677.65846848825,10,8,7,6
79446.0819757529,25813.331989493803,0.0008853069403660893,-42.621430299999595,-59.004914796831436,0.008034467697143555,4,39614,290346.6655124007,13592.0,165681.02811384655,10,8,7,6
6146.011992956582,1635.8164821929383,0.0021297172075083006,-1508.5934150340497,-1551.220641645854,0.0,0,508,20991.782294445606,157.0,9973.363193358557,8,8,6,6
7217.719541530312,2062.305024626848,0.0017004980874308713,-3573.1517420208115,-4085.9692682044265,0.0020203590393066406,0,375,25543.4691506452,139.0,13236.490333241749,10,8,4,6
5076.57181408946,1258.406585031768,0.0020858592209569617,-654.9589010328249,-647.1369809395949,0.0,0,640,20216.41994758117,204.0,8754.43908654825,9,8,4,6
4788.867507953763,1363.9126786113095,0.002246368714641636,-386.7827746361288,-482.5891316443386,0.0020253658294677734,0,751,17220.80859119425,243.0,8584.17064865346,10,7,4,5
3756.557797881786,1107.386587295083,0.0020904461005552552,-243.9077894793605,-383.6965839381784,0.0,0,776,17553.513475172516,242.0,8817.622625754197,12,7,4,5
3841.5910222618018,1073.999741125181,0.002252780278909999,-195.88155706454452,-308.6546451539816,0.0,0,926,19532.584745256347,264.0,9660.508128438534,10,7,6,5
4015.3471241909515,1062.492087962771,0.001976836831996584,-256.56946365468684,-342.5054692649225,0.008024930953979492,0,794,19315.59197001772,233.0,7212.167887262534,14,7,4,6
4785.732851975333,1312.909482153024,0.0022786504015872592,-176.70106552233815,-249.0496944206238,0.0,0,1114,21915.62190500484,306.0,10707.346890836328,12,7,7,5
5137.060362728742,1362.193079908977,0.002419036903939969,-58.96819529756467,-91.5913540554374,0.0,0,1913,25699.845537657777,405.0,11881.49179871058,21,7,18,5
5383.950757270921,1431.3280435519307,0.002375470548069966,-28.954167146573166,-47.988954177169475,0.008039474487304688,0,2848,27656.845406188688,613.0,12573.263439407958,27,7,25,5
4578.605191726675,1435.6560165741455,0.00015962821396783814,-2.920945397485638,-8.275286161209744,0.0,15,6481,24388.074419132576,1407.0,10363.885363713529,24,20,22,17
5543.020489784932,1963.2970422631035,0.00021876588072655836,-1.7855608162361611,-6.294168234079399,0.002032041549682617,10,9478,28564.65841943713,2199.0,14401.606963619466,22,14,19,12
6698.420712385779,2401.705586028782,0.0003029526109390356,-2.670381672360158,-8.692721264373562,0.0,8,10042,33082.52123207023,2344.0,18275.158125485344,21,12,19,10
6882.955587827772,2502.745255639666,0.0003294478119497918,-1.9283502092637872,-6.639208224908076,0.0,7,11999,34137.64374793617,2830.0,18999.07346031726,21,11,16,9
10840.041472112363,3995.082495028731,0.0005780421666882155,-2.6962673398907326,-8.10288947525819,0.008044719696044922,4,17291,49885.3360440085,4291.0,28516.00570651391,17,8,13,6
9820.824196618436,3674.5480578430584,0.0004478496712842138,-1.8636598661988244,-6.28592159069953,0.0,5,17603,47070.60591104745,4397.0,26663.438290560618,18,9,14,7
9084.186602973177,3439.6787398359033,0.00040587897878808734,-1.1722801587424878,-4.478307347175636,0.0,5,18499,42346.73273838394,4747.0,23904.32943099641,17,9,14,7
11689.534807930673,4382.827593078851,0.00046684130115546706,-2.3314681516174596,-7.26745375560375,0.0,5,19382,54357.853621989925,4941.0,30831.877409461493,17,9,14,7
12078.156978796122,4669.652093004813,0.000549778897648416,-1.5001061014745294,-5.235824987785843,0.0,4,23430,56741.96667948054,6354.0,32389.923952355355,15,8,12,6
38484.228630369806,13269.170231991498,0.0007492659905051115,-14.207320710923753,-25.35034262572977,0.0,4,30435,147851.42752494622,8903.0,85048.20468931727,12,8,10,6
51225.703264840275,17053.15278351345,0.0007457099253637114,-20.511765066038006,-32.37377218078857,0.0,4,37033,207172.366942305,11803.0,118659.25049840531,11,8,8,6
7394.045000442571,2032.882276924857,0.0021005702714085796,-3337.3586083040755,-2931.978379279237,0.002020120620727539,0,378,20140.24722862464,129.0,9970.581369816566,8,8,3,6
6303.45588677208,1781.9924449026637,0.0018746598237490964,-3356.2098276135157,-3748.943555232296,0.0,0,338,22034.197024017674,135.0,11274.588928528698,8,8,4,6
6607.192717532878,1788.4286233118314,0.0020693288286898494,-2529.502556530404,-2556.783701125638,0.0,0,403,22268.602401861448,141.0,10823.139664143651,8,8,4,6
6754.442824985915,1902.791467875887,0.0017979957954059034,-2346.6982829734875,-3052.985255755321,0.0,0,479,28119.520270910823,162.0,14317.072751313215,8,8,5,6
5812.670942853068,1648.7423045783332,0.0019093461306550754,-3152.271437268137,-3192.96634370456,0.0,0,303,18145.38139011757,118.0,9311.105486830398,6,8,4,6
6418.707053045835,1651.5365612358833,0.0020031851619179346,-1025.4800158044209,-1117.2071746190206,0.008025169372558594,0,617,23458.761979761002,196.0,10663.853074213097,9,8,4,6
3526.853249481772,1019.8328828096622,0.0021580117027044958,-419.089173253472,-574.6005350779893,0.0,0,608,17311.588710760014,193.0,8672.151660931555,10,7,3,5
8230.420001641247,2319.6513865007387,0.0016790935433477793,-1841.5977119918534,-2626.8192705432693,0.002027273178100586,0,612,35409.630676941175,176.0,18021.291390430284,11,8,4,6
4624.448739617431,1307.7576380625417,0.002137391347298868,-222.9105920542239,-324.618280206763,0.0,0,963,20276.684085612636,253.0,10083.701417083197,12,7,4,5
4658.331739020054,1198.5488601222883,0.0019190753831549916,-201.84904917462296,-273.01021454119706,0.0,0,992,20805.190507394145,242.0,7909.9498032256815,17,7,4,6
4482.798191661784,1301.911143406492,0.001912322794133218,-83.27130948408461,-154.81874769964705,0.008027315139770508,0,1421,22826.471514328754,326.0,11442.80394889295,24,7,17,5
6044.366420840279,1636.7921079125217,0.0021414291629807424,-23.00310829756986,-37.8253602942141,0.0,0,3542,29538.577106332414,793.0,14095.384242556138,27,7,23,5
6534.157721600849,1934.3962901068758,0.002406474619280617,-11.967015844424578,-23.477933030622825,0.0,0,5236,28317.945678838536,1179.0,12048.285142770743,25,7,22,5
5523.750082568805,1985.1432804030424,0.00023787649109246784,-2.417204947669299,-8.268218944132002,0.0020248889923095703,10,8466,27983.053418468102,1919.0,15130.02450796929,22,14,19,12
5746.520874972033,2002.2183138075814,0.00023380246984250008,-2.368251531492345,-7.426165439434417,0.0,10,8834,28122.902136640783,1990.0,14184.21628367772,24,14,21,12
6782.693203763667,2439.6205040860696,0.00027401660822747845,-2.8184807682727637,-9.311527343663114,0.0,9,9725,32459.65833790273,2247.0,17771.177714735342,22,13,18,11
5997.119815851589,1948.7237563896147,0.00020715134365264454,-1.670463980007769,-4.743340006973804,0.0020246505737304688,9,10579,30461.88416904256,2475.0,13472.099257626998,22,14,19,11
7602.939485952822,2742.608354852043,0.00033669421434471056,-2.755912932090041,-8.621120908724997,0.0,7,11359,35933.87985793917,2704.0,20006.43305203502,20,11,16,9
9990.008636972652,3644.216582210102,0.00040470156065211093,-3.0198396466467994,-9.172792341329497,0.0,6,14939,47871.782959669006,3596.0,26954.126721697627,18,10,14,8
11140.787185826177,4159.743042519128,0.0004631514649547698,-2.3898546895922497,-7.391184282137759,0.002030611038208008,5,18141,50396.0972451564,4682.0,28572.380381749346,17,9,14,7
14693.550519151897,5489.52474795033,0.0006135407608895203,-3.2177655044005826,-8.79990591395034,0.0,4,22016,66006.64670846598,5849.0,37805.05959080826,15,8,12,6
16307.671968309567,6078.657572246953,0.0006180281449390415,-3.470166521012855,-9.240407686637777,0.0,4,23381,71831.57047598458,6345.0,41122.85116922164,15,8,12,6
17714.81383821791,6577.09864101282,0.0006300366209644593,-3.964116533774142,-10.192181050064027,0.0020189285278320312,4,24455,78192.37498290524,6550.0,44847.61975319838,15,8,12,6
23844.079089166156,8550.017400663444,0.0006659778503434507,-6.916589002692664,-14.857832446236122,0.0,4,26432,101859.45981504802,7360.0,58488.6858077207,14,8,11,6
28965.474233526944,10219.910203073177,0.0006905162511389197,-8.540803026749321,-17.244377645262475,0.0,4,30111,124373.1538257855,8755.0,71416.73386141154,13,8,10,6
25390.401325274714,9149.548593727266,0.0006214200346961406,-5.692341217232323,-11.918395636940202,0.0,4,30659,109580.92407747146,9024.0,62757.42821152159,13,8,10,6
27887.094874195776,9906.341568393038,0.0006287010553307532,-6.469475463707618,-12.546981927108112,0.0,4,32527,120444.37167503472,9814.0,68945.04548818624,12,8,9,6
48943.3828994883,16456.84342905945,0.0008162798602875784,-21.008605294091005,-35.16023101907672,0.00802755355834961,4,34343,195497.95112570957,10566.0,112527.55261876306,12,8,9,6
53280.284654861964,17786.31947875777,0.0007930919509966107,-23.085946252472905,-37.10273212148616,0.0,4,35364,207226.6211813859,11052.0,119074.89916058339,11,8,8,6
66812.56090176004,22028.37616306158,0.0008608015784988097,-33.929246432037985,-50.171953629691096,0.0,4,35702,239229.4437322746,11466.0,137543.95487116842,11,8,8,6
4126.911373371151,1098.7712855190782,0.0023167503266807005,-541.1318968993435,-537.5517806847591,0.0,0,540,13852.291191797281,192.0,5132.643026765589,9,7,4,6
3595.397364693495,1024.2807749750232,0.0020137501062105017,-233.52309828586996,-371.25189087254194,0.0020248889923095703,0,788,18113.972589024033,216.0,7955.997666039726,11,7,4,5
3985.8911559541903,1118.4292021092594,0.0022105512101875235,-188.02787563429027,-291.5605252676643,0.0,0,915,20015.61021046182,262.0,9913.519727459312,11,7,4,5
4990.1722104233095,1371.214391646655,0.002163202102954007,-60.674782192274265,-98.72005018844875,0.0,0,1780,25639.702468939136,397.0,12467.23299884412,22,7,14,5
5420.946393177405,1437.6034877537043,0.002332259628274401,-36.427016678883106,-59.52404265474898,0.0020227432250976562,0,2531,27511.696439013416,543.0,12756.898339230243,24,7,20,5
6268.386114963183,1671.6958007128158,0.0022524757992944265,-22.329180568806596,-35.901111457760756,0.0,0,3678,29322.02994854433,793.0,13632.24063789755,28,7,20,5
6084.048473497807,1902.574013106548,0.002466497923917788,-13.818628742318964,-30.184534505604436,0.0,0,4478,26991.321842424964,1011.0,13633.66247531568,25,7,20,4
5902.143429117201,1828.3233832367341,0.002417749199495861,-9.2993322761844,-20.750487759210024,0.00802302360534668,0,5485,28156.779479212415,1189.0,13853.809847763689,25,7,20,4
3945.942567619803,1129.9095885975933,0.00012117222972814971,-2.9655650460756506,-7.398854829149386,0.0,18,5828,23297.6135458002,1283.0,7892.706736162912,25,23,19,22
4718.107385320902,1651.418337422386,0.00019686005970753762,-2.794341218302612,-9.787019130609625,0.0020263195037841797,13,6790,24843.75542668874,1498.0,12517.482563937087,23,17,22,15
5230.043846323029,1878.0754740797722,0.0002241263929519139,-2.2838568281705522,-8.315425304003295,0.0,11,8309,28270.706091624666,1890.0,15169.143012795663,22,15,18,13
6211.955421632571,2229.293283429059,0.0003023325993494878,-2.5212280692539264,-8.653378983591042,0.0,8,9596,32053.62049838654,2220.0,17685.791064134042,20,12,19,10
7278.390337903148,2672.178164158602,0.0003203134260856275,-1.8077509531729379,-6.352610713701501,0.0,7,12822,35800.6264673888,3054.0,19888.685010289235,20,11,17,9
9835.694377027443,3574.6249297525337,0.00040227305523160626,-3.1261898059489255,-9.560906382740736,0.0,6,14481,47290.74142778154,3511.0,26597.681791586714,18,10,15,8
11611.993208837359,4286.803163757649,0.0006118943775603015,-2.9281290379366163,-8.658212955258735,0.0,4,18382,54979.39538046591,4673.0,31469.862355305275,17,8,13,6
18193.159666938052,6681.275972614875,0.0006428111281424356,-4.54225404369349,-11.333157079557978,0.0,4,24250,82391.11894556847,6686.0,47250.92103288075,14,8,11,6
23500.805634595177,8528.185256355633,0.0006639308421251787,-5.9638942768045835,-13.124049663698617,0.0,4,27498,99403.10701722174,7862.0,57083.15066107796,14,8,11,6
18864.339182493928,7109.166432063249,0.0005743324891609653,-3.1043275214882495,-7.712537722623516,0.0,4,28390,82905.24335374824,8230.0,47394.841274407256,14,8,11,6
49828.36638093076,16779.923273387685,0.0007948102254918585,-20.164797066048692,-32.560689771549775,0.0,4,34179,187585.9095680665,10654.0,107868.50222962518,11,8,9,6
70880.8082893736,23263.385812339697,0.0008855221226895089,-38.42453004078571,-57.771055648765255,0.0020215511322021484,4,37065,264714.4287898084,12142.0,152116.2508815435,11,8,8,6
76567.16450389884,24910.35561883542,0.0009229855467867609,-44.36304568235258,-64.07837268218492,0.0,4,38881,296665.6931118972,13091.0,169945.60965201014,10,8,7,6
64987.65217704104,21198.2988322178,0.0007792858313302266,-28.989313260082348,-40.703738800702894,0.0,4,40032,251835.92952359817,13919.0,143146.85344591603,10,8,7,6
6234.816457313158,1616.0038661764502,0.002273277583994501,-1679.8463513222136,-1371.0319281419802,0.008026361465454102,0,455,17615.326869930086,154.0,8085.469655917284,7,8,5,6
6706.15162315216,1840.192935983647,0.0020551493615758136,-2167.7831110887823,-2305.370167078655,0.0,0,458,22019.881569294987,166.0,10852.1598879359,8,8,3,6
6636.7576706714635,1733.2647018391074,0.002098635109136577,-1767.5454593155791,-1732.5193400721557,0.0,0,495,21505.529925231385,151.0,9995.218556191176,9,8,5,6
7316.389021988075,2039.8596435996433,0.0017923842206128658,-2167.3547100527367,-2846.0255300875224,0.0,0,513,30893.84757696383,158.0,15531.71125690225,8,8,3,6
4018.7663345326073,1185.0897840054752,0.0019860764013363424,-169.8363976063273,-290.30593466089385,0.0,0,969,19703.6155034743,234.0,9902.644782304349,14,7,5,5
4961.868680884162,1327.2846511068585,0.002350996018082866,-75.02581952151961,-118.44886314129103,0.008022785186767578,0,1617,25366.090890736297,354.0,11991.315016347224,22,7,17,5
5704.22330009954,1516.3333362727633,0.0023299444404996754,-45.8221264683701,-72.62989304030276,0.0,0,2365,27026.84822328564,498.0,12614.214859527867,24,7,20,5
6476.734408698773,1742.888075240714,0.002338189951505096,-20.42909265200514,-33.59439967880316,0.0020291805267333984,0,3909,29025.778743489078,839.0,13033.020976286512,26,7,20,5
6657.560017135542,1778.7001067590245,0.002219358659690294,-14.838707282706073,-24.16414280844399,0.0,0,5002,30892.79437860416,1097.0,14234.142357770826,26,7,24,5
6701.184922802724,1827.6584075621386,0.002300696227487736,-12.063546789920194,-20.170911088381146,0.0,0,5424,30372.208204876923,1230.0,13490.956210521523,27,7,23,5
5298.595809029031,1849.6128677725703,0.00022924915105703982,-2.006463473360805,-6.831544503985834,0.0,10,8858,28172.751787543035,2007.0,14237.876337204289,23,14,19,12
6205.3706104518205,2218.5995559939706,0.0002553332450579961,-1.2478210957145328,-4.5790945312269,0.0,8,12045,31394.36471334306,2824.0,15992.674277894323,20,12,17,10
8076.641888419815,2930.601349305368,0.000399822461190801,-2.542804156434522,-8.095327329826146,0.0,6,12878,39591.69854173302,3137.0,22265.95179984202,19,10,16,8
9635.430862988174,3500.7154595653697,0.00040841057506902425,-3.275664678182907,-9.802560086302686,0.0,6,13782,44746.22150043003,3295.0,25187.601834573987,19,10,16,8
6842.620106896619,2560.974149982999,0.00028278142464243755,-1.0482913386562118,-4.324835391530021,0.0,7,14136,33962.83308856578,3429.0,18739.82360270164,20,11,16,9
9940.001485192657,3686.344100182419,0.0004724737595103063,-2.3007771055776307,-7.295208058898833,0.008021116256713867,5,16723,46446.42464528852,4169.0,26343.058369993203,18,9,15,7
7336.733786320795,2799.4715889700265,0.00031389314394165486,-0.5731309844299224,-3.1150543111661415,0.0,6,17734,36740.82155760546,4433.0,20472.097963080145,19,10,15,8
12107.90081070274,4519.403497365791,0.0004795564939260805,-2.663449109088897,-8.017842650323876,0.0,5,19670,58743.291666055215,5069.0,33329.10702133445,17,9,13,7
34829.814580326565,12118.091089060528,0.0007059386077977295,-10.644593438696505,-19.552877442706436,0.0,4,32100,140065.00550480006,9696.0,80439.24870106514,12,8,9,6
49804.45974274691,16680.032128108884,0.000733032996681215,-18.629994640146325,-29.388032388603524,0.0,4,36482,193691.61783307642,11762.0,110981.1930373233,11,8,8,6
107681.38418118014,34745.04315079176,0.0011029605161011007,-75.22731287007242,-102.50750744552579,0.008025646209716797,4,39986,370324.4057781506,13662.0,211758.0966734619,9,8,7,6
6192.015040050696,1669.8500740376846,0.0022461436985995818,-1696.709583011752,-1723.0111261247187,0.0,0,441,18026.579612111007,146.0,8691.1373596364,9,8,4,6
6749.368547092577,1887.6325465413247,0.0019688623614086856,-2899.935056347104,-2971.30436888346,0.0,0,386,21923.3620896224,141.0,11072.267400444944,7,8,3,6
5758.002645726154,1469.071100732711,0.0022603124257597083,-1456.9650559742279,-1204.2756865372214,0.0,0,469,17663.458276632693,157.0,7968.502959086232,8,8,5,6
6241.509313341789,1647.0247623200178,0.002152344387485864,-1632.800455316016,-1666.360591947806,0.0,0,479,20397.2920272139,163.0,9584.291129217458,7,8,3,6
8618.018002829393,2453.1275999561794,0.001730366381786069,-5170.752301107736,-5316.797477464934,0.0,0,362,25708.36520990299,122.0,13274.622855039725,8,8,3,6
5459.697822934458,1343.3342870621148,0.002197933822393475,-803.0807493438289,-715.1685128394803,0.0,0,591,17700.860606322072,194.0,7574.550625286782,10,8,3,6
4079.917517180393,1186.724506604825,0.002323882936381413,-430.8093608232923,-548.7469671724691,0.0,0,623,14606.790527701205,190.0,7310.252419948396,10,7,3,5
6340.258652287647,1737.7075089558916,0.0022083704528226434,-2682.450585451002,-2515.9090365864454,0.00806117057800293,0,360,17843.578274430743,121.0,8780.280013171468,7,8,4,6
3573.1747129022297,1011.6557434714456,0.002239939141622304,-322.10860159764525,-473.2033827727805,0.0,0,680,17901.38237101539,214.0,8911.652413242686,12,7,4,5
4546.039674851897,1248.239450736398,0.0022553465919090965,-95.42108072639601,-149.9937745407102,0.0,0,1370,23235.89502181948,353.0,11308.780193363462,13,7,8,5
4703.8035656449565,1319.4360208737032,0.0020623869640909866,-96.41268906084929,-168.14295253374735,0.0,0,1337,23505.254333709072,296.0,11639.581255125035,19,7,5,5
4627.185911201779,1314.605526549846,0.0019983900655504926,-68.49069480754055,-121.65876816571394,0.008024215698242188,0,1648,23708.940508445674,360.0,11791.77097368089,21,7,15,5
5459.003018333885,1474.3694437422835,0.0022689058062899782,-58.2103820830939,-93.39295280253498,0.0,0,2042,25953.178837551197,435.0,12401.708783387126,23,7,18,5
5269.5567269484545,1440.9126783020213,0.00213320764015517,-44.58232898811418,-77.43108874869883,0.0,0,2208,26899.866812928114,469.0,13049.117131122788,24,7,22,5
5391.403600520466,1434.7144985201019,0.0022941086116483995,-36.74932646086827,-59.55123590410764,0.008041620254516602,0,2468,27659.19199567797,540.0,12950.413433474794,27,7,22,5
5328.867345051929,1523.7266260294923,0.00248104506444991,-18.990972211147678,-35.549138036246816,0.0,0,3462,26569.012865900775,732.0,11437.109226687458,27,7,21,5
5649.301555362562,1618.117842550637,0.002458334396705296,-17.766687810471844,-32.82209275175904,0.0,0,3740,27097.696768869497,797.0,11660.731877842183,25,7,17,5
5901.922323139871,1951.7842544728078,0.002523296341782555,-12.587132020332625,-31.326957183367192,0.0020189285278320312,0,4699,26871.407967298284,1025.0,15625.192346321717,25,6,22,4
4774.549408939427,1401.521457193105,0.0001547428521418913,-3.7508548391706986,-8.641692779582547,0.0,15,6094,24566.98934838824,1374.0,9656.571179524213,24,20,20,17
4331.808486653336,1441.716129382414,0.00018031977376924458,-2.0358441709715795,-6.815834797478581,0.0,13,7354,25554.372054989464,1673.0,11812.30338725897,24,18,21,15
4981.329671339331,1767.4373163704154,0.0002359120897991013,-2.0682411744064537,-7.423679465588426,0.008033275604248047,10,8283,27696.24791705147,1888.0,14653.778879294667,22,14,20,12
5361.475786001919,1772.6628878645129,0.00018618548565103272,-1.9837902907783458,-5.861914377034443,0.0,11,8795,27876.631605657432,2014.0,12661.162541227794,23,16,19,13
5844.7470910108295,2102.666996307458,0.0002664764716557493,-2.1778276169385564,-7.63546195956344,0.0,9,9646,30577.421574486263,2200.0,16715.899156500745,22,13,19,11
5914.047191102256,1881.4305209829017,0.00019693243238114448,-1.8483308129409926,-4.842634029312345,0.0,10,10042,29802.998083793602,2302.0,12813.680144509959,23,15,18,12
6833.389118168559,2477.3652967433295,0.0002925312957510065,-2.274681109357338,-7.723754324845517,0.0020248889923095703,8,10925,33792.51583458338,2525.0,18629.561558925074,21,12,18,10
9505.925803529124,3439.8620287344606,0.0004160356938115192,-3.5257436259404917,-10.218291091865021,0.0,6,12976,42293.302188018344,3057.0,23828.057626046357,19,10,17,8
10711.165244212838,4015.297112697479,0.0004647448527396904,-2.267628594812798,-7.232844911265406,0.0,5,18175,50657.51308435369,4608.0,28750.84655878917,17,9,15,7
12898.19231144056,4776.341164429811,0.0004909180609628153,-3.191116093702874,-8.915286913899582,0.0,5,18666,57140.55905377032,4816.0,32471.420031816757,16,9,13,7
10733.180734438245,4031.3284879723446,0.0005726548252088307,-1.8432381622566285,-6.039303786290737,0.0,4,19672,50108.8069119718,5050.0,28654.02349820816,17,8,13,6
15474.681131186873,5748.240891908482,0.00063432848974882,-3.592095148432332,-9.703423632784817,0.0,4,22012,68423.33376096419,5816.0,39235.17311299655,15,8,12,6
15748.83714673678,5870.21481869075,0.0006471763024735776,-3.4650460858781065,-9.394460679535813,0.0,4,22915,70697.27302794725,6052.0,40548.97954316405,15,8,12,6
18743.723515578506,6919.576452919697,0.0006453268204178373,-4.199342489223019,-10.288816772218953,0.0,4,25998,85345.7802182177,7164.0,48944.73906403413,14,8,11,6
22918.786275386505,8204.326994484436,0.0006953101202760412,-6.659886859640871,-14.579383662310724,0.0,4,26816,104268.08216513252,7560.0,59916.905423155345,14,8,11,6
27090.617480459725,9622.917551100056,0.0006903179204051746,-8.273982650987362,-16.95229616477921,0.0020236968994140625,4,27550,112098.09181763536,7889.0,64403.354684991355,13,8,10,6
33918.70475102682,11839.777328752756,0.00070357362995607,-10.672202992822632,-20.003551516549138,0.0,4,30906,136146.05416831284,9384.0,78183.63063213779,12,8,10,6
49224.94308184567,16568.95969110005,0.0008098641904461412,-21.929910376329026,-35.98357251542015,0.0,4,32533,186466.74063514033,9866.0,107326.30428114813,12,8,9,6
52690.3492020335,17541.761716762503,0.0007155335153797515,-18.977021569303375,-28.7488149052681,0.0,4,37858,201795.84766770116,12572.0,115267.200750119,11,8,8,6
83711.331847798,27234.199985443058,0.0009201179209855616,-47.724355811193384,-67.29200322816997,0.0,4,38937,299027.63789768494,12982.0,171229.38857851177,10,8,7,6
6925.689756461438,1922.4558313977166,0.002018962583436036,-3123.905666304952,-3370.8438112962617,0.0,0,382,21640.963490731632,121.0,10830.81245494121,9,8,4,6
5358.308674117249,1350.3204637557685,0.002244658289360984,-1165.8643624739705,-1029.0291005454849,0.0,0,490,17673.33710095468,168.0,7832.071074495809,7,8,4,6
6665.415162058806,1814.5334330134679,0.0020252312966724624,-1725.7934824722622,-1999.366897711038,0.0,0,507,23487.98269434551,160.0,11460.941555251506,9,8,5,6
7143.983263446379,1877.1368889965338,0.002054353036166018,-1686.3405492759323,-1649.3393433525873,0.0,0,535,22662.091075702036,184.0,10589.801586354853,9,8,4,6
4023.410314514313,987.2998251208816,0.0021819383734221877,-446.3955462060596,-434.0886283567209,0.0,0,634,16391.25301421004,217.0,6402.309435825513,9,7,4,6
4321.577445546851,1214.3303242040265,0.002203786156919128,-206.17227456049497,-298.16681936294566,0.008040428161621094,0,957,19978.153982452583,278.0,9900.177937142653,13,7,4,5
5031.61419624559,1354.602450809345,0.002346638117249908,-127.75003624378067,-182.42708779922063,0.0,0,1286,23526.747938703993,337.0,11294.146370995368,16,7,8,5
4447.87367074463,1274.2943450878288,0.001993790553782185,-68.05739728832941,-120.80107299457502,0.00202178955078125,0,1583,22891.502565278493,347.0,11413.548009366288,19,7,18,5
5198.741926101385,1408.1203664385766,0.0022005764957513515,-66.620768772372,-106.86836214677388,0.0,0,1788,26463.896494873785,381.0,12744.875108670421,25,7,22,5
5492.259006466271,1500.6444256269833,0.0024535140758593405,-26.52361530210483,-44.87346416770883,0.0,0,3026,26818.90564656096,667.0,11839.822072739145,27,7,21,5
5358.427487563644,1467.7007267327406,0.002431862375998979,-20.235102952309234,-34.29627506730301,0.010060548782348633,0,3327,27337.02769664485,726.0,12053.49504678907,26,7,19,5
6009.603991672995,1610.1850011922204,0.0022011668169094794,-21.303434665579747,-36.962650198360066,0.0,0,3655,29500.81855679093,772.0,13895.44716449803,29,7,22,5
4058.1365880395383,1205.6997967822608,0.00013544631328445085,-2.6645472098031826,-7.418770705759048,0.0,17,6115,23349.630416462358,1398.0,8860.71672201551,23,22,21,19
5091.78083646695,1775.735927225021,0.0001959643871849483,-2.271932566580713,-7.652164619374799,0.0,12,7814,26214.234934654083,1779.0,12818.852321208622,23,16,20,14
5142.467814591174,1554.2436323663799,0.00015796176559314333,-1.849150093497102,-4.6579599811457255,0.0,12,8810,28457.629542714465,2066.0,11314.028596882852,24,17,20,14
6669.036360041499,2404.172183206931,0.00028554460070364887,-2.966353562622585,-9.899218144066047,0.002028226852416992,9,9789,34868.43394911692,2285.0,19117.507425512973,20,13,18,11
7487.207242878594,2719.073153466073,0.00029542077511192404,-2.6096120942063448,-8.514862858324946,0.0,8,11308,35691.531203157,2631.0,19679.771836187574,21,12,17,10
7709.995258442443,2804.807322063338,0.00034647914390196653,-2.4864321522044768,-8.194020285476078,0.0020172595977783203,7,12474,38687.635588075,2887.0,21574.101058032546,20,11,17,9
10492.524234723214,3821.713571912305,0.00042222462168919444,-3.57660902428783,-10.269556663444687,0.0,6,14447,47825.65424337946,3457.0,26957.551623301464,18,10,14,8
10601.120081266181,3874.5621350831934,0.00042214572678993235,-3.259693582332165,-9.727124907242445,0.002025127410888672,6,15254,49716.57533935695,3650.0,28032.450259974532,19,10,16,8
9582.255583055394,3552.868237418442,0.00045931866278466304,-2.008712154644949,-6.475955042938564,0.0,5,16366,43348.17613515149,4044.0,24563.489784113306,18,9,14,7
10290.85236804502,3899.63786218943,0.0004407984044008066,-1.6619080305428193,-5.705582018870719,0.0,5,19557,51040.42584144155,5066.0,28872.295527480208,17,9,13,7
13469.890398818847,5145.638708246791,0.0005839500803389981,-2.1177574373469987,-6.473619464503731,0.0,4,23543,62680.70330339098,6424.0,35857.52574165148,15,8,12,6
27042.201945953104,9627.075679195726,0.0007157241279750643,-8.493095264640848,-17.792755353197457,0.0,4,26973,110531.62927031261,7522.0,63544.61944988911,13,8,11,6
23395.214650890168,8438.644264977735,0.0006755341034924253,-6.070183259176546,-13.395161108465139,0.0,4,27929,103407.2358471351,7864.0,59336.90925865984,13,8,10,6
55473.55921651157,18345.114623161477,0.0007793339622988394,-24.64747967293013,-38.27981463231204,0.0,4,36742,223631.91620208955,12084.0,128098.54828526004,11,8,8,6
84480.21644659064,27532.115659352392,0.0009264702132049464,-49.573887233090325,-70.1867303324593,0.0,4,37794,294202.9000525002,12417.0,168855.5214511836,10,8,8,6
77524.60637525546,25268.018701896355,0.0008725310925910917,-40.89672999524366,-57.691368336762814,0.0,4,39018,280072.06268134026,13153.0,160198.17957475758,10,8,7,6
6098.482045276137,1735.2022506429785,0.001825265568376655,-3172.4935371887295,-3422.976363451965,0.0,0,342,20495.640962391648,121.0,10562.851995512727,7,8,3,6
5301.181572758153,1294.0127318389802,0.0022853115977435334,-1126.1085462318872,-970.0163710637308,0.0,0,485,16123.577011370553,151.0,6849.582659970161,8,8,3,6
4568.621645088259,1092.3142176342235,0.002276353325846696,-782.6993819498824,-690.0038348780591,0.0,0,514,15493.221397529092,160.0,6317.407078692246,9,7,5,6
4216.815323514351,1227.491117877455,0.0022123628818429973,-362.8703541591273,-493.2570360308415,0.002031564712524414,0,690,16192.890582227501,226.0,8111.755534310811,9,7,4,5
4092.16546467418,1155.0747700179106,0.002243465642142961,-334.329469792685,-438.67507097028744,0.0,0,730,17941.97873161259,218.0,8927.424456279874,9,7,5,5
4794.109061663778,1314.161663172565,0.00240450736592137,-297.4333863280989,-401.6471800219547,0.0,0,859,19583.04410982159,256.0,9559.349384215315,11,7,4,5
4377.047831692721,1207.8803504327182,0.002253326843577341,-146.11630213006714,-218.768081678722,0.0,0,1137,21783.16473057535,288.0,10676.439350762405,14,7,4,5
4741.465057796569,1349.3117629618816,0.0019525843603636517,-69.25664749322925,-125.52953530106282,0.0,0,1543,24036.541141509373,332.0,11983.889636142572,22,7,19,5
5306.244074553199,1593.9915532445364,0.002547840020349782,-21.964690819595287,-44.40323978670307,0.0,0,3168,25309.821415708542,691.0,11575.779785887935,26,7,18,4
6561.83659835003,1755.292576036917,0.0022264862035040658,-15.844189773670529,-25.623240471021486,0.008037328720092773,0,4734,30403.05511516562,1043.0,14067.64350537872,27,7,22,5
4575.3875810316695,1422.4593616300701,0.000157049196347032,-3.1583002099095285,-8.970090529905944,0.0,15,6179,23949.3860184934,1381.0,10131.943541929899,24,20,21,17
4691.761458257783,1535.8781421323079,0.00016879860883198727,-2.7393199268615493,-8.259327341805239,0.0,14,6691,24589.602411593893,1460.0,11199.47958185526,25,19,21,16
5000.521738779259,1666.7815554850154,0.0001854241029385678,-2.674260102163264,-8.161255523045496,0.0,13,7359,25583.14869041833,1641.0,11894.668193524001,24,18,20,15
9564.706265786155,3466.535678175572,0.000362087400904146,-3.7918627801437337,-11.229597841275435,0.0,7,12658,43688.50307558128,3032.0,24413.919453006674,19,11,16,9
7661.702948912475,2814.156651826662,0.00039349524934776525,-1.901693073740626,-6.678426418564273,0.0,6,13912,39837.00749987678,3345.0,22390.231183359036,19,10,15,8
7007.2062560735285,2663.9894702522274,0.00027595297455523874,-0.6857667370179426,-3.557943387240009,0.0,7,15983,34916.34057598434,3958.0,19268.340695848725,19,11,15,9
9975.64735147667,3719.762434460622,0.000465245800313541,-2.0583595566446866,-6.724227305938067,0.002027273178100586,5,17699,48355.02841348026,4416.0,27403.63811448535,17,9,15,7
11567.486762874154,4323.966799521817,0.000473147077521655,-2.4963349326244977,-7.712663648147025,0.0,5,18445,52238.690023598254,4581.0,29628.0740968037,17,9,13,7
11234.79741156165,4205.847691591316,0.0005593780204123154,-2.174483672777359,-6.829987437723121,0.0,4,19060,50318.6975283402,4801.0,28746.014632153965,16,8,13,6
20067.740345895316,7311.915401885431,0.0006525651131677944,-5.438978407714453,-12.848346653644636,0.0,4,24371,86719.8720575024,6745.0,49758.38677958722,15,8,11,6
14567.80669608898,5546.951000991811,0.0005814101656262128,-2.305152095281084,-6.944593407362687,0.0,4,25602,71408.3512005693,6925.0,40839.03952696409,14,8,11,6
21455.36990661047,7797.239621447735,0.0006516843346574021,-5.293675096798872,-12.137167395586372,0.00802755355834961,4,27102,96497.03377007994,7584.0,55351.40175744376,14,8,10,6
39708.461933976105,13629.430610066787,0.0007806280960407532,-15.563845798058818,-27.409209297424695,0.0,4,30129,151251.11820505754,8890.0,87075.06450003406,12,8,9,6
67401.17109164262,22031.155762595394,0.0008746696520439803,-36.799123595648744,-54.90706081738404,0.008041143417358398,4,37693,269841.2666683024,12581.0,154703.2915197056,10,8,8,6
6076.831576673021,1665.6718047860425,0.0021586350893352947,-3108.3147692944067,-2852.8231971816504,0.0,0,340,18968.885400142455,128.0,9359.54869651817,7,8,3,6
6381.835569976767,1737.89911827011,0.0021560221611543577,-2676.157101884853,-2719.8140937650037,0.0,0,386,19632.936640503645,128.0,9604.434506291876,7,8,3,6
5727.080182983534,1518.1445580172897,0.002219434144763651,-1817.897183950252,-1682.0451145905124,0.0,0,434,18960.33962608532,148.0,8964.27096424934,7,8,3,6
4097.348985841917,1223.7386478580174,0.0022550476867047656,-451.1280237208254,-591.5052981697253,0.002024412155151367,0,597,14180.42298437954,202.0,7126.73808119875,8,7,3,5
5683.455786980592,1569.9093368888425,0.0021543713015003295,-2449.4280144372287,-2378.1223390669766,0.0,0,367,18201.69110595355,131.0,9061.11694221841,7,8,4,6
4664.629736888475,1131.3553234620106,0.0021091409644734826,-674.7779750258436,-664.4640165140088,0.0,0,554,18953.8446546215,183.0,7962.059569872752,8,8,3,6
3849.505859699386,1128.701616443705,0.002197754628768085,-280.8545983878928,-402.4212328447779,0.0,0,732,16078.077021802657,232.0,8063.037086328677,10,7,4,5
4129.637765649451,1171.3078238319906,0.0022755990494966703,-297.76547464528016,-420.91233531891214,0.0,0,773,17383.675478678473,236.0,8648.179316748508,10,7,4,5
4371.747008796595,1182.560273881309,0.0023901442660009065,-139.41111509399053,-205.49326757689184,0.0020253658294677734,0,1164,22303.66144649945,313.0,10732.372266425016,13,7,4,5
4610.510806973028,1232.7275726163637,0.0024199136550628526,-107.28363020521617,-160.1984526128337,0.0,0,1333,23588.512414028817,321.0,11179.773416275788,16,7,12,5
5046.176406589541,1368.537914444105,0.0022307590288150776,-59.44890114343579,-96.45875895013106,0.0,0,1881,25883.52766841868,409.0,12452.510809529766,21,7,11,5
5667.1134438891095,1514.7839680601883,0.002238953033806535,-24.567527799208992,-40.191896756576504,0.008025169372558594,0,3250,28870.6101659689,683.0,13549.21335423489,28,7,27,5
6356.875208792499,1741.422230387005,0.0023566164811101987,-15.680680833603436,-26.40423490193631,0.0,0,4552,29062.127338328075,986.0,12835.742528225368,26,7,25,5
6807.094950115422,1848.4168948123659,0.0023036549637279534,-13.69918200666144,-22.141408626394565,0.0,0,5149,30042.197903480395,1128.0,13438.714317666672,24,7,24,5
5692.506969069292,2034.1650508330708,0.0002474834508036301,-2.9013724221408994,-9.591783092860435,0.0,10,8026,28539.45102120323,1811.0,15459.890071717891,23,14,18,12
5593.297292446923,2008.700158704353,0.00024392516952390702,-2.4647830266274804,-8.476153063919478,0.0,10,8703,29766.637153057076,1983.0,16094.633108317801,22,14,17,12
5474.364069969797,1986.794198554733,0.0002337787976275469,-1.9358159708191782,-7.29259471610103,0.0,10,9171,28885.749186838686,2099.0,15599.027921206325,22,14,18,12
7718.741471402041,2815.799599922104,0.00029893238184017836,-2.5673216656553963,-8.291315629257978,0.0,8,11780,36662.85948552828,2733.0,20239.737920430933,20,12,18,10
8853.0959991461,3232.382042626245,0.00040362826885460194,-2.67433006538142,-8.414507400625881,0.0,6,13950,43471.07820415559,3409.0,24437.65384861277,18,10,15,8
11175.00639320033,4056.457891487991,0.0004280802263881924,-3.8164742475983227,-10.72696871359906,4.649162292480469e-05,6,15105,51107.259120979885,3652.0,28832.83024910053,18,10,14,8
10174.631633501636,3763.560926339951,0.0003948465184414142,-2.610236922984879,-8.06362012232263,0.0,6,15983,47836.65687293902,3967.0,26904.470102330786,18,10,14,8
9951.926979021146,3727.3226508152347,0.0004631421183278515,-1.9313531623576514,-6.4863925570639,0.0,5,17754,46941.72759736464,4401.0,26609.385797257186,17,9,14,7
11915.15335535495,4464.022457245221,0.00047802086577361324,-2.5377034054609644,-7.9016282586563165,0.002024412155151367,5,19395,56704.523772632645,4928.0,32167.240102149488,16,9,14,7
16118.650404608856,5935.740596244666,0.0006431246776439356,-4.105176247091448,-10.670952641018616,0.0,4,22268,73299.37880467549,5928.0,42033.24568323993,15,8,12,6
20233.765181025312,7335.699803618645,0.0006822508727641239,-5.69601155680192,-13.374836948194611,0.0,4,24604,90158.36103134503,6727.0,51778.75658659471,14,8,11,6
21668.162251833903,7832.663607621903,0.0006920391725056311,-6.160160150930152,-14.284262942172717,0.0,4,25612,95667.1471081337,6923.0,54984.07284504952,14,8,11,6
19444.270000858123,7180.663502673676,0.0006092029511391981,-3.6980050873497037,-8.99032517892288,0.008038759231567383,4,29421,94389.9032756955,8539.0,54041.836257808,13,8,11,6
26326.45504526089,9407.698620858926,0.0006323569194506155,-6.169938021677609,-12.327666214994178,0.0,4,31093,113906.71706979827,9406.0,65222.3035915966,12,8,10,6
40938.047773169084,13947.682951858758,0.0007760754909123873,-15.917919054093272,-27.954257312860086,0.002022981643676758,4,32135,165234.93351951079,9634.0,95041.25107663358,12,8,9,6
22534.057119635392,8260.019876763134,0.0005615022334081326,-3.5424824429787627,-7.513941152011334,0.0,4,33414,102642.54784012477,10122.0,58540.512568121165,12,8,10,6
69115.8225543935,22774.806544392108,0.0008674522202716169,-35.5010321997582,-53.02788108431683,0.0,4,36179,246622.14069684403,11659.0,141740.7071578959,11,8,8,6
41502.42446479268,14043.50600566943,0.0006498256816278476,-12.086016290717566,-19.37334766332775,0.008034944534301758,4,37048,167646.3768231871,12056.0,95649.84948117583,11,8,8,6
77735.80000172052,25313.835237191157,0.0008627617113077961,-41.048412861421646,-57.5009331564808,0.0,4,39064,280770.5489906324,13143.0,160431.6791660547,10,8,7,6
5434.727175352978,1462.3664410431875,0.0022134211095790456,-1619.8006861128342,-1709.6070713071854,0.0,0,433,18912.855494885967,135.0,9106.998839940607,8,8,3,6
5931.418064224899,1631.76175273746,0.0019829211429837025,-1819.2024359674997,-2312.922841323807,0.008057355880737305,0,486,24311.88832866406,167.0,12026.36803904887,8,8,4,6
4068.5233620912854,1197.4741971312878,0.002326883878558376,-454.13563621189604,-557.2804511637398,0.0,0,566,13863.767006936283,195.0,6951.803405738672,8,7,3,5
4190.012550797875,1040.6897383920546,0.0021147988782935266,-421.1069133436081,-448.37618970813566,0.0,0,656,17347.199747894698,197.0,6718.629905969974,12,7,5,6
4081.04331913077,1120.9383497248848,0.0023691604388072058,-183.893052352186,-264.8879216479333,0.008027315139770508,0,1007,20150.841581966073,272.0,9842.968015606515,11,7,3,5
4247.945816483448,1249.4793111140748,0.0019437541892322727,-125.36998663378523,-230.99172632856,0.0,0,1128,20829.6392673267,251.0,10467.133726054155,18,7,6,5
4586.663775639944,1291.945337931103,0.0020547258180748595,-80.13975661678329,-139.37731827166434,0.0,0,1461,23446.495545726004,329.0,11619.188147272609,22,7,9,5
6135.571097784389,1645.2648659825245,0.0021972986394345312,-23.07610047832913,-37.2037878014609,0.00203704833984375,0,3564,29508.821051981824,778.0,13912.156743264699,24,7,24,5
4041.9492717756675,1364.9613561355202,0.000179972608850474,-2.4799393112360315,-8.844928963500813,0.0,14,6349,23877.971753244597,1447.0,11352.87322350269,22,18,18,16
4859.02063007373,1703.1649959513443,0.00019905785175121965,-2.248942888250503,-7.830864448545803,0.0,12,7512,25779.953027260457,1701.0,12857.657191752216,23,16,20,14
4901.394974934921,1739.035510025875,0.00022516501674771933,-2.067946997026901,-7.464038393261406,0.0,11,8093,26765.17467923299,1826.0,13883.31330905146,23,15,21,13
5755.70540651232,2061.438626407789,0.0002812021763887684,-2.734891443860268,-9.461442385663165,0.008027791976928711,9,8869,31233.34136608422,1999.0,17093.322938511366,22,13,17,11
6619.590106907576,2377.4521848352288,0.00028325259113427337,-3.100908561958687,-9.925724664244989,0.0,9,9388,32754.893713288286,2143.0,17950.144919105493,21,13,16,11
5831.727784374491,2073.3223343459285,0.00025114012016169414,-1.9743287062565194,-6.553062095726808,0.002025127410888672,9,9618,29037.35073140466,2232.0,15194.5907732458,21,13,19,11
8658.402820684689,3181.551619188129,0.00038794056001659205,-2.339263465639897,-7.531300182012069,0.0,6,14183,40782.99786813792,3425.0,22897.94051369108,19,10,15,8
10622.779208231914,3861.6738315096363,0.0004944629723167491,-3.5201080860664185,-10.011384924947615,0.00202178955078125,5,14696,46639.931460760716,3578.0,26471.647018201606,18,9,16,7
12939.395432342188,4763.960594410178,0.0004931280758012244,-3.6093737369638887,-10.114362794527413,0.0,5,17959,57194.46466899043,4462.0,32467.779804136357,17,9,13,7
11001.75731921573,4129.607484492896,0.0006054197249801683,-2.1283074108725653,-6.851513832781365,0.0,4,19286,51638.00627391608,4917.0,29553.87637509826,16,8,13,6
12890.96295686664,4830.185865002341,0.0006153650493554715,-2.729194460139311,-7.969809753793154,0.0,4,20858,60202.74559388532,5471.0,34475.83431590846,16,8,13,6
31550.9142829393,11050.761682293567,0.0007328266034601164,-10.381265254242113,-20.384740776272523,0.0024907588958740234,4,29665,130864.17789873533,8617.0,75254.42573889665,13,8,10,6
35097.721795563244,12196.12954255542,0.0007066834247746081,-11.114272123116796,-19.970230868674424,0.0,4,31219,137492.82823390485,9360.0,78915.73552302062,12,8,9,6
98217.52651388982,31736.3875079611,0.0011110558421358653,-73.37380564489925,-104.77172311564478,0.0,4,38961,368340.5546767415,13145.0,211475.49412824935,10,8,7,6
96959.95050260055,31293.673591161667,0.001042779181274011,-63.357205965088895,-86.33855906099589,0.0020220279693603516,4,39940,347171.7394293261,14013.0,198227.89031321072,9,8,7,6
6193.630332409955,1604.069661063795,0.002190739270022298,-1699.8198781277176,-1594.2405930286204,0.0,0,449,19299.571904765377,149.0,8873.168143136852,7,8,4,6
4856.855859643647,1353.0829888252279,0.002289223331546996,-328.45565765375204,-440.6879359887426,0.0,0,837,19013.516991678687,242.0,9394.60245075274,10,7,5,5
4563.967242813187,1264.3724229553127,0.0022234293388432485,-123.79624210056139,-189.28242983729206,0.0,0,1264,22356.46983430392,301.0,10961.169135288867,15,7,5,5
4598.906455466142,1243.7676364009894,0.0023500541575789905,-104.15730451352903,-164.43208885744596,0.0,0,1374,23531.404681093136,297.0,11291.764274589466,17,7,13,5
5289.366097348318,1486.072853249174,0.0020014329716257703,-53.48580121386595,-95.3174391072791,0.0020194053649902344,0,2030,25280.35930696145,441.0,12513.045345407634,26,7,21,5
6064.573570288162,1740.8028439242278,0.0024816401291714255,-21.740704214194515,-40.44698484945254,0.0,0,3634,26534.84634658024,790.0,11410.353288443963,24,7,20,5
6018.068932641458,1609.9783846257164,0.0023539873090094882,-20.88280016895975,-34.737638687219544,0.0,0,3716,28541.305444845686,798.0,12852.101340879257,29,7,24,5
6870.266471433965,1851.02677105283,0.0022903500852188997,-13.320835219531395,-22.026206229650256,0.002020120620727539,0,5296,30206.173954736838,1149.0,13581.818406590148,27,7,24,5
4425.343701182337,1419.4656883367277,0.00016414947080946432,-2.9165138199011698,-8.781080839466828,0.0,15,6268,23806.151638979023,1383.0,10587.514300987445,24,20,21,17
6190.347502971213,2231.0960602752875,0.0002731033895039963,-2.7182159054224364,-8.984816248992589,0.002018451690673828,9,9228,31675.300969886586,2161.0,17308.060692240586,21,13,16,11
7397.017613317561,2659.3698535225,0.00031799265823869154,-3.4412846666987535,-10.325155978574944,0.0,8,10036,34193.14995649313,2333.0,18912.066956504816,21,12,17,10
4932.883006917289,1649.743382982859,0.00019911310364885477,-1.2253810774869272,-4.255996072249831,0.0,10,10250,29351.657138849285,2374.0,13244.81899397857,22,15,19,12
7014.734533559338,2543.9656394742,0.0003015144872340712,-2.402808208214762,-7.955132786159341,0.008038997650146484,8,10948,34193.12436000718,2597.0,18889.935834323784,21,12,18,10
7576.842955545397,2792.2076333664018,0.0003604909504708103,-1.5957339801207548,-5.685038883440419,0.0,6,14047,35879.25812607181,3373.0,20072.967885249585,19,10,15,8
10200.246921918899,3765.2404564373305,0.00046253910373516763,-2.532722373610079,-7.395642098052788,0.0,5,15776,43758.55356665881,4063.0,24784.382465478586,18,9,15,7
13769.11298296219,5128.146753072674,0.0006351958877859646,-3.2659589398086615,-9.232619913621281,0.0,4,20244,60306.19216766794,5131.0,34555.16222938933,16,8,13,6
17227.21889983187,6327.930400848802,0.0006582715718898694,-4.479329562488826,-11.291347064543308,0.0,4,22838,77630.69540966129,6142.0,44547.74213589425,15,8,12,6
9699.196416597078,3844.7804455579194,0.000509490437843197,-0.6763949739156176,-3.38957874163657,0.0,4,23486,49635.15463502753,6326.0,28279.68723966126,15,8,13,6
18920.219616863316,6960.1215373027,0.0006602643663177597,-4.468798900037616,-11.096158332762446,0.0,4,25459,86054.23773263907,6851.0,49382.06161694619,14,8,11,6
42966.10989377444,14593.048770787433,0.0007743110408196871,-16.638088846353643,-28.369426758113985,0.0,4,32903,170451.55810966363,9930.0,98011.79627790747,12,8,9,6
67537.06102335948,22241.028106005855,0.0008938585421974656,-36.82940371915394,-55.60188170792489,0.0,4,35349,247565.3607036277,11358.0,142449.36562344834,11,8,8,6
59971.735286151736,19800.66954807035,0.0008393797003716391,-28.641602583018045,-43.30428246139413,0.0,4,36268,230826.5014961812,11860.0,132583.91804507765,11,8,8,6
