rmse_I,rmse_Inc,rmse_Beta,r2,r2_Inc,r2_full,r2_Inc_full,time_predict,fraq_people,actual_peak_I,predicted_peak_I,actual_peak_Inc,predicted_peak_inc,actual_peak_day,predicted_peak_day,actual_peak_day_Inc,predicted_peak_day_inc
3379.0359032446913,845.8033964324491,0.00010129272148894204,-13065.952622816523,-15780.460191925169,-12769.10618912493,-12389.027079638674,0.003998994827270508,4,105,12324.0,38.0,3877.0,9,17,6,16
3908.1231535525253,989.3570039424596,0.00010339633202594424,-6705.613165173004,-7203.48473667439,-6624.893545030693,-6434.965893991654,0.0,4,171,14495.0,55.0,4811.0,10,16,8,14
4141.50246991757,1057.996440802142,9.990864545416248e-05,-5116.6352403913725,-5899.097009684041,-5067.976228150647,-5304.397217706082,0.0,4,187,15393.0,64.0,5229.0,9,16,6,14
4212.511995531882,1059.7813699453927,8.41084951326315e-05,-4897.947081490577,-6924.8905007119365,-4846.032692299377,-5948.14799829396,0.004001140594482422,4,186,15474.0,56.0,5055.0,11,17,5,15
4529.43923704506,1143.163059781937,8.955970261521818e-05,-9182.461363281687,-10478.937153458193,-8990.271956847413,-8523.488075015293,0.0,4,162,16769.0,57.0,5446.0,7,16,7,14
4846.387883860859,1256.581855007199,0.00011491151129335847,-4091.2054355785335,-5254.982827812558,-4050.443194279878,-4512.303281129042,0.00400090217590332,4,273,18258.0,78.0,6424.0,9,14,8,13
5363.449141915738,1359.1254119530938,9.780992169745578e-05,-4135.581757857408,-5239.773277715783,-4083.4769728096358,-4454.732606747269,0.0,4,267,20141.0,74.0,6591.0,10,15,6,13
5702.453568238559,1469.7700996527767,8.982351579476226e-05,-7224.539649639328,-10195.29646997365,-7081.806605603669,-7973.35972566373,0.004599094390869141,4,212,21470.0,64.0,7261.0,10,15,4,14
6018.910901276077,1536.1258120403636,7.281749263138206e-05,-9115.809449328042,-12843.722215921978,-9040.936115643364,-11286.314711608075,0.0,4,221,22446.0,62.0,7557.0,11,16,5,14
6260.660170527813,1592.7657745255578,8.804143209638968e-05,-4362.922533132696,-5386.238132456387,-4329.716917090075,-5047.307465376958,0.0,4,316,23523.0,90.0,7813.0,9,15,6,13
6350.29280328868,1661.7650223732999,0.00010408498337624121,-1871.9720349814563,-2647.8158858742963,-1853.1910974417663,-2420.0769692039703,0.0040013790130615234,4,482,24199.0,130.0,8920.0,12,14,8,12
6602.732129423142,1727.3771452937929,9.976625467596805e-05,-2008.8038731564347,-2780.9125253770285,-1983.60243481202,-2590.19198890967,0.00400233268737793,4,456,25158.0,127.0,9267.0,14,14,9,12
7290.3586660168285,1846.646662421735,9.609221132678443e-05,-4919.019589106872,-6076.079133184981,-4858.303216422366,-5266.234059122001,0.004000663757324219,4,319,27716.0,94.0,8977.0,14,14,4,13
7752.999209311409,2020.6592261767776,9.539988177159582e-05,-4374.156883526179,-6026.129501505279,-4310.132459255845,-5254.4690789074975,0.0,4,396,29484.0,103.0,11598.0,13,13,6,12
8081.89967741702,2126.3815141573255,9.244368240357089e-05,-3406.4087741793674,-4831.975653568921,-3274.6764166077614,-4551.710971384651,0.0,4,454,30829.0,104.0,12318.0,19,13,5,12
7943.587699056938,2022.8795339059743,5.205768272428818e-05,-1426.8798481627434,-1991.387012401451,-1352.936221445078,-1698.3010513772172,0.0,8,701,29497.0,182.0,9512.0,18,18,10,16
8563.14552189595,2169.8238263739295,8.143723757523707e-05,-6532.007411058055,-7978.011587081299,-6122.936493485996,-7374.360983614261,0.0,4,392,32631.0,96.0,10629.0,12,14,5,13
8668.352840478574,2207.8704622377595,4.99196175139869e-05,-3984.968304899164,-4981.377761348404,-3132.393795775179,-4025.531447144016,0.0,9,614,31857.0,148.0,10378.0,17,19,10,18
8763.26231837631,2217.0164129480186,4.2283854048315374e-05,-7729.462564966103,-10067.302061502685,-5411.570321406885,-6451.121680884363,0.0,11,534,31662.0,141.0,10184.0,16,22,5,20
9928.364449500496,2525.7222958570633,9.593812926720221e-05,-1103.6333487946922,-1638.326492743112,-692.6181636400414,-1259.7432484145459,0.0,5,1594,38672.0,330.0,13399.0,44,13,41,12
9849.834340328516,2596.443279204778,7.531687592118055e-05,-293.23399514323296,-433.50201289262253,-214.0748579774487,-361.34236722379427,0.0,6,2421,38273.0,520.0,15199.0,40,14,40,13
10142.30612309763,2588.7615214719494,5.338970088212224e-05,-253.8035315873944,-410.0662089610244,-174.6229595724956,-307.68158029372586,0.0,7,2659,38263.0,579.0,12498.0,62,17,50,15
10630.963397943813,2724.9313231326537,8.967661353631489e-05,-91.20619435188833,-132.5678609822943,-77.98571619205707,-120.46984754380675,0.004001140594482422,5,3792,41611.0,817.0,14280.0,45,13,41,12
10800.0053864509,2840.85775408544,8.90092775561301e-05,-48.34507576401247,-75.87733891565672,-43.006286546249655,-70.31653636530308,0.00400233268737793,5,4982,42101.0,1042.0,15381.0,43,13,39,11
12555.455858825542,3097.5674377243186,0.00011938642956927577,-22.98156447818298,-31.064662821428875,-21.696553975490435,-29.871060233865794,0.0,4,7599,48719.0,1648.0,20413.0,39,12,33,10
12270.202928875688,3164.5344381956593,9.630763545848017e-05,-14.601276134119844,-21.899432023483605,-13.779538367392595,-21.07422505099224,0.0,5,9234,47264.0,1962.0,20400.0,38,13,37,11
13120.927305024978,3304.7931651743856,0.00011441773717001394,-11.330941534387128,-15.599922305752724,-10.894729743141218,-15.195544121149481,0.0,4,11046,51119.0,2436.0,21946.0,35,12,29,10
12983.25014120758,3242.3272730915573,0.00011748710532334086,-7.043413288062583,-9.607823294183515,-6.8236641460824545,-9.410118097649473,0.0,4,13534,51570.0,3085.0,20804.0,30,11,27,10
11665.44946492633,3260.372192454925,0.0001512404710909203,-2.2950583845639017,-4.068229145257571,-2.2358547340999437,-4.0138052842747225,0.0,4,19896,51848.0,4850.0,20117.0,23,10,19,9
2389.28066667913,597.7525268314081,0.00013686983951249679,-3113.4573495521895,-3280.377876230535,-3071.4521083880736,-2840.5479843332687,0.0,4,154,8773.0,53.0,2738.0,10,16,5,14
2860.755427257516,712.0960916547709,0.0001089650086237381,-5214.518165726928,-7458.547082109566,-5122.635838717242,-5673.458516683665,0.004001140594482422,4,131,10424.0,40.0,3227.0,8,17,5,15
3240.9199713070157,817.8881214241143,0.0001094927238880423,-3531.9889206709177,-4129.795338368937,-3504.0484500721714,-3703.9088719927136,0.0,4,179,11977.0,63.0,3874.0,10,16,9,15
3397.850984445904,859.7844630584265,0.00011586107605347634,-3565.3851262467692,-4496.785641521977,-3500.8077811163744,-3599.7565717370658,0.00400090217590332,4,199,12554.0,65.0,4118.0,8,15,5,14
3677.913584266674,932.5117235634807,0.00011665195292989917,-5022.513627769046,-5717.965355225259,-4934.173294539968,-4771.77984077298,0.0,4,191,13694.0,63.0,4488.0,8,15,5,13
3762.6041070868278,947.4038869457946,9.951912752246975e-05,-5374.892789899213,-6913.758934303444,-5297.62126471995,-5828.980784844384,0.0,4,181,13898.0,54.0,4428.0,8,16,6,14
4010.263852499816,1025.0808352271542,0.00010920030917234294,-2059.18830148093,-2865.8117616375853,-2045.400140055599,-2623.4917312669577,0.004000663757324219,4,268,15126.0,77.0,5050.0,11,15,6,13
4320.075944548506,1104.63711990258,0.0001117525840390782,-4901.9461917052495,-5287.912526484358,-4836.916251997918,-4546.989323187125,0.0,4,203,16222.0,76.0,5427.0,9,15,5,13
4446.69292260177,1134.1151653748984,0.00010360393787652483,-8234.160532693953,-10456.973045555766,-7892.570335620795,-7134.328055475296,0.0,4,182,16575.0,60.0,5530.0,7,15,4,13
5018.138752731601,1271.0607405824476,0.00010596607346679234,-8906.636228976156,-10682.163007751204,-8644.784844900196,-7682.48224171558,0.0,4,173,18796.0,65.0,6109.0,11,15,4,13
5085.19092664343,1313.1513225189751,0.00010645391762722596,-3648.826537870901,-4548.951357275622,-3609.341691451939,-3923.0133797339845,0.0,4,277,19153.0,93.0,6644.0,9,14,6,13
5180.777644331013,1335.9480053193188,9.65791149592889e-05,-4758.078487869856,-6373.1546345609,-4722.414239440675,-5943.857515303952,0.00400090217590332,4,228,19515.0,67.0,6615.0,12,15,8,14
5738.058516751696,1479.049959010851,9.729970764335341e-05,-5472.78033484076,-7530.911521563705,-5382.321394355441,-6199.58256537806,0.0,4,252,21530.0,78.0,7507.0,12,14,5,13
5986.782385667057,1512.4047800605497,0.00010420772137241466,-6102.540603976144,-7643.936719722089,-5972.085865492101,-5870.176637145994,0.004000663757324219,4,266,22636.0,84.0,7523.0,9,14,4,13
5993.911722705243,1570.443319177741,9.875239140081811e-05,-7468.9515844624175,-10760.350206048119,-7295.869828283351,-8179.992303240241,0.0,4,240,22628.0,82.0,8314.0,7,14,6,13
6356.140511184178,1597.8163353986172,0.00012178261770754097,-3583.9389666056413,-4139.133265646733,-3539.333710842948,-3558.3637371907944,0.0,4,352,24223.0,104.0,8903.0,10,13,5,12
6351.592634102359,1605.2689481309149,9.926484454401787e-05,-4026.8612309227424,-4704.884436497142,-3982.608207884729,-4186.307773815466,0.0,4,336,24105.0,97.0,7900.0,10,14,9,13
7748.783944244628,1980.7518695561037,8.831276086874574e-05,-4763.053783925404,-5613.196588054964,-4629.992560248011,-5118.873116567679,0.0,4,366,29461.0,104.0,9981.0,15,14,9,12
7949.832917531454,2016.6671401514595,9.115421528822438e-05,-5781.100663093904,-7669.470135574275,-5640.228024892874,-6791.3522051706,0.0,4,323,30240.0,88.0,9873.0,15,14,4,12
8258.491435587172,2119.673687544068,0.00010697031738690043,-5123.676748497308,-6729.228027787787,-4907.687366390621,-5603.930180978876,0.0,4,403,31645.0,124.0,10811.0,14,13,4,11
9003.454107269172,2301.605882486807,7.771875098601132e-05,-2162.0188275087085,-2906.4759752969985,-1432.1762764100436,-2441.5225316257006,0.0,6,998,34499.0,218.0,11258.0,40,15,23,13
8718.229772124074,2199.250526066663,3.684239418361775e-05,-5598.903906141189,-6789.877557777771,-2013.5322013284351,-4221.7095244653665,0.0,11,883,31216.0,194.0,10059.0,52,23,44,21
9424.017658512583,2424.2810618133094,6.440406442238366e-05,-2317.494669238968,-3729.6596849508824,-983.642605566458,-2189.742704059533,0.0,7,1370,35923.0,288.0,12785.0,47,16,51,15
10301.75862605379,2795.0181601895674,9.775667497316363e-05,-50.96205915574834,-82.92113085386272,-45.48967402537235,-77.27576512153172,0.0,5,4549,40536.0,972.0,17704.0,44,13,38,11
10873.334738079013,2773.780712692563,9.005668472682864e-05,-48.16958103107796,-68.0582366799118,-42.76565638799143,-62.81376400284174,0.00400090217590332,5,4971,42267.0,1106.0,14642.0,45,13,38,12
11185.523476915669,3038.656327011038,8.708783501831171e-05,-12.818020406694572,-21.495642279697446,-12.074933754956296,-20.673381177458197,0.0,5,8900,43599.0,1872.0,17612.0,37,13,34,11
12875.663446903101,3200.1897079183705,0.00011709301978907496,-12.046212847047785,-16.404294645018116,-11.570056609940508,-15.967786281667511,0.0040013790130615234,4,10364,49869.0,2296.0,20970.0,35,12,32,10
11992.188697231211,3418.8471268957514,0.00013034564852553492,-3.965884042857267,-7.350688474990854,-3.8541817650181,-7.229545392529863,0.0,4,16200,48949.0,3718.0,22615.0,28,11,23,9
12773.891663842438,3402.4267105748704,0.00014422299910971822,-3.8246638591127713,-5.932556575291347,-3.7261705040858217,-5.844300217436033,0.004001140594482422,4,17637,53478.0,4181.0,23417.0,25,11,22,9
3257.0429536749025,822.3361602268665,0.00011200253775910789,-4630.173837161163,-5383.765179163902,-4590.728955318093,-4904.112992834859,0.0,4,160,12012.0,50.0,3887.0,12,16,6,15
3401.050138070103,855.1950983547555,0.00011003452400785947,-7467.495021635299,-9679.53935940873,-7218.681953051759,-7524.790331760869,0.0040013790130615234,4,135,12532.0,41.0,3990.0,10,16,6,14
3513.1373354168777,885.5599393886333,0.0001043461341003416,-7434.984782999804,-9027.045214310789,-7226.179620027482,-6656.591321626691,0.0,4,139,12920.0,46.0,4167.0,8,16,4,15
3918.4656568823807,998.7622183232604,0.00011855901962867888,-2095.3151994126656,-2851.114958247655,-2077.8960014665467,-2548.7066156454607,0.0,4,279,14764.0,68.0,4887.0,13,15,6,13
4460.498295220688,1134.357761577008,0.00010485429022839387,-10425.364222530226,-13885.24071194379,-10088.948684968795,-8942.577990618378,0.0,4,160,16588.0,63.0,5466.0,6,15,4,13
4634.349824049396,1173.0287143046983,0.00011249678768680095,-8163.81758883485,-10228.696990426282,-7865.211468102735,-7046.826546264556,0.004001140594482422,4,174,17306.0,65.0,5660.0,8,15,4,13
4749.557220590848,1202.9121781465733,0.00010958594678272953,-6070.410596793719,-6993.374763978752,-5976.467876574236,-5740.446837636227,0.0,4,218,17747.0,72.0,5834.0,9,15,5,13
4799.337809140965,1214.8392983573315,8.894525004660373e-05,-15650.27173143446,-17131.35496381763,-15196.768799356685,-12705.064342783657,0.0,4,140,17782.0,54.0,5846.0,9,16,5,14
5142.3672432629055,1301.5871961442563,0.00010253122141766991,-6952.813860783827,-7488.602489835156,-6831.572113246331,-6262.68067155042,0.0,4,218,19265.0,73.0,6266.0,8,15,6,13
5431.423916471322,1377.3366925277687,0.00011301341543779512,-3319.490021316692,-4369.180910132348,-3288.893736704309,-3931.3385244883966,0.0,4,293,20666.0,80.0,7027.0,13,14,5,13
5386.622835591579,1378.9765944049473,7.899690357910302e-05,-7255.780758490615,-9101.57753012433,-7186.2060991098915,-7907.324712434546,0.0,4,213,20105.0,59.0,6843.0,10,16,7,14
5692.468791087044,1441.4379430797567,0.00010904433829061394,-3047.208611923704,-3561.314876289511,-3019.775158168845,-3217.176647912303,0.004000663757324219,4,343,21620.0,114.0,6942.0,13,14,6,12
6186.083178696355,1571.4442004092923,0.00012257426315426031,-3462.8698262121143,-4237.366030989273,-3427.6616418780736,-3672.9172513724934,0.0,4,316,23576.0,109.0,8905.0,11,13,6,12
7197.039423870763,1825.8460453307666,0.00011280273131451672,-2522.926852595978,-2982.8983259443658,-2488.7937051264093,-2727.542635988047,0.0,4,472,27646.0,137.0,9165.0,13,13,8,12
7076.946018280214,1834.0196646805025,6.259303022002933e-05,-1242.1127798378618,-1855.0150214027083,-1175.1621672730764,-1503.4631276377313,0.0,8,657,26489.0,160.0,9109.0,16,18,11,16
7701.408830802756,1978.1502117929938,0.0001225338320316286,-2721.0293309020462,-3349.3356564837804,-2654.1227880561455,-2977.7177880563777,0.0,4,495,29462.0,138.0,12125.0,11,13,5,11
8987.274374775703,2234.5054658879967,0.00010195494996227977,-97704.45050342716,-44132.25180788988,-20897.029799888143,-25161.031810458004,0.0,4,409,34362.0,110.0,12442.0,18,13,4,12
8333.403483871401,2057.035410929569,3.004307761314786e-05,-22691.009647842446,-13203.37348222676,-2949.236357746718,-6018.44669863996,0.0,12,724,29220.0,167.0,8830.0,67,25,53,23
9896.548444098224,2490.22949254319,8.610800611622598e-05,-252.90337717284768,-378.1203697076208,-190.1138458705898,-317.18280789981486,0.004000663757324219,6,2649,38099.0,539.0,14298.0,51,14,47,13
10097.685182883826,2599.022729290458,0.00010700116127024823,-170.8329426425613,-244.99632505052045,-139.00908170692492,-217.5349671575022,0.004000663757324219,5,2933,39550.0,603.0,16806.0,49,13,37,11
9991.404559077662,2766.722897124626,9.400824047093602e-05,-47.20269899124416,-81.27071484568485,-41.896335551605496,-75.39177625675852,0.0,5,4657,39208.0,973.0,16975.0,44,13,34,11
12137.624623459073,2999.0180858352064,0.00012118231019251579,-16.525882642256864,-22.52773921487197,-15.758377365790444,-21.797854782049342,0.0,4,8560,47408.0,1859.0,19695.0,37,12,32,10
12183.502860767643,3060.4765679411216,0.00011683715699979171,-13.387808604655465,-18.53223110160615,-12.82596612022658,-18.00299521984329,0.0,4,9470,47957.0,2065.0,20328.0,36,12,31,10
11759.77141471363,3099.021813411451,9.435801809668658e-05,-8.832105817616139,-13.83727195903123,-8.418114921063893,-13.407675619072142,0.0,5,11003,46168.0,2378.0,19966.0,33,13,32,11
11645.03611478227,3254.813609934779,0.00013268131191588052,-7.076721916500377,-12.523632660113835,-6.835596162674485,-12.258271324294146,0.0,4,11944,46129.0,2685.0,21238.0,31,11,27,9
11762.981043121397,3309.78386599236,0.00013410997274455373,-5.29647381541336,-9.429465618552632,-5.134300499569311,-9.254471438302051,0.0,4,13926,47591.0,3125.0,21951.0,29,11,26,9
11737.855034122858,3727.284745349712,0.00017180994036215363,-1.6627512535909208,-4.136456208894739,-1.6216913747439783,-4.091779220298202,0.0,4,22816,55590.0,5652.0,28051.0,21,10,17,8
2370.7904294594805,584.3431854084835,0.00012080042779441192,-6900.969977429977,-7863.730253621378,-6675.592016531176,-5763.091220012272,0.00400090217590332,4,107,8462.0,36.0,2594.0,9,18,5,16
3024.276654218327,761.1419531970805,0.00012136642956911058,-4930.4859770463,-7484.420039367652,-4765.341448321066,-5227.973814871678,0.0,4,153,11166.0,48.0,3600.0,10,16,4,14
3297.4147765080047,840.1664455630206,0.00013173485943942435,-3634.3644136235266,-5169.112338547908,-3551.004435808674,-4066.142275817697,0.0,4,174,12348.0,53.0,4110.0,9,15,6,13
3445.042956009402,870.9735752306151,0.0001238399679208803,-9126.802317933932,-10464.274081303636,-8707.574403600836,-7227.478820814412,0.004001140594482422,4,138,12654.0,52.0,4168.0,8,15,6,14
3780.119267573886,954.296097480581,0.00010471988509496273,-6584.386069147196,-9345.351232766874,-6450.796753578882,-7344.337316923986,0.0,4,160,14007.0,44.0,4584.0,10,16,7,14
3946.5097132360725,998.7862373484462,0.00011300534841300043,-7938.479125398942,-9519.548580612493,-7711.901766793783,-6781.737526949039,0.00400090217590332,4,151,14630.0,59.0,4757.0,10,15,4,14
4210.636136866178,1088.7152501151681,0.00012840032327477178,-2864.613225464206,-3596.062828300924,-2829.8922349014656,-3089.3056496739396,0.0,4,250,15986.0,83.0,5544.0,14,14,6,13
4530.921048979261,1144.0149010174648,9.042613695324623e-05,-8804.679523809438,-10255.143872779729,-8750.434171954455,-9543.358021877846,0.0,4,160,16719.0,48.0,5444.0,11,16,6,15
4810.407389192728,1233.7233913037396,0.00010079330378134941,-5131.5377706295985,-6503.300678973161,-5084.9630339370715,-5779.428028217154,0.0039997100830078125,4,224,18066.0,65.0,6044.0,12,15,8,13
5447.389075473068,1388.2059090183031,0.0001200246487422037,-3682.8654365743064,-3646.2925553969476,-3651.9280546658074,-3407.6252618379112,0.0,4,281,20670.0,96.0,6946.0,11,14,6,12
5713.635604666845,1466.2900108209608,0.00012250871697207702,-2333.4478346261185,-3040.8640302613476,-2304.7501511235796,-2708.4431953271705,0.004001140594482422,4,379,21859.0,111.0,8206.0,10,13,6,12
5973.786540831256,1593.260418267104,0.00011494666367852247,-3060.4519829184114,-4447.705329861785,-3022.599574882827,-3750.792976568033,0.0,4,355,22715.0,100.0,8918.0,11,13,7,12
6621.673115925209,1702.478900383203,0.00010738321906056549,-3184.957001603757,-4698.556115261698,-3135.88173316556,-3898.8927370674783,0.0,4,374,25270.0,112.0,9588.0,12,13,5,12
7680.209413513193,1922.0577216662007,0.00010766669557823116,-3726.1962009562876,-4715.009747081194,-3583.335105370208,-4224.5192370999575,0.0,4,424,29455.0,114.0,10424.0,13,13,7,12
8104.125007545912,2051.1653177936537,4.238378801543441e-05,-9217.109566674619,-8622.233976221512,-5493.9842701714715,-5503.355970720691,0.0,13,573,28849.0,168.0,9225.0,35,24,5,23
8569.25077729731,2181.9547127337573,0.00010498532050217505,-1270.4144001581,-1512.1296971265672,-1019.3721771782386,-1365.3681301210897,0.0,5,1030,33456.0,230.0,11459.0,23,13,18,12
8736.761961300139,2379.744271975457,0.00011240193259207058,-736.035032780141,-1080.413301100828,-519.1849278924446,-923.0522018495562,0.00400090217590332,5,1544,34336.0,343.0,14957.0,39,13,31,11
8417.98201007529,2026.644129300768,2.3050081408958294e-05,-2327.209753450198,-3917.0138440094624,-796.2006680116117,-1669.5168051127719,0.003999948501586914,18,1122,27400.0,229.0,7751.0,76,32,72,30
9227.763756556002,2361.8798003898,8.561354789487561e-05,-798.7791694537591,-1134.563408336805,-483.9232094901085,-871.0140770994051,0.0,6,1698,35551.0,371.0,13704.0,46,14,39,13
9047.507352566055,2475.9740454383223,0.0001048179862246667,-363.22622468468336,-570.6626192664147,-268.474460855697,-484.14493591472865,0.0,5,2041,35506.0,430.0,14865.0,46,13,42,11
9808.898347820326,2457.431817629509,9.205901122182472e-05,-207.53035833168224,-308.8411032914293,-156.4229632375915,-257.9424523232713,0.0,6,2755,37813.0,598.0,13840.0,49,14,48,13
9646.493433803864,2575.609552789602,0.0001064104629979212,-92.30508597074876,-143.1960665820385,-79.43878514380734,-131.61054950225352,0.0,5,3493,38056.0,736.0,16496.0,39,13,39,11
9763.657753440346,2618.989347057372,0.00010489929024454238,-77.2347875496347,-125.20979861259923,-67.1512461285976,-114.84510998330737,0.004000663757324219,5,3758,38399.0,787.0,16702.0,44,13,40,11
10967.992965803574,2787.55161387193,0.0001408235983469862,-22.101214314478796,-31.58185407897836,-20.85709087051518,-30.442739448033052,0.0,4,6672,43354.0,1440.0,15809.0,36,11,32,10
11527.843310133025,2925.911369202002,7.64249237809894e-05,-12.81750831523625,-18.333577971992256,-11.97363293601084,-17.513369397565096,0.004000663757324219,6,9113,43641.0,1963.0,16909.0,39,14,35,13
11677.944150548647,3128.951761373128,0.00014808831254492665,-9.02784669592137,-14.659409282518343,-8.699782819858129,-14.319925971904008,0.0,4,10835,46856.0,2362.0,21290.0,31,11,26,9
12726.885249999965,3362.0391443785024,0.00015456403457848674,-3.975212420836854,-5.950744270698233,-3.8741521681225697,-5.86370322425214,0.0,4,17378,52634.0,4096.0,22881.0,26,11,23,9
11290.51077186428,3402.5790233904436,0.0001670046286346788,-1.718266853108612,-3.8011326518040702,-1.6728968354470442,-3.7536600912646634,0.003998517990112305,4,21640,49880.0,5238.0,21645.0,22,10,19,8
11006.912534951995,3354.6009667072676,0.00012639829413990707,-1.2031732069341592,-2.8738302291020252,-1.169396973437021,-2.8371326431188777,0.0,4,23936,50747.0,5921.0,23448.0,22,11,17,9
2559.556577807961,644.978019651316,0.00015183553093404934,-8464.932233624566,-10947.405606387718,-8243.27554043246,-8064.141650039177,0.0,4,96,9439.0,33.0,3006.0,10,16,3,14
2659.211789938891,668.8652937998802,0.00013765482645340362,-4221.8562201413315,-4265.854268860602,-4167.4022137405,-3794.1315527867973,0.0,4,138,9824.0,53.0,3208.0,11,16,5,14
2791.8112848113497,705.6331598288165,0.00013967692193326506,-3494.7228581523214,-4669.952426418569,-3399.371737480991,-3505.527623725769,0.0,4,173,10309.0,48.0,3367.0,9,15,5,14
2928.573897465568,736.6514115124828,0.0001328310577592546,-9926.096623529882,-12293.267385147892,-9104.317412220074,-6667.780018843385,0.004000425338745117,4,107,10791.0,45.0,3518.0,7,16,4,14
3049.9942844891802,766.913110299987,0.00012766756446895694,-10647.979879585311,-12260.476332987235,-9941.847706207931,-8112.938259115127,0.0,4,99,11253.0,41.0,3624.0,9,16,3,14
3973.6638084392594,1010.2839895709193,0.00012565279554922887,-5313.561151936723,-6018.700954292269,-5219.870879227988,-4842.140694476572,0.0,4,181,14909.0,60.0,4907.0,9,15,8,13
4071.166361335123,1040.8523550436921,0.00011921441732517903,-3666.4870567885155,-4632.310298197932,-3630.4461935706263,-4078.088545874704,0.004000425338745117,4,216,15324.0,70.0,5105.0,10,15,6,13
4291.354960363141,1086.258012053306,0.00013958000362916442,-3283.5520444528643,-4334.197517477164,-3232.5840598416235,-3517.6475631348435,0.0,4,251,16242.0,72.0,5221.0,9,14,5,12
4462.923134701067,1154.613968678132,0.000118325636185263,-4630.159282209964,-5587.722246886804,-4561.08814969547,-4680.596663862166,0.0,4,225,16799.0,75.0,5823.0,8,14,5,13
4846.127643326852,1240.4290714305273,0.00010548784230428809,-6388.222900315556,-8085.489214368523,-6300.405890239844,-6622.085914800812,0.0,4,186,18248.0,66.0,6050.0,9,15,6,13
5503.3248075595175,1436.1714331571516,0.00011950692926792946,-2658.703519260469,-3776.886668256618,-2629.602739204736,-3255.9440252359577,0.004000425338745117,4,348,20852.0,98.0,7642.0,10,14,7,12
5663.461557431108,1468.838546976261,8.78652063037272e-05,-5944.354900071724,-9339.892408298256,-5868.8978874924915,-7656.192877642758,0.0,4,227,21355.0,62.0,7339.0,13,15,4,13
5886.282140494117,1492.8796069453604,9.249739161200757e-05,-4313.91079269383,-5318.113525389676,-4271.174291289584,-4900.993980712253,0.0,4,265,22185.0,82.0,7265.0,12,15,6,13
6213.290882756899,1598.4590431099573,0.0001150477591145441,-2118.8419961785307,-2673.6942256001485,-2094.0145328241047,-2465.0026366430257,0.0,4,429,23818.0,112.0,9067.0,12,13,10,12
6581.919075676182,1652.7358978120692,0.00011959137712511999,-2000.8152293514393,-2486.1723445650373,-1979.1827690823825,-2280.1146523743378,0.0,4,446,25294.0,130.0,8787.0,12,13,6,12
6648.631853376989,1696.2944396793137,7.033328775379554e-05,-992.5764009009897,-1534.9258581328058,-937.4032920256429,-1175.832765793567,0.004000663757324219,8,624,24764.0,156.0,8146.0,16,18,9,16
8327.722490113394,2184.664502700976,8.528379796422725e-05,-837.1431651204796,-1087.3829975523568,-603.9430835971436,-951.5897871966005,0.0,6,1304,32397.0,283.0,12601.0,31,14,26,13
9294.950016003313,2365.8233595137767,0.0001147608160905329,-313.29488147075756,-412.50101025070404,-242.67637036076206,-361.6908988083048,0.0,5,2144,36634.0,464.0,15301.0,39,13,30,11
9116.891755071145,2496.313374389901,0.00010855940606791032,-198.58466734929007,-342.15725908551036,-155.74144606752245,-294.5998534464218,0.0,5,2639,35577.0,559.0,15023.0,50,13,47,11
9943.995596920735,2490.732363234388,9.268217583805772e-05,-82.21051054463706,-116.80097370747764,-70.59533718739749,-105.74240622896485,0.0,5,3755,38550.0,784.0,14430.0,48,13,37,12
10181.163774860235,2557.01753899672,9.252616853201838e-05,-44.616587624790334,-62.44307583100766,-40.04063221733923,-58.23562796176924,0.0,5,4756,39515.0,1032.0,14321.0,46,13,41,12
10897.59953068794,2678.701253639532,0.00013236794199673183,-30.807593166058467,-40.81211617662003,-28.821365743604932,-39.05318323431836,0.004000425338745117,4,5728,43169.0,1268.0,17406.0,39,11,31,10
11037.772762767858,2712.0338097849494,0.0001348980338565943,-25.349757549947196,-34.25139024130092,-23.85002956691609,-32.919067798490154,0.004000186920166016,4,6475,43385.0,1387.0,16865.0,37,11,37,10
11576.549728869997,2932.725806523685,0.00013480978774476748,-9.626900930923297,-13.706181846940076,-9.263937782827377,-13.368557185057513,0.0,4,10402,45684.0,2282.0,16845.0,33,11,28,10
12643.60654350978,3293.765025266172,0.00011002833031264286,-4.70196446005033,-6.86226933292349,-4.572246285159619,-6.739297736153789,0.004000425338745117,4,16160,50554.0,3710.0,21808.0,29,12,25,10
2500.9390611328377,619.1031315540247,0.00011972377675339117,-8401.880324807362,-9999.647037506793,-8034.220754486707,-6994.861693956236,0.0,4,97,8961.0,35.0,2777.0,8,17,3,16
3421.1266769272565,870.5848249883524,0.0001275012233279404,-3125.6387576561883,-4304.598047216913,-3084.1083792553036,-3645.299608459442,0.0,4,217,12812.0,55.0,4230.0,10,15,5,13
3718.4139512028514,967.1749023142953,0.0001447182589994365,-5728.750758610097,-8954.707027212331,-5494.895188630579,-5508.265030674847,0.0,4,168,13997.0,63.0,4899.0,8,14,5,13
4227.271348291157,1093.303756586735,0.00013306025682093358,-2977.6563508239246,-3851.2256656153727,-2945.934137417488,-3364.030329244958,0.0,4,267,16043.0,78.0,5621.0,10,14,7,13
4371.688626596898,1108.8872989022225,0.0001205193016810224,-5158.127043477211,-7017.942799381615,-5061.234301397984,-5325.354233032944,0.0,4,196,16375.0,63.0,5375.0,9,15,4,13
4473.519100868279,1160.6220359861632,0.00012570791408349888,-3421.926774166823,-4764.793292376983,-3389.305285408619,-4172.995324289839,0.00400090217590332,4,239,16987.0,66.0,6025.0,11,14,7,13
4708.699330538813,1210.652290606184,0.00010580173110856254,-10069.579991776396,-11558.267282809611,-9876.741133179856,-9268.488497232103,0.0,4,155,17632.0,55.0,5963.0,9,15,5,13
5045.9895864191,1277.0230967305695,0.00011780709200660752,-3476.9355276617007,-4331.446083331892,-3433.1017192207128,-3594.0043985835423,0.00400090217590332,4,283,19119.0,85.0,6232.0,8,14,5,13
5159.311992851695,1316.6044631931034,0.00011502030994342682,-3689.223775166788,-4673.695826192248,-3650.8332635085526,-4089.7069869794286,0.0,4,273,19586.0,83.0,6811.0,10,14,6,13
5344.600079558495,1371.2745098083024,0.00014622344443540584,-1905.4578053782523,-2561.0629266819315,-1887.9421084227845,-2268.6310069667647,0.0,4,389,20516.0,108.0,6997.0,12,13,7,11
5711.225273529315,1473.3078676626506,0.00013570757160744242,-1955.6056676721491,-2569.7649214142957,-1932.7925004358904,-2246.4230263157897,0.0,4,412,21911.0,119.0,7641.0,11,13,5,11
5707.011122112578,1518.1308031314911,0.00011748823366568166,-2045.0395302210125,-3093.0112650082483,-2026.8736001958039,-2833.8876491161163,0.0,4,379,21822.0,103.0,8510.0,15,13,8,12
5995.520040043382,1510.6989564697037,5.913523378955663e-05,-1692.2013854930017,-3313.941316536678,-1311.540612404642,-1495.5315832656968,0.0,11,503,21486.0,149.0,6968.0,12,22,7,20
6721.510539863789,1694.8722880844641,0.00011385493805036,-3129.0318128500085,-4092.6819689896015,-3081.5692731774893,-3671.7573538029455,0.0,4,365,25708.0,103.0,9516.0,13,13,5,12
6966.04561800189,1777.2020906000907,0.00011148774627480203,-4579.945068416911,-5664.910008027351,-4484.393792741445,-4979.747738991294,0.0,4,337,26541.0,91.0,10240.0,14,13,9,12
6759.078297265939,1723.368707879049,6.107327813741076e-05,-1683.0706006315131,-2997.625148928035,-1520.6700518096118,-1929.3868795104058,0.0,9,558,24895.0,144.0,8133.0,11,19,11,17
7311.647183176306,1885.929407259632,0.00010614931316000393,-6373.323224357716,-7096.503936787937,-5929.223554522243,-6557.269180830156,0.0,4,378,27857.0,109.0,10962.0,12,13,10,12
7153.4001526857455,1819.9594806234315,5.759486719967571e-05,-2676.8172626821956,-3881.196875893977,-2318.954520267227,-2643.316873017889,0.0,10,545,26160.0,131.0,8426.0,17,20,8,18
7324.390660154139,1939.6793796255815,9.516973394807462e-05,-1177.2910109483282,-1599.547433102854,-1081.3279441291158,-1412.6764492381703,0.0,6,776,28195.0,186.0,11059.0,20,14,9,13
8089.905260651437,2065.1066061433344,0.00011323663494862574,-2204.660254839187,-2703.589275060871,-1607.424626744424,-2258.0617300995145,0.00400090217590332,5,864,31460.0,200.0,10737.0,23,13,5,12
8415.592683392297,2121.0090307470728,9.991740908153559e-05,-1623.0929738699951,-1952.484858775276,-1157.8652452886683,-1701.5369490535138,0.0,6,1007,32502.0,221.0,12142.0,37,14,40,13
8305.501223926534,2115.820095712146,7.539634839426413e-05,-1705.7121202704518,-2123.169483609595,-933.1675812635648,-1636.5979605536968,0.0,7,1182,31844.0,260.0,10819.0,45,16,44,15
8313.318407040722,2244.9229830887293,0.00011215919549927361,-433.5052200767592,-601.558142825306,-342.7190353146952,-544.2868906418348,0.0,5,1597,32939.0,347.0,14138.0,33,13,27,11
9001.803478367981,2408.282419178929,0.00010362888445078761,-167.97295909359693,-266.61829989776464,-134.85481507583916,-234.22782142123748,0.0,5,2724,35321.0,565.0,13706.0,44,13,37,11
9259.625580699083,2423.0301255811255,0.00010141815155286516,-117.09292020790927,-180.72558394956923,-97.92365150551238,-162.15246201802478,0.0,5,3055,36150.0,651.0,12984.0,43,13,46,11
9897.347171418154,2627.8729661678453,0.00010417552520559407,-41.47776308203788,-63.66865557429061,-37.45576364963975,-59.781331995127395,0.004000186920166016,5,4698,38638.0,1018.0,16702.0,45,13,36,11
11386.055431151299,2800.8196177637,0.00013064574386581864,-16.79454620460567,-23.034353674625528,-16.03181857865883,-22.32973657803913,0.0,4,7895,44498.0,1699.0,18226.0,37,12,33,10
11807.28165026777,3047.201482508172,0.00016474714323941043,-11.4501829373788,-16.837744052689107,-11.010120148338084,-16.43040150467439,0.004000425338745117,4,9750,46743.0,2122.0,20725.0,33,11,29,9
11792.092646752031,3140.88118109393,0.0001512839267374531,-6.88472924247702,-10.824751654425983,-6.667090673433269,-10.608364169521689,0.0,4,12289,47586.0,2778.0,21472.0,30,11,26,9
12234.73970784626,3157.4540640627956,0.00016342173389502908,-6.400773617494533,-9.547095962230825,-6.2108227846601585,-9.375101651691269,0.0,4,13264,49142.0,2942.0,21390.0,28,11,27,9
12136.364364998275,3118.6485521242475,0.00013457184684412916,-4.944749572352774,-7.090771990848667,-4.805559374640928,-6.963165584337464,0.00400090217590332,4,14937,48066.0,3447.0,17889.0,29,11,25,10
12577.8480439488,3341.876869427817,0.00015981698524393238,-4.597170345131513,-7.1814961755758215,-4.476501299633865,-7.069102593414195,0.0,4,16166,50757.0,3658.0,22762.0,27,11,24,9
11108.813824316858,3240.683510400751,0.00016742441277137156,-2.6392195394426317,-5.359372964289926,-2.569292695547531,-5.284737341299518,0.004000663757324219,4,17890,47382.0,4088.0,20097.0,24,10,20,8
12248.800754648732,3357.5319339508897,0.00014394312740623216,-2.4852748377593796,-4.111957493242245,-2.4249513222568138,-4.05722154331389,0.0,4,20547,52838.0,4944.0,23377.0,24,11,20,9
12254.148263615332,3910.0189058046767,0.00017983474150612468,-1.7185795977124072,-4.209890429565859,-1.678915494179129,-4.168161918903947,0.0,4,23968,57660.0,6129.0,29153.0,21,10,17,8
12525.38733932009,4066.967681823892,0.00018715342834772685,-1.5118551595801168,-3.862385273763482,-1.4779837824579785,-3.8277436233301634,0.0,4,26021,63319.0,6527.0,31783.0,19,10,16,8
3079.537734181869,786.0030282490435,0.00015842718628680157,-2933.022552722268,-4193.41639090167,-2876.291097505676,-3291.559429301059,0.004000663757324219,4,182,11564.0,54.0,3843.0,13,14,5,13
3199.5977904782553,823.6105913901301,0.00014595501330062785,-7366.615191505591,-10304.46136232883,-7027.053621261548,-6097.529968158831,0.0,4,141,11957.0,51.0,4098.0,8,15,3,13
3278.1578207762764,825.6101910102612,0.00011587704381907885,-5465.539239658265,-6060.203514036368,-5392.528063874137,-5245.452211895552,0.004000425338745117,4,154,12132.0,53.0,3926.0,9,16,5,14
3868.236472379888,982.894842205072,0.00014175179382469198,-2353.104849545315,-3055.1519773615682,-2320.4485649446433,-2544.500850294392,0.0,4,258,14642.0,94.0,4734.0,8,14,6,12
4555.251999752593,1151.6232927191656,0.00013312212595380316,-4033.89044996165,-4803.842857968392,-3966.9932015304034,-3878.562761538787,0.004000425338745117,4,230,17261.0,70.0,5669.0,11,14,7,13
4623.287320276919,1183.7839136289472,0.00012992353132393783,-2142.158516019741,-2878.7681270588223,-2116.9564116690035,-2478.478828442197,0.0,4,302,17529.0,97.0,5948.0,9,14,6,12
5116.8968155351085,1296.3831497027927,0.00013794420358432603,-2579.112161176638,-3342.976886534899,-2536.599464828412,-2703.301008582641,0.004000425338745117,4,328,19540.0,96.0,7077.0,11,13,6,12
5278.250474628565,1328.4138529025258,0.0001364958356419521,-3041.621308328446,-3392.485898000881,-3002.033992199049,-2906.0736899690705,0.004000425338745117,4,314,20141.0,107.0,7160.0,8,13,7,12
5465.024094564146,1435.2562053515044,0.000152986690687593,-1663.8550011299558,-2227.644797268235,-1644.4502718452509,-1975.4450708904405,0.0,4,413,20927.0,141.0,8559.0,10,13,6,11
5767.516731661903,1463.425736215086,0.00013463522462957858,-2175.395150928273,-2770.2021952693426,-2155.157153795358,-2496.533128342779,0.0,4,372,22128.0,122.0,7314.0,11,13,5,12
5861.730628264432,1491.8828393174847,0.00013110709789788692,-1690.258467126145,-2115.6001762441824,-1671.7305914462256,-1924.4467950204253,0.0,4,432,22566.0,123.0,7384.0,11,13,6,12
6155.702899165593,1566.5643835291085,9.262759652993125e-05,-1350.7730114071528,-2181.4005858403443,-1235.0445992081134,-1328.19132860936,0.004000663757324219,7,576,23197.0,167.0,7499.0,11,16,5,15
6729.596552574059,1692.4465125718646,0.0001400312640352567,-2644.5657715298307,-3182.9845787457202,-2602.9181957554006,-2602.3571830802434,0.0,4,384,25714.0,143.0,10210.0,9,12,4,11
7339.673844136255,1873.3745890941912,0.00010063946506506431,-761.8305177524089,-979.3484063085285,-713.1739992773212,-902.3823352705399,0.0,6,896,28485.0,214.0,10618.0,20,14,12,13
8605.461747844622,2174.3728663001034,9.490283007476837e-05,-598.1328342397194,-820.8260810308687,-401.69703849271065,-676.6328371066008,0.0,6,1651,33422.0,363.0,12380.0,40,14,37,13
9160.471208289164,2372.7757496010313,0.00011769777942683766,-144.9083799028614,-223.7272730843116,-121.54849097316097,-202.5696894175428,0.0,5,2760,35788.0,590.0,15307.0,41,13,39,11
9550.838278904488,2401.783142991358,9.524413037561918e-05,-91.2393443205311,-126.48565829819084,-76.52657387740507,-113.55022268383846,0.0,6,3490,36779.0,778.0,13247.0,47,14,47,13
10132.438456966345,2526.093851654847,0.0001236717314795095,-70.28237189592433,-97.43109107832267,-62.27442581952385,-90.7403545325522,0.0010144710540771484,5,3894,39267.0,847.0,16376.0,45,13,36,11
9775.53651993749,2503.7299627387515,0.00010827227556590279,-40.621223822623705,-58.01878034716406,-36.96139416064309,-54.89580129210622,0.0,5,4688,38606.0,1016.0,16205.0,37,13,35,11
10141.149265297925,2667.9919632168076,0.0001071637999274052,-24.65599089725044,-37.414968333912626,-22.81799525122757,-35.59905022606977,0.004000663757324219,5,5926,39700.0,1276.0,17180.0,39,13,35,11
11141.371952752646,2886.0381653170607,0.00016273242120239356,-10.00166620202042,-14.882690940371607,-9.642641116353998,-14.557835095152551,0.0,4,9650,45465.0,2157.0,19889.0,30,11,26,9
11436.23935812162,2952.8543835442792,0.00016104060107032233,-9.802451803010324,-14.576075637032629,-9.453885137413318,-14.263489543461642,0.004001140594482422,4,10192,46006.0,2230.0,20124.0,31,11,27,9
11948.080417651476,3130.9899293194794,0.00016214052501682666,-6.978156971459499,-10.656869355164051,-6.763178311565937,-10.456626378332375,0.0,4,12550,47791.0,2765.0,21321.0,29,11,25,9
11900.082081299552,3065.417199039417,0.00016067239825474035,-5.82620879577156,-8.625791206522255,-5.657603481310679,-8.47889602524603,0.0,4,13484,48256.0,3018.0,20595.0,28,11,24,9
11979.129030230732,3179.1358053329523,0.0001549346841392799,-5.51367119304724,-8.396187423748096,-5.356627608720655,-8.255481952409358,0.0,4,14157,48796.0,3264.0,21714.0,28,11,24,9
11817.45856596643,3097.3455604490327,0.0001692538655744158,-4.452076406378227,-6.770618971683001,-4.331191769963458,-6.663715287515423,0.0,4,15180,47924.0,3447.0,19330.0,27,10,24,9
12015.245528684936,3654.8315368153426,0.00018323027696245806,-3.0787225262841416,-6.557762313321473,-3.003932295240179,-6.478012298588615,0.004000425338745117,4,18303,52079.0,4240.0,26355.0,24,10,21,8
11780.692335165762,3583.838366542219,0.0001759551681605457,-2.634580118967755,-5.6617032814244,-2.5703241561666834,-5.593122272525204,0.0,4,19165,50818.0,4490.0,25706.0,24,10,21,8
13309.920808836543,4109.920221752081,0.00019350925583325106,-3.1062991349578857,-6.658707869419249,-3.0391292222450144,-6.587987449069889,0.004000663757324219,4,20752,59572.0,4957.0,30093.0,22,10,18,8
12948.130387080342,4141.006565437925,0.00018729331287743495,-1.938724619094748,-4.591598855923322,-1.8971772015720294,-4.548854861081766,0.004000425338745117,4,24590,62679.0,6255.0,31498.0,20,10,16,8
2558.21173299501,652.5361340569578,0.0001657219016562043,-3155.5970009054736,-3679.0580976290003,-3093.0020281726097,-2984.9571987590753,0.0,4,162,9557.0,57.0,3213.0,10,15,5,13
2948.259246289806,748.4924431816263,0.00014726960849446058,-5300.299289653721,-6665.262736855153,-5156.989158048942,-4843.000381877396,0.0,4,150,10967.0,49.0,3626.0,8,15,4,13
3039.116971876864,772.7664925987237,0.0001386112437404737,-2579.639184431673,-3079.177377000002,-2539.9396445703724,-2650.3797521043375,0.0,4,199,11392.0,65.0,3788.0,10,15,6,13
3719.478217214524,956.8451034955101,0.00013453532857692286,-10351.164944917899,-11015.984713089712,-9968.180366360019,-7604.342765050726,0.0,4,132,13934.0,49.0,4716.0,8,15,5,13
4552.738676701457,1168.6773640530564,0.00014542536938831532,-2709.924754406871,-3410.2605984033794,-2665.0475219255577,-2805.5219727202134,0.004000663757324219,4,282,17344.0,101.0,6365.0,9,13,5,12
4616.412442985354,1218.8420990842087,0.00014225242886462333,-3746.503267044024,-5003.8816604235435,-3679.383322104156,-3951.033721141611,0.0,4,258,17471.0,85.0,6654.0,10,13,5,12
5504.451295315456,1461.6466171182874,0.00014467976641737495,-1561.199779726455,-2244.81640325583,-1543.9776215331124,-1999.537650350917,0.00400090217590332,4,454,21186.0,121.0,8232.0,14,13,8,11
5787.088564389121,1476.1632630460176,0.00013096379990190253,-3303.4545470400426,-4620.344023240424,-3256.112692276942,-3878.045010106975,0.0,4,322,22058.0,89.0,8394.0,11,13,8,12
5658.796399911573,1471.8364009985444,8.854809001736844e-05,-1123.3453910882133,-1937.7347015596085,-1001.6221457999449,-1162.4704281802717,0.00400090217590332,8,547,21207.0,151.0,7226.0,14,17,7,16
6120.402007318048,1573.8018723248913,9.905021904855635e-05,-987.6610120525919,-1451.764434536444,-934.1169958527707,-1065.264024361934,0.0,7,596,23151.0,173.0,7870.0,11,16,8,14
6302.7068138870445,1587.6580594184516,5.180092122653031e-05,-1393.4262992108027,-2525.7348064353114,-1150.2194755037892,-1400.8337386294272,0.0,12,521,22540.0,142.0,7058.0,17,23,8,21
7151.970451094812,1851.7845127661128,7.64132669324256e-05,-1317.6177535839008,-1681.0248478946853,-1128.7302706616185,-1478.584981843576,0.0,7,788,27393.0,169.0,9461.0,22,16,7,15
7446.110965153309,1915.276228709077,8.800880604021732e-05,-3333.237173340202,-4258.805459675821,-2681.5976597544845,-3075.1876877586333,0.004000663757324219,7,600,28189.0,166.0,9610.0,15,16,6,14
7694.813236678875,2034.8021215057279,0.00012356343757292194,-536.745423128728,-735.747578247109,-462.83684985740945,-689.9988420223003,0.004000425338745117,5,1278,30375.0,276.0,12888.0,25,13,19,11
7961.394077863718,2060.7206659427375,7.133208544974702e-05,-1748.9875963012662,-2436.2615027522033,-974.6334064823836,-1887.719793297064,0.0,8,1089,30322.0,243.0,10624.0,36,17,36,16
8787.056936435923,2147.93986812558,0.00016016519931977914,-612.6616898928394,-742.3209075777519,-486.0182903048842,-667.7774608383302,0.0,4,1488,34596.0,322.0,13361.0,42,11,24,10
9448.3662798335,2388.4653319873123,0.00012283559624364553,-99.8186317648708,-138.6286355210703,-86.16654324554662,-127.59225639818527,0.0,5,3263,37157.0,714.0,15625.0,40,13,36,11
9738.726936502018,2424.7858432069143,0.00015317241253646376,-58.52637471328508,-81.4581205760203,-53.296909038404486,-76.87916992073681,0.004000186920166016,4,4046,38406.0,842.0,14256.0,41,11,31,10
10885.544951716167,2847.371130387935,0.00016802348204287052,-14.845533467329085,-22.84220487384456,-14.202529646487186,-22.23711703026212,0.0,4,8015,43387.0,1713.0,19493.0,34,11,29,9
11050.99095198405,2870.726392541326,0.00016571221969818135,-9.938343003041993,-14.984296043159864,-9.579346304280083,-14.653857043018562,0.0,4,9625,45096.0,2114.0,19838.0,30,11,28,9
10892.484201656358,3048.9296397123803,0.00015306303401739133,-7.917888601117799,-14.161948174366014,-7.639052054568921,-13.845076591419248,0.004000663757324219,4,10610,42462.0,2343.0,19739.0,34,11,28,9
11500.075096675095,2912.297500113384,0.00013952510085071134,-8.003052192388386,-11.19259798371424,-7.736812853745127,-10.951103213064213,0.0,4,11407,44763.0,2467.0,16561.0,33,11,30,10
11633.822833391869,2983.072948948785,0.00016437138059128845,-6.606683067146081,-9.681217341112651,-6.409815864977685,-9.511469743815544,0.004000663757324219,4,12435,46990.0,2744.0,19898.0,28,11,26,9
11465.780892235382,2976.396680201862,0.00016816261468502997,-5.659585912393967,-8.367919389463129,-5.496482692897677,-8.227500585465563,0.0,4,13207,46443.0,3005.0,18858.0,28,10,25,9
14074.485229633327,4412.613161910601,0.00020613716557979234,-2.858955398667451,-6.287363086358872,-2.8019147272350984,-6.230176740680738,0.0,4,22798,66891.0,5623.0,33437.0,20,10,16,8
2445.6321140964765,618.9922169004496,0.0001724625242731583,-3554.7736320033473,-4967.625965970809,-3451.4699239982706,-3547.1803563177496,0.0,4,148,9096.0,46.0,2951.0,9,15,4,13
2567.937063172824,652.190443812235,0.00017457019246115701,-2190.3936283325606,-2709.1967067360706,-2139.8466547634707,-2112.7753675853974,0.0,4,192,9595.0,63.0,3130.0,9,14,5,13
2699.395399127985,694.8856470671991,0.0001855559217445032,-1678.8751488396008,-2000.8955221463468,-1661.5999521465133,-1768.2289078637418,0.0,4,229,10255.0,70.0,3436.0,11,14,7,12
3950.1289509542175,1030.7587112575538,0.00013630328978605203,-3509.0571386281163,-4625.189805024351,-3439.0678957053037,-3599.808373932077,0.0,4,218,14959.0,73.0,5274.0,9,14,6,13
4078.3902487174196,1078.1878025186522,0.00014914694723782096,-2076.8110470033753,-2912.6202075582532,-2045.9276887607375,-2383.1423543074343,0.004002094268798828,4,305,15539.0,93.0,5810.0,9,13,5,12
4343.597426577038,1099.1019534905151,0.00016048946151853136,-2245.0106974244068,-2808.7038660446865,-2209.787521917259,-2319.213778223799,0.0,4,306,16589.0,103.0,5899.0,9,13,6,12
4340.232497852698,1151.7529438859708,0.00014933985127037273,-2232.9766570061215,-3074.2088366304015,-2208.341518466358,-2622.6930707511565,0.0,4,301,16549.0,93.0,6353.0,11,13,6,12
5421.896322244337,1376.9689538983803,0.00015723920665663068,-1272.8703577749975,-1625.0150786131903,-1259.7640797112608,-1458.0305624203886,0.004000663757324219,4,471,20911.0,137.0,8176.0,12,12,5,11
6433.162879747616,1646.3967916648755,7.442746066683127e-05,-1166.0600388483301,-1799.041704463805,-1084.7845297399163,-1342.7160358709034,0.0,9,618,23803.0,146.0,7890.0,13,18,9,17
6930.957968542453,1847.4444770397515,9.892505490432655e-05,-1176.651679761248,-1799.9365268773083,-1098.2802216251425,-1519.4150945649512,0.004000186920166016,6,698,26630.0,191.0,10465.0,18,14,6,13
7111.8415586146675,1837.274064816491,8.809595892003145e-05,-1198.5060386464952,-1643.7871465243786,-1105.0414824275688,-1447.0129341590914,0.004000186920166016,7,732,27101.0,176.0,9292.0,14,16,11,14
7665.140276122256,2015.4125344977208,0.00011826107597025142,-961.8687348357795,-1272.0262998426535,-699.7868527424542,-1110.5348906851011,0.0,5,1132,30051.0,255.0,11010.0,33,13,19,11
8402.340561191864,2083.733503234039,0.00016789326306857383,-1078.988623010673,-1173.251132372349,-796.4500358950066,-1040.3375221994513,0.0,4,1214,33067.0,286.0,12279.0,28,11,28,10
9097.7788802098,2299.833643382504,9.046410110601392e-05,-69.26628054205221,-97.00786093627354,-59.067278317576495,-88.25123954537423,0.004000425338745117,6,3671,35490.0,767.0,12807.0,47,14,35,13
9552.78791712573,2577.394721823441,0.00016685114586736843,-41.04555143614653,-65.18447833138359,-37.8764122789468,-62.11551953630662,0.0,4,4617,37840.0,1011.0,17233.0,40,11,39,9
9404.08224609421,2456.346418618691,5.5199760974860746e-05,-26.66297946492727,-39.84489301696435,-23.15070846840345,-36.199094865963374,0.0,8,5518,35388.0,1188.0,12296.0,44,17,44,16
11087.658405482498,2844.4485332544396,0.00017362494164457722,-10.630676809497462,-15.75998442819877,-10.246169174068035,-15.422712962797288,0.004000663757324219,4,9413,44535.0,2044.0,19431.0,32,11,28,9
10714.55548444109,3038.681063252059,0.00014134859597189932,-5.680743073837731,-10.49357798425057,-5.502283274342968,-10.293111406256742,0.0,4,12306,42200.0,2702.0,18716.0,31,11,26,9
10891.546261129928,2937.7903987662794,0.00017654186835431212,-4.687601442171954,-7.6417767174202496,-4.555148224925107,-7.519596564743576,0.0,4,13648,44966.0,3130.0,17423.0,27,10,23,9
11803.180694202729,3562.9063525559204,0.0001919183641428023,-3.574684281508673,-7.426503443789642,-3.485657401510716,-7.331508015788444,0.0,4,16902,49908.0,3953.0,25368.0,24,10,23,8
11342.859950390231,3110.38610612359,0.00016962697550439417,-2.7916378396072585,-4.816073862546348,-2.720117470680944,-4.750372844637584,0.0,4,17878,47692.0,4191.0,18577.0,24,10,22,9
11318.296532882057,3448.677972849403,0.0001755174160670466,-2.5049102130055276,-5.474163601309638,-2.442751491826268,-5.4083193744028355,0.004000425338745117,4,18769,48552.0,4343.0,24569.0,24,10,20,8
2584.372495968154,657.58243304547,0.00018173388497348642,-2894.2278448022,-3748.6868829337086,-2821.311063322015,-2878.9324414325906,0.0,4,161,9670.0,51.0,3175.0,7,14,6,13
2909.3271916945564,737.5046256917082,0.00013340851611459007,-4049.4146022761306,-4856.274939219903,-3984.057986893811,-4071.9490620595293,0.0,4,156,10746.0,50.0,3591.0,8,16,5,14
3770.262924629174,969.6395002353538,0.00016925078796905718,-2071.0160637587796,-2533.3235428917387,-2037.3896636370832,-2070.564167480863,0.0,4,268,14395.0,92.0,5208.0,10,13,5,12
4204.872829279938,1060.970914422257,0.00016733465213895722,-1695.4184125362556,-2257.74231518304,-1675.5765465258826,-1918.8814314779897,0.004000663757324219,4,330,16133.0,101.0,5519.0,13,13,7,12
4337.633127159711,1095.778937179697,0.00016228457918684292,-1897.506835412121,-2246.1257030427732,-1881.7499847399185,-2006.4729678707417,0.0,4,320,16620.0,110.0,5878.0,10,13,5,12
4582.644539909971,1165.7487490164135,0.0001485994186401834,-2773.526733297787,-3068.63838014611,-2722.706446172322,-2528.167448583477,0.0,4,305,17450.0,103.0,6336.0,8,13,5,12
4598.071820747257,1218.9226843473982,0.00014496584245633673,-2226.566357356744,-3038.838475329872,-2207.541786771864,-2706.5318936737713,0.004000663757324219,4,299,17555.0,95.0,6806.0,11,13,8,12
5295.709724822853,1382.5217674597388,0.00013268735341968556,-2929.1829382840765,-4508.168671136631,-2887.2388284461585,-3710.442938827422,0.0,4,300,20172.0,83.0,7787.0,12,13,4,12
5410.459207251574,1401.2460303244395,0.00011372916877998518,-7328.739809978183,-10529.083837854823,-7155.665234424262,-7995.3127764049605,0.0,4,200,20458.0,63.0,7470.0,9,14,4,13
6063.006618007274,1514.6806147116736,0.0001558694097624678,-1834.4968579241752,-2305.671743759818,-1811.4461132788294,-1964.313086697363,0.0,4,432,23301.0,130.0,9023.0,10,12,7,11
5913.139586618376,1577.6204886632272,0.00013863415392198914,-1824.3549106306189,-2548.181632928858,-1795.7430009111854,-2321.201898615765,0.0,4,440,22678.0,129.0,9360.0,11,13,6,11
5963.252523238805,1527.2898232821021,9.251161761790423e-05,-899.738529661988,-1387.1115706397204,-862.4521249957563,-1066.1706757346747,0.004000663757324219,7,629,22669.0,166.0,7535.0,11,16,7,15
6285.06232445011,1617.4323788028976,7.025941208263507e-05,-1729.4394045587912,-2609.666016904894,-1470.087795203344,-1500.4850774823037,0.0,10,527,23110.0,145.0,7824.0,12,20,4,18
6624.306035194681,1710.398984886275,0.00012457580432647495,-2316.524368201799,-3320.326762560788,-2244.6189570144475,-2995.9878013799325,0.004000663757324219,4,459,25521.0,120.0,8880.0,13,13,6,11
7058.852424997617,1865.0943393664681,0.00013984525572049945,-1339.8671394157932,-1945.6366321407118,-1255.0311618028582,-1611.143366762649,0.004000186920166016,5,674,27349.0,184.0,11683.0,10,13,4,11
6972.259093890619,1838.6671022145247,9.984134572114725e-05,-1138.347704555922,-1630.2610212704562,-1035.3120987344414,-1450.7295076945863,0.0,6,741,26850.0,182.0,10457.0,19,14,8,13
7960.995739200874,2111.985535995765,0.00011768120911972096,-843.7493602029084,-1205.7307951286475,-577.4816128304386,-1031.8319297036949,0.0,6,1332,30891.0,290.0,11713.0,48,14,45,12
8310.935172259497,2123.61539449826,0.00016710717535546902,-336.70092941069805,-446.6139870432518,-280.4560397741533,-409.55533531663417,0.0,4,1747,33003.0,409.0,11744.0,40,11,37,10
8636.750372071298,2188.674506347813,0.00013004985382334485,-277.7207049852839,-375.86678303407496,-224.38821875264858,-339.9739308368836,0.0,5,2014,33776.0,431.0,14176.0,43,13,33,11
9953.873710904292,2523.93520227108,0.00012192567966515049,-38.82878579270114,-56.152982114584425,-35.46111034063554,-53.09014339221617,0.004000425338745117,5,4943,38291.0,1063.0,16364.0,42,13,37,11
10339.88393813812,2553.7100196739907,0.00014464768410066888,-20.290775232923913,-27.745444677041625,-19.256769538989417,-26.829999570461798,0.0,4,6594,40386.0,1402.0,15350.0,37,11,33,10
10671.614101496081,2676.3548009995484,0.00014710584493229613,-12.678256464776899,-17.42639442177262,-12.159286250646314,-16.967627563019345,0.00400090217590332,4,8528,41639.0,1843.0,15469.0,35,11,32,10
10459.680065514272,2983.394934187114,0.00015066553837701161,-7.737300750329094,-14.332402874800355,-7.464181258065874,-14.015503528209207,0.0,4,10541,40509.0,2254.0,18762.0,33,11,32,9
11520.672054326229,3001.8002549858866,0.00017460509029260145,-8.460209716709786,-12.511797137898203,-8.180474034147782,-12.254428346411148,0.0,4,11012,45760.0,2420.0,20419.0,32,11,27,9
11292.900684261034,2930.295496689142,0.00016703775202004395,-4.905330421738893,-7.269150872206014,-4.7702071244994535,-7.1538643648890154,0.004000663757324219,4,13757,46443.0,3210.0,19231.0,27,11,23,9
10872.32202180534,3069.309558624979,0.00017953846420534964,-3.8617986950314025,-7.008779911620632,-3.756255275207934,-6.904886281274665,0.0,4,14931,44598.0,3358.0,18064.0,27,10,24,8
11855.036289572603,3101.5773725504037,0.0001739623774600803,-4.031928733835327,-5.900766898915239,-3.929751527321069,-5.816179534033477,0.0,4,16163,48131.0,3780.0,19930.0,27,11,22,9
13479.608300596126,4208.807149894136,0.00020300355263134031,-2.8506087509276736,-6.239806710051712,-2.7924016951646498,-6.182218988746031,0.0,4,21897,61322.0,5347.0,30977.0,22,10,18,8
14364.798453670812,4531.089473018603,0.0002276586343966153,-2.090215016246169,-4.567209280865317,-2.0519715098233826,-4.533709175934897,0.0,4,27183,74905.0,6959.0,36460.0,18,10,16,8
13063.897247838539,4010.921667771636,0.0002402631960523518,-1.3531062793456732,-2.8529010634274696,-1.3260124343838577,-2.8324386956370815,0.0,4,28866,72934.0,7768.0,33708.0,17,10,13,8
2440.010156228863,620.3395071786632,0.00017725371649130145,-2498.2964455395972,-3353.791662094617,-2437.840560860864,-2453.614108898392,0.004001140594482422,4,164,9094.0,60.0,3015.0,9,15,4,13
3090.8885774024056,797.3826585565218,0.000164375151513352,-4854.728023348287,-5209.81632827284,-4699.413401924271,-3779.7672081716937,0.0,4,157,11605.0,73.0,3939.0,7,14,5,13
3362.6563981595464,857.8537717758196,0.00015485063900804878,-4864.471896766559,-6862.0561891895995,-4726.312643091099,-4950.142690147003,0.004000186920166016,4,172,12531.0,49.0,4212.0,9,14,3,13
3474.4578339049294,900.0214754382253,0.00017018395667404618,-1856.4911320906397,-2365.614884219897,-1826.6616100604333,-1968.2544311808047,0.0,4,272,13145.0,82.0,4660.0,11,13,7,12
3606.921657556482,936.2091446359622,0.00016847662398534175,-2342.842405642717,-3457.517226630085,-2287.652431337432,-2504.4909931585166,0.004000425338745117,4,244,13623.0,79.0,4873.0,11,13,3,12
3769.3398971725364,963.0192268329849,0.00016089352921206217,-2959.3705482378164,-3348.1500468459235,-2920.119744201897,-2866.6526348744987,0.0,4,239,14225.0,76.0,4809.0,9,14,5,12
3849.714220995285,1008.6860316355464,0.00016203817414890754,-1839.8024322807998,-2419.0956847700745,-1817.9517589537722,-2123.431394921677,0.004000425338745117,4,313,14708.0,82.0,5481.0,10,13,5,12
4025.4034438074236,1034.061631786681,0.0001629848533504976,-1593.8868203802535,-2102.4334611108247,-1577.1199111659425,-1830.8342806472608,0.0,4,353,15425.0,96.0,5618.0,10,13,6,12
5917.134299829794,1518.689292339505,7.465676201075147e-05,-1315.7280735520399,-2382.828312363268,-1102.7545078081816,-1364.706884045456,0.0,10,527,21755.0,145.0,7295.0,13,20,4,18
5950.768118291488,1476.9226452323087,4.856817649987842e-05,-1908.0095678732575,-3936.230034716079,-1226.9984142237504,-1371.7686544943044,0.0,14,506,20589.0,134.0,6349.0,15,26,9,24
6582.732190874409,1733.2168240412925,9.862925731239381e-05,-1204.0773042101027,-1934.1655497223571,-1133.433573684466,-1491.8717049239758,0.004000186920166016,7,650,24965.0,175.0,9222.0,19,16,6,14
6697.688673706211,1789.0609298603242,9.919788193281225e-05,-1445.493646013987,-2326.354009758627,-1339.595120693291,-1809.8596439988155,0.004000186920166016,7,649,25426.0,164.0,9839.0,15,15,7,14
7671.986652751685,1895.661947988784,0.0001550781141174,-483.4366771851854,-599.6398785557817,-431.7497818294546,-563.1525219430449,0.0,5,1240,30337.0,263.0,11596.0,22,12,12,11
7884.365238942995,2090.7230227590494,0.00012728134330596726,-460.6177596846765,-732.9779755904688,-360.1028352059419,-653.0375297960305,0.0,5,1519,31016.0,320.0,13328.0,44,13,44,11
7961.145003102045,2242.085826672714,0.00018234374856255467,-195.86958744393004,-328.41514512736694,-167.69101264485082,-303.5464030728734,0.0,4,2119,31855.0,455.0,14658.0,37,11,36,9
8544.966980318697,2276.003362313676,0.00011811357911116874,-110.87312225313217,-175.02112457868517,-94.65101557990776,-159.86593540364711,0.004000425338745117,5,2864,33452.0,606.0,14438.0,45,13,39,11
8525.618118044982,2290.665113707784,0.00011233260693125609,-80.12698981373043,-128.7552571588404,-69.79678329340267,-118.75366751436786,0.004000186920166016,5,3149,33637.0,673.0,14464.0,41,13,36,11
9966.107797179398,2532.8460770445568,0.00019085502158811276,-35.92740763622462,-52.098615354906485,-33.56801540070673,-50.08754689385767,0.0,4,5016,39463.0,1046.0,17234.0,38,11,34,9
10332.843030538594,2727.782048890637,0.0001750341387798706,-16.93490920180067,-26.246342459778035,-16.160872419828536,-25.542720393187444,0.004000425338745117,4,7206,40599.0,1604.0,18407.0,35,11,33,9
11183.729861946773,2851.6904325183455,0.00018252525696826742,-8.54866640021507,-12.381690700385573,-8.27224188158306,-12.143806659599246,0.0,4,10643,44497.0,2396.0,19018.0,30,11,28,9
10145.052650491765,3034.065124067599,0.00018346168678890672,-4.360975135883609,-9.040616419363136,-4.235903800923637,-8.903453202223883,0.0,4,12918,41925.0,2981.0,20560.0,27,10,24,8
11112.654390097354,3281.1318502538115,0.00019393478701251618,-4.863030670357274,-9.657161915065876,-4.730621075432942,-9.518732990437021,0.0,4,13827,45803.0,3111.0,23224.0,27,10,23,8
11306.529926514442,3380.9743649205625,0.00019913375544380413,-4.306615437554261,-8.808440491786552,-4.194306170135361,-8.686408528263588,0.0,4,14575,47564.0,3305.0,24162.0,25,10,21,8
14513.215019351042,4613.0449813545065,0.00022237622791531055,-2.3402780464404724,-5.222602284993938,-2.2973327501932244,-5.182952189280022,0.004000425338745117,4,26244,72716.0,6566.0,36052.0,19,10,16,8
11561.949127868393,3498.9161312826577,0.0002469444604809397,-0.7550569795224433,-1.7729558269461827,-0.7355797609014112,-1.7593722746768958,0.0,4,29772,68136.0,8097.0,30129.0,16,10,13,8
2548.3734804446017,641.394265773141,0.00014938964722941691,-5862.623546894398,-7791.706925043782,-5677.616151127626,-5695.601492914067,0.0,4,120,9423.0,34.0,3076.0,8,16,4,14
3644.120978827862,928.8784960459934,0.00017942946505167725,-1249.5910566107932,-1535.2553740501164,-1229.815788431999,-1285.3728006092824,0.0,4,352,13947.0,114.0,4598.0,8,13,5,11
4227.157772467611,1070.9002492062461,0.00017655552618009898,-2694.536082978272,-3449.131618119428,-2623.68306815465,-2485.4116810648156,0.0,4,277,16121.0,102.0,5273.0,9,13,4,12
4487.206648953965,1196.4841463638372,0.0001710944558122087,-1561.8088881067354,-2117.567706098623,-1544.4202993680683,-1826.5953854494924,0.004000663757324219,4,351,17207.0,103.0,6782.0,8,13,5,11
5338.208856299861,1380.2028285096676,9.907146730514952e-05,-1091.4561240416706,-1996.3633908591617,-945.5141759174331,-1092.5066200786168,0.0,8,550,20002.0,149.0,6775.0,11,17,6,16
5713.927966126571,1447.947300635167,0.0001520558807793519,-1608.8222615719792,-1994.5131583554096,-1587.2814208234408,-1785.599615195986,0.0,4,463,21970.0,133.0,8600.0,11,12,6,11
5944.30372945032,1542.4079798626842,0.00011721533277040292,-1153.0002571907123,-1944.9287075716982,-1072.491171492665,-1283.684258717265,0.004000663757324219,7,556,22595.0,155.0,8561.0,11,15,4,14
6608.012021302943,1698.3128284146871,0.00015153984247740488,-575.4500564654292,-788.6513100312952,-559.6936118191791,-718.657998886863,0.0,5,875,25805.0,219.0,10772.0,13,13,13,11
7241.494354358811,1830.2127946455328,0.00014406623710559233,-830.2927359871965,-992.7636214592458,-776.0210145989122,-898.8592719883135,0.0,5,869,28174.0,215.0,11634.0,14,13,5,11
8134.569169195198,2023.515133310557,0.00013975584952821644,-585.9985543197015,-702.3524397310343,-443.7807704099916,-625.8681123712184,0.0,5,1474,31815.0,334.0,12979.0,39,12,33,11
8385.706837840968,2113.509033851101,9.892503985107813e-05,-220.8503983551062,-312.3852999439412,-170.21425280607986,-269.544050336891,0.0,6,2261,32486.0,482.0,11828.0,48,14,38,13
8253.971340234752,2307.894926027468,0.0001765935121719085,-82.02140554563749,-137.6296431146492,-73.74600000189713,-130.13359356014138,0.004000663757324219,4,2940,33103.0,625.0,15183.0,36,11,27,9
8348.510192069201,2319.8293669290997,0.00016957333199301127,-60.49552392367786,-107.21519870053355,-54.87850862606605,-101.26219152771354,0.004000663757324219,4,3499,33334.0,719.0,14256.0,42,11,38,9
9126.18337246829,2503.625333890836,0.00016595376484554108,-32.211133482811064,-53.69158764284849,-30.0275105653409,-51.49862214998529,0.0,4,4830,36195.0,1029.0,16515.0,39,11,36,9
9543.398365056688,2529.004959135773,0.0001729487156959122,-23.987458145735726,-37.86596718904166,-22.651231971973782,-36.62671266818818,0.004000186920166016,4,5645,38073.0,1209.0,17185.0,37,11,35,9
10511.11769058187,2634.0249329435783,0.0001201552213428802,-12.73917975169175,-17.86595593780805,-12.111858756743267,-17.31023748189319,0.004000425338745117,5,8301,40938.0,1809.0,16946.0,35,13,32,11
11111.629551116705,2816.962498641045,0.00019346762128445,-9.053277683813848,-12.871638929019275,-8.751071700050954,-12.617891587482204,0.0,4,10267,43814.0,2240.0,18525.0,32,11,28,9
11363.065205506098,2935.691886790347,0.00018740099824593793,-5.543276367421639,-8.123441709196333,-5.387552062776241,-7.991617380380818,0.0,4,13231,45241.0,2961.0,18631.0,28,11,25,9
11536.548404689767,3113.782991930127,0.00015831970426080042,-3.8637023162437885,-6.238720360489798,-3.765155997598576,-6.147499553747911,0.004000425338745117,4,15995,47545.0,3695.0,21358.0,26,11,23,9
13266.42838654838,4122.898651636572,0.0002061429170638815,-3.1361531565014964,-6.6440575813190454,-3.0713292938643795,-6.580823228478437,0.004000425338745117,4,20614,60359.0,5008.0,30457.0,21,10,19,8
13822.010732810066,4203.199353121778,0.0002534313646091719,-1.9359978454629756,-3.8811247006537437,-1.9003857789843055,-3.8539051189675204,0.0,4,26986,72542.0,7042.0,33613.0,18,10,15,8
2446.5547864122454,632.6121524414992,0.00019803995833361684,-2085.6419771915585,-2775.5614875073684,-2023.487572077077,-2008.5690248581975,0.004000186920166016,4,193,9247.0,61.0,3160.0,7,14,4,12
2977.7390209827545,760.6476681092239,0.00017717027384425425,-2209.0734817791154,-2978.371738244942,-2172.5054707797817,-2417.5550365238105,0.0,4,217,11281.0,62.0,3678.0,10,14,5,13
3104.903160392714,791.6833989459843,0.00016505395773862622,-4385.5107939015725,-6026.072850833122,-4273.5457882697265,-4480.881178310001,0.0,4,156,11589.0,54.0,3884.0,8,14,5,13
3412.9472692234785,862.8926823481585,0.00019180443064979686,-1535.5598065447127,-1963.5070793817747,-1505.737035349802,-1537.6161202444569,0.0,4,296,13050.0,89.0,4307.0,10,13,5,12
3666.225954575086,937.7945481731771,0.0001906537235142158,-1731.1301826798895,-2250.6942641750966,-1695.8708311164494,-1746.8203903342844,0.0,4,300,13997.0,96.0,4729.0,9,13,5,11
3717.5289367849355,953.2544201750828,0.0001388393696066797,-3721.279213528331,-4609.711999378963,-3642.854664497254,-3618.9177044555863,0.0,4,204,13948.0,67.0,4729.0,11,14,6,13
4755.605059208205,1229.9340598855968,0.0001769211534594956,-2132.8542669852536,-2722.95855385133,-2092.5243984567137,-2104.2412847723353,0.004000425338745117,4,342,18146.0,114.0,7307.0,9,12,4,11
4849.411962848348,1265.1138535720806,0.00017266206940693096,-1935.8830418366183,-2609.243319518523,-1911.118444547994,-2164.637224052573,0.0,4,356,18526.0,110.0,7523.0,10,12,5,11
5265.99151988493,1360.7915856527527,0.00015706475459337924,-1909.0312966547922,-2488.5495326012115,-1880.5749754169833,-2097.7365553060026,0.004000425338745117,4,415,20136.0,128.0,8064.0,10,12,6,11
5421.2206603233435,1381.321725136231,0.0001571459345706014,-1430.012074175487,-1854.120988911949,-1413.0221689771054,-1614.2831676319686,0.0,4,425,20852.0,131.0,8205.0,10,12,5,11
7148.932613003368,1782.854494166145,0.00015114050033881413,-625.5505717440074,-758.9568434221521,-584.6353041657062,-694.6379522079634,0.004000186920166016,5,971,27957.0,242.0,11267.0,16,12,7,11
7024.623160181135,1837.7662782892228,0.00011911261730211083,-934.7067435357903,-1193.5025167847357,-786.6642037444738,-1079.5130386838111,0.0,6,941,27395.0,210.0,9755.0,20,14,18,12
7564.053196395087,1872.5427379003017,0.00014784913421520034,-585.7958147261812,-706.7346644179876,-507.3699687136657,-661.1106879391241,0.0,5,1141,29707.0,251.0,11756.0,24,12,15,11
8036.686436847622,2014.2827559835366,0.00014793421188047436,-195.85732286443397,-249.99448287064692,-168.43257557788306,-234.34078282236143,0.0,5,1985,32091.0,438.0,11746.0,34,12,34,11
8368.679322076136,2121.187603929419,0.00010235529950186403,-175.61966771817418,-256.81186278059596,-137.47248025184686,-224.36755441336092,0.0,6,2484,32381.0,538.0,11216.0,45,14,45,13
9302.698763329381,2398.9267500453893,0.00019571767896801791,-30.90807706961674,-44.58740575385235,-29.221671841614782,-43.26233696520024,0.0,4,4726,37721.0,1024.0,16636.0,33,11,26,9
8822.422948208918,2385.8134422561207,0.00015765905946448023,-29.2054531025771,-47.63776200836417,-27.346547163238604,-45.77632531828389,0.0,4,4776,35234.0,1013.0,13687.0,38,11,37,9
9773.417402790421,2876.394078674432,0.0002011342014688089,-7.489216994970931,-14.726881872561638,-7.242231713773712,-14.469226155470045,0.004000425338745117,4,9718,40295.0,2184.0,20331.0,29,10,26,8
10860.590932644964,2768.76497362392,0.00019132750771122826,-7.797684584664703,-11.151043140524912,-7.555162262723856,-10.949580323511164,0.0,4,10736,43419.0,2390.0,18083.0,30,11,25,9
10171.274692731487,2902.9059040037796,0.00018941215493196005,-4.738591157821037,-8.711351310555665,-4.601634204910379,-8.573660097823888,0.0,4,12548,41744.0,2900.0,17782.0,27,10,24,8
10731.216683116598,3186.357447187933,0.00019534099220351047,-4.339539639766912,-8.666732088573614,-4.223269367542181,-8.543462200222576,0.00400090217590332,4,13936,43867.0,3186.0,22288.0,27,10,23,8
11448.084235200666,3097.1640926283944,0.00016342516882577555,-4.630360719456602,-7.4234328973101125,-4.507880687227367,-7.306789356976239,0.0,4,14677,45901.0,3350.0,20897.0,28,11,24,9
12595.36065796318,3807.5483144231625,0.00020771158901057734,-4.313888011399196,-8.84864971400855,-4.216741736922996,-8.749710122892692,0.0040013790130615234,4,16615,54441.0,3978.0,27489.0,25,10,19,8
14814.574343151071,4553.396867312358,0.00023346570847160628,-3.75969097074797,-7.707169003996562,-3.6903730802122503,-7.644251084545646,0.0,4,21702,69617.0,5172.0,34365.0,21,10,18,8
14587.58682529145,4547.422299821808,0.00022711055347433357,-3.2869064743704834,-6.853628903507974,-3.2261242673226445,-6.796218424144386,0.0,4,22483,69443.0,5607.0,34453.0,20,10,17,8
13735.280669608344,4327.2198072684805,0.0002088104153094447,-2.6303204038860835,-5.795332863292349,-2.579054910327141,-5.745807580222627,0.00400090217590332,4,23350,64660.0,5794.0,32527.0,20,10,17,8
13907.233711274144,4436.858740050969,0.0002356641357537734,-1.6657577480300305,-3.767850093355931,-1.6347750837619248,-3.7421431599114996,0.0,4,28798,75697.0,7796.0,36698.0,17,10,14,8
8647.929506535076,2651.8725204246402,0.0002861001174885355,0.050416549492440454,-0.507558750192606,0.06031433165862121,-0.5010383970957695,0.0,4,30286,53801.0,8385.0,19255.0,16,9,13,8
2577.349391412943,653.505985371723,0.00017157554974099343,-3140.059407549946,-3735.2464100638763,-3051.708179469745,-2792.949820466113,0.004000663757324219,4,165,9562.0,64.0,3148.0,7,15,5,13
2699.5357432652504,700.0519400373089,0.00018038899370450493,-2831.493182624191,-3490.2112547152306,-2751.1113997194143,-2598.4257690622508,0.0,4,185,10174.0,63.0,3510.0,8,14,5,12
2969.774139139204,763.7654185568585,0.00017542989356172147,-2557.974358199392,-3209.572509674645,-2502.4180380489397,-2564.471074296871,0.0,4,218,11226.0,59.0,3766.0,9,14,5,13
3201.9335678487564,845.5883491687903,0.0001861838389001501,-1714.665897546446,-2733.4925448634017,-1674.1832006532386,-2063.6660350117304,0.0,4,260,12219.0,69.0,4520.0,11,13,4,12
3322.3476654944866,848.1936996248754,0.00013697431875360982,-6473.5103088502165,-9376.015015295321,-6211.208266158579,-6212.074029161151,0.0,4,147,12402.0,51.0,4160.0,7,15,4,13
3574.2104693437773,958.021648589773,0.00019825680834664841,-967.3519504255787,-1418.138234559848,-956.2111940182014,-1197.6874061626424,0.0,4,376,13766.0,110.0,5482.0,10,12,5,11
3957.336259510093,1058.3582903881527,0.00018046046025312185,-1237.2440312725992,-1705.5620672137406,-1219.7309289397483,-1448.0876609073794,0.0,4,374,15157.0,120.0,5981.0,9,12,5,11
4382.441685293713,1152.395670440496,0.00017078275371398626,-1464.5342095370731,-1909.3559548070007,-1450.0830902080659,-1697.8773428279296,0.0,4,376,16817.0,119.0,6303.0,10,13,6,11
4497.286885816085,1187.719273615052,0.0001691755096419295,-1349.798910731548,-1998.7206568278266,-1338.0301345826763,-1764.8654585891024,0.004001140594482422,4,388,17293.0,106.0,6566.0,11,13,6,11
4625.7415959497785,1205.8061748266177,0.00013863137967229876,-3111.9385432953127,-4072.6039642307223,-3071.8564845669544,-3363.3090958392336,0.0,4,275,17454.0,88.0,6384.0,10,14,5,12
5274.820145038123,1361.0987787139723,0.00016206040540901168,-1868.3553050053317,-2429.3620495277487,-1842.881651927606,-2067.8935702224067,0.004001140594482422,4,399,20197.0,115.0,8146.0,11,12,4,11
7033.309967201562,1736.8911883016738,0.00015823801097123247,-668.3270893151581,-795.8039381049,-630.9320380456353,-718.3256742173548,0.004000425338745117,5,945,27552.0,220.0,10681.0,14,12,6,11
7163.447502865906,1768.3467658269196,0.0001622753292863079,-519.7478288625035,-639.3806449517999,-485.61680047154437,-598.225734092922,0.004000663757324219,5,1059,28201.0,240.0,10894.0,19,12,10,11
7045.784128056058,1825.6524718348414,0.0001883324875219789,-604.5039708939603,-716.2291944697056,-556.9464255024021,-674.6885703202734,0.004000186920166016,4,1015,28064.0,267.0,9772.0,12,11,7,10
7697.7379951584,1900.4409294465822,0.00015127981102607094,-366.292281941849,-454.17154736612093,-317.2184361600376,-429.15073238690593,0.0,5,1445,30353.0,315.0,11858.0,32,12,30,11
7417.317358862524,2034.544254351983,0.0001925666047004904,-161.52831475625567,-262.2395759015278,-146.55199989562723,-251.0567986134564,0.0,4,1906,30080.0,390.0,13639.0,31,11,24,9
8183.642730721205,2060.673094440391,0.00010430132139446322,-237.44168614080118,-336.5637120293407,-179.02510467628198,-286.5112520911874,0.0,7,2160,31484.0,448.0,11365.0,52,15,50,14
8487.385622695208,2116.5948527843802,0.00016670872741248453,-137.15786423051435,-182.072485731931,-119.50981916091908,-169.41217326643456,0.0,4,2567,33562.0,568.0,12422.0,40,11,36,10
8882.685215373596,2294.111204529981,0.00019426914659623082,-56.143588873282106,-81.17973852796165,-51.84054448024386,-77.99674450777728,0.0,4,3659,35713.0,775.0,15747.0,34,11,33,9
8726.907772727072,2208.5046953705314,0.0001463496346096909,-44.66531113438888,-63.51750075570237,-40.78833911788342,-60.54068007462989,0.0,5,3977,34623.0,860.0,12490.0,41,12,34,11
9659.458578038073,2437.119322837928,0.00020960049750444392,-27.63457550026971,-39.3353396665758,-26.186677364376436,-38.16674367945079,0.0,4,5331,38427.0,1142.0,16463.0,35,11,30,9
9313.196027680293,2419.5235627770467,0.00015424822972035608,-16.405943665708197,-25.330181692999037,-15.635900366093086,-24.58464248730232,0.0,4,6560,37033.0,1421.0,13094.0,35,11,33,10
9832.122520616627,2840.9257880721443,0.0002154258313173746,-12.131712724787768,-23.217037600583378,-11.692883139964826,-22.76996199456704,0.0,4,7762,40278.0,1692.0,20300.0,30,10,28,8
10147.40166454776,2571.1890873517386,0.00019044887235304992,-12.078850960862162,-17.267825432609786,-11.617207247807691,-16.874211745002036,0.0,4,8066,40809.0,1748.0,17143.0,33,11,28,9
10672.119709539284,2649.0585656437506,0.00012788246360228152,-10.856557756054222,-14.95474446860805,-10.364055102334026,-14.521552266935826,0.004001617431640625,5,9162,41238.0,1963.0,16820.0,36,12,31,11
10775.541726037876,2800.5008536420764,0.00019255570093793268,-6.005205783043206,-8.973634464673767,-5.830068952828595,-8.821415327878336,0.0,4,11995,43209.0,2757.0,17513.0,29,10,25,9
12177.045525889413,3637.377811521646,0.000218800520404334,-5.7685057091603715,-11.50815502307399,-5.626947417916966,-11.362928971010758,0.0,4,14063,52153.0,3163.0,26282.0,25,10,21,8
13796.847759693757,4198.578796003476,0.0002276171487990247,-4.558599653210624,-9.119937507781453,-4.4656333968104285,-9.03255120033958,0.0,4,18134,61915.0,4339.0,30983.0,23,10,19,8
14475.331363866942,4407.587740193041,0.00023548106761170086,-4.50225905350336,-9.067731643425148,-4.414733846838644,-8.984074419271744,0.00400090217590332,4,19445,65755.0,4589.0,32689.0,22,10,19,8
13894.631816370666,4327.894464979478,0.00021752635134025133,-3.191850646841961,-6.701294006413726,-3.129798549521402,-6.641205653614527,0.0,4,21692,63280.0,5377.0,31929.0,22,10,18,8
14637.416638319413,4578.739002625796,0.00023103634532727218,-2.706264245947825,-5.623200390440431,-2.6579318358841273,-5.580545587491669,0.004001140594482422,4,25038,72206.0,6413.0,35499.0,19,10,15,8
13367.07742225278,4048.382077807956,0.0002659002610494335,-1.6238249943085283,-3.2822253821554934,-1.593607148957723,-3.260309629532653,0.0,4,27727,71746.0,7175.0,32806.0,18,10,14,8
10036.534348008281,2967.954633806476,0.0002917466579865985,-0.2517517440421828,-0.8420765038283822,-0.23878303136570733,-0.8343040972215612,0.004000663757324219,4,30987,61315.0,8472.0,25087.0,16,10,13,8
2581.7609522539715,674.9249109468894,0.000215934798045412,-1584.5820435814712,-2183.9305133624543,-1544.7673293905284,-1611.4284542278513,0.0,4,222,9827.0,74.0,3499.0,10,13,4,12
3549.6598179144808,899.4954256878316,0.00018398956308981508,-2153.8443575893466,-2863.746766658471,-2100.5269446741995,-2177.470862928501,0.0,4,250,13545.0,87.0,4677.0,8,13,5,12
3619.7107345868585,948.2658514361888,0.00017623195044974674,-3056.7280111970554,-4492.936530367998,-2997.2447455806796,-3486.8319388574732,0.0,4,218,13668.0,67.0,5044.0,9,13,5,12
5462.425520087208,1389.0273537923338,0.00016418104198112992,-1673.2972186783732,-2123.010360768218,-1651.2645057048142,-1872.5247728394804,0.0,4,422,20977.0,122.0,8361.0,11,12,6,11
5370.848352237035,1364.8976776500667,6.787892485089311e-05,-1221.5888294740212,-2396.754142736883,-931.0683696976417,-1124.303019517998,0.004000663757324219,12,538,19264.0,137.0,6256.0,15,22,4,21
6364.66333064837,1597.8151358443608,0.00013089358846197894,-3446.160946027116,-3867.4155216907498,-3346.964653811661,-3566.4545977493344,0.0,4,345,24401.0,103.0,8426.0,11,13,6,12
7092.830983316516,1757.1393049050225,0.0001592851256908489,-956.4987268694243,-1097.3415632969518,-849.3106167957284,-999.8673967784832,0.0,5,864,27614.0,216.0,11075.0,16,12,6,11
7108.706448785179,1975.0108913201805,0.00018374330550820876,-207.80807914001272,-324.0927098997888,-183.21783621588338,-305.38547380682644,0.004000425338745117,4,1689,28788.0,382.0,12191.0,28,11,26,9
8206.300034120128,2119.7398253284136,0.0002052512917018679,-232.9380078060481,-292.3846836639129,-198.16052247995603,-272.7428382360337,0.0,4,1988,32830.0,430.0,14519.0,40,11,30,9
7740.7332730282515,2176.808285655859,0.0001745883109626271,-107.96185038504638,-179.71407437931836,-95.19492562557787,-168.5360380625589,0.0,4,2540,31162.0,551.0,13693.0,35,11,31,9
8472.509570787355,2408.0659057114694,0.00017453708091159706,-32.675011341643014,-57.61117295074833,-30.413431727910872,-55.28996357973738,0.0,4,4449,33644.0,962.0,15562.0,37,11,35,9
9357.967944039276,2475.531712666325,0.00018204012996876813,-24.962123440576402,-38.20817071012715,-23.63974516896945,-37.04754401529201,0.0,4,5383,37124.0,1164.0,16779.0,34,11,32,9
9836.294487763163,2483.515284162082,0.00019635309120653917,-16.868733325591645,-24.14173188878129,-16.133100699479762,-23.541825540557543,0.0,4,6831,39079.0,1475.0,16407.0,34,11,32,9
9535.068887401916,2589.221643419118,0.0001685940671611085,-14.987315331167776,-24.20046220039918,-14.329659154451015,-23.559417166293162,0.0,4,7031,37917.0,1541.0,17291.0,34,11,31,9
9031.862504027986,2691.293462259365,0.00020614738968235464,-9.10958502563615,-18.49528639492347,-8.778614559899703,-18.13560804640126,0.0,4,8141,37171.0,1783.0,18766.0,29,10,26,8
9333.32926432203,2696.004402738121,0.00020701912255868872,-9.01203269063693,-16.83643237582042,-8.693566941066766,-16.507295627588526,0.0,4,8599,37747.0,1920.0,17538.0,31,10,27,8
10401.951938718841,2657.488389751998,0.00018543181857783814,-9.883718217588468,-14.432550818019033,-9.544891986700025,-14.141572142876841,0.0,4,9291,41769.0,1999.0,17988.0,31,11,27,9
11138.74964416638,3291.4658145472717,0.00021584050641411682,-5.860541862859957,-11.517047781482546,-5.70416830097441,-11.35761323708442,0.0,4,12526,46070.0,2822.0,23408.0,28,10,23,8
11840.151227655413,3525.9477020960853,0.00021740250062921905,-5.261765931529289,-10.487045134093519,-5.1318534373647395,-10.35400580498493,0.004000663757324219,4,14332,49577.0,3313.0,25182.0,26,10,21,8
12857.907560054888,3904.13872010631,0.00021799816964455224,-4.505648344826594,-9.156195613299644,-4.406842870164466,-9.05686081682871,0.0,4,16760,56324.0,3981.0,28387.0,23,10,20,8
13470.645112614318,4105.608156331207,0.00021885018919764673,-4.167811225908791,-8.496695343451485,-4.082296090520789,-8.415321503406737,0.0,4,18433,60424.0,4384.0,30257.0,22,10,19,8
14904.641457585172,4503.299352974439,0.00025780540230315347,-3.461917588628025,-6.742120645447833,-3.4016028623222603,-6.692754836477333,0.0,4,22712,71746.0,5624.0,34316.0,19,10,17,8
14676.145320510765,4505.7336909486785,0.0002500051477895934,-3.070726121165147,-6.116280775850274,-3.017614426359869,-6.07259293422231,0.0,4,23804,72235.0,6069.0,34738.0,19,10,16,8
14586.633994931228,4617.42130414802,0.00023210372996113757,-2.7742870915811477,-6.067032494326503,-2.7238792072681917,-6.018836416712696,0.004000663757324219,4,24767,70027.0,6273.0,35136.0,20,10,17,8
14541.805036829735,4441.137506784345,0.0002668866083961932,-2.4532971659935323,-4.87285711969961,-2.4110214885441272,-4.840499235862839,0.0,4,26037,73943.0,6686.0,34902.0,18,10,15,8
13077.42569476437,4002.804372405676,0.0002653376296608537,-1.4241325135640936,-2.986183031061023,-1.396570276546714,-2.9658219396774936,0.0,4,28495,71725.0,7556.0,32879.0,17,10,14,8
7952.255050979775,2846.958720869225,0.0002873487093722576,0.22663973472845445,-0.651910583554272,0.23450810179260428,-0.6450152988365485,0.004001140594482422,4,31387,50523.0,8738.0,20154.0,15,9,12,7
2580.8307024257388,661.4687965051716,0.0001867256604178237,-2839.210081433225,-3591.5649848586495,-2747.480973581267,-2625.8284766571865,0.0,4,170,9699.0,54.0,3229.0,7,14,4,12
2852.3481609456444,742.4035922259536,0.0002055070208512971,-2256.917988286106,-3297.7317331670824,-2199.846476332795,-2384.244181218785,0.0,4,206,10792.0,61.0,3864.0,9,13,4,12
2967.8334111351332,779.043624420353,0.00019905145110564774,-2066.859963936762,-2805.494339367027,-2009.425882817495,-2068.0585458237438,0.0,4,231,11299.0,72.0,4142.0,8,13,4,12
3676.2963076534875,945.2333486146864,0.00019596327260061865,-2333.797648625466,-3582.445071893605,-2250.3366134526455,-2256.265982271411,0.0,4,265,13982.0,98.0,4828.0,9,13,4,11
3752.3039089338167,953.1162977744812,0.00015309438611085468,-2272.4887451446098,-2939.3604463592387,-2238.422352473551,-2463.3685407330304,0.003998279571533203,4,243,14233.0,74.0,4631.0,10,14,5,12
4053.1033930290173,1034.3743731115926,0.00015884290802099728,-4399.3608423179085,-6456.828721274371,-4298.596868692257,-4914.785042922593,0.004000663757324219,4,203,15296.0,60.0,5172.0,7,14,3,12
4505.236863686156,1141.6745650578364,0.0002013191611853157,-1132.2567340473925,-1474.4692346241904,-1117.9651742485487,-1230.5379924443448,0.0,4,433,17465.0,133.0,5977.0,10,12,5,11
4898.289674935868,1307.4917582595565,0.0001651913312410892,-2458.7574464818917,-3425.949595032327,-2424.4153011482663,-2714.5788846648647,0.0,4,313,18720.0,117.0,7432.0,9,13,6,11
5082.840442975758,1319.127260413743,0.0001842984614507999,-926.1380041275814,-1234.763968443067,-915.8292024649819,-1108.6910621492757,0.0,4,499,19819.0,166.0,6974.0,12,12,7,10
5132.149051003919,1326.1342558414397,0.00012565205910639347,-768.0849644521347,-1339.9494800940913,-708.8614748676707,-850.3498311071431,0.0,7,609,19603.0,165.0,7147.0,11,15,7,14
5265.727363495633,1355.0106887647294,8.092931896263943e-05,-1148.4283124010617,-2287.5465134530255,-944.6402493920542,-1123.9519591418348,0.0,10,506,19322.0,150.0,6538.0,12,20,7,18
5377.808170378645,1391.9482202388447,8.830746051109376e-05,-860.66511490028,-1538.007898795712,-796.0205420745149,-1010.9329429989832,0.0,8,580,20213.0,166.0,6751.0,12,17,6,15
5663.25392137965,1444.5801930200807,9.985565058450025e-05,-1277.9023974535123,-2497.015946871324,-1073.9916260308953,-1252.172518009169,0.0040035247802734375,9,509,21156.0,166.0,6926.0,12,18,5,17
5856.1331878619785,1492.2982599916793,0.00012102359727612328,-907.5468541652551,-1513.7886902945563,-851.5948215118696,-1016.2334222863833,0.0,7,595,22361.0,170.0,8109.0,10,15,7,14
7031.8281051231625,1782.3657927453994,0.00011039296728019246,-1739.2759565988429,-1904.9824964765016,-1248.109175931146,-1678.9928203274858,0.0,6,867,27244.0,193.0,10046.0,25,14,8,13
7761.44724611117,2173.352038518687,0.00018688627996091178,-109.17401059173469,-191.55220807932216,-96.51111671660952,-180.09218596479073,0.0,4,2542,30961.0,533.0,14211.0,40,11,31,9
8435.749323719356,2107.241866566467,0.00015053621209724496,-85.93027146077296,-118.63076004976443,-75.62217405975856,-111.02218137753336,0.0,5,3119,33300.0,656.0,12259.0,42,12,35,11
10032.698823202227,2567.1997106120643,0.00018932038049743592,-13.602629147113491,-19.520174191700345,-13.08103088504658,-19.083069560174927,0.0,4,7546,39995.0,1706.0,17356.0,32,11,30,9
12490.261855908653,3695.6900094344132,0.00023482455565503112,-7.632566594940268,-14.690461977048392,-7.442057357964419,-14.503824779175579,0.0,4,12610,53349.0,2894.0,26758.0,25,10,21,8
10681.408811477851,2935.6160625440557,0.0001679183223772731,-5.07341384808567,-8.592900014132484,-4.930339474933875,-8.446603337225692,0.0,4,13018,42770.0,2906.0,19708.0,29,11,25,9
13383.523388542595,3988.7934252833065,0.00023411169553484273,-6.53650092623359,-12.619101953051574,-6.391476528955811,-12.479260508270944,0.004001140594482422,4,14792,57223.0,3507.0,28771.0,25,10,21,8
14100.356587911172,4305.0342030677675,0.000233435021012567,-4.48434132416436,-9.001094035949064,-4.395233178949993,-8.916714966186905,0.0,4,18955,62418.0,4483.0,31425.0,23,10,20,8
13923.117410518498,4399.36612740025,0.0002248275428882623,-2.8912451461572153,-6.349495843562689,-2.836144436501696,-6.294885898375696,0.004001140594482422,4,22885,64678.0,5661.0,32751.0,21,10,18,8
13447.635706076118,4329.344579677544,0.00022228833347729229,-1.5679070288851715,-3.611747806290211,-1.5382158597155136,-3.5866210396301126,0.0,4,28559,72879.0,7695.0,35539.0,17,10,14,8
8474.317612031267,2862.4275864203096,0.00030053153052269374,0.07439020436901145,-0.8125759255729474,0.08408314127672889,-0.8047669368229617,0.004000663757324219,4,30290,50776.0,8330.0,18439.0,16,9,13,6
2616.279624374403,670.0457540347525,0.0002186929319352682,-2058.525847218632,-2659.6209720564634,-2016.58471817482,-1994.868718091202,0.0,4,214,9855.0,74.0,3345.0,9,14,6,12
3411.7931685552103,870.2661829386838,0.00019006507551315368,-2128.5097510791084,-2783.2381504946916,-2082.728674296095,-2107.514432389056,0.00400090217590332,4,257,13008.0,82.0,4618.0,9,13,5,12
4367.840935462279,1108.1658081412427,0.00019913333565898706,-1074.2555063441257,-1411.0066034402564,-1054.887984506144,-1144.1650489209226,0.0,4,440,16926.0,138.0,5760.0,8,12,6,11
4565.67420176546,1139.4466493288164,0.00019486841276089028,-1331.6565583707102,-1521.584308720902,-1312.3466373711115,-1290.0053528234566,0.00400090217590332,4,409,17612.0,139.0,6488.0,8,12,6,11
4863.837610579051,1210.7361913315385,0.00019060297795106638,-1861.3594300812408,-2403.3736547714902,-1832.519788405343,-1966.2969300452944,0.0,4,360,18703.0,114.0,6895.0,11,12,5,11
4925.833784117162,1234.0314353100302,0.00017582811752276585,-1122.7543046536432,-1560.25787435211,-1106.857543676106,-1315.3703546226882,0.0,4,487,19078.0,131.0,6932.0,10,12,6,11
5230.782943931218,1334.4058236435844,0.00010474176172414333,-916.1083081745371,-1667.353987551655,-815.8744372249598,-972.9201189306705,0.0,8,542,19696.0,147.0,6354.0,16,17,5,15
5883.321257678576,1460.808352284879,0.00018002175088814354,-406.714512272389,-538.1328457986433,-398.25598525177617,-478.3425753189609,0.0,5,885,23191.0,227.0,8756.0,13,12,9,11
6369.680935106072,1614.7145458303548,0.0001153387774647439,-878.5905202640611,-1292.4620601794127,-829.8045320572403,-1057.376943297771,0.00400090217590332,7,700,24506.0,175.0,8785.0,17,15,4,14
7087.123358970349,1805.6613659324532,0.00016664385959443126,-661.8078549763094,-779.1134468409746,-557.1076117388925,-705.9142082142978,0.0,5,1116,28077.0,259.0,9887.0,17,12,17,11
7423.365783962151,1972.8372546495905,0.00020364946035637943,-321.44499320937257,-457.48848777522227,-279.693164571174,-430.6734630952794,0.0,4,1491,29734.0,323.0,13317.0,32,11,23,9
7545.74344574053,1914.810187248723,0.00010396082247745711,-415.2967251908128,-589.3302655046764,-299.5693052630188,-501.1026593473244,0.0,6,1640,29253.0,338.0,10925.0,48,14,46,13
8019.248293169379,2065.4899388522813,0.0002051691666375212,-129.819226351914,-186.05839933779816,-116.01866204374531,-176.63473474731478,0.0,4,2381,32282.0,516.0,14149.0,35,11,33,9
7937.424304101006,2156.1181771299084,0.00020206996949808994,-147.4108249647291,-241.8217075406825,-129.79334266893454,-227.15802922222593,0.0,4,2311,31311.0,477.0,14313.0,44,11,44,9
7746.457842476338,2104.008512590344,0.00016039950898523526,-98.43033067950583,-152.07542443875548,-86.21082230711852,-142.84862784820683,0.0,5,2589,30868.0,564.0,12229.0,39,12,32,10
8645.106846385224,2175.919405772343,0.00021259246538649432,-86.52839277454449,-117.4227924164882,-78.76371422551651,-112.09806695263164,0.004000425338745117,4,3083,34244.0,671.0,14645.0,38,11,34,9
8789.00526166547,2327.9757793341983,0.0001662301949628552,-26.257117756353267,-40.60551512657541,-24.721859295495594,-39.18444665630822,0.0,4,5058,34566.0,1081.0,12527.0,40,11,34,9
9501.61716169937,2406.075645198352,0.00021170947245462257,-17.92713575504271,-25.57404604467812,-17.143410422164973,-24.94543721106747,0.00400090217590332,4,6437,37715.0,1361.0,15616.0,34,11,29,9
9716.800683931415,2840.2935165958934,0.00020960984598297224,-7.686884167504681,-14.928758307018985,-7.4453558735349965,-14.68483726063575,0.0,4,9571,40330.0,2098.0,20320.0,28,10,23,8
10821.685668523796,3189.8796052254597,0.000218104235925204,-6.342861681989953,-12.240113603463277,-6.16760057211822,-12.063403402772712,0.004003047943115234,4,11836,44339.0,2707.0,22547.0,28,10,25,8
10147.713560206555,2733.984712146357,0.00018624601537094659,-4.659212898231806,-7.477809078015584,-4.530728084709324,-7.365156372678454,0.0,4,12732,41837.0,2931.0,16236.0,27,10,24,9
13973.985410770138,4208.065384621536,0.000245544706946275,-6.16871297208165,-11.900195595747986,-6.038339810872906,-11.774358840966482,0.0,4,16104,60092.0,3759.0,30373.0,24,10,20,8
14131.29898414037,4252.387033087025,0.00024090985996821267,-5.790900977958525,-11.23642933895958,-5.671832891937831,-11.12720234774218,0.0,4,16548,62027.0,4020.0,31032.0,22,10,20,8
13903.088170139275,4322.050070568364,0.00022797699396780814,-3.3523683180340003,-6.980175382946534,-3.2891452145598645,-6.921328630375654,0.0,4,21272,64782.0,5292.0,32352.0,21,10,17,8
14680.375677456283,4456.729107017089,0.000262423526909994,-3.3659107345665404,-6.617799771437095,-3.307984937809467,-6.56908974822302,0.0,4,22744,71166.0,5665.0,34071.0,20,10,16,8
14615.340136023748,4507.0707863219395,0.00024719220065126104,-3.1370353655857146,-6.285763873781801,-3.081921177338163,-6.238882505838579,0.0,4,23437,71088.0,5852.0,34652.0,19,10,16,8
14452.70913690002,4600.281416889986,0.0002367728441948768,-2.5027529125422476,-5.452342692314029,-2.4585931634763956,-5.412167004801599,0.004000663757324219,4,25772,71648.0,6585.0,35747.0,19,10,16,8
9210.893183028813,2753.9514262843004,0.00030378939085537205,-0.15124290308432942,-0.7876956716616723,-0.13893299551713878,-0.7798137353143417,0.0,4,29402,53514.0,7929.0,19432.0,16,9,13,8
2457.3069121330095,635.8760361370236,0.00020031889242633536,-2653.323364546517,-3893.992406275249,-2557.772892987897,-2673.691007964853,0.0,4,168,9272.0,53.0,3163.0,7,14,5,12
2744.8234669252106,698.7088240700366,0.00020157639832418827,-2495.0141250083802,-3001.739051392052,-2420.541682413659,-2274.8799091913415,0.0,4,187,10320.0,68.0,3436.0,10,14,5,12
3835.41558754285,983.760096305666,0.00020633249509942773,-1389.6915486675648,-1828.0574113550442,-1360.0185730029664,-1453.3985701983665,0.0,4,318,14735.0,96.0,5726.0,10,12,6,11
3771.798789687768,962.4604401746074,0.00011015916885643735,-739.6317895133367,-1957.1941149561674,-575.3939631846843,-679.5540583918602,0.004001140594482422,9,508,13868.0,150.0,4471.0,11,18,8,17
4150.285137041791,1038.0730094346286,0.0002102044975156731,-1162.4558374470193,-1367.4449068797728,-1149.947841697175,-1176.0702720538873,0.0,4,390,16058.0,117.0,5840.0,10,12,5,11
4305.109005830553,1075.6260580083892,0.00021282657145957676,-1501.656514346767,-1862.3280096631324,-1477.3833143593702,-1496.3723480511444,0.0,4,358,16606.0,108.0,5964.0,9,12,5,11
4326.74308684758,1105.0777970351228,0.00016040101869084896,-2704.671532368691,-3749.7380887235745,-2666.609694099139,-3064.7832064454315,0.00400090217590332,4,257,16504.0,78.0,6073.0,8,13,5,12
4417.997725921778,1160.6205865110842,0.00020755955520030786,-990.0877450711043,-1304.078803521666,-977.5192046127186,-1111.886602152401,0.004000663757324219,4,459,17167.0,141.0,6407.0,11,12,5,10
5084.6898709098605,1279.1765702656794,0.00019136438805365854,-1516.700330926165,-2020.1378768505786,-1496.7712568365862,-1715.547741904745,0.004001140594482422,4,422,19668.0,123.0,6928.0,10,12,5,11
5608.512755921424,1404.6599899975795,0.0001749531146631785,-1379.3493748378085,-1811.1306230549587,-1354.432313384374,-1565.566165539458,0.0,4,481,21777.0,130.0,7801.0,12,12,4,11
5939.609084248239,1481.0510563714363,0.00017573531574456585,-577.0451206558793,-749.665705515759,-563.6333290766129,-657.1287100019656,0.0,5,759,23146.0,204.0,9258.0,13,12,6,11
7120.104451481031,1754.4492883133323,0.00016652822610469507,-788.3257940301503,-951.891171054768,-686.6871173848228,-893.3790781825242,0.0,5,972,27815.0,206.0,11014.0,24,12,24,11
7518.128754467431,1975.8765828951296,0.00021433282966588278,-202.71659108758087,-291.9105215479592,-181.4721191657035,-277.9454213419741,0.0,4,1777,30197.0,407.0,13528.0,38,11,32,9
7547.512362570723,1934.3450299098251,0.00013872987665810923,-242.07535873189778,-344.57686308031947,-202.96149173776,-318.9910309764392,0.0,5,1806,29722.0,375.0,12477.0,37,13,33,11
7878.131632630457,1957.8087751361215,0.00015193129599633625,-141.6479600147128,-180.17678833752538,-123.55884046674558,-169.8074376365701,0.0,5,2247,31313.0,498.0,11817.0,39,12,27,11
8828.399380691837,2228.724139876146,0.0002136497461255335,-36.77975258323423,-51.54427826637714,-34.54928248521612,-49.86616547247702,0.004000425338745117,4,4301,35437.0,922.0,15063.0,34,11,31,9
8402.131313959648,2261.2125748170247,0.00011757606987736816,-40.00758843543752,-63.30918308119833,-35.73998329737696,-59.24480217952259,0.0,6,4190,32570.0,914.0,14093.0,45,14,38,12
9061.170645028893,2287.102212680929,0.00020383105373260479,-27.142624204493654,-37.67705110502444,-25.681087283786958,-36.58550246562085,0.0,4,5132,36366.0,1070.0,15319.0,35,11,32,9
9092.655297225705,2628.4402991603215,0.0002195435913611703,-13.874482119159797,-26.1165261934888,-13.327396432072613,-25.58633811826054,0.0,4,6718,37228.0,1447.0,18733.0,32,10,27,8
9388.768228802257,2407.3547896671425,0.00020347322688363592,-12.377784243872776,-18.420334272222856,-11.903829814084567,-18.013020584652082,0.0040013790130615234,4,7463,37725.0,1601.0,15213.0,31,10,27,9
9250.239633720306,2534.2065675637677,0.00022216229315936403,-11.377565696109285,-18.848889710395767,-10.949513316622182,-18.459432025624725,0.0,4,7610,37032.0,1696.0,14525.0,33,10,29,8
9561.890125976663,2793.014092114467,0.0002111490711994554,-8.051839729583046,-15.487747854642386,-7.798610713247038,-15.23580546250803,0.0,4,9162,39835.0,2015.0,20023.0,28,10,25,8
10786.648414629695,3166.7540837714782,0.00022775016236030335,-8.641277694780715,-16.363544412227352,-8.389168805395508,-16.113771385603446,0.00400090217590332,4,10220,44508.0,2317.0,22538.0,28,10,25,8
12230.687146391925,3626.9713174355265,0.00023615061082870226,-7.2343748538403965,-14.149119531082222,-7.056800718003169,-13.974273202036269,0.0,4,12639,51849.0,2870.0,26107.0,27,10,23,8
12452.222096293362,3703.6448784159456,0.00023394457216433981,-6.7323194858776345,-13.19313782184056,-6.574953412823655,-13.038770027901439,0.0,4,13489,53051.0,3188.0,26695.0,26,10,21,8
11501.048965746559,3437.8778958949856,0.00022584402728302385,-5.098966150791192,-10.340330042257644,-4.974421754298906,-10.210943228258245,0.00400090217590332,4,14192,48022.0,3205.0,24478.0,27,10,23,8
13432.030106474971,4032.731588204204,0.00024023069815242828,-5.827593775190237,-11.393903443138775,-5.705503457159777,-11.278866406420525,0.0,4,15843,58435.0,3662.0,29356.0,24,10,20,8
11168.728519378708,3401.4196362205394,0.00020317097380643048,-2.994337387387667,-6.411388068239489,-2.9246101650121066,-6.338713518450907,0.0,4,17355,47790.0,4155.0,24289.0,24,10,19,8
13273.154541372847,4053.9104154199067,0.00023263048852569798,-4.3072124136680365,-8.8411206206908,-4.218366780441102,-8.754017996302734,0.0,4,17922,57362.0,4242.0,29217.0,24,10,19,8
14587.115550489525,4508.314811268175,0.00024633493613013404,-3.9893603076092266,-8.147029848101452,-3.9163501880030074,-8.078950805076396,0.004000663757324219,4,20948,67002.0,5132.0,33554.0,21,10,18,8
14633.627550311987,4434.6783012318565,0.00026258542231175807,-3.5947120384922258,-6.9310122969807795,-3.5331090568300105,-6.881411263541186,0.0,4,22060,70432.0,5454.0,33860.0,20,10,16,8
14290.792540201657,4418.702404269833,0.0002478506978052631,-2.5795422554394105,-5.242450761483943,-2.5347316001661384,-5.205353777685062,0.00400090217590332,4,25142,71914.0,6391.0,34588.0,18,10,16,8
11512.128100670614,3402.858868534907,0.00029058293163653393,-0.9208795751963386,-1.9390295536820754,-0.8997105301928017,-1.9252329227972949,0.0,4,28141,63838.0,7377.0,27266.0,17,10,14,8
7986.05378926288,2973.8927683957713,0.00029732517012874755,0.21171269610865118,-0.8619939631723406,0.2196964525269447,-0.8545135369940953,0.0,4,31144,49109.0,8587.0,22069.0,15,9,12,7
2861.9417978300444,733.4588789314186,0.0002123766659900117,-1157.8672637062289,-1507.702867652697,-1143.2235223842508,-1281.1098167238695,0.004000663757324219,4,260,11008.0,77.0,3863.0,11,13,6,12
3211.3145315950187,813.2214617392567,0.00014681787257819713,-3753.9860060951905,-4232.647266068913,-3659.3882310630484,-3222.488129915192,0.0,4,178,11937.0,65.0,3929.0,7,15,4,13
3617.5512248734412,909.474453324556,0.00022825693051601085,-1279.3484786816189,-1480.6830614858197,-1253.254419248669,-1152.179274613205,0.0,4,351,13932.0,108.0,5183.0,10,12,4,11
3950.1612282496353,1013.4389987397695,0.00022234055270697932,-969.767651366826,-1209.4813326562232,-957.1367414403337,-1028.7118283109478,0.0,4,427,15325.0,137.0,5175.0,10,12,5,10
4059.804770039236,1026.3321018721635,0.00015221973300104093,-5137.388587084481,-6780.745729511014,-4954.975452302611,-4598.959150828514,0.0,4,204,15328.0,66.0,4921.0,10,14,4,12
4315.959675051039,1153.5926129560066,0.00022688246019578263,-1138.9802008497022,-1461.3081202942258,-1121.0507653840684,-1191.7405498121373,0.0040013790130615234,4,406,16721.0,139.0,7185.0,10,12,5,10
5567.360293829056,1475.9536968405855,0.00011209552319649123,-833.9361692202081,-1538.402108222371,-767.5710089301913,-1040.5854636099643,0.0,8,627,21162.0,164.0,7978.0,14,16,5,15
5999.852734894876,1572.6877048611007,0.00014884663456893289,-832.1005398227232,-1231.5735646147548,-797.2354919073772,-964.2280309914748,0.0,6,665,23093.0,174.0,9591.0,12,14,6,12
6130.895237125012,1563.4719531821147,0.00012871947636615487,-1026.7069973952885,-1504.396406487488,-961.6146429717179,-1117.330346965091,0.0,7,623,23522.0,177.0,7863.0,11,15,5,14
6427.953256142883,1697.744379742536,0.00018139580427445684,-426.6485246564349,-610.4430958718965,-400.684672058833,-559.3746056101245,0.0,5,1019,25556.0,260.0,9170.0,15,12,7,10
7562.277745146422,1868.7197446943526,0.0001551735683599568,-262.43755748923724,-332.9362496339994,-224.33709463315736,-312.5130645240688,0.0,5,1701,29819.0,371.0,11502.0,34,12,28,11
7931.500315198884,2105.5781618912497,0.00020984243410316201,-144.43817402540176,-217.71178990711707,-127.68089235631632,-205.7673525732398,0.0,4,2298,31554.0,493.0,14273.0,42,11,33,9
8435.362544693422,2132.1872523694224,0.00023127611380443862,-53.47305629477041,-76.09516349246606,-49.47717788532993,-73.26407740227299,0.00400090217590332,4,3546,33650.0,754.0,13756.0,36,11,28,9
8616.412595786795,2187.782793625394,0.0002188328003189696,-28.590808065667705,-41.3432592807456,-27.102175382084518,-40.22524343187504,0.0,4,4646,34627.0,1014.0,14069.0,34,10,28,9
9174.689192623911,2313.077808444123,0.0002225600262831124,-26.381989379110525,-36.58979982148824,-25.01065305886058,-35.56103003229928,0.0,4,5158,36386.0,1168.0,15256.0,36,11,31,9
8422.532962857234,2474.3185046594144,0.0002204321360463395,-14.277854033644925,-27.68453819859565,-13.699917207500366,-27.117613122662863,0.004001617431640625,4,6249,34619.0,1380.0,17407.0,30,10,26,8
9756.816826369824,2827.5288791628636,0.00023747441300382845,-14.882060067354665,-27.914644236863293,-14.33242205516441,-27.390683157505457,0.0,4,7009,40142.0,1531.0,20219.0,32,10,23,8
11991.267958828068,3512.83965291377,0.00024336205081885976,-9.758665409068207,-18.436987217985532,-9.502911823863576,-18.190071736519357,0.004001140594482422,4,10654,49982.0,2397.0,25164.0,28,10,24,8
11519.230828271478,3402.0330747461385,0.00023282434406546234,-7.1262413381371115,-13.728218556002334,-6.939486985519251,-13.540935565142076,0.0,4,11951,47757.0,2694.0,24225.0,26,10,24,8
11673.36886847937,3473.514528123257,0.00023266283782719926,-6.499393958568518,-12.677482500506278,-6.337989399101614,-12.514039049844452,0.0,4,12757,49018.0,2931.0,24882.0,26,10,23,8
13999.139772306846,4168.298791173685,0.0002631703792386038,-7.432528280063263,-14.424660802186771,-7.273590765895891,-14.275184946064446,0.00400090217590332,4,14560,60505.0,3314.0,30282.0,24,10,20,8
13683.432395601623,4133.540223736791,0.00024246584738006675,-5.222770994673079,-10.315592515038906,-5.117278102468796,-10.218435327170747,0.0,4,16890,61109.0,3958.0,30389.0,23,10,19,8
13970.90853307627,4298.267130241752,0.00024148137378210945,-4.137622255526355,-8.503334268708535,-4.057574104921125,-8.426174626483272,0.0,4,19474,62902.0,4794.0,31696.0,22,10,19,8
14302.917460987928,4385.869286222895,0.00024215183452007063,-3.591133854696732,-7.138840941290674,-3.5276167542425725,-7.084159867113513,0.0,4,21601,67949.0,5257.0,33178.0,20,10,17,8
14867.840306696082,4508.4145541050975,0.00027322486177527557,-3.3132154138377183,-6.4244214152596335,-3.25638838308232,-6.378395731914733,0.0,4,23423,71956.0,5830.0,34415.0,19,10,16,8
14360.19250103099,4403.674098125337,0.00025407201343956927,-2.812582028677679,-5.55870201050535,-2.76407388278958,-5.519425318225876,0.0,4,24192,71441.0,6193.0,34130.0,19,10,16,8
11467.96946117751,3313.8910994101784,0.00029385840269930113,-1.242186788700192,-2.403068954514313,-1.21562169171535,-2.385527864536615,0.0,4,25446,60137.0,6506.0,25256.0,18,10,14,8
11663.821440855765,3418.9607384774104,0.0002983777328037605,-1.1701020989014883,-2.313609184872832,-1.1452447123297085,-2.2974313977704255,0.0,4,26591,62820.0,6961.0,26945.0,17,10,14,8
9948.53467905785,2863.739382346096,0.00031307677826181005,-0.49165602379156903,-1.1570957498598213,-0.47524676967170953,-1.1471621755170012,0.0,4,27671,55575.0,7390.0,21417.0,17,9,14,8
2514.76884706461,643.5165434288901,0.00024695209956209846,-1804.6828135789315,-2456.4002673445575,-1767.8748928669734,-1878.0148653113276,0.004000663757324219,4,217,9584.0,64.0,3374.0,10,13,5,12
4214.323151468097,1062.8613111157385,0.00016527741943411995,-2121.5626120440206,-2532.8541483370655,-2087.6451434400283,-2108.5381622778223,0.0,4,303,16116.0,89.0,5610.0,10,13,6,12
4263.802571741158,1083.3467858571264,9.133288657746842e-05,-958.0775940611999,-2421.4893139931755,-660.7786244888989,-762.1190133148779,0.0,11,508,15435.0,153.0,5088.0,12,21,6,19
4645.675494702932,1175.8864918293204,0.00019898703205264938,-1227.987506079983,-1615.5636759227273,-1207.4500344413073,-1322.038489795296,0.0,4,412,18004.0,121.0,6186.0,13,12,6,11
4932.062661480913,1252.3103723986335,0.00014134477756383383,-645.6949394125257,-1073.9625654234917,-603.706122111381,-716.6471884916382,0.0,7,612,18927.0,168.0,6502.0,11,15,7,14
5466.349951814183,1390.0589141997675,0.0001282693097101248,-904.9003259866406,-1486.4336015294298,-837.2923539717747,-934.7464933303394,0.0,7,576,20877.0,160.0,7470.0,9,15,4,14
5506.716559435164,1445.4492197266948,0.00014344433680287832,-733.8494205313043,-1219.0336970626822,-703.9523559945226,-931.9970618605479,0.004000663757324219,6,661,21306.0,163.0,7772.0,14,14,4,12
5787.684268469503,1493.6793355492364,0.00015792129000996358,-661.8622559185299,-1019.1428634338914,-636.9900357545662,-771.023761777917,0.0,6,678,22327.0,186.0,9161.0,13,14,5,12
6397.8975831292055,1660.8117545978912,0.00018454976963961343,-710.3429212146825,-934.262582731844,-663.601068233582,-810.8660774325859,0.0,5,841,25218.0,226.0,8603.0,19,12,5,11
6885.160138690796,1841.1502773402285,0.0002179926800775652,-418.0890679923694,-612.8087249071134,-372.8220337689592,-580.5579072177876,0.0,4,1185,27493.0,257.0,12349.0,31,11,18,9
7142.293600447968,1880.4175760762998,0.0002227814880249717,-455.98091552944487,-636.0376288795222,-398.1189933048645,-595.6141122668137,0.0,4,1202,28472.0,276.0,12724.0,28,11,17,9
7509.180916135261,1979.510421901503,0.00021163876366938288,-271.3423279655834,-376.18864372957773,-230.91515303442762,-349.599389215,0.0,4,1704,30070.0,367.0,13473.0,39,11,30,9
7470.720271499931,2017.9437708965033,0.00020568313986984334,-156.29117160726634,-242.8146906959185,-139.2532175763258,-230.43564108341522,0.00400090217590332,4,2085,30005.0,439.0,13575.0,40,11,31,9
7781.823901192231,2062.9834256685954,0.00020819087776605062,-156.79834276402434,-242.4289124672633,-137.32206678208053,-226.81913935454028,0.0,4,2200,31016.0,456.0,13993.0,36,11,33,9
8261.408535448621,2094.519773917958,0.00021620276781658993,-77.21864064661446,-105.36204325844582,-70.70203442332202,-101.03270273168928,0.0,4,2939,33180.0,640.0,14295.0,34,11,29,9
8470.325609886553,2147.8235568244427,0.000217992717126713,-65.21793313017702,-89.85311063533803,-60.011364540278734,-86.2559048567496,0.0,4,3298,33803.0,702.0,14631.0,38,11,34,9
8204.121546769446,2382.7532088251746,0.00023162288882448373,-21.342798849949467,-41.12892891956204,-20.336580618000635,-40.17126767130879,0.003998756408691406,4,4986,33921.0,1058.0,17018.0,31,10,23,8
8198.551357048796,2407.856089536222,0.00023612061529812545,-19.946820210292024,-37.98242627609037,-18.98037544597181,-37.07477089794874,0.0,4,5332,33364.0,1144.0,16890.0,34,10,29,8
10256.390902952493,2975.6500427777682,0.0002503534333247774,-16.822562505611184,-31.403485881827635,-16.219640155953215,-30.83874633265065,0.0,4,6980,42360.0,1564.0,21293.0,29,10,27,8
9397.82395302675,2786.079542789473,0.00021181914214495138,-5.865465268763051,-11.729307869060971,-5.695196074453349,-11.548629351087557,0.0,4,10465,38958.0,2398.0,19715.0,28,10,23,8
11910.617880785336,3518.000857198588,0.0002353762711738149,-6.8199850942682785,-13.392873574855289,-6.653840433932205,-13.233105340614438,0.0,4,12686,50083.0,2884.0,25216.0,26,10,22,8
11814.941668285968,3531.7156743099613,0.00023157030486248113,-5.84326274193642,-11.40130385892014,-5.703277984324109,-11.262105183991181,0.0,4,13567,50198.0,3161.0,25427.0,25,10,21,8
11634.285957891872,3526.464373727128,0.00022877974846049364,-4.264784480899404,-8.705227522588501,-4.166268239649818,-8.601712149814821,0.0,4,15541,49359.0,3663.0,25214.0,25,10,21,8
14380.88070183522,4388.348171816285,0.0002519140982413634,-4.688946735609134,-9.344406196299339,-4.600947864399808,-9.265363988176546,0.0,4,18965,65288.0,4556.0,32545.0,22,10,18,8
11132.77940457069,3647.201210060485,0.00018955061848315022,-1.085043522125599,-3.0956066911511133,-1.0582489029444346,-3.0681201484027376,0.0,4,25578,55149.0,6697.0,27793.0,20,10,16,8
13558.170439889127,4225.844163694792,0.0002599086601224773,-1.6935175139124659,-3.6227733467014804,-1.662808450369551,-3.599121537957301,0.003999948501586914,4,28185,73145.0,7449.0,34507.0,17,10,14,8
9277.129709443181,3887.834625201626,0.0003889348349054777,0.029960801243074653,-1.7460089721495633,0.03836155748729431,-1.737080790299693,0.0,4,33229,63370.0,9556.0,35854.0,14,8,11,6
2506.476556676058,637.4393026660133,0.0002460820220475781,-1428.067131085876,-1761.0718093115706,-1387.4027615162704,-1313.7589789878257,0.0,4,228,9559.0,92.0,3103.0,6,13,5,11
3276.98241368234,843.2106609560864,0.00021335887684146643,-1661.5198340199274,-2348.21710149874,-1624.6407909249951,-1774.6073177812536,0.0040013790130615234,4,278,12515.0,88.0,4304.0,9,13,5,11
3521.940319565812,915.6649735301662,0.00021080679334774523,-995.8621358422731,-1269.708964624455,-985.3983475752057,-1091.8573785233384,0.0,4,384,13568.0,120.0,5270.0,9,12,6,11
3881.0076910406488,1014.9395764034429,0.00016543684279896376,-3346.9197176076136,-4870.779934477917,-3237.4316128208084,-3443.1852235868428,0.00400090217590332,4,237,14736.0,76.0,5544.0,9,13,4,12
3972.1211679550597,1083.6719695092238,0.00022383045967774642,-849.1275478334938,-1301.9978810620887,-836.4031757343521,-1074.069954286901,0.0,4,455,15448.0,145.0,6592.0,9,12,7,10
4398.686765168045,1121.1694835093792,0.00014778078620053618,-631.7771493093243,-1079.229774111029,-569.6215195093562,-637.6089383872664,0.004001140594482422,7,574,16807.0,171.0,5805.0,9,15,7,14
4746.578737188854,1204.0553524097913,0.0002239528647985074,-868.8921869801558,-1011.4024280279806,-858.125862611539,-881.0787142949856,0.0,4,484,18424.0,160.0,7684.0,10,12,5,10
4693.153184427289,1218.0849895088054,0.0001994923774530987,-904.1206690224416,-1232.2079731195495,-894.5696617685322,-1094.5371519438845,0.0,4,497,18310.0,134.0,6466.0,12,12,6,10
4847.208886522566,1289.7100489709564,0.00020955985676718812,-1013.0828927720208,-1428.527477003648,-999.3022879212679,-1224.3241532251875,0.0,4,458,18858.0,137.0,8140.0,9,12,6,10
4990.592858902971,1365.1903751552993,0.00019125379812549447,-1106.215002479096,-1687.7683160770541,-1089.6606480247071,-1406.3686717688772,0.004030466079711914,4,476,19395.0,151.0,8409.0,11,12,5,10
5317.165866693702,1356.3929777584221,8.535929828062243e-05,-1059.3536893210228,-1944.4397035438255,-868.8927033443146,-1023.6939917780355,0.0,11,528,19362.0,145.0,6370.0,17,21,6,19
6621.498937331587,1692.8131357299897,0.00023125969422071506,-253.40346514253653,-318.0900389020237,-243.30303505634714,-306.93813180678535,0.0,4,1268,26720.0,321.0,11541.0,20,11,7,9
6586.92154243923,1793.5204063284773,0.00021415478741379252,-313.2664818000634,-466.3719585901684,-286.6504848495449,-446.8161477501728,0.0,4,1238,26526.0,275.0,11978.0,20,11,8,9
7262.47268497445,1823.4399725061787,0.00024375898011128627,-240.0804012644788,-299.06760352193237,-218.70991943793598,-287.4856341622066,0.0,4,1508,29146.0,333.0,12223.0,29,11,11,9
8577.279508120082,2156.2225722893268,0.00022871708078048294,-46.599347971721514,-65.00443248855107,-43.448132171640125,-62.77398798827033,0.0,4,3843,34079.0,838.0,14247.0,37,11,30,9
9088.267119157903,2344.476969478836,0.0002106842914532767,-12.626820593894257,-18.756984239828014,-12.149432016592293,-18.36438748600104,0.0,4,7081,36554.0,1578.0,14635.0,31,10,28,9
8769.304986594814,2458.8183349256747,0.00021589786076213818,-10.108250548396944,-17.87119969118417,-9.742049454758869,-17.521669517917463,0.003998517990112305,4,7706,35597.0,1742.0,15137.0,29,10,26,8
10918.757730392226,3182.5086622689128,0.00025226225437657835,-12.599905378036551,-23.96093431656459,-12.206301749331375,-23.581650674386033,0.0,4,8709,44234.0,1882.0,22525.0,32,10,26,8
12361.294088892284,3600.4103079255656,0.000255734718464141,-11.081661944785719,-20.62318969358859,-10.801546157664507,-20.379266489709313,0.0,4,10408,52503.0,2308.0,26011.0,26,10,21,8
10951.623768495094,3233.250600853059,0.00023242990700706796,-7.224253244752973,-13.918395395031716,-7.033718054701186,-13.731993030534808,0.0,4,11352,45300.0,2542.0,22999.0,27,10,21,8
10669.04385799168,3151.501467554791,0.00022721739142300153,-5.966407672774498,-11.643908781193591,-5.8131251846682925,-11.490845309407323,0.004000186920166016,4,12093,43740.0,2718.0,22269.0,28,10,23,8
14427.446070409806,4241.014041967636,0.00028595812372935933,-6.541029382694275,-12.024991086177803,-6.415194122766465,-11.92114628054128,0.0,4,16135,64654.0,3803.0,31242.0,22,10,19,8
13732.243405121393,4190.747329186446,0.00024372023532976956,-4.507092780141669,-9.06148545037406,-4.420241345923173,-8.981323775902899,0.003999471664428711,4,18355,61850.0,4421.0,30941.0,22,10,18,8
14757.219897886707,4397.23272235884,0.00028446965402283955,-4.745677732321819,-8.893646318903288,-4.6617209792540235,-8.826726998282348,0.0,4,19613,68482.0,4765.0,32871.0,21,10,17,8
14290.964026337879,4291.818801510613,0.00028078050312636994,-3.2669643284372922,-6.328964360218269,-3.2100361830562028,-6.283534122320964,0.0,4,22389,69150.0,5553.0,32706.0,20,10,16,8
13950.960744992917,4169.1486078794715,0.00029084082672434,-2.886698794388711,-5.44257097035438,-2.8372128228116065,-5.404291228528669,0.0,4,23040,68873.0,5859.0,31990.0,19,10,16,8
13626.226335866068,4331.052398089869,0.00022769744611370605,-2.517160354048793,-5.521555660188878,-2.4711039268541977,-5.47851549814344,0.0,4,24048,65825.0,6156.0,32975.0,20,10,17,8
11791.029818344254,3442.081926622801,0.00030072851042745985,-1.4234818868495012,-2.7225307683022177,-1.395141329871501,-2.7040316067631536,0.004001617431640625,4,25210,61582.0,6555.0,26345.0,18,10,15,8
8214.16635364884,2878.8040720786585,0.00030701333587362744,0.13948134704722048,-0.7821914444551117,0.1481924088632126,-0.7749736987473397,0.0,4,30719,49779.0,8473.0,19089.0,16,9,13,7
2865.331396264081,743.8982695346633,0.000232482827023124,-1137.0163344807272,-1735.2652880927785,-1113.3345688957097,-1321.9704857008164,0.0,4,288,10961.0,84.0,3884.0,10,13,5,11
4374.705276977716,1156.4786395563042,0.00023485146208033843,-1460.9946213065869,-1985.7020870418494,-1429.4958632037751,-1495.94707681194,0.004001140594482422,4,372,16910.0,126.0,7282.0,10,12,4,10
4331.394112352481,1113.8929042658963,0.00012654481764645312,-748.0070673631026,-1390.143756824562,-639.0434877070122,-724.8716843500482,0.0,8,530,16186.0,146.0,5464.0,11,17,7,15
4939.175924433143,1311.569733817713,0.00020351665456141163,-1295.096372775104,-1787.3405403137126,-1274.412970982401,-1554.641282640642,0.0,4,432,19214.0,130.0,7448.0,11,12,5,10
5453.811126175897,1373.4867309151552,0.0002046849542820463,-613.1726006346722,-804.8059726280616,-597.2115498664094,-634.0476283282425,0.0,5,728,21399.0,216.0,7585.0,10,12,5,11
5455.171188782689,1381.5749466942912,0.0001328567237767127,-698.5116170908317,-1056.5676662352803,-661.1721611669027,-737.9734738970358,0.0,7,611,20964.0,176.0,7235.0,12,15,7,14
6039.836543623032,1501.3192233919858,0.00019036943582673627,-544.0894796700012,-743.7234925341243,-527.0786004793314,-644.7344884849683,0.003998756408691406,5,809,23757.0,219.0,8780.0,13,12,8,11
7177.774267661251,2018.5985366296422,0.00019254093916994382,-106.11656544557107,-178.30276705532341,-94.11207682637263,-167.6187631437648,0.003996849060058594,4,2382,28927.0,501.0,13221.0,35,11,31,9
8034.3648888177,2088.17777669511,0.00021452427640236292,-70.48618020553046,-101.43951245276077,-64.78162915860534,-97.32576543581008,0.004002094268798828,4,2968,32380.0,635.0,14361.0,33,11,33,9
8355.887326335645,2108.756513030843,0.00022280079356777448,-69.68516209619983,-94.7570097781218,-63.91844411955954,-90.90454354266201,0.0,4,3156,33246.0,692.0,14266.0,38,11,34,9
8287.90596730662,2420.007797422011,0.000230981098531591,-16.14487791507209,-30.755344119408747,-15.475421129025722,-30.099866889922186,0.0,4,5762,33904.0,1220.0,17074.0,33,10,27,8
8590.762555282854,2510.3011543272387,0.00023026414101914747,-11.764736763408091,-22.79396667001528,-11.33512771787643,-22.36262624678866,0.00400090217590332,4,6817,35328.0,1545.0,17831.0,29,10,26,8
10080.799674794323,2924.84132048219,0.0002485087616331927,-14.552273009003068,-27.629237455779545,-14.058387389033236,-27.153153299618726,0.0,4,7251,41426.0,1595.0,20886.0,30,10,26,8
10815.124480617409,3146.7008252030146,0.00025616296706982086,-14.210357772980723,-26.259218902097018,-13.770078121905303,-25.85377982802789,0.0,4,7944,45177.0,1744.0,22646.0,28,10,26,8
10386.25306244188,3039.968326657917,0.0002439026225827554,-10.278852419283039,-19.462628300728937,-9.965880410179787,-19.15602081982607,0.00400090217590332,4,8971,42710.0,2031.0,21629.0,29,10,25,8
13764.463888791068,4044.512088157235,0.00028020666066623734,-9.382420448031592,-17.539209932225855,-9.176352924022838,-17.354893214517496,0.004000425338745117,4,12888,58886.0,2939.0,29216.0,24,10,23,8
13372.293388913013,3948.6795973464345,0.000261428738209867,-8.030220459615995,-15.146172216608758,-7.855698084614557,-14.989224110391511,0.0,4,13467,57569.0,3047.0,28596.0,25,10,21,8
13583.965770425195,4072.614423141888,0.0002650532914095508,-6.95986205599934,-13.409300633776313,-6.811695938661558,-13.26763728749865,0.0,4,14701,58713.0,3482.0,29573.0,24,10,20,8
12779.74574277595,3851.307026517102,0.0002442458407315147,-5.355157845721542,-10.741070652908972,-5.239970361922389,-10.626884063728806,0.0,4,15607,55650.0,3608.0,28031.0,24,10,21,8
14270.253889939497,4283.834002434813,0.000261189776423623,-5.781682561914513,-11.10525900127571,-5.671155881782891,-11.00906207467273,0.0,4,17021,63726.0,4092.0,31523.0,22,10,20,8
14178.91305006311,4288.402630933807,0.0002555570496889414,-5.1043974681569795,-9.981052610470657,-5.007386290391114,-9.892959877782282,0.004000186920166016,4,17888,63838.0,4290.0,31639.0,22,10,19,8
14977.2072027381,4474.856108021799,0.0002862981608493931,-5.295805145254325,-9.949668228932072,-5.20172487978504,-9.8714181199504,0.0,4,18767,68378.0,4530.0,33232.0,21,10,17,8
13014.949453256948,4053.906246346438,0.00022843647605113156,-3.159815621505383,-6.755191286194642,-3.0978744453963616,-6.6944289498906135,0.004000663757324219,4,20331,59140.0,4976.0,29878.0,22,10,18,8
14058.907692648696,4196.6265668589895,0.000279638552387876,-3.445185793834691,-6.426474910123672,-3.385589517240894,-6.380931771424163,0.0,4,21587,67904.0,5427.0,31888.0,19,10,16,8
10618.627760234214,3101.793709895937,0.0002945298091328713,-0.6937845540619889,-1.5663033817361884,-0.6749369525144393,-1.554098115603899,0.004000663757324219,4,27641,59043.0,7177.0,24399.0,17,10,14,8
8297.680632888727,3027.9509177687582,0.0003094008692009464,0.009533254287983128,-1.268398332922977,0.019949544621331472,-1.2588712829986641,0.0,4,28478,47490.0,7739.0,21779.0,16,9,13,7
8399.146073287253,3097.575856617558,0.0003267845504975484,0.05537243980912143,-1.202724660667375,0.065209937147511,-1.193530686187437,0.0,4,29818,48064.0,8259.0,21908.0,16,9,13,7
7714.96122667941,3242.6633488152916,0.0003647765110259435,0.3087563018889098,-1.0387092177724147,0.3150450108813042,-1.0319598416594928,0.0,4,32535,50715.0,9181.0,28665.0,14,8,11,6
2510.2862635564097,640.8887790274794,0.00024483471346256874,-1686.1775519000228,-2032.148860472311,-1639.1189652929147,-1505.1115505800292,0.0,4,222,9570.0,70.0,3324.0,9,13,4,12
3138.011185116565,795.7223461002798,0.00017863290730545973,-3552.338105834505,-4927.127801419998,-3411.9485595977585,-3095.995973401932,0.0,4,192,11831.0,68.0,3821.0,8,14,4,13
3501.9205251666313,914.4763528927361,0.00020324017210316555,-1502.3409306766137,-2058.139165832185,-1478.0433065275552,-1606.9815794913216,0.0,4,288,13399.0,98.0,4906.0,11,13,4,11
3774.8515368157196,992.8851897374641,0.00022990038343095645,-975.1007107450894,-1488.6126549403848,-952.3623416464403,-1096.6632840956065,0.0,4,404,14638.0,124.0,5470.0,10,12,4,10
4277.093265534822,1072.0651847796694,0.0002025690392338857,-1294.5226683577894,-1712.1981250223412,-1273.207497405916,-1381.7014383417877,0.0,4,375,16522.0,134.0,5902.0,11,12,5,11
4563.594927978015,1148.456418778411,0.00019384135931260537,-1565.4577791650258,-2089.4467686415005,-1544.922368129682,-1723.2906741201987,0.004001140594482422,4,386,17551.0,108.0,6749.0,10,12,5,11
5457.595028948191,1394.9397836465916,0.00016466751764787561,-2055.8073868188158,-2628.9533554419504,-2019.5363682918426,-2254.864748303261,0.0039997100830078125,4,384,20909.0,117.0,8433.0,12,12,4,11
5432.899361585697,1388.7269330662727,0.0001282532657434816,-777.7417030355805,-1253.2122172801053,-736.5635174831983,-895.3848648780483,0.004000425338745117,7,604,20835.0,164.0,7600.0,12,15,6,14
5967.134723509319,1515.0285159875107,0.00015774325004415507,-583.7164621185311,-808.4975406988478,-562.330026742574,-686.6811463940923,0.0,6,786,23168.0,205.0,9313.0,17,13,7,12
6397.702444856018,1677.7243019439557,0.00023000173694202427,-313.3914012551048,-451.81719980837033,-299.14632982077336,-431.180867963718,0.0,4,1164,25752.0,254.0,11361.0,16,11,9,9
6114.263767703568,1692.900491371011,0.00018793288613645754,-276.94660112882536,-445.72050690459463,-259.80316583212607,-423.79178681766064,0.0,5,1171,24597.0,269.0,10257.0,16,12,8,10
6605.455718770021,1754.2148101073597,0.00021142187364388225,-530.8595367687806,-722.8855413364801,-463.6471130439348,-659.1360409407231,0.004000425338745117,5,1082,26276.0,245.0,11632.0,19,12,12,10
7375.678944736772,1914.8810314438163,0.0002263451771445452,-249.70038889825014,-334.9052325277413,-221.4702194798471,-319.46902806396133,0.0,4,1631,29409.0,359.0,13054.0,34,11,27,9
7966.548702491354,2031.3790189794715,0.00022537503746639415,-41.35375760482221,-58.63537119490197,-38.765127529293586,-56.8398149567769,0.004000663757324219,4,3610,32316.0,769.0,12949.0,36,10,27,9
8049.538182275842,2220.07454125982,0.00019439535546399443,-30.948444437968632,-52.367939613919475,-29.069774789117776,-50.5776505028049,0.004000425338745117,4,4368,32064.0,910.0,14716.0,39,11,39,9
9196.786672188824,2655.9985763362147,0.0002529634700751473,-22.146089903144023,-40.309727473851424,-21.238557353307637,-39.5088087590813,0.0,4,5489,37967.0,1201.0,19059.0,31,10,28,8
8633.581908020564,2340.88374515552,0.0002309166014714772,-15.26376041147304,-24.961661638537713,-14.634095290638898,-24.412387155600516,0.004000663757324219,4,6305,34521.0,1371.0,13248.0,34,10,30,8
11517.935990409334,3372.0108676673426,0.0002661200482496191,-13.063855423905142,-24.504904067975357,-12.696208357585942,-24.16863671682045,0.0,4,9002,48345.0,2019.0,24282.0,28,10,24,8
9278.420359338292,2818.8304145957413,0.0002017187137056892,-3.8910973361653713,-8.26460052578747,-3.787113044429587,-8.152560405555262,0.004000425338745117,4,12581,38299.0,2890.0,19394.0,27,10,23,8
13982.121157481793,4139.055729672328,0.00027235437692563625,-7.025324231127742,-13.286469441641295,-6.881472894083384,-13.15919192809905,0.004000663757324219,4,15054,61511.0,3557.0,30249.0,23,10,19,8
14478.495365253486,4307.6299252508525,0.0002941230696261947,-4.604636306258707,-8.654224145057052,-4.5255297852911225,-8.591184429847532,0.0,4,19437,67556.0,4688.0,32285.0,20,10,17,8
13371.582726610315,3971.6012185997897,0.000305196704229181,-2.3864129863233887,-4.497040650586095,-2.344919857119974,-4.467401231540464,0.0,4,23935,67085.0,6082.0,30496.0,19,10,16,8
14309.580969435596,4438.869279351068,0.00026598670834140117,-2.669234512720144,-5.435345711151238,-2.62376360429852,-5.398467611788618,0.004000663757324219,4,24784,71900.0,6342.0,34776.0,18,10,16,8
14237.26836400684,4454.787043638188,0.0002602492562875141,-2.5050861468267116,-5.135907388527643,-2.4623355604495702,-5.10112195593891,0.0,4,25187,72341.0,6515.0,35160.0,18,10,15,8
8601.361104136367,3051.850551987542,0.0003471920569987029,-0.04550495748027461,-1.2686631442005676,-0.03465301108559027,-1.2595864979695586,0.004000663757324219,4,28917,48719.0,7715.0,21734.0,16,9,13,7
11480.294536091687,4651.275583330162,0.0004137264643435754,-0.42666237246500405,-2.7043481910377842,-0.414979681728608,-2.692601419108759,0.0,4,34302,75789.0,10173.0,42940.0,13,8,10,6
2489.4717583087113,639.6908432985422,0.00022932880721572728,-1738.7499696618354,-2202.48394726448,-1666.7135757976953,-1505.4615030630735,0.004000663757324219,4,216,9471.0,79.0,3270.0,7,13,4,12
3090.813373935735,779.9905247821924,0.0002568381189669992,-1358.8195055411084,-1554.9879714271442,-1325.1237421077328,-1216.7824654697417,0.0,4,288,11876.0,107.0,4419.0,9,12,6,11
4035.146096590969,1009.3326177892665,0.0002245584340019879,-1425.6153229043757,-1793.6531935456248,-1395.3697691702625,-1352.5143615433403,0.004001140594482422,4,357,15563.0,112.0,5535.0,9,12,4,11
4731.56780952891,1262.1896121507564,0.00017109300776807162,-574.8805365859552,-996.2820387332913,-546.3471758827218,-702.64882308519,0.0,6,591,18263.0,170.0,7513.0,12,14,5,12
4947.677440351527,1259.3038698261591,0.000150244910054648,-714.7309987080736,-1327.8840887357665,-657.5830400540355,-787.3919837065467,0.004000425338745117,7,573,18966.0,163.0,6360.0,12,15,6,14
5293.70381522553,1365.6209019770702,0.00021516998832405842,-1436.55050559206,-1917.9459816770657,-1413.88672299026,-1612.7923385041372,0.0,4,465,20509.0,132.0,8843.0,10,12,5,10
5484.2320404669435,1375.8479720177165,0.0002106548361791199,-603.0067080686861,-818.8463920207237,-588.0419044813474,-633.5945863161286,0.0,5,698,21500.0,212.0,7703.0,12,12,5,11
5434.6459836627755,1429.4287978671912,0.0001153549584817286,-758.1240053593935,-1230.197920894678,-716.901648059126,-925.3436589189189,0.0,7,639,20854.0,163.0,7806.0,16,15,7,14
5797.35039442543,1585.7918285210878,0.00014579844296087253,-827.8489690221988,-1233.5668675421418,-778.7355682653733,-1027.4457412298505,0.0,6,706,22495.0,179.0,9522.0,14,14,5,12
6119.5954783914385,1595.6547178896205,0.00013059163789232454,-777.0350866028278,-1060.7576116311532,-702.1590109714315,-951.8807462557975,0.0,6,833,23903.0,188.0,8385.0,17,14,7,12
6296.342104918848,1634.4641190683078,0.00010949581892634753,-1231.5441696654846,-1677.9286076845658,-1073.3533468257936,-1449.4962749574547,0.0,8,687,24036.0,157.0,9080.0,17,16,17,15
6635.177939945306,1668.8643160134852,0.00018381008527789644,-481.8854952805085,-592.4209089286524,-433.6157062431308,-555.7875241338005,0.0,5,1068,26249.0,241.0,9458.0,25,12,22,11
6932.287264586631,1743.2755626979917,0.0002526910381982503,-287.0282594493459,-360.73034719277496,-264.34514894804477,-342.12487816208886,0.0,4,1369,27690.0,305.0,11356.0,25,11,19,9
7381.070935592612,1881.7886687271766,0.00024645597042617754,-127.34910670012422,-176.3324032400423,-116.73645953024432,-169.87968874823176,0.0,4,2067,29622.0,478.0,11878.0,31,10,31,9
7989.426146867496,2014.611203702425,0.00022999221192878433,-62.54332029169113,-86.69367820317375,-58.10460749353893,-83.70559328077897,0.0,4,2988,32063.0,630.0,13623.0,39,11,31,9
7694.868388115333,2028.1990343446737,0.0002357205581528369,-37.974928521976665,-58.24060397340635,-35.785809357236495,-56.58972839495284,0.0,4,3679,31209.0,754.0,12019.0,35,10,32,9
8323.922622352797,2113.34411882763,0.00021745138085516673,-51.02771919907413,-73.48947365191174,-47.421608503704014,-70.9010777275493,0.004000425338745117,4,3548,33176.0,783.0,14342.0,37,11,35,9
8083.216963509433,2336.424516399649,0.0002536518838998331,-30.072765614479042,-56.18823433750507,-28.462238650816136,-54.77425871836536,0.0,4,4207,33115.0,886.0,16709.0,34,10,28,8
8427.060827328825,2425.8243272476816,0.00024951771534269853,-24.84980318217246,-45.197520085510995,-23.71733861362147,-44.19310120118779,0.0,4,4716,34510.0,1038.0,17362.0,30,10,27,8
10130.60029533048,2933.424891445152,0.00026579001207023523,-19.209602025869057,-35.649817386157,-18.538124357175654,-35.05003475882677,0.0,4,6409,42133.0,1380.0,21120.0,30,10,24,8
10385.624818709754,3014.3592948308824,0.00026015192574263795,-14.560242380346038,-27.700120740479512,-14.091093761198229,-27.261670398750063,0.0,4,7530,43104.0,1679.0,21639.0,28,10,24,8
11190.784270718026,3272.190152762112,0.000262877749393241,-11.563713084234298,-22.15485661570477,-11.235527989920698,-21.849203750815047,0.004000425338745117,4,9239,46414.0,2030.0,23414.0,29,10,25,8
9859.436797746106,2911.7324060027677,0.00022541210548307752,-6.82869434813152,-13.18712582612587,-6.641487065486204,-13.002625331547076,0.0,4,10414,41344.0,2352.0,20837.0,27,10,23,8
11339.84731213344,3356.2119100880186,0.00025325295954685856,-8.616329339706965,-16.513045253276747,-8.391374137293115,-16.29385870433763,0.0,4,10787,47231.0,2496.0,23977.0,27,10,23,8
13861.735077333093,4063.4081049143138,0.00028373224661835115,-8.824927401734998,-16.4320031592826,-8.641534471511477,-16.275062400320927,0.015627145767211914,4,13338,60181.0,3069.0,29491.0,24,10,20,8
14597.431984128236,4308.40655724364,0.0003001546219733859,-6.112497056208899,-11.188440536962627,-6.000230133179961,-11.095977804274035,0.0,4,17160,65826.0,4122.0,31817.0,22,10,19,8
13616.870387347944,4004.245966523119,0.00030621455823654186,-3.894960161657604,-7.001101444304194,-3.826499215871973,-6.949881332239228,0.0,4,19542,64958.0,4867.0,30090.0,20,10,16,8
10788.325699376772,3114.650918441744,0.00031448274262860774,-0.9288877290428406,-1.8778558157184957,-0.9069556899147801,-1.864179702387506,0.0,4,26119,57410.0,6822.0,23555.0,17,10,14,8
8215.142539085977,2937.2711098767622,0.00032823768765264966,0.06657565867188353,-1.0343246162645041,0.07603153980279609,-1.0262219341045413,0.0,4,29326,48793.0,7979.0,21880.0,16,9,13,7
8122.363883259807,2949.892798193408,0.0003196782546714554,0.13302120339200874,-0.9059620224918843,0.14167301522397968,-0.8985412668317256,0.0,4,30416,49091.0,8424.0,22197.0,15,9,12,7
8787.659297394463,3694.0637994174745,0.0003880908601143946,0.11215905631676781,-1.5696999891338859,0.11997684367222128,-1.5613914502678412,0.0,4,32988,58793.0,9290.0,33311.0,14,8,11,6
6890.045338808253,2611.5368559528315,0.00031728591314336013,0.48087556627449246,-0.1769358529347187,0.48552144933156627,-0.17307874588343508,0.0,4,34248,51209.0,10051.0,21506.0,14,9,11,7
2676.192633278977,684.0314548688532,0.0002796668850185915,-1164.5084626383564,-1457.773386882886,-1135.5520683464595,-1086.1891519024107,0.015625,4,297,10273.0,91.0,3874.0,9,12,6,11
2785.4666892790756,713.5057667367985,0.00025649240682443903,-1038.1207093198248,-1418.9234669805255,-1010.8702180935363,-1061.7095974558995,0.0,4,310,10711.0,96.0,3981.0,8,12,4,11
3275.4980394208756,847.8182047664071,0.00021848661904419933,-1725.640818348467,-2176.3848549241957,-1679.8184509712494,-1626.2409219879567,0.0,4,286,12491.0,90.0,4427.0,8,13,3,11
3603.1301814070866,908.8135638017294,0.00023822006246030614,-1087.0141259510929,-1518.6656875465542,-1060.1164593480473,-1131.0161482368972,0.01563262939453125,4,373,13942.0,107.0,4819.0,10,12,4,11
4493.566871558347,1118.5402084487919,0.0002132408133900471,-2126.6066715122706,-2925.4140763082582,-2086.9418880805115,-2235.869187075147,0.0,4,313,17234.0,96.0,6524.0,10,12,5,11
5502.67997585419,1350.2983968059307,0.00023341905341105245,-1401.7761185296608,-1581.3779070342312,-1378.063998439152,-1303.2428023582534,0.0,4,469,21183.0,152.0,8672.0,9,12,5,10
5260.727697311766,1336.1600676250541,0.00020579607823825724,-423.18632298419385,-632.6287950764876,-412.8355300175208,-503.6307193942256,0.0,5,759,20773.0,227.0,7275.0,13,12,5,11
6019.899103701822,1543.5020583616551,0.00026206324025961465,-402.2677704555131,-537.5989910504178,-391.4485111175246,-498.47793249615233,0.0,4,908,23994.0,247.0,10408.0,15,11,7,9
6887.1686149861325,1875.1577044789237,0.00021055322324123747,-213.16280362331216,-327.8233944795637,-187.2432440984152,-309.77067176609427,0.0,4,1634,27582.0,359.0,12469.0,36,11,28,9
7048.584079149041,1929.4290471319919,0.0002567465083434131,-123.07360365855553,-185.15440739077758,-111.3163960396303,-177.67624676651357,0.0,4,2095,28610.0,455.0,11493.0,36,10,25,8
7864.13205901749,2276.401161922037,0.0002550601874848357,-30.515026752130183,-56.336321703802554,-28.963995382461885,-55.02945151736234,0.0,4,4108,32114.0,860.0,16205.0,33,10,27,8
8532.621575337598,2152.712748390582,0.00022590350552376557,-26.763764031557752,-37.39203849414021,-25.38667970260871,-36.37183201258168,0.0,4,4833,34015.0,1017.0,14171.0,35,11,27,9
8164.310454528089,2379.065233535362,0.00024932027067465763,-21.34990340246389,-39.498967928386286,-20.358296189749936,-38.601098114590144,0.0,4,5013,33212.0,1100.0,16840.0,31,10,27,8
8874.586120631204,2236.010989649499,0.0002262027496523028,-21.618804462262638,-30.53657570167612,-20.606915259036,-29.76468120024249,0.0,4,5424,35160.0,1172.0,14653.0,35,11,29,9
10012.85713470436,2900.9062053951347,0.00026313222697208177,-17.772280144924657,-33.293990494836905,-17.15240076479335,-32.722282384908034,0.0,4,6664,41627.0,1457.0,20840.0,29,10,25,8
9846.999765685823,2526.2711074493436,0.00020591011973387596,-9.207792384235374,-13.448645475239747,-8.916435522925628,-13.201421631415863,0.0,4,9034,39207.0,1990.0,17119.0,32,11,26,9
11898.510366323173,3491.188279678807,0.00025811952008277786,-9.7925703607918,-18.572219435526154,-9.547298426832748,-18.34612717484764,0.0,4,10642,49797.0,2413.0,25022.0,26,10,23,8
11521.62232590677,3472.044716073897,0.0002363132226728471,-5.030481688787606,-10.169313581474258,-4.917561558220547,-10.057558083167445,0.0,4,14324,49521.0,3347.0,25038.0,25,10,21,8
13705.625618473241,3996.3495439067055,0.00029570286257909166,-6.577130800339856,-12.006175101920276,-6.450799203677138,-11.905412072438411,0.0,4,15286,61562.0,3582.0,29408.0,22,10,20,8
8598.25882507131,2970.594172818518,0.0003611894912730441,-0.17688060205564282,-1.5003772595034075,-0.16424230851977328,-1.4899018184577688,0.006507158279418945,4,26854,47495.0,7103.0,20887.0,16,9,14,7
2759.234850159249,711.3151991206149,0.00024617456908664835,-1407.2095886620202,-1895.7559114307396,-1375.9609127558733,-1447.7120188114932,0.0,4,259,10536.0,77.0,3660.0,9,13,8,11
3103.9394021952166,780.2480441607441,0.0002621394897708929,-1388.7436336362014,-1730.7720051163785,-1358.051479844876,-1329.7716776904817,0.0,4,294,11926.0,91.0,4385.0,9,12,5,11
4700.1039454278125,1248.3408162349979,0.00013049503692191448,-1014.1601478479224,-2038.0503022575326,-872.8054333316455,-1029.458587527387,0.0,8,513,17758.0,146.0,6664.0,9,16,4,15
5229.046436165866,1303.9168039330375,0.00020911371979975428,-567.5034842108832,-718.1153449240641,-554.9467712334854,-584.6378949438571,0.0,5,693,20480.0,211.0,7428.0,9,12,6,11
5356.637975446913,1376.815949172124,0.00020713377970988002,-411.8875832789461,-598.690044578575,-402.7261175907583,-508.6751302658956,0.015624523162841797,5,801,21208.0,204.0,7296.0,15,12,4,11
5712.372837234887,1438.8446754253914,0.00020511779609404704,-476.21465183808925,-682.5254497151644,-464.6061135783546,-584.7682834620557,0.0,5,806,22542.0,201.0,8070.0,16,12,8,11
6418.1324812883395,1632.4887974146134,0.00015986225949782902,-804.3288262353976,-1023.8011653395529,-722.4835894570492,-926.4064485765666,0.015625,5,840,25023.0,195.0,10350.0,24,13,7,11
6387.828740725078,1729.81151128767,0.000265700436473581,-178.41870925574008,-271.20847621497603,-166.64348621655023,-261.09614786563236,0.0,4,1555,26085.0,328.0,10078.0,24,10,8,8
7027.518362361875,1860.0311825343144,0.0002149643543616382,-172.54953518430128,-246.73084681294745,-154.79880163969628,-235.59311456950522,0.0,4,1785,28325.0,377.0,12635.0,31,11,30,9
8176.462718911522,2089.6017737637635,0.00023316484209725093,-26.558310677227265,-38.72209506987572,-25.23949268201531,-37.74157243484989,0.0,4,4520,32898.0,979.0,13239.0,33,10,29,9
8580.77402843609,2208.0490587469594,0.00022115745383389037,-17.026267269674808,-25.08856875945478,-16.310663819947262,-24.54179966613665,0.0,4,5779,34330.0,1242.0,13683.0,34,10,29,9
12578.494276359816,3704.332710939088,0.00028163829274882157,-10.566773695896519,-20.380370546630402,-10.307978270751502,-20.141410473780297,0.0,4,10900,52968.0,2417.0,26649.0,27,10,22,8
12515.424942013222,3740.1667757489995,0.0002562693409616486,-6.795621985853629,-12.987705583334606,-6.649689419454317,-12.853577879999282,0.0,4,13522,54203.0,3200.0,27157.0,23,10,20,8
13190.597621585739,3799.3176827118136,0.00032050538306382253,-4.082388946005196,-7.044787106435473,-4.00963729235296,-6.992105093210898,0.0,4,18596,61902.0,4491.0,28142.0,20,10,17,8
9838.721250434428,2777.027502564568,0.00033530930151422634,-0.8261721380222753,-1.6783308672550583,-0.8047556911983855,-1.6655447619865815,0.0,4,24261,51198.0,6074.0,19323.0,18,9,15,8
7858.295977288375,3310.2342392570954,0.0003762511194153817,0.26405955201159625,-1.1393531275796231,0.2706985551368053,-1.1323826586113315,0.0,4,32386,51692.0,9059.0,29243.0,14,8,11,6
2534.603638474203,646.9860894949752,0.00028819004368570535,-847.3153556307711,-1165.263773923958,-831.6320054327504,-910.5618376898873,0.0,4,315,9781.0,91.0,3621.0,9,12,6,11
2860.4133697480393,758.9166346400199,0.00024426110051518164,-1642.488211596144,-2683.419326012032,-1570.2616775364113,-1742.6345495002295,0.0,4,243,10876.0,85.0,4196.0,7,12,3,11
3405.315221887199,892.1991848329983,0.0002234912446203572,-1430.1635672454981,-2401.7877457119953,-1396.691660063335,-1698.0974876132739,0.0,4,303,13049.0,91.0,5155.0,9,12,4,11
4125.841988562253,1016.6117744744057,0.00027763051412086606,-717.3796009531989,-919.5777885039256,-707.1249299963908,-748.7120231224791,0.0,4,498,16104.0,155.0,6106.0,8,11,5,10
4413.186288697771,1154.042108200563,0.00023335089808676157,-1357.10678008699,-2061.462091012891,-1323.7237902249171,-1492.2072733524174,0.0,4,383,17061.0,130.0,7291.0,10,12,4,10
4680.718715957697,1177.133108092142,0.0002410070235271106,-1059.992993136568,-1294.393382336159,-1042.386507306963,-1051.2813699642693,0.0,4,479,18117.0,146.0,7569.0,8,12,7,10
4750.75988253863,1222.0639450185436,0.00012024596822131561,-927.7531130945329,-2126.3185244841925,-754.749982197686,-938.491386461675,0.0,9,534,17650.0,145.0,5960.0,10,18,6,16
6013.983160236891,1521.9571582005353,0.00012940599997204833,-1164.9252337307244,-1436.610845510674,-1076.8376368287677,-1128.1243650798099,0.0,7,633,23077.0,179.0,7912.0,12,15,10,14
6204.877718800199,1707.7417313670799,0.00019658591224651313,-473.7743871996263,-682.0352299595245,-421.1658381152348,-631.5824217624797,0.0,5,1039,24661.0,232.0,10224.0,34,12,24,10
6913.025163896531,1805.492303592938,0.00023355320052529733,-384.2622466179572,-566.5445893220304,-338.3276568295833,-533.8907020941105,0.0156252384185791,4,1282,27544.0,277.0,12239.0,37,11,29,9
6875.516074247375,1793.0746652939886,0.00013634828960749023,-198.45530428389907,-285.4545038700508,-167.88128569021217,-267.21749072191193,0.0,6,1724,26993.0,382.0,11245.0,38,14,36,12
7447.0745213864575,1892.9374549449153,0.00023708734623791242,-152.60962486857304,-201.42119547094725,-137.63894648741598,-193.29571646380418,0.01563239097595215,4,2026,29834.0,434.0,12884.0,35,11,32,9
7391.887260424995,2128.009442530742,0.0002709582234636152,-53.76216941280454,-95.344455100146,-50.505917536158634,-92.76190564885943,0.0,4,2989,30284.0,663.0,15235.0,33,10,27,8
7933.334967611877,2281.7898904514996,0.00027127135570773466,-53.94906234942835,-95.06810658932694,-50.65701327697478,-92.46009624711597,0.0,4,3242,32587.0,693.0,16362.0,29,10,27,8
7644.89063852453,2208.9606530372303,0.00026778312009430533,-43.391940262673664,-79.87206796537546,-40.78914760341524,-77.75349197936526,0.0,4,3399,31203.0,707.0,15764.0,33,10,28,8
9990.954493315441,2883.7380309677924,0.00028204951457801636,-26.548075922028165,-48.885447600519996,-25.42764954394302,-47.9053250075035,0.0,4,5559,40443.0,1215.0,20483.0,33,10,27,8
8493.843001085159,2317.9126655247387,0.00024275788556943012,-13.488184400921858,-22.62985220908846,-12.968502377862748,-22.16969528501004,0.0,4,6494,33949.0,1444.0,13333.0,31,10,29,8
10590.6348920481,3079.6724764981095,0.0002765745380926906,-16.053202752443816,-30.284808185423298,-15.539278765166433,-29.813407948089527,0.0,4,7405,43863.0,1604.0,22096.0,29,10,26,8
10240.806072298054,2990.600270709321,0.00024162907442211502,-8.845779193409705,-16.84316385869853,-8.597510168866332,-16.60105216179772,0.0,4,9568,41799.0,2156.0,21144.0,28,10,25,8
12534.600566199413,3669.060734995175,0.0002844491475742796,-10.99239448451554,-20.552931519015356,-10.726633946563995,-20.31635677440687,0.0,4,10737,53271.0,2366.0,26528.0,26,10,24,8
10356.616671742595,3059.5498068888064,0.00024274844338931118,-6.944857248214369,-13.51029018029748,-6.763130941801816,-13.330465039416008,0.0,4,10980,42797.0,2446.0,21736.0,28,10,24,8
13629.7281948932,4081.008076035462,0.0002808087198750183,-7.183885832276928,-13.888194814051536,-7.038673195534184,-13.753933054634526,0.0,4,14621,58397.0,3415.0,29479.0,24,10,21,8
11958.970053025747,3679.9472355252597,0.0002348751443473947,-3.514625867853545,-7.321187365080732,-3.443087336035741,-7.251498059598049,0.0,4,17905,53042.0,4292.0,26861.0,22,10,19,8
10234.82521070829,2912.5041416279564,0.0003460993972552772,-0.9857935492765095,-1.9437377666877191,-0.962649474040987,-1.9300041247793058,0.0,4,24072,52957.0,6138.0,20563.0,18,9,14,8
8381.340039909092,3020.313121874397,0.00037627693707841913,-0.05450969089952862,-1.3688437481291351,-0.04389239453785865,-1.3597499502431218,0.0,4,27889,47668.0,7646.0,21661.0,16,9,13,6
8329.836087823098,2964.0783805144783,0.0003563417374685027,0.018370121764300418,-1.1204152021009266,0.028244351866329565,-1.1121888697882136,0.0,4,28974,48375.0,8038.0,21574.0,16,9,13,7
8197.495619217087,2934.0728305548246,0.0003544870513769789,0.10179964995165314,-0.9441411914363358,0.11064387420522193,-0.9369864740731717,0.0,4,29856,49121.0,8201.0,21135.0,15,9,12,7
9642.278275041295,4004.3112196418997,0.00040956896111947244,-0.10470119948222867,-2.087100136481376,-0.09515922573980329,-2.0770834798272895,0.0,4,32517,63349.0,9323.0,35938.0,14,8,11,6
2966.0961805179772,780.556058471566,0.00020335647063381035,-2024.7500068395425,-2615.385425621885,-1964.1620132628725,-1976.764827055445,0.0,4,217,11309.0,80.0,4192.0,8,13,6,12
3283.014401811238,842.1824327305812,0.0002181106739979031,-1701.8372480046867,-1990.3250146227338,-1667.8188006004618,-1572.617232912778,0.0,4,265,12553.0,88.0,4317.0,9,13,6,11
3513.5702491672673,878.128953134637,0.0002465154353267538,-1547.7532350583954,-1992.4993267625357,-1503.3772270144887,-1457.5419349550693,0.0,4,307,13514.0,97.0,4902.0,11,12,3,11
3526.780646590693,920.1910127794121,0.0002453820754182809,-860.4692596353949,-1162.3950340081192,-847.5468986667609,-950.4797902787191,0.0,4,403,13711.0,125.0,4956.0,10,12,5,10
4328.608901348484,1079.899021128056,0.00021679816193005523,-1452.6186296149383,-1908.0474369549972,-1438.1797004604546,-1621.185743290198,0.0,4,361,16701.0,100.0,6272.0,10,12,7,11
4805.766793005046,1253.0929734062033,0.00021936065033288576,-1090.6873471514707,-1427.2874883327102,-1076.310304557115,-1226.691113870022,0.0,4,481,18668.0,137.0,7998.0,10,12,5,10
5094.998456411281,1287.470173602739,0.00022932551650365495,-1205.070602173468,-1383.368672424504,-1187.989196134029,-1203.6563808942115,0.015624761581420898,4,476,19751.0,146.0,8367.0,10,12,5,10
5167.31305044414,1327.4846170868236,0.00013044370740052702,-810.4312922734763,-1340.6357815700833,-758.8741860327052,-963.8198868032653,0.0,7,595,19772.0,143.0,7218.0,11,15,4,14
5191.516912181098,1412.9713258739314,0.00015279513385964787,-698.9547490884178,-1368.677842115575,-658.9087292444915,-960.7215232123555,0.0,7,614,19942.0,157.0,8198.0,12,15,6,13
5793.859143164713,1462.4439590402544,0.0002802257558477685,-394.6895091211916,-508.8499940364259,-386.8928171604643,-461.9555098205343,0.0,4,893,23050.0,238.0,9799.0,15,11,7,9
5922.254323383397,1499.5279569751276,0.0002729931185511224,-398.32599904186566,-504.0394272635126,-388.6607524159457,-463.60912874066133,0.0,4,926,23605.0,239.0,10131.0,15,11,7,9
6621.524431100943,1679.3448685424921,0.0002563632704222808,-503.8564275632621,-592.0213358447247,-460.5118631660099,-551.9511961289778,0.0,4,1088,26420.0,247.0,11363.0,16,11,6,9
6580.077307176645,1693.228911685724,0.00015181161546471442,-555.4640743481516,-761.1513325111392,-460.358124552142,-703.4734313341473,0.0,5,1149,25891.0,249.0,10796.0,29,13,28,11
8022.483076226047,2296.1583337718675,0.0002759761330920059,-60.98709981573083,-104.62428339399749,-57.52736589746973,-102.0156758292308,0.015624761581420898,4,3024,33029.0,667.0,16492.0,31,10,26,8
7387.517479533748,2080.8998954779154,0.00026214263150946813,-41.92276968581114,-71.74436009060106,-39.4175121938489,-69.77298980675639,0.0,4,3414,29878.0,745.0,13159.0,35,10,30,8
9700.852412073556,2785.5670745977977,0.00027768508003899855,-27.640707244880943,-49.724597673537374,-26.5607562920104,-48.861354902277064,0.0,4,5207,40281.0,1127.0,20038.0,28,10,26,8
9010.33042135988,2614.6409449164016,0.0002391407722646546,-12.669077950813138,-23.816737595012764,-12.24155726249841,-23.425300276384156,0.01563286781311035,4,6997,37314.0,1511.0,18717.0,31,10,25,8
9510.898666135603,2774.422691450121,0.0002550537292518274,-11.33077418702403,-21.58908039911513,-10.95733742034086,-21.21722843929479,0.0,4,7843,38668.0,1737.0,19666.0,31,10,27,8
12376.460235395794,3585.887289953492,0.0002915526334426128,-13.588451130376027,-24.948129619028457,-13.24568420352079,-24.663983946891797,0.0,4,9420,52438.0,2070.0,25900.0,27,10,21,8
13691.81680139333,4033.075558222699,0.00029744405856419636,-9.942257757278114,-18.191092101852497,-9.72714243029804,-18.009470769442526,0.0,4,12501,58427.0,2883.0,29153.0,25,10,21,8
14394.40148511161,4382.310211711018,0.0002842077224745661,-5.900666886863035,-11.514159205257643,-5.791789778732664,-11.417365348688152,0.0,4,17265,64166.0,4142.0,32207.0,22,10,19,8
14499.003500959414,4395.398601331093,0.0002918406692444381,-4.802096537180314,-9.347908879847026,-4.71866911525646,-9.276800060532379,0.0,4,19129,66714.0,4579.0,32782.0,21,10,17,8
10553.659762139388,2960.1183042236676,0.0003418651957890009,-1.680893750352427,-2.911758593660195,-1.6470812520218474,-2.891062640970186,0.0,4,20939,52376.0,5181.0,21153.0,19,9,15,8
13633.486057238502,4125.774470225762,0.00028114502541049994,-3.185345908476732,-6.168885318864516,-3.131273921483558,-6.126843685065527,0.0,4,21643,66861.0,5433.0,31798.0,19,10,16,8
9491.853643168615,2705.227379922681,0.00034060563850485186,-0.8648292207752815,-1.7783087962768902,-0.8425280409661866,-1.7645414263426158,0.0,4,22992,49011.0,5910.0,18027.0,18,9,15,8
14231.969104581067,4309.722922261554,0.00029746652714094345,-3.076463372725623,-5.865894727506251,-3.0256260326926725,-5.8266804030596315,0.0,4,23459,69679.0,5896.0,33043.0,19,10,16,8
8876.784463794684,2762.06037980104,0.0003482899709259039,-0.4690447148783101,-1.556582903311266,-0.45231561725356473,-1.5448306949361088,0.0,4,24427,47089.0,6209.0,17087.0,18,9,14,6
9142.539100157936,2697.8445775439573,0.00032954846088104924,-0.2486340639150968,-0.8695895307329504,-0.23544365093327224,-0.861564443271363,0.0,4,28048,51940.0,7520.0,19085.0,16,9,13,8
15579.977126440739,5933.149376244739,0.00045407419958136316,-1.4997544135467806,-4.629730216951487,-1.4808421653251633,-4.611790815939288,0.0,4,35652,95215.0,10697.0,54073.0,13,8,10,6
3173.507925322282,811.3706253412596,0.00022384255085404806,-2574.0049520210623,-4064.5504888700075,-2452.485665060946,-2269.5050341749084,0.0,4,215,12071.0,83.0,4062.0,7,13,4,11
3867.822294532588,955.5680138884237,0.00028132439839923705,-841.1922821908951,-1115.9296509657836,-820.8265866582454,-828.238067732421,0.0,4,425,14998.0,142.0,5898.0,8,11,4,10
4083.767134695203,1042.613218272561,0.0002606251686840244,-1034.1373293813888,-1425.903645161235,-1016.1221044003247,-1127.2376891661418,0.0,4,399,15804.0,126.0,6633.0,9,12,5,10
4172.998644560048,1051.7712441400934,0.000211233660010472,-1935.5228597282394,-2456.420099459124,-1893.6128390641445,-1826.8822945617094,0.0,4,292,15993.0,94.0,6229.0,9,12,3,11
4922.178287683683,1340.9876123945905,0.00016248942222798276,-657.1968992387873,-1142.0058384282843,-630.7309611307868,-831.0657612137079,0.0,6,612,19032.0,166.0,7849.0,11,14,4,12
5738.1941736926265,1450.664711146813,0.00027202356391692605,-317.201133478212,-406.6227375460998,-309.00076474864,-381.7878904595642,0.0,4,1034,23009.0,268.0,9754.0,12,11,6,9
5870.696710321811,1496.6359917049524,0.0002586163344688317,-383.2913751027512,-494.25586989909885,-374.71853368546465,-451.09848196746617,0.0,4,909,23398.0,241.0,10027.0,14,11,5,9
5657.946331906732,1579.867156307437,0.00021062886434736647,-454.94726408571285,-704.0420870868331,-434.4569763867976,-626.7214270324052,0.0,5,879,22515.0,213.0,9769.0,17,12,9,10
6483.318001802781,1632.362398488767,0.0002607242406274811,-410.4644711351199,-483.39656420928446,-385.6791800664313,-454.95066750281836,0.0,4,1027,25824.0,258.0,10930.0,18,11,6,9
6453.190071176956,1688.1699309576254,0.00018997681104518212,-345.08834992442723,-467.667232257168,-299.05250806016636,-440.89960358298475,0.0,5,1239,25761.0,273.0,8821.0,22,12,18,10
6693.599046695033,1750.9832951801682,0.000264907250884481,-147.692837238645,-211.69039190669682,-137.74129564003354,-204.95004401647597,0.0,4,1669,27064.0,368.0,10449.0,23,10,18,9
6817.627898812509,1959.647175407689,0.0002777505481666071,-109.8797603461042,-185.40966393064338,-101.69961668435042,-178.9417516410691,0.0,4,2031,28001.0,445.0,14000.0,32,10,28,8
7344.824742633415,1853.909101960863,0.00024656017174814175,-168.43443353727815,-214.6910868079866,-148.7509905442067,-203.5568930100553,0.0,4,1940,29283.0,422.0,11988.0,34,11,22,9
7231.535154273953,1897.7050558942678,0.00025970778339452663,-67.39849953236597,-101.73503229847265,-62.7631252892795,-98.64597655696068,0.0,4,2639,29169.0,569.0,11305.0,33,10,33,9
8573.738666950765,2467.0601727224516,0.0002729703827779975,-36.364932171900705,-66.38774760167816,-34.57355416625209,-64.91662774722745,0.0,4,4146,35010.0,881.0,17616.0,32,10,25,8
9195.9401968568,2665.219081051312,0.0002775329415375764,-20.27681781642975,-38.650582782192046,-19.50878873680595,-37.94205253306902,0.0,4,5662,37732.0,1212.0,19080.0,29,10,29,8
8363.905041406597,2423.1061935045273,0.000247946181294304,-14.717282270130877,-27.605271937521536,-14.159281473898105,-27.098842223752726,0.015624761581420898,4,6090,33833.0,1299.0,17123.0,33,10,27,8
9362.036443241574,2729.743186562306,0.00026544668375961367,-12.756616082433032,-23.81698450620749,-12.311068415399188,-23.383670862212885,0.0,4,7249,37536.0,1611.0,19220.0,33,10,26,8
9769.484942496543,2860.2191859482846,0.00025707368420928935,-11.405684431843119,-21.20324047661688,-11.05377739091526,-20.87564941692043,0.0,4,8061,40050.0,1782.0,20332.0,31,10,24,8
11137.69877909032,3275.625700406972,0.00026270267205132975,-9.357972966738581,-17.6483621991287,-9.117546769842118,-17.43536761164739,0.015633106231689453,4,10268,46912.0,2379.0,23582.0,26,10,24,8
11540.470465839626,3494.407460500278,0.00023711504167469813,-4.569595902234031,-9.114659350708704,-4.473185908426174,-9.023052945019149,0.0,4,15116,50598.0,3587.0,25445.0,23,10,20,8
13519.047229742191,4063.4445004618105,0.0002819026311857698,-5.833260778296464,-11.136495712296991,-5.722469357839639,-11.0396584497864,0.0,4,16011,60901.0,3793.0,30121.0,22,10,20,8
14083.967251881955,4243.124221166521,0.0002822508779420564,-5.473155845665656,-10.427889149880118,-5.373997594847677,-10.342950954571359,0.0,4,17394,63873.0,4187.0,31472.0,22,10,19,8
13981.028023122382,4260.988846255839,0.0002749891073363325,-4.771164032369126,-9.563863555494965,-4.684669499817268,-9.487361050381379,0.0,4,18548,63520.0,4415.0,31636.0,22,10,18,8
11619.09028504742,3294.618535076051,0.00034018456409538905,-2.6274367080640353,-4.594394116849602,-2.5785279385079387,-4.562031847901008,0.0,4,19426,56271.0,4805.0,24170.0,20,10,16,8
13588.487847408433,4166.252915290509,0.00025601030469861203,-3.6962555646268163,-7.445558151157906,-3.63078667173382,-7.38781911334984,0.0,4,20229,63995.0,4988.0,31445.0,21,10,17,8
11671.763926512993,3348.0436576205716,0.00034037062242005104,-2.0416901897166175,-3.627737860956765,-2.0038620337808326,-3.603334659307932,0.0,4,21831,58219.0,5423.0,24957.0,19,10,15,8
9497.02119033033,2712.231701400773,0.00032680924447878656,-0.561879656833215,-1.2625267925773236,-0.5444238311747152,-1.2521164610169122,0.0,4,25752,52049.0,6753.0,19833.0,17,9,14,8
8278.099583137022,2990.5148926090746,0.00034652531017244603,-0.04907564204865711,-1.3887412697582757,-0.0380815249040658,-1.3790169609512848,0.0,4,27758,46304.0,7451.0,20985.0,16,9,14,7
8379.129808264699,3529.296899407397,0.000394443451014868,0.13694699120363463,-1.508407535954738,0.14465493285923325,-1.500050997734371,0.0,4,31862,54838.0,8951.0,31072.0,14,8,11,6
8793.522778988141,3707.0763370545797,0.0003883769321561272,0.09129880444082283,-1.6092622878246137,0.0991637728186664,-1.6010787021034023,0.0,4,32707,58808.0,9527.0,33297.0,14,8,11,6
13348.85337577414,5243.295316004367,0.0004511901030017662,-0.9757577425397481,-3.796763947006662,-0.960033850460615,-3.781942728121523,0.015625,4,34136,83157.0,10100.0,47270.0,13,8,10,6
2896.4746783806,734.2740533456611,0.0001959755655894232,-5122.985872268155,-7593.940785893777,-4791.330481809334,-4293.357595388306,0.0,4,142,10900.0,58.0,3549.0,10,14,3,13
3598.0900445583625,919.4672143874045,0.0002474950482627491,-1452.5094929561365,-2042.7747044728114,-1406.0503521050023,-1386.6929079696113,0.0,4,322,13861.0,112.0,4618.0,8,12,4,11
4103.023938458127,1054.4181354641073,0.00013498825607936055,-852.3226665008774,-1973.7089158356846,-640.4115343395537,-726.8360790181721,0.0,9,503,15210.0,154.0,5125.0,10,18,4,16
4810.158483399136,1256.8545850322807,0.0002209208344274123,-1173.33004843517,-1709.0454688330306,-1155.7743265434885,-1408.5816009021344,0.0,4,450,18679.0,128.0,8033.0,11,12,5,10
4805.31593514507,1227.617120970103,0.00015399444131620788,-699.6255860557501,-1191.821357583349,-638.7183010112799,-747.7247859427108,0.0,7,560,18415.0,160.0,6021.0,11,15,6,14
5381.3448798408635,1514.8476803747767,0.00021272684938298771,-369.9136778784985,-637.9880145629571,-357.4216532001977,-563.2665092950828,0.0,5,881,21457.0,218.0,9549.0,15,12,6,10
6052.053816336512,1525.814120122981,0.0002697126530005346,-377.6803108934864,-475.07414587128267,-365.4800715866736,-439.180106020532,0.0,4,948,24101.0,254.0,10175.0,15,11,5,9
5925.322416707422,1535.0857459151355,0.0001010164999195805,-1127.7963475857268,-1567.5530398099875,-929.3348341952997,-1368.340868975267,0.0,7,741,22716.0,167.0,7755.0,22,16,22,14
6535.739272932328,1873.9606952921931,0.00028936266730033954,-128.81055294074,-219.60224900643553,-121.04812266821888,-212.19571263607494,0.01563239097595215,4,1754,26948.0,381.0,13460.0,24,10,15,8
7505.47785856548,2140.8051201592357,0.00028599257080912446,-100.40362467617479,-167.4343756975046,-93.63325376169941,-162.92045345738134,0.0,4,2289,30883.0,495.0,15402.0,26,10,26,8
7288.081136777361,2101.5427492876115,0.0002672986494067535,-43.19567834766378,-79.37578499284318,-40.69294001413263,-77.32903236921008,0.0,4,3218,29820.0,694.0,14995.0,34,10,27,8
13406.43243504463,3946.232253681985,0.00030495020043881747,-8.279861371707986,-15.39691634406666,-8.11126850631683,-15.252847050160195,0.0,4,13231,58988.0,3075.0,28899.0,23,10,18,8
8836.508528778018,2747.219801074655,0.00034749702911637207,-0.4885879763138543,-1.6141702682695023,-0.4715839858457602,-1.6018563916243842,0.0,4,24157,46605.0,6125.0,17288.0,18,9,13,6
11073.93858344898,3233.3944173783275,0.00031357319954869987,-1.2038212409505267,-2.3734559100053274,-1.178538933673157,-2.3570011512392597,0.0,4,25045,58836.0,6502.0,25012.0,17,10,14,8
8149.3914196347605,3136.2406170976956,0.0003876514580357386,-0.004698313783752406,-1.5854806399879937,0.005224376915572093,-1.5759363836671358,0.0,4,27961,46225.0,7450.0,25041.0,16,8,13,6
8671.501084731524,3723.7934818989806,0.00040853396229066765,0.17377694960806367,-1.4061228283865077,0.18075427000227906,-1.3989693489159292,0.0,4,34078,61183.0,10045.0,34670.0,14,8,11,6
19349.832958742823,7102.874390285011,0.0005184480391843139,-2.863963021240086,-7.021345041343693,-2.8356666748928365,-6.995039337588841,0.0,4,35503,110140.0,10744.0,62792.0,12,8,9,6
2713.960179178513,693.8131352653008,0.0001738907574283025,-5875.4200323907335,-11514.165899658155,-5435.322452549133,-5294.163190195296,0.0,4,128,10138.0,51.0,3400.0,7,15,3,13
3029.3453002120223,788.3398497792688,0.00023900039279465613,-2700.1392279704837,-3562.511430187292,-2557.2131166410986,-2219.49976273552,0.0,4,203,11494.0,79.0,4195.0,7,13,4,11
3242.540185435898,812.5605490259377,0.00026641938377865306,-1399.3242838098975,-2000.941375284052,-1352.687029673248,-1319.9066644215466,0.0,4,294,12489.0,105.0,4454.0,9,12,3,11
3275.0436399764203,861.2683778881005,0.00023142901444418325,-1812.564500704841,-2608.146433425352,-1752.953847199987,-1792.857431902068,0.0,4,264,12499.0,85.0,4974.0,9,12,4,11
3511.9405203889773,900.1623464686801,0.0002806546297536665,-846.6554139938153,-1064.0027497684998,-829.6596278269524,-813.4579478853248,0.0,4,426,13574.0,143.0,5628.0,8,12,4,10
4027.1253111542396,1031.915925965323,0.00015802240885686063,-803.8559899614213,-1740.2937092444015,-630.8158625276692,-690.4418282939499,0.015624523162841797,8,501,15207.0,154.0,5356.0,9,16,6,15
4483.14211449403,1096.3253584892884,0.0002737285927899814,-1236.0001215974612,-1534.3018670506895,-1207.038044974472,-1109.9607045972614,0.0,4,407,17317.0,148.0,6769.0,11,11,4,10
4600.872499908758,1184.204558976193,0.00023365887854184456,-1163.4117329643975,-1690.789105501705,-1143.4364807099305,-1333.634961976817,0.0,4,418,17813.0,127.0,7572.0,11,12,4,10
4766.963214843037,1207.229981886909,0.0001960710820538902,-1019.8273864153416,-1466.639646156403,-1006.2132860853006,-1278.953244604691,0.0,4,473,18566.0,119.0,6440.0,12,12,7,11
5096.081020827017,1283.302782374448,0.00029742739758538254,-416.5891293874905,-510.6390233809074,-411.3654240510754,-442.12254095079993,0.0,4,816,20196.0,228.0,8523.0,10,11,6,9
5302.743891510071,1484.8066044544585,0.00022301176033499287,-465.2005881985205,-782.4074772700479,-451.4680164034146,-657.6800472997622,0.0,5,774,21022.0,194.0,9376.0,14,12,7,10
6953.1485628814235,1978.5060362345794,0.0002930961108146212,-122.07188553522919,-196.88866248323788,-115.46029584460507,-191.3647367946878,0.0,4,1862,28637.0,412.0,14233.0,20,10,20,8
7025.634545778291,2003.3046916283104,0.0002886667455995071,-129.9830309291402,-212.90231750787433,-121.3315824286289,-206.33497075935273,0.0,4,1833,28808.0,399.0,14378.0,19,10,24,8
7481.496254649423,1888.8816604232604,0.0002444886639254753,-87.61541886196426,-116.54788878918595,-79.83165997286879,-111.94548909464802,0.0,4,2505,29897.0,554.0,12273.0,41,11,25,9
9202.358021520897,2643.4787016038795,0.00029553179983202936,-38.78945917772225,-70.07814435628684,-37.03204119118053,-68.6744383815353,0.0,4,4214,38178.0,931.0,19041.0,29,10,25,8
8110.551231651891,2054.6687182284804,0.00022120296304693315,-28.1584996659021,-40.061592469123795,-26.72839211649398,-39.00209719006468,0.0,4,4377,32622.0,917.0,13893.0,34,11,28,9
9527.238234945984,2746.6269920273726,0.00029195086130742905,-30.11599048752399,-54.643655276053124,-28.912775474326274,-53.69006426999547,0.0,4,4922,39259.0,1056.0,19696.0,29,10,29,8
10074.326663810672,2932.2068072386483,0.0002795642521380938,-16.454616140002855,-31.075589506676387,-15.915009659866257,-30.589400443819358,0.0,4,6936,41627.0,1508.0,21000.0,29,10,28,8
10783.41348099401,3139.1574373813532,0.0002846863047153319,-15.84627860818144,-29.90855876704531,-15.371266329943921,-29.49207026585261,0.0,4,7485,44865.0,1631.0,22503.0,28,10,23,8
10670.824391672682,3123.2314412186406,0.0002793360217175148,-13.075057843629354,-24.807542467981335,-12.706316002353555,-24.46902883207928,0.0,4,8293,44714.0,1805.0,22488.0,27,10,21,8
13336.34434621547,3867.433523992365,0.0003166814231755294,-9.79564914564187,-17.725479848826083,-9.590619845563124,-17.560296565041075,0.0,4,12256,58006.0,2861.0,28104.0,24,10,20,8
13866.841478640694,4111.777940664273,0.0002981974750539643,-7.107137272559751,-13.307933737094086,-6.975238780307401,-13.198493747519997,0.0,4,14962,61122.0,3460.0,30001.0,23,10,20,8
13828.523090126677,4103.128323811805,0.0003016447681365346,-6.413729752240069,-11.88789132238704,-6.293640299861066,-11.791401955193828,0.0,4,15828,61987.0,3823.0,30196.0,22,10,19,8
14264.799542565726,4361.136475067786,0.00027995322690005505,-4.909738476370428,-9.689302583148066,-4.8223851823286505,-9.611849401094382,0.0,4,18667,64861.0,4565.0,32321.0,21,10,17,8
13340.416446210866,3898.5621815399245,0.0003326071123539637,-3.411134456937398,-6.133297557513121,-3.3536699122024567,-6.093641206092803,0.0,4,20554,63566.0,5142.0,29033.0,19,10,17,8
13171.836930154554,3937.7981117307168,0.00029456628025613103,-2.991603420005825,-5.604364715868807,-2.9406000694481746,-5.567078918219519,0.0,4,21528,64916.0,5462.0,30209.0,19,10,15,8
8828.068955869303,2667.523459362635,0.0003282090011133919,-0.30583063100761754,-1.111426604005238,-0.291474583725144,-1.101890710708025,0.0,4,26294,48779.0,6836.0,17343.0,17,9,14,8
8350.510685481058,2917.3401537902064,0.0003621173445027805,-0.12242767161931822,-1.3669492406700168,-0.11063883491131943,-1.3572235731216833,0.0,4,26755,46877.0,7141.0,20668.0,16,9,13,7
8086.609708210028,3257.4919400642166,0.00038349646307633904,0.06794055125283427,-1.5819006020181408,0.07690638560632479,-1.5725387044862482,0.0,4,28990,48103.0,7852.0,27244.0,16,8,12,6
7628.2897158919795,3234.747061530984,0.0003783980419372239,0.2982606202142347,-1.0758290925564546,0.30461739702449897,-1.0691741777814867,0.0,4,32210,50240.0,9101.0,28424.0,14,8,11,6
10363.383118782527,4277.423403025471,0.00043251464756194737,-0.23701482157493903,-2.391013201479372,-0.22665528605829888,-2.380915599671881,0.0,4,33105,67650.0,9436.0,38468.0,14,8,10,6
2596.8477585815463,700.961460245854,0.0003120954397857615,-755.578571281445,-1236.7015529715063,-733.0876671781534,-862.7151906417826,0.0,4,328,10052.0,110.0,4077.0,8,12,5,10
3081.8201720601196,783.0093789348887,0.00027649436421620533,-1172.7217220709288,-1585.127522061194,-1140.1337815143381,-1123.6042969173186,0.0,4,333,11876.0,99.0,3990.0,8,12,4,11
3251.8662766556067,870.6183985152929,0.00027518463091061004,-1064.7728599114823,-1476.7096780266775,-1042.6974930654228,-1125.2476435171573,0.0,4,329,12604.0,104.0,5026.0,10,12,5,10
3674.8675514681254,925.5590427772107,0.0002752192682376011,-690.9872612916226,-930.5789702473126,-680.2895989631653,-746.2028133728248,0.0,4,458,14259.0,137.0,5780.0,8,11,5,10
4767.852731226781,1251.38502193301,0.00016136984774003195,-737.5993164130032,-1425.272846805077,-672.7462547251813,-850.2564849004607,0.0,7,549,18250.0,164.0,6667.0,9,15,4,13
4828.988908010062,1330.5916729034493,0.00023645745383044675,-354.0362671116349,-591.4322625957758,-345.86844821895653,-483.1970613382312,0.0,5,796,19213.0,210.0,8467.0,13,12,4,10
5979.6425565552545,1504.4491205255165,0.0002751412691062208,-284.7367206099837,-366.5192264756028,-274.34441313838465,-347.1437213479299,0.006514787673950195,4,1116,23965.0,268.0,9886.0,16,11,8,9
6479.559178357224,1632.824294614498,0.0002563833674670463,-168.2537497983131,-221.60814976872223,-158.54714707222064,-214.89135992421183,0.0,4,1483,26209.0,331.0,10853.0,21,11,14,9
6310.89140171264,1656.5673926272332,0.00018601282046390975,-321.41659583461524,-483.51418153884697,-280.1415893182477,-454.0276660505856,0.0,5,1251,25157.0,269.0,8715.0,29,12,22,10
6933.445869479331,2009.7641471285465,0.0002723265326183808,-61.70266530552202,-108.69951988161202,-57.6030238555589,-105.70805038427106,0.0,4,2589,28461.0,562.0,14306.0,35,10,27,8
7592.679867669693,2184.386448467853,0.00028060733437785764,-49.291419390726894,-87.16813145252578,-46.53932215216045,-85.0321162146435,0.0,4,3225,31302.0,664.0,15698.0,32,10,25,8
8527.683173787591,2446.270266906337,0.0002995897769997677,-53.63969980511645,-96.01476521533978,-50.74879183066645,-93.76379999482043,0.0,4,3392,34828.0,745.0,17512.0,31,10,30,8
8622.986884629943,2475.4589515549096,0.0002812984858572322,-36.78534213004959,-66.51957248791456,-35.05258862956795,-65.08018617265874,0.0,4,4080,35125.0,875.0,17646.0,36,10,29,8
9298.750324864448,2680.3512751752023,0.0002807852925596178,-25.236761169219616,-46.5729854610867,-24.259895640444878,-45.69631024604325,0.0,4,5125,38459.0,1111.0,19240.0,32,10,23,8
8215.64379578172,2372.5170946872718,0.00025450814178687984,-17.12543533251633,-32.130668918997266,-16.434574577603076,-31.485093844033443,0.0,4,5622,33545.0,1222.0,16919.0,33,10,28,8
8631.075801404095,2501.5002956559224,0.00026301893046845804,-17.083799658056893,-32.11135519787468,-16.40832308417261,-31.49718147490986,0.0,4,5879,35350.0,1325.0,17886.0,33,10,28,8
10115.353110597935,2953.4670851249834,0.0002726710988144425,-13.75181755984112,-25.4452806520333,-13.343437183805849,-25.075253129679083,0.0,4,7688,42003.0,1718.0,21170.0,29,10,24,8
12993.96890027254,3741.362604107849,0.00031921475007893756,-11.15557037567639,-19.85243155988851,-10.915648505099368,-19.66519367604426,0.0,4,11044,55888.0,2508.0,27077.0,25,10,21,8
12826.546190908135,3790.705921779829,0.00028812563724427804,-9.132871008823303,-16.938146760930852,-8.936783602676854,-16.769070086056853,0.0,4,12023,54978.0,2773.0,27427.0,25,10,20,8
13476.467879233045,3970.7547902340516,0.00031104159741497016,-8.642483774176315,-16.066966206755872,-8.468225372905495,-15.922529439553205,0.0,4,13108,58913.0,3093.0,28922.0,23,10,20,8
11588.239553440231,3248.486410366116,0.0003504954860072235,-3.3478332759393945,-5.5695841266597546,-3.2872002646202496,-5.53184657910229,0.0,4,17527,54434.0,4258.0,23402.0,21,10,18,8
11976.501079370662,3428.877756156767,0.00032632851041864574,-2.919464162612203,-5.178401148530196,-2.867113192666738,-5.143480057890781,0.015637636184692383,4,19402,57704.0,4785.0,25385.0,19,10,16,8
12795.761162148581,3716.2729845684553,0.0003418358280665085,-3.2095581025449302,-5.756455717613626,-3.1543326036390793,-5.717918649447312,0.0,4,20238,61370.0,4880.0,27606.0,20,10,15,8
8409.903450198859,2944.9822509368937,0.00035521033176549237,-0.3173369379568687,-1.9183440524288997,-0.3026362485044556,-1.9054387298545494,0.0,4,24485,44248.0,6280.0,19971.0,17,9,14,7
8638.611962312965,2884.774373759584,0.00036084997708463943,-0.324828487142097,-1.6390130251169341,-0.3101878246926921,-1.6273745175938394,0.0,4,25366,45736.0,6523.0,17712.0,17,9,14,6
8442.917425644408,2952.1530261121857,0.00036929587931840504,-0.16562569324654675,-1.5474486613995557,-0.15320273683344188,-1.5369031492550516,0.0,4,26451,46190.0,6937.0,20319.0,16,9,13,7
2605.003734802185,688.9468865594793,0.000257347987055125,-1337.5267129778983,-2018.4879299893673,-1289.433680301239,-1379.0341993618053,0.0010190010070800781,4,261,9913.0,88.0,3765.0,8,12,4,11
3579.627140015907,916.7918802260149,0.00014253444528081291,-717.9836614835763,-1825.1198971426413,-512.854558113436,-549.4907414824584,0.0,9,506,13230.0,156.0,4368.0,10,18,4,16
3747.08875050574,1016.8178968805902,0.0002461202344641068,-943.9405673045546,-1398.0847701763328,-927.9993831504262,-1118.9783555816184,0.0,4,398,14548.0,119.0,6232.0,10,12,6,10
3948.012336131943,1036.2202649533544,0.00020772846092914293,-2621.225973406363,-3465.7511417220776,-2548.267709452028,-2456.839938425383,0.0,4,272,15009.0,89.0,6097.0,8,12,4,11
4279.783277953453,1058.1292503360196,0.0002563737619044682,-895.347330272594,-1231.8194599148878,-874.4294412223786,-884.7982945004954,0.0,4,473,16584.0,161.0,6586.0,10,11,4,10
4649.059445647761,1138.6645869906847,0.00026786704940693446,-1326.2179001712727,-1554.1736842564217,-1300.8567699802968,-1208.2094212450843,0.0,4,410,17909.0,132.0,7227.0,9,11,5,10
4575.053269077161,1147.0954253651337,0.00020578476280154793,-647.4215835665009,-1062.1636356720032,-598.590382945109,-624.2843895908261,0.0,6,578,17637.0,184.0,6839.0,12,13,5,12
4650.805375233183,1171.751448664267,0.0001912873734883705,-511.7052844584367,-803.74399744113,-485.25459297247727,-554.2952436475658,0.0,6,658,18037.0,189.0,6931.0,11,13,7,12
4692.997915147518,1307.217494890337,0.0002370475433128776,-455.8756928429342,-708.5199428743205,-443.34941920386683,-570.9958792027713,0.015626907348632812,5,697,18519.0,207.0,8172.0,10,12,7,10
5198.619585404379,1307.6560654150107,0.0002942336170714435,-347.59361229624824,-457.380020849428,-343.1375137630329,-407.87645280134643,0.0,4,851,20667.0,252.0,8556.0,11,11,5,9
5017.8026612620415,1374.3885492139864,0.0002376920770652844,-432.21971391851065,-750.6760012628085,-421.8575959448709,-595.3714593141812,0.0,5,701,19838.0,208.0,8755.0,13,12,5,10
5466.047847802659,1387.9266183312216,0.00017381500470532854,-675.1173787141054,-1006.278123837891,-645.8376027750234,-760.0068880466318,0.0,6,657,21116.0,177.0,8531.0,16,13,4,12
6066.063966170045,1540.1436519850997,0.0002704856283049686,-411.3131056617999,-560.00590306471,-392.6576616238081,-518.2524792612386,0.0,4,925,24127.0,226.0,10359.0,17,11,6,9
5944.126730603385,1573.6210705516785,0.00022924963343258956,-395.18390837703583,-552.3731610833195,-372.7551107036994,-507.6661657419379,0.0,5,996,23712.0,253.0,10420.0,18,12,8,10
6412.73902461907,1628.962951657385,0.00015750011851325423,-557.8826274184229,-709.1128279120479,-480.8841129362012,-666.223708918932,0.0,6,1027,24914.0,226.0,10252.0,33,14,36,12
6459.412528918555,1876.9759865716626,0.0002802273814304128,-101.91753788646818,-179.41437322449102,-95.06668620305597,-174.3179043031744,0.0,4,1950,26567.0,424.0,13304.0,29,10,29,8
8277.993871806542,2382.813500273014,0.00028728701301467647,-36.77533134206753,-68.200668595606,-34.97302527778927,-66.70491020570681,0.009511947631835938,4,3905,33779.0,818.0,17026.0,34,10,30,8
10047.341476210677,2918.9856542984244,0.00029789422758064817,-20.463354803090695,-37.61674777352074,-19.787980564183954,-37.019211845533846,0.0,4,6204,41641.0,1354.0,20976.0,29,10,24,8
10883.722610125944,3163.4565812836227,0.0002995262022055459,-15.864126101755797,-30.295168150301077,-15.419320901394883,-29.894472968585593,0.0,4,7594,45563.0,1616.0,22809.0,28,10,23,8
10568.209389386486,3111.8746460132356,0.0002694521342361794,-9.594322937174573,-18.35905007934899,-9.33808920082327,-18.12182660995968,0.0,4,9533,43820.0,2161.0,22222.0,27,10,23,8
11945.228036054119,3579.6288491848795,0.0002691996240737698,-6.902374001263682,-13.427052166131798,-6.7522607214547605,-13.28488081472367,0.0,4,12826,50924.0,3044.0,25772.0,24,10,20,8
13214.127149885207,3890.1064989170495,0.0003046328502407063,-7.195658547853803,-13.446510549665513,-7.059649150144294,-13.338268465305868,0.0,4,14026,59053.0,3332.0,28620.0,22,10,19,8
13562.012949011907,3992.6461359187174,0.0003147642025703152,-5.688181699840213,-10.421683435572273,-5.586304416672337,-10.34265418006112,0.0,4,16501,61886.0,3892.0,29653.0,22,10,19,8
13848.611863724225,4204.949283780563,0.0002862167643367457,-5.826529514449503,-11.136951826442436,-5.719952040457456,-11.042470104952837,0.0,4,16670,61965.0,4102.0,30956.0,22,10,19,8
12763.652602621894,3925.080573748349,0.0002561406564122729,-4.399063445512318,-8.875930801259633,-4.313855566893806,-8.794426734388603,0.0,4,17386,56215.0,4252.0,28527.0,23,10,19,8
14496.768825687215,4346.764015477491,0.0003126891674273008,-4.914301468890972,-9.116743395587523,-4.8316737728022225,-9.052210410731108,0.0,4,19179,66909.0,4650.0,32306.0,20,10,17,8
9557.568814600987,2657.9475183713967,0.0003584957609482409,-1.3058863039174375,-2.3454155926920426,-1.2769949703321322,-2.3285749645617644,0.0,4,20320,47998.0,5007.0,18171.0,19,9,16,8
8451.522281518282,2902.1276426385293,0.0003839679930007654,-0.3956066072099187,-1.9621669838119158,-0.38019638110449727,-1.9491981106767473,0.0,4,23854,44676.0,6089.0,19415.0,17,9,14,7
9555.138578818032,2729.19199161278,0.00034256436917024153,-0.6466711436824859,-1.4362289395510186,-0.6281807654432618,-1.4252085841279483,0.0,4,25071,51244.0,6531.0,19588.0,17,9,14,8
9749.853682128603,2810.251453013888,0.0003189777220005093,-0.6680206215902811,-1.4588055255419556,-0.6495676309900136,-1.447502076811276,0.0,4,25306,53269.0,6755.0,21099.0,17,9,14,8
16037.728487590337,6099.764204800597,0.0004900170096293101,-1.7558864692685208,-5.250175917468847,-1.7347281292387207,-5.2305957453498815,0.0,4,34829,95422.0,10402.0,54368.0,13,8,10,6
2680.5826461642005,680.8248749984585,0.0002838223927609075,-1106.6046762606534,-1516.0565670275862,-1076.2767475857947,-1091.373201529582,0.0,4,268,10325.0,92.0,3828.0,8,12,3,11
3122.6855729483877,784.531023658933,0.00026590066239785484,-2062.9851349091878,-2598.2095402401555,-1962.0266135938323,-1645.9767253874456,0.0,4,247,11925.0,88.0,4447.0,6,12,3,11
3471.5121405040004,858.848265847932,0.00030869233715071095,-971.4159614989869,-1235.145517985176,-943.3548441601636,-900.7204004768153,0.0,4,377,13414.0,125.0,5288.0,8,11,5,10
3484.6270768309387,886.8405648705973,0.00023233029092473224,-2143.594456724421,-2858.3179789819164,-2057.9811275443703,-1908.5437894730458,0.0,4,246,13317.0,89.0,5134.0,10,12,4,11
4025.3518259795214,990.5611309589463,0.0002859230691833266,-885.7117963597394,-1087.961992848107,-868.8987992628533,-860.8930368743706,0.0,4,454,15622.0,142.0,6047.0,9,11,4,10
4152.464272122037,1038.9616110168204,0.0002683045914499196,-1055.8456467977994,-1506.2981894628392,-1035.6414212806276,-1146.2469920380715,0.0,4,415,16035.0,128.0,6598.0,10,12,5,10
4082.1067431371257,1100.6123075874189,0.0001874776816291288,-621.7273915466951,-1349.8750897407724,-543.3590968582922,-662.5266891832993,0.0,7,539,15573.0,178.0,6356.0,9,14,4,13
4247.370628761342,1109.6918588082804,0.00017250220659548562,-628.4179920975932,-1146.811447553815,-566.6974663938291,-661.7917380744968,0.0,7,546,16240.0,172.0,5834.0,10,15,5,13
5628.9177837899415,1414.8032843237725,0.0002835379162364068,-397.87697270553537,-483.03440171644917,-386.706388610818,-438.5051189289661,0.015629053115844727,4,884,22398.0,242.0,9358.0,12,11,5,9
5679.728163445703,1417.636360659471,0.00017912179664615285,-751.8331065809778,-1025.007955735755,-718.1978777541692,-802.9436453807073,0.0,6,685,21967.0,181.0,8694.0,11,13,6,12
5980.43511516233,1498.9159937267998,0.00028804397263471667,-646.0582261793842,-748.4628958855595,-623.0085736556194,-666.0843388741962,0.0,4,810,23627.0,215.0,9945.0,11,11,6,9
6165.345147813435,1546.7943901555457,0.000281807020711191,-299.8187048544135,-376.7064346106337,-285.7986120426664,-359.5623448999659,0.0,4,1097,24649.0,274.0,10233.0,18,11,9,9
6428.72240255921,1647.8095277013463,0.0002795405165698323,-262.3612328614179,-338.8940753959757,-241.29400362285335,-325.1636707828336,0.0,4,1267,25740.0,274.0,10175.0,30,10,6,9
6389.290800009288,1888.591158112311,0.0002723218291279113,-70.07646985241055,-132.30584763570198,-64.97692884168023,-128.23148164265245,0.01562666893005371,4,2337,26383.0,506.0,13236.0,28,10,24,8
8841.98713996652,2545.9005937650695,0.00031633632488540516,-46.293041553840766,-82.27446842880549,-44.16739259392135,-80.6029367221892,0.0,4,3748,36355.0,805.0,18296.0,28,10,24,8
7263.270869157366,2120.8613717858443,0.00026350098581543363,-30.682767170739904,-56.66226200552189,-29.08390706595271,-55.34004400600802,0.0,4,3806,29641.0,814.0,14961.0,37,10,33,8
8520.010125678647,2467.600143611197,0.0002530866847658195,-14.02017553210185,-26.372997461003717,-13.529828899551934,-25.923706474531027,0.0,4,6379,35166.0,1362.0,17665.0,30,10,24,8
7852.988394637789,2237.4162565922234,0.0001608494615458435,-11.027407057926547,-19.981147691469978,-10.515586713145316,-19.475604469680636,0.0,5,6583,31416.0,1421.0,13946.0,32,12,28,10
9814.85993118343,2871.8302199990862,0.00026029571403134866,-9.87862488761914,-18.8019759502223,-9.601191947363562,-18.540319315551844,0.0,4,8732,40911.0,1928.0,20589.0,28,10,23,8
12794.897896313332,3679.0669574069093,0.00033537463536064646,-14.905948271152955,-26.532456408025496,-14.555002063942766,-26.25659186795062,0.0,4,9426,54138.0,2141.0,26462.0,25,10,23,8
12663.446409597585,3701.780627279256,0.0003193105290447199,-13.117479611265482,-24.240485888250447,-12.814532074483683,-23.99291275644564,0.0,4,9975,53292.0,2255.0,26630.0,26,10,22,8
12202.932263309367,3603.9799787873408,0.0002888755108051799,-9.252023641578312,-17.70205655385612,-9.04511425524161,-17.515101706009684,0.01251363754272461,4,11539,51603.0,2658.0,25930.0,26,10,22,8
13224.334168021465,3831.4295335857782,0.00033203736644536844,-9.811764132085356,-17.536026399816024,-9.606825818072755,-17.369959683247313,0.0,4,12049,57524.0,2740.0,27866.0,23,10,19,8
13374.740203473735,3995.93987953189,0.0002878023187815259,-6.127250864943039,-11.713039099190443,-6.013207392607616,-11.616876310499098,0.0,4,15515,59898.0,3674.0,29477.0,23,10,20,8
12313.981890094827,3497.1934089471424,0.00035219762326671174,-4.483645949280145,-7.6824670333127845,-4.402156982589246,-7.627260205808382,0.01563739776611328,4,16384,56917.0,3906.0,25527.0,21,10,18,8
12201.713007299426,3474.018704372982,0.0003345931624853348,-3.994073590057911,-6.865800791961954,-3.922762189180742,-6.817343574118387,0.0,4,17136,57113.0,4166.0,25499.0,20,10,16,8
11945.980530862671,3399.2821423549613,0.0003478667727717426,-3.3508674904269293,-5.819818727043491,-3.2911488923278824,-5.7790890109511635,0.010514974594116211,4,18295,56623.0,4405.0,24937.0,20,10,16,8
9220.935392943242,2661.3673666776385,0.0003598227007078981,-0.8612821811524405,-1.8681229499037442,-0.8391385747747653,-1.8542369345855136,0.0,4,22254,46981.0,5625.0,16880.0,18,9,15,8
11185.078671400424,3257.158606439054,0.0003229937541783488,-1.5827522781745635,-2.997198737518076,-1.552019230968313,-2.977252278724648,0.0,4,22920,57627.0,5972.0,24641.0,18,10,15,8
8363.853722019134,2929.7287185989308,0.0004036033479654953,-0.3559222665311379,-1.9751673633607765,-0.3410522655447814,-1.9628179365521494,0.011607646942138672,4,23967,44557.0,6241.0,19910.0,17,9,14,6
7488.601977199527,2868.570230387722,0.0003196788740069589,0.2920203222167286,-0.6961120006017196,0.29886429924453084,-0.6896601263858164,0.0,4,31598,47493.0,8933.0,21736.0,15,9,12,7
12509.99428498737,4955.802663713182,0.0004653204245963896,-0.8445259031186403,-3.658255418159195,-0.8295808161854192,-3.6439075253169424,0.0,4,32607,77380.0,9448.0,44052.0,14,8,11,6
18767.31055807766,6925.780190707759,0.0005067992160625856,-2.7549728214792877,-6.931569121567118,-2.727025105383314,-6.903544225790752,0.0,4,35022,107078.0,10395.0,61038.0,13,8,10,6
2790.658731599047,722.4097045652142,0.0003119683980435965,-1027.6701754015837,-1484.793510969666,-998.7528133298217,-1059.8733960666427,0.0,4,290,10799.0,88.0,3782.0,10,12,4,10
3332.320811324044,878.8262176524624,0.00029055909594193476,-1249.7279786359238,-1745.7826665694847,-1214.8961955436935,-1263.7122337500352,0.0,4,317,12853.0,114.0,5452.0,9,12,5,10
3725.3671715013543,920.2485228187003,0.0002924815792692638,-739.5324914255391,-887.2552831167884,-727.4319734842359,-703.0475350244972,0.0,4,437,14485.0,148.0,5639.0,7,11,6,10
4043.266015993377,1034.8967129727193,0.00017500660199749443,-762.9726328798588,-1704.9367005161448,-598.6193984283539,-618.6464910114405,0.0,8,515,15309.0,172.0,4971.0,10,16,6,14
5224.444201111379,1408.119675685498,0.00024471579273072704,-425.5683790483611,-672.779151897562,-415.8072237594026,-572.9404170653082,0.0,5,776,20699.0,197.0,9141.0,11,12,7,10
5261.626376541363,1397.3321836911034,0.00021057593760415454,-399.4184157043382,-589.8581178255345,-387.2385701978711,-505.0701808932279,0.0,5,806,20886.0,211.0,7686.0,13,12,5,10
5660.224775608886,1595.138339742565,0.00029530072042093295,-179.1548342423455,-294.6991839490956,-172.3321388895022,-280.10616727051035,0.015625476837158203,4,1235,23116.0,310.0,10269.0,16,10,6,8
6089.788064183077,1615.8468013449376,0.00028307006049586614,-200.4823279717981,-274.1471545095393,-188.0437618293801,-261.53765271025935,0.0,4,1359,24750.0,309.0,9346.0,21,10,21,9
6611.737979879673,1923.7131819088831,0.0002884264295566537,-71.38764515211622,-122.65838251801404,-66.51647495279161,-118.96047230499823,0.0,4,2312,27176.0,505.0,13692.0,34,10,30,8
7761.358452696924,2231.5244672458034,0.00030134936583714033,-57.61797823386226,-105.40316758779328,-54.354840451299886,-102.94206047257997,0.0,4,2982,31789.0,631.0,16002.0,33,10,25,8
9892.751555747775,2826.9461898693203,0.00032374226015106217,-38.72799473155338,-69.6356960486573,-37.26332912196179,-68.4880666100883,0.0,4,4449,40927.0,939.0,20299.0,29,10,23,8
9715.251148323445,2801.531757360605,0.00031286604295810384,-38.5757573445495,-68.04008714650185,-36.97401498298449,-66.81627697848987,0.0,4,4410,40159.0,973.0,20094.0,29,10,26,8
10849.679765819512,3144.2894517283235,0.0003026649781545945,-18.5981329159082,-34.61928570788649,-18.036508586683244,-34.14449110002173,0.0,4,7059,45073.0,1577.0,22568.0,27,10,23,8
12700.556740585562,3639.9151332254073,0.00033987111964287373,-9.594009019127792,-16.663868065433512,-9.400204058466898,-16.522150494589198,0.0,4,11668,55694.0,2659.0,26420.0,23,10,20,8
13197.969279163746,3869.7908292955576,0.00032918148267926966,-5.136388691291593,-9.317743323013849,-5.046787952553693,-9.251036307838836,0.0,4,16704,61089.0,3970.0,28796.0,21,10,16,8
11082.133587164071,3264.2848853156183,0.0003336896388351815,-1.098089616683808,-2.2171692785783006,-1.0750205045672803,-2.20240814155679,0.0,4,26028,59864.0,6943.0,25594.0,17,10,14,8
9173.898535723512,3785.020479634159,0.00042230079956482995,-0.09647728430153402,-2.0869685752629543,-0.08674418970570952,-2.077053328536766,0.0,4,30663,57924.0,8594.0,32917.0,14,8,11,6
11555.052937369723,4643.7953082132435,0.00046168390747454007,-0.6562181630618327,-3.330890654118562,-0.6423921838340556,-3.3177616165514143,0.0,4,31808,71568.0,9089.0,40765.0,14,8,11,6
22207.9068952179,7964.266101233057,0.0005282072028780862,-3.9245377597836644,-8.527134914299712,-3.8900977433674804,-8.492347318744395,0.0009996891021728516,4,36399,122956.0,11444.0,70021.0,12,8,9,6
2806.3004097179855,720.0058882861075,0.0003000379997398382,-1146.0507678174383,-1723.4960658200457,-1104.863609353796,-1152.3173925456808,0.0019998550415039062,4,295,10822.0,91.0,3624.0,8,12,4,10
3160.618493335864,793.885316549773,0.0003183922783698757,-870.812542852787,-1065.0829887810585,-846.8174131477336,-781.6734320982863,0.0010001659393310547,4,375,12198.0,122.0,4924.0,9,11,4,10
3144.5526592956485,816.338165223212,0.00022597282056847519,-1905.7208755715778,-2500.3760578667743,-1838.8713752640192,-1722.654704170708,0.0009999275207519531,4,253,11982.0,91.0,4303.0,8,13,4,11
3381.135135140761,910.1906393717746,0.0002657554406477521,-961.9713437105153,-1645.8428264645215,-930.6978975886938,-1091.026322022553,0.0009999275207519531,4,359,13097.0,126.0,5549.0,10,12,4,10
4085.933606594703,1077.0038204048612,0.0002973181237388513,-758.7079626070846,-1103.108924613605,-740.970502200786,-813.0386426106788,0.0,4,457,16014.0,161.0,5882.0,8,11,5,9
4484.978685626757,1151.6307339457476,0.00024080551246923995,-548.4888571568724,-822.6258432240751,-530.2899430672943,-592.9469804765149,0.0,5,612,17582.0,195.0,6000.0,11,12,6,11
4771.452327313767,1271.7749217581322,0.00017344280962207817,-789.4841881391196,-1367.6083043432916,-719.68766570317,-820.4252753825036,0.0,7,561,18227.0,160.0,7531.0,10,15,4,13
5270.636724743086,1353.752698398438,0.0002572390776209423,-418.5203991475051,-578.9264520204013,-407.83147688544324,-482.3874995057879,0.015625476837158203,5,791,20843.0,210.0,8889.0,14,12,6,10
6067.215577559721,1522.3630788185847,0.00028332164271584854,-401.51709916778657,-474.43955691032113,-385.17392530105235,-443.92194808468156,0.0,4,1004,24203.0,262.0,10169.0,16,11,7,9
8217.620585262703,2348.185647118501,0.00031906324685661145,-75.12493432388781,-132.0861370647378,-71.41398060520615,-129.3601970794444,0.0,4,2715,33800.0,580.0,16849.0,29,10,29,8
9030.424694701056,2576.2796051994565,0.0003257575395238694,-63.569069744373806,-111.37890436394956,-60.55760574369625,-109.11684850455971,0.0,4,3270,37169.0,720.0,18468.0,27,10,27,8
8749.158407741284,2509.8852438906447,0.0003079886286793551,-53.871681236683344,-94.88765740784564,-51.280922242616626,-92.9009013248611,0.0,4,3422,35971.0,732.0,17972.0,31,10,23,8
8625.74096756814,2520.7993255281813,0.0002491709092886494,-9.685146868924798,-18.467910604201553,-9.389260415277887,-18.193243273622926,0.0,4,7706,35594.0,1683.0,17981.0,30,10,25,8
12216.371847852373,3529.3120050750213,0.00033629767924986664,-16.16915826409017,-29.19097030413587,-15.773625824772726,-28.872059833393088,0.0,4,8613,51635.0,1904.0,25415.0,25,10,22,8
11379.831522442091,3333.2596783529084,0.00029860247116424485,-12.171359433273404,-22.795706401329127,-11.876585744137461,-22.542142611102776,0.0,4,9156,48511.0,2034.0,24186.0,27,10,22,8
12688.170304132376,3718.8236295231854,0.0003189971646796635,-10.62346361908048,-19.60250087467569,-10.394983888980748,-19.41133315720025,0.0,4,11081,54510.0,2507.0,26986.0,25,10,21,8
11392.687796985543,3387.45263343268,0.00027244904806329924,-7.5145768795823145,-14.778680677098047,-7.347549513385864,-14.623869862869924,0.0,4,11799,48843.0,2678.0,24522.0,25,10,21,8
11542.491999672342,3228.598288150757,0.0003606714538976277,-4.924773999325189,-8.141588936821838,-4.83375880869469,-8.08216547280902,0.0,4,14642,53001.0,3491.0,23342.0,21,10,18,8
13332.383088664856,3919.503450959488,0.00032504843278286394,-4.773633282372804,-8.687938634490065,-4.6902574480364105,-8.624909899093243,0.0,4,17632,62027.0,4227.0,29233.0,20,10,18,8
11338.436095588757,3187.7173014164855,0.0003664010961496776,-2.854901645882066,-4.894642373452668,-2.8035931472735243,-4.862026802412036,0.0,4,18408,53661.0,4569.0,22783.0,20,10,17,8
13877.316507824318,4174.025357793122,0.0003199944465045244,-4.039863325914309,-7.644408431242832,-3.973164418582087,-7.592594925137261,0.0,4,20027,65995.0,4950.0,31523.0,19,10,17,8
11959.15117136594,3496.208759141822,0.00032266841530935117,-2.285598942757223,-4.168466717987679,-2.2448892573843833,-4.14109011339282,0.0,4,21779,59879.0,5536.0,26529.0,19,10,15,8
11202.063699381468,3246.5858108300995,0.000303764896258016,-1.683882628084215,-3.163965557422298,-1.6519276081778074,-3.1432326507131974,0.0,4,22552,57576.0,5690.0,24909.0,18,10,14,8
7568.427822072208,2780.38731377183,0.00035277891694921105,0.26242223611986204,-0.6516764793896748,0.269403090522485,-0.6459122412919733,0.0,4,30853,48582.0,8704.0,20625.0,15,9,12,7
9883.548674227963,4102.561811437662,0.0004240686753391317,-0.15361686618736625,-2.1595306607720994,-0.14387423814888134,-2.150091172300103,0.0,4,32767,65673.0,9467.0,37261.0,14,8,11,6
11092.178287724493,4513.394078093189,0.00043193853638276653,-0.37326388575658753,-2.587329325502094,-0.3620929165816469,-2.576356986957364,0.0,4,33905,73087.0,10018.0,41462.0,13,8,10,6
22122.1214196145,7907.263971211323,0.0005250104474119277,-3.9067748371340674,-8.389001983821316,-3.8722682432331617,-8.35228746308269,0.0,4,36535,122648.0,11366.0,69811.0,12,8,9,6
2683.9251068475564,679.9214721814081,0.0002807736816582503,-1165.782542346003,-1676.645256201055,-1124.3766658150105,-1120.503790558981,0.0,4,272,10324.0,91.0,3773.0,8,12,4,11
2756.50650922806,733.4583818572576,0.00030754593344705115,-1094.9836704421546,-1516.4485527180839,-1042.8450435700856,-983.7367944360492,0.0,4,297,10622.0,115.0,4165.0,8,12,4,10
3239.30852639366,814.2805937861142,0.00025411771637068916,-1575.7531716954907,-2313.237451613893,-1516.7432782074968,-1506.1396133385228,0.0,4,279,12420.0,97.0,4638.0,8,12,4,11
3529.276817446694,899.3204378862964,0.0002818694871996397,-864.9175045486228,-1355.6770947414477,-839.4167205153713,-947.3415086965018,0.0,4,412,13637.0,118.0,5625.0,9,12,3,10
3746.57394319503,968.9044417300919,0.00018312801979626807,-600.3038123451695,-1252.9821995536645,-517.4998323863027,-577.1749435441677,0.0,7,532,14303.0,161.0,4855.0,10,15,4,13
4211.668757007132,1087.3677841083331,0.0002572391632356529,-1750.7917794750522,-2033.3665160905368,-1707.1276162639535,-1524.2493620237108,0.0,4,331,16213.0,131.0,6926.0,9,12,5,10
5186.344612296795,1302.3289035096575,0.0003130690987636393,-338.4779081677313,-419.4524293497417,-333.3908462132217,-380.25361826302964,0.0,4,882,20635.0,259.0,8434.0,13,11,7,9
5321.265790635094,1340.3961867671812,0.00030017087789312326,-344.5050680564636,-470.4902617741891,-338.91480552851436,-415.6595306770252,0.0,4,859,21144.0,237.0,8647.0,15,11,5,9
5265.756080064556,1402.8314375238613,0.00021570679728659072,-424.64702516655507,-631.1304926423088,-410.8522126206504,-544.2424461008022,0.00651097297668457,5,812,20885.0,227.0,7792.0,13,12,5,10
5739.386271269196,1444.2223541869628,0.00027898441360978154,-312.56621091042103,-404.18577846128943,-304.4376601203457,-376.55397388322416,0.0,4,1030,22993.0,253.0,9642.0,12,11,7,9
6138.918973068038,1513.4773449524148,0.00018604510491993935,-728.5391658237507,-898.8852465888414,-665.1182622561913,-822.3340115994863,0.0,5,781,23987.0,185.0,9368.0,15,12,6,11
6353.694610060879,1592.9437830109805,0.0002828294795054723,-409.4404991692822,-504.0644525487855,-376.15920786913557,-478.27642017033156,0.0,4,1076,25266.0,242.0,10534.0,20,11,18,9
6605.207140960834,1874.4773910568604,0.0003089264474919063,-209.23782454686324,-333.63148877491295,-196.72796000316154,-318.9588211478138,0.0,4,1438,26936.0,331.0,13408.0,20,10,7,8
7303.760297927592,2122.8333488720523,0.0002825078207386924,-35.78666650476924,-65.9967382194249,-33.81281808945407,-64.34559016305876,0.015637636184692383,4,3469,29667.0,744.0,15053.0,35,10,33,8
10601.540550886146,3048.210926784212,0.0003204454255586658,-26.264695539663155,-47.33946084437631,-25.405621856057543,-46.64181209867079,0.0,4,5864,43882.0,1287.0,21860.0,28,10,25,8
11058.89283327751,3177.865827682157,0.00033162173001316135,-21.463852577526797,-39.02016929433547,-20.850924584236385,-38.52111654205486,0.0,4,6647,46446.0,1445.0,22866.0,27,10,22,8
9774.814988658352,2854.7389511418846,0.0002705474068980749,-11.891932447220723,-22.247680825757012,-11.552585984967529,-21.938551300868873,0.0,4,7852,40881.0,1743.0,20528.0,26,10,24,8
12302.182119699333,3571.029079621167,0.0003184115153824925,-14.570688880772217,-26.65407680306332,-14.217230479632212,-26.370532366737724,0.0,4,9116,51813.0,2013.0,25684.0,27,10,20,8
13062.313796519742,3801.3858520062568,0.00033268745668746104,-13.509181365370125,-23.802766272558042,-13.209773954015251,-23.566098859415145,0.0,4,10130,55393.0,2338.0,27382.0,24,10,22,8
13281.718692514283,3893.7619769746243,0.00032591628674662074,-9.153967978645143,-16.604348575896857,-8.9698512057747,-16.45499640534343,0.0,4,12624,57756.0,3006.0,28307.0,23,10,20,8
12978.57779830543,3710.3027139529554,0.00036437732926633163,-7.118617591059818,-12.246118583304463,-6.988549261702232,-12.154000209778744,0.0,4,13873,57883.0,3321.0,26929.0,22,10,18,8
11486.38068132212,3242.150194765299,0.00034705988909687494,-3.8049190053591673,-6.52230166156435,-3.7360107401150993,-6.476233619190831,0.0,4,16388,53778.0,3900.0,23561.0,21,10,17,8
10523.471059770789,2938.2103680074824,0.00036542199519994047,-2.4191634975943916,-4.1284743246363815,-2.3740100277414253,-4.100304650468902,0.0,4,18126,50777.0,4352.0,21112.0,19,10,16,8
8855.346150654794,2609.7555221546454,0.0003833508321490563,-1.1255869103009966,-2.49564344879447,-1.0991793417698514,-2.4784490748978967,0.0,4,19612,43512.0,4739.0,15998.0,19,9,16,6
8290.928624607339,2823.5044787757406,0.00038977110732534156,-0.7626234406779118,-2.8254344080457856,-0.7413740384768659,-2.8066931125963457,0.0,4,20317,41441.0,5093.0,18435.0,18,9,16,7
13441.258913401056,4060.255560768312,0.00030438711109941616,-3.364028305138884,-6.3610784158968,-3.3081733185458306,-6.3193903355409615,0.006510257720947266,4,21245,65361.0,5393.0,30939.0,19,10,16,8
12344.885204340027,3664.408295516481,0.00031300621385723124,-2.4478085463165473,-4.554362100918012,-2.405578990141259,-4.52478495968779,0.0,4,21951,62252.0,5745.0,28301.0,18,10,16,8
8134.550482484164,2857.156201977764,0.000356418865639384,-0.17304510126094552,-1.5632082247227324,-0.16048939700590892,-1.5525677480633742,0.0,4,25284,44719.0,6682.0,20143.0,16,9,14,7
7951.19864064008,3036.1649706770986,0.00041205586873223484,-0.03917585980523808,-1.6566777826848371,-0.02880433141478278,-1.6469641721382904,0.0,4,26567,44828.0,7128.0,23876.0,16,8,13,6
9812.750688942084,3970.7037841756296,0.0004477370015099116,-0.35910933412146084,-2.727380415173555,-0.34685264310223607,-2.71500905909745,0.0,4,29178,59541.0,8291.0,33889.0,15,8,12,6
7396.151482358917,3112.7785233480176,0.0003689912037991009,0.30326595116705835,-1.0477984738672963,0.30954427799873707,-1.0412804686163715,0.0,4,31134,47961.0,8731.0,27108.0,15,8,12,6
13134.71877236687,5150.866759585226,0.00048639140820128156,-1.09974809451235,-4.206451476223006,-1.082377063705839,-4.1909928080895185,0.0,4,32047,79300.0,9245.0,45248.0,14,8,11,6
3449.0282885787797,857.5832685518066,0.00030432399500833533,-794.155688441343,-1083.6505030306016,-775.3975210977337,-781.1242844875026,0.0,4,426,13359.0,136.0,5277.0,8,11,5,10
3753.0031816826945,993.0436161901017,0.00020333573324875646,-615.1331051884295,-1221.2032922201088,-523.999759625415,-612.6287362872025,0.0,7,534,14317.0,153.0,5727.0,10,14,5,13
4816.55601887684,1212.4910001859457,0.00022400072555406404,-608.9399797352028,-942.8906897909004,-575.9025587471199,-639.7791510698336,0.0156252384185791,6,606,18739.0,175.0,6625.0,9,13,4,12
6189.54144521897,1570.2118985187954,0.0002651406287167741,-345.0944600763294,-446.3994589775862,-326.1111973418304,-429.2433191113303,0.0,4,1039,24732.0,238.0,10599.0,19,11,8,9
7367.011863141437,2109.7143541839973,0.00031528511159004455,-113.60737998367306,-198.85515300400291,-106.78301910231154,-193.3808366900657,0.0,4,2067,30226.0,447.0,15120.0,28,10,28,8
6424.0696254075065,1844.8740415450227,0.000288280559244315,-105.69515226724,-186.0253062431581,-96.57686780459112,-179.23903314294978,0.0,4,1956,26091.0,421.0,12177.0,29,10,24,8
7823.913108088347,2249.185963854479,0.00029597398325779175,-53.43130139900053,-95.27993754182344,-50.73226249042734,-93.26546165383294,0.0,4,3132,32118.0,668.0,16127.0,32,10,32,8
9256.302709730633,2645.4225383197295,0.0003289321258579254,-51.22702984255325,-91.02215147900078,-48.959017924859246,-89.28147901416973,0.0,4,3599,38007.0,763.0,18968.0,32,10,27,8
7786.679761511535,1960.0888930734748,0.00024793183182385357,-38.810342400162625,-53.99078116536159,-36.603485805177975,-52.390066202517424,0.0,4,3663,31143.0,786.0,13236.0,37,11,33,9
8815.274759378368,2548.7505006538663,0.00028897223826466356,-23.26220946059599,-43.05397149909877,-22.31656835880408,-42.22782145173992,0.015625,4,5164,35954.0,1118.0,18186.0,32,10,26,8
9947.90074117399,2884.122319195795,0.00029416500677300895,-19.295517049148952,-35.688666846562604,-18.67803908283081,-35.158038452846725,0.0,4,6304,41343.0,1378.0,20695.0,29,10,25,8
8592.312459765997,2181.6820656128307,0.00023713860685731222,-13.478137439650418,-19.324336563264886,-12.99055792819673,-18.940197228364852,0.0,4,6518,34287.0,1429.0,14436.0,33,11,30,9
10344.208865954903,3041.1391471782413,0.0002942094431417989,-11.980833219246286,-23.207852462163228,-11.645037503362127,-22.887814960626862,0.01562786102294922,4,8386,42386.0,1826.0,21650.0,30,10,24,8
13118.385183112287,3788.1022925954185,0.0003531514156373668,-10.926939388595388,-19.432838700760065,-10.704139827497901,-19.263892311552237,0.0,4,11387,56736.0,2617.0,27436.0,24,10,21,8
13378.609740303114,3916.9215284987094,0.0003305277849691987,-10.297245509040904,-18.71212351738445,-10.091112480023531,-18.54544252698178,0.0,4,12001,57431.0,2779.0,28311.0,24,10,20,8
12923.263019164317,3745.3453723699945,0.0003363367690966028,-8.185596592792745,-14.544644994837014,-8.029663656267106,-14.427487415486796,0.006510496139526367,4,13030,57101.0,3039.0,27326.0,23,10,19,8
12689.40307402204,3641.840494516475,0.000341487651915399,-6.4323230322638905,-11.321075844615178,-6.314711662549141,-11.238092567197832,0.0,4,14327,57214.0,3332.0,26647.0,22,10,17,8
12184.329452979757,3495.9410064864273,0.0003338306831659941,-4.745988739005835,-8.3334135269707,-4.661363970836225,-8.273076385442803,0.0,4,15834,56559.0,3802.0,25833.0,21,10,17,8
13208.848485090717,4002.343239434869,0.00028458837164075615,-5.021564007432217,-9.596889189493533,-4.931567638061801,-9.52060767203822,0.0,4,17048,60685.0,4155.0,29826.0,21,10,18,8
8385.47698839587,2859.345763967112,0.0003940380559050191,-0.6554367264279999,-2.5540892677571385,-0.6360514802396491,-2.53782550654916,0.0,4,21400,42112.0,5456.0,18606.0,18,9,14,7
10609.527751232223,3043.4671086881594,0.0003521108365147784,-1.4879017126850207,-2.7533528482659118,-1.4585219177989228,-2.7356396607038667,0.0,4,22207,54282.0,5604.0,22667.0,18,10,15,8
8276.769890029564,2862.839084719922,0.00039133415295580787,-0.4099013884486602,-2.0707475558144868,-0.3943540455992369,-2.057321443491229,0.0,4,23136,43523.0,5977.0,18807.0,17,9,14,7
8206.38959325293,3192.27623041146,0.0004238468830809715,-0.23410574713113097,-2.3048643373316935,-0.2214766613270136,-2.2919718452800577,0.0,4,24979,45150.0,6570.0,25636.0,16,8,13,6
9509.895653125397,3857.1373425335355,0.0004416042181735799,-0.2758705509225807,-2.4988352957899154,-0.2643769063914203,-2.487250971398722,0.0,4,29247,58341.0,8103.0,33177.0,15,8,11,6
12329.429425920325,4862.1582195649835,0.0004840967681614875,-0.9305896527215953,-3.9251959351389862,-0.9144756993626353,-3.909214392707728,0.0,4,31408,74512.0,8815.0,42472.0,14,8,11,6
11270.81845593596,4545.038920808783,0.0004642346645117297,-0.5422565518360067,-3.054705914993481,-0.5294212371324216,-3.0426147290707855,0.0,4,32107,71096.0,9301.0,40461.0,14,8,11,6
22252.962874122702,7999.956672408712,0.0005497231453894748,-4.110825630625159,-9.080076193839142,-4.074818327963468,-9.046070179537791,0.0,4,36044,122030.0,10896.0,69669.0,12,8,9,6
26944.190908980425,9365.631183125532,0.0005560234465439719,-6.247826203606496,-11.898182956301548,-6.199031768987642,-11.841766230100545,0.0,4,36637,141839.0,11454.0,80788.0,11,8,9,6
3013.5189321068924,764.1616934589171,0.00032670421862852976,-912.52491395498,-1329.2378486096159,-882.4640910262922,-918.2909533407486,0.0,4,327,11612.0,110.0,4732.0,7,11,4,10
3050.0757453026204,792.4853442388278,0.00028873371507681997,-1264.8744733994215,-2046.6620692948986,-1211.92193829869,-1276.037119565125,0.0,4,296,11765.0,107.0,4209.0,10,12,4,10
3580.8887368687306,884.9808613749791,0.0003220268097135959,-821.0062971706637,-1080.4367309365764,-802.1519882218284,-792.3878949865983,0.0,4,416,13950.0,136.0,5165.0,10,11,4,10
3904.7336283456434,962.1844017217628,0.0002914865122612392,-991.2319149314328,-1181.012957010013,-969.6221414788068,-908.2244194373399,0.0,4,405,15093.0,134.0,5991.0,10,11,5,10
3887.6683872963413,1004.897455382057,0.00025830308646362585,-880.0525554316928,-1210.5417864182473,-863.100084651324,-960.8144367291686,0.0,4,433,15085.0,134.0,6340.0,10,12,6,10
4467.525173637338,1095.7082564867956,0.0002703564304657645,-948.8022246486322,-1161.559280204964,-932.8509544251922,-937.1585027604185,0.0,4,493,17321.0,133.0,6874.0,10,11,4,10
4719.883991297281,1236.0845923986017,0.00013222347218141856,-795.355663523807,-1568.3438440134814,-711.1022711134085,-868.9253534229325,0.0,8,536,17928.0,155.0,6610.0,10,16,6,15
6206.242846588694,1823.981350987449,0.00027700491460864025,-78.30598946643315,-148.63950217879503,-73.18111028137037,-144.30200789935014,0.015625715255737305,4,2120,25593.0,446.0,12788.0,30,10,23,8
10383.003278094286,2947.760528845019,0.00035284269193716454,-49.91858645059028,-85.7448542131704,-47.99044723817669,-84.30189362571221,0.0,4,4145,42713.0,920.0,21044.0,31,10,23,8
8514.776496870994,2461.7014504707918,0.00029617509532849534,-31.063988907247065,-57.243913794997255,-29.71215989888414,-56.13499023079407,0.0,4,4339,34751.0,927.0,17563.0,31,10,31,8
13023.785593978298,3726.753552579868,0.0003677586225671258,-11.518632224302355,-20.485001441859577,-11.27991464685406,-20.310463941404702,0.0,4,11049,55887.0,2467.0,26805.0,25,10,21,8
13134.476059766654,3831.620858885962,0.0003307892662086305,-9.922820261611456,-17.709084708290156,-9.724137230608564,-17.552658010625347,0.0,4,12029,57017.0,2824.0,27857.0,24,10,21,8
14053.37546826681,4150.626235381033,0.00035042335759390283,-5.681196010191189,-10.25402368704397,-5.5860581788705135,-10.184492102136183,0.0,4,17338,63967.0,4177.0,30579.0,21,10,18,8
11848.947546002415,3419.6273599984547,0.00033359159522606456,-3.0810714880326273,-5.4094035309545925,-3.0268289253549234,-5.37256704003033,0.0,4,18764,57174.0,4721.0,25434.0,19,10,16,8
11500.579693269814,3284.779956798223,0.00036608027509592544,-2.567838099438573,-4.4898237218518675,-2.521613024557999,-4.4605050344763555,0.0,4,19568,55809.0,4856.0,24120.0,19,10,16,8
8228.989349777408,2839.8142489870706,0.0003792267050156367,-0.5929600252886289,-2.4797645811874633,-0.5741207563790447,-2.463416885658443,0.0,4,21450,41605.0,5383.0,18764.0,18,9,15,7
8265.711509629202,2952.2770025863088,0.0003985334587082384,-0.14432056553948347,-1.5291442798544321,-0.13258647642529997,-1.5194015679682802,0.0,4,26363,45629.0,7007.0,20332.0,16,9,14,6
11023.227312135044,4432.922340755212,0.00047609774474479657,-0.6027300813057912,-3.2759443266973127,-0.5889635251697694,-3.262822904553029,0.0,4,30794,67233.0,8618.0,38326.0,14,8,11,6
2901.537909382425,741.6750046347794,0.0002315522422861241,-1676.763178696248,-2241.502651428693,-1629.899968167631,-1726.77954456223,0.0018737316131591797,4,239,11062.0,83.0,3702.0,9,13,5,11
3315.218379873338,827.7070737887891,0.00031753081454882753,-835.6426422876914,-1049.197666032388,-817.7497031841565,-813.1599791240728,0.0,4,396,12823.0,119.0,5171.0,10,11,6,10
3442.3079270430376,872.1687288974919,0.0003068124208219427,-1082.1340770358834,-1672.4310858952113,-1049.6101594677916,-1129.531055379446,0.0,4,355,13265.0,112.0,5496.0,9,12,4,10
3583.641503705879,903.2457906535371,0.0003028209628796186,-906.8250247297128,-1293.1828586241065,-886.7194347117513,-977.9055918761791,0.0,4,405,13871.0,119.0,5741.0,11,12,6,10
3652.06777758619,919.0269140509433,0.0003129825374622872,-719.8985485507476,-906.756687302068,-703.0356891097597,-676.8646028186324,0.0,4,469,14285.0,155.0,5052.0,9,11,5,10
4024.164033710948,1008.430052216199,0.00022685708973428818,-523.6383539184696,-919.9165522217346,-481.4830850786916,-533.3981358362528,0.0,6,578,15585.0,168.0,5854.0,10,13,4,12
4295.0016673939335,1055.3100896971785,0.0002892120826693639,-805.4865597515461,-1067.638076206221,-793.3497948021987,-860.6777717205407,0.0,4,489,16739.0,133.0,6372.0,9,11,6,10
4327.568034790982,1079.4336527264184,0.00022236949223185124,-634.6173070492459,-1047.235839378424,-591.4590892272241,-661.2391019537287,0.0,6,544,16713.0,151.0,6325.0,9,13,7,12
5101.294486451454,1303.5647998852992,0.00032530602287946794,-306.72386989533493,-435.19079119762563,-302.6658566451797,-386.8101225884268,0.0,4,874,20402.0,246.0,7990.0,12,10,6,9
5624.483993924835,1414.0496882476702,0.0003059445813244798,-406.9980964655821,-506.4228083523553,-395.7333640411008,-466.44906881191105,0.0,4,857,22305.0,236.0,9139.0,14,11,5,9
5583.499100773039,1434.5560942326376,0.00031110825406927554,-255.45532507445597,-347.84603809943656,-247.45119809302025,-330.1581855403802,0.0,4,1082,22506.0,260.0,8808.0,15,10,8,9
5998.023261180859,1744.122687174462,0.00030852175355951494,-233.8886655823434,-378.5993179145569,-215.3170588811798,-363.33853473494304,0.0,4,1339,24393.0,307.0,12262.0,27,10,25,8
6387.484328910979,1702.2671004428182,0.00027993616798394614,-143.221693169115,-213.65779535652257,-131.21280630317509,-204.51027605402533,0.0,4,1729,25772.0,372.0,9769.0,36,10,31,9
7850.070223942798,2239.0827107136233,0.0003312354278523207,-117.82501374280143,-198.62980187154383,-111.15875463477936,-193.2640562584339,0.0156252384185791,4,2141,32112.0,458.0,16038.0,29,10,25,8
7491.43704713922,2155.69566546007,0.00031130451695986086,-69.11039965234254,-123.47819474356427,-65.09366479492515,-120.44325605638147,0.0,4,2622,30726.0,565.0,15469.0,30,10,24,8
10654.194224967618,3044.145850371387,0.0003480322497534686,-33.27815786289333,-59.82611522695918,-32.16289988064376,-58.9819473989298,0.0,4,5199,44110.0,1129.0,21829.0,29,10,22,8
11876.129751084036,3404.1344332419267,0.00034835960655092474,-16.858537450420567,-30.97335010469589,-16.438798643400077,-30.644337223785634,0.0,4,8154,50250.0,1786.0,24501.0,26,10,21,8
11868.105309417197,3430.053725891185,0.00032681198340210577,-16.51090298967478,-29.86697625459698,-16.09030203681139,-29.522582187051462,0.0,4,8345,49667.0,1890.0,24631.0,26,10,23,8
11452.53492090652,3362.7219644830384,0.00031153245423589873,-13.106177127764244,-24.317254135569605,-12.784324229968952,-24.044098783884678,0.0,4,8836,48076.0,1978.0,24184.0,26,10,21,8
12461.552207774252,3602.9298942550445,0.0003357622649768927,-11.5857376371737,-20.998204264043537,-11.343406323176698,-20.80839660615814,0.0,4,10530,53783.0,2352.0,26115.0,24,10,22,8
12857.081965869369,3739.819379272659,0.0003297871774929292,-7.852028999158319,-14.182492178976078,-7.703154881420373,-14.067367643345046,0.0,4,13288,56938.0,3046.0,27348.0,22,10,20,8
8819.322276494191,2581.394796180933,0.00038141334674664576,-1.0492037905752354,-2.281695016389484,-1.0243665824217767,-2.2659516883397117,0.0,4,19927,43948.0,4974.0,16144.0,18,9,15,6
12506.379092287263,3698.0115194407745,0.0003128292740066868,-2.9301856875556185,-5.315353322932378,-2.8795976585606593,-5.279449290345786,0.015624523162841797,4,20470,61566.0,5243.0,28312.0,19,10,16,8
8272.021813644877,2843.6606597687896,0.00040460607508387386,-0.49171786251987193,-2.187738782193934,-0.4746682324067375,-2.1736094614271844,0.0,4,22412,43036.0,5833.0,18672.0,17,9,14,7
11605.588410061335,3452.881670913924,0.00030872299764001475,-1.7461394253440274,-3.4208810493467503,-1.7137841920672532,-3.39874634591766,0.0,4,23438,60742.0,5993.0,27106.0,18,10,15,8
8151.639403109863,2854.2300680306066,0.00036429637412986653,-0.21148228865541951,-1.6201729386707893,-0.19863642302739093,-1.6095664268782244,0.0,4,25117,44332.0,6623.0,19831.0,17,9,14,7
9055.74074079991,3751.234010851185,0.0004334418558928185,-0.07245289429273849,-2.049915024699242,-0.0630546458238419,-2.040467889261677,0.0,4,30773,57442.0,8718.0,32648.0,14,8,12,6
12630.627000140043,4981.483870503179,0.0004908875969577861,-0.995968832665953,-4.055360001934833,-0.979404113559682,-4.040330919562646,0.0,4,31753,76237.0,9144.0,43501.0,14,8,11,6
17853.306280513796,6637.170744344561,0.0005332187377118209,-2.653359581438493,-6.920670514316521,-2.6253619140320077,-6.894409772661944,0.0,4,33587,101347.0,9924.0,57889.0,13,8,10,6
3030.161476376575,761.2289611214223,0.00033155678626470135,-862.1371285739273,-1084.5759880050605,-841.0408409805356,-834.1264405157306,0.0,4,368,11699.0,117.0,4710.0,10,11,5,10
3520.301124963128,881.3999931453748,0.00024734829175679385,-1660.6545611293077,-2365.52167356886,-1601.6169474178466,-1585.5820777532128,0.0,4,293,13514.0,97.0,5069.0,8,12,3,11
4316.821548265563,1088.8281804084668,0.00021134797912432992,-830.1372718439067,-1620.6521840553637,-703.6217006627642,-722.5365257285773,0.0,7,518,16443.0,162.0,6422.0,8,14,5,13
4811.603515837212,1212.5085347363583,0.00019358188332237994,-562.9787445802551,-924.2188536202988,-537.029697155015,-644.8372369194794,0.0,6,636,18636.0,172.0,7314.0,12,13,6,12
4936.570746382812,1245.065836078644,0.0002192161080501008,-623.9540933447939,-913.3722712710768,-591.5895186477949,-636.4709077244928,0.0,6,626,19234.0,182.0,6785.0,10,13,4,12
6230.58950695411,1771.5235086407029,0.0003329920548769483,-262.3024221898836,-426.08980934634354,-247.66129552138355,-404.7479697273462,0.015625476837158203,4,1187,25246.0,279.0,12645.0,17,10,5,8
9425.797649712906,2686.340724774751,0.00034312217960231166,-54.97833892502875,-96.9761900865343,-52.66238664837936,-95.16565113025551,0.0,4,3679,38700.0,799.0,19227.0,29,10,29,8
9282.81114928734,2686.120483150374,0.00029471222399069327,-20.707587947031225,-38.80391854680739,-19.993610401956378,-38.17478363018717,0.0,4,5760,38515.0,1224.0,19304.0,30,10,23,8
11948.449124433122,3411.3170767192933,0.00035239232106041104,-17.50856647732433,-31.138882302528827,-17.07455188230175,-30.80961073313795,0.0,4,8035,50465.0,1834.0,24541.0,27,10,23,8
12832.227795996037,3714.8660095284727,0.0003633334555494243,-15.754231393689235,-28.772292247404238,-15.395744068444714,-28.49866870221791,0.0,4,9368,54112.0,2064.0,26699.0,26,10,21,8
12500.703514786012,3611.5595243490957,0.0003354147394409204,-9.265194045971803,-16.208057658728947,-9.081856348566557,-16.0714834612667,0.0,4,11738,55023.0,2765.0,26332.0,23,10,19,8
11987.423351770944,3384.1575530329555,0.0003747381755905802,-5.461099717238156,-9.104366055514065,-5.362470424026887,-9.039084431423964,0.0,4,14602,54595.0,3489.0,24536.0,21,10,17,8
10048.186472464406,2759.4212047849214,0.0003924965560372481,-2.8210207339225866,-4.558810504454445,-2.7680349432082663,-4.5274813731575945,0.0,4,16155,47097.0,3913.0,19035.0,20,9,16,8
9954.581663945837,2750.300288529115,0.0003836741637197265,-2.148922715027501,-3.5885462096386833,-2.1067745908645805,-3.5634188253310644,0.015626192092895508,4,17791,47814.0,4397.0,19161.0,19,9,17,8
8113.958005858382,2744.455207398486,0.00039253709543161496,-0.8325907122500829,-2.928845131070647,-0.8102013889195792,-2.9096942925044096,0.0,4,19182,40522.0,4852.0,17951.0,18,9,15,7
8219.283656311945,2791.1180704752232,0.0004171207439739745,-0.6276051007253567,-2.469260177232625,-0.6088845474499351,-2.4539042891189426,0.0,4,21118,42012.0,5334.0,18146.0,18,9,14,7
8026.2125323581695,2835.3342965013258,0.000425010170828272,-0.4602076645990385,-2.315365016627678,-0.44411815403149,-2.301422218461934,0.0,4,21923,42235.0,5627.0,20175.0,17,9,14,6
8119.456761000086,3101.024877627825,0.00043722154973898297,-0.31561889690486655,-2.4427274613924235,-0.301794955821443,-2.42933433973033,0.0,4,23770,43254.0,6183.0,24592.0,17,8,13,6
8250.072262309786,2940.119312700875,0.00037810322222621,-0.1604252809079283,-1.6104098298965708,-0.14813451315459836,-1.5996842279602368,0.0,4,26157,44373.0,6896.0,20029.0,17,9,14,7
12683.018195274602,5024.967974607732,0.00045562324934978864,-0.7346171224051372,-3.225401440108408,-0.7211183700466777,-3.2131351966460047,0.0,4,34966,81833.0,10479.0,46469.0,13,8,10,6
37312.88908898193,12602.348063290958,0.0006535001000845648,-12.479333109176737,-21.728340836406712,-12.395376558452625,-21.605443465001745,0.0,4,37426,182245.0,11820.0,104167.0,11,8,8,6
3503.4395837043726,866.6697395778856,0.00032260837955663834,-1193.1800541976445,-1510.8921861895437,-1158.7851537347121,-1039.2585874463814,0.0,4,342,13477.0,128.0,5390.0,8,11,5,10
3481.1562425358384,916.7487372840106,0.00020149715519005498,-668.2816602374737,-1441.3510923697424,-546.8902993483006,-600.3950996809197,0.015624761581420898,7,505,13208.0,152.0,4895.0,8,15,5,13
3693.142615036684,974.6372241762573,0.0003271582460427804,-645.9058039040284,-919.5202028953811,-634.3728442127834,-741.7370880424936,0.0,4,486,14512.0,155.0,5345.0,8,11,5,9
3888.622896593972,972.8536659329341,0.00024172194240229932,-523.5682759202612,-851.5779857040864,-477.45680304750556,-491.3545269859057,0.0,6,549,15077.0,167.0,5440.0,10,13,5,12
4298.497158432541,1203.6948336815187,0.0002575982484094981,-418.6282293712617,-755.6513365942178,-405.5008197673528,-568.1007207049942,0.0,5,651,16981.0,182.0,7497.0,11,12,6,10
4669.7634190046165,1225.4369875788457,0.0002690093616592586,-486.81663612054626,-747.3315213286116,-470.8483157446635,-552.0542091670837,0.0,5,665,18379.0,200.0,7930.0,9,12,4,10
4801.829004134387,1231.1048058596607,0.00018865454548205892,-799.345439172594,-1445.7066942824986,-726.3014206676455,-849.2771116875773,0.0,7,539,18313.0,162.0,7411.0,9,14,5,13
4831.891486451461,1309.3759903902799,0.0002599603676348823,-486.22480361216464,-853.3740680075762,-473.98158408572044,-653.4020101075912,0.0,5,657,19050.0,190.0,8416.0,10,12,4,10
5758.6876787381,1633.4916876892885,0.00034673197285539447,-296.98306485837327,-483.9400932040728,-287.66566968154604,-446.913931097519,0.0,4,1093,23391.0,267.0,11676.0,12,10,9,8
6035.153805689904,1549.3979475912572,0.00030121342952512715,-296.23626881380727,-400.22180425418475,-276.633554268277,-378.538151593221,0.0,4,1084,24114.0,257.0,9505.0,34,10,14,9
6931.992384348577,1967.5033963333667,0.00032096479078007464,-181.4811399254865,-290.11618029101635,-170.90693364109606,-280.0550976626136,0.0,4,1592,28264.0,344.0,14058.0,22,10,17,8
6378.6392757716485,1634.0077072951644,0.00027604195644484393,-150.04056182208785,-207.1765952116335,-138.4450410977967,-200.29681707531756,0.0,4,1632,25781.0,358.0,10223.0,35,10,33,9
6927.740605409049,1745.430677512,0.0002527402114387319,-78.04651938169002,-104.5202003308029,-72.8871871101884,-101.52228190699154,0.0,4,2400,27947.0,528.0,11641.0,33,11,28,9
9021.638816040206,2572.3533830100664,0.0003476886227657538,-87.63322554318323,-147.3877759109662,-83.0684670669972,-144.21077268984808,0.0,4,2822,36800.0,602.0,18330.0,30,10,29,8
9307.674420314846,2664.9610886777814,0.0003272935360653089,-38.72181951693417,-69.44019102958926,-37.20514471546479,-68.29334939571696,0.015624761581420898,4,4226,38558.0,902.0,19150.0,29,10,29,8
11257.773760458445,3181.987733713001,0.0003688784424406929,-27.514865161787792,-47.79563259859713,-26.731673128650844,-47.23372196581958,0.0,4,5934,46911.0,1297.0,22759.0,28,10,23,8
8035.809810622698,2338.9947582597674,0.0002561949355353807,-10.678772840864797,-20.740166641228,-10.329754561755836,-20.395418326136948,0.0,4,6710,32771.0,1453.0,16587.0,29,10,26,8
11937.033704243697,3508.7697689741153,0.0003057094566780754,-10.357998162641026,-19.442875718088885,-10.127862137458889,-19.25188207115893,0.0,4,10466,50921.0,2395.0,25325.0,25,10,21,8
12914.819116925977,3740.375944785943,0.0003427611221184534,-7.860441942689684,-13.93759871009076,-7.71169830407036,-13.825149223243939,0.0,4,13225,57322.0,3135.0,27397.0,22,10,19,8
13067.342933977307,3876.6023353790965,0.0003125181474446828,-7.119368511673718,-13.376626327731373,-6.984166070486802,-13.262328586908003,0.0,4,14066,57896.0,3275.0,28434.0,23,10,18,8
12122.222055055885,3487.370981783173,0.00035248894612005457,-4.0366507725624015,-7.001595852626748,-3.9667349714731577,-6.953469027430042,0.0,4,17103,57159.0,4116.0,25887.0,21,10,16,8
10379.277550926494,2922.682543486377,0.0003707251201036242,-2.0161095289371236,-3.469321848144376,-1.977570748428695,-3.4458736452717487,0.0,4,19354,50996.0,4793.0,21057.0,19,10,15,8
10095.884466784802,2817.944507970304,0.00037245689687375296,-1.6659464774300523,-2.9007253861436753,-1.6326310047529593,-2.8803287249024767,0.0,4,20122,49506.0,5068.0,19802.0,19,9,15,8
8254.725955096874,2852.494790748968,0.00040581362276074145,-0.28561598027948,-1.7359025345255419,-0.27191589148801176,-1.7250544578557143,0.0,4,24622,44258.0,6531.0,19386.0,17,9,14,7
7950.290258066054,3075.140757279792,0.00042028059090252486,-0.12678977111754364,-1.944955300157936,-0.11531555652077463,-1.9337296449273156,0.0,4,25549,43614.0,6761.0,24338.0,16,8,13,6
9346.96466718385,3720.4897079103266,0.00044911005530473785,-0.41015110187109793,-2.793891750920606,-0.396871178789852,-2.7807955336608834,0.0,4,27184,54588.0,7365.0,31072.0,15,8,12,6
10566.965260305346,4257.977953207367,0.00048009079166235185,-0.5252609470833007,-3.0663820005302345,-0.5120598676951369,-3.05397481951531,0.0,4,30092,64719.0,8489.0,36893.0,14,8,12,6
7528.770367729381,2839.7741272414605,0.00037681622506829357,0.24561189116967597,-0.759641870630337,0.2526659866042593,-0.7538411970414369,0.0,4,30398,47760.0,8548.0,21403.0,15,9,11,6
15173.46537682367,5777.719560771072,0.0004540299247866396,-1.3573894945216094,-4.16441034239081,-1.3399164362495561,-4.149671495880037,0.015625476837158203,4,36178,94367.0,11268.0,53551.0,12,8,9,6
2532.2097892288994,656.9885130274349,0.0003329407696433377,-994.4305845803013,-1336.4209966261367,-959.5778544964943,-934.1844725928848,0.0,4,291,9779.0,94.0,3452.0,8,12,6,10
2920.485727651595,724.0662017960328,0.0003532790375316538,-915.7541377588889,-1148.565816872295,-878.893042724291,-791.8653131953606,0.0,4,327,11278.0,121.0,4388.0,8,11,5,10
3492.0681223070856,858.9916508616367,0.000321685902313281,-1043.5679186908978,-1423.040458436809,-1000.9702838421259,-941.0983724293862,0.0,4,366,13489.0,117.0,5222.0,9,11,3,10
3900.7940123881617,1002.9159049990184,0.00032462893316780684,-848.2138125553798,-1258.3774889140075,-833.2607073403897,-978.3803129694774,0.0,4,466,15253.0,136.0,5277.0,10,11,5,10
4778.142945791457,1245.3655671461827,0.00034230340754802237,-367.35557129019077,-513.3697800003023,-361.1957489799768,-426.0737471798007,0.0,4,779,19087.0,237.0,7235.0,10,10,4,9
4932.215827437101,1299.0758537068614,0.00026438248673299117,-490.8819783444351,-751.0845545812126,-476.8002669513707,-585.2539880781017,0.0,5,679,19435.0,192.0,8467.0,12,12,4,10
5288.654197530089,1393.8502486958466,0.00024484631926781944,-386.84785237707894,-556.5264530303107,-376.77949206545014,-479.22777024107097,0.0,5,854,21011.0,214.0,9148.0,14,12,5,10
5710.577309548776,1442.3951290590708,0.000307797732566979,-384.38182129766074,-474.2683508760797,-370.1538782915827,-442.0935286448358,0.0156252384185791,4,929,22730.0,233.0,9153.0,17,10,6,9
5934.885643731197,1697.2481066174935,0.00031831247015439866,-204.2533126304743,-340.80189360092743,-193.9979496179819,-324.0320057360447,0.0,4,1267,24236.0,297.0,12116.0,23,10,6,8
7421.673314101747,2107.599849354711,0.0003461808026948899,-156.0890733003336,-264.82350595441636,-148.37141983259318,-254.72186496291366,0.0,4,1744,30289.0,372.0,15063.0,25,10,19,8
8471.178789479853,2423.0348846195616,0.00034528441515314657,-86.72429292196347,-153.1704057113147,-82.39072204034635,-150.04634715985682,0.0,4,2595,34751.0,560.0,17341.0,28,10,28,8
8848.613639058569,2522.435362154995,0.0003480939157121327,-74.78239515285539,-131.7497351427226,-71.0145202256175,-128.86153136652163,0.0,4,3021,36195.0,650.0,18063.0,29,10,26,8
7714.2028461846485,2226.5413902508076,0.0002888366966412154,-31.767186469826434,-58.10496086668261,-30.30650953823297,-56.90361700501127,0.015623092651367188,4,3893,31518.0,832.0,15891.0,32,10,32,8
10918.865680077914,3169.096570462419,0.00030188130694940734,-14.00372821934513,-25.77101210009481,-13.644005843028463,-25.46764232699683,0.0,4,8253,45940.0,1826.0,22820.0,27,10,24,8
11920.102875499859,3366.2839474089724,0.00037651908245625343,-14.242821779309654,-24.512895552555484,-13.93456065554398,-24.29198208789907,0.01563549041748047,4,8882,51151.0,1994.0,24130.0,24,10,21,8
11574.99932550394,3235.5802512841497,0.0003832176112257836,-11.658352942938782,-19.352728363987612,-11.412288820010515,-19.181988672562433,0.0,4,9570,50332.0,2155.0,23234.0,24,10,21,8
12251.829824645924,3543.751406525294,0.0003387778435155146,-12.02232022466457,-21.445350443932867,-11.764529660004065,-21.24501832681831,0.0,4,10026,52859.0,2269.0,25660.0,24,10,21,8
12025.608132145195,3403.2749178793456,0.0003633615297271401,-9.831758130681532,-17.09056136343111,-9.634446883651716,-16.95271313795149,0.0,4,10929,52677.0,2466.0,24671.0,23,10,19,8
10808.984527254013,2968.6500263868534,0.0003854959866419226,-6.16657936886617,-9.965013579604681,-6.047660956448377,-9.888036461490984,0.0,4,12253,48557.0,2797.0,21140.0,22,10,19,8
12627.655909170817,3669.887688449516,0.00033084140358326323,-7.947492120915628,-14.159977637053512,-7.795663554554334,-14.044438990237088,0.0,4,12845,55961.0,3065.0,26762.0,22,10,19,8
10979.658959393199,3056.8984622216904,0.00038399425345813726,-5.050701154341344,-8.412098480888824,-4.9568605548693,-8.351475464846907,0.0,4,13565,50229.0,3203.0,21881.0,21,10,18,8
12252.743614952122,3484.918151238754,0.0003703524130123937,-6.015774701400341,-10.366219377103988,-5.906456127442971,-10.29100280432193,0.0,4,14261,55335.0,3390.0,25258.0,21,10,18,8
8278.102087863095,2801.94558521396,0.0004242965356106842,-0.6234117151177112,-2.4258910115625607,-0.6049748358861027,-2.4111232129599696,0.0,4,21469,42063.0,5394.0,18305.0,18,9,15,7
9088.160334215978,3595.611895943443,0.0004564703211933841,-0.398182506449265,-2.746084750984518,-0.3849163192285019,-2.7334360687654655,0.0,4,26217,52284.0,7120.0,29775.0,16,8,13,6
7585.913150235551,2802.1704050907874,0.00037458226755622196,0.16979791282885326,-0.8880299765043251,0.17773458493182404,-0.8814305478414111,0.0020215511322021484,4,28864,46786.0,8093.0,20587.0,15,9,12,6
12920.462149887157,5054.448133822327,0.0004896809365381723,-1.1588373320270136,-4.412038917774052,-1.1411999356194809,-4.395019395469584,0.00803065299987793,4,31028,76987.0,8932.0,43920.0,14,8,11,6
23634.22643734435,8403.502699147739,0.0005603909607260903,-4.697987865042598,-9.860209758254499,-4.659024085237712,-9.82025441731515,0.0,4,36463,127951.0,11379.0,73008.0,12,8,9,6
2815.5622514280635,719.7693568660264,0.0003031445857964378,-1264.4853561294779,-1651.502391094199,-1220.7503715959742,-1158.1780116951438,0.0,4,290,10841.0,91.0,3604.0,7,12,4,10
2974.72398404457,776.1614683814187,0.0003302807453657464,-1330.7113946788818,-2085.7055004893564,-1261.713756261453,-1235.5564976728351,0.0,4,293,11438.0,107.0,4822.0,8,12,3,10
4383.51198146722,1121.720395568046,0.0002178363105092994,-1542.30747472789,-2128.3066419290085,-1513.7571636269583,-1662.8370254951733,0.0,4,338,16960.0,109.0,5732.0,11,12,4,11
4884.668171517215,1280.0898650094844,0.00033638394987120464,-316.4065676412035,-451.55801161397414,-312.1540137249644,-395.18576548846,0.0,4,821,19578.0,227.0,7394.0,12,10,5,9
5080.87520641453,1378.861620475765,0.00024806413696816716,-566.975094748808,-862.3693939672052,-547.4618891604849,-686.4970857822753,0.0,5,661,20040.0,192.0,8866.0,12,12,4,10
5343.533515108082,1515.9995946019687,0.00032691172845997115,-301.0771615469573,-487.27399313548705,-290.6912838059731,-448.41204632891,0.0,4,901,21551.0,232.0,9908.0,13,10,7,8
5935.935178006916,1689.611367420528,0.0003434679546320614,-327.1675986467781,-514.95232877947,-311.3979285686833,-480.48724447429333,0.0156252384185791,4,1044,23985.0,240.0,12026.0,17,10,6,8
7314.715650089664,2090.6169942547263,0.0003407838452226523,-190.66310979181893,-321.68230576104764,-177.85560187586998,-312.11503899419495,0.0,4,1676,29627.0,366.0,14890.0,24,10,18,8
7794.957790670411,2226.162743938547,0.0003489297759365608,-144.6433333217265,-235.9021642857673,-135.8157312784978,-229.62828216098754,0.0,4,1968,31707.0,434.0,15916.0,26,10,26,8
8503.990236206766,2445.830584893402,0.00034315716450731334,-80.00197815478376,-144.74538062166883,-75.4520135044559,-141.40490008225296,0.0,4,2835,34655.0,603.0,17468.0,32,10,27,8
8136.802761988274,2353.7151550793055,0.0003124099383614996,-37.88287929937762,-70.02348715177403,-36.242440786629345,-68.6925225273472,0.0,4,3717,33550.0,816.0,16893.0,30,10,26,8
9569.827384915745,2744.217441199464,0.00032744533068124974,-37.224789951113834,-66.49765979827546,-35.79152389315003,-65.44056885160933,0.0,4,4455,39423.0,978.0,19654.0,30,10,30,8
10891.018336990654,3075.1272043472713,0.00038320073256521594,-32.12522044969112,-54.94886571578615,-31.196344670726653,-54.272186820049406,0.0,4,5414,45469.0,1190.0,22014.0,26,10,24,8
11028.459098320733,3150.946017005581,0.0003650006053802069,-29.811297838047203,-52.9599479153287,-28.899054424729986,-52.308760054736716,0.0,4,5625,45718.0,1240.0,22573.0,29,10,22,8
11558.800212572525,3316.6258079560316,0.00035720416438193554,-20.51011719959809,-36.574102115526394,-19.971336976903224,-36.1640351769751,0.0,4,7165,48504.0,1583.0,23819.0,27,10,21,8
11968.42755875502,3406.686790037597,0.00036965191839811827,-15.51987749234992,-27.783407518210367,-15.17300634494632,-27.528396633567482,0.0,4,8648,50959.0,1901.0,24511.0,25,10,21,8
11921.128829204892,3361.078186076109,0.00038279107218272556,-10.706515584412005,-18.243894541355985,-10.489260522073891,-18.089170241302913,0.0,4,10350,51919.0,2393.0,24181.0,23,10,19,8
12298.664552333858,3488.0563609384717,0.00037851215042006536,-7.461464972851912,-12.7580363501702,-7.320875647796802,-12.660506768904378,0.0,4,12923,54716.0,3066.0,25268.0,22,10,18,8
9448.081128484062,2591.9036681558982,0.0003923744532657332,-1.9842800927865958,-3.312801572052999,-1.9447035675123852,-3.289136849574054,0.0,4,17298,45573.0,4171.0,17591.0,19,9,16,8
8126.895573110928,2743.1691108703694,0.00043110903682545967,-0.9037844354503017,-3.0913722430882986,-0.8805628414593465,-3.071945541832882,0.0,4,18970,40211.0,4725.0,17492.0,19,9,16,7
8216.167931533939,2835.7335195236524,0.0004284037718574839,-0.3337523447407893,-1.8376920636646918,-0.3193949852400415,-1.826156037163504,0.0,4,23864,43788.0,6183.0,18755.0,17,9,14,7
25509.272377289595,8979.314238733194,0.0005845680981454255,-5.667963588485864,-11.403273082955081,-5.622444999000053,-11.358922663737241,0.01563239097595215,4,36389,135179.0,11475.0,77239.0,12,8,9,6
30305.822801862956,10406.325497724129,0.0005891294419957718,-7.948277045223918,-14.46663733578147,-7.890920878030871,-14.39517636250693,0.0,4,37310,155395.0,11741.0,88574.0,11,8,8,6
2491.7180192590013,672.8317258051972,0.0003423242200338234,-904.7319249973724,-1394.0440179986851,-869.3920834920451,-919.9647621566362,0.0,4,298,9617.0,99.0,4038.0,8,12,3,10
3049.610745311058,758.2315636839887,0.0003453472600299935,-805.3906744274398,-1070.6866245320846,-779.3009491287102,-712.7457996581793,0.0,4,381,11796.0,133.0,4698.0,9,11,4,10
4052.1074075233078,1090.7815401908179,0.0002815519749450764,-454.4155695756683,-803.4979144309069,-434.7472728369,-548.5420839777113,0.0,5,620,15923.0,182.0,6905.0,10,12,5,10
4257.305364634059,1129.3468233062101,0.00018518578209726877,-637.0070434456177,-1211.6875419669486,-572.220643093906,-681.9525530762487,0.0,7,536,16263.0,160.0,6611.0,10,14,7,13
4777.388954340292,1313.245834203418,0.00025497987487354504,-567.4975147511102,-979.0649669043478,-546.9936848326612,-704.0607931564363,0.0,5,627,18788.0,190.0,8330.0,11,12,4,10
5189.471350218329,1333.8504769039303,0.00027693578269141083,-521.7287231158765,-756.6027255196009,-508.0671382839645,-610.5999377616633,0.0,5,699,20428.0,187.0,8788.0,12,12,6,10
5448.597910423716,1437.8306246784277,0.00024619191997958095,-465.8085801868876,-666.5633897152877,-448.81319612074026,-590.7401532790284,0.0,5,791,21598.0,209.0,9459.0,13,12,9,10
5946.973067592174,1702.2650688372048,0.00033901171534408845,-250.60775098510166,-422.94139484003057,-239.54058083559508,-402.47949740269144,0.0,4,1136,24077.0,255.0,12119.0,25,10,15,8
6130.018576643956,1632.656835881319,0.00029131495297699596,-173.6771494642466,-253.62010251355215,-160.4565853483111,-243.26246254956382,0.0,4,1444,24742.0,320.0,9378.0,27,10,23,9
7061.64521449617,2018.2912791517483,0.0003188805964668184,-108.14416733164012,-185.19303522961292,-102.11476584465159,-180.22509855473325,0.0,4,2037,28895.0,459.0,14463.0,28,10,28,8
7998.06838659602,2282.817258436747,0.0003426368239989096,-98.72470397991303,-166.94862981435503,-93.15056608856801,-163.12888869933516,0.0,4,2396,32734.0,490.0,16361.0,29,10,26,8
6645.244950181796,1783.7224040145186,0.00028565700695910894,-59.99577340051699,-95.75265347067011,-56.300981313028245,-93.2922377347164,0.0,4,2608,26824.0,570.0,10184.0,35,10,33,9
6946.907037338031,1808.9282940229186,0.00025404766912384783,-37.99533564841462,-55.63283479597419,-36.04741630678372,-54.35263187015342,0.0,4,3182,28240.0,701.0,11024.0,35,10,29,9
10646.455623038746,2987.765274136061,0.00037598730714156754,-29.52348966427832,-51.10303021387715,-28.6590127397488,-50.472977761714716,0.0,4,5446,44698.0,1146.0,21425.0,27,10,23,8
10012.852975987913,2926.9479393360134,0.0002905733798387338,-12.460581089339852,-23.42115956320188,-12.134794011507605,-23.14129550613233,0.0,4,7922,42258.0,1790.0,21121.0,26,10,21,8
12910.640571588616,3788.7184604977797,0.00033352624605240074,-9.24696556044403,-17.03654286989579,-9.066833805716081,-16.891845260177984,0.0,4,12309,56335.0,2900.0,27606.0,23,10,20,8
12178.687918518426,3473.260184970311,0.0003672565808158971,-5.78367238063272,-9.853515618554763,-5.680325950419918,-9.78302233160568,0.0,4,14588,55314.0,3527.0,25381.0,21,10,18,8
13055.089555099446,3921.134218883613,0.0003016573052548577,-6.36246107103978,-12.20720290047455,-6.244039722720511,-12.106415472355284,0.0,4,15103,57246.0,3580.0,28580.0,22,10,19,8
8081.217731954139,2732.6108661559065,0.00042136553930898255,-0.9727662619698125,-3.3328981942257556,-0.9480664364120266,-3.3115068778462744,0.0,4,18357,39193.0,4481.0,17484.0,19,9,16,7
8181.723563452263,2638.3781891059516,0.00038667247374899366,-0.7745901487442335,-2.4474350503271327,-0.7531352858005278,-2.4305022609874336,0.0,4,19928,41160.0,5024.0,16203.0,18,9,15,6
10404.728558949371,4120.153891998453,0.00047215502111164074,-0.6735158165833022,-3.497555759614718,-0.6583571257372769,-3.4823638507578005,0.015624761581420898,4,27764,60954.0,7554.0,34738.0,15,8,12,6
8912.615513510424,3624.3484040813,0.00043852123312210136,-0.18419820685821797,-2.290752094378426,-0.17346879144079885,-2.279776972993721,0.0,4,28458,54553.0,8020.0,30996.0,15,8,12,6
38844.96553273774,13064.945217706298,0.0006648751195531897,-13.490700834732882,-22.94644710081339,-13.401628846706075,-22.800281164647128,0.0,4,37642,188364.0,12176.0,107673.0,11,8,8,6
2757.9122198685004,689.3439136236716,0.0003526447288599499,-779.0717967620185,-996.8294014660539,-754.8425592544605,-713.730023621846,0.0,4,329,10679.0,115.0,4177.0,7,11,5,10
3285.038156171097,840.8141206097021,0.0003082962986770802,-1302.1937359739843,-2076.918885707807,-1246.5283401067134,-1341.0265166495294,0.0,4,315,12619.0,102.0,5251.0,9,12,5,10
3521.683837931484,898.9537638639806,0.00018649147597524227,-664.9458521364987,-1555.8502882031983,-500.14602631461906,-543.8324061751077,0.0,8,503,13311.0,151.0,4312.0,9,16,5,15
4076.338799758512,1115.332344901435,0.0003305912973761452,-782.2666415336803,-1142.9264232260996,-766.1656415974436,-872.6346819790984,0.0,4,468,16000.0,161.0,7188.0,8,11,4,9
4317.394097797759,1121.2287758267425,0.00019049818672833084,-594.7876727244217,-1136.1865103594382,-540.9813288736983,-632.3003146694736,0.0,7,559,16557.0,178.0,6608.0,11,14,6,13
4605.093315244031,1165.3616335035683,0.0003064356951687412,-368.7847904895633,-554.8675915191623,-357.98053082648835,-411.43117312674855,0.0,5,736,18164.0,223.0,7217.0,11,11,6,10
4701.490519652569,1171.8479223822046,0.00021543319319167103,-553.0658116656699,-828.0263559277332,-520.9998679736373,-554.9939183409041,0.0,6,632,18268.0,179.0,6659.0,10,13,4,12
5128.306029203665,1341.9365981048932,0.00032397935326967806,-276.92805595771284,-382.5898463025673,-270.9068719208503,-348.9307926237878,0.0,4,934,20672.0,232.0,7847.0,15,10,6,9
6080.396265012942,1537.5499754750522,0.0002874499322733261,-226.80264766737878,-296.6059462244189,-210.69003246889966,-285.3805429806242,0.0,4,1312,24396.0,286.0,9901.0,23,10,25,9
10572.636533070485,3059.3024923311086,0.000321976603606237,-19.60689892209588,-36.34842842641238,-19.027559994089305,-35.87524715353623,0.0,4,6703,44078.0,1509.0,21987.0,28,10,25,8
11856.13259210889,3342.7344797460855,0.0003807708524208539,-10.109151866943662,-17.17562679494932,-9.90772806143645,-17.042512025196068,0.0,4,10732,51745.0,2415.0,24020.0,23,10,19,8
12328.911110762512,3489.8901815338927,0.0003889884657593741,-9.099701692547878,-15.45243483237535,-8.923102405192989,-15.333900389124498,0.015624046325683594,4,11693,53983.0,2729.0,25115.0,23,10,20,8
12460.791557086839,3589.905765650402,0.0003774345459745891,-5.886821512383483,-10.206911736313314,-5.783540811822457,-10.134650258451927,0.0,4,14859,56706.0,3626.0,26269.0,21,10,17,8
12380.094976833443,3587.6528059791403,0.00034779773773436606,-4.952145545789831,-8.602516634569055,-4.866459373890491,-8.543500749429262,0.0,4,15881,57526.0,4008.0,26588.0,21,10,17,8
12945.616317245516,3828.131003396653,0.0003273397716349347,-4.877966772755193,-9.01930627066429,-4.794884382503689,-8.956513478877408,0.0,4,17032,59968.0,4133.0,28536.0,21,10,17,8
8707.415499278952,2571.784511368841,0.00042179815088743365,-1.2842789001856576,-2.794698761176661,-1.2556802459207965,-2.7760193270967792,0.0,4,18435,41911.0,4534.0,16017.0,19,9,16,6
8167.533940343723,2814.922645473584,0.0004497852812443116,-0.6444282237888976,-2.5808671885948975,-0.6259581756299595,-2.5660092643630033,0.0,4,20901,41374.0,5361.0,19021.0,17,9,14,6
8180.24939450198,2805.0407026904263,0.00042167725790267396,-0.5672864739827979,-2.346804314970623,-0.5497621872934975,-2.332803641339464,0.0,4,21726,41991.0,5531.0,18180.0,18,9,15,6
10716.838232329379,4171.800384476308,0.0004842898886073658,-0.9877460000382055,-4.181010475365315,-0.9694040478934378,-4.163085210897239,0.0,4,25931,60734.0,7093.0,34638.0,15,8,12,6
2489.095478699709,669.0783306160797,0.00033030222649104525,-938.0946733505292,-1488.84192181747,-888.9351205294756,-948.7669225623337,0.0,4,298,9588.0,99.0,3869.0,8,12,3,10
2752.4082996380944,732.9239316486626,0.0003117173622451956,-961.0773876034145,-1341.7779893703446,-937.9316394786298,-1019.7092646382075,0.0,4,308,10644.0,109.0,4161.0,9,12,5,10
3134.0370796572693,785.0073049023174,0.00027332652828368324,-2162.8438280615806,-3216.9030702815544,-2048.2833507289024,-1869.1158036790505,0.0,4,243,11990.0,90.0,4410.0,7,12,3,11
3373.866959501614,828.0219841586334,0.00034392709770781054,-1103.4101230814438,-1508.9349574106839,-1063.41903958686,-1007.6554465383748,0.0,4,345,13019.0,110.0,5108.0,8,11,3,10
3455.4050127421146,861.5254034753319,0.00030522374275111205,-932.3430833955346,-1137.3902878380295,-912.9403037730634,-863.2108181692921,0.0,4,378,13351.0,128.0,5359.0,8,11,5,10
3592.4346201427243,946.9691354412038,0.00019495031352383016,-545.8074772093474,-1457.081665365488,-435.2597169619328,-528.0247837582607,0.0,8,528,13634.0,159.0,4982.0,11,16,6,14
4196.689758168429,1077.308087684054,0.00029987425858677303,-439.5539397245282,-679.0582243917338,-422.9491439854777,-469.5145226827515,0.015625,5,653,16484.0,191.0,6942.0,12,12,4,10
4203.442883270412,1114.8049623887878,0.00030010641591987045,-734.7171537469052,-1027.0751204471862,-722.0970497036365,-828.8270289639962,0.0,4,484,16514.0,163.0,6216.0,9,11,5,9
5063.068564043995,1302.764570563611,0.0002855296993258132,-579.8802092559208,-902.7839636121264,-562.4356596321894,-670.803763317653,0.0,5,639,19874.0,190.0,8573.0,13,12,3,10
6166.0130402473205,1746.0173252290483,0.0003529055763281931,-200.29701494491366,-343.6466621230919,-195.18959199624956,-323.68302912425406,0.0,4,1234,25134.0,311.0,12460.0,18,10,7,8
5795.970475252613,1648.5722958315578,0.0003316003712045164,-250.2561646281777,-381.7756406404513,-240.7104629999653,-357.78189602034365,0.0,4,1165,23591.0,287.0,11769.0,16,10,5,8
6194.3662618073095,1764.7739409057467,0.0003309448693421726,-210.61612176611948,-333.8026961227882,-197.9273928185428,-319.52767591966784,0.0,4,1350,25299.0,326.0,12648.0,21,10,11,8
6037.205622567999,1574.305981350724,0.0002845410998022485,-170.92922079481633,-229.5922771640957,-160.10763717385254,-222.15155281590927,0.0,4,1394,24438.0,317.0,9412.0,24,10,12,9
8280.47343969031,2369.149423228373,0.0003692308394566134,-149.6499828486906,-251.78311334035814,-140.66146570900247,-245.09407312210124,0.0,4,2056,33684.0,467.0,16895.0,29,10,24,8
10687.500711013621,3031.966277915483,0.00036696502473501354,-28.850602047423045,-51.251979682189244,-27.988195208894787,-50.60739661010756,0.0,4,5524,44679.0,1180.0,21745.0,25,10,22,8
10777.914321174729,3089.4956303578097,0.00033863560095970474,-21.562308616444437,-38.75435281096019,-20.96683141782077,-38.30757636898696,0.0,4,6520,45199.0,1424.0,22213.0,26,10,25,8
11316.577149253215,3244.6456037216144,0.000352265017479892,-21.767455582693753,-39.3810572744319,-21.179970914009278,-38.92715019273522,0.0,4,6822,47288.0,1499.0,23248.0,28,10,22,8
11725.278321590067,3301.2301037517313,0.0003900575961859595,-18.833629791923624,-32.47986207715262,-18.383568420246,-32.15443773265179,0.0,4,7597,49507.0,1685.0,23574.0,26,10,22,8
12238.37705658584,3509.0488042226866,0.0003513204670754833,-7.071970264457002,-12.324292786442637,-6.940309574010348,-12.23102281606555,0.0,4,13136,54844.0,3147.0,25597.0,23,10,19,8
10702.748361499645,2978.0175697657214,0.00038616736167485665,-3.9754159576137287,-6.607077817878549,-3.9032571127622493,-6.5611286381140355,0.0,4,14870,49779.0,3506.0,21440.0,21,10,17,8
8880.492643053838,2450.4786798535233,0.00041622173154642726,-2.198263952680368,-3.7568196133988048,-2.153917996529276,-3.7297547238476865,0.0,4,15554,41738.0,3728.0,15179.0,19,9,17,8
8101.352555540751,2828.6777203904535,0.00043742981334840764,-0.5091972913341973,-2.3513410145940465,-0.4927580807279275,-2.337757202034536,0.0,4,21706,41827.0,5562.0,19499.0,17,9,14,6
8859.140723239849,3455.8515834258083,0.0004628731252595739,-0.5240269291045601,-3.0328791055120368,-0.5089189160548033,-3.017872600428924,0.0,4,24305,49534.0,6428.0,28191.0,16,8,13,6
8488.1440728868,3443.880844459247,0.0004495810871319384,-0.10885058162966099,-2.089468272553588,-0.09855781938391961,-2.0794673369539405,0.0,4,28133,50685.0,7720.0,28837.0,15,8,12,6
14814.54707338646,5655.721919179136,0.0005363952491425308,-1.9293895885135033,-5.934206770679618,-1.9060515907842341,-5.912946876951636,0.0,4,30517,84882.0,8719.0,48532.0,14,8,11,6
14534.352894521999,5581.890412119954,0.0005270390295305374,-1.68276911649665,-5.363877450139765,-1.6615318649871313,-5.3454003490831905,0.0,4,31365,84927.0,9178.0,48528.0,14,8,11,6
22413.017447084927,8046.121104814005,0.0005859876351593622,-4.832309285231507,-10.67739699056088,-4.790687812954138,-10.634608754622528,0.0,4,33377,119631.0,9896.0,68459.0,13,8,10,6
25933.020344284687,9119.254358910053,0.0006020087269035614,-6.082905863495075,-12.293923224280267,-6.034664436308462,-12.243871074510881,0.0,4,35637,136049.0,10975.0,77842.0,12,8,9,6
3506.935068249292,892.4085562397976,0.00033997286562429904,-730.372917008807,-1033.7259095597935,-709.0036150100094,-729.935894553039,0.0,4,445,13722.0,137.0,4790.0,9,11,3,10
3759.6529483007694,1031.3620040186343,0.00031927286147534955,-674.9481083342881,-1047.6389735347034,-660.297661780254,-809.8997788915608,0.0,4,484,14765.0,166.0,6183.0,9,11,5,9
4046.5508730380625,1010.3515556267763,0.00023442502729954356,-652.6220017267532,-1214.7821836467565,-582.1429728473651,-577.852222158077,0.0156252384185791,6,543,15623.0,182.0,5737.0,9,13,5,12
4471.308045986684,1146.5399940232076,0.0002903595029661228,-420.5957069923884,-663.3408545243057,-405.27362688973335,-480.4046744536578,0.0,5,715,17593.0,200.0,7420.0,12,12,5,10
4962.063319367929,1418.9813908223039,0.0003593012759716493,-266.09793580620754,-472.74360315001024,-261.337602816493,-417.0783501804623,0.015624523162841797,4,872,20091.0,224.0,9997.0,10,10,7,8
5323.76989992697,1343.804583224338,0.00028428800118715026,-412.8895413731995,-587.5540586521527,-402.2962981966523,-490.9948943261625,0.0,5,815,20989.0,216.0,8612.0,13,12,6,10
5107.484805818483,1421.9841148608753,0.00033069871510321756,-269.90556248996324,-407.9076746328844,-262.4628022840284,-377.18555233538325,0.0,4,951,20675.0,244.0,8937.0,18,10,5,8
5638.064291787859,1604.95733653058,0.00033988877987090754,-232.26896314774982,-382.3249992915408,-222.6176303830341,-359.25159298098896,0.0,4,1130,22968.0,264.0,11461.0,17,10,8,8
6153.248302048818,1755.653231943408,0.0003452823019195448,-207.7719456247428,-355.7136071572358,-198.71489644450978,-340.2971185498401,0.0,4,1280,24979.0,282.0,12528.0,24,10,23,8
6301.926733316037,1583.8577410076955,0.0002925661557317038,-314.076387973538,-393.1617515109362,-280.54515330697615,-373.8186777793543,0.015628814697265625,4,1247,25119.0,279.0,10337.0,27,11,17,9
7659.25297570418,2195.2181459557346,0.0003438072450730847,-129.30374825139305,-220.33721699353316,-120.62610805456671,-214.22393420215838,0.0,4,2041,31106.0,457.0,15645.0,35,10,19,8
8439.364515594958,2425.6070202459973,0.00032595575265183035,-47.30526079970874,-83.8968822667193,-45.19930903660907,-82.30309708088915,0.0,4,3470,34567.0,739.0,17348.0,31,10,27,8
9983.189447349312,2843.215788650825,0.00036893878097576596,-51.4868153397718,-88.95433691624771,-49.440564283745644,-87.55102512787407,0.0,4,3910,40986.0,860.0,20305.0,30,10,28,8
9505.252684371415,2730.043179222019,0.00033623533357552977,-37.54182693939231,-68.00453547447042,-36.11176312071557,-66.90522154202664,0.0,4,4341,39132.0,967.0,19546.0,30,10,28,8
11504.029860951625,3279.8573695487635,0.00039242551586090457,-28.93004599607958,-52.32549709594911,-28.085732082426038,-51.69329366997047,0.0,4,5940,47586.0,1308.0,23412.0,28,10,24,8
11233.540280765603,3187.671568912017,0.0003684379577671322,-19.242285525533138,-34.263951823043826,-18.74643431437533,-33.88044038444545,0.0,4,7325,47560.0,1603.0,22973.0,26,10,22,8
11199.265375833065,3231.845254649424,0.000338047694792834,-17.16099484568452,-31.179952746931797,-16.73923810679589,-30.859107680880825,0.0,4,7712,47135.0,1688.0,23240.0,27,10,21,8
11159.607302958739,3125.6734157751243,0.00038237348121592353,-10.199261499078647,-17.517546435269974,-9.989210740691819,-17.371285859493906,0.0,4,9886,48918.0,2165.0,22516.0,24,10,19,8
12336.28499885264,3543.6554455345495,0.0003635760250027408,-12.245102531041125,-21.871237485683505,-11.989905156811252,-21.679605133058597,0.0,4,10115,52942.0,2229.0,25566.0,24,10,19,8
12692.483157693507,3683.4554132295398,0.00035597439365610956,-8.978197528293848,-16.41730820971398,-8.805439656027394,-16.2850405354187,0.0,4,12193,55572.0,2806.0,26722.0,23,10,19,8
9395.63336021491,2598.3798598036688,0.00038545515696107287,-1.8183083178319328,-3.072569568635566,-1.7823723806653367,-3.0516430133647585,0.0,4,18013,46025.0,4460.0,18010.0,19,9,16,8
8381.062656370013,2569.1866619937655,0.00039346051547857117,-0.808940954453542,-2.1577018149304057,-0.7875492285804075,-2.1433515212578875,0.0,4,20344,42433.0,5133.0,16132.0,18,9,15,6
8111.403894235366,2796.05315392668,0.000395226279174405,-0.5234701456495854,-2.2895115472427263,-0.5061227702428568,-2.2750946143532977,0.0,4,21863,41501.0,5636.0,18458.0,17,9,15,7
8143.889986645408,2840.04493985864,0.0004169557515894163,-0.34195148399899944,-1.9237323470088947,-0.32765441228746695,-1.9121812077893505,0.0,4,23601,43035.0,6319.0,18547.0,17,9,14,6
8140.247894976335,2843.5052513725614,0.0004101573909246332,-0.28719893740172564,-1.7430290192965558,-0.27370998605947094,-1.7323817018196164,0.0,4,24200,43537.0,6542.0,19104.0,17,9,14,7
8842.449264179202,3525.1755467517737,0.0004605391248108956,-0.3273938250370103,-2.6339560149250922,-0.3149992223381466,-2.6217062086044245,0.0,4,26402,51637.0,7103.0,29399.0,15,8,13,6
11561.655861528516,4601.843207482193,0.0004908015149872,-0.7816579014807352,-3.560128226051524,-0.7667114807968374,-3.546579115658953,0.0,4,30631,70801.0,8820.0,40368.0,14,8,11,6
13011.803954326753,5104.00565324269,0.0005038051022968524,-1.1231068464177407,-4.255425698244515,-1.1060479916773582,-4.240124644048177,0.0,4,31791,78570.0,9270.0,44830.0,14,8,11,6
15813.368813417546,5994.69785345072,0.0005158612909408,-1.7697454706576,-5.126497931025708,-1.7488140079932744,-5.108029850465314,0.0,4,34413,94412.0,10424.0,53843.0,13,8,10,6
2755.2568316462502,684.1940361963606,0.00036747415530401147,-674.8330745445114,-842.9274093027077,-650.238054054085,-585.7658370191444,0.0,4,388,10715.0,127.0,3970.0,8,11,5,10
2834.240607802497,715.0042467822598,0.00027712506362691344,-1397.218172902912,-2059.724070619573,-1344.1891609153035,-1407.647573638142,0.015624761581420898,4,266,10882.0,79.0,4007.0,8,12,4,11
3123.7984490040326,786.0872380552513,0.00036174802540034476,-667.8213033737386,-822.0060545415998,-653.1451886382433,-630.4561072535575,0.0,4,400,12228.0,132.0,4325.0,9,11,5,10
3303.827847802707,862.5128561843779,0.00027167746290387876,-1379.620884587838,-2205.618907537602,-1338.1394939599368,-1485.5279601089946,0.0,4,294,12753.0,102.0,4643.0,9,12,5,10
4172.809615140682,1086.9345789638714,0.000299209602311032,-516.0177699049912,-783.6412295486832,-492.633699656633,-536.033473720082,0.0,5,597,16340.0,186.0,6993.0,9,12,4,10
4789.103226988326,1238.3784045745738,0.0003376612222476855,-293.62367932206587,-422.21783465765174,-289.8122535159706,-370.0662537373152,0.0,4,840,19192.0,229.0,7364.0,11,10,6,9
4899.971265859627,1394.033868700231,0.0003727793715483371,-318.2059227923321,-530.3701524434964,-312.8664047226239,-462.78011589001414,0.0,4,852,19789.0,245.0,9852.0,13,10,7,8
5062.1543052860725,1321.9831952112904,0.0002539939515392337,-366.8815369303245,-561.1784097032408,-357.2577845774561,-469.4495263875003,0.0,5,803,20087.0,212.0,8645.0,13,12,7,10
5239.729289882255,1399.9153992295392,0.00032489888422298867,-341.44728828491,-512.2411847903641,-332.2258360309035,-457.8601741420941,0.0,4,855,21008.0,220.0,7910.0,13,10,4,8
5942.577469344987,1678.3877680679159,0.00036044675807615924,-253.20275399702626,-394.7623472058416,-246.41194239546428,-369.3378546458343,0.015625953674316406,4,1098,24128.0,282.0,11990.0,11,10,5,8
6261.211050820493,1808.5056071934087,0.0003114762993819597,-125.80432652264548,-217.9958748407073,-116.24828515256011,-211.00751168198175,0.0,4,1746,25506.0,380.0,12864.0,33,10,24,8
8624.5297311409,2447.2852604127156,0.0003734635933856185,-113.96409314020215,-191.04771902229083,-108.33052930953752,-186.5316415210756,0.0156252384185791,4,2339,35238.0,519.0,17490.0,28,10,24,8
9365.727109609092,2672.174966592445,0.0003438482464581696,-37.42754106074744,-67.20705185477841,-36.08189558177524,-66.14611134903087,0.0,4,4397,38786.0,948.0,19200.0,28,10,23,8
9076.434425202442,2620.6419855956415,0.0003160273392704441,-26.767521892153244,-48.69086370656241,-25.83113057513515,-47.952608248771156,0.0,4,5062,37459.0,1110.0,18798.0,29,10,25,8
11046.083849793404,3164.2618873390784,0.00035812274490912527,-21.354605568778396,-38.125455332988814,-20.79472128487709,-37.70779030705831,0.0,4,6654,46422.0,1467.0,22739.0,26,10,21,8
11648.131620564733,3286.4468655373084,0.00038199763519303415,-18.554928585805655,-32.067998741170015,-18.10285113345742,-31.750483649932264,0.0,4,7536,49223.0,1651.0,23539.0,27,10,23,8
11759.580661457845,3329.858181727364,0.0003796724553934581,-10.511601288680442,-17.960110400121355,-10.302172395955207,-17.81592957854989,0.0,4,10359,51368.0,2398.0,24080.0,23,10,19,8
11647.665015912702,3287.250126752349,0.00036937601739509446,-9.44030608374175,-15.848297574207447,-9.251794727205338,-15.717633143299373,0.0,4,10663,51277.0,2451.0,23822.0,22,10,18,8
9048.313465088397,2435.7347732084186,0.0004259411811229926,-3.112483106460428,-4.967070932380532,-3.052067495548612,-4.9323543396382075,0.0,4,13520,41850.0,3211.0,16020.0,20,9,17,8
8913.208381736062,2416.3042997002676,0.00043593513284267835,-2.6560209735363816,-4.300984515232723,-2.6042642144754535,-4.271921632949751,0.0,4,14540,41319.0,3439.0,15335.0,21,9,16,8
10564.727199112463,2920.36244004918,0.0003863613342961264,-3.9092991616960866,-6.34590619811615,-3.837497026251582,-6.302319064793803,0.0,4,14745,48790.0,3527.0,20723.0,20,10,17,8
7988.791192586648,2702.844217594372,0.0004429961445061902,-0.8547997903597377,-2.9615416873989253,-0.8329784216956253,-2.943527296267075,0.0,4,18956,39899.0,4791.0,17365.0,19,9,15,6
8490.671451535307,3221.234961483458,0.0004720119998969414,-0.724967829735436,-3.515972380945553,-0.706808720410727,-3.497907270008601,0.0,4,21459,44852.0,5438.0,25535.0,17,8,13,6
7957.094662548008,2764.7712156704756,0.0004188128109985897,-0.36177671138129375,-1.927393997533021,-0.3472734463183067,-1.915810039992325,0.0,4,22823,42530.0,5947.0,18330.0,17,9,14,7
7948.97561730965,2818.8590001097964,0.00041973510120791994,-0.2633037697999594,-1.839368736332745,-0.2501782229777705,-1.828104578162523,0.015625,4,23849,42957.0,6315.0,19722.0,17,9,13,6
10279.53268230938,4120.683384110375,0.0004805965620280649,-0.6027667061774209,-3.2983386819668645,-0.5886383994256701,-3.284200300051623,0.0,4,28307,61827.0,7895.0,35224.0,14,8,11,6
11566.569249709843,4563.138196232574,0.0004928684447349816,-0.955625151151589,-4.011953562859336,-0.9388860047851157,-3.9951520039257655,0.0,4,29001,68558.0,8231.0,39087.0,14,8,11,6
12087.975387066825,4826.113648466711,0.0004727406601035802,-0.6788225374593524,-3.171967964707367,-0.6655315615453836,-3.160112361485366,0.0,4,33612,77593.0,10150.0,44146.0,13,8,10,6
23912.783138243583,8493.534109348515,0.0006043927934599291,-5.3175030274732125,-11.170557999966396,-5.273852255223945,-11.126967907943701,0.0,4,34473,126812.0,10445.0,72591.0,12,8,10,6
29142.762924881255,10060.383579706757,0.0006033723382827286,-7.518791764999786,-13.93779069060214,-7.463768611527518,-13.870322586771078,0.0,4,36649,150207.0,11512.0,85744.0,11,8,9,6
2762.188317635735,699.869087460886,0.00035774793611762184,-1181.2371485467502,-2021.588733742318,-1105.782958735739,-1074.8306717305757,0.0,4,277,10591.0,108.0,4325.0,7,12,3,10
2737.668172155518,738.6219079587787,0.00030909169856345296,-1038.3272714521133,-1856.3651677423932,-997.6558863047226,-1151.3988955238526,0.0,4,288,10570.0,104.0,4301.0,9,12,4,10
4102.171836551432,1047.7373341045911,0.00020700935382039442,-572.9690215704182,-1020.9264836647692,-525.6384788817176,-592.8579976727683,0.0,6,529,15832.0,176.0,6217.0,11,13,4,12
4274.854043794324,1078.963726639712,0.00023767361199870653,-541.2759325318402,-972.0347383293059,-502.92965941240703,-603.5515123939605,0.0,6,587,16628.0,162.0,5829.0,10,13,4,12
4438.725254137772,1114.1207729749021,0.0002029198947587079,-689.6480242185594,-1168.6626473286371,-612.8436395931366,-648.921688587613,0.0,7,586,17003.0,160.0,6482.0,9,14,3,13
4346.639621592754,1133.6379104846096,0.00013275573356451423,-895.5980460098253,-1794.1445664425337,-722.0259267669551,-854.8815397239281,0.013011455535888672,9,506,16198.0,136.0,5732.0,13,17,4,16
4722.0022927389155,1198.9485525154728,0.0003130289262638362,-393.4150511118185,-555.7844419836256,-381.5565291870125,-421.3275677552302,0.0,5,758,18658.0,224.0,7298.0,11,11,6,10
5985.4753379187305,1689.0544044671858,0.00037114826884484555,-302.41279911629925,-506.3512889265831,-294.96984883658934,-453.0328440120464,0.0,4,1007,24163.0,278.0,11997.0,17,10,4,8
6179.219336143253,1748.315206849154,0.00037305782679899726,-250.89845844965478,-407.8708394200186,-244.00922628929348,-373.7443338335302,0.0,4,1216,25122.0,282.0,12481.0,15,10,4,8
6281.310684615645,1795.0883392839846,0.0003502793959382699,-245.18322718889573,-418.9981311231302,-233.4554156826723,-397.2169034209764,0.0,4,1242,25446.0,270.0,12786.0,21,10,17,8
7289.428038261987,2081.5899171867,0.0003703954695284413,-228.95670955885734,-382.0059458883988,-214.99288913506078,-366.3766657289635,0.0156252384185791,4,1480,29450.0,332.0,14818.0,31,10,19,8
7343.344929963229,2090.233591910244,0.0003448358242499923,-124.05144133890103,-213.13256621419345,-117.49456394614438,-207.73081173636805,0.0,4,1894,29990.0,406.0,14934.0,28,10,18,8
7371.678555740657,2110.8182334306603,0.000342224592357299,-142.61273370136632,-255.47287306506,-133.14108755206797,-247.3616121952046,0.0,4,1910,29921.0,399.0,15030.0,32,10,22,8
7720.506902615484,2204.9104502791038,0.0003344812748380815,-103.5308001697836,-174.91349554372894,-97.54753463311872,-170.24602387165223,0.0,4,2207,31577.0,490.0,15761.0,25,10,23,8
9659.862421919717,2751.8401362391432,0.0003643748683820005,-50.84097125063708,-91.35415085907077,-48.806642320255506,-89.82442622381934,0.0,4,3757,39760.0,822.0,19686.0,30,10,25,8
9986.943063841742,2751.397366566669,0.0004127619119864351,-3.1334434025052404,-5.171411739746431,-3.0748831603467828,-5.135936684631996,0.0,4,15435,46417.0,3703.0,19067.0,20,10,16,8
8261.821348200609,2479.3321345340833,0.00042643763075920344,-1.3977359849125488,-3.229592661656608,-1.366653599092475,-3.207205197953817,0.0,4,16982,39697.0,4049.0,15449.0,20,9,16,6
9321.836432761876,2570.946457532712,0.00039676297662117585,-1.741283022909475,-2.936989010972952,-1.7063042011352954,-2.9167306612957824,0.0,4,18210,45372.0,4445.0,17410.0,19,9,16,8
7998.753102697737,2690.7345593257614,0.00044023769579922917,-0.8535653617096839,-2.9254219133721144,-0.8317666696816466,-2.9075711160156468,0.0,4,19195,39849.0,4686.0,17232.0,18,9,16,7
7808.309226661471,2910.668569389743,0.0004571894921885716,-0.6474274882054785,-3.209311657007495,-0.6291293409623415,-3.1913907938142305,0.0,4,19840,39870.0,5086.0,22673.0,17,8,14,6
7859.354592750179,2955.988827434344,0.00045597151125820954,-0.5430218210819646,-3.0019504883846633,-0.5261363437203663,-2.9855369062185,0.0,4,20845,40830.0,5304.0,23210.0,17,8,14,6
7884.612290985947,2738.1561238054583,0.00039342580256126667,-0.38498981512024955,-2.053166053674207,-0.3696037849600313,-2.0401522224805095,0.0,4,22306,41595.0,5636.0,18593.0,17,9,15,7
10760.675037395036,4157.567955197284,0.0005058315168646418,-1.1426881849686232,-4.597492852961267,-1.122635224277888,-4.577675701384346,0.0,4,24878,59911.0,6639.0,34195.0,15,8,13,6
15890.62992772785,5988.264538871007,0.0005408519473497706,-2.2846870816476565,-6.531989616568726,-2.258858118844815,-6.507570342965976,0.0,4,30871,90381.0,8982.0,51653.0,13,8,10,6
26992.443799144974,9471.000428391044,0.0006350038822202123,-6.921376173684607,-13.902314394558132,-6.868043101648739,-13.8491523828143,0.0,4,34960,139212.0,10562.0,79787.0,12,8,9,6
26412.9328314827,9263.045443341874,0.0006088351003007862,-6.30966187868869,-12.624949145672398,-6.260265282867837,-12.572153006971078,0.0,4,35746,138178.0,10986.0,79025.0,12,8,9,6
2624.7623940082653,697.2661122197177,0.00031978462270510345,-910.4794186331492,-1458.4237292110458,-883.5126137150542,-1005.9670009035525,0.0,4,305,10160.0,103.0,3914.0,8,12,4,10
2877.365758525206,791.1247662874254,0.00039065202569963265,-550.6153629643693,-942.0257540852466,-531.938494460676,-625.6061074470759,0.0,4,426,11300.0,153.0,4948.0,8,11,4,9
3225.2700920491397,802.9558155133236,0.0003413401964111554,-1329.3806180294314,-2045.9065941958838,-1258.739882543877,-1186.3239271808725,0.0,4,294,12380.0,117.0,5031.0,8,11,3,10
3810.3602807018133,1043.3155233437294,0.0003471946454025619,-770.4585986238777,-1208.232247549425,-752.0860236273918,-884.9211908784706,0.0,4,457,14962.0,146.0,6718.0,9,11,4,9
4141.407652447414,1020.9307793626364,0.00030082323857996533,-960.1930406835783,-1166.6010065901435,-937.2853974015231,-903.3282702726005,0.0,4,431,16112.0,127.0,5970.0,10,11,5,10
4220.44329351195,1101.8779471505302,0.00033465574835903544,-679.3597863018861,-907.83336686457,-665.1204497623584,-714.8716431279447,0.0,4,493,16588.0,169.0,7272.0,9,11,5,9
4319.437488962264,1113.9983558525144,0.0002961884391681392,-429.98271114700754,-662.515656306066,-416.09027728794393,-474.9930852891853,0.0,5,647,17002.0,200.0,7227.0,12,12,5,10
4629.324069856203,1279.9459664701997,0.0003596917513752733,-287.83444949248684,-456.45931483056796,-284.0187717705218,-405.13347506620556,0.0,4,834,18678.0,232.0,7909.0,12,10,5,8
6278.02653108443,1780.8890979414373,0.00035301729254178177,-246.30469384983286,-422.9475568475703,-235.07339846258807,-399.224265730849,0.0,4,1258,25490.0,292.0,12711.0,20,10,5,8
6033.547445843946,1541.9592312487816,0.0002662387336862819,-349.7968694531129,-454.99279611637553,-320.99634793472467,-431.5788880386101,0.0,4,1069,24073.0,233.0,10425.0,30,11,12,9
6384.623801237888,1615.0181468278718,0.00028744510028969506,-178.35373576912176,-236.31333907172683,-162.2473275650741,-227.3736763639438,0.0,4,1591,25485.0,354.0,10359.0,33,10,30,9
8942.721612201361,2524.4336142819575,0.0003916996500371199,-87.73288223972526,-149.08963229710668,-84.29090982949685,-146.31392575725494,0.0,4,2682,36843.0,576.0,18065.0,24,10,23,8
6607.304217366817,1914.5896535985632,0.0002978713826529912,-64.65323214037286,-114.73479173894953,-60.43765617132701,-111.5748399322363,0.01562356948852539,4,2490,26803.0,524.0,13550.0,40,10,37,8
9149.56743797669,2619.724367260164,0.00034704995340327385,-42.21551653086953,-76.34244229177318,-40.647377360816016,-75.19633603139422,0.0,4,3975,37742.0,841.0,18775.0,30,10,27,8
11090.179818950939,3190.302121273156,0.00037260667031634365,-26.45756822863196,-47.481671377823155,-25.700672914712456,-46.91499252323793,0.0,4,6044,46071.0,1308.0,22879.0,28,10,20,8
10104.171661682614,2760.504839472302,0.0004068165221266406,-6.323122174329852,-9.985323334868033,-6.203633815481025,-9.911809507375024,0.0,4,11202,45424.0,2565.0,19463.0,22,10,18,8
10654.455248666321,2929.7316021124984,0.0004119564325365938,-6.473839644426837,-10.427442259247616,-6.3522624054691095,-10.352628904977896,0.0,4,11765,47552.0,2701.0,20699.0,22,10,18,8
7956.542911602165,2303.84206725056,0.0004358639405320085,-2.317969098788058,-4.5780655839148805,-2.269288884291079,-4.545618492350147,0.0,4,13367,37308.0,3156.0,14393.0,21,9,17,6
11406.022729699282,3215.75290561946,0.0003920083410069375,-5.463596475349809,-9.18425364801518,-5.36767534842621,-9.122626897848043,0.0,4,13943,52069.0,3300.0,23345.0,21,10,18,8
7691.99163429624,2564.5322408937136,0.00042934403221374997,-1.4108827162863848,-4.222899224607176,-1.3790515772621394,-4.195759731010558,0.0,4,15656,36649.0,3743.0,16295.0,19,9,17,7
7854.513533233615,2639.5527951403687,0.0004330094443676301,-1.1486889824942912,-3.7321151798560033,-1.1216017086666046,-3.7089624475600234,0.0,4,17055,37658.0,4089.0,16734.0,19,9,16,7
7899.476982950622,2635.5220881418036,0.00045155654706602593,-1.0299133588550258,-3.297796637495991,-1.005090754085293,-3.2777322992090427,0.0,4,17990,38801.0,4346.0,16758.0,19,9,15,7
8104.555570145925,2705.751715096934,0.000425530190393861,-0.8836100412334502,-2.9506953040011306,-0.8609180814273776,-2.932832024215685,0.0,4,19080,39459.0,4808.0,16460.0,19,9,16,6
7974.2485349979315,2731.325628243546,0.0004276212970217634,-0.5955160104876995,-2.4324452519298596,-0.5778626083909144,-2.418076917039151,0.0,4,20766,40980.0,5326.0,17610.0,18,9,14,7
8480.041089228283,3273.352206327126,0.0004858274477618296,-0.48054187063733833,-2.942113471906217,-0.46564240692268166,-2.927626267538183,0.0,4,23495,46154.0,6126.0,26300.0,16,8,13,6
11534.886885823806,4589.962979834369,0.0004976995451370044,-0.8327555052683553,-3.7431834341150196,-0.8173250504444003,-3.729211567646731,0.0,4,30271,69475.0,8543.0,39641.0,14,8,11,6
16956.8754338518,6345.292419220462,0.0005459907421914491,-2.4241760777092347,-6.528668450715432,-2.398269863809268,-6.504803949582512,0.0,4,32837,97183.0,9752.0,55510.0,13,8,10,6
18446.825100587546,6799.80771403991,0.0005432497585048971,-2.8998464445620864,-7.19428522182988,-2.8710669733377,-7.1671354118253685,0.0,4,33553,104381.0,10158.0,59593.0,13,8,10,6
32685.58189878987,11153.436803103936,0.0006234655189740094,-9.62251893980516,-17.196102446436807,-9.555714928316664,-17.106455953850247,0.0,4,37052,163995.0,11671.0,93684.0,11,8,8,6
2743.831194698391,686.7637572945541,0.0003952700114608668,-637.8965672091039,-916.6537571196313,-616.4055592395048,-625.3473638705884,0.0,4,385,10712.0,126.0,3842.0,8,11,4,10
3008.2387860258036,824.6110320427848,0.00038592774500169276,-573.0839663408619,-837.2917941872424,-553.6735823449912,-591.9478175888723,0.0,4,442,11809.0,149.0,5202.0,10,11,5,9
3409.4182207770677,890.0645166222503,0.0003930957669195764,-630.4975283246619,-949.9673721914683,-608.0526971629955,-617.6447730103508,0.0,4,452,13385.0,170.0,5835.0,10,11,4,9
3489.6221858533627,907.8047353368454,0.0002835366144527802,-1131.2123727874607,-1617.6117680756167,-1099.3934221529908,-1155.8526859577548,0.015624523162841797,4,330,13486.0,110.0,5683.0,8,12,4,10
4008.522238635381,1018.5620372151683,0.00021490107843047732,-723.8490853722303,-1297.0014896601847,-609.6182286699543,-602.9331784179756,0.0,7,520,15282.0,165.0,5962.0,9,14,5,13
4497.879352948921,1145.365586315474,0.00030331542815988853,-361.15348314815424,-570.8329435321873,-351.5485317785805,-436.2050481293506,0.0,5,739,17753.0,212.0,7451.0,9,12,4,10
4846.535081031258,1385.3202096747643,0.0003761325889087998,-318.15254169194327,-537.9063902375527,-312.56782474228135,-460.10496295350237,0.0,4,839,19560.0,220.0,9754.0,11,10,4,8
4835.516338553378,1366.8168692866893,0.00035239344278849814,-313.15499865267503,-480.53882873391,-306.5978258127558,-424.7192402999408,0.0,4,836,19521.0,224.0,8921.0,13,10,5,8
6086.039884782769,1726.0333378394907,0.0003736277258591163,-227.16889030164495,-400.5355012913788,-220.68885705758956,-372.07948343681545,0.0,4,1149,24690.0,286.0,12301.0,22,10,7,8
6501.1812276052315,1848.6133344798384,0.0003544547747879292,-215.64214746275636,-355.76414728525646,-204.93081393718265,-337.36240166114055,0.0,4,1396,26471.0,311.0,13225.0,17,10,9,8
8032.800753654771,2274.280071528131,0.00036788167955801524,-138.0052346196617,-222.08241142022058,-130.615878491357,-216.33919692314822,0.0,4,2053,32844.0,459.0,16241.0,24,10,24,8
10743.972991189836,3024.2277888330436,0.0003824166174330045,-24.612289667301408,-42.60876408149837,-23.971663239972617,-42.14348605527204,0.0,4,6124,45209.0,1319.0,21667.0,26,10,23,8
10574.369777812608,2899.212775694464,0.0004123293345927574,-7.102438094113486,-11.425476988716976,-6.968927778868023,-11.342037925690901,0.0,4,11233,47086.0,2551.0,20616.0,23,10,20,8
12307.159582941955,3608.268476129975,0.0003381830392219653,-8.12997462899517,-14.74468502985294,-7.978751119480542,-14.62882368310479,0.0,4,12418,54399.0,2962.0,26422.0,22,10,19,8
8857.798514938686,2506.7752691456008,0.0003912177923239696,-1.1106262000547549,-2.1404661324385863,-1.0851696751817812,-2.125291040870045,0.0,4,19927,44497.0,5059.0,16329.0,18,9,16,8
7893.701677735442,2972.5022918410004,0.000459854180463815,-0.5395582301189223,-3.0077260344277894,-0.5232955879845771,-2.992165179503335,0.01563405990600586,4,21068,41086.0,5383.0,23367.0,17,8,14,6
8161.699962068768,3106.5832970081456,0.0004740307336877678,-0.564202245037108,-3.1056638540758676,-0.547579019352822,-3.0894759733241077,0.0,4,21385,43531.0,5478.0,24776.0,17,8,14,6
11055.979861029957,4320.502451972456,0.0005153252612060715,-1.0346820806151542,-4.252233073421573,-1.016494387700789,-4.234959369827202,0.0,4,26867,63480.0,7308.0,36263.0,15,8,12,6
8404.836992148232,3438.3197825512584,0.00044129607644634165,-0.057249499206540655,-1.986365799128234,-0.04762313644362304,-1.9767997036962806,0.0,4,28571,51311.0,7788.0,29169.0,15,8,13,6
30366.23833580094,10475.54043255844,0.0006270135068937638,-8.569241942574928,-16.179624851409894,-8.507087361705025,-16.103302042514578,0.0,4,35834,153835.0,11100.0,88001.0,12,8,9,6
2635.819970458276,656.6620769721161,0.000377581508187123,-865.2906098581844,-1049.092563315598,-827.7075291501894,-689.6220934335516,0.0,4,317,10179.0,113.0,3997.0,9,11,4,10
3553.5721329748353,926.3197198614824,0.0002792195480060128,-561.4652433252323,-957.3791532468064,-497.83875763463993,-493.8758724306872,0.015624284744262695,6,520,13782.0,163.0,4806.0,8,13,4,11
3701.5450202371044,978.9412702130378,0.0003048334575220273,-430.66279274112145,-719.1387443801166,-405.56515407457914,-441.905997658714,0.0,5,577,14527.0,200.0,6218.0,8,12,4,10
4184.208881985352,1048.777702953665,0.0002454773632116329,-687.1049549932708,-1256.5826786538942,-631.6284332594873,-696.0809249801987,0.0,6,514,16194.0,159.0,5776.0,8,13,6,12
4505.5655033816965,1145.6558636408827,0.00029397107200421473,-497.39732660888296,-660.5023376818611,-479.72462202107437,-483.2357448337128,0.0,5,662,17648.0,208.0,7405.0,10,12,6,10
4899.310813565176,1427.2345747108286,0.00034059480164204636,-254.29517369418573,-418.0989049323509,-248.93562766556323,-383.142864899447,0.0,4,925,19895.0,254.0,9885.0,13,10,6,8
6351.070074700011,1802.8978525326015,0.0003531273723774359,-218.5050797772443,-366.25643165768497,-209.47244917679203,-347.4828021366247,0.0,4,1257,25846.0,291.0,12874.0,20,10,5,8
8418.481500915115,2386.0416706685296,0.0003763310441235272,-131.26240061462735,-221.90115221177265,-124.43126134991203,-216.07155611269405,0.0,4,2103,34352.0,469.0,17030.0,23,10,17,8
7905.891798209737,2253.647945554052,0.0003445806162186859,-98.56635400695127,-170.85650720202685,-92.92157834889184,-166.84680320068532,0.0,4,2365,32143.0,522.0,16070.0,30,10,28,8
6713.170831625197,1762.3988416596662,0.00027572190146642385,-44.96556671864537,-69.10084281134196,-42.497731785065056,-67.41799854874736,0.0,4,2952,27101.0,627.0,10514.0,32,10,32,9
10063.407174945769,2859.574156088047,0.0003920109461383895,-51.18464481040727,-88.91414735791017,-49.395395057943,-87.66414168526798,0.0,4,4043,41417.0,889.0,20424.0,27,10,25,8
7767.796552514104,2598.3435107775877,0.00044092134931185374,-1.4973469424032113,-4.373593331281589,-1.4643073558679989,-4.3454866278719155,0.0,4,15526,36563.0,3737.0,16207.0,20,9,15,7
7848.14577756003,2644.2574335718523,0.0004287828910306508,-1.1311111403841423,-3.6705609259496583,-1.103906234098348,-3.6472249831752306,0.0,4,17164,37707.0,4185.0,16652.0,19,9,15,7
7962.377726036572,2672.2636218351163,0.00045315518197706466,-0.9195115347636862,-3.0645575951190978,-0.8962396908477652,-3.045861977252742,0.0,4,18594,39318.0,4597.0,17026.0,18,9,14,7
7919.632904608016,2711.982909622281,0.00041271691916210037,-0.5493393638721162,-2.3446173845769613,-0.5319010839194662,-2.3303243919235173,0.0,4,21011,40814.0,5401.0,17843.0,18,9,15,7
7998.873186268176,2753.3037957455163,0.0004291219071906291,-0.4958909405579286,-2.229506405738808,-0.4792826361063638,-2.2162440739916613,0.0,4,21637,41433.0,5732.0,18126.0,18,9,14,7
7918.311509169742,2744.3045206542465,0.00043324332355406054,-0.40591964353453536,-1.979532313455978,-0.39100955044438046,-1.968030343179246,0.0,4,22216,42131.0,5830.0,18054.0,17,9,14,6
7771.930228660488,2871.750070732131,0.0004338860160163569,-0.18678799639319288,-1.8295041218367052,-0.17473504116709115,-1.8188421508459003,0.0,4,24175,42552.0,6427.0,21430.0,16,9,13,6
17553.0696745612,6527.457203357726,0.0005498786995716213,-2.811456840740334,-7.344097768578138,-2.7822054011101587,-7.316438073813169,0.0,4,32519,98664.0,9608.0,56390.0,13,8,10,6
18274.00269736582,6743.053971649889,0.0005394306873847232,-2.7969256351550387,-6.970173077927363,-2.7695508792043193,-6.945876216464691,0.0,4,33879,103882.0,10293.0,59307.0,13,8,10,6
28042.361638428683,9767.328536482395,0.000639180775124206,-7.477849360238295,-14.545761627944595,-7.42136984488288,-14.483407792086984,0.0,4,35077,143815.0,10880.0,82370.0,12,8,9,6
31697.139862428176,10862.737968720563,0.0006445564561814984,-9.390126907910727,-17.15415521545976,-9.32353023054701,-17.073836087642814,0.015635013580322266,4,35960,159114.0,11261.0,91049.0,12,8,9,6
44823.17788672043,14904.871583716626,0.0007134739605363059,-17.92388353535306,-29.161159822749912,-17.81376166536854,-28.95578240832467,0.0,4,38180,211698.0,12581.0,121059.0,11,8,8,6
2727.48538798408,693.466879165833,0.0004127684550794681,-809.7418647592983,-995.7632682399787,-780.6257301094896,-675.4061574202409,0.0,4,346,10617.0,121.0,3672.0,7,11,5,10
3262.367802238634,831.0983194945509,0.000372400024308899,-925.867821769646,-1358.6484287094681,-892.2795027210155,-866.8611061921947,0.0,4,368,12703.0,134.0,4420.0,8,11,4,10
3480.57668084615,857.839686120509,0.00032275210040202284,-904.0392686647442,-1273.438948270419,-878.9615140464705,-862.6633282928254,0.015633821487426758,4,386,13484.0,146.0,5247.0,8,11,4,10
3773.6487331056087,1002.136955840303,0.0002056928627373224,-848.7530805895971,-1878.5152652615025,-623.01695742936,-665.9817482712141,0.0,8,501,14197.0,159.0,5726.0,9,15,4,14
4113.036225172753,1020.6764607357221,0.00030307861797717185,-885.9057087674548,-1156.3062482529297,-865.7896790379392,-868.2753668788885,0.0,4,444,16047.0,138.0,5860.0,8,11,3,10
4026.2510293154633,1072.8167438838036,0.00025936410828921325,-508.4842234744181,-1030.574348200255,-465.09658461798983,-580.7387794730256,0.0,6,578,15703.0,195.0,5901.0,9,13,4,11
4164.818875528376,1105.3668448538374,0.00025474202766721164,-513.0925681289825,-1047.123404523434,-477.845151588277,-635.8783456505677,0.0,6,588,16260.0,165.0,6024.0,11,13,4,11
4305.436634886324,1125.2797146355267,0.00023676666247002165,-517.4360738816551,-867.8128645153073,-482.8284530787437,-541.5013317790743,0.0,6,622,16812.0,190.0,5853.0,10,13,4,11
4695.476744879281,1228.8848430372996,0.00022754300649694857,-518.0202489555633,-909.0215855834232,-492.88684237701057,-642.9964432830675,0.0,6,647,18395.0,175.0,6374.0,10,13,7,11
7155.456734053855,2035.31677254017,0.00036358545618095606,-207.032628398263,-344.4290248649481,-196.04723555491614,-331.8668729639512,0.0,4,1542,29082.0,322.0,14498.0,25,10,6,8
8059.339190498189,2275.6499964295917,0.0003899910358063531,-193.94259779140216,-323.2491353974881,-184.1527444787812,-310.57043188937143,0.0,4,1707,32681.0,374.0,16209.0,23,10,10,8
8293.452960644117,2352.6697091637548,0.00037281873975583696,-147.02165135374287,-247.62676992635926,-138.99697713879866,-240.9986821185292,0.0,4,2038,33598.0,443.0,16757.0,33,10,19,8
9067.308945349589,2559.7039420279316,0.00040035755195393384,-88.40968577456681,-152.63063829246775,-84.85471182136814,-149.51604166241322,0.0,4,2710,37283.0,598.0,18277.0,23,10,22,8
9150.451267332848,2587.151592888081,0.00038368203438092236,-79.08355378205641,-133.13359522814835,-75.71929138029513,-130.76289862302298,0.0,4,3030,37555.0,637.0,18488.0,28,10,21,8
8486.067484657819,2450.068081537055,0.000332632088353371,-37.24693100899004,-68.0468150665475,-35.78695836037241,-66.92841014107351,0.0,4,4014,34903.0,852.0,17554.0,29,10,28,8
9336.91316931083,2671.6482701071764,0.00033831998022395936,-34.469741942815844,-59.9990349412578,-33.27129441921116,-59.13388181257565,0.0,4,4449,38866.0,982.0,19219.0,28,10,23,8
10274.86967070629,2833.599988677536,0.0004127777840959854,-17.035619002281273,-28.81013514727728,-16.63735852621857,-28.53606607440191,0.0,4,6936,44160.0,1512.0,20258.0,26,10,18,8
10447.185494687872,2874.5483848191993,0.0004147258622298462,-16.56769769659826,-27.24714234525846,-16.177759449667537,-26.979535594919835,0.0,4,7135,44747.0,1587.0,20414.0,24,10,22,8
11403.852457156017,3199.0614476488777,0.0004007590901637684,-7.32318759191558,-12.005194701926426,-7.189133930516265,-11.918462262996117,0.0156252384185791,4,11984,50858.0,2830.0,23027.0,22,10,19,8
7871.1805387068,2364.825469247149,0.00045499423420167163,-2.1700118895456155,-4.7213433317141735,-2.125192537570409,-4.689372666695347,0.0,4,13656,36678.0,3163.0,14822.0,21,9,16,6
10895.501223268711,3059.709104160612,0.00038362206141599037,-4.284101063085191,-7.1324898678114295,-4.2073382797882015,-7.084398230404407,0.0,4,14914,50564.0,3528.0,22112.0,21,10,17,8
7671.305483613377,2573.8395220791576,0.00043732854784808315,-1.1544163124024909,-3.6582233829928574,-1.1268562958411117,-3.6352060564987427,0.0,4,16623,37277.0,4155.0,16562.0,19,9,15,7
7811.67050263045,2649.6039857401333,0.00042980577938258615,-1.0787592631521563,-3.6041065740627714,-1.052943109000367,-3.5820647797502874,0.0,4,17466,37532.0,4179.0,16696.0,19,9,17,7
7754.512954832603,2653.781715935456,0.00045701864556079753,-0.8807225305877415,-3.1819075074742003,-0.8584937204604233,-3.163573997926907,0.01562666893005371,4,18237,38665.0,4470.0,18183.0,18,9,15,6
8819.582201461322,3387.876816372854,0.0004953757075224381,-0.6868795615085057,-3.4613271416782307,-0.6697556807589664,-3.4449686136634554,0.0,4,22846,47865.0,5951.0,27288.0,16,8,13,6
8118.074753161409,3140.9901719707223,0.0004798157814312716,-0.370258575285493,-2.58173505549095,-0.356406503200531,-2.5688287904369087,0.0,4,23417,43815.0,6267.0,24961.0,16,8,13,6
14101.551545101931,5385.112429188456,0.0005558034681258149,-1.969235476782281,-6.102125489621658,-1.944687474532934,-6.07920764619629,0.0,4,28688,79338.0,8127.0,45412.0,14,8,11,6
36240.323964358635,12241.654796057326,0.0006608088181450331,-11.997448384235124,-20.67313297161279,-11.918921053115826,-20.557977397871415,0.015635013580322266,4,37318,177777.0,11728.0,101609.0,11,8,8,6
52531.35655045708,17302.573690422476,0.0007619791541801227,-24.787524947957746,-39.284605932965626,-24.646432204196643,-38.89647016318487,0.0,4,38333,241091.0,12648.0,137958.0,11,8,8,6
2841.6020862651876,793.9190896012851,0.00039463724462812855,-563.1368762795457,-1020.2240017383393,-541.5909802936459,-662.7952295662502,0.0,4,415,11169.0,137.0,4927.0,8,11,4,9
3416.704962691882,887.4100834732498,0.00038813854788113207,-578.9029305522247,-785.205763713486,-562.9953419793223,-588.6405563984226,0.0,4,479,13418.0,154.0,5810.0,8,11,6,9
4082.7386345313284,1034.1988203435546,0.0003180960517574636,-390.5374634477135,-608.4023328750379,-373.979438881203,-412.03317931442393,0.0,5,673,16009.0,205.0,6534.0,9,11,4,10
4160.89210335292,1043.6235055213137,0.00023947269253126732,-609.6754884355124,-1030.653439177261,-557.5045124754427,-580.4429470893127,0.0,6,559,16127.0,171.0,5727.0,9,13,6,12
4281.9276430628215,1077.6412085977804,0.00024168005504024943,-588.3277938793717,-874.04432091956,-547.8117054372364,-566.1794946399833,0.0,6,575,16636.0,159.0,5853.0,11,13,7,12
4587.152141407679,1179.468457443972,0.00028097308035040846,-409.5461425295581,-585.8970208659891,-396.9855325061375,-447.3962553024012,0.0,5,695,18077.0,212.0,7662.0,11,12,6,10
4591.705352226629,1214.468861100742,0.0003580991800303492,-294.2244070403282,-445.3928315464918,-289.79830781494286,-375.5207799356797,0.0,4,838,18483.0,233.0,6933.0,11,10,7,9
5176.512964221185,1462.3159926978847,0.0003881269367229596,-349.94410420929137,-564.5710372482446,-344.21392114427476,-492.7836396367411,0.0,4,853,20864.0,229.0,10402.0,13,10,5,8
5885.703929862595,1658.0009832375451,0.00038733381123930095,-289.4241036869412,-436.2955624683479,-283.15338083067553,-394.38684829252173,0.0,4,1055,23831.0,287.0,11814.0,13,10,8,8
8399.683449516615,2380.7913797201973,0.0003993102315446037,-145.62702143010105,-241.79914739382414,-138.40175478701676,-235.82716937958693,0.002022981643676758,4,2050,34191.0,439.0,16995.0,27,10,20,8
10772.013282885733,2990.2779135056994,0.0004231021174940185,-19.822078058293062,-33.40830675270664,-19.343173544411098,-33.07568097330139,0.0,4,6840,45676.0,1549.0,21336.0,26,10,20,8
9593.141982904594,2588.1128159175496,0.00045147985196840546,-4.3573513501055325,-6.773527571488521,-4.2764674524860276,-6.727642330886357,0.0,4,12855,43123.0,3002.0,17458.0,22,9,18,8
11749.649402127565,3573.578374099739,0.0002780932880072883,-4.634250186962775,-9.155099182168273,-4.550053457399771,-9.082376311760605,0.0,4,15748,53541.0,3813.0,26523.0,21,10,18,8
7668.95371503397,2558.310365667804,0.0004477695705609366,-1.127673905702287,-3.5323380781793716,-1.1012434898842431,-3.5106080939350033,0.0,4,16736,37670.0,4116.0,16447.0,19,9,16,7
7715.729741762387,2609.6046755207963,0.0004554795271891959,-1.035828598162766,-3.372717366080831,-1.010749690988535,-3.3516526531929314,0.0,4,17341,38209.0,4319.0,17111.0,18,9,15,6
7883.517952163446,2723.2157059715264,0.00046780278723935304,-0.8295383926574662,-3.0767040900376985,-0.8083263349932968,-3.0596553999336153,0.008026123046875,4,18912,39137.0,4761.0,18668.0,18,9,15,6
7885.9721810049095,2663.5848024795455,0.00043309011250623037,-0.7093094265591011,-2.6296960461822527,-0.6895286026515439,-2.613925794967328,0.0,4,19813,39837.0,5011.0,17467.0,18,9,15,7
7829.939657600604,2709.838413848078,0.00041906871526262553,-0.40985497542797855,-2.030519950956778,-0.3947181014206951,-2.0180112852496728,0.0020182132720947266,4,22118,41553.0,5824.0,17854.0,17,9,14,7
9433.408278007653,3624.561130042735,0.0005128543138265371,-0.9249458255958651,-4.037733770380764,-0.9057806609852634,-4.018913372046581,0.0,4,22805,51386.0,5904.0,29334.0,16,8,14,6
10426.76554943654,4003.78495145531,0.0005169349276157096,-1.1826978870652018,-4.721810181288037,-1.1615074231565994,-4.700455536945697,0.0,4,23733,57546.0,6288.0,32844.0,16,8,13,6
9544.702009382832,3717.898995064282,0.0004942473131950043,-0.7384860719541195,-3.620167399851689,-0.721837047320224,-3.6037872158735,0.0020182132720947266,4,24561,53926.0,6616.0,30733.0,16,8,12,6
8260.168265916258,3360.9843718643897,0.0004575674198094248,-0.10687236976573078,-2.116144159145598,-0.09666436279988688,-2.106010299974788,0.0,4,27178,49920.0,7438.0,28376.0,15,8,12,6
10151.264411700151,4172.0519669082905,0.0004465621852634036,-0.28432498368627424,-2.38443412315459,-0.27377720001514705,-2.37485728714455,0.0,4,32265,67097.0,9482.0,38094.0,13,8,10,6
16900.67496186666,6340.443442036737,0.0005373710651723319,-2.3350685703818272,-6.384405545186001,-2.3104971135784407,-6.361263187427012,0.0,4,33359,97520.0,9988.0,55686.0,13,8,10,6
22913.32717592173,8194.120847188753,0.000593576859535598,-4.864680564777844,-10.584178631201743,-4.823878285206879,-10.540958575973942,0.0,4,34468,122996.0,10468.0,70355.0,12,8,9,6
36384.30378181641,12347.468504886605,0.0006956833649464225,-12.55515161968679,-22.31452162169282,-12.4697268143145,-22.19438406094427,0.0,4,36203,177268.0,11502.0,101635.0,11,8,9,6
45772.53399829422,15228.735176057793,0.000741218100873613,-19.502780060174455,-32.06988053489358,-19.38557306036739,-31.815504642794302,0.0,4,37627,214325.0,11970.0,122819.0,11,8,8,6
3594.330657068215,985.1236287034167,0.0002788626656692669,-477.49945823178655,-1032.3259099078691,-422.6428541524842,-512.7307344734136,0.0,6,562,13990.0,170.0,5786.0,9,13,3,11
3752.522093539224,1028.8393237851412,0.0003171985380145243,-673.6513975016919,-1110.5527441199058,-657.6299614728592,-819.8266571544242,0.0,4,482,14762.0,149.0,6178.0,9,11,5,9
5432.736587722522,1487.5000681114534,0.00023945102522335602,-691.1470928845863,-982.7650532490288,-624.7395980502445,-869.5034024829112,0.0,5,772,21508.0,189.0,9610.0,17,12,8,10
6552.093495752585,1854.2799956002689,0.0003578587012888446,-266.4113206532669,-432.36978243800775,-253.6931591388974,-404.4259747817198,0.0156252384185791,4,1246,26535.0,286.0,13201.0,19,10,7,8
7066.5578777494875,2015.2693497603077,0.0003546715622945413,-164.22254212825973,-271.6879196482065,-154.37080264809646,-263.52611658117974,0.0,4,1657,28714.0,364.0,14395.0,28,10,17,8
9598.019473980905,2736.5195104822474,0.0003637998122927957,-41.86872841628342,-73.01635382938909,-40.45759895569897,-72.01654322152115,0.0,4,4237,39715.0,946.0,19622.0,25,10,23,8
11826.601251257693,3357.1502392902626,0.00040578465170571795,-16.406662101072442,-28.226445750172903,-16.043533181308646,-27.972792881400547,0.0,4,8250,50299.0,1883.0,24061.0,25,10,22,8
7468.695890320032,2425.467993930931,0.00044530972669770767,-2.070399357630243,-5.444567033726066,-2.0265403827521546,-5.408315152015247,0.0,4,13035,34750.0,3128.0,15036.0,20,9,17,6
9508.277476099443,2580.685664702309,0.0004076841181841292,-3.5779547876884426,-5.755618715643342,-3.510763620388497,-5.715373011625976,0.0,4,13789,43632.0,3228.0,17736.0,21,9,18,8
7714.12462156811,2573.1203374178467,0.0004633996832761528,-1.395525199351018,-4.09354052837426,-1.3647417152444485,-4.068275388109361,0.0,4,15735,37022.0,3819.0,16108.0,19,9,15,6
10132.691330745582,2839.5690217296474,0.0003734323080372502,-2.794451772840411,-4.707025663459433,-2.743850894290121,-4.675609589263626,0.0,4,16552,48444.0,4121.0,20395.0,19,10,16,8
7771.017673193347,2667.973653668017,0.0004659471934548432,-0.9015725084184749,-3.2114006616938235,-0.8791806211428304,-3.192522365498263,0.0,4,17997,38652.0,4491.0,18251.0,18,9,16,6
7988.666429568621,2491.658304055086,0.00039155699166920063,-0.8885949213860711,-2.413959119627712,-0.8657166636799212,-2.3977978290874553,0.0,4,18844,40385.0,4711.0,15835.0,18,9,15,6
7801.040183046104,2688.061170093915,0.00044421370309892397,-0.6465581325710055,-2.647227816339549,-0.6280790033032533,-2.631761015642439,0.0,4,19825,39819.0,5028.0,18123.0,18,9,15,6
7721.391217477155,2909.845054222533,0.0004635318227670994,-0.3517027313130434,-2.465612564587679,-0.33737640661822477,-2.452308898876107,0.0,4,22230,40602.0,5797.0,22716.0,17,8,14,6
7611.276074297047,2747.752274587358,0.0003665904834150414,-0.1914634972897573,-1.7221921617129503,-0.17843484916416097,-1.710677580532736,0.0,4,23529,41493.0,6246.0,18757.0,17,9,14,7
13716.115420145385,5319.583215190202,0.0005212210204530001,-1.3985136809211385,-4.78136857017874,-1.3796673183773578,-4.7643862118559825,0.0,4,31575,81963.0,9327.0,46779.0,13,8,10,6
26230.353321184346,9222.115764111111,0.0006187373590776344,-6.638238283626711,-13.62966719267336,-6.586153686594613,-13.57258554401034,0.0,4,34339,135889.0,10350.0,77804.0,12,8,9,6
39130.02138850148,13180.142156700485,0.0006907566207067131,-14.715931658798779,-25.68728609205667,-14.621690949723659,-25.5102685178759,0.0,4,36122,187800.0,11218.0,107552.0,11,8,9,6
35840.40764451487,12118.931336962018,0.0006648182884753163,-11.722418070563942,-20.185265200499774,-11.644236720636417,-20.08089023742967,0.0,4,37167,176222.0,11865.0,100750.0,11,8,8,6
2593.6229105410316,662.3641920549953,0.0003622349684284356,-855.3331728129695,-1116.2480754952426,-824.3888353439278,-767.6889277269306,0.0,4,311,9984.0,110.0,4076.0,9,11,4,10
2773.4119442484557,745.2381540487578,0.0004009158401589086,-698.8555895821346,-1092.0434007134363,-666.5709916842261,-677.5213542207534,0.0,4,374,10835.0,125.0,4265.0,7,11,3,9
3069.598032859243,756.1753337795849,0.00035915917898878203,-939.3709558815887,-1134.9525866500996,-899.8400461700778,-760.9812600578211,0.0,4,346,11870.0,116.0,4500.0,9,11,4,10
3580.053370470427,927.0665710095113,0.0003860047815488309,-725.392667223398,-1137.699108616933,-695.7237111804764,-721.2337350983779,0.0,4,451,14001.0,153.0,6058.0,9,11,3,9
3787.623832523934,965.7883530345263,0.00016775532416813885,-863.2072460150703,-1917.1728101043266,-601.7296054291706,-622.6096984544058,0.0,9,503,14208.0,167.0,4877.0,10,17,4,16
7341.754155740529,2075.0367516825654,0.0003844699690796521,-183.90039566263715,-308.2999545216882,-176.03136987544983,-294.8033853510405,0.0,4,1612,29886.0,359.0,14810.0,21,10,10,8
7785.266606572743,2201.032809179212,0.00038982972327910215,-216.02187814311236,-359.5612171349192,-204.52312842187354,-344.0947474956004,0.0,4,1613,31569.0,345.0,15664.0,23,10,6,8
8147.953303846719,2306.1321401681794,0.0003957963960415757,-144.57778192289103,-240.81045068604027,-138.1366568288411,-234.0107796451727,0.015626192092895508,4,2038,33329.0,444.0,16457.0,22,10,19,8
8718.34712211361,2452.0499417154347,0.0004116483499798136,-111.96224621812502,-187.52289785131399,-107.54899078312054,-183.46515436362435,0.0,4,2315,35767.0,498.0,17473.0,26,10,21,8
9579.204795849879,2696.3702492115826,0.00040691215776043557,-84.99039817403657,-142.27986900629068,-81.50301218604075,-139.5907739848408,0.0,4,2938,39149.0,643.0,19161.0,29,10,21,8
9416.09911656184,2674.4044002045266,0.00038514625348547437,-70.67319836333247,-121.89466723084304,-67.62723086051633,-119.77155736718035,0.0,4,3198,38507.0,689.0,19086.0,27,10,27,8
11171.825622035401,3166.805889483387,0.00039980150970371763,-22.184451294490387,-38.39796901794995,-21.613361799826063,-37.99241547463647,0.0,4,6687,47081.0,1449.0,22706.0,25,10,20,8
10963.948572100595,3125.3159306967136,0.00035966383821814927,-17.885294955183195,-31.805607021489962,-17.445678007948263,-31.46871256573239,0.0,4,7436,46381.0,1617.0,22488.0,26,10,24,8
11235.92578332259,3128.451425692377,0.00041932789366824584,-14.213001869909935,-23.702017205299466,-13.903466138904435,-23.504922054686926,0.0,4,8457,48149.0,1904.0,22374.0,24,10,21,8
7669.7927618949825,2249.301507320291,0.0004585735643240754,-2.797571879440181,-5.7286928586896115,-2.7397281566874234,-5.688235311041406,0.015624523162841797,4,11794,35321.0,2706.0,14216.0,21,9,17,6
12248.201700062611,3510.1350549753306,0.0004010663590682921,-8.154955969463058,-14.078022801227158,-8.006611756074417,-13.979376068002395,0.0,4,12383,54138.0,2906.0,25403.0,22,10,19,8
7680.78919352801,2583.7001043400273,0.0004358073487764844,-1.0858446467877747,-3.519373809740295,-1.0600339977490343,-3.497709784328025,0.0,4,17069,37416.0,4125.0,16390.0,19,9,16,7
7927.433656297604,2652.857349082934,0.00047262959609749,-1.1226993163901153,-3.539646477815687,-1.0968210404586154,-3.5185582667584177,0.01563715934753418,4,17501,38200.0,4249.0,16729.0,19,9,16,6
7804.130895317556,2657.669354120887,0.00043005958073360037,-0.7779618831544479,-2.882309396367861,-0.757510532193844,-2.8656069892546894,0.0,4,18991,39248.0,4680.0,17341.0,18,9,15,6
10872.272654651526,3129.31752077563,0.0003724395386887404,-2.2636410333398165,-4.1003603197932845,-2.2237509966888562,-4.07496057349555,0.0,4,19542,53956.0,4868.0,23424.0,19,10,16,8
7776.463003432216,2685.1926374098375,0.0004174146111270523,-0.5580195141396433,-2.3867708903188127,-0.5403608462723224,-2.3720891482246147,0.0,4,20515,40032.0,5255.0,17829.0,18,9,15,7
11413.075854401974,4411.122597810751,0.0005214389188307468,-1.3104155307991205,-4.976328942551731,-1.28969850462214,-4.956257704702761,0.0,4,25695,64472.0,6843.0,36827.0,15,8,12,6
7577.657310997685,2713.266093812646,0.00037825107542576234,0.014800812419608178,-1.163637087696865,0.02462007038990255,-1.1555371292999737,0.0,4,26472,44098.0,7174.0,19581.0,16,9,13,7
13446.408459061351,5199.461176009811,0.0005354430435117149,-1.5622179365020514,-5.241175336780543,-1.54095196680526,-5.221083195400631,0.0,4,29395,78025.0,8434.0,44584.0,14,8,11,6
14598.948606906024,5585.697565359824,0.0005289813395369857,-1.7392859345094895,-5.379782229694944,-1.7179468299428438,-5.3607623358179115,0.0,4,31451,85674.0,9274.0,48913.0,13,8,10,6
22996.369723918746,8223.316897193412,0.0006142201430538839,-5.414024882787978,-11.926704937546177,-5.367801828290937,-11.876411244370475,0.0,4,32569,120931.0,9772.0,69299.0,13,8,10,6
32728.379322908226,11224.745280146302,0.000671634874684912,-10.331738648061618,-19.18751893483959,-10.260342538157506,-19.091308082172844,0.0,4,35711,162386.0,10944.0,93069.0,12,8,9,6
43000.88465635523,14341.726349987182,0.0007039632965987812,-16.922120229468753,-28.087681884995717,-16.816988624561994,-27.869729368292422,0.015625,4,37714,204104.0,12205.0,116757.0,11,8,8,6
58767.540108695066,19238.929387280103,0.0008188216150384834,-31.279377288703024,-48.36004462110502,-31.10782720824684,-47.7622225872109,0.0,4,38527,264728.0,12599.0,151507.0,10,8,8,6
2647.5495824755894,655.7101589116947,0.0003882986928159545,-832.9615959051333,-1175.5763835668338,-792.2416163336756,-726.9628912409023,0.0,4,316,10247.0,110.0,3956.0,8,11,3,10
2756.24062734612,757.3545790007039,0.0004186190928514646,-603.4267432825822,-979.0570832641946,-575.9161868252787,-639.8408728542333,0.0,4,410,10798.0,128.0,4760.0,7,11,6,9
3044.29403933271,767.5512672888154,0.0003336859112023378,-1240.6979533158396,-1676.219879135656,-1181.7256492153622,-1022.0829232007941,0.0,4,308,11665.0,111.0,4770.0,9,12,4,10
3064.881422733458,828.295274947286,0.0004049859639295594,-695.6293426526164,-1173.7514289000198,-665.2530691462447,-745.7147810449243,0.0,4,407,11999.0,140.0,5289.0,9,11,3,9
5096.354459930157,1409.6385581358554,0.0003247792329232048,-221.42264969125898,-360.23732221408443,-214.72568596137896,-334.9107767323,0.0,4,1025,20728.0,260.0,8695.0,13,10,5,8
6854.407882280326,1924.0722033619218,0.00040404735178936277,-243.93296731109382,-378.02168961741876,-237.29879261739907,-354.7782395145616,0.0,4,1263,27811.0,319.0,13709.0,16,10,7,8
5792.720161979171,1487.7973302279224,0.00031457214883414547,-343.2772587276915,-452.5558814834946,-319.6433669323968,-426.27594239964407,0.015624761581420898,4,1024,23051.0,227.0,9073.0,22,10,17,9
9094.028636051975,2554.5980155072016,0.0003971810859403033,-83.39526856348596,-140.7739697910684,-80.11238551302634,-137.8457639767687,0.0,4,2753,37403.0,616.0,18226.0,27,10,20,8
9459.887959607837,2659.234139434385,0.00041235717827540444,-68.87464101020507,-118.28651884438385,-66.33048669666174,-116.33027485973385,0.0,4,3175,39075.0,686.0,18998.0,25,10,20,8
8783.187670558451,2535.131971827765,0.0003627402768979893,-48.13808966914704,-87.58653791966026,-46.14067061773459,-86.12545336453677,0.006510496139526367,4,3672,35960.0,764.0,18144.0,29,10,28,8
9386.61008209744,2703.666815641306,0.0003607686895583532,-35.87722209904203,-65.78191645070875,-34.69691482132094,-64.92669071782485,0.0,4,4396,38760.0,935.0,19354.0,28,10,22,8
10167.278555698505,2844.350432948913,0.0004079515318532626,-33.72858515915558,-56.49960285425714,-32.77869694742538,-55.847714645249155,0.0,4,4794,42646.0,1079.0,20364.0,26,10,21,8
10166.60580856102,2932.5358924345096,0.0003534618666986411,-25.091796488451113,-45.53486991377437,-24.35402351269181,-44.99570555821588,0.0,4,5684,42240.0,1250.0,21020.0,26,10,24,8
9452.621159851202,2550.0129717807317,0.000439822643861816,-11.435148491616701,-18.05652395549583,-11.18589273937243,-17.899240927086087,0.0,4,7727,41273.0,1731.0,17862.0,23,10,19,8
10702.019080820684,2971.660659112454,0.00040899943745506556,-13.879741528661913,-23.33611348374042,-13.578912506900824,-23.13316465099384,0.0,4,8031,46186.0,1831.0,21237.0,24,10,21,8
10022.718378659389,2724.4892315655547,0.0004383977821784801,-9.153750968870822,-14.685865370534515,-8.970251910425636,-14.570248895109676,0.0,4,9249,43946.0,2097.0,19142.0,23,10,19,8
10831.65587333411,2991.52533730704,0.00042075761436133737,-6.7193655568395805,-11.197881585840625,-6.595202441821155,-11.116856875432097,0.0,4,11814,47991.0,2719.0,21140.0,22,10,18,8
7562.010092258319,2475.4189502317918,0.000470368331103483,-1.7352198390484603,-4.853542295029804,-1.6982426190429418,-4.822228935748483,0.0,4,14185,35535.0,3365.0,15415.0,20,9,16,7
8353.903578567328,3142.2971957895174,0.0004974903869824325,-0.969640681300892,-4.159374558328071,-0.9483282849664734,-4.137281788538591,0.0,4,19262,43867.0,4849.0,24984.0,17,8,14,6
7953.119660443525,2710.459170817127,0.00045350119642259816,-0.7478196089303475,-2.711016269473267,-0.7279456813818228,-2.6955164270206047,0.0,4,19787,39700.0,5018.0,17307.0,18,9,14,7
9706.870250626615,3738.396199686884,0.0005145596554397357,-0.9821770164168271,-4.256425698650064,-0.9629395479851719,-4.237424750007468,0.0,4,23167,53398.0,6173.0,30467.0,16,8,13,6
9898.509592147362,3868.533929076578,0.000500833976806816,-0.8417887973422835,-3.8817029626249875,-0.8247601499354384,-3.864473020760113,0.0,4,24829,56297.0,6689.0,32095.0,16,8,12,6
12204.200624597117,4678.154370315285,0.0005348725611339332,-1.65144681134859,-5.669345799053687,-1.627941634640044,-5.6472761087168895,0.0,4,25738,68190.0,6914.0,38959.0,15,8,12,6
12263.357371063466,4766.609376476813,0.0005257100476232522,-1.331645019185585,-4.8231415301951115,-1.3123586097520308,-4.804079139058513,0.0,4,27977,71125.0,7775.0,40603.0,14,8,11,6
15595.046573685397,5870.669428750581,0.000575655361848383,-2.5101088913783167,-7.260863525287398,-2.4818413860671837,-7.233644336200053,0.0,4,29306,86647.0,8190.0,49604.0,14,8,11,6
11093.939381482125,4463.199405975493,0.0004950945690308356,-0.619923481051855,-3.2674423327203543,-0.60650157676215,-3.2551538790442427,0.015625,4,31032,69118.0,8926.0,39405.0,14,8,11,6
14429.160435555494,5550.57157060574,0.0005030825082793517,-1.3990502473559365,-4.518031809440075,-1.3810987174326392,-4.501813807470097,0.0,4,33646,88213.0,10098.0,50222.0,13,8,10,6
24204.435645059635,8558.805304455951,0.0005887170047062028,-5.529575183087322,-11.36673539180137,-5.484765142049499,-11.319264529122044,0.0,4,34452,128394.0,10597.0,73386.0,12,8,9,6
52663.64140427752,17376.625081377282,0.0007908337063134507,-25.818019205736007,-41.74100812042944,-25.669449065296327,-41.32559344171027,0.015625,4,37630,240734.0,12074.0,137988.0,11,8,8,6
61706.4129883225,20177.837707030205,0.0008638527615019034,-34.213435781595955,-52.752445187002955,-34.02985325222182,-52.13000183091215,0.0,4,38903,276046.0,12841.0,158214.0,10,8,8,6
2633.342663485581,654.0837659785378,0.0004024781665850952,-876.4982575063601,-1044.1410188986526,-824.9478116361513,-647.5019305250968,0.0,4,325,10206.0,123.0,3705.0,8,11,3,10
3242.180639952582,854.4001428877846,0.0003909571551607221,-568.058703773415,-1012.3922968840001,-547.3588664523771,-628.593874896359,0.0,4,454,12734.0,166.0,5521.0,8,11,4,9
3920.7413082540907,984.1396094220237,0.0003862852229844465,-678.7638479353698,-846.3083123356829,-659.3675380861202,-624.9895499368616,0.0,4,493,15324.0,172.0,6405.0,10,11,5,9
3887.0488738780564,1003.3343213588712,0.00031962876384198567,-942.287631919172,-1322.623921205408,-916.0630649142417,-944.128650834664,0.0,4,412,15177.0,147.0,5195.0,8,11,4,10
3857.5358188550886,1083.2205454107673,0.00033531909931464726,-724.0564456595265,-1235.4686446585974,-708.1927154807514,-933.2343771706294,0.0,4,474,15178.0,136.0,6865.0,11,11,3,9
4642.4720569972205,1172.4001607139542,0.0003018902289630315,-368.9425464436653,-537.1731983630941,-359.8789756952755,-418.90711464312653,0.01562643051147461,5,729,18294.0,208.0,7565.0,10,12,4,10
5002.2404365860575,1406.049174549027,0.0003791536057538827,-299.62507975399416,-493.4779322491389,-294.84787441197966,-427.9856964256084,0.0,4,871,20197.0,237.0,9993.0,10,10,6,8
7151.419012743788,2031.3306522449761,0.00039268143080567204,-219.49378279134436,-386.00760022571154,-209.7967575191129,-368.9260265062542,0.0,4,1421,29012.0,318.0,14449.0,22,10,8,8
8175.1369127169155,2311.027770098548,0.00041252022724803694,-180.91744281877388,-300.8404850423464,-173.4089644972022,-291.1634811833082,0.015624523162841797,4,1828,33152.0,373.0,16407.0,26,10,23,8
8108.343168459263,2300.8441498900643,0.00037816835593359517,-92.15858008056192,-159.44794426811134,-88.66660678514343,-156.24439492124088,0.0,4,2379,33254.0,511.0,16465.0,28,10,22,8
8998.91989815074,2565.610203976824,0.0003799230820246773,-90.34573643418595,-155.5132314655285,-85.77057688837004,-152.19659699145225,0.0,4,2749,36736.0,612.0,18317.0,31,10,24,8
10034.39233544646,2829.1020402535264,0.00041482950124856915,-72.7479967512327,-124.28170022443086,-69.99908517393749,-122.39428004144403,0.0,4,3353,40859.0,712.0,20045.0,31,10,25,8
11271.595542464991,3197.012782140019,0.0004020625107001357,-26.496693679704244,-46.47121019121743,-25.802432524572975,-45.996956735191375,0.0,4,6202,46906.0,1319.0,22844.0,27,10,24,8
10509.560766273727,2888.4847022271038,0.00041630227029355903,-9.246797542320726,-14.957855596231349,-9.06369443395375,-14.841311755503805,0.0,4,9698,46103.0,2190.0,20474.0,24,10,19,8
11399.006301720632,3241.5677887662114,0.00036962612634969727,-9.525031308809181,-16.499532173660118,-9.339898254641609,-16.371067733489703,0.0,4,10439,50217.0,2367.0,23545.0,23,10,19,8
10908.678148993733,3054.8297449830707,0.0003869129863329327,-6.843985684332376,-11.505521343421089,-6.719070379984769,-11.421594387861166,0.0,4,11830,49020.0,2729.0,22072.0,22,10,19,8
10950.734449303694,3044.0261407933626,0.0004396989562695989,-5.754684499105565,-9.358230993937571,-5.651348962548663,-9.294537763756436,0.0,4,12985,49167.0,3083.0,21511.0,21,10,19,8
7542.298137007049,2527.599182030252,0.0004583610740500144,-1.3379916135696308,-4.073355786464324,-1.3078062412211326,-4.048074358414631,0.0,4,15670,36397.0,3740.0,15979.0,19,9,16,7
10621.840668523511,3002.4449984554253,0.00038667926221068845,-3.3744849400984194,-5.715227947876567,-3.3150597891288234,-5.677970532464375,0.0,4,16052,50476.0,3959.0,21887.0,20,10,16,8
7678.71104702801,2880.558602872598,0.00047268584009562314,-0.5778387012738524,-3.0949846989039607,-0.5608237218774563,-3.0787651481453064,0.0,4,20002,39847.0,5186.0,22664.0,17,8,14,6
11424.763843292341,4418.201347362219,0.000527500393486165,-1.315545384507062,-4.912476428361978,-1.2950368033466404,-4.8925669984088875,0.0,4,25756,64598.0,7047.0,36899.0,15,8,12,6
10729.676038717727,4204.342248150516,0.0005190857261738708,-0.9579017541523036,-4.077507277418464,-0.9406608564888712,-4.061145562403366,0.0,4,26328,62000.0,7282.0,35380.0,15,8,12,6
19423.05556119668,7118.145774767003,0.0006048438952488627,-3.7753099027070016,-9.181530413483983,-3.740323913675754,-9.149573337264629,0.0,4,31810,105471.0,9530.0,60471.0,13,8,10,6
35317.15647086413,11985.143473623224,0.0006559748218718673,-11.675197756734638,-20.70598009885799,-11.596878854188892,-20.579347136999008,0.0,4,36518,173567.0,11384.0,99283.0,11,8,8,6
2879.589233944661,722.2415555638801,0.00037920053086027593,-788.8665528665377,-1110.4647529452018,-756.7732249936994,-697.1071538454354,0.0,4,356,11207.0,128.0,3981.0,8,11,4,10
3511.6885954860327,863.1408669794288,0.0003253052356528264,-1253.5504944775969,-1538.3310088781275,-1208.8558459361107,-1055.8491484760164,0.0,4,343,13520.0,114.0,5300.0,10,11,5,10
3594.648331200147,888.8112848068481,0.00033556842076802764,-941.6102025819572,-1216.7971294436675,-914.628964174091,-862.8430947838026,0.0,4,387,13968.0,124.0,5143.0,8,11,3,10
3710.827618548635,957.6864972856897,0.00037783959218568345,-609.4487362361974,-891.9789676212675,-591.7119389097031,-612.7224768216971,0.0,4,487,14583.0,166.0,6312.0,9,11,4,9
3838.630262433029,1024.9847661469576,0.00033922117430274136,-1008.4495799409978,-1685.7767341457118,-977.7588797001443,-1134.3767269671025,0.006510734558105469,4,397,14986.0,130.0,5765.0,9,11,5,9
4094.714135642631,1051.6325704151116,0.00031964572391969905,-539.8528821025503,-946.6736575562638,-507.5379001963026,-543.3719329890109,0.0,5,592,15988.0,191.0,6768.0,9,12,5,10
4155.833123137697,1132.6415375711676,0.0002779855154157986,-505.2276109135737,-966.3158175765965,-483.21710723767364,-627.9392192922176,0.0,5,590,16326.0,177.0,7142.0,10,12,3,10
4343.5285013575385,1133.100004877165,0.00033320698053026224,-271.92224105116526,-436.2318219397402,-265.3169443893687,-337.1290228576714,0.0,5,808,17384.0,216.0,6522.0,10,11,5,10
5106.57569579088,1295.6693210359208,0.0002932312488643485,-631.6657762481374,-885.1865423037269,-608.3343672633619,-686.2294010681734,0.0,5,678,20041.0,191.0,8475.0,9,12,5,10
5691.54171043898,1601.5718353386462,0.00039333734448018256,-300.22415385415445,-465.0732284240943,-294.1682367435299,-416.32258196652634,0.0,4,989,22992.0,259.0,11398.0,13,10,4,8
7290.79930674614,2053.417451266709,0.00041353410063624534,-238.01248819495015,-387.6134964259879,-229.7874664679374,-365.96564928748404,0.0,4,1340,29564.0,327.0,14598.0,14,10,6,8
5941.630398440033,1706.8030056219143,0.0003513207764848438,-216.5822510680928,-366.8824908560468,-201.14679262704638,-353.65323551505685,0.0,4,1279,24120.0,280.0,12192.0,23,10,15,8
10328.677019287126,2875.5148379609054,0.00042662808968351265,-34.8884465160784,-58.72309230384131,-33.89710158279285,-58.0240714370659,0.0,4,4779,43167.0,1062.0,20473.0,24,10,21,8
10655.147259169313,3000.795306039717,0.00041321991582917475,-31.167724238630576,-53.55418772996881,-30.30905519695603,-52.951738108290826,0.015637636184692383,4,5324,44456.0,1171.0,21436.0,28,10,22,8
10884.977122066755,3028.6320069188555,0.0004082970342380133,-11.876746387440939,-19.941990707322432,-11.634949559566865,-19.783901056011604,0.0,4,9000,47028.0,1993.0,21634.0,23,10,22,8
10881.368633280159,3020.2520434973635,0.0004136473474565801,-11.197548249018654,-18.067064546380216,-10.97255470088387,-17.924230739701798,0.004510402679443359,4,9252,47311.0,2100.0,21572.0,24,10,21,8
12209.638205293662,3551.4335969788312,0.00036580463642894856,-9.809920100562845,-17.873682033384114,-9.620357858222087,-17.731004986253318,0.0,4,11258,53443.0,2569.0,25835.0,23,10,20,8
11685.473908607644,3329.071697122688,0.00039227443588525136,-7.925295103509567,-13.751500061803574,-7.780141855643052,-13.652082558161242,0.0,4,11846,51989.0,2757.0,24165.0,22,10,18,8
9950.444221134887,2739.0211260898786,0.00041342331848412406,-4.179366858295021,-6.9211882411589505,-4.101655310292896,-6.87327581206633,0.0,4,13460,45842.0,3176.0,19399.0,21,10,16,8
7597.942058270341,2540.8501939967523,0.00046282331453706817,-1.1291201099359767,-3.6338456835420248,-1.102423047947331,-3.611548360310123,0.0,4,16579,37228.0,4017.0,16392.0,19,9,16,6
7949.375833726403,2933.220455332898,0.0005052287293685146,-1.051761638410138,-4.264119215253099,-1.0287181745286746,-4.241343293902262,0.0,4,17904,40087.0,4411.0,22825.0,18,8,15,6
7685.498238701466,2684.8800582304107,0.00046890897612310024,-0.8070982516971752,-3.1445038874331113,-0.7865713604683897,-3.127036195979902,0.0,4,18505,38476.0,4527.0,19151.0,18,9,15,6
9021.465298109837,3394.080559407805,0.0005180936633120728,-1.1552834119675075,-4.6024584089536535,-1.1324579260469356,-4.579855071878747,0.0,4,20198,47119.0,5144.0,26883.0,17,8,13,6
7944.903509876631,3054.956149098816,0.0004889399651477452,-0.4060471808656425,-2.6992414871310104,-0.39168932916303767,-2.6861312191519873,0.0,4,22563,42536.0,5883.0,24253.0,16,8,13,6
7562.763277786324,2718.313008942004,0.0004115266007370063,-0.20372314482814113,-1.752895621019611,-0.19105986167085454,-1.7421672452935626,0.0,4,23376,41827.0,6116.0,19463.0,16,9,13,6
15186.664328518074,5716.811840054152,0.0005871904005633272,-2.6152108865394035,-7.540749798528564,-2.585474444038357,-7.512039679101594,0.0,4,27905,83509.0,7936.0,47854.0,14,8,11,6
11341.117802510327,4495.552888225578,0.0005061085499363902,-0.8766959339020102,-3.84760582330727,-0.8607702579273477,-3.833465783484078,0.0,4,29048,68214.0,8325.0,38915.0,14,8,11,6
23805.250141775447,8475.226049713954,0.0006336047274527856,-5.779251282323472,-12.44916319917132,-5.730618789204142,-12.400423205822255,0.0,4,32932,124503.0,9739.0,71364.0,13,8,9,6
35192.14712637726,11971.590170848232,0.0006796402034573834,-12.057396601628732,-21.768388105386855,-11.975302836254299,-21.645647621580117,0.0,4,35447,172087.0,10947.0,98626.0,12,8,9,6
2663.514718609604,658.3274815140765,0.00040334734464201,-939.8542762322741,-1182.231700973207,-901.7625093510057,-773.3791285418376,0.0,4,307,10291.0,104.0,3988.0,7,11,5,10
2663.80844805265,696.478044640796,0.00032666921879504943,-1422.6613839823501,-2717.0615086977123,-1319.983650325835,-1319.4460291918028,0.0,4,242,10247.0,97.0,3749.0,9,12,3,10
3082.314647036109,760.3463506302023,0.00034818502247331915,-1182.7881080760694,-1584.446809118437,-1111.7193766093274,-954.6964606093125,0.0,4,347,11849.0,115.0,4636.0,7,11,3,10
4069.67949300976,1035.4251130985595,0.00016992928283414432,-878.8935135058564,-1999.810156461631,-652.3839515038862,-702.5584441339523,0.015638113021850586,9,505,15310.0,162.0,5118.0,10,17,3,16
4984.231266619651,1238.0496286412445,0.00021024129191030686,-568.3924052115068,-785.5027716419635,-545.1538651519979,-606.2948382203862,0.0,6,654,19425.0,171.0,7205.0,12,13,3,12
9637.924985765867,2729.626494977533,0.00039781931741319566,-56.389864509319864,-100.16913611581849,-54.33925421275682,-98.5897912068768,0.0,4,3538,39677.0,766.0,19486.0,28,10,25,8
10174.190558508,2819.2512322275693,0.00044847758379040525,-37.272111839667566,-61.71641753661128,-36.22348080625562,-61.010860417466944,0.0,4,4637,42477.0,998.0,20050.0,26,10,23,8
10062.54584616885,2746.5416758322335,0.0004559188959606556,-26.308387959792856,-42.51729694350939,-25.60007620532116,-42.077602426508385,0.0,4,5456,42349.0,1219.0,19410.0,25,10,22,8
8986.761977115746,2396.579439621534,0.0004484407444851634,-7.659127435395391,-11.829661198909216,-7.50314678536742,-11.733592394181898,0.0,4,9027,39584.0,2066.0,16346.0,24,10,19,8
9766.10510366509,2634.2504329979715,0.0004594658312602653,-7.328279270580289,-11.51553269338001,-7.1833878362402555,-11.429427051329766,0.0,4,10114,43027.0,2309.0,18301.0,23,10,20,8
9052.50480875321,2430.7985420604755,0.00043743373637596784,-5.2084705465916175,-8.253298377389873,-5.109562907429846,-8.194376689141926,0.0,4,10802,40621.0,2498.0,16512.0,22,9,20,8
7523.242759940689,2500.274866139721,0.0004731947561894609,-1.3076621811001505,-3.880599887974399,-1.2786338245319064,-3.856722127411075,0.0,4,15587,36781.0,3824.0,16198.0,19,9,15,6
8436.823348793669,3145.523896481051,0.0005159549927794095,-1.1372526086820196,-4.484158749078987,-1.1138248152486376,-4.460484396427508,0.0,4,18780,43544.0,4735.0,24830.0,17,8,14,6
10658.321916856017,4107.411928453244,0.0005270026517280284,-1.2251614282722936,-4.757155434190545,-1.2046413278402177,-4.737783916058152,0.0,4,24250,59103.0,6508.0,33770.0,16,8,13,6
8262.347444380845,3324.6032360393524,0.00045835419371003825,-0.20936803835261864,-2.327066531966636,-0.1979667256105333,-2.315919419318959,0.0,4,25914,49003.0,7011.0,27874.0,15,8,12,6
18199.55391165765,6678.844502263596,0.0005963052098829445,-3.910846170730979,-10.082077897254212,-3.8722485308927928,-10.041627997140203,0.0,4,28692,97284.0,8033.0,55733.0,14,8,11,6
20129.64208160029,7314.016286527077,0.0006160331136396723,-4.516385303622957,-10.820017726751365,-4.475249863101496,-10.778172969190182,0.0,4,30522,106870.0,8794.0,61266.0,13,8,10,6
2747.0435661209794,697.5640726246347,0.0003511458606897394,-980.5409037565183,-1583.5002826647365,-933.1184611628987,-939.3124620055899,0.0,4,298,10566.0,118.0,4290.0,7,11,4,10
2990.3212881310933,754.7922244454651,0.00037133604668173806,-712.2643438372727,-1034.9695352948602,-689.6170253400455,-673.269501003472,0.0,4,366,11684.0,145.0,4099.0,7,11,4,10
3248.0079920878684,832.0504729782523,0.0003711929389387902,-987.3759554960797,-1135.4984817439665,-949.2676620163613,-801.9653077872508,0.0,4,374,12627.0,137.0,4328.0,8,11,5,10
3488.472639159818,879.677302338761,0.0004094590908140561,-586.1352841578057,-844.8245254151655,-566.7262484111907,-588.5575819467873,0.0,4,492,13635.0,158.0,5676.0,8,11,4,9
3910.693412736551,999.4959729783807,0.00035310481349659016,-408.14437496920846,-659.5263493166381,-384.7227138802829,-403.710719448697,0.0,5,653,15397.0,196.0,5878.0,8,11,4,10
4518.946928627288,1125.4866678834242,0.0002919421592265833,-1023.1090658267237,-1336.4231369366403,-1002.8972922899189,-1023.2217612483389,0.0,4,434,17627.0,151.0,6414.0,12,11,4,10
4691.687460729526,1330.3370617691844,0.0003936019872064875,-418.9108158027694,-739.5976803898551,-410.92785627399456,-568.7734119195858,0.0,4,706,18782.0,226.0,9359.0,8,10,4,8
4778.956572968182,1231.7269476975043,0.0003129920037771216,-282.91118627528283,-416.5649442752304,-276.99890710890145,-347.53618636584224,0.0,5,861,19088.0,227.0,7319.0,14,11,6,10
6178.726253410434,1750.785210745929,0.00041484363593856247,-276.7662348151504,-455.778190278428,-270.55650123178106,-421.32390494930075,0.0,4,1139,25051.0,292.0,12468.0,14,10,6,8
7063.784574179529,1993.1327806370552,0.0004003829932092388,-229.50013505988412,-377.4925212919403,-221.23104665145493,-359.84843184659695,0.015624046325683594,4,1373,28697.0,313.0,14201.0,19,10,11,8
8355.5259365933,2346.7832904850843,0.000425175717977977,-159.25488656222873,-267.35995776909795,-153.20561430510517,-258.6990522409504,0.0,4,1906,34081.0,421.0,16705.0,22,10,22,8
8715.59346862947,2469.2764206679385,0.00040813309122266216,-142.29337886640823,-238.7745239596455,-135.49528060457428,-232.21424310009823,0.0,4,2100,35417.0,447.0,17548.0,29,10,25,8
11111.059533560845,3194.677360470068,0.0003787987856798,-20.543470199108164,-37.27572486545739,-20.018328825354537,-36.89056951960347,0.015623807907104492,4,6876,46802.0,1516.0,22992.0,27,10,22,8
10138.813071044526,2759.2356599397835,0.00044186557476407834,-13.19976195495588,-21.305718124481004,-12.919202468957044,-21.131140121406265,0.0,4,7770,43541.0,1785.0,19387.0,23,10,21,8
9588.273272814386,2587.873250051736,0.00044770647157630044,-8.645154981611645,-13.863905370588087,-8.466481787147739,-13.75201850161217,0.0,4,9017,42050.0,2033.0,18005.0,23,10,18,8
7948.680952549087,2151.683386521663,0.0004691426314679956,-3.9116958403243816,-6.330091811686322,-3.831881444529073,-6.281988242941596,0.0,4,10660,36112.0,2470.0,13229.0,22,9,19,6
7415.250345571618,2443.6206061225353,0.000502426447415534,-2.048819674734442,-5.601802569868145,-2.0067687738107267,-5.56609467698037,0.0,4,13030,34485.0,3062.0,16140.0,21,9,16,6
7457.714351176907,2460.3082399196787,0.00046629073740810106,-1.6107501917254314,-4.603479221143754,-1.5763886183423104,-4.574459824798569,0.0,4,14508,35525.0,3437.0,15393.0,19,9,16,7
7599.389721933817,2510.1688273235063,0.0004689888317465426,-1.3362916033793875,-3.939862595791509,-1.3062355502621816,-3.915328173307037,0.0,4,15745,36672.0,3803.0,15906.0,19,9,17,7
11944.38482047457,3547.858491400129,0.00033344589943695306,-3.419613783014433,-6.245677420909787,-3.3639460612960743,-6.206739356270956,0.0,4,18602,58139.0,4649.0,27045.0,19,10,16,8
7749.9489292672115,2641.147426624774,0.0004459870344183144,-0.7179937215409482,-2.6688901477280456,-0.6984951448402208,-2.653652844501157,0.0,4,19215,39274.0,4841.0,17069.0,18,9,15,7
8290.746159122229,3186.9166639428568,0.0004823679398204937,-0.5983231578246246,-3.251961187836094,-0.5821799019005409,-3.236642601883676,0.0,4,21739,45032.0,5679.0,25641.0,16,8,14,6
9754.83778536322,3854.0449922235384,0.000504719683282086,-0.6704089342605528,-3.480870183209891,-0.6552080555658808,-3.4664829808649724,0.0,4,26005,56503.0,7076.0,32253.0,15,8,12,6
14850.213498745847,5605.686118056082,0.0005806610763773856,-2.4247705003227,-7.224245647755328,-2.396530765893471,-7.195869983900771,0.01562666893005371,4,27978,82182.0,7752.0,47068.0,14,8,11,6
16845.528851646857,6299.295439273348,0.0005508169180684254,-2.3804656995141373,-6.348073618620334,-2.355313896977186,-6.326997047173947,0.0,4,33007,97172.0,9949.0,55522.0,12,8,10,6
29915.20680641926,10363.782035189502,0.0006742438523124014,-9.181022783734205,-17.875378870295926,-9.114321348103005,-17.790001274135836,0.015624523162841797,4,34037,149684.0,10315.0,85894.0,12,8,10,6
24708.63276497879,8731.71297090382,0.000610935246178051,-5.693728788385572,-11.81177775073276,-5.647618913916416,-11.76614931636591,0.0,4,34817,130447.0,10739.0,74606.0,12,8,9,6
2854.132322177793,722.6112803575654,0.00037916523624768726,-657.2886660360882,-1058.4200550680118,-632.197011834649,-684.0619490795785,0.0,4,382,11151.0,127.0,3892.0,8,11,4,10
3036.377614993454,783.8840329304669,0.0004341315014380985,-588.1839023228646,-962.1911947597447,-566.3137247000384,-605.6431720363095,0.0,4,417,11891.0,157.0,5083.0,8,11,4,9
3164.385689747421,820.5875148728608,0.000238488095234404,-599.0058633622929,-1768.9306114501442,-421.20492952897126,-463.43065343209287,0.0,8,515,11974.0,167.0,4601.0,9,15,5,14
4530.727147402558,1147.2402033621931,0.0003099701102724412,-481.0025371840526,-723.2089451048727,-463.5517756922643,-519.0931877659945,0.0,5,655,17758.0,196.0,7392.0,9,12,5,10
4609.390484880323,1188.7936344307864,0.00029076438871518753,-463.51211425878336,-711.1272940588443,-450.32590736844656,-549.7214470995674,0.0,5,674,18159.0,185.0,7765.0,12,12,5,10
4884.620831053102,1242.2708790123454,0.0002889053947387401,-329.9026192006371,-490.46989840182204,-322.76507304030827,-410.85521833725994,0.0,5,818,19397.0,194.0,8138.0,14,12,5,10
8011.514495425735,2270.2895648646527,0.00038801418604416245,-150.73766726405287,-251.7029396871426,-143.23640206292723,-244.51993412743698,0.0156252384185791,4,1958,32619.0,416.0,16181.0,26,10,25,8
8384.221834543343,2370.4920682915886,0.000397180561898942,-109.98526010097817,-183.92538773811566,-105.18378652267467,-179.82866141123728,0.0,4,2280,34350.0,496.0,16964.0,25,10,19,8
8486.573826492055,2410.422278875633,0.0003861395486491005,-87.0502591696291,-155.7127546015139,-83.27394471632199,-152.48631675105224,0.0,4,2598,34860.0,553.0,17257.0,28,10,20,8
8771.029783825272,2509.5616669882147,0.00037347786390028387,-66.30184674015479,-117.90939928882108,-63.411941030506895,-115.82853384640794,0.0,4,3118,35942.0,685.0,17943.0,25,10,24,8
9695.589233963556,2649.448853849922,0.000459844523530462,-39.62178136043824,-64.53075039478509,-38.497912324528485,-63.686703689142334,0.0,4,4227,40475.0,902.0,18702.0,26,10,22,8
9111.005600485785,2628.550947448676,0.000339182041798282,-27.804271138852304,-49.70805254726302,-26.899748762585663,-49.04574110026975,0.0,4,4889,37913.0,1078.0,18897.0,27,10,23,8
10649.983926533254,3025.5054897900945,0.0004013196058479827,-29.240604354646056,-51.11779547000657,-28.43014554772503,-50.569210498451156,0.0,4,5476,44399.0,1190.0,21687.0,28,10,24,8
10984.465866148583,3108.4152228935995,0.0003786911789436371,-14.015451855746463,-24.29149911693503,-13.713607634538016,-24.080021987366642,0.0,4,8239,47361.0,1803.0,22407.0,24,10,20,8
7621.609576149253,2077.732284948344,0.00047201981873103545,-4.361328548178426,-7.084627340050233,-4.272763061089705,-7.0307977371046135,0.0,4,9710,34591.0,2249.0,12803.0,23,9,19,6
12211.538409771856,3564.065286240326,0.0003640684144178219,-6.22065233279104,-11.246703501496876,-6.1142318806342715,-11.170069768893297,0.0,4,14138,55579.0,3339.0,26340.0,21,10,17,8
7684.987125206088,2449.854162326131,0.00042235316906428843,-1.158416869338791,-3.2394501669673446,-1.1313442988296498,-3.2185663876132002,0.01562666893005371,4,16779,37599.0,4056.0,15284.0,19,9,15,6
7370.152423090267,2709.1961792199545,0.0004967124467073471,-0.8021971197589293,-3.6209224862758855,-0.7813972390659794,-3.600807764126439,0.0,4,17790,37089.0,4405.0,21102.0,18,8,15,6
8179.872347720348,3039.434420044295,0.0005117915448520453,-1.1273419535688278,-4.462832337234415,-1.1035204736372606,-4.439719723795347,0.0,4,18285,42075.0,4516.0,23972.0,18,8,15,6
7636.05509791105,2710.142191457243,0.0004819873836875387,-0.565403955988252,-2.5659772702438834,-0.5479067232738155,-2.5515293373828705,0.0,4,19998,39583.0,5233.0,19535.0,17,9,14,6
8974.124410631937,3460.8479497443977,0.0005174500082625992,-0.7709890801843093,-3.624130521191069,-0.7533951006948727,-3.6081975176830605,0.0,4,22524,48915.0,5952.0,27928.0,16,8,13,6
14023.292556493287,5284.348104110541,0.000582766485266475,-2.436462756432743,-7.233056458855801,-2.4073191918829853,-7.2037285267643565,0.0,4,26075,76768.0,7238.0,43940.0,14,8,12,6
12638.145192893879,4869.122756376827,0.0005796202364243096,-1.6178725676579142,-5.531428523171091,-1.5956382750008329,-5.5117895608041945,0.0,4,27082,71276.0,7494.0,40815.0,14,8,12,6
12144.429999403705,4715.4289196035315,0.0005502023534357842,-1.3514384398775072,-4.824483904598542,-1.3315817097537397,-4.807347293808179,0.0,4,27563,70369.0,7825.0,40221.0,14,8,11,6
17324.75540501943,6392.039644973791,0.0006165319058058464,-3.5439413306366,-9.088960360962544,-3.508776755896955,-9.056081719957797,0.0,4,28637,93236.0,8096.0,53462.0,14,8,11,6
16946.228106622035,6306.7347575495305,0.0005792553199966582,-2.8939993770561676,-7.799299451306521,-2.8640462762206034,-7.770097853379399,0.0,4,30315,94091.0,8810.0,53839.0,13,8,10,6
26996.47639739305,9449.18638638181,0.0006694216005310608,-7.6926941923640495,-15.405749676809233,-7.633799416689916,-15.341389046700922,0.0,4,33087,137397.0,9882.0,78856.0,12,8,9,6
27724.24466283978,9659.25533922431,0.0006399759734064659,-7.472394946878628,-14.459951329888462,-7.415684979081824,-14.399617128629924,0.0,4,34981,142193.0,10925.0,81464.0,12,8,9,6
37198.432106015345,12578.918880329766,0.0007182382239368099,-13.598615212655368,-23.735382087610404,-13.509506634824186,-23.600417853870223,0.0,4,35689,179775.0,11266.0,103146.0,11,8,9,6
52085.16546514228,17183.52297533163,0.0007751003400049021,-24.891691411405247,-39.961553406173124,-24.74891410415965,-39.560779404457605,0.0065114498138427734,4,37957,238956.0,12319.0,136807.0,11,8,8,6
46517.46662153278,15350.427081463673,0.0007035596984888744,-18.955359440652966,-29.607280679254092,-18.84391133843219,-29.334842600354786,0.0,4,38958,218789.0,12907.0,124702.0,10,8,8,6
2540.2084806172898,670.6002752509626,0.000349410837487226,-1031.1042354751849,-1424.611321568583,-992.778666448143,-984.200064171333,0.0,4,284,9768.0,99.0,4068.0,7,12,5,10
2616.168686027336,701.7129487903155,0.0003207365447656338,-876.8290595799867,-1529.8801718592022,-846.4311392760221,-1019.2694544670466,0.0,4,316,10109.0,98.0,4025.0,9,12,5,10
3154.60712358396,822.3782838005067,0.00042631817733050295,-625.9233463790827,-983.4538885843157,-601.9789715983718,-628.8063864758443,0.0,4,430,12366.0,149.0,5366.0,8,11,4,9
3844.454075848006,985.7761839193563,0.00021390784530650892,-661.4518860780311,-1314.9429536789032,-518.80540870551,-542.0822302633013,0.0,8,527,14590.0,164.0,5697.0,9,15,4,14
5114.142510194973,1432.5245234957295,0.0004246277888809152,-335.74675778513244,-566.0922193627993,-330.27237641486084,-468.110698651628,0.0,4,849,20576.0,247.0,10156.0,13,10,4,8
6039.341146978149,1716.2173248892461,0.00039707159071966414,-244.09207858880617,-395.74353321751477,-236.91100221570957,-376.0854331897977,0.0,4,1130,24500.0,276.0,12242.0,16,10,6,8
7364.215214043516,2059.7385857595295,0.00043506316050116305,-248.50318132548358,-406.3716682722797,-242.5356593279751,-380.7522586581336,0.0,4,1327,29823.0,323.0,14619.0,14,10,5,8
8756.0131617982,2426.9424630077247,0.00045472798309029156,-109.92996007900804,-182.5459288074122,-106.16012400820293,-178.14627218760717,0.0,4,2377,36012.0,515.0,17216.0,22,10,14,8
9498.165447315778,2648.725855246254,0.00042735964571279664,-85.65717247404544,-141.71429306725693,-82.33567280083321,-138.9137648659936,0.0,4,2896,38837.0,628.0,18792.0,26,10,22,8
8482.296901120002,2449.940551999851,0.0003173397036421648,-24.680668137825595,-45.42455823946235,-23.855070731531452,-44.76187339255793,0.0,4,4736,35008.0,1035.0,17556.0,30,10,25,8
10270.289457033332,2831.1296129666453,0.00044950414288781317,-26.366353227388192,-42.72945364960921,-25.677800476412532,-42.303659560202945,0.0,4,5616,43204.0,1227.0,20108.0,26,10,21,8
10357.636752355722,2868.954146694111,0.00042448420847543276,-21.747688481431812,-36.5559230113994,-21.21838455817513,-36.20685741074398,0.0,4,6199,43838.0,1345.0,20402.0,26,10,18,8
10630.799163966147,3080.7675805579147,0.0003411123096054918,-15.400887133942977,-28.23147234876515,-15.039631289124703,-27.96041489474847,0.0,4,7632,44954.0,1729.0,22220.0,25,10,22,8
11268.4949014387,3193.273299387845,0.0004082259267569563,-14.406840896512751,-25.232446710727576,-14.094872930528526,-25.01516115494775,0.0,4,8386,48483.0,1899.0,23052.0,24,10,19,8
11935.678373665376,3412.511365976188,0.0003858235280873679,-8.252696941025915,-14.13001311909509,-8.099282813274462,-14.025629658943448,0.0,4,11940,52705.0,2808.0,24753.0,23,10,18,8
7303.162760207617,2562.567238955237,0.0005032087254837643,-1.4454355546856061,-4.862478243767992,-1.4143194820795464,-4.83355253045449,0.015638113021850586,4,14632,35141.0,3506.0,18988.0,19,8,16,6
9334.35101408591,2589.7017383764487,0.00039886558054485566,-2.1075763088301662,-3.46731127884597,-2.0673391752677945,-3.4443235438185837,0.0,4,16915,45338.0,4306.0,18181.0,19,9,16,8
9972.574092542507,3801.807118277219,0.0005388041411197879,-1.3209383025579444,-4.950778885141384,-1.2982726071669721,-4.9292828809705425,0.0,4,21871,53589.0,5694.0,30630.0,16,8,14,6
11333.581768263582,4288.024779594524,0.0005620569386807341,-1.767799917031621,-5.994776753022209,-1.741970525276649,-5.969191761237642,0.0,4,22905,61102.0,6080.0,34948.0,16,8,12,6
11309.172211730765,4340.412070011325,0.0005539499720794062,-1.4572244301679826,-5.342741431647277,-1.434790276303803,-5.321810400611107,0.0,4,24383,62509.0,6567.0,35741.0,16,8,12,6
14839.465579227688,5574.710592263961,0.0005820470338324482,-2.622100283751963,-7.521062612493775,-2.5921962690951497,-7.489539034944919,0.0,4,27042,81680.0,7568.0,46737.0,14,8,11,6
15860.975644184586,5941.441731074201,0.0006011670350426682,-2.765208690876731,-7.664027876256114,-2.734634780946632,-7.636224852360318,0.01562643051147461,4,28707,87116.0,8162.0,49939.0,14,8,11,6
11459.008167703696,4573.124669149457,0.0005050758244617422,-0.7771838914239191,-3.6081670972484483,-0.7626332311491548,-3.594618061327221,0.0,4,30668,70550.0,8936.0,40236.0,14,8,11,6
26161.824538182856,9189.508205126285,0.0006695333539711315,-7.524758294311047,-15.47054210498353,-7.46565387884792,-15.40481110636777,0.0,4,32087,132904.0,9488.0,76281.0,12,8,9,6
26261.352852742562,9208.578050292745,0.0006455329167918213,-7.177146325098475,-14.596124725452913,-7.121139868767489,-14.535560009805394,0.0,4,33189,134685.0,10034.0,77205.0,12,8,9,6
29663.498296341975,10179.944877981903,0.0005927864734093178,-7.813590391547047,-14.241678064029978,-7.757701711416827,-14.17181647067034,0.0,4,37052,152442.0,11685.0,86895.0,11,8,9,6
48308.21867392666,15987.905184792555,0.0007509950750240431,-21.14025961145991,-34.25490380328421,-21.015178728655908,-33.960887728895266,0.0,4,37993,224738.0,12436.0,128613.0,11,8,8,6
63302.91521196582,20632.177437752824,0.0008770729857836587,-36.032392049971065,-53.9166525881442,-35.84209521370704,-53.151060214726584,0.0,4,39202,282142.0,12991.0,161505.0,10,8,8,6
2682.33983290087,699.6270286135797,0.0004059664644886372,-702.7307623143857,-1179.0231441044607,-666.9066267158759,-673.6046827067635,0.0,4,353,10472.0,140.0,3676.0,8,11,4,9
3185.524704947889,866.5861901738338,0.0004005621035554006,-795.2046184592665,-1238.6286312572238,-764.9163986784334,-839.071341643319,0.0,4,382,12455.0,125.0,5535.0,9,11,3,9
3498.5294296622355,958.1949841548819,0.0003028591979852131,-517.2705300282375,-1053.3829769038587,-457.2732865277413,-520.4390229166287,0.0,6,538,13591.0,177.0,5875.0,9,13,3,11
3892.6360209361164,1020.6763871247549,0.00031061786914891415,-554.3926639489691,-987.471619041401,-499.0479048243872,-529.3575908234222,0.0,6,548,15126.0,179.0,6474.0,9,13,4,11
3952.4533657837956,1060.4085143902346,0.0001859199275905288,-568.3462203595715,-1346.0696334760637,-483.1111739493778,-645.4923141819318,0.0,8,535,15036.0,162.0,5875.0,13,16,4,14
4397.037809109314,1112.6342662916309,0.0003209224287491265,-475.23300157535954,-711.6014983547568,-454.62837557912434,-485.62923417680634,0.0,5,639,17234.0,197.0,7202.0,11,12,4,10
5023.219116735487,1271.7261663209038,0.0002859453903853538,-307.6130646407666,-431.67481331956066,-301.0273598246121,-365.9513514218399,0.0,5,840,19930.0,215.0,8288.0,14,12,5,10
6354.929803080702,1788.5268757881909,0.00041285203132190623,-279.6340989226544,-452.29421771304163,-273.42214338357525,-417.12814357723096,0.0,4,1152,25743.0,289.0,12731.0,13,10,6,8
6438.0976324532385,1824.969386158756,0.0004100838702045125,-236.19136435524848,-398.59682846713633,-229.50957712522765,-374.5569385926068,0.0,4,1233,26145.0,291.0,12998.0,19,10,6,8
7637.285891706992,2140.7682105379836,0.0004310714340861231,-196.89815160214687,-331.25213499795643,-191.67397346890715,-315.00589525990836,0.0,4,1533,30983.0,339.0,15186.0,21,10,21,8
7714.877128261128,2181.247306588595,0.0004186798908956922,-254.10499853608235,-415.8985811315512,-242.90542902108072,-395.5935832750878,0.015625,4,1436,31146.0,317.0,15447.0,20,10,5,8
6820.483090172816,1947.2598054702407,0.0003525983477612022,-163.5673598872772,-278.21288554095975,-153.69465592840493,-269.5042687257368,0.0,4,1633,27777.0,354.0,13899.0,25,10,24,8
8216.218149945875,2329.4601753052857,0.0003650752950705096,-78.03837820988797,-134.42347889476576,-74.62694392444047,-131.46092911523704,0.0,4,2703,33880.0,583.0,16687.0,28,10,21,8
9971.139884896143,2796.922639259084,0.0004537826233171787,-63.54939948876019,-108.37639883021043,-61.38778370329456,-106.84642723396631,0.0,4,3562,40911.0,756.0,19865.0,29,10,24,8
9752.298718336446,2755.104283794596,0.0003899550842405406,-43.24056532623034,-74.67822046851902,-41.872974153292525,-73.64186624202695,0.0,4,4024,40462.0,892.0,19705.0,28,10,26,8
9765.533017966813,2660.5272934451673,0.00044078275712502215,-22.086671259196258,-34.95943974949925,-21.548581486476007,-34.61275831378528,0.015624523162841797,4,5785,41473.0,1314.0,18818.0,25,10,23,8
9226.831733794108,2468.1100520776354,0.0004615670013452483,-12.206761425469358,-18.91474574876515,-11.941906850390001,-18.74680281372532,0.0,4,7245,39916.0,1627.0,17021.0,24,10,21,8
9138.953901660007,2439.244414260285,0.00045528104629380595,-7.724869502019153,-11.937913773662634,-7.56779171813708,-11.83989442345496,0.0,4,9089,40053.0,2068.0,16624.0,24,10,18,8
9165.063423243908,2470.9274553461364,0.00044443931381187707,-6.010575550305994,-9.303915677485282,-5.896674778866218,-9.237258368637242,0.0,4,10484,40918.0,2365.0,16869.0,22,10,18,8
7846.838822762747,2231.2172639988844,0.00045644847808062086,-2.290233867230492,-4.327658617102587,-2.2443212834630026,-4.299152545360991,0.0,4,13367,37025.0,3135.0,14058.0,20,9,16,6
7332.371284669783,2572.7780219055044,0.0005028805160007649,-1.2587331485892386,-4.365763729139759,-1.2305398729845591,-4.339682705250306,0.0,4,15346,35655.0,3743.0,18998.0,18,8,15,6
8400.067750842847,3142.01634769246,0.0005084386509340932,-1.0609660746303153,-4.39582334084661,-1.038682092284282,-4.374089557840648,0.0,4,19047,43368.0,4895.0,24713.0,17,8,14,6
9638.898702004291,3635.891106099943,0.00053692088664108,-1.3702319967329517,-5.136130195780703,-1.3465013707262043,-5.113283601133823,0.0,4,20702,51322.0,5302.0,29291.0,17,8,13,6
12593.226700873107,4804.421891167899,0.0005645489220214603,-1.8704546486365796,-6.149249129436161,-1.845615161608844,-6.125251662982964,0.0,4,25525,69643.0,6920.0,39846.0,15,8,12,6
12780.639551844291,4904.070212163905,0.0005532209500081778,-1.6917923386155893,-5.652277459302531,-1.669339117382843,-5.631688948081702,0.0,4,27011,72357.0,7601.0,41380.0,14,8,11,6
14663.795029837376,5572.458694889537,0.000568287536466286,-2.05943520212183,-6.210163089640654,-2.0350728916502128,-6.187885750493095,0.0,4,29564,83461.0,8551.0,47751.0,14,8,11,6
21629.80738134685,7761.448318451911,0.0006038394549570109,-4.872362217819746,-10.760945938342488,-4.830864299935085,-10.716066379363397,0.015622138977050781,4,32052,115279.0,9576.0,65965.0,13,8,10,6
34123.65071813585,11674.681061400206,0.0007146935371296135,-12.028808993219837,-22.63955015618323,-11.945997637850386,-22.526935063012647,0.0,4,34192,166303.0,10426.0,95517.0,12,8,9,6
35936.828074298195,12198.400374980867,0.000719458714738203,-12.566349367329085,-22.256933942576346,-12.481278885651525,-22.14693200612992,0.0,4,35739,174951.0,11179.0,100404.0,12,8,9,6
52566.826423214225,17325.042919319134,0.0008130325211405605,-25.48657516832728,-40.51837662846056,-25.34212536080543,-40.15062720726981,0.0,4,38067,240612.0,12455.0,137929.0,11,8,8,6
65391.9847870963,21299.914657741785,0.000884823958218465,-38.09459882323812,-57.63584416856897,-37.89350877752326,-56.794505147658434,0.0,4,39183,290236.0,13104.0,166103.0,10,8,7,6
3829.7691355457637,970.0033749263047,0.00037352851254487094,-447.79379266662073,-766.9099270819936,-422.671855164766,-460.2900146066888,0.0,5,575,15014.0,193.0,5943.0,8,11,4,10
3894.7057420560413,980.7988514964596,0.000249155483915338,-615.4819119969452,-1268.4098501372537,-530.0521581837717,-588.3136481934258,0.0,7,543,14998.0,157.0,5257.0,9,14,4,13
4113.946427499188,1110.3873198123256,0.0003342970946893626,-704.6168793786759,-1121.014929971325,-690.9223808942368,-856.8060981376569,0.015625715255737305,4,486,16205.0,147.0,7242.0,9,11,4,9
5997.791232334339,1694.0971476964753,0.00041542109351930614,-323.0520146944864,-534.1838494482535,-315.82865000535884,-478.1949753626056,0.0,4,1026,24234.0,252.0,12047.0,13,10,3,8
6763.749677354764,1898.923189928966,0.0004333308518250539,-286.0558696040731,-469.5150201228627,-280.6898869081071,-428.15713570721306,0.0,4,1179,27328.0,308.0,13462.0,13,10,5,8
6952.100156307685,1965.5906978988953,0.0003821138729815648,-176.0565897593102,-287.3061241091992,-169.29199429207858,-276.2591543409662,0.0,4,1493,28290.0,341.0,14036.0,25,10,18,8
7842.41067383514,2224.4340104095395,0.00037351295048897886,-121.37853935609353,-202.29291581038572,-115.6096456201238,-197.0700924710803,0.0,4,2078,32063.0,460.0,15872.0,26,10,24,8
9308.74475124063,2619.78366234695,0.0004124586209534168,-70.62777722044223,-118.77906665977366,-68.24705219311144,-116.77009110477968,0.0,4,3070,38299.0,662.0,18677.0,28,10,21,8
10456.595692133746,2903.771780302876,0.0004426640967192092,-33.06551012567462,-53.60275615842931,-32.167105016607884,-53.00467580248506,0.0,4,5090,43598.0,1141.0,20590.0,26,10,21,8
10779.057814809234,2984.807224372567,0.0004469033606234539,-16.831937267708913,-27.950908332205433,-16.46106937568296,-27.70975199448545,0.0,4,7373,45789.0,1678.0,21177.0,25,10,22,8
9207.450625489844,2465.7841361826463,0.0004618466734838615,-8.901945114912527,-13.771042103564392,-8.720754650651077,-13.664183522024155,0.0,4,8553,40377.0,1931.0,17020.0,22,10,18,8
11456.649878000258,3255.422162843605,0.00039845426332016484,-13.264262810894149,-22.961740121821723,-12.988312235320743,-22.771681355837,0.0,4,9062,49339.0,2034.0,23480.0,24,10,20,8
7646.97438465589,2213.887919193291,0.00047637188714541405,-2.8831405404460826,-5.569953902715309,-2.8255368909183693,-5.531722488829284,0.0,4,11807,35099.0,2777.0,14016.0,21,9,17,6
7593.794600692067,2231.4315542382205,0.00046103201388643015,-2.416439076339494,-4.846728928849947,-2.368008771806104,-4.813051141845265,0.0,4,12607,35473.0,3037.0,14032.0,20,9,17,6
7660.147764294977,2383.663811586413,0.000448099352687291,-1.7179876115994346,-4.14516902677654,-1.6815969121990806,-4.118416983274815,0.01563405990600586,4,14730,36119.0,3471.0,14886.0,20,9,18,6
10413.511222905718,3984.0258977781086,0.000545483612348923,-1.2795190937399745,-4.949924671536005,-1.257884129519716,-4.929383892175411,0.0,4,23181,57066.0,6211.0,32602.0,16,8,13,6
13236.234401256273,5045.908793476487,0.0005938024262080993,-2.011448966789872,-6.397780039306366,-1.9855413415679442,-6.374697842434795,0.0,4,26581,73002.0,7351.0,41852.0,15,8,12,6
16536.50013039337,6130.234457180247,0.0005982314342684872,-3.256379833114507,-8.626278647506721,-3.2231248928951333,-8.59407222299607,0.0,4,28234,89674.0,7841.0,51363.0,14,8,11,6
23465.644356430956,8335.17718205498,0.0006488533788160141,-6.426904348932236,-13.951302454475602,-6.3726793819712375,-13.89470600965979,0.0,4,30746,120692.0,8889.0,69256.0,13,8,10,6
14512.466490056058,5536.63778746482,0.0005432088246689603,-1.7437963340190872,-5.289650478501817,-1.722827879735581,-5.27165367476494,0.0,4,31320,85437.0,9353.0,48777.0,13,8,10,6
28687.657912782517,9943.477858731487,0.000670898237628709,-9.286714340741522,-18.132166073582958,-9.217493557795564,-18.046026561427787,0.0,4,32176,142944.0,9510.0,82049.0,12,8,10,6
24753.554572399295,8748.844393928073,0.000611403659951977,-5.945230113347706,-12.23848681404479,-5.898165398902933,-12.189602042552643,0.0,4,34526,130010.0,10302.0,74413.0,12,8,9,6
59259.15149296914,19424.92626782446,0.0008524644147365908,-32.70832623012125,-51.31849596514794,-32.52650765586597,-50.75194661353141,0.0,4,37866,265954.0,12364.0,152611.0,10,8,8,6
2922.9462733116848,722.5672186147574,0.00036196925552823466,-835.1165947193756,-1243.4819409729696,-802.985123785475,-799.5541212578886,0.0,4,349,11321.0,109.0,4387.0,8,11,3,10
3377.6205829079345,849.8691565960806,0.0004465840864062964,-693.4997231125582,-987.3782704112085,-662.3713876860942,-602.6998625062859,0.0,4,448,13162.0,176.0,5495.0,9,11,3,9
3842.8956557883007,1060.47306284567,0.0002726116749116945,-420.0892914000023,-933.9246233084767,-387.37239839699373,-538.0640004781133,0.0,6,589,15042.0,184.0,6514.0,10,13,4,11
4506.797221974825,1147.284069811006,0.00030715276622438146,-436.4794968564964,-691.3248488678728,-421.47257330509944,-476.4732046332989,0.0,5,663,17723.0,204.0,7452.0,10,12,5,10
6379.659436116738,1806.9738687927947,0.0004253988490146185,-276.2603585942757,-477.6281594153024,-270.23925826516967,-435.4697523402049,0.0,4,1122,25785.0,271.0,12836.0,15,10,4,8
5990.380520572128,1701.2943540630076,0.00035313353619525963,-201.49807042945545,-331.77694943286923,-192.8308985496768,-316.22211100006155,0.0,4,1258,24296.0,277.0,12125.0,24,10,13,8
8387.361993400149,2379.3770521399083,0.0004136434635962464,-145.85725607988613,-248.13057675702657,-138.9389527340307,-241.40444851404104,0.0,4,2047,34169.0,450.0,16951.0,24,10,20,8
9470.12202325908,2635.597338997999,0.0004581038531888287,-100.037230043008,-165.348920981643,-96.3290471606153,-161.88289734638857,0.0,4,2647,38714.0,581.0,18673.0,30,10,26,8
9422.799542532463,2678.7770550041428,0.0003880103699252233,-50.835123924889366,-89.4525435332485,-48.99844551989323,-88.13926881288816,0.0,4,3742,38724.0,832.0,19138.0,28,10,25,8
7819.868702941885,2259.1232075003495,0.0003218307382175036,-30.615780287865405,-56.840340878129055,-29.458749777404737,-55.956462530111935,0.0,4,3987,31929.0,842.0,16118.0,31,10,29,8
10317.978803707148,2871.362662860034,0.00043424709838405434,-23.50945603318826,-40.09834110371132,-22.92597534050468,-39.70987318753775,0.0,4,5940,43607.0,1289.0,20516.0,25,10,22,8
10125.639970515444,2794.8879747973206,0.0004397254978180738,-18.6540087239654,-31.069531028032316,-18.22332016860629,-30.785691221792977,0.015624761581420898,4,6594,43215.0,1481.0,19865.0,26,10,21,8
10721.842726804629,2986.129026432046,0.00044255204632941364,-19.50608007261546,-32.576511329495744,-19.06001192495088,-32.28634640089243,0.0,4,6796,45552.0,1553.0,21285.0,26,10,22,8
10825.82783160638,3029.5620179876387,0.000407680447664304,-12.785701426713478,-21.55050100963838,-12.521059736000597,-21.37638033726873,0.0,4,8575,46940.0,1918.0,21825.0,24,10,20,8
8115.087310836526,2122.0304422690706,0.00048142913633878186,-5.613854539200573,-8.392036971158973,-5.5009762397677475,-8.329117049836047,0.015625,4,9380,36120.0,2096.0,13660.0,23,9,20,8
10710.938867675575,2987.066115633644,0.00041679134967102354,-7.309230868525487,-12.41993133409862,-7.173857384240964,-12.332180776831715,0.0,4,11328,47602.0,2554.0,21319.0,23,10,18,8
10502.370519613656,2928.506439936576,0.0004235449448354996,-5.16762635238042,-8.411647900245153,-5.075345263913118,-8.354587721894552,0.0,4,13075,48006.0,3150.0,20997.0,21,10,17,8
7520.914856668037,2667.6579967267166,0.0004589745275750213,-0.5600986794089897,-2.5712379051136165,-0.5429711909157025,-2.5567052849636815,0.0,4,19823,39053.0,5088.0,19105.0,17,9,14,6
7501.934072152105,2705.736084768185,0.00043877028729428163,-0.19571879972917094,-1.7669584786702797,-0.1832874164368039,-1.7564166643013128,0.0,4,22996,41340.0,6256.0,19523.0,16,9,13,6
13498.3511851911,5101.914256760234,0.0005782284715806755,-2.3063532441551717,-7.0939483588208,-2.2782859952213546,-7.066358569898094,0.0,4,25622,73794.0,6932.0,42265.0,15,8,12,6
8919.153679838873,3657.356919336239,0.0004615458682471597,-0.24365273561053824,-2.444495298914687,-0.23282120057288935,-2.4339722524968734,0.0,4,28043,55641.0,7885.0,31641.0,15,8,12,6
18043.918459841716,6653.468242672388,0.0006081280863796672,-3.5232574842196227,-8.97006291570517,-3.4890256947631118,-8.939459516358337,0.0,4,30016,98236.0,8738.0,56291.0,13,8,10,6
19938.013107556213,7248.068312344791,0.0006044788498629366,-4.1015237264326325,-9.621220894472525,-4.064512657095251,-9.587148139155312,0.0,4,31774,107948.0,9236.0,61798.0,13,8,10,6
2655.572562634406,657.2191098357787,0.00038970052259776794,-907.6045677485923,-1229.0971777544098,-865.795490895494,-777.4501976916049,0.0,4,325,10260.0,113.0,3926.0,7,11,4,10
2672.1168438306236,719.5149045827103,0.0004339330382099028,-608.6099286393866,-982.9560332320397,-577.9326108125615,-621.5085311065363,0.0,4,387,10454.0,138.0,4552.0,8,11,4,9
2763.351094384015,741.7398044462761,0.0003237149609500293,-1041.1500569740842,-1611.1820380346567,-999.4549132183399,-1092.8982291207574,0.0,4,293,10665.0,98.0,4502.0,9,12,5,10
2933.0759060810774,767.2631352736817,0.00031442123270789495,-1774.9121044865065,-3087.3102363396965,-1665.037354963129,-1608.6067728544676,0.015623807907104492,4,244,11272.0,91.0,4163.0,8,12,4,10
3345.4517709994466,855.9856769635031,0.0004178191161668116,-756.3938002755671,-1173.6454437334994,-724.7829537665175,-736.3281518625317,0.0,4,420,13039.0,145.0,5557.0,8,11,5,9
3599.109979680162,925.7406044171697,0.00039513552901456535,-655.2572080923924,-920.7279526914432,-638.0092617490111,-664.6977190157539,0.0,4,481,14104.0,153.0,6092.0,8,11,4,9
3912.0450029700783,1051.4823371142086,0.0003702635887510339,-316.1124122561013,-527.5091889481771,-304.25347317600784,-374.2390181513214,0.0,5,733,15619.0,198.0,6057.0,9,11,3,9
4088.1497273887103,1053.1129839619523,0.0002036833641512571,-580.1405264945078,-1131.4429213604124,-520.291176107741,-622.1841678758798,0.0,7,560,15681.0,176.0,6202.0,11,14,5,13
4499.732535911089,1140.4288759289777,0.00030159468560776736,-411.2973158081134,-625.0489501239542,-398.5171968687114,-465.02092677033477,0.0,5,694,17694.0,199.0,7338.0,10,12,6,10
4439.742215207995,1269.8976131628356,0.00039074027765620596,-341.24752966835126,-604.8056867372522,-335.57846455594705,-494.42163570699483,0.0,4,742,17875.0,223.0,8876.0,9,10,4,8
6115.023043531125,1719.0836554930459,0.0004307187581789554,-313.57472136780336,-534.4641830929418,-308.39840731647985,-465.99656937506563,0.0,4,1101,24719.0,283.0,12190.0,12,10,5,8
6450.426173743613,1813.5378580277832,0.00044250362632963054,-299.9126141693758,-471.5048981021164,-294.0791079714709,-431.332596316284,0.0,4,1128,26075.0,286.0,12891.0,14,10,6,8
6529.552140556809,1865.9323546375772,0.00038470615261520065,-195.6119169491589,-317.9026239729086,-185.64868821721316,-307.0995559925374,0.0,4,1431,26517.0,312.0,13336.0,25,10,20,8
6770.158893076292,1931.6023195350883,0.0003692033367049122,-179.88411724120925,-315.39006825448325,-169.3866676113737,-305.37022673624307,0.0,4,1574,27511.0,323.0,13791.0,25,10,22,8
7252.06272236849,2082.2401573585757,0.0003522317956489029,-88.62879897666188,-152.72538810694388,-84.31264294566003,-149.8036789764262,0.0,4,2333,29718.0,513.0,14914.0,27,10,21,8
9229.196386332886,2553.024797095268,0.00044990506732099,-70.16166890507435,-119.37158337369611,-67.88147437383171,-117.06262382463768,0.0,4,3062,37947.0,657.0,18074.0,27,10,23,8
10192.603662807816,2892.230016570259,0.0003979578508465313,-37.663662399447766,-64.76309931617578,-36.507880309783815,-63.98329457908261,0.0,4,4664,42235.0,1060.0,20668.0,27,10,23,8
10662.402420909495,2986.787554519627,0.0004119293033192322,-19.048991448871625,-32.35235747598313,-18.613619992369802,-32.063453173172135,0.0,4,6902,45415.0,1493.0,21440.0,25,10,21,8
10611.516361953178,2948.4260667063254,0.0004140316140906582,-9.316737069379403,-15.50741587065875,-9.132961871829085,-15.389060349400275,0.0,4,9862,46582.0,2187.0,21004.0,23,10,21,8
7586.708758167141,2169.5453512775434,0.0004704534323208409,-3.1328519770191807,-5.8684663510126205,-3.0703499483686807,-5.824977964020092,0.0,4,11308,34860.0,2596.0,13769.0,21,9,19,6
7150.994493774974,2347.0403370521776,0.0004819647952985806,-2.3051473458559815,-6.046659454449469,-2.258094088618247,-6.006245577722289,0.0,4,12092,33288.0,2795.0,14792.0,21,9,16,6
7518.653578628068,2518.3360081609444,0.0004704769129618487,-1.1823864604547603,-3.6785803290813064,-1.1551114105541709,-3.656900269947159,0.0,4,16228,36571.0,3998.0,15993.0,19,9,16,7
9579.265977446637,2681.3571754026602,0.000394041150146803,-2.11222240042206,-3.623394194698961,-2.073258215061075,-3.6004415920512463,0.0,4,17514,46529.0,4372.0,19041.0,19,10,17,8
7412.0089417163645,2712.2959696691164,0.0004745606648445387,-0.4772433126590063,-2.582464346544181,-0.4609679096423591,-2.567726424697668,0.0,4,20333,38784.0,5293.0,20482.0,17,8,14,6
8304.95065959656,3273.2743258853206,0.0004845862001464852,-0.36337319674252355,-2.7506376972916446,-0.3502876094329428,-2.73830378707148,0.0,4,24181,46963.0,6400.0,26745.0,16,8,13,6
16656.753474567005,6161.235401010634,0.0006050148157772607,-3.419597690007274,-9.102257020680538,-3.384866595227426,-9.065019535785142,0.0,4,27727,89808.0,7805.0,51458.0,14,8,11,6
20029.836644366325,7245.482289272859,0.0006429301463214049,-4.9088626385572764,-11.587954415807465,-4.864393048329873,-11.538910501485196,0.0,4,29123,105113.0,8233.0,60309.0,13,8,10,6
23196.881700008013,8257.834701562711,0.0006053128492607642,-5.357838925283126,-11.431951457731655,-5.3137065613611965,-11.385971377565127,0.0,4,33387,122921.0,10029.0,70344.0,12,8,10,6
35952.203365631845,12208.07048721596,0.0007155099554166907,-13.711170540222486,-24.71855315746124,-13.619961957238221,-24.582802814160043,0.0,4,33979,173267.0,10481.0,99443.0,12,8,9,6
33365.55418298188,11374.796030680433,0.0006790234413728861,-10.570853622052354,-18.899698685795794,-10.498052854052037,-18.809791273138284,0.015625476837158203,4,36085,165554.0,11431.0,94840.0,11,8,9,6
2480.368886375573,687.7818816068556,0.0004345499893350314,-550.1992719290768,-921.8532796784094,-526.3704713730594,-591.6046135560858,0.0,4,376,9723.0,130.0,4254.0,7,11,4,9
2614.1855487576495,723.5282691436458,0.0004342262067042922,-633.2668654112663,-1032.082961832028,-606.981359238157,-662.5648538945926,0.0,4,337,10256.0,121.0,4523.0,9,11,3,9
3358.3948267736478,849.8436498360546,0.0004272245710158007,-677.5690769991758,-905.6650015692018,-649.4976942780087,-574.2335858926308,0.0,4,435,13122.0,172.0,5553.0,8,11,4,9
3697.9710411322358,941.1600792303306,0.0003471105648146722,-479.41119636156003,-759.6946016104199,-446.7839070481917,-454.376245834816,0.0,5,567,14427.0,186.0,5986.0,8,12,4,10
4114.0154641886475,1022.0518679760501,0.00031450857776609177,-853.143761628618,-1134.4219269737762,-838.1508965152684,-878.7353196204986,0.0,4,462,16077.0,134.0,5880.0,12,11,6,10
4248.233237724274,1080.0681118872965,0.0003232402457560018,-466.8446527149032,-722.1301365817136,-443.47054084981005,-474.55904010364804,0.0,5,641,16648.0,191.0,6994.0,9,12,3,10
4408.249941571873,1111.7063129782925,0.0003305452131335196,-506.0987142828576,-750.8241417856424,-485.63644570571284,-526.7981265064219,0.0,5,632,17242.0,180.0,7091.0,9,12,4,10
5179.0133632446505,1461.2141498311144,0.0003910038567326088,-336.320493150571,-517.3540230146665,-329.88485143046853,-454.2308022062873,0.0,4,855,20885.0,239.0,10409.0,12,10,4,8
7055.834318284645,1985.2476571996417,0.00044235778051543944,-330.32841732310516,-532.594518396839,-320.1689331791269,-478.6241228744199,0.0,4,1186,28464.0,325.0,14085.0,16,10,4,8
9638.212339108846,2701.442325021333,0.00044688844391837796,-73.3903417306146,-123.34211591663455,-70.78065614132717,-121.30761069894089,0.0,4,3116,39568.0,670.0,19211.0,26,10,23,8
9718.277588196892,2762.599477846906,0.0004053915463786159,-53.20868344440252,-94.2500172215175,-51.24364837445332,-92.92651785601345,0.0,4,3790,39851.0,800.0,19700.0,30,10,24,8
9762.783058743205,2777.101165859225,0.0003875965774422405,-40.513485892258494,-70.83021548030958,-39.19874210687924,-69.95089874552689,0.0,4,4398,40308.0,987.0,19853.0,27,10,24,8
10557.915171112934,2955.1982907243296,0.00040984578608249976,-18.743514626787757,-31.91281837681997,-18.30622296572639,-31.608682137163022,0.0,4,6767,45044.0,1508.0,21191.0,24,10,20,8
11221.01196323962,3187.072425570736,0.0003871840589052811,-13.866644056865793,-23.700586334315073,-13.568728219739098,-23.4955259788945,0.0,4,8514,48118.0,1926.0,22873.0,23,10,18,8
10174.520273293807,2785.2997931102495,0.00043534395501068044,-7.405082545668202,-12.042393317048859,-7.2636897647470455,-11.953826422356064,0.0,4,10572,45045.0,2393.0,19682.0,23,10,18,8
9311.21522681116,2529.0911328643997,0.00042238845792546485,-5.229692749866309,-8.334683797036286,-5.135051496925362,-8.27862492193047,0.0,4,11385,42289.0,2617.0,17691.0,21,10,16,8
10837.486202413362,4112.189280308402,0.0005594763192661933,-1.6437312909217767,-5.761048115288879,-1.6184683329585572,-5.737413137128791,0.0,4,22342,58299.0,5836.0,33342.0,16,8,13,6
11568.945982492673,4424.37325952313,0.0005676158121400686,-1.65969120759733,-5.76099735954769,-1.6358236620659197,-5.737666636163155,0.0,4,24067,63598.0,6566.0,36369.0,15,8,12,6
18562.128618899915,6764.777674808192,0.0006225551925248393,-4.310294975397272,-10.556832677332554,-4.269717186564685,-10.515521763806657,0.01563286781311035,4,28249,98207.0,7906.0,56322.0,14,8,11,6
28235.22703833369,9825.04986787599,0.0006694208658801134,-8.377481426046156,-16.4048608345103,-8.31592254369836,-16.336161045472853,0.0,4,33531,142732.0,10062.0,81860.0,12,8,9,6
35097.88931495145,11921.642077890669,0.0006953840397749311,-12.286940150971851,-21.98101859800858,-12.205432936748627,-21.860992831441735,0.0,4,35119,171304.0,11002.0,98182.0,11,8,9,6
23776.98896123098,8368.855758604836,0.0005634478159392462,-4.886227714406034,-9.66749322965291,-4.847626050044988,-9.629053748720773,0.0,4,36336,128869.0,11662.0,73433.0,11,8,9,6
59047.89492216961,19356.104810024837,0.000853759679775614,-32.16720533845962,-50.33644261346757,-31.990765266832128,-49.81053342011413,0.0,4,38225,265356.0,12589.0,152227.0,10,8,8,6
2474.827167787009,687.6574895372454,0.00043143791469110715,-555.8273062098408,-993.9001471348654,-528.5773343683657,-611.5213812045633,0.0,4,369,9708.0,124.0,4245.0,8,11,3,9
2819.3376623183444,753.2207719188312,0.0004194996078040304,-645.4541161911665,-1017.1856539295595,-617.7158874260051,-654.3791599562189,0.0,4,381,11028.0,134.0,4789.0,7,11,5,9
3072.0849936701516,757.070938717106,0.0003729144216959218,-1069.5873101643363,-1349.9656361422433,-1028.7718448252756,-894.5399767842924,0.0,4,344,11883.0,120.0,4430.0,8,11,5,10
3471.5394187838647,912.1073098494777,0.000325638437703418,-466.16008745465575,-914.8044661139548,-414.92766294456305,-461.2648076373795,0.0,6,531,13496.0,166.0,5719.0,11,13,5,11
4041.4986029806737,1029.265604307521,0.0003546893687344329,-352.32782485039314,-531.3824175562285,-339.5597275742603,-372.20758671541626,0.015625,5,703,16008.0,211.0,6213.0,10,11,4,10
4908.076138258999,1242.6636077817934,0.00032130109436690857,-433.78586868533637,-639.5848124010673,-421.1360679169636,-487.077632107728,0.0,5,716,19316.0,197.0,7718.0,10,11,4,10
6955.447501628969,1966.9123460600204,0.00041206727415753994,-303.2601568082146,-491.88603780664886,-291.05696130492646,-463.90481704202926,0.0,4,1236,28043.0,293.0,13952.0,17,10,5,8
6089.903264488964,1741.2174769635565,0.00035900248144356365,-178.96999578184005,-298.31160325975526,-169.92349767621744,-286.66430783889,0.0,4,1367,24820.0,291.0,12466.0,28,10,20,8
8738.772596285095,2479.0824642563493,0.00041346655837728834,-120.64609221387565,-199.82881499971634,-115.14991444510007,-195.14984130656134,0.0,4,2294,35590.0,514.0,17652.0,26,10,25,8
9680.012221281886,2650.577672885667,0.0004601002722015831,-37.02233752459779,-59.71182630701369,-35.94585036606493,-58.977860602399474,0.0,4,4383,40510.0,966.0,18748.0,25,10,22,8
9142.956878908668,2463.4830503949756,0.00047013212075390845,-20.428844732082762,-31.990995285474803,-19.938123963146396,-31.67480521342116,0.0,4,5669,39028.0,1211.0,17182.0,25,10,19,8
10969.432853388547,3064.361910197075,0.00045118612137807584,-17.801063677447953,-29.521473940170715,-17.408020709420008,-29.27553070641865,0.0,4,7350,46733.0,1685.0,21826.0,25,10,21,8
8037.990813163448,2112.320352321904,0.0004753182100567332,-6.286522269174291,-9.455927973015521,-6.158756734960653,-9.382871117887158,0.0,4,8723,35673.0,1987.0,13470.0,22,9,18,8
7128.65619202993,2342.5580902615843,0.000492684777364424,-2.226793350486057,-5.935232659542918,-2.181496028030211,-5.8967139484480215,0.0,4,12162,33288.0,2918.0,14748.0,20,9,18,6
7347.614426493586,2651.486750784045,0.0005208616493817034,-1.3481457424196739,-4.950148810725654,-1.3197658783870185,-4.921442752068209,0.0,4,15060,35768.0,3618.0,20369.0,19,8,16,6
7706.924182458698,2334.639461815607,0.0004316822469593103,-1.4704182167277127,-3.3493886134089133,-1.438435678375515,-3.327712432410606,0.0,4,15521,37367.0,3762.0,14640.0,20,9,16,6
7462.265787083929,2494.573569102877,0.00046265084408583725,-1.1455456692972725,-3.561188481981735,-1.1189588986614378,-3.5396995268061158,0.0,4,16054,36658.0,4051.0,15836.0,19,9,15,7
7772.513544670304,2854.895968259322,0.0005278865744375112,-1.0907332260168991,-4.418177163194515,-1.0673071866703774,-4.395964438127548,0.01563286781311035,4,17290,38739.0,4207.0,22088.0,18,8,15,6
7440.438772344008,2530.057529813634,0.00044930672088625966,-0.8041185597459293,-2.8906216668972875,-0.7834940197071782,-2.8742038862369905,0.0,4,17928,37814.0,4565.0,16252.0,18,9,14,7
7507.107623085161,2583.171893477087,0.00042011769363328,-0.6485825460368928,-2.557422319082859,-0.6300671232960466,-2.5423415922971175,0.0,4,19183,38447.0,4934.0,17021.0,18,9,15,7
10194.443488060053,3831.2355165577246,0.0005605318975124906,-1.7664196102629894,-6.068448232188639,-1.7391613011535232,-6.041802032951506,0.0,4,20241,53709.0,5238.0,30716.0,16,8,14,6
10874.446502198016,4294.60914742735,0.000499507749741186,-0.9041815834718714,-3.930986010016043,-0.888135132884806,-3.915510376741146,0.0,4,27556,64943.0,7712.0,37014.0,14,8,11,6
15899.983705442384,5921.682994688532,0.0005964091267858008,-2.925769257781388,-7.841506439851143,-2.894663523895293,-7.811750744915075,0.0,4,28180,87230.0,8142.0,49961.0,14,8,11,6
14615.551093641092,5587.677071206185,0.0005550142417587889,-1.8625985847701458,-5.684203951595796,-1.8401767567785936,-5.665080886507875,0.0,4,30881,84740.0,8994.0,48452.0,13,8,10,6
23606.936245430777,8397.220101765823,0.0006597268937478626,-6.13297207257466,-13.096623298471421,-6.08272494082668,-13.046738468661545,0.0,4,31832,122386.0,9482.0,70236.0,13,8,10,6
33649.453054773665,11477.48124453924,0.0007028630650923294,-11.799522862395037,-21.384085617797673,-11.718894556578253,-21.264274505138218,0.0,4,34433,164668.0,10435.0,94438.0,12,8,9,6
64907.249273964,21178.927378558386,0.0009009412455847841,-39.09175283989437,-59.91154845907707,-38.88406162005166,-59.136435325922854,0.0,4,38344,287502.0,12662.0,164982.0,10,8,8,6
51164.83335097783,16805.711033256917,0.0007387640169534634,-22.835411360541997,-35.031352252081724,-22.7060932870817,-34.66840412808242,0.006506443023681641,4,39399,236648.0,13032.0,134803.0,10,8,7,6
2838.1416675352907,727.8102502827688,0.0003985063335766932,-694.9075901743395,-1115.365675355277,-668.1815285021057,-676.0622480669181,0.0,4,371,11090.0,140.0,3801.0,7,11,4,10
3046.8338467306244,788.5566654231853,0.0004469703537648516,-695.5891423859059,-1055.285504687264,-663.7908747215581,-647.8672815529021,0.0,4,404,11903.0,149.0,5134.0,9,11,3,9
3221.7739353223687,817.3556759913452,0.0002845863166428693,-602.9805801964861,-1486.5466768889044,-452.0646614342728,-443.6227802330136,0.0,7,516,12340.0,176.0,4228.0,8,14,3,13
3462.2000968194584,939.205543043339,0.00038376937709481794,-854.7669616888678,-1332.9371576755184,-824.5955426998357,-882.8338424530258,0.0,4,400,13537.0,137.0,6035.0,8,11,4,9
3939.5688195804532,1016.6778198985577,0.0003253573300244573,-478.2197917887852,-879.1249755404081,-453.00203437923756,-532.0954120667525,0.0,5,568,15437.0,188.0,6529.0,11,12,4,10
6127.030738185232,1719.690264020433,0.00046119010626649587,-348.497736402731,-579.5917617938231,-343.3958021402127,-502.04341632218427,0.0,4,998,24655.0,261.0,12179.0,13,10,5,8
6235.28422317299,1759.784983314723,0.000408564876528414,-263.4610631242714,-430.8942785163197,-256.50789499097704,-397.3831908385236,0.0,4,1187,25300.0,275.0,12536.0,17,10,7,8
9083.726362292075,2540.797984065898,0.00043875756184213555,-96.82952508904216,-159.63075904666184,-93.43987535205935,-156.39963945604492,0.015624046325683594,4,2652,37129.0,570.0,18002.0,26,10,20,8
10078.28996479975,2793.7011181405933,0.0004525772910979988,-33.37824525711059,-55.292425587159045,-32.46287845807317,-54.65307941170289,0.0,4,4751,42268.0,1085.0,19913.0,26,10,21,8
7189.09821433931,2075.5516786708376,0.0004951046964547474,-4.030500782247273,-7.4572276569366505,-3.9492971390399747,-7.400428383929894,0.0,4,9626,32798.0,2243.0,13036.0,22,9,19,6
7863.143057301154,2102.1954570361277,0.0004903458268607985,-4.328035975965477,-6.7619716176868705,-4.243707225801872,-6.715212559222812,0.0,4,10161,35552.0,2352.0,12958.0,21,9,18,8
7922.813003967299,2188.8426617545324,0.0004700699223868853,-3.0077258270451948,-5.126667387717542,-2.9478858516755033,-5.091490445196321,0.0,4,12092,36428.0,2837.0,13733.0,22,9,17,6
7225.167007873705,2520.867432964957,0.0005237434867909178,-1.456805382951257,-4.807034158877146,-1.4257965274522415,-4.77818860149004,0.0,4,14437,34629.0,3507.0,18632.0,19,8,15,6
7612.616448206228,2565.2409060846508,0.0004838011395237275,-1.2223859128544508,-3.8023134376737158,-1.1952489792191847,-3.780647259895046,0.0,4,16286,36588.0,3969.0,16788.0,19,9,16,6
7964.706034018665,2948.0057224475217,0.0005271909347481179,-1.2288396657665728,-4.673216391344883,-1.2040118063091199,-4.648408420977447,0.0,4,17207,40611.0,4267.0,23141.0,17,8,14,6
7664.5196420747725,2906.32854553358,0.00048561378244683543,-0.5265186111687528,-3.057920365059691,-0.5105398998785238,-3.042208110284406,0.015624761581420898,4,20517,40543.0,5237.0,23065.0,17,8,14,6
9129.285231239812,3498.145148384593,0.0005212363020978386,-0.9623883870298646,-4.152875684628481,-0.9429529073453415,-4.133813439129257,0.0,4,21861,49858.0,5674.0,28426.0,16,8,13,6
11280.526037250362,4277.044816761139,0.0005675603924256822,-1.7825939761807845,-6.092917846647134,-1.756783283891774,-6.067309699958994,0.0,4,22780,61273.0,6037.0,35031.0,15,8,13,6
20423.17173937078,7374.852367872639,0.0006276569790391836,-4.854166248600626,-11.188461136044232,-4.811248688434145,-11.14511152399446,0.0,4,29964,107890.0,8807.0,61844.0,13,8,10,6
31276.043705273318,10758.191926194351,0.0006962265979200357,-10.430323634274634,-19.62410759139929,-10.355906658994181,-19.526385397060615,0.0,4,33668,154685.0,10337.0,88751.0,12,8,9,6
38711.223380764095,13096.75075837833,0.0007670213110556913,-15.445550912598168,-27.747730732315123,-15.343532409555944,-27.596322224796072,0.0,4,34850,184535.0,10684.0,106058.0,12,8,9,6
32681.978872155218,11159.95973755058,0.0006682147909766806,-10.082092742764397,-18.09106430512549,-10.011289471456687,-18.002962787878037,0.0,4,36378,162972.0,11482.0,93264.0,11,8,9,6
66059.03289530131,21482.565546226473,0.0008890559355808443,-38.659605160896874,-57.32755350773179,-38.45811319767247,-56.45433748000372,0.0,4,39583,292875.0,13395.0,167419.0,10,8,7,6
2502.3059615083043,661.3090947129035,0.00028676898086868534,-1877.1686021134406,-2659.0623351663576,-1746.6642525490695,-1475.6987504726399,0.0,4,211,9523.0,90.0,3748.0,9,12,3,11
2633.049879259158,723.0968195315664,0.00044024065221271054,-661.4052601217122,-1067.2008379330985,-631.6641894827096,-670.4838429874179,0.0,4,352,10314.0,124.0,4544.0,8,11,3,9
2846.209387062027,756.1075485670011,0.000439835147942009,-714.3353729474162,-1173.624991890527,-681.6038523823944,-727.5128337458865,0.0,4,387,11123.0,130.0,4850.0,8,11,4,9
2865.8924966026434,799.4139259482537,0.000422284155906106,-763.1550889738712,-1225.1215195776365,-733.659468348769,-795.0947117651101,0.0,4,360,11213.0,128.0,5012.0,9,11,4,9
3417.448224126202,889.1449544365643,0.000388679071151554,-599.1367766357733,-859.9869479533522,-582.5701213069461,-623.336018053004,0.0,4,474,13407.0,153.0,5802.0,8,11,5,9
4147.041226726618,1080.8499561269243,0.0002875224946928564,-417.7623495478402,-750.3709760587067,-390.8366075669673,-488.2093348814341,0.0,6,633,16227.0,176.0,6889.0,12,13,4,11
4676.901518155617,1204.1956651640962,0.0003279657212843219,-357.95108394796404,-514.3093733592698,-348.93032560050744,-400.83230345507457,0.0,5,765,18568.0,211.0,7123.0,11,11,4,10
4927.551981087139,1246.4374411645545,0.00029597613305238973,-368.5757634668548,-541.795581959701,-360.10808575206164,-443.24258619460784,0.0,5,770,19471.0,202.0,8157.0,11,12,4,10
4875.7528822142995,1278.1873266877838,0.00031816222137831697,-309.06741801909897,-450.6580557411847,-302.04551640277526,-386.59313649544157,0.0,5,844,19476.0,232.0,7339.0,11,11,7,10
6108.986504698086,1734.1735844007467,0.00037249446133616286,-249.48393552627314,-384.3896547981763,-237.66050526024085,-364.75843557863476,0.0,4,1217,24803.0,281.0,12358.0,23,10,5,8
8123.86365707537,2250.683817383804,0.00046111192039927133,-152.19293798652762,-245.13903546843576,-147.70597569342638,-233.37581486179127,0.0,4,1893,33202.0,404.0,15975.0,18,10,15,8
7139.599305253995,2020.1814713246267,0.0003746336349506988,-214.98437050381705,-338.8807059829267,-203.02185553259042,-326.66848310432135,0.0,4,1464,28930.0,322.0,14402.0,27,10,8,8
7421.156130448948,2112.6163182966598,0.0003811608238685793,-120.18009007184853,-206.9625443466083,-115.08307550128785,-201.84059754322305,0.0,4,1940,30188.0,405.0,15077.0,30,10,22,8
9608.30615491964,2730.9408329975463,0.00041547127324610363,-58.04024499668137,-103.5165275808788,-55.9196472946767,-101.99558665845018,0.015624761581420898,4,3581,39445.0,764.0,19492.0,27,10,25,8
8557.745059301546,2258.872059052187,0.0004898766411739867,-12.605272669922574,-18.663230689507667,-12.333469413402486,-18.494879241979366,0.0,4,6586,36916.0,1475.0,15325.0,25,10,20,8
7667.901976339421,2008.3648640332597,0.0004957969769227744,-7.055113793077512,-10.488595301036124,-6.905237945404877,-10.39976400956665,0.0,4,7804,34162.0,1745.0,12814.0,22,9,20,8
10638.404280992208,3091.8454305910354,0.0003408959856386741,-14.026979721476437,-26.15848050674774,-13.70509497640045,-25.90894565596089,0.015625,4,7947,45068.0,1839.0,22322.0,26,10,22,8
10148.713244585902,2780.3610639327644,0.00044972035778952606,-9.347965495226214,-15.081443553076145,-9.165034290705295,-14.968913516565346,0.0,4,9377,44487.0,2098.0,19652.0,24,10,19,8
7161.960914122379,2200.9594380443878,0.0005103209242350225,-3.4221043555150343,-7.498411805644965,-3.3525900069215258,-7.447805386842134,0.0,4,10296,32325.0,2371.0,13842.0,22,9,19,6
8511.048815975424,2267.8092976299104,0.00047081577724426556,-4.772126248891696,-7.311665094101198,-4.680288952121471,-7.26118897809293,0.0,4,10810,38378.0,2441.0,14897.0,22,9,19,8
7310.542712411986,2410.5450671649623,0.0005239891920014192,-1.7763084221990706,-4.898392866747863,-1.7405565739002835,-4.870896593427637,0.0,4,13701,34612.0,3296.0,15703.0,19,9,16,6
7239.895177935935,2630.7876177265493,0.000494327853209802,-0.8194085887223503,-3.4515406222292446,-0.798619293519184,-3.432333521635634,0.0,4,17373,36612.0,4454.0,19982.0,18,8,15,6
10770.596244328042,4099.4522919226665,0.000563749741770264,-1.5543893185902866,-5.542727980765089,-1.5304605169929015,-5.519389456155426,0.0,4,22777,58724.0,6010.0,33581.0,16,8,13,6
41452.987195712645,13872.582341919378,0.0007249029209286194,-16.732769371298954,-28.256658419034718,-16.62949159635828,-28.063394094802273,0.0,4,36418,196735.0,11655.0,112725.0,11,8,8,6
3067.826347758295,779.3669773711654,0.0004538161480921003,-575.2895398362781,-889.3900790181195,-549.8384797266073,-532.7774030385002,0.015625476837158203,4,428,12011.0,156.0,5062.0,8,11,4,9
3401.8980853831195,889.1203049456618,0.0003887862097082808,-604.9546239081643,-841.9212465373226,-586.1311801567526,-610.0940788703954,0.0,4,468,13354.0,144.0,5807.0,10,11,5,9
3392.283471194023,919.3073074505146,0.00030973005923801974,-488.46752311503343,-1110.1465595526572,-419.6489636445394,-477.6085308913456,0.0,6,540,13168.0,198.0,5643.0,9,13,4,11
3774.631583843647,961.3066736652427,0.0004010715411207955,-752.9590177722063,-1086.2426994188336,-726.6366410390392,-686.0569715736916,0.015624761581420898,4,455,14764.0,179.0,6359.0,10,11,4,9
3855.299836793365,1007.3947692204043,0.0003684406980534975,-352.54535463680156,-590.6954016862372,-335.94751783917565,-391.985242316005,0.0,5,648,15274.0,194.0,5672.0,9,11,5,10
4256.293861046127,1104.7025605874285,0.000346136923902085,-346.85948109288387,-526.4722504997038,-334.4631618100787,-388.470271427352,0.0,5,740,16899.0,211.0,6369.0,9,11,4,10
5222.327724739547,1476.4499688159658,0.00042989670415734634,-406.1509745590352,-684.0319318309686,-399.7518272013891,-575.8643474719069,0.0,4,843,20953.0,220.0,10452.0,12,10,4,8
4865.592204449526,1376.82958201684,0.0003839657186990315,-274.8413323668943,-457.9897033914569,-269.8294614233837,-405.61327926221975,0.0,4,902,19725.0,228.0,9794.0,14,10,6,8
6929.472544862271,1936.2806109050068,0.0004492988073209705,-263.775006217616,-408.1784729320409,-256.942820077927,-382.4895065476784,0.015624523162841797,4,1295,28088.0,303.0,13757.0,14,10,7,8
7016.6964293212795,1973.152247462589,0.0004423409756909538,-211.21218265931384,-360.7090844789956,-206.23032694776424,-342.00993418279825,0.0,4,1352,28497.0,309.0,14035.0,21,10,10,8
6819.788272617658,1927.8521970706156,0.0004086004478338376,-271.4146007151378,-422.92898257387225,-261.4117537362665,-400.5781445206543,0.0,4,1212,27518.0,300.0,13695.0,20,10,5,8
5591.912866847682,1602.5155875476948,0.0003526789404091935,-186.56740363732277,-311.69555792391355,-177.50939699933716,-299.8364291899641,0.0,4,1297,22794.0,283.0,11453.0,24,10,13,8
8950.308653895685,2573.822576684337,0.0003734992073789286,-44.8027102028074,-81.67144745438247,-43.16051117898096,-80.52465630396975,0.0,4,3796,36633.0,846.0,18390.0,28,10,28,8
10746.361263527762,3016.139516556443,0.00042961314871824466,-15.47777800592037,-26.050771877329094,-15.143447454112856,-25.835209817695482,0.0,4,7698,46150.0,1741.0,21612.0,23,10,19,8
6894.124560691759,2136.8716157231656,0.0004885763840652416,-3.3425346057036167,-7.616818107371488,-3.2743645921966777,-7.562954983842467,0.0,4,9961,31674.0,2259.0,13335.0,21,9,18,6
6919.1306369249405,2273.6659550162594,0.0005046709638733756,-2.749536245479791,-7.049883341408814,-2.6930291651197416,-7.001607364561556,0.0,4,10712,32186.0,2502.0,14262.0,21,9,19,6
7073.986714099059,2508.7134526485884,0.0005289317669083098,-1.751929734598042,-5.813241156036987,-1.7159256610320814,-5.77789514563397,0.015625715255737305,4,13236,33495.0,3179.0,19041.0,19,8,16,6
7899.302434260678,2215.3254463697504,0.00044997557077065267,-2.2139024526098345,-3.977308518068541,-2.1698955699959783,-3.9500319233792593,0.0,4,13577,37402.0,3310.0,13760.0,19,9,16,6
7877.564249182611,2275.827077221964,0.0004634228110936934,-2.0071304651554294,-3.911232237313623,-1.9664120413741824,-3.8848756015719186,0.0,4,14229,37021.0,3348.0,14117.0,20,9,18,6
9443.877536641574,3501.6740832659834,0.0005599518798572574,-1.860095908201644,-6.291665663324034,-1.8295284506567215,-6.260991677988023,0.0,4,18108,48536.0,4621.0,27725.0,17,8,14,6
10865.97407094351,4118.490301625504,0.0005639753387614713,-1.7267533879113501,-5.996665952949333,-1.7014417727512243,-5.971569144701619,0.0,4,22072,58708.0,5775.0,33554.0,16,8,13,6
12933.849101211776,4875.975798707715,0.0005976968180082093,-2.2653958266626293,-7.102545940403282,-2.23657467398992,-7.074415504385174,0.0,4,24341,70029.0,6483.0,40122.0,15,8,12,6
11054.456568318197,4280.099928253233,0.0005481727512427515,-1.2679095232186048,-4.844642877213649,-1.2476280378467592,-4.8252208008041135,0.01563739776611328,4,25353,62516.0,6880.0,35727.0,15,8,12,6
12118.197287980447,4707.996459925036,0.000532983885673773,-1.3345215210252905,-4.873460421515739,-1.3151815440771166,-4.8559640512479625,0.0,4,27649,70684.0,7798.0,40365.0,14,8,11,6
21759.995108091516,7776.260167838822,0.0006682108735172574,-6.157284972295821,-13.877188162300381,-6.1048145191457,-13.814785317441375,0.0,4,28597,111708.0,8224.0,64131.0,13,8,10,6
31645.725089292602,10900.667842690496,0.000737222470635497,-11.570474653339833,-22.411293093098422,-11.488600050554956,-22.290563532318522,0.0,4,32148,154266.0,9602.0,88712.0,12,8,9,6
26539.49577065127,9281.26565823595,0.0006834306347258302,-7.636352324731169,-15.182334190607534,-7.577306170330845,-15.119304005308447,0.0,4,32606,135176.0,9927.0,77555.0,12,8,9,6
39598.9034825566,13311.473043331205,0.0007583291589196154,-15.915026493582609,-27.107895641461965,-15.812778286818219,-26.95545075709432,0.015636920928955078,4,35342,188510.0,11109.0,108291.0,11,8,9,6
54569.17325132692,17946.407237650194,0.000826797470861068,-28.509034343480476,-44.86040031395639,-28.349069095798644,-44.42335745399195,0.0,4,37182,247520.0,12249.0,141963.0,11,8,8,6
56972.4894561694,18680.295867515502,0.0008265370522512553,-29.774617341610153,-46.179320201419074,-29.612424144346946,-45.715795322554214,0.0,4,38374,257632.0,12640.0,147564.0,10,8,8,6
2643.723965592853,696.9234699137824,0.00028383336199029087,-1826.3302827507575,-3398.6565644291045,-1736.748091915423,-1987.1634417808582,0.0,4,219,10074.0,70.0,4001.0,9,12,3,11
3857.992356271929,971.5822743285685,0.0003621929046081104,-503.8798310770535,-784.6969660554796,-471.8072391514588,-459.549025782674,0.0,5,556,15037.0,191.0,6102.0,8,11,5,10
3948.3886306881404,999.3953119130008,0.00036385562105779705,-353.4828552508401,-594.2696589932181,-338.02889825740857,-389.4825852891522,0.0,5,645,15575.0,211.0,6217.0,10,11,4,10
4193.927452124584,1069.1642284365957,0.00035672685778350436,-392.37856917121997,-625.6355697127019,-377.44088009318347,-431.8958093689738,0.015622854232788086,5,638,16550.0,186.0,6430.0,13,11,5,10
5255.35051855884,1479.1054869976876,0.00042106955415279943,-322.43335999135365,-535.4692515746584,-317.22165967906403,-458.46137360129615,0.0,4,897,21202.0,242.0,10492.0,14,10,4,8
7163.05519663223,1988.3399587763322,0.000463886064337481,-253.17685127889973,-399.38020702040495,-247.62615928435753,-371.47563325125435,0.0,4,1317,29052.0,362.0,14092.0,13,10,5,8
7201.874085524545,2026.5271324978603,0.00042782620238112425,-253.53890853073435,-404.62388079459294,-245.2710429977912,-380.79347481096323,0.0,4,1326,29147.0,308.0,14404.0,18,10,9,8
8365.326806103672,2313.2214662853476,0.0004686154137004198,-117.03359913379478,-194.96888319065158,-113.5974794841334,-189.26142421419695,0.0,4,2161,34332.0,474.0,16380.0,24,10,21,8
8757.529019720689,2454.3069286460486,0.000436317337290381,-108.43946751861398,-183.75858375738966,-104.44055716780503,-180.1143462323378,0.0,4,2417,35673.0,510.0,17458.0,28,10,28,8
9222.672532722461,2489.7326663720346,0.0004942750159471776,-38.738160405581844,-61.353378767628534,-37.64970755574818,-60.5499435958863,0.0,4,4065,38581.0,865.0,17405.0,26,10,21,8
8965.019870655615,2405.0389095085343,0.0004824457927530611,-25.239461592180586,-39.62182726922082,-24.633720669459812,-39.17115339164259,0.0,4,4883,37957.0,1064.0,16803.0,23,10,20,8
8792.9351174205,2553.275624891811,0.0003313215395117132,-22.168000305551875,-41.032961372796045,-21.47533612719738,-40.47655900410362,0.0,4,5202,36353.0,1143.0,18279.0,30,10,24,8
7063.619230636421,2299.6969139069897,0.00047981282628446883,-2.411146343527229,-6.198278120689492,-2.3611247601335807,-6.1566318789243155,0.0,4,11631,32651.0,2725.0,14114.0,20,9,16,6
8126.027810632121,2190.497800634215,0.00045559265505022516,-3.1036205582671332,-5.004210743606674,-3.0442126446026485,-4.97123577999808,0.0,4,12272,37899.0,2890.0,14102.0,21,9,17,8
9154.372750107823,3384.518395700241,0.0005676737690215292,-1.8236606043721344,-6.291085717263625,-1.7936290670590038,-6.260525580943038,0.015625,4,17665,46513.0,4366.0,26567.0,17,8,14,6
15959.602500989282,5896.243307889637,0.0006447881129219434,-3.618477376604149,-9.93675411662026,-3.580153571324674,-9.89724083822978,0.0,4,25522,84129.0,6897.0,48281.0,15,8,12,6
6999.558515095791,2942.661217616915,0.00041282157321115157,0.25315839066057655,-1.1726295521771228,0.2599236278841093,-1.165673143510248,0.0,4,28341,45003.0,8062.0,25479.0,15,8,12,6
14758.22897819778,5587.815517750802,0.0005559999495587575,-2.1498640484132725,-6.3068665999936,-2.124819122553294,-6.283934350522245,0.0,4,29448,84309.0,8299.0,48168.0,13,8,11,6
24061.53434923848,8508.744299371285,0.0006566456003674142,-6.62203896078446,-14.065182577857396,-6.569048697514144,-14.007532761029536,0.0,4,31114,123751.0,9264.0,70991.0,13,8,10,6
28991.51492301239,10028.46896029,0.00065797702055553,-8.41525611345872,-15.942696857156566,-8.3539251960407,-15.872365451724487,0.0,4,34516,146926.0,10723.0,84138.0,12,8,9,6
45740.68860617062,15218.500317253669,0.0007826032013097892,-20.365023486351102,-33.63995649938667,-20.242783371821996,-33.40693769487113,0.0,4,36652,213297.0,11639.0,122372.0,11,8,8,6
2777.2846019838635,765.1477866508317,0.00044096984868583405,-886.9750666972544,-1448.1742282846835,-831.0481374489117,-847.5092404311683,0.0,4,350,10810.0,117.0,4806.0,8,11,3,9
2881.5561767905897,796.2003255044131,0.00040605305333813385,-684.0754005109627,-1351.1720327973799,-649.8617237492821,-774.8934801508141,0.0,4,389,11278.0,138.0,4984.0,8,11,4,9
3473.2234172667327,874.325877223895,0.00044462141015531794,-577.0936041786814,-851.2349046863575,-554.9187249705157,-561.3681262260912,0.0,4,470,13604.0,164.0,5412.0,9,10,3,9
3580.5471547074108,969.3861298522895,0.0003501724704745787,-780.1498013246232,-1347.3847562297126,-752.0073175332652,-882.6981919434586,0.0,4,427,14013.0,147.0,6198.0,9,11,4,9
3834.914198029729,1001.7104018460958,0.00036689136479333106,-796.186942352583,-1142.058579515445,-772.3537504621988,-814.0674904266544,0.0,4,456,15000.0,149.0,6563.0,8,11,3,9
3964.9811932918287,1000.892969723589,0.0003688005085531174,-462.39848226961806,-679.3770640928738,-437.85312863956835,-437.88703809053703,0.0,5,605,15550.0,187.0,6125.0,9,11,5,10
4543.432719176571,1143.238263143685,0.0003349897295633868,-432.17843552374836,-633.0026003762432,-419.93899766457326,-480.09224213580023,0.0,5,662,17816.0,181.0,7291.0,11,12,7,10
6111.2856172685415,1735.551047218145,0.00041834142931186224,-325.64969800132485,-552.7019115419192,-315.4368096088723,-510.7253340776779,0.0,4,973,24588.0,255.0,12317.0,15,10,6,8
7560.028671269486,2086.5494192965252,0.00048203971034224756,-233.12415892126037,-378.9603541761878,-227.07046822420872,-347.34180258045274,0.0,4,1456,30700.0,350.0,14737.0,18,10,4,8
8479.744768171582,2339.0328975526045,0.000475571107395692,-136.22869060919584,-223.07900740091762,-131.63773464436136,-215.03525760203226,0.0,4,2031,34686.0,441.0,16531.0,21,10,17,8
7396.727952699761,2110.035418837798,0.00037862825932803213,-195.05058846651917,-318.0177190958277,-182.76456669775334,-307.7362273223951,0.0,4,1662,29946.0,361.0,15014.0,30,10,20,8
8499.351273651224,2455.990361595501,0.0003437589640108815,-28.902398131731296,-53.78150563584891,-27.896727451734574,-53.01589469652315,0.0,4,4456,35016.0,945.0,17590.0,30,10,25,8
10152.503872198227,2795.9992791039845,0.0004713474297960857,-20.598176108547037,-34.56814176714271,-20.11461732731298,-34.24853776284466,0.008056879043579102,4,6240,43064.0,1361.0,19794.0,25,10,22,8
6932.52848443481,2262.0245471884987,0.0005163311607345321,-2.996491608071022,-7.567446225400053,-2.9353651031814207,-7.517802559819172,0.008038759231567383,4,10417,31629.0,2436.0,14122.0,22,9,18,6
10293.232391863921,2874.137756571525,0.00041764318447731665,-6.32964478848324,-10.330070395394774,-6.214894019586941,-10.256636747595408,0.0,4,11595,46815.0,2733.0,20827.0,21,10,16,8
8739.945888586306,2383.3121211177245,0.0004297035920371779,-2.6251613877739555,-4.272321587236573,-2.575130557580466,-4.243888263585306,0.0,4,14458,41373.0,3449.0,16165.0,20,9,16,8
7793.638958043498,2866.960505773783,0.0005420226717131335,-1.1882673740635372,-4.595428469307431,-1.1636964815175306,-4.57154753442567,0.0,4,16943,38975.0,4223.0,22228.0,18,8,15,6
9775.2164106479,3632.8534325650958,0.0005663510104679967,-1.9820320927827524,-6.585695396796905,-1.9522042199739262,-6.554798621042136,0.0,4,18618,50510.0,4686.0,28862.0,17,8,13,6
7561.424004720716,2621.2177195596196,0.00048173963948037644,-0.7484366874205675,-2.855972580257617,-0.7288481554048472,-2.839988650874712,0.0,4,18711,38200.0,4793.0,17941.0,18,9,15,6
12914.047368966736,4856.945843540293,0.0005978775957950148,-2.4485385803253497,-7.476387035749902,-2.4182445914152915,-7.44490415181764,0.0,4,23613,69308.0,6331.0,39692.0,15,8,12,6
12118.230503735545,4612.199150080144,0.000582250284535325,-1.863273098937885,-6.1390444395201795,-1.838124395195453,-6.116028611584824,0.0,4,24527,66755.0,6562.0,38218.0,15,8,12,6
15748.150392718082,5814.626049347456,0.0006340285836697561,-3.5716563610135825,-9.560183338196774,-3.5349716656251617,-9.524033761297186,0.015624523162841797,4,25331,83304.0,6913.0,47782.0,14,8,12,6
29010.741678909497,10047.649367513777,0.0006953634587953664,-8.835813296037772,-16.977023100902972,-8.770679625170184,-16.90780101626356,0.0,4,33514,145822.0,10379.0,83676.0,12,8,9,6
39318.12735346552,13251.60916761621,0.0007663859958819966,-16.235023483674183,-28.374246886288596,-16.13066259945329,-28.208033234235486,0.015635251998901367,4,34745,186668.0,10783.0,107269.0,11,8,9,6
2582.2793125292756,665.0920988855604,0.00044327642880279247,-844.9167540840995,-1267.541353486402,-793.7788652114746,-739.5443412533327,0.0,4,318,10049.0,107.0,3415.0,7,11,4,10
2982.258002196769,788.7881065808062,0.00042125355644224364,-689.9734425709582,-1148.825185465623,-658.1046506499781,-686.6032442299042,0.0,4,393,11660.0,143.0,5074.0,6,11,4,9
3173.1115873592175,824.4937272350834,0.0004278557021963921,-781.7479051379238,-1135.366629809241,-747.8279413721423,-717.831438768092,0.0,4,405,12377.0,142.0,5381.0,8,11,4,9
3683.253351318641,966.7862354212538,0.00038203124852179387,-701.0082914302802,-1012.0154895231213,-683.4514060430847,-721.7071877537874,0.0,4,461,14448.0,152.0,6353.0,9,11,4,9
3830.349459115626,1101.8193757790364,0.00038537522966485574,-334.73959096323205,-654.297328715081,-318.8277668272153,-433.44367749482007,0.0,5,648,15295.0,216.0,7457.0,10,11,4,9
4328.033973259015,1098.626142051972,0.00033822708129846354,-355.39564562931844,-540.9818197332731,-344.1082244048633,-396.9495936256733,0.0,5,737,17127.0,205.0,6749.0,10,11,4,10
5015.102067754952,1416.6698002416324,0.0004107608486079713,-286.97057500460363,-494.19934587711424,-282.76941434420473,-437.03586934063196,0.0,4,916,20314.0,230.0,10081.0,13,10,5,8
5700.25546302532,1602.110327037436,0.00042885666102823267,-342.8783803962442,-572.0901956431094,-337.0428291192329,-507.25166048439456,0.0,4,907,22935.0,243.0,11363.0,10,10,5,8
6736.119505292593,1864.4820326299741,0.00047202689940513854,-308.55541868495993,-470.7602607852395,-302.7987678401206,-422.68629302262923,0.0,4,1183,27212.0,329.0,13176.0,13,10,5,8
7685.036492810775,2136.6722568829628,0.00045729982617288107,-206.24478753731208,-338.10484145541517,-200.37759001200865,-317.94688486247054,0.0,4,1523,31195.0,363.0,15101.0,16,10,5,8
7896.111273252381,2238.291489432658,0.00042120277273196676,-151.92254548505093,-262.57270641316876,-145.8234154955356,-255.2754034737693,0.0,4,1879,32128.0,413.0,15948.0,26,10,23,8
8776.333943006422,2431.3885414682973,0.00047944153075881347,-126.05589901022687,-206.45754598156944,-121.63448317487867,-201.07507847086129,0.0,4,2238,35899.0,493.0,17219.0,20,10,20,8
9068.79366001436,2546.789069102504,0.0004582489044180756,-124.59504472497117,-204.78602103601574,-119.90099647031627,-200.67577648402008,0.0,4,2315,36886.0,493.0,18062.0,26,10,22,8
8779.187218572684,2342.032286106805,0.0005024899783787096,-30.7977453379912,-47.39979717147702,-29.973723783982642,-46.814314800975616,0.0,4,4424,36919.0,986.0,16262.0,25,10,20,8
8841.228274161533,2349.076718007169,0.0005030752643142605,-21.815034723489653,-33.38163569759739,-21.262137041306886,-33.02844164119415,0.015627384185791016,4,5263,37379.0,1140.0,16190.0,26,10,23,8
9238.36796102717,2486.626119530906,0.0004717080762199301,-13.27637758692416,-21.306072319129115,-12.994927705630289,-21.122434369650502,0.0,4,7073,39795.0,1553.0,17349.0,25,10,20,8
10732.971577592883,2997.9314378834615,0.00043982102501069595,-12.826922013093881,-21.660853607672784,-12.566645661445616,-21.490849585690896,0.0,4,8576,46343.0,1934.0,21387.0,24,10,19,8
6927.550887729612,2252.493904912212,0.0005324463802470501,-2.9105138785741413,-7.414991136659916,-2.852299823976863,-7.365199016098725,0.0,4,10575,31797.0,2431.0,14022.0,21,9,17,6
7006.663985687721,2296.541074365969,0.0005138054357183465,-2.6807535684546626,-7.013801821668112,-2.624146177698991,-6.9647263349870325,0.0,4,10966,32060.0,2515.0,14142.0,21,9,17,6
6958.243918337682,2446.5557529072034,0.0005420546971888034,-1.8409548178169124,-6.002880731969407,-1.8036118926540072,-5.965013741771946,0.0,4,12752,33040.0,3025.0,18467.0,20,8,16,6
7063.187344133903,2351.638641901288,0.00046621182749642757,-1.784731815765661,-5.067634010695762,-1.7465134599232566,-5.034647050018168,0.0,4,13212,33533.0,3142.0,14885.0,20,9,16,7
7218.774061287461,2405.1370304863435,0.0005034144081685675,-1.639250066674372,-4.658300245357834,-1.6055487642545252,-4.63167934191183,0.0,4,13981,34535.0,3348.0,15876.0,20,9,16,6
7622.948029907239,2767.51068764874,0.0005471027622696414,-1.580418604186919,-5.694491120935041,-1.549908436809726,-5.663500272091139,0.0,4,14983,37498.0,3648.0,21371.0,19,8,15,6
10764.126976811294,4020.295090485689,0.000588298313316422,-2.1638816148996964,-7.003608738680036,-2.1330497007617986,-6.973554473658332,0.0,4,20066,56391.0,5145.0,32267.0,16,8,13,6
13695.8654519956,5097.071542807694,0.0006140311521061455,-2.980570653840477,-8.67536426103114,-2.945558126828242,-8.637860950851893,0.0,4,23331,72333.0,6202.0,41453.0,15,8,12,6
13778.405647893978,5138.8430553887,0.0006114812954284881,-2.890430953720442,-8.340063375395355,-2.856966898332308,-8.308386176930943,0.0,4,23832,73603.0,6400.0,42168.0,15,8,11,6
9241.892350528111,3751.6234541417753,0.0004781396792971581,-0.35276493593411895,-2.696795068871572,-0.34094850998452375,-2.6852263200497366,0.0,4,27844,57213.0,7784.0,32562.0,15,8,11,6
21596.959972702178,7745.979952664694,0.0006693238213532194,-5.6536111535366524,-12.884344467039758,-5.605647665258264,-12.833352009047122,0.0,4,29851,112019.0,8651.0,64326.0,13,8,10,6
13740.058563679171,5282.833876891581,0.0005418895839743665,-1.6197893615954397,-5.137639722105867,-1.5992512447523777,-5.119617953755518,0.0,4,30390,81028.0,8789.0,46250.0,13,8,10,6
29006.651500668773,10056.319376184972,0.0006972034203279105,-9.503744870311571,-18.719570228985017,-9.4336943490694,-18.636130920053166,0.0,4,32099,144373.0,9695.0,82887.0,12,8,9,6
26271.87830428987,9201.691234948787,0.0006709798785110189,-7.308979011264913,-14.74149850446206,-7.253328706902304,-14.681098675294217,0.0,4,32969,134507.0,9906.0,77131.0,12,8,9,6
47112.308747400784,15602.715223439476,0.0007943561835020566,-22.060725030799446,-35.301048736784296,-21.93089673937352,-35.04116836798511,0.0,4,36372,218172.0,11821.0,125202.0,11,8,8,6
45721.87980925179,15169.768406961042,0.0007538270583648287,-19.59754318588106,-31.804145055552752,-19.479764402344713,-31.555212953666008,0.0,4,37385,214125.0,12264.0,122552.0,11,8,8,6
2620.4828256608234,703.9466865466446,0.00032429984046990543,-1063.6283833346781,-1701.0527099425126,-1023.951628011444,-1118.9585370832015,0.0,4,288,10106.0,97.0,4078.0,8,12,4,10
3227.6014297901365,813.462558040217,0.00045003608909624065,-593.4901124162401,-858.6430442894024,-571.8538268842002,-575.2987855089157,0.0,4,452,12613.0,149.0,5262.0,8,11,3,9
4743.943204234216,1330.6568396848227,0.00044803201428845465,-459.7332335939417,-777.7874845461047,-450.15555627056193,-598.7422178725768,0.0,4,719,18955.0,220.0,9403.0,11,10,4,8
5246.539500391345,1472.874595108717,0.0004641593668947536,-365.62079637331834,-635.2365836409555,-360.41744444287866,-526.3726188296002,0.0,4,831,21072.0,237.0,10416.0,13,10,6,8
4570.079436140206,1194.3832365658327,0.0002861579360081332,-495.04878739976226,-790.0684044297675,-479.6697317783042,-583.9348045647596,0.0,5,636,17969.0,192.0,7762.0,11,12,4,10
5923.243858063192,1673.6855601237248,0.0004630263611435426,-472.30826208661614,-784.003628746047,-463.4901530764585,-651.4689239672857,0.0,4,848,23685.0,244.0,11846.0,12,10,3,8
6380.374482054325,1786.337559085628,0.0004507050168454329,-397.2634530738862,-617.0820198652002,-388.59628439728925,-535.4957660982393,0.0,4,1005,25640.0,272.0,12648.0,11,10,4,8
7106.397670702552,1995.168411333573,0.00046401797084910207,-325.7830415794452,-538.8584949024234,-316.39919431346334,-495.6180782735417,0.0,4,1181,28615.0,284.0,14113.0,18,10,5,8
8109.210047455301,2263.2230014222346,0.0004524309149408004,-170.05487918762304,-276.18934972022083,-164.17322362143221,-266.5010984466728,0.008048772811889648,4,1785,32972.0,380.0,16083.0,26,10,25,8
8159.226502223317,2306.5128011965016,0.00043268799759422637,-153.27844796691147,-269.4919454535584,-147.19385203719904,-262.0475265040199,0.0,4,1889,33158.0,415.0,16404.0,21,10,21,8
8937.884589044732,2455.499225802498,0.0004709149899037388,-73.30286357593171,-119.05878808573418,-70.97661189291591,-116.70477831896486,0.0,4,2913,36889.0,670.0,17308.0,26,10,18,8
8576.462324291992,2296.730756241721,0.0005096780023836698,-51.58461447537009,-79.15621820761275,-50.112653184392435,-77.81061627432003,0.0,4,3214,35776.0,720.0,16069.0,22,10,20,8
9542.837576991098,2650.270271201914,0.00045365460474104706,-61.66028759059898,-102.85993448775271,-59.70878255765805,-101.30168641255774,0.0,4,3386,39279.0,754.0,18787.0,27,10,20,8
9437.016328113634,2570.093969180245,0.0004900025428704733,-35.92548438724181,-57.7872022134034,-34.912386366098474,-57.05760061679877,0.0020303726196289062,4,4351,39414.0,918.0,18036.0,28,10,22,8
8694.697744890273,2304.1688080158824,0.000509778642422304,-19.852482231391015,-30.694781179154067,-19.374468365776806,-30.34500770214376,0.008028745651245117,4,5352,36914.0,1155.0,15870.0,25,10,20,8
9700.057561040552,2643.2066896417064,0.00047389373969390056,-22.476483121749546,-36.85138621069434,-21.92152076668839,-36.4662194623458,0.0,4,5733,40963.0,1244.0,18505.0,25,10,20,8
8199.869402542336,2153.574647050031,0.0005115073110775681,-11.887252684505428,-18.120991642824393,-11.625074981395702,-17.961293500445997,0.0,4,6440,35410.0,1424.0,14510.0,25,10,19,8
11095.682978546956,3121.455354678327,0.0004508148585770012,-18.95470416986941,-32.69855591071647,-18.514262263700743,-32.40828554190665,0.0,4,7156,46963.0,1575.0,22308.0,26,10,22,8
8137.226831692518,2145.777957214275,0.0005097527636763128,-7.752990335452155,-11.475541898879856,-7.596387243707019,-11.386270139042542,0.0,4,8064,35794.0,1791.0,14034.0,24,9,18,8
9186.686012694312,2454.874687059742,0.0004953617904086098,-7.170455543860665,-10.999457768080767,-7.031599532069665,-10.92141012459041,0.0,4,9657,40129.0,2155.0,16610.0,24,10,19,8
10870.598613634394,3048.505204057665,0.00042328466060122114,-8.976140167178556,-14.943308176887948,-8.810626280506618,-14.838536744930536,0.0,4,10393,47874.0,2385.0,21944.0,22,10,18,8
8136.3359337654765,2961.857692324757,0.0005567105706383633,-1.7544028964026195,-6.0152143385503605,-1.7227825825971017,-5.984052390874593,0.0,4,15667,40263.0,3786.0,22975.0,18,8,15,6
9842.099698171625,3651.587237649768,0.0005892062747606242,-1.9978133593689655,-6.670490311045815,-1.9668321890453084,-6.639554864138013,0.0,4,18565,50361.0,4674.0,28815.0,17,8,14,6
7709.950238976903,2900.9995242301115,0.0005071800551722526,-0.742343265592861,-3.55046818564141,-0.7238444369676345,-3.5329956530443942,0.0,4,19249,40265.0,4917.0,22917.0,17,8,14,6
7435.833921233493,2589.5492589605883,0.00046873040963433935,-0.5686991265040056,-2.422053305397514,-0.5517053274850254,-2.4085972698540785,0.0,4,19585,38804.0,5096.0,17703.0,17,9,14,6
9117.863986542206,3484.39002164176,0.0005351928785090979,-1.131672426865166,-4.562326150066852,-1.110554422135826,-4.540576414714791,0.008024454116821289,4,20681,49538.0,5401.0,28259.0,17,8,14,6
11434.26859862128,4297.433428561362,0.0005951609181255608,-2.13996069277484,-6.932084288264669,-2.1109295152451946,-6.904027689107338,0.0,4,21670,60586.0,5678.0,34693.0,16,8,13,6
11470.067751725213,4349.897880745784,0.0005920823788699652,-1.9460787736366063,-6.604406411162106,-1.919253668411868,-6.577567074211558,0.0,4,22459,61949.0,5870.0,35444.0,15,8,12,6
8384.439714932258,3293.977577526902,0.0004964040527982067,-0.5256388707413067,-3.1090331432478884,-0.5109899974889125,-3.0951061367946275,0.0,4,23047,47389.0,6216.0,26992.0,16,8,13,6
15108.944475941506,5587.882180255474,0.0006327172017364381,-3.4131165487875768,-9.2226524712817,-3.3762717823727977,-9.185647879406336,0.0,4,24684,80026.0,6804.0,45911.0,14,8,12,6
9499.900369543357,3769.873105180951,0.0005234560835260967,-0.6531567325179761,-3.410323778337669,-0.6382313334396192,-3.3966693992217882,0.0,4,25722,55693.0,7084.0,31768.0,15,8,12,6
19069.744371265617,6936.496618130318,0.0006504933879688311,-4.6231252786546,-11.34701377612132,-4.580497471841855,-11.301676766023473,0.01562356948852539,4,28072,100477.0,7932.0,57642.0,13,8,10,6
14509.56856949636,5484.635073130816,0.000575955477105372,-2.177165597907201,-6.402452656554403,-2.1517138040388555,-6.379852435746961,0.0,4,28581,82253.0,8124.0,47049.0,14,8,11,6
45311.34982586225,15095.520417563726,0.0007842093342649973,-20.08851129573131,-33.26453083172627,-19.966608984468035,-33.03549433964617,0.0,4,36643,211478.0,11665.0,121401.0,11,8,8,6
57355.12100447091,18834.617829168536,0.0008626604086141138,-31.376141780477525,-49.30759249627493,-31.20316026078946,-48.817903458862475,0.0,4,37433,258175.0,12251.0,148253.0,10,8,8,6
2847.7359208676635,751.8640308149695,0.0004354983548289,-590.3799882564447,-946.5127626311385,-567.2335261315327,-612.1179293378638,0.0,4,406,11160.0,137.0,4833.0,9,11,5,9
3217.760019278421,835.1382245872037,0.00037271869273857,-783.4165569205677,-1198.8436395111664,-756.4500086723499,-803.4392333602935,0.0,4,392,12585.0,128.0,4318.0,9,11,4,9
3652.0058064748905,932.8767335505801,0.0003752268146495312,-419.6927675970653,-688.6128355239902,-392.4827186565954,-387.57036489504844,0.0,5,602,14351.0,213.0,5484.0,8,11,4,10
3773.3445232716754,952.7712611571345,0.00023142090770350484,-740.2733264852789,-1620.5560184986837,-543.2823552218972,-537.3583584887027,0.0,8,521,14283.0,173.0,5485.0,11,15,5,14
4298.012783300751,1214.0777750004322,0.0004173000641542518,-355.8932677859435,-615.9886625830358,-349.5990050341154,-493.0421508483615,0.0,4,692,17255.0,204.0,8553.0,11,10,5,8
5271.115416035459,1470.4355824324075,0.00044370998002537767,-318.8908685091719,-541.9247526410444,-314.0711670638904,-443.1335271890071,0.0,4,872,21220.0,267.0,10387.0,13,10,4,8
8425.619571679383,2371.3750252578498,0.0004580024746917949,-161.48612221696476,-263.1103631135687,-154.8767966833978,-254.9191115533288,0.0,4,1903,34310.0,425.0,16849.0,24,10,18,8
9427.799208546323,2629.7352053010964,0.000460658597278204,-68.55216997793627,-118.32329044323811,-66.32311083007404,-116.44967794012238,0.0,4,3191,38760.0,669.0,18634.0,27,10,23,8
9893.786051734694,2747.0105360949506,0.00045933669358210843,-43.38732348926339,-72.21253381843137,-42.13895412293694,-71.36548583830846,0.0,4,4173,41108.0,943.0,19485.0,27,10,21,8
10398.037749578843,2908.304798690009,0.0004660704114186155,-39.55339744578788,-66.4457730172625,-38.428310089373895,-65.66925593197048,0.0,4,4634,42977.0,1002.0,20615.0,28,10,23,8
9672.151573051537,2655.544098359757,0.0004654147621566571,-24.753814368163326,-40.51350730183435,-24.155071410248294,-40.12355073977998,0.0,4,5416,40957.0,1178.0,18800.0,25,10,22,8
9982.995538769079,2740.4000829410534,0.0004753020523632059,-23.194477088419923,-38.03626776890357,-22.65159228722099,-37.685894442750886,0.0,4,5819,42118.0,1265.0,19362.0,25,10,24,8
10853.98650986125,3038.3720438885252,0.0004381607072414155,-13.463430195591947,-22.66392710486291,-13.18453560874885,-22.48639983445994,0.0,4,8371,46804.0,1834.0,21727.0,25,10,20,8
8001.863275851236,2098.6757084329793,0.0005021939918540858,-5.83150233242025,-8.702874190439587,-5.711652026027324,-8.635641411959243,0.0,4,8967,35683.0,2035.0,13529.0,23,9,20,8
6810.559469798841,2216.198121690237,0.0005377719636501405,-3.0725831032010626,-7.7853458127881705,-3.0123857698070022,-7.733264203004236,0.0,4,10109,31408.0,2321.0,14356.0,21,9,18,6
7279.4437172996495,2192.83127010873,0.0005092661022920381,-3.088811523210974,-6.393186840105432,-3.0269612743894525,-6.351073958590432,0.0,4,10979,33256.0,2573.0,13642.0,21,9,16,6
7115.0813432337745,2323.8942240522338,0.0005058959443412694,-2.0503738531241176,-5.422212003717314,-2.0086682720139275,-5.38715588993915,0.0,4,12550,33472.0,2932.0,14619.0,20,9,16,7
8859.592748352865,2414.4953794737316,0.00044227383388103895,-3.1535190944292815,-4.941257438884427,-3.0941283936026673,-4.908205396151655,0.008040428161621094,4,13510,41494.0,3394.0,16505.0,20,9,16,8
7964.7533559322055,2226.6284279713127,0.00044895826951014267,-1.991427998238283,-3.5313666787746127,-1.951616645813953,-3.5086972195044055,0.0,4,14399,38197.0,3499.0,13700.0,19,9,17,8
7360.0629950881985,2455.1927580470474,0.00046971188645129,-1.3246914255768516,-3.9853156836596684,-1.2949578434396378,-3.9615344140431237,0.0,4,15265,35322.0,3736.0,15561.0,19,9,16,7
11825.343765704376,4399.493486470914,0.0006080167027325983,-2.524848388200351,-7.819391263777195,-2.4917970064049717,-7.786193721995405,0.0,4,20941,61890.0,5454.0,35453.0,16,8,12,6
9842.135246924317,3762.404961424275,0.0005530026941494795,-1.3382262721975677,-5.053428750654547,-1.3164039402743875,-5.033375745161247,0.0,4,21645,53523.0,5718.0,30587.0,16,8,13,6
11140.876621048124,4253.019819297029,0.0005711740086507291,-1.6467335347094787,-5.753939264410412,-1.6229154332412916,-5.730668254364338,0.0,4,23322,61232.0,6240.0,35002.0,15,8,12,6
12835.767723111332,4833.918752980512,0.0006128877063374896,-2.3963988580677174,-7.2499880609276985,-2.3662895703113453,-7.222292550620759,0.0,4,23786,68907.0,6537.0,39505.0,15,8,12,6
19496.07946672655,7055.749788145599,0.0006749677088380098,-5.224395273092364,-12.61054831586405,-5.176996464287262,-12.56187424061254,0.0,4,27365,100800.0,7685.0,57907.0,14,8,11,6
2484.925338415623,688.9764373692325,0.00043782340255425035,-647.0117241736473,-1268.1161021482603,-613.6518232343969,-725.6267546355639,0.0,4,349,9717.0,128.0,4187.0,8,11,4,9
3087.9179406735107,772.6291626108003,0.00048614661351548447,-602.1488977738975,-794.3364252149155,-578.1131808558381,-516.6772698452444,0.0,4,418,12043.0,151.0,4897.0,8,10,4,9
3220.791904110437,875.9988168275876,0.0004363818965514749,-1019.8516419896006,-1824.3269988248617,-982.2119026040357,-1082.5675025784556,0.015624523162841797,4,346,12565.0,125.0,5649.0,8,11,3,9
3633.535882684068,917.1743012779693,0.0002687667290441756,-707.9065082912452,-1453.6392853015661,-541.1749764064687,-512.7830825103129,0.0,7,505,13917.0,176.0,4814.0,8,14,4,13
3653.523147521264,1002.0238099912964,0.00039660733316694655,-392.15093078617076,-741.6360805134025,-367.50013904023666,-444.47001624681553,0.0,5,607,14472.0,193.0,6098.0,9,11,4,9
4019.312855866452,990.9421548035317,0.0003131152176501357,-1135.1498291032528,-1572.4013753046033,-1104.3531181620506,-1087.1605045566089,0.0,4,391,15605.0,129.0,5784.0,9,11,4,10
5125.485280886419,1448.4195769297423,0.0004227371867901608,-396.4226453345562,-685.0242322260675,-389.5291131431775,-582.5411918579359,0.0,4,826,20594.0,209.0,10270.0,14,10,5,8
6777.433293044401,1891.2305793230678,0.0004845360170297865,-358.77743927060857,-584.142289912883,-352.42870238278505,-508.34531424908937,0.0,4,1062,27242.0,277.0,13361.0,15,10,4,8
7320.372288176333,2059.2208553843852,0.00043549185127472214,-280.8200671934101,-436.17878502893547,-270.33418208203307,-413.62244191512013,0.0,4,1362,29638.0,311.0,14622.0,18,10,5,8
7750.493368704559,2165.704434570116,0.0004450066621206023,-170.85686697315745,-279.60687594523404,-165.6223068667632,-266.46868676976703,0.0,4,1671,31621.0,363.0,15397.0,23,10,10,8
8735.418767986073,2414.4763536841688,0.000472155370739468,-114.13327622603015,-185.33446827698518,-110.22904321948056,-180.85277436771608,0.0,4,2299,35739.0,515.0,17058.0,21,10,19,8
8965.123479931366,2487.536138765961,0.00048605737915696713,-89.75708364144472,-150.85699256656932,-86.77963568544828,-147.92279413246777,0.0,4,2636,36960.0,565.0,17645.0,22,10,20,8
9506.010732250763,2668.3799021285054,0.0004600436734895849,-82.48315976576494,-136.93857614352288,-79.35337412220407,-134.4814768947372,0.0,4,2996,38973.0,658.0,18962.0,26,10,23,8
9256.331848614043,2530.0294238242896,0.000497691088021739,-52.972108647045964,-83.82545538414993,-51.421111379871824,-82.6115082581463,0.0,4,3494,38516.0,752.0,17857.0,25,10,18,8
9281.800369203704,2662.296060264523,0.0003833032219236219,-43.897659670985206,-77.10408529000024,-42.41067499811214,-76.09244665212653,0.0,4,3952,38370.0,868.0,19078.0,27,10,27,8
10647.553790366594,2972.1680340984535,0.0004533682973795402,-19.600864823408124,-32.70948393777122,-19.148680905165527,-32.41932268131624,0.0,4,6836,45123.0,1510.0,21158.0,25,10,22,8
6834.342432859458,2229.3827457579673,0.000533140148738998,-3.1525113239956033,-7.895766555301176,-3.088756163612943,-7.84055540656748,0.0,4,10043,31351.0,2336.0,14395.0,22,9,18,6
6870.942141851193,2260.6506161575107,0.0005148842549422722,-2.7751825326054305,-7.2819844006273104,-2.7198155974874876,-7.235821408886318,0.0,4,10649,31451.0,2490.0,14118.0,21,9,17,6
7099.807579552185,2316.5714249007447,0.0005030614271002008,-2.4344966626521334,-6.256783867469391,-2.3841427176319394,-6.215689195147006,0.0,4,11730,32771.0,2735.0,14378.0,20,9,18,7
7805.644392040928,2205.7760609930465,0.000448453755403537,-2.0250038077960135,-3.733151230231531,-1.9842644642836769,-3.708776113810984,0.0,4,14215,37266.0,3408.0,13818.0,20,9,17,6
7908.148781215066,2908.661632019671,0.0005531135999922659,-1.3974138676991874,-5.121316029540302,-1.3703992743954863,-5.095602592859576,0.006510496139526367,4,16439,39815.0,4033.0,22705.0,18,8,14,6
7821.837936721352,2896.3080881816886,0.0005335969491988813,-1.1852159064631094,-4.627332539536991,-1.1607222424045682,-4.602792197913527,0.0,4,17036,39854.0,4273.0,22709.0,17,8,15,6
9967.379258945988,3743.48318748729,0.0005742405811843574,-1.692464215093405,-5.91746079645899,-1.6660469531145359,-5.891948298999007,0.0,4,20007,52368.0,5169.0,29936.0,16,8,13,6
24754.994963348643,8734.162711492918,0.0006870546958193037,-7.304034704828096,-15.508200472427358,-7.24744822342738,-15.441432782144926,0.0,4,30775,125848.0,8976.0,72269.0,13,8,10,6
59119.58274530671,19376.68095799476,0.0008830476385146323,-33.53134669798925,-52.15522421568253,-33.3481941520977,-51.64006985319274,0.0,4,37360,264780.0,12406.0,152111.0,11,8,8,6
70213.17813355684,22814.576440658868,0.0009513096397485689,-45.45762980345067,-68.23167921824158,-45.22520590730098,-67.18985836067131,0.0,4,38441,307746.0,13060.0,176471.0,10,8,7,6
2746.886039985399,718.1369922120244,0.0004648713752469717,-646.0325910167209,-1025.051369466002,-617.907942662395,-657.3252310093135,0.0,4,365,10741.0,126.0,4635.0,7,11,4,9
2807.6803221995674,756.7224350777503,0.0004368385162802846,-721.400644244921,-1077.1910677229807,-694.1516678849221,-707.7272969181556,0.0,4,349,10986.0,135.0,4830.0,7,11,5,9
3195.541268705507,821.7183659360832,0.00043675210577975957,-657.6221921068944,-984.3951545731575,-634.7368861357439,-660.811395274662,0.0,4,438,12504.0,136.0,5376.0,8,11,5,9
3364.480629199003,877.0356806347065,0.0003366291005132763,-506.5228059273305,-964.8421107230645,-437.9803754323941,-453.88798799917265,0.0,6,532,13037.0,170.0,5483.0,9,13,4,11
3621.765242081546,908.2144914611306,0.0004288939705072492,-612.4008149940195,-819.0372672308303,-591.464642094505,-557.0561960872755,0.0,4,462,14155.0,172.0,5730.0,10,10,5,9
3550.0193177291303,974.1079198853346,0.0003658656937399363,-787.3009597989188,-1191.0785400835787,-766.8907798071829,-894.7134250504752,0.0,4,417,13913.0,137.0,6228.0,10,11,5,9
3587.112141512929,1027.1663012999968,0.0003968731532361312,-297.6902244907388,-684.6576940818502,-282.5540462659256,-411.65149904228855,0.0,5,652,14366.0,205.0,6957.0,10,11,4,9
4121.735856854999,1082.8242847198005,0.00036831886190139224,-398.8479980242919,-649.9929990139645,-383.33244265863556,-454.4004927999916,0.0,5,643,16330.0,189.0,6099.0,10,11,3,10
4873.8510387492015,1366.1938918030633,0.0004538414139135189,-358.72324810091914,-632.6378012900306,-353.14158735109777,-503.9717967615038,0.0,4,809,19599.0,231.0,9676.0,11,10,4,8
4655.1369802899635,1210.3891718651573,0.0003362217821213794,-365.12138679455046,-557.2537586908882,-354.9946132215403,-440.49639948464016,0.0,5,774,18524.0,216.0,7061.0,14,11,4,10
6644.683411225599,1851.004094066245,0.00046935825538465886,-294.56490586444704,-499.7461092278337,-289.378020843625,-438.6319808773437,0.0,4,1191,26861.0,293.0,13090.0,13,10,4,8
7595.918773975492,2104.1269567210056,0.0004899849907582184,-203.84697356569689,-342.736161064515,-199.1080301070055,-320.2406281618565,0.0,4,1585,30894.0,352.0,14862.0,18,10,5,8
8111.59246207755,2291.1192315838416,0.00042830386388001635,-152.28527789483934,-259.3036944863265,-145.75862221872728,-251.9780674486192,0.0,4,1933,33018.0,405.0,16300.0,24,10,15,8
8857.559673216056,2494.9559281344696,0.00047146652625627367,-132.7870169708764,-224.09885128564812,-127.49160722696604,-218.86005366372126,0.0156252384185791,4,2239,36087.0,480.0,17721.0,22,10,17,8
9679.399121545028,2695.6552910037785,0.0004660156164855069,-65.31965114867985,-106.8431108242642,-63.1089121009483,-105.25132485825442,0.0,4,3367,39804.0,730.0,19124.0,27,10,24,8
8356.556368106023,2207.1903449294987,0.000519750421125725,-26.664743235900684,-39.6602324802163,-25.985503178892962,-39.1267398343138,0.0,4,4403,35190.0,961.0,14987.0,25,10,25,8
8306.383224414421,2194.4386668348698,0.0004955325869992413,-20.42738369093734,-31.010463352848646,-19.942771352762243,-30.680092310230425,0.00651097297668457,4,5105,35373.0,1103.0,14976.0,23,10,20,8
7753.944960335782,2021.608554056233,0.0005179442391775189,-11.448064819476638,-16.800585031580678,-11.183884618465413,-16.6493685045831,0.0,4,6234,33635.0,1372.0,13010.0,25,9,20,8
7181.737616169224,2376.446636174129,0.0004918505866295163,-1.7541110909507167,-4.966379100656203,-1.7183879502147166,-4.937300477371515,0.0,4,13492,33890.0,3229.0,14990.0,20,9,16,6
7211.79050958683,2419.8323095309725,0.0004945458113610007,-1.312413273739959,-4.088640283672241,-1.284144285915688,-4.065506530307165,0.0,4,14996,35099.0,3630.0,16033.0,19,9,15,6
7687.819205432492,2795.1174654803567,0.000542010146396409,-1.4487024815334033,-5.175587399070535,-1.4201399523676757,-5.148113534600102,0.0,4,15679,37954.0,3914.0,21632.0,18,8,15,6
7448.9800616146995,2761.0790500877247,0.0005416391380543225,-0.9845729292358187,-4.072760566528431,-0.9625060717904743,-4.053189364939257,0.0,4,17029,37616.0,4320.0,21449.0,18,8,14,6
12829.625516585951,4811.553063763993,0.0005965280294822111,-2.502067516127705,-7.450797480852685,-2.471571997613812,-7.419459616388901,0.0,4,23282,69291.0,6341.0,39646.0,15,8,12,6
15435.814617513712,5681.793053436858,0.0006456428206404074,-3.7357969776319013,-10.01178135086713,-3.6969662487776658,-9.969121191674011,0.0,4,24177,81441.0,6555.0,46699.0,15,8,12,6
14329.193597556354,5373.879918178299,0.0005998212594524275,-2.672654571924871,-7.725119767415109,-2.64289373169893,-7.695251966794377,0.0,4,25842,78593.0,7245.0,44993.0,14,8,11,6
12792.058831393535,4939.288663360343,0.0005693204693663691,-1.5280103945684207,-5.229090369794768,-1.5076135768678696,-5.210275543476085,0.0,4,28266,74485.0,7928.0,42582.0,14,8,11,6
32050.431325263264,11012.530243053441,0.0007545130797323417,-11.794476642321836,-22.53646510263952,-11.711126204311487,-22.42634413476551,0.0,4,32237,155987.0,9734.0,89724.0,12,8,9,6
49153.81663727057,16306.631898555876,0.0008330602291442328,-25.44603839712795,-42.645038630956684,-25.29711035872357,-42.273049692922164,0.0,4,35013,224608.0,10890.0,129156.0,11,8,8,6
46375.089613008655,15415.203056763476,0.0007922444958820819,-21.66362524453487,-35.941195137384334,-21.534955411359267,-35.65092340126026,0.015623331069946289,4,35963,215011.0,11397.0,123423.0,11,8,8,6
67061.89874085857,21826.953118268324,0.0009278410649279631,-41.22910918439672,-62.51925712895448,-41.01427347603119,-61.582268466937414,0.0,4,38679,295977.0,13024.0,169677.0,10,8,7,6
65372.03759261613,21240.4335196852,0.0008863661828002766,-37.7730811801354,-55.67890602623334,-37.57583134147901,-54.754905207631374,0.0,4,39614,290346.0,13592.0,165681.0,10,8,7,6
3205.9436568946116,818.3724472180081,0.0002906390822002319,-563.9433541371973,-1308.2025337283492,-448.3063449461075,-451.9874780679824,0.0,7,508,12305.0,157.0,4142.0,8,14,6,13
3260.555576380606,896.2170902837474,0.00036968478767540613,-822.1284563352096,-1376.4090210031334,-784.8220158297577,-869.620481636594,0.0,4,375,12758.0,139.0,5418.0,10,11,4,9
4035.2328516043117,1124.5590200533422,0.00044614452863486764,-411.78908945478304,-681.6630423093422,-400.4657868042076,-502.47906129807643,0.0,4,640,16134.0,204.0,7937.0,9,10,4,8
5017.78277935916,1394.5862364276127,0.0004812834347337272,-445.3561998790392,-735.3245283102582,-435.4323162980831,-555.4010321877273,0.0,4,751,20028.0,243.0,9823.0,10,10,4,8
5092.843905095332,1425.1582733741072,0.0004443517417677746,-400.8386294636915,-669.7476138672745,-393.34378250575435,-535.419764430487,0.0,4,776,20408.0,242.0,10075.0,12,10,4,8
5784.660526448376,1618.8181485011423,0.0004788009121455133,-365.17951054940175,-634.1971958652521,-359.76672388611587,-538.3245607325391,0.0,4,926,23262.0,264.0,11438.0,10,10,6,8
4989.845463538926,1411.2730105889034,0.0004231847917144743,-356.50937445491,-604.7974920602943,-350.277546287201,-505.8691712760612,0.0,4,794,20070.0,233.0,10023.0,14,10,4,8
6667.668676781514,1861.0033080303754,0.00047949542567270425,-329.14791668622036,-513.3225170215222,-323.7535663567613,-452.4191194821029,0.0,4,1114,26889.0,306.0,13169.0,12,10,7,8
8417.160797170069,2314.0188593116522,0.0005052242969110784,-168.29412320637718,-265.74173344048313,-162.53507682961575,-255.45968985570136,0.0,4,1913,34277.0,405.0,16289.0,21,10,18,8
9372.580280508848,2601.741992556782,0.0004946510299294952,-86.00141342012901,-146.88937244593953,-83.22605520439011,-143.78978906849503,0.0,4,2848,38431.0,613.0,18432.0,27,10,25,8
8617.112719757122,2281.7682630473237,0.0004981610054084065,-13.675465756087123,-20.812952786979494,-13.378053901743435,-20.626532379115364,0.0,4,6481,37035.0,1407.0,15607.0,24,10,22,8
8650.361018477784,2314.5567002668136,0.00047243913439817944,-6.449217356329931,-10.000249663183903,-6.3272372916562265,-9.927349857424202,0.0,4,9478,38313.0,2199.0,15571.0,22,9,19,8
6908.397930689141,2238.9533175868883,0.0005389809321073869,-3.164680427489274,-7.955362591153346,-3.1013104078099882,-7.900586094360882,0.0,4,10042,31355.0,2344.0,14365.0,21,9,19,6
7106.667156474733,2321.0098511567476,0.0005212342059880662,-2.3201443044280383,-6.02581737404414,-2.272838193967722,-5.987525022951977,0.0,4,11999,32838.0,2830.0,14370.0,21,9,16,6
9771.006567582994,3601.1078980988614,0.0005786261144226555,-2.360450468707844,-7.505084612759726,-2.324949640413466,-7.466671331425099,0.0,4,17291,49885.0,4291.0,28516.0,17,8,13,6
8274.195575200449,3069.1096089365506,0.000535277991527193,-1.2859725037827112,-4.869403823078574,-1.26098172343361,-4.844632411647704,0.0,4,17603,42021.0,4397.0,23968.0,18,8,14,6
7280.00995520725,2637.405665769552,0.0004851136939403187,-0.6491701673371715,-2.9933518611507166,-0.6308519209658994,-2.977138934876439,0.0,4,18499,37200.0,4747.0,19797.0,17,8,14,6
9079.987115675513,3412.659004232135,0.0005579521663075471,-1.3772305356900905,-5.182170447810107,-1.3529108072778357,-5.159462250309947,0.0,4,19382,47545.0,4941.0,27162.0,17,8,14,6
10090.150919233898,3900.996064041422,0.0005508195380036575,-1.1422789312267305,-4.637864955018225,-1.1227280827245907,-4.619075215386239,0.0,4,23430,56741.0,6354.0,32389.0,15,8,12,6
30424.260366078197,10490.111075436713,0.0007505883977957314,-11.689399485929396,-22.73173166363043,-11.605225440879602,-22.609814704384622,0.0,4,30435,147851.0,8903.0,85048.0,12,8,10,6
44053.45156750396,14665.492043399021,0.000746499965736896,-18.637911965408115,-30.806971264894795,-18.524151652705097,-30.585816820998517,0.0,4,37033,207172.0,11803.0,118659.0,11,8,8,6
2602.482977049674,656.7329730694711,0.00042201565238671277,-822.9457485702044,-1226.0279606644178,-782.020068950796,-696.98246607746,0.0,4,303,10132.0,118.0,3544.0,6,11,4,10
2907.4221256409714,751.7515727175656,0.0004560588267091686,-700.0264991734814,-1019.2990536225692,-664.7921245311926,-647.3747166405498,0.0,4,378,11353.0,129.0,4878.0,8,11,3,9
2944.6436877688047,773.9913597708957,0.0004010466035286774,-860.1524867011096,-1512.8214023661956,-813.0094280524507,-823.6033129804088,0.0,4,338,11485.0,135.0,4172.0,8,11,4,9
3379.5362570181132,857.4513834614764,0.00044438487948602034,-783.470988183029,-1101.3068414528204,-753.3983306052336,-711.7993940618057,0.0,4,403,13186.0,141.0,5642.0,8,11,4,9
3755.138324127799,962.2831952791582,0.00039061719737466284,-672.2314491393576,-936.9924214637774,-658.1608382979823,-698.6307722529685,0.0,4,479,14718.0,162.0,6341.0,8,11,5,9
4113.084994067233,1037.9187018157768,0.0003548865899827564,-444.71600726335384,-735.9844161110963,-422.9219758577259,-463.7207268161606,0.0,5,617,16117.0,196.0,6508.0,9,11,4,10
4245.745128329872,1129.2867567395663,0.0003745846499260013,-515.8488893226607,-797.0986381505352,-490.5435139973691,-536.0987289700004,0.0,5,608,16752.0,193.0,6314.0,10,11,3,9
4187.758256247124,1171.3632310897146,0.00025640203689887824,-447.5225135505767,-869.5828773302692,-425.02769294221116,-581.3828733240364,0.0,6,612,16410.0,176.0,7195.0,11,13,4,11
6025.767986150534,1689.929356265127,0.0004543331281427842,-371.2810074831506,-587.7164561616829,-364.3010628714076,-506.8555272576603,0.0,4,963,24235.0,253.0,11982.0,12,10,4,8
5613.433479349634,1589.987280478474,0.0004079525669297315,-287.130407774453,-501.8194402393426,-281.7778041930402,-445.45334498790083,0.0,4,992,22695.0,242.0,11282.0,17,10,4,8
6881.1955939417485,1954.9014387985565,0.00040106617844082966,-215.20542233214863,-355.29295452903193,-206.03184774503202,-343.8285956286162,0.015625,4,1421,27927.0,326.0,13952.0,24,10,17,8
9495.045116291796,2647.870740488163,0.0004518049569567988,-55.88761973146186,-91.89957818244484,-54.082694657439525,-90.7249188010232,0.0,4,3542,39254.0,793.0,18839.0,27,10,23,8
8260.912472930377,2185.3817267623217,0.0005061259136704874,-19.2234120934753,-29.050188060378044,-18.79190972586459,-28.73943463221619,0.0,4,5236,35210.0,1179.0,14860.0,25,10,22,8
7448.65110761114,1971.88220416011,0.0005150790402138433,-5.788052056794842,-8.788807336970907,-5.672543990133816,-8.721737193839296,0.01563715934753418,4,8466,33517.0,1919.0,12301.0,22,9,19,8
8163.164750241375,2149.684342138011,0.0005048099130500691,-6.52325721686338,-9.721108472072686,-6.394397479475167,-9.652374013470487,0.0,4,8834,35957.0,1990.0,13933.0,24,9,21,8
6753.624112744949,2191.8241736812133,0.0005403518125003348,-3.2385123836960004,-8.388844436687734,-3.1743332378035864,-8.33202639583226,0.0,4,9725,30698.0,2247.0,13820.0,22,9,18,6
10670.845590907968,3007.044706116511,0.00040550654272217284,-8.194231544128929,-13.923872670298522,-8.042445173896894,-13.824880244928993,0.0,4,10579,47588.0,2475.0,21781.0,22,10,19,8
6960.795646422182,2290.3319833050405,0.0005332965323307915,-2.4594386755658983,-6.49594452824216,-2.4103607306984376,-6.453043318987787,0.0,4,11359,32402.0,2704.0,15113.0,20,9,16,6
7751.798811405002,2808.784794325356,0.0005622991815090524,-1.6699707908791717,-5.779502587276535,-1.6389858074727313,-5.749296268716962,0.0,4,14939,38045.0,3596.0,21714.0,18,8,14,6
8404.45840697563,3136.533536406075,0.0005537592134673744,-1.290796780158575,-4.954021916519599,-1.2662600072173182,-4.930965435027282,0.0,4,18141,43377.0,4682.0,24768.0,17,8,14,6
12456.894868321586,4653.941002437254,0.0006145121067775241,-2.6561057089372038,-7.925034406811381,-2.623256958224363,-7.89265764098932,0.0,4,22016,66006.0,5849.0,37805.0,15,8,12,6
13418.615482946318,5001.720122867732,0.0006191890147254787,-2.7772204421189515,-8.17581541910584,-2.744837357239958,-8.14081717861645,0.0,4,23381,71831.0,6345.0,41122.0,15,8,12,6
14688.229384016986,5453.365068736612,0.0006311492238253483,-3.244466254903256,-9.129244112251474,-3.2092852520417843,-9.092396388398553,0.0,4,24455,78192.0,6550.0,44847.0,15,8,12,6
19919.577183431044,7142.727162850102,0.0006670074295937533,-5.884072585745226,-13.54299580696205,-5.8320366377534985,-13.486645358177677,0.0,4,26432,101859.0,7360.0,58488.0,14,8,11,6
24556.499360955,8664.232183715607,0.0006913985124678074,-7.491993428890323,-16.02458031496281,-7.4327440004043925,-15.954196097201997,0.0,4,30111,124373.0,8755.0,71416.0,13,8,10,6
20568.398288292487,7411.921080540906,0.0006226369711229336,-4.717601492137064,-10.785667266631306,-4.676311983729963,-10.744109518963242,0.0,4,30659,109580.0,9024.0,62757.0,13,8,10,6
22769.532758985195,8088.447933240963,0.0006299047302684545,-5.469234433654148,-11.484960275421521,-5.424300764937767,-11.437695194664773,0.0,4,32527,120444.0,9814.0,68945.0,12,8,9,6
41793.18495742358,14052.585600240382,0.0008171174775736125,-18.89810587705339,-33.197562528062114,-18.779507369676107,-32.99435608803979,0.0,4,34343,195497.0,10566.0,112527.0,12,8,9,6
44510.925377816886,14858.786645730308,0.0007940038524061021,-20.436039167392135,-34.80153551362709,-20.312194021555733,-34.56556071565508,0.0,4,35364,207226.0,11052.0,119074.0,11,8,8,6
52819.78200644464,17414.801964373102,0.0008620920928667315,-28.702824866307864,-46.02617008286487,-28.540221819659187,-45.61357274006678,0.0,4,35702,239229.0,11466.0,137543.0,11,8,8,6
3428.8034464617663,872.6546135030085,0.0003607930036841842,-486.37146296849085,-1002.6326995241546,-419.9405241506397,-416.74514864456756,0.0,6,540,13249.0,192.0,5403.0,9,12,4,11
4926.306003868416,1387.2774333504215,0.0004251571266322335,-378.4506480871724,-645.64509990624,-372.3383894213084,-542.9949263257844,0.0,4,788,19791.0,216.0,9840.0,11,10,4,8
6032.297371061598,1686.3330625699855,0.00046813578139884743,-382.16479284675603,-640.585154741621,-375.2668069767664,-536.5559202048863,0.0,4,915,24208.0,262.0,11904.0,11,10,4,8
8127.97442542831,2262.0712922562807,0.0004563190921978302,-167.99783808196102,-264.6870636098016,-162.01645485633426,-254.523318202804,0.0,4,1780,33131.0,397.0,16051.0,22,10,14,8
9170.907694307036,2551.360437753422,0.00048579189784439455,-106.0390879745358,-179.93981204572714,-102.26847493685327,-176.2480520218313,0.0,4,2531,37446.0,543.0,18045.0,24,10,20,8
9307.505481129194,2549.444514660661,0.00047550680304503953,-48.81052996658892,-79.17148290164612,-47.39892919228072,-78.05585810806781,0.015637874603271484,4,3678,38589.0,793.0,18029.0,28,10,20,8
8489.965925530365,2251.97499431055,0.0005188921631096789,-27.181716607835806,-40.652541211694256,-26.47184607699462,-40.13210813765047,0.0,4,4478,35856.0,1011.0,15475.0,25,10,20,8
8898.593996502106,2372.9917013304816,0.0005061139286797614,-20.313228108746742,-31.285712144193077,-19.840619166038294,-30.980720802736588,0.0,4,5485,37808.0,1189.0,16474.0,25,10,20,8
10323.755813353491,2875.380360708823,0.0004478326778626114,-24.31928858533701,-40.6958999076329,-23.722053124649065,-40.31559600858962,0.0,4,5828,43433.0,1283.0,20462.0,25,10,19,8
6945.887208599297,1871.8516289581644,0.0005395211447877537,-7.8146934506725,-12.459040361312677,-7.651215684473534,-12.354375948060635,0.0,4,6790,30781.0,1498.0,11830.0,23,9,22,6
6872.082140655528,2017.4772639156722,0.0005276488256146057,-4.980023944088549,-9.719505589594315,-4.875921445963227,-9.644480923310278,0.0,4,8309,30828.0,1890.0,12804.0,22,9,18,6
6736.474012017216,2182.1350210287173,0.0005368723404825064,-3.273667876029849,-8.36375746543598,-3.2069892366675017,-8.300367644949487,0.0,4,9596,30809.0,2220.0,13990.0,20,9,19,6
7094.682689786063,2341.0191891033273,0.0005072567923112628,-1.9344516670506038,-5.30630880919068,-1.89444828143938,-5.2737323488651375,0.0,4,12822,33360.0,3054.0,14752.0,20,9,17,6
7818.983079392955,2818.8586102504914,0.0005588018515491853,-1.8571506981703596,-6.301137191224078,-1.82352933100832,-6.266918701298832,0.0,4,14481,38344.0,3511.0,21864.0,18,8,15,6
10731.83469480716,3961.8221896622267,0.0006123211719504153,-2.676769796164947,-8.218524645263921,-2.641000540188782,-8.182655199439075,0.0,4,18382,54979.0,4673.0,31469.0,17,8,13,6
15755.597843504702,5786.027030880804,0.0006436010137414084,-3.95404435996074,-10.469521252503684,-3.913058707204688,-10.423621244026798,0.01562356948852539,4,24250,82391.0,6686.0,47250.0,14,8,11,6
19037.703613761212,6908.562860833165,0.0006651575526686007,-4.887977680544532,-11.750704365224093,-4.843514230327613,-11.704391547855595,0.0,4,27498,99403.0,7862.0,57083.0,14,8,11,6
14662.787238590303,5525.72300981962,0.0005758245534956205,-2.324348263065667,-6.675946886532502,-2.2984033548172924,-6.6509333234661066,0.0,4,28390,82905.0,8230.0,47394.0,14,8,11,6
39719.529422984524,13375.645164735668,0.0007961431927260901,-17.037163101034356,-29.757489462131083,-16.928624013258435,-29.588747073341793,0.0,4,34179,187585.0,10654.0,107868.0,11,8,9,6
59214.65909088728,19434.455861840674,0.0008864874148387114,-34.26331445111241,-54.46859023398325,-34.07534622002908,-53.87012726292128,0.0,4,37065,264714.0,12142.0,152116.0,11,8,8,6
67223.61407715111,21870.421093387373,0.0009236183635766049,-41.20793990710256,-61.765355682156695,-40.99467030249356,-60.87676161163416,0.0,4,38881,296665.0,13091.0,169945.0,10,8,7,6
55095.80080991124,17971.56080711272,0.0007803278209473711,-26.271001479276137,-38.81941530327874,-26.12991264788983,-38.29337583251214,0.0,4,40032,251835.0,13919.0,143146.0,10,8,7,6
3012.7375096551864,774.2139360344788,0.0004891773444972989,-523.8386836203188,-787.4775691970403,-497.743263707472,-487.7801759242241,0.0,4,455,11839.0,154.0,4503.0,7,10,5,9
3225.847940852141,814.0565602790346,0.0004496157288817062,-614.7322996139308,-932.5832193487441,-591.0214515739591,-573.3244394884401,0.0,4,458,12602.0,166.0,5268.0,8,11,3,9
3620.2240736935055,910.9377665808644,0.00044885354895760814,-623.3834876452945,-863.8264220600141,-604.533635448626,-604.5367387874478,0.0,4,495,14161.0,151.0,5657.0,9,10,5,9
4057.9954887969966,1013.1860373280709,0.0002408430636833013,-681.4590710037214,-1253.714173729083,-586.2111137602418,-604.5321050943745,0.0,7,513,15590.0,158.0,5663.0,8,14,3,13
5610.298485263507,1587.1871115540641,0.0004175897650031739,-314.9521501421026,-504.9495031718977,-308.78731466604734,-457.27498249015173,0.015627384185791016,4,969,22646.0,234.0,11293.0,14,10,5,8
8208.134851449708,2285.543721779714,0.0004901593610192055,-214.35023248228782,-352.5099771264269,-207.3922872045067,-335.3181472717618,0.0,4,1617,33272.0,354.0,16148.0,22,10,17,8
8727.640826468132,2404.3594824471097,0.0004895229369509119,-111.41795929567361,-181.9393224129818,-107.667293470844,-176.57125274237296,0.015625476837158203,4,2365,35712.0,498.0,16965.0,24,10,20,8
9506.899689063552,2600.977482521395,0.0004910225213572149,-44.449000377191254,-72.72062677099086,-43.14325735381985,-71.72244629668894,0.0,4,3909,39480.0,839.0,18333.0,26,10,20,8
10068.591616796926,2794.696633059362,0.0004670985630783403,-33.37105182936711,-55.969029287462,-32.45060864542644,-55.328732741664126,0.015624523162841797,4,5002,42008.0,1097.0,19848.0,26,10,24,8
9873.383261640865,2706.5769991048346,0.00048079658190704764,-25.904616439225833,-41.78680418645933,-25.27742323421473,-41.3990473444079,0.0,4,5424,41469.0,1230.0,19063.0,27,10,23,8
8822.006688413734,2356.374523676857,0.0004947414084546062,-7.690679678219627,-11.84945590796057,-7.535527782707588,-11.758836832957638,0.0,4,8858,38734.0,2007.0,16040.0,23,10,19,8
8818.504253604084,2400.7500065083827,0.00045177254103979437,-4.034640146312788,-6.358561684765792,-3.9615641341697536,-6.317169237411569,0.0,4,12045,40557.0,2824.0,16424.0,20,9,17,8
6976.540598976449,2429.970314462024,0.0005552243253919447,-1.7874022805979202,-5.638437385630644,-1.7511163252865756,-5.605559813788032,0.0,4,12878,33102.0,3137.0,18121.0,19,8,16,6
7509.278452354793,2693.7386774704037,0.0005683328649462112,-1.8974456598763227,-6.314960567467473,-1.862370013602833,-6.279788990370498,0.0,4,13782,36359.0,3295.0,20741.0,19,8,16,6
7579.672467088096,2219.409793916692,0.00044600999418580007,-1.8531640395935138,-3.6698398266904224,-1.8159043946560165,-3.646909108134416,0.0,4,14136,36439.0,3429.0,14036.0,20,9,16,6
7983.850763937997,2941.263105580662,0.0005647635485695386,-1.402993662851232,-5.134640036011922,-1.3765440739663242,-5.1094624105522515,0.0,4,16723,40184.0,4169.0,22939.0,18,8,15,6
7387.910843764742,2460.3614042622544,0.0004343949087964327,-0.8339725053121994,-2.778127320058581,-0.8124170067065044,-2.761342802623099,0.0,4,17734,37049.0,4433.0,15248.0,19,9,15,6
9594.708063997223,3608.3601509780956,0.0005727704221356882,-1.6058565220275622,-5.682398127608437,-1.5801141025587557,-5.658039775222411,0.0,4,19670,50660.0,5069.0,28945.0,17,8,13,6
27990.358419053577,9738.478889607622,0.0007071533823908838,-8.933822953254703,-17.77574676712119,-8.867530242064126,-17.69945565672719,0.0,4,32100,140065.0,9696.0,80439.0,12,8,9,6
40664.93147971603,13619.067149435505,0.0007341586897475305,-16.19941507634864,-27.334043938188966,-16.098811182692458,-27.154965383811838,0.0,4,36482,193691.0,11762.0,110981.0,11,8,8,6
86536.59732267904,27922.35292362853,0.0011042981742527826,-65.70217803973127,-96.24166408457644,-65.36426713807062,-93.28064171409557,0.0,4,39986,370324.0,13662.0,211758.0,9,8,7,6
2592.7099501133303,685.0323365238559,0.0004847722219487857,-601.7941185602604,-963.3655182009868,-577.2446907476569,-613.7556437276776,0.0,4,360,10159.0,121.0,4412.0,7,11,4,9
2794.5118983464713,705.6396772905182,0.0004880566210067166,-474.95152603844235,-727.7020631982393,-455.37126603661596,-465.5187827361307,0.0,4,441,10951.0,146.0,4539.0,9,11,4,9
2982.5495944465592,789.4776754285076,0.0004316959002184405,-705.1770842266582,-1036.7963985999395,-679.5662793354902,-673.61731276941,0.0,4,386,11665.0,141.0,5108.0,7,11,3,9
3163.9914928246358,807.8966646999685,0.0004881701980220882,-569.4293924697357,-779.1257750508619,-546.0059940429536,-506.16764301772406,0.0,4,469,12412.0,157.0,4772.0,8,10,5,9
3345.5793329282546,841.6168714642865,0.00045995378661168706,-570.4172946621201,-876.642310209024,-548.2238065288516,-554.2588943052224,0.0,4,479,13081.0,163.0,5257.0,7,10,3,9
3358.9032606765163,874.8919397559906,0.00037069842030358966,-994.2161928635685,-1427.399348395033,-953.070811919147,-943.6459729949628,0.0,4,362,13080.0,122.0,4594.0,8,11,3,9
3521.3325094494076,901.0453636573583,0.0003961750585315799,-406.2791383615864,-699.3634653647429,-378.9190513767153,-402.9326802442003,0.0,5,591,13847.0,194.0,5297.0,10,11,3,10
3502.3573865552175,969.1916707941945,0.0004129269037552566,-361.1462971786055,-694.6319330556868,-337.881004762511,-414.1109659542029,0.015625715255737305,5,623,13917.0,190.0,6023.0,10,11,3,9
4234.478992372274,1198.316349585622,0.0003891644414006659,-375.76009095981493,-727.7755553926003,-360.9326746952141,-497.761808110128,0.0,5,680,16895.0,214.0,8315.0,12,11,4,9
7272.5334148997445,2018.9365625868486,0.0004794477372114397,-237.97566099885205,-378.44475247186324,-231.90530765427147,-349.6670375871242,0.0,4,1370,29545.0,353.0,14291.0,13,10,8,8
7229.695752732845,2039.1046697427444,0.00043236258409764904,-255.9738168884587,-423.334296735341,-245.7009539034989,-403.3711488232297,0.0,4,1337,29213.0,296.0,14496.0,19,10,5,8
7536.269690912518,2119.732240362762,0.00042106931018693407,-196.89257070716917,-320.82932151391014,-189.2780860061528,-307.67449388661186,0.0,4,1648,30620.0,360.0,15050.0,21,10,15,8
8256.086193807774,2291.3722212355633,0.00047834264118750406,-137.87637542869862,-224.8883251225787,-133.47862784517613,-217.1699130967272,0.0,4,2042,33744.0,435.0,16247.0,23,10,18,8
8610.018445102194,2422.406848054224,0.0004478648649195433,-124.18521796237827,-214.1165506964389,-119.36001617182484,-208.7876026544381,0.0,4,2208,35046.0,469.0,17235.0,24,10,22,8
9106.281715799265,2535.7844672967244,0.000479366519349908,-109.24442708004624,-180.8405576369957,-105.00695347780274,-176.74990480164263,0.0,4,2468,37220.0,540.0,17991.0,27,10,22,8
8847.64321844147,2393.3213280223504,0.0005186801369372788,-50.707592844981825,-80.09855922765097,-49.338134332194116,-78.83547583748542,0.0,4,3462,36807.0,732.0,16747.0,27,10,21,8
8819.779903834524,2372.9215137498054,0.0005131130777812841,-42.82915260098362,-65.94921245289557,-41.65239586165097,-65.01201550110177,0.0,4,3740,36840.0,797.0,16576.0,25,10,17,8
8490.062185677245,2251.3408689786033,0.0005261841135008719,-25.928638625830843,-39.05859524573672,-25.301032482779124,-38.61101088438642,0.0,4,4699,35786.0,1025.0,15402.0,25,10,22,8
9308.831873772706,2521.2420137040926,0.00048138697431741065,-18.346872546144315,-28.769165123117524,-17.92754189718663,-28.513881845315684,0.0,4,6094,39810.0,1374.0,17710.0,24,10,20,8
9508.72409071445,2586.7718520548606,0.000493079909789727,-13.274614217152768,-21.223804168580184,-12.999368829094358,-21.055937156692035,0.0,4,7354,41120.0,1673.0,18193.0,24,10,21,8
7464.668733579765,1977.9169914331592,0.0005113335312327437,-5.926300010266941,-9.09138424103245,-5.80457836014979,-9.023168316525009,0.015625953674316406,4,8283,33344.0,1888.0,12150.0,22,9,20,8
10143.407439276343,2812.595737259445,0.00043592117706267374,-10.69253932523685,-17.503517183726768,-10.479302962232278,-17.369209852846673,0.0,4,8795,44508.0,2014.0,20112.0,23,10,19,8
6762.821334016842,2205.2324896330847,0.0005251054380348517,-3.4357465290632474,-8.67355262096861,-3.364871747813938,-8.613546761299235,0.0,4,9646,30420.0,2200.0,13718.0,22,9,19,6
11059.25637851991,3135.6800946923777,0.0004229989888168407,-10.020919746067976,-17.032537810572073,-9.832075517477618,-16.912725965837627,0.0,4,10042,48552.0,2302.0,22687.0,23,10,18,8
6897.188030579322,2259.519872026651,0.0005193401265996063,-2.6350484628365924,-6.945805632269151,-2.582053073641765,-6.900972741042479,0.0,4,10925,31715.0,2525.0,14235.0,21,9,18,6
7312.014544427319,2613.3531960076375,0.0005787214491600547,-2.0423159975481204,-6.645303689738143,-2.0041551536219697,-6.608845104993187,0.0,4,12976,34989.0,3057.0,19969.0,19,8,17,6
8246.2713398491,3093.4313388075493,0.0005554471970110527,-1.2088705187493947,-4.75079299890382,-1.1851492261304544,-4.72928995392787,0.0,4,18175,42536.0,4608.0,24294.0,17,8,15,6
9342.58949091917,3491.2094788196255,0.0005870218536410024,-1.6532273018972816,-5.760847891659305,-1.6255796210452722,-5.735211889620336,0.0,4,18666,48648.0,4816.0,27817.0,16,8,13,6
9549.839072051598,3586.878972089338,0.0005732990664141195,-1.5680376231824527,-5.571019833488716,-1.542129883239681,-5.546841806091471,0.0,4,19672,50108.0,5050.0,28654.0,17,8,13,6
13023.77377705223,4837.8201681301325,0.0006353546508395297,-2.9502307614914445,-8.690508363256509,-2.9147341700553295,-8.656152660547734,0.0,4,22012,68423.0,5816.0,39235.0,15,8,12,6
13351.648890446078,4976.605067714335,0.0006481725563196009,-2.8896416521862958,-8.49662549112832,-2.8555046884872026,-8.46277205086233,0.0,4,22915,70697.0,6052.0,40548.0,15,8,12,6
16005.313763781181,5908.619474441555,0.0006461882766689896,-3.607278790456159,-9.462578181754917,-3.5704237958378027,-9.428436706974798,0.0067861080169677734,4,25998,85345.0,7164.0,48944.0,14,8,11,6
20391.94026779739,7299.7264689050735,0.0006959459113667912,-6.056815756692343,-13.811954500378528,-6.004137247145885,-13.756047212393305,0.0,4,26816,104268.0,7560.0,59916.0,14,8,11,6
22119.226714039607,7857.00747143911,0.0006915219132364115,-6.908897112551499,-15.309210345818073,-6.850714231313495,-15.246239445031634,0.0,4,27550,112098.0,7889.0,64403.0,13,8,10,6
27258.188674842895,9514.749576315711,0.0007048564581202153,-8.918086788101878,-18.11875909656574,-8.85073345646962,-18.036425210600054,0.0,4,30906,136146.0,9384.0,78183.0,12,8,10,6
39876.601131386145,13422.286034645265,0.000811012813478315,-18.747257135034914,-33.04468641191875,-18.628268909364483,-32.83606541791861,0.0,4,32533,186466.0,9866.0,107326.0,12,8,9,6
42343.75779028219,14097.128815974076,0.000716846844301758,-16.341378964612158,-26.653011014464784,-16.243791074548497,-26.463925319496504,0.0,4,37858,201795.0,12572.0,115267.0,11,8,8,6
67813.71913865709,22062.1122404546,0.0009212628511126267,-41.71204430929904,-63.024775404266975,-41.496485466932164,-62.04212226071064,0.0,4,38937,299027.0,12982.0,171229.0,10,8,7,6
2975.024331132997,793.5640727124685,0.0004356554722222572,-726.2742027145639,-1194.5983477533757,-699.6549349936839,-775.1669416922982,0.015622615814208984,4,382,11639.0,121.0,5124.0,9,11,4,9
3273.9602961601922,842.8507244761672,0.00048044527500195494,-523.9176918410665,-817.9043978908932,-502.0744149935707,-509.2512794038427,0.0,4,490,12893.0,168.0,4913.0,7,10,4,9
3349.218422778404,850.2119492783269,0.0002467170105076204,-626.7086398161618,-1781.5772770922588,-456.894944938196,-481.57075530570467,0.0,8,507,12711.0,160.0,4806.0,9,15,5,14
3642.2680404194402,912.5141749941298,0.000248935117888217,-612.8600764957264,-1370.8483399591705,-471.2786193094071,-473.0254191351766,0.0065157413482666016,8,535,13880.0,184.0,5030.0,9,15,4,14
3980.4443467930396,1107.1661319558145,0.000465007669552365,-430.0711248294882,-745.3307548207385,-417.4321362537589,-520.8074922152397,0.0,4,634,15890.0,217.0,7804.0,9,10,4,8
6105.480670573776,1699.9612464945585,0.0004678164977311721,-383.0208673572488,-612.6517438356088,-376.2491833545793,-513.4511587444764,0.0,4,957,24514.0,278.0,11988.0,13,10,4,8
7382.1895372974095,2052.07067677992,0.0004953190342779695,-280.2092215117353,-421.9696563564838,-273.16908066876397,-392.52659251501933,0.0,4,1286,29817.0,337.0,14521.0,16,10,8,8
7052.50327085473,1993.9461789585328,0.00042596160354407126,-167.01996158293483,-275.08204863399243,-161.9897278737993,-265.1223963392693,0.015625,4,1583,28841.0,347.0,14250.0,19,10,18,8
8514.884193771124,2398.8019709499436,0.0004581793880969119,-202.98249992195005,-323.048921050406,-193.5258060196364,-313.6654445248812,0.003005504608154297,4,1788,34467.0,381.0,17017.0,25,10,22,8
9395.647291764948,2608.8562029172863,0.0005086887127473707,-77.447925143964,-127.35312736979586,-75.08261719056313,-125.51753433256955,0.0,4,3026,38637.0,667.0,18465.0,27,10,21,8
9130.709694829313,2498.875851424663,0.0005097908588837096,-56.046211901375564,-88.87071010086281,-54.40173218662192,-87.62107248436415,0.0,4,3327,37957.0,726.0,17662.0,26,10,19,8
9659.053072657623,2704.824303058642,0.0004596695619599199,-53.77565002062581,-96.68661992104265,-52.091128150924156,-95.44617264658838,0.0,4,3655,39868.0,772.0,19249.0,29,10,22,8
9379.96491198128,2543.2676815467144,0.0004725085739894078,-18.0776350735299,-29.090305546443254,-17.678740916495094,-28.832749766646625,0.0,4,6115,39992.0,1398.0,17838.0,23,10,21,8
8745.58998271891,2329.089539569772,0.0004980551786114043,-9.66632694161857,-14.742238572853154,-9.472201951698477,-14.62725155910895,0.0,4,7814,38064.0,1779.0,15906.0,23,10,20,8
11082.713777169682,3188.802225823462,0.0003996319445428454,-12.966921475712242,-23.065008322828838,-12.705708420338913,-22.882464943110442,0.0,4,8810,47953.0,2066.0,23120.0,24,10,20,8
6702.970183526852,2211.6834251123437,0.00056231517263194,-3.1931400375066366,-8.35517873866286,-3.131758315465656,-8.300108687595682,0.0,4,9789,30772.0,2285.0,15175.0,20,9,18,6
6849.856797469078,2236.1464201836156,0.0005245458021795303,-2.4105725798496414,-6.405676142413929,-2.3634132755088313,-6.365539754362591,0.0156252384185791,4,11308,31837.0,2631.0,14119.0,21,9,17,6
6994.460216396259,2397.969720669967,0.0005481730902654168,-2.0408714371316954,-6.126424630774021,-2.0000373368522006,-6.088050672453677,0.0,4,12474,32611.0,2887.0,17435.0,20,8,17,6
7794.977760151083,2824.734836375502,0.0005867073572674958,-1.8893623554929029,-6.282995035545595,-1.8554075703470945,-6.250470630796704,0.0,4,14447,38317.0,3457.0,21879.0,18,8,14,6
8002.8078327755275,2914.3754905639735,0.0005863940750289703,-1.7444587373476197,-6.039805914392525,-1.7132134616905321,-6.009478820081883,0.0,4,15254,39584.0,3650.0,22610.0,19,8,16,6
7567.202149049762,2775.6189456137527,0.0005492180119755156,-1.172354809482893,-4.508280215109498,-1.1473595297375665,-4.485781080814906,0.0,4,16366,37729.0,4044.0,21521.0,18,8,14,6
8389.402232131917,3175.873698685135,0.0005270340713835412,-1.0158710461605431,-4.212793999428908,-0.9952582584178316,-4.193372601819884,0.0,4,19557,44620.0,5066.0,25433.0,17,8,13,6
11336.515804396575,4330.661271917181,0.0005849437597185663,-1.6991279559994181,-5.804472991147022,-1.6753179119856605,-5.7821854948032625,0.0,4,23543,62680.0,6424.0,35857.0,15,8,12,6
21906.52964847658,7798.71931727148,0.0007169460663559445,-7.010449965481413,-15.94492459504162,-6.950769274225031,-15.878729671496668,0.0,4,26973,110531.0,7522.0,63544.0,13,8,11,6
19834.15948401898,7154.075899006803,0.0006764401620768844,-5.2682120980566145,-12.373527310094408,-5.222398089829801,-12.322649407556161,0.0,4,27929,103407.0,7864.0,59336.0,13,8,10,6
48373.81017184471,15997.14121009855,0.0007799867925230926,-22.664767143516183,-36.65099448446875,-22.533468868866205,-36.33972551852966,0.0,4,36742,223631.0,12084.0,128098.0,11,8,8,6
66787.26673231146,21765.922927250293,0.0009277182914054636,-42.26072799733961,-64.88896104557791,-42.0380863740303,-63.9700810316384,0.0,4,37794,294202.0,12417.0,168855.0,10,8,8,6
62801.94200354529,20469.337834307196,0.0008736866131364154,-35.728013714112734,-54.005687883989864,-35.53743594306872,-53.215288309092514,0.0,4,39018,280072.0,13153.0,160198.0,10,8,7,6
2829.7339962588944,733.3756782281961,0.00040225732020868324,-836.3875097927256,-1265.1379058782418,-793.2424136410143,-755.4809151033694,0.0,4,342,11022.0,121.0,3794.0,7,11,3,9
3281.492418029232,846.5272625556722,0.0004811915249361121,-550.8234643331521,-893.0686071496649,-526.5184053010454,-575.0551018055019,0.0,4,485,12900.0,151.0,4918.0,8,10,3,9
3278.3703662131456,873.0395056895327,0.00030297676510748946,-562.4283472898132,-1520.5649911160783,-436.348256310431,-510.65835706679763,0.0,7,514,12619.0,160.0,4751.0,9,14,5,12
4593.77271649712,1280.2325919860552,0.00047056203689051224,-444.0779246681692,-734.1842166448528,-434.07680416533515,-557.6715854973793,0.0,4,690,18335.0,226.0,9023.0,9,10,4,8
5055.7539538299,1414.502724752884,0.0004744834530640635,-478.25955420696454,-742.5897372368739,-468.7991165547599,-587.6467652189709,0.0,4,730,20157.0,218.0,9985.0,9,10,5,8
5827.976348863872,1623.6335184035015,0.000504716787533425,-431.69783430867443,-730.7579271052482,-424.018048608524,-593.9849899461592,0.003571033477783203,4,859,23308.0,256.0,11429.0,11,10,4,8
6644.1156751043,1853.1866642354191,0.0004760367504705146,-320.78117398755626,-500.69697283837877,-314.27053536697747,-445.83435013045283,0.0,4,1137,26810.0,288.0,13123.0,14,10,4,8
7193.516973491942,2048.4170005966394,0.00040720900059306966,-176.36266769926578,-298.30602683195167,-168.49450690789,-289.66623344716265,0.0,4,1543,29138.0,332.0,14609.0,22,10,19,8
8475.637299047194,2266.9895833094015,0.0005325107828440885,-56.28614122349622,-85.46299137143993,-54.68569146625976,-83.90281486181819,0.0,4,3168,35147.0,691.0,15744.0,26,10,18,8
9893.475301513956,2752.8147753708386,0.0004664010550084982,-35.14851842553431,-58.92915563111783,-34.25076906614372,-58.29088039125258,0.0,4,4734,41273.0,1043.0,19549.0,27,10,22,8
8742.027895102487,2339.6881937023145,0.000488501625278284,-15.069503715116117,-23.77865630322067,-14.740198704548487,-23.577223968094245,0.0,4,6179,37715.0,1381.0,16240.0,24,10,21,8
8703.743064528808,2321.060603025407,0.0004955027354179091,-12.883715552154227,-19.646921201395507,-12.60880426011169,-19.474208108510176,0.0,4,6691,37577.0,1460.0,15960.0,25,10,21,8
8764.097930263559,2330.6306952196437,0.0005070964553931742,-11.436853451198587,-17.59380854119917,-11.199219202457016,-17.455016209022354,0.0,4,7359,37705.0,1641.0,15845.0,24,10,20,8
7263.132514051128,2581.9428307478074,0.0005738847470302312,-2.1458726887772452,-6.96202946000972,-2.1056184639967266,-6.921145856161176,0.0,4,12658,34547.0,3032.0,19701.0,19,8,16,6
6986.82771959731,2487.3306265620045,0.0005458848657617286,-1.4620554772876178,-5.107496252062728,-1.4316960272466837,-5.079962786368771,0.0,4,13912,33556.0,3345.0,18816.0,19,8,15,6
8905.12847149046,2477.170878744541,0.00043452662325758044,-2.180792437991415,-3.785338323307008,-2.140344045401407,-3.7615287018714936,0.0,4,15983,43287.0,3958.0,17424.0,19,9,15,8
7920.706605158406,2949.180050242779,0.0005556882929754327,-1.1439435900163906,-4.521357065480646,-1.1206274520251363,-4.499419208035847,0.0,4,17699,40683.0,4416.0,23206.0,17,8,15,6
8638.41276050371,3234.326427171506,0.0005659661653149561,-1.335644976263461,-5.1529395999845615,-1.3114265471949884,-5.128968056021079,0.0,4,18445,44980.0,4581.0,25685.0,17,8,13,6
9593.428969113009,3591.4166439466007,0.000560358459908274,-1.7360547044757282,-6.071488505470028,-1.7086208239332565,-6.0426341179136145,0.0,4,19060,50318.0,4801.0,28746.0,16,8,13,6
16764.746429139133,6108.38602694416,0.0006535526453814745,-4.554453328652925,-11.606461167133146,-4.50963296990696,-11.55900397896809,0.0,4,24371,86719.0,6745.0,49758.0,15,8,11,6
12790.000428801792,4870.045568960315,0.0005821222531784589,-1.9982244478145725,-6.467532075324539,-1.9729134369027919,-6.441630051868123,0.0,4,25602,71408.0,6925.0,40839.0,14,8,11,6
18320.898135167026,6658.062091367127,0.0006525090906283214,-4.5992434660195824,-11.228146845753582,-4.556609362367661,-11.182168674226332,0.0,4,27102,96497.0,7584.0,55351.0,14,8,10,6
31392.139596362336,10774.92189115154,0.0007819931369722593,-12.803774834813252,-24.59504578727829,-12.7125579866295,-24.46859510175286,0.0,4,30129,151251.0,8890.0,87075.0,12,8,9,6
60363.68987360075,19730.813350410823,0.0008752398229610195,-34.5488094354102,-53.18050758015529,-34.363455203498454,-52.52221626611964,0.0,4,37693,269841.0,12581.0,154703.0,10,8,8,6
2592.9933675516154,683.8922688674487,0.00046835208451545806,-675.4400725690674,-973.372726261661,-636.7445532052378,-607.3698219496437,0.0,4,367,10113.0,131.0,4371.0,7,11,4,9
2723.730386574633,722.9728844615589,0.0004619669900056853,-813.2366490134889,-1394.7844959874642,-765.6563709640994,-740.2725285114932,0.0,4,340,10611.0,128.0,4620.0,7,11,3,9
2895.0936459378995,756.5460508675816,0.0004591408612959801,-735.1302231498978,-1233.441902180972,-697.7145805559159,-725.6039823959675,0.0,4,386,11295.0,128.0,4892.0,7,11,3,9
3090.516820654759,775.6208668973951,0.00047732020289710715,-639.4709596725785,-914.8233585620194,-607.2888686856612,-549.496441177847,0.0,4,434,12023.0,148.0,4904.0,7,10,3,9
3543.074843602435,960.1914940589496,0.0004046416594253107,-394.23363187813635,-755.6474824304648,-367.36974473750604,-429.92768958186093,0.0,5,597,14029.0,202.0,5678.0,8,11,3,9
3965.0110731908826,1006.4271929637246,0.0003740329848114844,-481.6162160888911,-787.2959091737721,-456.04174380055633,-489.3733071243977,0.0,5,554,15539.0,183.0,6105.0,8,11,3,10
4530.769148049442,1264.2287009609192,0.0004764703983840891,-377.6327151128618,-619.497016350161,-370.66392058732055,-479.03593895221206,0.0,4,732,18172.0,232.0,8940.0,10,10,4,8
4925.290547690224,1376.4627825214407,0.00048359072255536965,-410.0472968140454,-716.8716019375565,-401.33737843158025,-546.4996971067487,0.0,4,773,19726.0,236.0,9715.0,10,10,4,8
6966.365564416164,1931.3404968009481,0.00050355427966811,-321.4986326535694,-517.9777669348284,-315.157825769648,-456.3489279902664,0.0,4,1164,28081.0,313.0,13623.0,13,10,4,8
7537.120778188446,2092.383561575172,0.0005045144819458827,-274.48761255656075,-437.87139334477126,-268.16358973274913,-404.0079249299386,0.0,4,1333,30476.0,321.0,14759.0,16,10,12,8
8238.417832023331,2308.8316331895376,0.00046909790417912526,-169.5994872825205,-274.410129477244,-162.93694382452847,-265.0170850795505,0.0,4,1881,33576.0,409.0,16398.0,21,10,11,8
9563.686245594146,2687.1782675637037,0.00046694595324761384,-68.78938338341153,-116.24091286413271,-66.39887709068122,-114.52327668076147,0.0,4,3250,39310.0,683.0,19135.0,28,10,27,8
9746.81911200179,2678.805447396283,0.0004935602217794666,-36.71303665765241,-59.432775526555815,-35.71006638821201,-58.75137317506458,0.015624523162841797,4,4552,40620.0,986.0,18919.0,26,10,25,8
9272.216137696892,2515.921188567586,0.00048330255340096163,-25.42455621366458,-39.63712157851207,-24.821971574880756,-39.23850975319093,0.0,4,5149,39191.0,1128.0,17685.0,24,10,24,8
6445.071127904641,2066.9010493772234,0.0005351413741187287,-4.439896093660827,-10.579695010449337,-4.349436424270561,-10.503707110982182,0.0,4,8026,29138.0,1811.0,13150.0,23,9,18,6
6483.380344998793,2115.23996126917,0.0005273614166730958,-3.8907423503343734,-9.594249113098906,-3.8101757870990127,-9.523051370695544,0.0,4,8703,29441.0,1983.0,13241.0,22,9,17,6
7659.8823845952975,2033.505849921919,0.0005052889587601845,-5.162461776698261,-8.073588500814832,-5.061334392252811,-8.01603705929134,0.0,4,9171,34442.0,2099.0,12749.0,22,9,18,8
6947.424474070709,2274.9143573623455,0.0005310142617762453,-2.2793524245096983,-6.0466047015221065,-2.234428667216481,-6.011218736344849,0.0,4,11780,32292.0,2733.0,14124.0,20,9,18,7
7275.247640401436,2623.306666134048,0.0005603630350180975,-1.6671785056594675,-5.735740050698694,-1.6341829747340562,-5.704422548661278,0.0,4,13950,35412.0,3409.0,20184.0,18,8,15,6
8408.402868063986,3042.5000119830183,0.0005946967560418546,-2.1091518148792487,-6.7651050188526005,-2.0727236073151283,-6.731099236863318,0.0,4,15105,41328.0,3652.0,23626.0,18,8,14,6
7538.054691447257,2766.332403878825,0.0005483787730559535,-1.2828892702478583,-4.833978749635061,-1.2569561883473197,-4.808872130870111,0.0,4,15983,37583.0,3967.0,21421.0,18,8,14,6
8113.462491696542,3016.027056963073,0.0005534746157568873,-1.2331520143432804,-4.808448477130679,-1.2093008805435779,-4.785928692364177,0.0,4,17754,41441.0,4401.0,23654.0,17,8,14,6
9126.797549546975,3449.8759896190472,0.0005710853897050135,-1.4147266238099054,-5.3979186850266,-1.3905789497109087,-5.372914288698912,0.0,4,19395,48475.0,4928.0,27684.0,16,8,14,6
14055.58408493756,5176.0416825987795,0.0006438738038561375,-3.5678745885110255,-9.845518055393748,-3.5285124417829534,-9.804406017223476,0.0,4,22268,73299.0,5928.0,42033.0,15,8,12,6
17522.797612443817,6352.82763732681,0.0006830158639068452,-4.99563574088262,-12.398615072923047,-4.947577476847859,-12.349327876425985,0.015625,4,24604,90158.0,6727.0,51778.0,14,8,11,6
18634.307470809497,6735.951981253281,0.000692838425041483,-5.381858858486975,-13.216592860095407,-5.332122112421942,-13.163382779995601,0.015637636184692383,4,25612,95667.0,6923.0,54984.0,14,8,11,6
17186.315567673795,6346.771387222535,0.0006098568278269796,-3.3229682501697537,-8.500495501349642,-3.2903370740794395,-8.470026935342963,0.0,4,29421,94389.0,8539.0,54041.0,13,8,11,6
21495.26482109878,7681.255857741189,0.0006336878223624677,-5.193498333139659,-11.249450293298773,-5.150514038191676,-11.204620831415214,0.0,4,31093,113906.0,9406.0,65222.0,12,8,10,6
34454.29221703855,11738.63571892691,0.0007770152427591521,-14.064539300329635,-26.10687328888866,-13.969085110848198,-25.961802928339253,0.0,4,32135,165234.0,9634.0,95041.0,12,8,9,6
17962.416433347713,6584.216891393893,0.0005628879436502028,-2.8540552551301213,-6.769966117787983,-2.826435942215911,-6.746612590920512,0.015624761581420898,4,33414,102642.0,10122.0,58540.0,12,8,10,6
54640.65462600474,18004.92144815319,0.0008690751136828831,-30.06683334374556,-48.70383775856407,-29.897153530306763,-48.24835462474015,0.0,4,36179,246622.0,11659.0,141740.0,11,8,8,6
33620.618232622524,11376.377664283858,0.0006510388966806501,-10.394902354756649,-17.944835007310523,-10.325581067442572,-17.8496689537477,0.0,4,37048,167646.0,12056.0,95649.0,11,8,8,6
62972.997053300554,20506.43911042537,0.0008638470361212645,-35.8723542110889,-53.86071734732402,-35.68350806318026,-53.04922030647719,0.0,4,39064,280770.0,13143.0,160431.0,10,8,7,6
2945.9105217374363,741.916542644791,0.000478846704075507,-555.2319524169967,-782.2427444935227,-533.1341308451,-518.6061329393516,0.0,4,433,11523.0,135.0,4791.0,8,11,3,9
3501.2401761137917,881.9877172236206,0.0004224279006046467,-610.9600258050608,-964.3963132020912,-586.6478387412461,-620.1956389732084,0.0,4,486,13692.0,167.0,5713.0,8,11,4,9
3426.5314394097068,921.0867380151385,0.00041763755212900864,-392.8180658181654,-710.5747012374281,-363.46046146098035,-400.7394337511855,0.0,5,566,13555.0,195.0,5312.0,8,11,3,9
4276.969653465719,1195.5504964589882,0.0004480282459067323,-423.9253433193599,-738.4069715207103,-414.1461810709688,-554.5913960078177,0.0,4,656,17103.0,197.0,8439.0,12,10,5,8
6122.452650558707,1694.1824202005716,0.0005027277701516371,-355.6858360742061,-587.3955220011194,-349.80057445701317,-485.45609459448275,0.0,4,1007,24619.0,272.0,11947.0,11,10,3,8
5888.864404888829,1675.4391060007722,0.00040824120536990776,-253.4719873996845,-417.98169378244523,-245.47514823921819,-396.3990434388728,0.0,4,1128,23851.0,251.0,11948.0,18,10,6,8
7229.625234495215,2041.7469439999986,0.00043325212376887716,-208.7176349469984,-345.5184940604386,-201.3035403258198,-331.51927715123935,0.0,4,1461,29366.0,329.0,14535.0,22,10,9,8
9550.863146530266,2656.3398690679624,0.0004617447486683081,-55.67413639883518,-91.10199439779034,-53.88215793903724,-89.89928809344505,0.0,4,3564,39493.0,778.0,18902.0,24,10,24,8
7506.611342954067,1962.0053782206273,0.000527367952566304,-10.49580156809368,-15.575545879456946,-10.276122848883542,-15.442914483641363,0.0,4,6349,32940.0,1447.0,12761.0,22,9,18,8
7958.363692786769,2100.6833511185514,0.00050782875959813,-8.447619787454421,-12.743434499161744,-8.281661840362196,-12.648594508902265,0.0,4,7512,34977.0,1701.0,13878.0,23,9,20,8
7656.821667773342,2005.4759565998293,0.0005288972501911106,-6.7962741464262715,-10.115077458831117,-6.661328206795348,-10.041123157382732,0.0,4,8093,33809.0,1826.0,12704.0,23,9,21,8
6563.606083771075,2142.500340334473,0.0005544396483094799,-3.8411114499602377,-9.802268472618909,-3.765398022470891,-9.724671559486769,0.0,4,8869,29762.0,1999.0,14410.0,22,9,17,6
6632.156498674972,2150.6106763545095,0.000558362152149205,-3.4969331084638275,-8.63810381737388,-3.428195707731377,-8.57534740863897,0.0,4,9388,30340.0,2143.0,13884.0,21,9,16,6
8177.332201096109,2171.6630628007956,0.0004944897044796762,-5.438174531440723,-8.160152519138821,-5.3354041355251,-8.105735989264371,0.0,4,9618,36735.0,2232.0,14372.0,21,9,19,8
6977.418766695413,2419.069386751167,0.0005388235506741364,-1.4349706858815088,-4.6938875093959185,-1.4043952658396357,-4.6672192171464975,0.0,4,14183,33780.0,3425.0,17401.0,19,9,15,6
8213.462891928308,2981.7096710612186,0.0005916300686332754,-2.1035245840244943,-6.867651358563451,-2.0677674321223862,-6.8322978064124635,0.0,4,14696,40634.0,3578.0,23209.0,18,8,16,6
9781.194918907744,3621.9672299157173,0.000589721028240747,-2.1554017063497057,-7.100517474640927,-2.123527683822884,-7.068076437035277,0.0,4,17959,50390.0,4462.0,28808.0,17,8,13,6
9853.016310057037,3698.3458084324675,0.0006060313100462073,-1.8454457216837885,-6.353587562415029,-1.8170326694636842,-6.327190419117531,0.0,4,19286,51638.0,4917.0,29553.0,16,8,13,6
11393.947234076375,4269.266001024063,0.0006160422543832003,-2.3678981004201995,-7.375631689694142,-2.337384901988971,-7.346203037787678,0.0,4,20858,60202.0,5471.0,34475.0,16,8,13,6
26357.870637668806,9231.88921111221,0.0007337964797076564,-8.98993925315352,-18.80621626703952,-8.92061512373389,-18.721732837352913,0.0156252384185791,4,29665,130864.0,8617.0,75254.0,13,8,10,6
27514.8164116475,9561.106449656685,0.0007080498543946494,-9.065577121114469,-17.87187918165023,-8.998462418351863,-17.783280568273483,0.0,4,31219,137492.0,9360.0,78915.0,12,8,9,6
86231.96657043237,27863.485746171158,0.0011116576225467156,-68.25143540515617,-101.13027103525894,-67.91350756308877,-98.6825452113852,0.0,4,38961,368340.0,13145.0,211475.0,10,8,7,6
80394.77709831343,25947.200112078568,0.001043704083127177,-56.70477259011239,-81.96491065576964,-56.41451198737125,-79.6836388268625,0.0,4,39940,347171.0,14013.0,198227.0,9,8,7,6
3373.7879629209065,845.3850084428988,0.00046831086239793425,-626.3793484579871,-919.325527498531,-603.614803124511,-596.6489303468456,0.0,4,449,13160.0,149.0,5391.0,7,11,4,9
5576.539112097215,1558.0894416988176,0.0004839725652844015,-430.88984485035564,-722.0316276717697,-423.8458936108521,-587.1288437224774,0.0,4,837,22298.0,242.0,10984.0,10,10,5,8
6958.280950152128,1934.6055341895067,0.000469359303741489,-275.87744344839626,-435.1402956002276,-270.13113719140983,-394.51694518779124,0.006508588790893555,4,1264,28174.0,301.0,13686.0,15,10,5,8
7379.270083737957,2061.3619309613405,0.0004917647981656255,-254.1188436767529,-426.63427300568435,-248.4201315233692,-395.6736305182379,0.0,4,1374,29888.0,297.0,14585.0,17,10,13,8
8031.801408437795,2271.0065293279104,0.00042341362062383984,-135.0620147396776,-228.88495142491337,-129.26769740414713,-223.1238650999689,0.0,4,2030,32712.0,441.0,16162.0,26,10,21,8
8681.131166093315,2345.1147160107116,0.000518725858760171,-44.90574521778223,-71.6826580655386,-43.739260446882554,-70.75993804700666,0.0,4,3634,36255.0,790.0,16370.0,24,10,20,8
9801.07923957442,2723.13021478347,0.0004899549615617506,-55.08013678148836,-93.63758276088042,-53.394775290261094,-92.41602551365507,0.0,4,3716,40298.0,798.0,19230.0,29,10,24,8
9877.489834319413,2725.840953953477,0.0004802850021786569,-27.64887223300316,-46.190196671832055,-26.964913726824207,-45.73794690296539,0.0,4,5296,41466.0,1149.0,19355.0,27,10,24,8
8426.875180165143,2235.855042446476,0.0005110180986090105,-13.809861912975018,-20.979986566563237,-13.509602400578434,-20.786479860742443,0.0,4,6268,36291.0,1383.0,15253.0,24,10,21,8
6516.199170944414,2140.8163138352934,0.0005376742400303154,-3.3953534744023246,-8.599320522503255,-3.3278861301215272,-8.539650651170648,0.0,4,9228,29943.0,2161.0,13249.0,21,9,16,6
6740.875823257935,2202.9727098665267,0.0005658727104686338,-3.127559290125231,-7.848332765280942,-3.067448528047618,-7.799157540344716,0.0,4,10036,30887.0,2333.0,14681.0,21,9,17,6
10925.512902243232,3092.691084772828,0.00042699248928886177,-9.429089884673392,-15.94152817846157,-9.254609657577339,-15.82743541112784,0.0,4,10250,48169.0,2374.0,22335.0,22,10,19,8
6891.265703017359,2269.4274241167823,0.0005354262975636482,-2.608321521486404,-6.917874214066617,-2.5547015564482654,-6.872060650231,0.0,4,10948,31625.0,2597.0,14266.0,21,9,18,6
7085.849999000356,2339.374780701744,0.0005005337544067254,-1.5465544115603151,-4.415305800122576,-1.5140809972215035,-4.388196768135887,0.015635251998901367,4,14047,34101.0,3373.0,14792.0,19,9,15,7
7868.958567529759,2884.1157909892127,0.0005535751989959778,-1.5126744345522756,-5.280723853926622,-1.484298473404451,-5.253308808578698,0.0,4,15776,39317.0,4063.0,22428.0,18,8,15,6
11588.34342579502,4315.9437011214595,0.0006362022475616249,-2.6440390423171136,-8.200654093564205,-2.6101688667592695,-8.166004725399237,0.0,4,20244,60306.0,5131.0,34555.0,16,8,13,6
14919.02334584104,5480.05226936751,0.0006590482934433453,-3.876477079413159,-10.395814323316785,-3.8349451063541657,-10.353275707545423,0.0,4,22838,77630.0,6142.0,44547.0,15,8,12,6
8515.571376283762,3375.5500971446613,0.0005102052245944008,-0.5136869013591183,-3.1057585656845443,-0.49964474761717237,-3.092547424973815,0.0,4,23486,49635.0,6326.0,28279.0,15,8,13,6
16271.097380273199,5985.614001851995,0.0006611150338237488,-3.8728857012834386,-10.245541684455285,-3.8337274004972057,-10.207184405464904,0.0,4,25459,86054.0,6851.0,49382.0,14,8,11,6
35625.44636226214,12099.792392760986,0.0007753271708478011,-14.547908297444069,-26.353129791681546,-14.452057210917495,-26.205671681446955,0.0,4,32903,170451.0,9930.0,98011.0,12,8,9,6
55143.60481147534,18159.64416467184,0.0008949628134156775,-32.1102787512112,-51.75937760143278,-31.929728860312586,-51.248141481196,0.0,4,35349,247565.0,11358.0,142449.0,11,8,8,6
50473.51992938971,16664.61009894921,0.000840312237344339,-25.640464058808583,-40.89515200631846,-25.494138471107938,-40.57252221152206,0.015625,4,36268,230826.0,11860.0,132583.0,11,8,8,6
