rmse_I,rmse_Inc,rmse_Beta,r2,r2_Inc,r2_full,r2_Inc_full,time_predict,fraq_people,actual_peak_I,predicted_peak_I,actual_peak_Inc,predicted_peak_inc,actual_peak_day,predicted_peak_day,actual_peak_day_Inc,predicted_peak_day_inc
3.5370067382840347,1.6832508230603465,9.108064548524113e-07,0.9856827213260471,0.937496259876917,0.986007971844451,0.9509283030032961,0.13864421844482422,4,105,113.0,38.0,37.0,9,8,6,5
22.19562644606665,5.123475382979799,1.8905949558087917e-06,0.7836775517547363,0.8067915270034238,0.7862811708126073,0.8274015161269996,0.10913825035095215,4,171,219.0,55.0,60.0,10,10,8,5
7.3972123127567455,1.9552280344416777,1.8191160006687248e-06,0.9836736295453536,0.9798495119088744,0.9838288623867897,0.9818805786958065,0.10104560852050781,4,187,212.0,64.0,59.0,9,9,6,5
26.243253101194092,5.243050956583708,1.3026682620445386e-06,0.8098677511311758,0.8304837967175909,0.8118825921574991,0.8543902792958866,0.10499811172485352,4,186,167.0,56.0,56.0,11,8,5,4
12.200580587278077,3.580910033310899,1.2542224750222656e-06,0.9333686637173518,0.8971677984566816,0.9347631092824289,0.9163552354420058,0.10146021842956543,4,162,186.0,57.0,51.0,7,9,7,5
17.959735057437047,4.71588627230697,1.0128347527866178e-06,0.9438019898092899,0.925971488765516,0.9443617752081317,0.9364318466027511,0.09999990463256836,4,273,243.0,78.0,71.0,9,8,8,5
19.94314836395364,5.570569988789298,1.5525047847897995e-06,0.9428072842746994,0.9119609035286874,0.9435276892693558,0.9251487038212856,0.11001181602478027,4,267,259.0,74.0,68.0,10,9,6,4
17.329827369788386,4.116784748643857,1.8213011272216863e-06,0.9332678302149914,0.9200055312708864,0.934586055038378,0.9374376106473727,0.1158905029296875,4,212,204.0,64.0,62.0,10,9,4,4
24.205285235529313,5.136673696728912,1.1497018922836206e-06,0.8525558798343266,0.8563733272850986,0.853766789513899,0.8737878929055641,0.10999798774719238,4,221,187.0,62.0,62.0,11,8,5,4
46.940343344859905,10.965856099730654,2.0112948296040784e-06,0.7546820681876829,0.7446431994809102,0.7565487220960146,0.7607086208740685,0.10500121116638184,4,316,376.0,90.0,94.0,9,11,6,7
14.529782632005661,5.71456472533123,1.6475622695146199e-06,0.9901946742434677,0.968675881552867,0.9902929956316948,0.971369055071965,0.10000228881835938,4,482,498.0,130.0,121.0,12,12,8,8
18.905191086048298,5.614341754233824,1.0751038763371714e-06,0.983523367137819,0.9706122171500762,0.9837299717984755,0.9726269655145899,0.09702157974243164,4,456,492.0,127.0,122.0,14,11,9,7
18.66927065170642,4.86376911458593,2.1003808431651218e-06,0.967735588681469,0.9578426617968846,0.9681337533608129,0.9634606423976254,0.10499978065490723,4,319,362.0,94.0,89.0,14,11,4,4
73.6023946621304,16.049727412015447,1.6904709243470806e-06,0.6056897742400797,0.6197583479141667,0.6114599639407603,0.668441130300799,0.10497665405273438,4,396,342.0,103.0,107.0,13,8,6,5
141.4057401003698,28.933832560977237,1.169980226354461e-06,-0.04311311426425157,0.10516253454517288,-0.0027857690988675188,0.1570542376778128,0.13500118255615234,4,454,355.0,104.0,104.0,19,9,5,4
284.93328897597536,59.75592718160545,9.6030010041555e-07,-0.8939058437964769,-0.5911388077361079,-0.8177518935876646,-0.5473040756242304,0.10487627983093262,4,701,744.0,182.0,161.0,18,18,10,9
51.011232423196105,11.514031295192256,6.152255933364483e-07,0.7681654631313123,0.7753248919325515,0.7826820189462105,0.7923226444848257,0.10674452781677246,4,392,405.0,96.0,97.0,12,11,5,6
328.9667694717305,68.23152985729301,5.826027414350061e-07,-4.915497379603496,-3.455352932655389,-3.7607537524403307,-3.056803527614198,0.10499835014343262,4,614,830.0,148.0,166.0,17,38,10,31
254.21927051268162,53.81972222150538,9.648334201538226e-07,-5.739179084566909,-3.8024463859120523,-3.913263889876591,-3.1013691732260993,0.1053318977355957,4,534,455.0,141.0,141.0,16,10,5,4
293.2906175854188,60.8641370744561,2.7460873693846773e-07,-0.10432272518177133,0.10711790287678269,0.4393130568300524,0.32183173977075064,0.1250002384185791,12,1594,1326.0,330.0,268.0,44,34,41,30
1984.188235918043,406.06443112173986,1.167891038640401e-06,-11.751241957426886,-9.40283731742368,-7.356264702249836,-7.485276385299176,0.11999845504760742,10,2421,6109.0,520.0,1262.0,40,45,40,41
433.20750004499934,89.937610650516,3.258552606264323e-07,0.3755152962005136,0.4331435478574548,0.7106015947626843,0.6634840495212455,0.12131261825561523,16,2659,2178.0,579.0,441.0,62,49,50,45
1255.7937597523596,256.76005389219966,6.136347127793654e-07,-0.33905641590834823,-0.17364536772575123,-0.055741863266786984,-0.033070755228505,0.1253817081451416,9,3792,6307.0,817.0,1305.0,45,42,41,38
154.06745347340632,32.56169123776798,2.4707457006204565e-07,0.9897812060842317,0.9901101336530341,0.9914215984027963,0.9910252375892636,0.12498903274536133,9,4982,5093.0,1042.0,1047.0,43,41,39,37
569.2154570627363,107.87647256623352,3.4913262669534856e-07,0.950736395978805,0.9618200759732242,0.9548081586312761,0.9637276916847197,0.12503790855407715,7,7599,8654.0,1648.0,1820.0,39,36,33,32
544.3582879429447,116.62001655320397,5.984695175919037e-07,0.9695148954457168,0.9695279180802848,0.9718297124727943,0.9709680482818331,0.1299915313720703,8,9234,7939.0,1962.0,1663.0,38,36,37,33
248.71471760369985,36.07831982354947,9.698369472270625e-07,0.995613288089211,0.9980624045891962,0.9958596199593502,0.9981301304912471,0.1080164909362793,7,11046,11428.0,2436.0,2444.0,35,33,29,29
1020.5409026798255,202.6593672864301,8.487799391105474e-07,0.9507835799174945,0.9592153050797535,0.9526673519784526,0.9601771862159783,0.11547684669494629,6,13534,16152.0,3085.0,3573.0,30,28,27,25
873.4069227064662,173.78265312255937,3.2365507239589215e-06,0.981660414914213,0.9857412647652746,0.9820497006528017,0.9859039211082128,0.10999917984008789,5,19896,22627.0,4850.0,5294.0,23,22,19,18
9.544304584410538,1.7707107800729815,1.4889820032090732e-06,0.941947011434887,0.9538756225258588,0.9429697369838614,0.9649133032201661,0.11191082000732422,4,131,130.0,40.0,40.0,8,8,5,4
22.980743750656405,5.49621081594705,3.775583713226214e-06,0.8223628398155095,0.8134597125912684,0.8237676746346453,0.832692082470111,0.10059785842895508,4,179,159.0,63.0,45.0,10,9,9,5
9.5818839483684,2.9065300044325477,9.56566203689608e-07,0.9716390094072412,0.9485992815677431,0.9721525483024855,0.9588505345878762,0.09839105606079102,4,199,190.0,65.0,65.0,8,8,5,4
7.322197985122592,2.533114025595111,2.9924390745097673e-06,0.970749655513189,0.9410718396216544,0.9711441601207023,0.9489704625131716,0.09998774528503418,4,154,161.0,53.0,53.0,10,8,5,4
15.404274298605133,3.709503560675831,1.5235544245730963e-06,0.9118774553116209,0.9095016941314829,0.9134271226440102,0.9244743650215114,0.09501123428344727,4,191,215.0,63.0,63.0,8,9,5,4
9.174806991612048,2.665364265286579,4.072538115647959e-06,0.9680355362878345,0.9452707040445111,0.9684949842268292,0.9538565629228688,0.09999990463256836,4,181,169.0,54.0,49.0,8,8,6,4
15.746031245999736,4.716990566028302,1.378537803016382e-06,0.9682383365759534,0.939296607251808,0.9684509069230973,0.9444276200972204,0.10500216484069824,4,268,292.0,77.0,74.0,11,10,6,7
12.347823694886479,3.723517602124815,1.1502555914104071e-06,0.9599451413267608,0.9399056086875751,0.9604764065992438,0.9483242256884118,0.09501171112060547,4,203,219.0,76.0,76.0,9,9,5,4
5.544328934445839,2.140872096444188,3.5014861243920284e-06,0.9871974710196905,0.9627338398613812,0.9877285132962869,0.9745738225946259,0.1087489128112793,4,182,186.0,60.0,56.0,7,7,4,5
9.361935341227973,3.078825533651861,2.66188239743605e-06,0.968996664741778,0.9373187852070611,0.9699080475193916,0.9549187819748447,0.11500096321105957,4,173,188.0,65.0,58.0,11,7,4,4
14.17891627264463,4.412340648680698,1.0497682674087062e-06,0.9716244836109339,0.9486293251242867,0.971931457900001,0.9556964020690183,0.09999918937683105,4,277,311.0,93.0,78.0,9,10,6,6
27.62565987145526,6.470284640827893,1.3981745521906256e-06,0.8646811550292557,0.850483109478851,0.8656952263282451,0.8605530205589745,0.10499739646911621,4,228,241.0,67.0,61.0,12,10,8,5
13.75643788679807,3.618528706532532,1.6061019050865022e-06,0.9685392260398357,0.9549179592934637,0.9690591424605167,0.9628865906328944,0.09999799728393555,4,252,264.0,78.0,78.0,12,9,5,4
20.864643139371765,5.008326400438906,2.1731026223950206e-06,0.9258661054610542,0.9161654453003538,0.92745061492079,0.9356165398114645,0.10499978065490723,4,266,302.0,84.0,90.0,9,9,4,5
22.520361157553996,5.320949163448191,2.5423218455850886e-06,0.89454970377096,0.8764620326040846,0.8969930291733479,0.9060839819285955,0.10499811172485352,4,240,235.0,82.0,72.0,7,7,6,5
22.208294246369604,4.4429250875221085,1.952432518448472e-06,0.9562351752742327,0.967989048144,0.9567797148656978,0.9724794797851977,0.10067081451416016,4,352,403.0,104.0,104.0,10,10,5,4
66.81293849248063,14.905256343540914,1.7854140261710178e-06,0.554312583345112,0.5942817466733881,0.5592092305695903,0.6389908806604867,0.09955573081970215,4,336,423.0,97.0,99.0,10,12,9,8
23.084987907007157,5.868347297152751,7.041964474386122e-07,0.9577167019027484,0.9507213180730734,0.9588976850824347,0.9550602486285628,0.09999990463256836,4,366,418.0,104.0,98.0,15,12,9,7
101.48578512941275,21.626806282944322,1.4319869717637576e-06,0.05771977322600674,0.11785836563899088,0.08067708739343071,0.2188462285204894,0.09999942779541016,4,323,271.0,88.0,74.0,15,8,4,4
132.13641152233552,28.024171114712146,1.50359810718739e-06,-0.3119281403062404,-0.17640622401965245,-0.25663439939346766,0.02028954697000429,0.09628868103027344,4,403,375.0,124.0,110.0,14,8,4,5
322.1016273372945,65.14798858496452,4.567761534820522e-07,-1.6238694537342617,-1.3749097989009567,-0.8733137361123344,-0.9985824230265514,0.10498857498168945,4,998,713.0,218.0,159.0,40,15,23,8
319.6794292725136,65.72385411705555,4.7561804225918415e-07,-4.078421128007274,-5.221373042520889,-1.9216500850522462,-3.0678887872613174,0.09999990463256836,4,883,561.0,194.0,123.0,52,16,44,7
128.42846308303362,25.765677360980245,2.2166144758042607e-07,0.3201149273134827,0.5671230544608006,0.8485961953818539,0.7951120857295475,0.1100001335144043,23,1370,1487.0,288.0,299.0,47,54,51,48
1456.3851168889541,298.7741076320108,7.545295239165201e-07,-0.05247657398677252,0.05521117397327946,0.1001907624329611,0.13381992091318362,0.12498831748962402,8,4549,7571.0,972.0,1582.0,44,38,38,35
503.91860061319034,109.90880335507732,5.141074604425289e-07,0.8919422181378374,0.8933228182138353,0.9099577174424692,0.9040261626108184,0.11314582824707031,9,4971,4274.0,1106.0,877.0,45,41,38,37
229.55429404183116,50.794770357313105,5.004596689291007e-07,0.9942217670624549,0.9938463299567954,0.9946671184931396,0.9941350309367729,0.11999988555908203,8,8900,8392.0,1872.0,1764.0,37,35,34,32
289.8388131952113,56.86004323010168,4.0524043960649237e-07,0.9934547661857607,0.9946263081211639,0.9938294652564087,0.9948108069987954,0.11219120025634766,7,10364,10056.0,2296.0,2137.0,35,33,32,30
148.00003594019117,79.63640779699013,1.1783631127295235e-06,0.9992528784792298,0.9955501490128653,0.9992760653070716,0.9956278361848026,0.11995315551757812,6,16200,16200.0,3718.0,3593.0,28,27,23,23
178.94209589755712,87.87017936167328,1.6925219825100335e-06,0.9990593162804118,0.9954180389542424,0.9990822163002158,0.995482617231711,0.10499978065490723,5,17637,17831.0,4181.0,4004.0,25,25,22,22
7.924119299118777,2.5860201081971503,1.2074898486060956e-06,0.9725876592549335,0.946748506967485,0.9728211371116823,0.9514919255212162,0.09999990463256836,4,160,165.0,50.0,45.0,12,9,6,5
5.355098816392965,1.626601774661928,9.71868668961333e-07,0.9814842202733804,0.9649787508455856,0.9821010738640504,0.9727739779254843,0.1100001335144043,4,135,150.0,41.0,47.0,10,8,6,5
5.135659646043535,2.504163200219453,5.4154643395259045e-06,0.9841093850022384,0.9278089996414933,0.9845555992631825,0.946763871239314,0.1099998950958252,4,139,149.0,46.0,43.0,8,8,4,5
11.921619017566364,3.664298477653442,1.376097138801887e-06,0.9805958344443464,0.9616094353226453,0.9807570721250577,0.9656799679644201,0.10499119758605957,4,279,307.0,68.0,75.0,13,11,6,5
8.143248737451165,2.4664414311581235,2.222370704132245e-06,0.965249461586029,0.9343512880562062,0.9663707173576068,0.9577182631762996,0.1099996566772461,4,160,163.0,63.0,49.0,6,7,4,5
10.119082632992644,3.3087636160153036,4.104768888898128e-06,0.9610729812301545,0.9186088909396569,0.9624966316595805,0.9439249843272732,0.10998845100402832,4,174,190.0,65.0,58.0,8,7,4,5
11.51584053959299,3.8527587518556103,1.6226864898116485e-06,0.9643076912653377,0.9282495405453035,0.964859957088904,0.9411024627023595,0.10527825355529785,4,218,211.0,72.0,72.0,9,8,5,4
9.456038635002855,2.526938200009384,1.0892770077664727e-06,0.9392417203550456,0.9258743284691301,0.9410022199770443,0.9450253304982068,0.10999727249145508,4,140,140.0,54.0,54.0,9,7,5,4
8.033134506529814,2.4388351044436494,4.099882525400399e-06,0.9830305814476878,0.9737047618864876,0.9833264481477703,0.9780088496086461,0.09949183464050293,4,218,233.0,73.0,67.0,8,8,6,5
40.718546143004666,8.733913784781711,1.361114772667374e-06,0.8133795187471833,0.8242736121210333,0.8150991123379651,0.8418793960626394,0.09499955177307129,4,293,280.0,80.0,80.0,13,9,5,4
35.72332921215491,7.910304461060059,5.847995379495068e-06,0.6808353980379653,0.7004722971467394,0.6838954007040113,0.7397701555747322,0.10355663299560547,4,213,272.0,59.0,64.0,10,12,7,8
16.276580824403304,4.813176359397884,3.0138141908926028e-06,0.9750787554210618,0.9602804833672292,0.9753030431577986,0.9641175961887208,0.09998822212219238,4,343,375.0,114.0,98.0,13,10,6,5
32.8658891050686,7.522189397597839,1.916411148390768e-06,0.9022265762565478,0.9028843861740167,0.9032203851751393,0.9158178584850469,0.10502266883850098,4,316,402.0,109.0,96.0,11,11,6,7
30.044411571316665,6.612015577719097,9.643880155142058e-07,0.9560158294828347,0.9608687747367244,0.956610663749543,0.9642175419983492,0.10000085830688477,4,472,517.0,137.0,130.0,13,11,8,5
69.57272873283995,15.845937965295711,7.94556902905741e-07,0.8783050785461594,0.8776546477175741,0.881385735525516,0.8828093721970935,0.10999679565429688,4,657,562.0,160.0,136.0,16,11,11,7
38.61117605909806,9.166287870961359,8.416749010762276e-07,0.9315807194092975,0.9280622632438296,0.9332624417465107,0.936041567747569,0.09582734107971191,4,495,524.0,138.0,138.0,11,11,5,4
264.98380453655403,56.25111110013739,1.1057052375374595e-06,-83.93788700114547,-26.968250192777646,-17.167200340857217,-14.945754554793746,0.09999799728393555,4,409,362.0,110.0,92.0,18,10,4,5
1111.0583871171368,225.7944539103356,8.830143187366584e-07,-129.79296481871316,-154.82119286339412,-56.21031199672497,-78.12033890742897,0.10999798774719238,4,724,2316.0,167.0,468.0,67,66,53,62
370.779033865216,74.05449996804543,3.1995214813889843e-07,0.6030344685180201,0.6665706810744876,0.7517173464757229,0.7395692436841145,0.12000060081481934,13,2649,2050.0,539.0,415.0,51,43,47,38
602.9162644829064,122.71193821393166,4.1545430259517116e-07,0.36199404934308765,0.4673788851176848,0.5218718204151491,0.533349000315837,0.10999894142150879,9,2933,3975.0,603.0,813.0,49,41,37,37
539.0362373879806,107.60439824532791,2.612613484218347e-07,0.8577868664287502,0.877745087150502,0.8790885994341009,0.8880975621104458,0.10999751091003418,8,4657,5458.0,973.0,1129.0,44,38,34,34
947.0310255957089,189.72489987982232,5.218279649565413e-07,0.8940337020226843,0.9078927250649097,0.9011663825924514,0.911611412542954,0.11638116836547852,7,8560,10534.0,1859.0,2245.0,37,33,32,30
1387.9328095664314,285.22988276389515,7.414661162992968e-07,0.8149179074717212,0.8340405566916644,0.8261799985893765,0.8401010160946805,0.12668108940124512,7,9470,12699.0,2065.0,2747.0,36,32,31,28
823.779742720182,167.32847099134406,6.422297640836109e-07,0.9521146489761073,0.9573914778471064,0.9547573760427397,0.958880892072756,0.11500048637390137,7,11003,12881.0,2378.0,2783.0,33,32,32,28
513.4410509162249,84.52149418179617,8.013328788872524e-07,0.9844502876234433,0.9910332831876753,0.9850848315265158,0.9912456156820505,0.11540532112121582,6,11944,13032.0,2685.0,2828.0,31,29,27,26
1187.6076927651209,235.94400706117776,2.2608815931899847e-06,0.9365265430366582,0.9479147406987428,0.9387744243164347,0.9489743515273046,0.11499643325805664,6,13926,16996.0,3125.0,3791.0,29,27,26,23
804.1846090399061,177.3942760256561,1.2440043055950367e-06,0.9875013061930139,0.9883652340616345,0.9876940372461935,0.9884664334652722,0.1099996566772461,4,22816,25580.0,5652.0,6173.0,21,20,17,17
12.59464171781,2.165063509461097,1.225918297256472e-06,0.9144723767028073,0.9394343844458526,0.9173365071308662,0.9576916170169958,0.10000085830688477,4,153,140.0,48.0,41.0,10,7,4,5
20.20829037796122,4.251225313561569,1.2265807102223865e-06,0.8634599871049027,0.8676275642390969,0.866590889856528,0.8958673439990781,0.10500168800354004,4,174,173.0,53.0,54.0,9,7,6,5
5.0072863575660085,1.773649721149397,1.056750136066918e-06,0.9807166803568956,0.9566013361495362,0.9816023377795496,0.9700240700761805,0.09499716758728027,4,138,144.0,52.0,48.0,8,6,6,5
4.897916223592778,1.7169498148363762,8.976327111800421e-07,0.9705415806638884,0.9321010486749107,0.971503520298947,0.9502365959721536,0.09870290756225586,4,107,105.0,36.0,36.0,9,7,5,4
6.445282512556503,1.741048534648015,1.3263294544117783e-06,0.9808550537221451,0.9688901757277445,0.981243422793145,0.9755506563514522,0.10499930381774902,4,160,160.0,44.0,41.0,10,9,7,4
9.341328420876051,2.3651109910530628,2.1702688484781305e-06,0.9555181397304069,0.9466149163838731,0.956787565878715,0.9619667914137022,0.10499882698059082,4,151,167.0,59.0,51.0,10,7,4,5
16.732266732275097,3.8365023133057017,4.873278877392059e-06,0.9547486328921917,0.9553326343629974,0.9552969177327066,0.9616254096820205,0.09499716758728027,4,250,258.0,83.0,74.0,14,9,6,4
9.168560410446124,2.9261749776799064,1.1377129663361615e-06,0.9639427843028985,0.9329001844326591,0.9641649064397662,0.9375569735642661,0.1099996566772461,4,160,162.0,48.0,44.0,11,10,6,4
23.381572159858425,5.940678973540538,2.344368917161689e-06,0.8787404765699933,0.8491875552653921,0.8798408348386713,0.8659716815727677,0.09999942779541016,4,224,201.0,65.0,57.0,12,9,8,5
17.24154382105423,3.6357598930622466,6.272299504900525e-06,0.9630955049399107,0.9749819640710742,0.9634054316941506,0.9766190652453367,0.09500002861022949,4,281,338.0,96.0,90.0,11,10,6,5
48.43014729139967,10.575620549168734,3.375248885821464e-06,0.832277751844826,0.8417616427588918,0.8343395841644428,0.8590542391108011,0.09571623802185059,4,379,372.0,111.0,103.0,10,9,6,5
10.162738312088923,3.6742346141747673,1.34292664319465e-06,0.9911396773401204,0.9763411367116279,0.991249228151474,0.9800474181728608,0.12022972106933594,4,355,353.0,100.0,91.0,11,10,7,5
64.14915886691993,13.161655164403399,2.116997454990496e-06,0.7009895495147054,0.7191241631017948,0.705595392630606,0.7669172131427857,0.10499835014343262,4,374,316.0,112.0,112.0,12,8,5,4
108.73036221160429,21.97299478905868,1.0103410428704226e-06,0.25297041719591207,0.3836600090423127,0.28160359314925276,0.44776270023665765,0.09499907493591309,4,424,396.0,114.0,112.0,13,9,7,5
339.6838910418528,70.56261994380121,1.485874420293364e-06,-16.092936146628425,-7.475342266379322,-9.652611149420018,-6.187975008285858,0.09780430793762207,4,573,484.0,168.0,168.0,35,8,5,4
280.136739098235,59.46116068182347,5.028541576715565e-07,-0.2914015779769097,-0.2908940840143881,0.0702323005860932,0.13482405240249873,0.0650017261505127,19,1030,1098.0,230.0,229.0,23,40,18,19
337.4985476456474,69.60111067175274,4.2075579931519374e-07,-0.11402630730207708,0.12541406390707488,0.27277805482563355,0.25948362369427747,0.11014962196350098,11,1544,1275.0,343.0,261.0,39,25,31,11
451.6944790884923,107.03338890955203,7.186759129137275e-07,-35.52722350380107,-24.96613227263534,-0.14765469159939082,-1.3297236905900047,0.059996843338012695,59,1122,1628.0,229.0,328.0,76,98,72,93
163.3140244689209,36.488999148010755,2.5935836438742446e-07,0.6993245163594459,0.737160468946333,0.8626533502765632,0.8117985839586633,0.12258505821228027,15,1698,1959.0,371.0,396.0,46,49,39,44
118.94994278640443,28.940744058622037,2.2885496762784105e-07,0.9322178571190226,0.9247390337151278,0.9558727257952465,0.9372060770249464,0.10900044441223145,10,2041,2187.0,430.0,443.0,46,42,42,37
291.14235961676616,65.24304692772859,2.902352240609899e-07,0.7910328020081276,0.7811028385313191,0.8716399701660622,0.831072571324443,0.8597805500030518,13,2755,3223.0,598.0,656.0,49,50,48,46
1124.5383326229753,231.91704655655755,7.167341906530581e-07,-0.30146262405049296,-0.13886078600181495,-0.047111361576592126,-0.029914448083135925,0.1251232624053955,9,3493,5637.0,736.0,1165.0,39,41,39,37
156.8571128325198,36.158077844467805,2.2644322347104283e-07,0.9793238982846504,0.9765173618823153,0.9831509690943954,0.9788486203631557,0.11999940872192383,9,3758,3882.0,787.0,795.0,44,40,40,35
578.2965716059389,111.31172927984191,3.646955256796509e-07,0.9359380398301211,0.949147527178497,0.9411358357780036,0.9514299984814124,0.11000323295593262,7,6672,7932.0,1440.0,1667.0,36,35,32,31
326.1259129709124,72.31766343324738,5.967916506366656e-07,0.989043055886188,0.9884784411826311,0.9900585267495712,0.9891715433790875,0.12387919425964355,10,9113,8490.0,1963.0,1787.0,39,38,35,35
861.7001625929787,173.10379987716877,8.269662266268155e-07,0.9458909267783804,0.9528949792113013,0.9482871833812497,0.95408773118295,0.11500120162963867,6,10835,12715.0,2362.0,2753.0,31,29,26,25
421.01917696041005,156.05056535420954,1.7820037538026336e-06,0.9945898281736372,0.9851578603399208,0.9947214947868082,0.9853669104346664,0.1187293529510498,5,17378,16297.0,4096.0,3634.0,26,25,23,22
593.0209990069137,123.17116887529022,6.458741707108804e-07,0.9925549607250969,0.9937688159341691,0.9927029464326362,0.9938357224935728,0.11514925956726074,5,21640,23455.0,5238.0,5538.0,22,21,19,18
584.1476201314725,232.8005471145678,1.0228883100621893e-06,0.9938394512747865,0.9815170972936043,0.9939534785942263,0.9817128746327957,0.09999942779541016,5,23936,22939.0,5921.0,5421.0,22,21,17,18
6.076765861322397,1.845602882529175,1.2399330594229049e-06,0.9522811106980921,0.9103526267091601,0.9535304959888756,0.9339612734366796,0.10198187828063965,4,96,96.0,33.0,31.0,10,7,3,5
6.925947588597534,2.2430448056157952,3.946551727644726e-06,0.9713543394598898,0.9520149022042844,0.9717237271210106,0.9573199019153026,0.09999990463256836,4,138,145.0,53.0,53.0,11,8,5,4
5.563085175212282,1.976423537605237,1.6380139418169475e-06,0.9861197817054191,0.9633556083732435,0.9864983856231938,0.9724907128646632,0.0977468490600586,4,173,163.0,48.0,48.0,9,9,5,4
3.3834770084436316,1.4719601443879744,1.2696289858196097e-06,0.9867493758941477,0.9509125235997483,0.9878462814487144,0.9733734779358301,0.10000276565551758,4,107,119.0,45.0,38.0,7,7,4,5
7.895146188218008,2.9947871376777346,1.6563010712789018e-06,0.9286440311432117,0.8130255094769845,0.9333756341645383,0.8762710597865138,0.10370564460754395,4,99,108.0,41.0,33.0,9,6,3,4
14.904557468550797,3.7038830975072634,2.373414800687545e-06,0.92523069587412,0.9190899410222805,0.9265488021661594,0.9349039425375303,0.1100015640258789,4,181,218.0,60.0,58.0,9,10,8,5
7.1770757740647175,3.2307119958300214,1.483354649922797e-06,0.9886020708302834,0.9553614975282042,0.9887140797344218,0.9607010123607475,0.09896230697631836,4,216,233.0,70.0,64.0,10,10,6,5
6.161878771933119,2.1286732957408003,2.170855761682686e-06,0.9932280526988015,0.9833520436801552,0.9933331362843756,0.9864877457832448,0.10499811172485352,4,251,257.0,72.0,72.0,9,9,5,4
14.243053862614342,4.13571839789252,3.1904890327134713e-06,0.9528309491340975,0.9282964213713346,0.9535344489630619,0.9399348867834803,0.10999894142150879,4,225,230.0,75.0,75.0,8,7,5,4
16.004231211359908,4.11931426332102,2.6658186153265526e-06,0.9303168177380525,0.9108203033446378,0.9312745819003426,0.9269590576149106,0.10499882698059082,4,186,193.0,66.0,54.0,9,9,6,5
11.426850688911038,4.498842443710752,2.6139781075041677e-06,0.9885333635944185,0.9629286906749344,0.988658824218733,0.968040550176254,0.10499954223632812,4,348,346.0,98.0,84.0,10,10,7,4
36.55304364892204,7.812916655556148,1.6187261177571046e-06,0.7523370962474017,0.7357185808779314,0.7554803741774785,0.7833554106246795,0.10000109672546387,4,227,198.0,62.0,62.0,13,8,4,4
24.58192086337708,5.835416294775664,4.444201297957707e-06,0.9247474355670119,0.9187294168465852,0.925492765303842,0.9251025744185769,0.10999941825866699,4,265,270.0,82.0,71.0,12,10,6,5
15.854481490522904,4.659220249498121,1.2315658648104511e-06,0.9861972949992864,0.9772753294477491,0.9863589514591617,0.97904840973509,0.10503745079040527,4,429,439.0,112.0,104.0,12,12,10,5
87.16184658438576,18.971744340817303,2.993138724664677e-06,0.648947752982594,0.6722720459127076,0.6527413717315269,0.699423709139092,0.11638832092285156,4,446,594.0,130.0,140.0,12,13,6,8
216.91220862367337,44.36191121521554,1.619260282391126e-06,-0.06133405866038122,0.12814115185823272,-0.04226066858128075,0.16012205494695397,0.10961532592773438,4,624,745.0,156.0,167.0,16,15,9,9
267.3099281754223,55.79992996328979,3.700489930021198e-07,0.17695223532493753,0.3176740650340314,0.42312249499465693,0.42483145990118565,0.13672828674316406,13,1304,1556.0,283.0,314.0,31,40,26,36
313.4756768873783,63.76962613495005,3.5434637295239227e-07,0.6341704041007361,0.708826877233742,0.731594618320927,0.7448098011633144,0.1454637050628662,8,2144,2682.0,464.0,546.0,39,36,30,32
387.3490717308956,78.58159718235777,3.6298717090018924e-07,0.6039587436971632,0.6666578775353197,0.7349293197019076,0.7255810413165408,0.15569186210632324,11,2639,1990.0,559.0,402.0,50,43,47,38
778.616859233825,161.63900686197573,5.375709332940375e-07,0.46128384921645804,0.510561417089183,0.5887774708244771,0.5788453412019645,0.16684532165527344,11,3755,5241.0,784.0,1080.0,48,45,37,41
292.54239958603534,59.884240182390414,2.926254931268428e-07,0.9616312137009635,0.9660406461908568,0.9678992087041908,0.969220640782427,0.13901090621948242,10,4756,5342.0,1032.0,1103.0,46,42,41,38
1887.7202328256576,392.58614560428657,1.0294770907291723e-06,0.04499367079808947,0.12217846251714293,0.13313230725167957,0.1665680802296542,0.13796353340148926,7,5728,10079.0,1268.0,2148.0,39,33,31,29
552.8369842754695,112.95041256642106,4.68357805482676e-07,0.9339757349889644,0.9401410427603032,0.9396093219215601,0.943004434387829,0.1473085880279541,7,6475,7489.0,1387.0,1570.0,37,35,37,31
1536.7739985374053,317.2957475256318,9.797153696078616e-07,0.81503773082286,0.8319767666867006,0.8247784770689071,0.8370664732853184,0.12772822380065918,7,10402,13930.0,2282.0,3051.0,33,30,28,26
151.81518192317128,48.4678143953084,1.6003191597686997e-06,0.9991924035919596,0.9983408985566286,0.9992217296551898,0.9983765649620169,0.12934470176696777,7,16160,16356.0,3710.0,3636.0,29,28,25,25
4.977030573879704,1.0897247358851685,1.2753025085079285e-06,0.9667215893776377,0.9690161261098025,0.9681776527365613,0.9783255127727373,0.11979961395263672,4,97,100.0,35.0,34.0,8,7,3,4
17.371252593485213,3.5487673916445974,1.504411683425867e-06,0.9193876342161843,0.9284571287677988,0.9204583885675127,0.9394121930330537,0.12228655815124512,4,217,187.0,55.0,55.0,10,8,5,4
13.880441875771343,3.2387626238014624,1.183606867306957e-06,0.9201588391318526,0.8995735574450845,0.9234174974870332,0.9382208588957055,0.11099934577941895,4,168,175.0,63.0,63.0,8,6,5,4
15.804469304598621,4.7762432936357,1.2388050127868812e-06,0.9583648643603945,0.9264804362216735,0.9588082718913103,0.9357785385951922,0.1249997615814209,4,267,276.0,78.0,76.0,10,10,7,4
12.1204888515274,2.9562786291777936,1.2596322258205438e-06,0.9603431648631762,0.9501129741943156,0.9610879535582808,0.9621430208696186,0.13499999046325684,4,196,211.0,63.0,55.0,9,9,4,5
23.07573581347588,5.636562191028617,5.330621975777374e-06,0.9089227030460357,0.8875958918755401,0.9097906962035682,0.9015538037512197,0.11191987991333008,4,239,237.0,66.0,67.0,11,9,7,5
6.936467640905804,2.229069312515876,1.5420911886471665e-06,0.9781460828185119,0.9608133086876155,0.9785645576678833,0.9685758123350148,0.12933874130249023,4,155,172.0,55.0,55.0,9,8,5,4
12.1204888515274,4.293891009329417,1.772189392115521e-06,0.979933616869784,0.9510178667174014,0.9801865214987622,0.9593552969348154,0.1270732879638672,4,283,294.0,85.0,87.0,8,8,5,5
20.4913599678824,4.875534158770025,6.166438490203756e-06,0.9417882460201149,0.9358957064531808,0.9423938404653217,0.9439039691014606,0.1100006103515625,4,273,320.0,83.0,78.0,10,11,6,7
24.78490804232823,6.10754315034559,1.4063515505586104e-06,0.9590011765456231,0.9491753877569183,0.9593778557278908,0.954976470459548,0.12354898452758789,4,389,411.0,108.0,114.0,12,10,7,5
53.34684073744823,10.37123425634577,2.0939136408636474e-06,0.8292887526028772,0.8726097362382492,0.8312791711631046,0.888632441760138,0.1087186336517334,4,412,406.0,119.0,125.0,11,8,5,5
9.877373132569206,5.245037337013596,2.5832742703446886e-06,0.9938711427976982,0.9630681830596616,0.9939255583597765,0.9661612247868452,0.12347531318664551,4,379,393.0,103.0,100.0,15,11,8,4
33.97992667247336,9.383052097620832,1.3428940354664925e-06,0.9538845681047714,0.933666052781381,0.9545236988966451,0.9377270399036168,0.10963225364685059,4,503,484.0,149.0,132.0,12,10,7,5
54.84419218720125,12.00520720354297,1.6083709245861838e-06,0.7916102892947388,0.7946099206555381,0.7947702267979577,0.8157287424805181,0.12056159973144531,4,365,351.0,103.0,103.0,13,9,5,4
87.30275387027223,18.886723732117577,1.7399350251198168e-06,0.28048750170128445,0.36010414533631163,0.29549539549832626,0.43748491825839786,0.11499810218811035,4,337,298.0,91.0,86.0,14,8,9,5
17.133969670413997,6.98212002188447,7.217933923718374e-07,0.9893865607061328,0.9647903218525707,0.9896844742637387,0.9665733840284629,0.1276237964630127,4,558,538.0,144.0,135.0,11,12,11,4
121.20140778885367,25.379412588421612,1.2509962950705991e-06,-0.7515355512451334,-0.2853396628542735,-0.6295059125470683,-0.1876856389051511,0.10876584053039551,4,378,324.0,109.0,91.0,12,9,10,5
35.66525503437017,8.976822006330154,5.617800652608805e-07,0.9325093957258659,0.926729819366021,0.9384860205347167,0.9313778991418334,0.11373353004455566,4,545,589.0,131.0,132.0,17,14,8,9
204.3387455101618,42.75962367311792,6.270867804737545e-07,0.06408590564879846,0.2527246851639747,0.1396786588189075,0.29838114214796063,0.11801314353942871,4,776,926.0,186.0,203.0,20,17,9,9
333.8283927908669,66.89676437118116,7.317093939062803e-07,-2.7376703556502613,-1.759158027691106,-1.7676298975493272,-1.39552660914359,0.10499882698059082,4,864,769.0,200.0,200.0,23,12,5,4
71.77612764701088,18.9369843164111,3.687855955062432e-07,0.8834230452651617,0.8180567804588019,0.942604784269217,0.9075971705272055,0.062299251556396484,36,1007,1007.0,221.0,191.0,37,36,40,36
129.41260903259536,26.966790543329257,3.096291906698014e-07,0.5944724705296333,0.6985304142989891,0.8122179564138103,0.7797499002000954,0.11000919342041016,23,1182,1065.0,260.0,242.0,45,35,44,23
119.1325987585116,26.227682023919424,3.296812105461838e-07,0.910895575549209,0.919488016581427,0.931643438563676,0.9279214226652422,0.11495709419250488,8,1597,1736.0,347.0,351.0,33,30,27,25
484.86349740015606,99.81788973481213,3.3858968209285474e-07,0.48263161962428924,0.5556571341813406,0.6266003861773977,0.6171668575727083,0.1350100040435791,10,2724,3538.0,565.0,723.0,44,44,37,40
127.40019226345008,27.218425682416196,2.457584208224174e-07,0.9764932737241031,0.9776950167871158,0.9824563540223158,0.9807128343931534,0.11999726295471191,11,3055,3138.0,651.0,640.0,43,43,46,39
821.4837487440329,162.78513445643617,5.334246734947815e-07,0.7049345127675574,0.7579282847765715,0.7462304142135864,0.7765868401751608,0.13499760627746582,9,4698,6430.0,1018.0,1337.0,45,40,36,36
1578.2886812273357,335.66280122919824,9.979076798180763e-07,0.660584632964611,0.6623593241874512,0.6829709682614239,0.6753931349371336,0.12999939918518066,7,7895,11536.0,1699.0,2487.0,37,32,33,29
693.5803118141188,153.29952602944036,9.563963872191024e-07,0.9573876408504175,0.9556182540091344,0.9594213457608501,0.9568040237247732,0.10995125770568848,6,9750,8194.0,2122.0,1730.0,33,31,29,27
819.8116934796413,156.3913190712677,1.2364378192755667e-06,0.9622981719092145,0.9712033406329056,0.9637144532061709,0.9718194207934415,0.10656023025512695,6,12289,14211.0,2778.0,3128.0,30,28,26,24
460.8801708848989,83.61595337957027,2.290890628068225e-06,0.9896183224600085,0.9927330383929007,0.9899809159269176,0.992875519684392,0.11499857902526855,6,13264,14207.0,2942.0,3124.0,28,28,27,24
217.33693677334625,89.0257302422243,1.5134597669310988e-06,0.9981267702880892,0.9935718683699233,0.99819637744935,0.9937136916517606,0.11520981788635254,7,14937,14381.0,3447.0,3166.0,29,28,25,25
412.99046921154786,69.68699014697565,1.9301058863735457e-06,0.9940403173247361,0.996503939989717,0.9942186776230156,0.9965643858429601,0.10500001907348633,6,16166,17159.0,3658.0,3854.0,27,26,24,23
1239.6490377692007,267.0759994340267,4.091408362372955e-06,0.9549927815136919,0.9572239756905716,0.9560158043839296,0.957758825019145,0.11001133918762207,5,17890,21205.0,4088.0,4923.0,24,22,20,19
641.9600167906835,106.51814770016274,2.0731978105392692e-06,0.9904931011929091,0.9949026867835153,0.990690301965194,0.9949630080253864,0.11500215530395508,5,20547,22424.0,4944.0,5254.0,24,22,20,19
884.6602160811045,162.2823221528868,1.3095197169039329e-06,0.9858313397534273,0.9910254371751055,0.9860380606481993,0.991097318752192,0.10567450523376465,4,23968,26822.0,6129.0,6539.0,21,19,17,17
1380.155720380856,298.13285279664615,8.999205826807576e-07,0.9695022048674293,0.9738707107527524,0.9699134556182496,0.9740568666522157,0.09599971771240234,4,26021,30695.0,6527.0,7828.0,19,18,16,15
22.825196238659885,5.190134873006674,1.9379140122241606e-06,0.8388161860180131,0.8171140296853775,0.8419327920291273,0.8564370177094321,0.10399913787841797,4,182,178.0,54.0,54.0,13,7,5,4
4.540328549051636,2.002602473449653,8.145803292785252e-07,0.985164208559442,0.9390725376386981,0.9858479663978233,0.9639445589061622,0.11037278175354004,4,141,137.0,51.0,44.0,8,7,3,4
7.964766161036995,2.6457513110645907,3.942890970730453e-06,0.9677300112937233,0.9377546639135868,0.9681610097215573,0.9461217264138236,0.10000085830688477,4,154,170.0,53.0,53.0,9,9,5,4
13.566195733022086,4.853048869868645,1.1977034260595914e-06,0.9710455094052316,0.9254941859267711,0.9714471678468736,0.9379433305411035,0.11219120025634766,4,258,286.0,94.0,87.0,8,9,6,4
16.667708300783286,4.195731958391368,4.1856152907883255e-06,0.945979485572924,0.9362215765582844,0.9468751291644486,0.9485035403054258,0.10700392723083496,4,230,255.0,70.0,68.0,11,9,7,4
26.617076285723044,6.051859218455102,1.5745474878679618e-06,0.9289648626164192,0.924735481796514,0.9298001881098572,0.9351972897869933,0.10400152206420898,4,302,312.0,97.0,93.0,9,9,6,5
26.344472854851357,6.756170019569766,2.5181063023367425e-06,0.9316081592352918,0.9091766216679236,0.9327350565860645,0.926550403319077,0.10799503326416016,4,328,386.0,96.0,93.0,11,10,6,7
23.34077262360153,6.115213269652444,4.494546854252409e-06,0.9405025479871516,0.9280878169945115,0.941276664843324,0.9383954961101646,0.11200094223022461,4,314,347.0,107.0,97.0,8,9,7,4
25.887376267207923,7.58424902896347,1.576626192431904e-06,0.9626433154403523,0.9377689457046636,0.9630787265424374,0.9448111871981143,0.1080019474029541,4,413,472.0,141.0,122.0,10,11,6,5
29.464137806266564,7.696048769769242,2.9275734991478558e-06,0.943200109613704,0.923358771080494,0.9437282839290609,0.9309274478238623,0.09867572784423828,4,372,402.0,122.0,122.0,11,9,5,4
46.769603732908976,10.279935959593004,2.8387552740105146e-06,0.8923322467202712,0.8995036683142265,0.8935117558173596,0.9085796448817082,0.10399866104125977,4,432,516.0,123.0,123.0,11,12,6,7
43.16236304158211,10.187308280404594,1.2007038002625713e-06,0.9363589576312298,0.9367496799783039,0.9372696730690953,0.941977266596377,0.10248184204101562,4,576,638.0,167.0,167.0,11,11,5,4
53.45773252455314,12.995992972194674,2.6631772960946326e-06,0.8330595525068645,0.8122586282904318,0.8356875971435198,0.8464949070846378,0.10331010818481445,4,384,409.0,143.0,132.0,9,8,4,4
288.12520788134225,59.440796876668244,7.236688502451818e-07,-0.19926556439733556,0.03496376659114819,-0.12397435837261561,0.07117270456803115,0.10399794578552246,4,896,989.0,214.0,211.0,20,19,12,9
339.36914798586383,72.64968509350916,3.5511282276448056e-07,0.001642070420130537,0.14195161366901554,0.4270121768145907,0.307906973680503,0.12815618515014648,14,1651,2173.0,363.0,440.0,40,48,37,43
314.5937945280478,71.03449866086196,4.1410272379911985e-07,0.8224458214755505,0.805316256749108,0.8630722261827702,0.8271548223215013,0.11199736595153809,10,2760,3288.0,590.0,671.0,41,43,39,38
132.0773893655125,31.85906464414798,2.2846468592248029e-07,0.9814045147072398,0.9777850599588982,0.9862780459670878,0.9813454063083631,0.1340174674987793,13,3490,3667.0,778.0,750.0,47,47,47,43
662.9885136491953,135.45612809084216,5.812142568259344e-07,0.6896974820369344,0.7224680635999748,0.740504363599684,0.7473166927660859,0.11600112915039062,9,3894,2825.0,847.0,576.0,45,39,36,35
1398.3695707936936,288.84193435766605,9.542764359858128e-07,0.14742669282770526,0.23317710872446917,0.24773804079385509,0.2795747521206815,0.1120002269744873,8,4688,7709.0,1016.0,1620.0,37,36,35,32
298.88424762483027,54.84057923139381,4.2806558264625666e-07,0.9777342008683625,0.9841002173105825,0.9799644564268044,0.9850249228097442,0.12093877792358398,8,5926,6122.0,1276.0,1276.0,39,36,35,32
1414.6269412741733,296.71194570391714,1.1416522940714595e-06,0.8243956927685238,0.8352216896225327,0.8319987391589724,0.8389830086375129,0.09826231002807617,6,9650,13279.0,2157.0,2910.0,30,28,26,24
1046.3002549002151,210.99357154672404,8.792648080698217e-07,0.9104620864215034,0.9219166131642733,0.9143197877230308,0.9236929191635105,0.10824942588806152,6,10192,12529.0,2230.0,2728.0,31,28,27,25
413.7216275545466,63.881872366276774,1.6024917173864995e-06,0.99053738335444,0.9952318802137411,0.9908858461131529,0.9953301244951968,0.1137080192565918,6,12550,13139.0,2765.0,2868.0,29,28,25,25
775.2400850534524,150.73444756992518,1.5500143187099032e-06,0.9711956139813789,0.9769384996353768,0.9720396357441071,0.9773193247901006,0.11288118362426758,5,13484,14918.0,3018.0,3303.0,28,26,24,23
819.0842961567059,146.1877667860575,1.0851387591497845e-06,0.9697170192561498,0.9803033349030396,0.9705906209115922,0.9806333139087987,0.11999821662902832,5,14157,16009.0,3264.0,3571.0,28,26,24,23
1001.7369914303854,187.48397826284557,2.7933796481576084e-06,0.9610681255297067,0.9717955148358243,0.9620915590713971,0.972213059362924,0.10799789428710938,5,15180,17251.0,3447.0,3884.0,27,25,24,21
1037.667571755851,209.9623023808146,2.1566161132766436e-06,0.9697959335703349,0.9752987217996428,0.9704477680330167,0.9755777049992809,0.09599924087524414,5,18303,21394.0,4240.0,4978.0,24,22,21,19
179.30758636018663,58.03828137758007,3.032022232258944e-06,0.999164108056325,0.9982700805662023,0.9991815055827382,0.9982888985445884,0.09999775886535645,5,19165,19144.0,4490.0,4379.0,24,23,21,19
747.4569943035742,134.97839333266145,8.439207451032263e-07,0.9870499316435304,0.9917392927904102,0.9872617659333717,0.9918155720657404,0.1143333911895752,4,20752,22889.0,4957.0,5400.0,22,21,18,18
672.5788135353854,148.61888479149164,9.58409252844775e-07,0.9920707679329606,0.9927976841088978,0.9921828706843321,0.9928527409470632,0.12061262130737305,4,24590,26879.0,6255.0,6567.0,20,19,16,16
6.960453768732802,2.3385358667337135,1.0011666188472463e-06,0.9766320145733797,0.952735658226293,0.9770953991645016,0.9616502517569663,0.1163179874420166,4,162,172.0,57.0,57.0,10,9,5,4
3.879701448994927,1.796988221070652,1.9533703621972156e-06,0.9908198960488229,0.9615764004730647,0.9910680619857954,0.9720797187076693,0.10868644714355469,4,150,154.0,49.0,46.0,8,7,4,5
8.194256118363237,2.811805469800498,1.7219289307762668e-06,0.9812391926537148,0.9592197668613593,0.9815278015470337,0.9648968643048746,0.11573600769042969,4,199,208.0,65.0,58.0,10,9,6,4
11.820709228581281,3.085584763595603,1.9943368496221917e-06,0.8954427353980461,0.8854343477602352,0.899310894390084,0.9209120211132023,0.10573625564575195,4,132,140.0,49.0,50.0,8,6,5,5
14.786677562364487,4.125631264828854,1.3585455095752339e-06,0.971403477540581,0.9574884977149904,0.9718768705347917,0.9650248165408216,0.11098647117614746,4,282,311.0,101.0,101.0,9,9,5,4
23.861579997980016,6.276610019216849,1.9115479694588704e-06,0.8998776098725391,0.8672760764499041,0.9016708596267691,0.8951964387849659,0.12192153930664062,4,258,242.0,85.0,85.0,10,7,5,4
8.99479015875301,3.9462534975171915,1.5486759990531591e-06,0.9958285160430536,0.9836295944811476,0.9958745037314017,0.9854175022746745,0.10399913787841797,4,454,452.0,121.0,113.0,14,10,8,6
9.874736283398493,3.8188130791298667,2.9027027656731684e-06,0.9903787713206113,0.9690716809817532,0.9905166115615037,0.9740395129738461,0.12732315063476562,4,322,329.0,89.0,80.0,11,10,8,6
105.06937192477486,21.01834516162805,1.8991970475289362e-06,0.6350172122596633,0.73319742961632,0.6393176970725651,0.7524193405737881,0.09828877449035645,4,547,660.0,151.0,157.0,14,12,7,8
135.31113836882264,27.114149135337687,1.314412975441462e-06,0.520908195906697,0.6517987242746179,0.5281962020110198,0.6733031955295905,0.1143789291381836,4,596,769.0,173.0,177.0,11,13,8,9
64.06661572145043,13.240169309088662,9.765141680002823e-07,0.8668631987000492,0.8859012089323091,0.8702354560171783,0.8936449290232049,0.12400007247924805,4,521,518.0,142.0,125.0,17,11,8,6
227.606614212622,48.90488216937037,7.414896055924066e-07,-0.3626148392630548,-0.12795219017815684,-0.18108562589484012,-0.06525047736353162,0.11066126823425293,4,788,863.0,169.0,176.0,22,26,7,11
294.53658870050987,61.32308564752212,6.640140875799237e-07,-4.334751477147137,-2.644039674518547,-3.332746928057537,-2.2552644554084407,0.11253499984741211,4,600,867.0,166.0,175.0,15,27,6,10
135.19640311683716,29.763487170345577,3.8878639769698665e-07,0.842635588659471,0.8374532213479525,0.8658576970853215,0.8614945114991072,0.1307218074798584,11,1278,1310.0,276.0,269.0,25,27,19,11
339.63229909940736,69.12745933276311,4.800557224826242e-07,-1.7478484640469105,-1.3559839414462123,-0.37024085125572737,-0.6402157993195503,0.12905311584472656,29,1089,1358.0,243.0,273.0,36,57,36,51
124.60007133937675,27.14815320094946,2.944779538788964e-07,0.8767761716166319,0.887605867234746,0.9081950181269349,0.8998411685563419,0.12440943717956543,10,1488,1705.0,322.0,345.0,42,35,24,30
830.5610575566798,169.37966975842326,5.193645521246892e-07,0.2057900834934019,0.31980819753905876,0.3547956338349699,0.3805342726339388,0.13601160049438477,9,3263,4842.0,714.0,999.0,40,39,36,35
388.1057537411118,79.70952700682757,3.414864760971026e-07,0.9046177389705465,0.9136480585824307,0.9173605370105623,0.9193486582785327,0.12251162528991699,8,4046,4758.0,842.0,981.0,41,38,31,34
672.9467826956494,132.8361252454044,7.328744300993937e-07,0.9398162800250802,0.9489385421959046,0.9431103095423217,0.9504797180193535,0.11201190948486328,6,8015,9132.0,1713.0,1947.0,34,31,29,27
1288.4816852371202,266.6507597206025,9.678213202242519e-07,0.8527356693720063,0.8646271345689868,0.8591783245840322,0.8677547656641403,0.10774111747741699,6,9625,12724.0,2114.0,2782.0,30,27,28,24
707.2607692350289,157.09058410007657,9.712087624836045e-07,0.9629237678799433,0.9607311475476409,0.9647155731698805,0.9618231877031648,0.12927746772766113,7,10610,8949.0,2343.0,1903.0,34,32,28,28
874.5425224972848,210.3063305946163,1.1301933008083664e-06,0.9486830310767576,0.9379017141255904,0.9510530925504458,0.9396255858411755,0.11801695823669434,7,11407,9058.0,2467.0,1928.0,33,32,30,28
592.8585435258389,113.08171242164016,1.9784148704530507e-06,0.9803560491603689,0.9847886416795811,0.9809578026441023,0.9850523533795594,0.1165771484375,5,12435,13172.0,2744.0,2890.0,28,27,26,23
454.6142262807469,78.13699171125165,1.0104559850127483e-06,0.9895927493610781,0.9936039330431886,0.9898932988151301,0.9937068482487337,0.1221005916595459,5,13207,13671.0,3005.0,3004.0,28,26,25,23
1134.8868611011408,238.65689720461324,1.2011141301433341e-06,0.9749094687981215,0.9786829709846943,0.9752803413785207,0.9788502527539232,0.1238243579864502,4,22798,26512.0,5623.0,6481.0,20,19,16,16
10.050393856295717,3.322900339562814,9.168246071455032e-07,0.9664325920941822,0.9296463581827246,0.967206862338588,0.9451287817140112,0.11141109466552734,4,192,195.0,63.0,63.0,9,8,5,4
9.27080992506408,2.9492230615310646,2.0062981816580517e-06,0.9801856717744082,0.9639396474938595,0.980389434784817,0.9681306954454756,0.1120004653930664,4,229,249.0,70.0,66.0,11,10,7,5
3.934357211370959,1.7169498148363762,9.774176676620145e-07,0.9907976356498212,0.9617720393311233,0.9910649862908268,0.9727007627387598,0.11200165748596191,4,148,146.0,46.0,41.0,9,8,4,5
7.96345821026686,2.7348065135703234,2.477915666221999e-06,0.9857342355013009,0.9674341340620588,0.9860186895764187,0.9746522629386429,0.12219882011413574,4,218,244.0,73.0,65.0,9,9,6,5
7.45192928039444,3.1040967553648624,1.5134439179687196e-06,0.9930630919013452,0.9758501403302656,0.9931661980130467,0.9802387754107985,0.10711073875427246,4,305,315.0,93.0,93.0,9,9,5,4
16.693624032346403,4.583712105561023,1.3798398293143723e-06,0.966824769987937,0.9511325975495635,0.9673450421979246,0.9596459890874112,0.1040031909942627,4,306,332.0,103.0,84.0,9,9,6,5
18.917309093349754,5.435224619706776,1.8002699947257037e-06,0.9575603922009217,0.931515711924078,0.958028394234168,0.941570878068559,0.10411977767944336,4,301,337.0,93.0,83.0,11,10,6,6
37.31272682789792,8.779118216920574,2.43163681886772e-06,0.9396695184648735,0.933903560412671,0.9402902316025115,0.9406913707667854,0.1080019474029541,4,471,449.0,137.0,137.0,12,9,5,4
77.15575426801728,16.88286853588572,1.0245105085730996e-06,0.8298281593613286,0.8431485976273165,0.8352364889417598,0.8509401101516796,0.10301971435546875,4,618,547.0,146.0,140.0,13,11,9,5
27.93537930056914,10.104660640846216,5.450328197995229e-07,0.9805056435707467,0.9508325720416058,0.9817621177146203,0.9535478064252454,0.11641883850097656,4,698,714.0,191.0,162.0,18,13,6,7
72.72193043825685,15.48453529600851,4.748399908345907e-07,0.8710868749709779,0.8897372129321736,0.880621435389648,0.8938281978063055,0.10856866836547852,4,732,778.0,176.0,172.0,14,15,11,9
504.4595151635306,104.83767941150855,7.003201788193275e-07,-2.794165272266029,-2.4007231689040864,-1.619923526542542,-1.5960929313684207,0.1840684413909912,18,1132,1666.0,255.0,336.0,33,50,19,45
125.77374165901676,26.092928334913065,3.621182523710981e-07,0.7663279215106615,0.8207786644556355,0.8362073827747154,0.8503198359868748,0.1360018253326416,12,1214,1245.0,286.0,252.0,28,28,28,23
365.03979996098445,74.1744939689888,3.3207598131331074e-07,0.8846148924074126,0.9002949459878856,0.907410382217376,0.911111566832317,0.1399998664855957,10,3671,3059.0,767.0,624.0,47,41,35,37
1128.9519166499197,232.54528984255302,8.711367769254212e-07,0.41146298426674055,0.47475174207209125,0.4739966464309179,0.5022616518589774,0.1497786045074463,7,4617,2745.0,1011.0,563.0,40,32,39,28
646.2272117416616,138.09038352828378,5.605744657369158e-07,0.8682813607208584,0.8739419514690623,0.8921552652779376,0.8888238990434509,0.14052915573120117,13,5518,4317.0,1188.0,889.0,44,43,44,39
1537.4965040610662,328.7459570174501,1.1445144689286598e-06,0.7784532698992606,0.7801051378954516,0.7882566246839199,0.7852039930667183,0.1366252899169922,6,9413,13169.0,2044.0,2888.0,32,28,28,25
481.2473044964578,110.44643449934009,9.187571441099461e-07,0.9866629498755254,0.9850646515091505,0.987155689075819,0.985391575014118,0.11904263496398926,6,12306,11075.0,2702.0,2392.0,31,29,26,26
1393.385143416829,295.6075278579959,1.4290762632847828e-06,0.9074859344335964,0.9133207578660374,0.910027187982219,0.9146387498870565,0.12128877639770508,5,13648,17272.0,3130.0,3910.0,27,24,23,21
683.1338853132363,120.13715845692899,1.8283724450681383e-06,0.984781330906371,0.9905123615785184,0.9851306488580378,0.9906260661404326,0.11253690719604492,5,16902,18719.0,3953.0,4278.0,24,23,23,20
538.9419361362742,97.26453348309552,1.6929804897490983e-06,0.9914986537625675,0.9943667414358207,0.9916891040949314,0.9944354661787448,0.10357379913330078,5,17878,19433.0,4191.0,4462.0,24,23,22,20
254.67153251528566,113.17159770152487,1.781935220618071e-06,0.9982383434051982,0.9930961587792091,0.9982751286254561,0.9931708582409922,0.12399983406066895,5,18769,18307.0,4343.0,4170.0,24,23,20,20
9.805398173115323,3.3556544319501476,1.4521085876109144e-06,0.9583223719936198,0.9023552137720399,0.95937202979496,0.9250043013259184,0.101837158203125,4,161,173.0,51.0,53.0,7,7,6,5
5.018714974971183,1.9229967932023877,1.1006319547086834e-06,0.9879468819135779,0.9669767121867366,0.9881413684242895,0.9723091299528631,0.10005307197570801,4,156,160.0,50.0,50.0,8,9,5,4
19.141741038891944,5.209166600010665,1.4174666598889472e-06,0.9465912127835786,0.9268561266914594,0.9474579750063077,0.9402119640794399,0.10399675369262695,4,268,325.0,92.0,92.0,10,10,5,4
15.0,4.759858191164943,1.9706353511183723e-06,0.9784121314826122,0.9545380814330084,0.978664630271476,0.9613583662423845,0.11294841766357422,4,330,351.0,101.0,99.0,13,9,7,5
17.420055491683524,4.614289399969043,1.8569769886942347e-06,0.9693799708844588,0.9601534129341798,0.9696341049319918,0.964402994328164,0.10399842262268066,4,320,362.0,110.0,110.0,10,10,5,4
16.585322326281954,4.493050188902857,3.1114147243787995e-06,0.9636583699958835,0.9544005252880665,0.9643240302143459,0.962429220373366,0.10400176048278809,4,305,329.0,103.0,103.0,8,9,5,4
22.05320271525204,5.7698931243712535,3.843081474061797e-06,0.9487584228637373,0.9318864169772466,0.9491960524759326,0.9393324020591296,0.10372209548950195,4,299,364.0,95.0,90.0,11,11,8,5
42.668660435187476,8.969856929368122,1.3543235022002003e-06,0.8097763947663041,0.8101880472103169,0.8124993509638305,0.8437680461155304,0.10799694061279297,4,300,282.0,83.0,73.0,12,9,4,5
16.73413427698009,4.944483458023362,1.4403930832814144e-06,0.9298824386042607,0.8688872595230613,0.9315380999908931,0.9004358846549512,0.10000014305114746,4,200,213.0,63.0,57.0,9,8,4,5
31.723742423196754,7.25,1.940756062167582e-06,0.9497488053579984,0.9471530808168965,0.9503798756051719,0.9549737659278296,0.09600186347961426,4,432,447.0,130.0,120.0,10,9,7,5
62.867088634144125,13.252358280698571,1.315653328619333e-06,0.7936721970846852,0.820120346529724,0.7969063256561982,0.8361368733340947,0.09599781036376953,4,440,444.0,129.0,125.0,11,9,6,4
135.50234469066086,28.625818765582935,1.4743752195874604e-06,0.532743006369876,0.597698594852416,0.5397924213945067,0.6130141492900758,0.10399818420410156,4,629,696.0,166.0,161.0,11,13,7,8
121.87177346156355,26.517289957057578,1.6551359507559267e-06,0.3912713589949456,0.518328270009766,0.40999675441981265,0.5695172501753714,0.10298848152160645,4,527,492.0,145.0,143.0,12,9,4,4
48.812353286164495,12.07053920364234,9.227116723842184e-07,0.8741645447019233,0.8345868292507457,0.8780688187105614,0.8507399932727884,0.10399985313415527,4,459,439.0,120.0,106.0,13,11,6,5
143.3658998855725,30.416210042234606,8.045742931821188e-07,0.4416215653047644,0.5132265574674415,0.4764338418782138,0.5667287444553804,0.10000109672546387,4,674,705.0,184.0,182.0,10,11,4,4
1162.131236313983,235.22354172857217,1.7718130739633852e-06,-31.274380361304082,-24.54983276841231,-28.40338037159183,-23.265231669924685,0.10796666145324707,4,741,2158.0,182.0,437.0,19,47,8,43
41.4179912598378,16.038235563801898,3.004718684660702e-07,0.9777578896999648,0.9397215203370298,0.9866741483541926,0.9493099072749176,0.12799978256225586,20,1332,1288.0,290.0,259.0,48,42,45,37
249.4071414819997,51.813232972968514,3.4581246940713613e-07,0.6994830570261078,0.7488418846222791,0.7623707872030718,0.770874919735336,0.1399974822998047,10,1747,2103.0,409.0,426.0,40,40,37,35
843.9603138558331,174.11895098153184,8.495780108147185e-07,-1.690957528560514,-1.2246896816887327,-0.9935796572136715,-0.9989869942651288,0.13199830055236816,12,2014,3411.0,431.0,697.0,43,46,33,42
111.70019061877049,30.297402269330995,3.2348595740830545e-07,0.9949541884674854,0.9920045163712984,0.9956985005955484,0.9926980489256624,0.12265586853027344,11,4943,5077.0,1063.0,1050.0,42,42,37,38
253.58565571145522,45.60213095707356,4.35917397221205e-07,0.9873122909605849,0.9911120480000716,0.9883237113983214,0.9914953409436507,0.1212761402130127,8,6594,6928.0,1402.0,1452.0,37,35,33,31
274.6534575408262,56.00388185303493,6.860144586654934e-07,0.9910732550549363,0.9921779989847174,0.9916466852616852,0.9924602626193438,0.10709714889526367,8,8528,8167.0,1843.0,1728.0,35,33,32,29
821.5652645231344,188.2826461432643,1.1901045529283897e-06,0.946848823382843,0.940418516562577,0.9494124079851828,0.9420637066370008,0.11066341400146484,7,10541,8312.0,2254.0,1761.0,33,32,32,29
402.266001757808,102.88890931278486,1.0685883328139e-06,0.9885763835078473,0.9843884591200526,0.9890404491371317,0.984752762371999,0.11966300010681152,6,11012,10050.0,2420.0,2156.0,32,30,27,26
1005.5205145909048,196.74402284774953,1.2160563755644174e-06,0.9534712260700385,0.963072861524333,0.9547295690893939,0.9636255768868188,0.12000060081481934,5,13757,16294.0,3210.0,3662.0,27,25,23,21
311.9211438809495,81.14444560554702,5.74736975038233e-06,0.9960237745740701,0.9944544595350142,0.9961259738886612,0.9945325576818338,0.1154637336730957,5,14931,14168.0,3358.0,3133.0,27,25,24,22
1208.5813388562553,314.8707671410606,1.2603937020558098e-06,0.9480375702570727,0.9295204539816092,0.9492981979400619,0.9304827092257656,0.10906362533569336,5,16163,12656.0,3780.0,2772.0,27,26,22,22
190.9617653702786,105.01597100758849,8.766741043435849e-07,0.9992271989729935,0.9954926672258322,0.9992388808849669,0.9955285199818554,0.10450172424316406,4,21897,22079.0,5347.0,5188.0,22,21,18,18
1126.9010604307728,269.72959067060725,8.999574206425019e-07,0.9809821595419836,0.9802717093308548,0.9812175182143996,0.9803904222755587,0.10919356346130371,4,27183,31331.0,6959.0,8036.0,18,17,16,14
747.2385900210633,223.05966597153628,9.907589475357637e-07,0.992301349296807,0.9880836955261938,0.9923899921474926,0.988146981813807,0.1120002269744873,4,28866,31406.0,7768.0,8068.0,17,16,13,13
10.264725195217519,2.8632004237682462,1.4136978371209997e-06,0.9464471845394813,0.9328144786079137,0.9481601172283483,0.9512527788083999,0.09231424331665039,4,157,171.0,73.0,73.0,7,6,5,4
11.054316653084744,3.073746356917998,1.8918538441831183e-06,0.9474196122022716,0.9118896191618221,0.9489126774773846,0.9364354514975163,0.12439370155334473,4,172,159.0,49.0,48.0,9,7,3,4
10.304731922762475,2.837619307330237,1.2590987375166875e-06,0.9836609781184189,0.976474974226706,0.9839233671036197,0.9804248838471358,0.10399937629699707,4,272,295.0,82.0,77.0,11,10,7,5
10.157099323461727,2.8339460121886586,1.4117561831264975e-06,0.9814136381933721,0.9683096284935899,0.9818512874261307,0.9770422018523459,0.10799956321716309,4,244,253.0,79.0,66.0,11,9,3,5
6.096447052723961,2.179449471770337,1.9508841968676308e-06,0.9843977182537513,0.9585904717220295,0.9847751243624423,0.9697017214206172,0.10399794578552246,4,164,178.0,60.0,50.0,9,8,4,5
16.965344578483123,3.9973949850704855,1.6205643049494635e-06,0.9400290619543422,0.9422942864431307,0.940824201447431,0.9505904664723783,0.11086034774780273,4,239,270.0,76.0,76.0,9,9,5,4
23.385581383978177,5.6632955658932955,1.375317079706803e-06,0.9320723579494287,0.9237115168809019,0.9328786719189747,0.9330317186923285,0.10399985313415527,4,313,348.0,82.0,85.0,10,10,5,7
42.143603706058805,10.630635760229332,1.9503307425731793e-06,0.8251867365128664,0.7776923508746166,0.8270245334529951,0.8063971216361077,0.09999942779541016,4,353,412.0,96.0,99.0,10,11,6,8
90.7142376734031,20.17991988751855,1.628180678940377e-06,0.7180343607822464,0.7084665797483678,0.72328718561003,0.7427903633561469,0.12328100204467773,4,527,492.0,145.0,131.0,13,9,4,5
31.26832795870821,7.591113225344488,1.3300014174510352e-06,0.9615225957281488,0.9562528089961686,0.9621527917844348,0.9595176630539182,0.09999895095825195,4,506,521.0,134.0,126.0,15,11,9,5
108.62133192886193,24.050944194909825,7.760429205369033e-07,0.6661736373719778,0.6785977126737432,0.6811508749053173,0.7032646816412795,0.10800004005432129,4,650,729.0,175.0,163.0,19,14,6,8
56.034680481525605,13.32603967176045,6.26852326011562e-07,0.896675907955355,0.8889612287561195,0.9031388088328329,0.8962889537698034,0.11199784278869629,4,649,644.0,164.0,152.0,15,12,7,7
583.2379541071647,118.73930361182948,9.151968671330944e-07,-1.6774266575630388,-1.4417446576423107,-1.3693632075712818,-1.0969237961070992,0.1159982681274414,10,1240,1795.0,263.0,363.0,22,37,12,32
80.63427536498585,22.459053651235863,3.368676286881556e-07,0.952639176053594,0.9207693856890323,0.9650138727840158,0.9300880141627055,0.12800025939941406,12,1519,1583.0,320.0,320.0,44,39,44,34
93.78951182020582,24.182911049193123,2.955849691571135e-07,0.9725573761297281,0.9636382440019566,0.9778068173756638,0.9664156981929787,0.12399959564208984,9,2119,2089.0,455.0,425.0,37,34,36,29
363.46263891580446,76.17845695057616,4.099981452023689e-07,0.7915435787560637,0.8107686595239425,0.837873218942528,0.8311702278582968,0.14400291442871094,11,2864,3468.0,606.0,709.0,45,44,39,40
535.877805080619,110.97326675405178,4.040469266582929e-07,0.6755488231825684,0.705489161126226,0.7320763192194102,0.7307720478389923,0.12799787521362305,9,3149,4211.0,673.0,867.0,41,39,36,35
462.35922588766505,90.21616811440903,5.129163065654635e-07,0.9207893875495704,0.9343826377744043,0.9279234389062744,0.9372118160529774,0.1241919994354248,7,5016,4461.0,1046.0,923.0,38,34,34,30
666.1037489018323,144.94904555205466,7.405391702727834e-07,0.9261689330305807,0.9248852238171404,0.9309131852312882,0.9273946650015822,0.11623859405517578,7,7206,5699.0,1604.0,1187.0,35,34,33,30
536.9415059865123,116.94561383713662,9.149995382207044e-07,0.9782212512964573,0.9778930081465071,0.9790722764683539,0.9783558317520408,0.12053418159484863,6,10643,9403.0,2396.0,2013.0,30,29,28,25
818.6621949703579,155.5829107108591,1.396877120900018e-06,0.9653106404424336,0.9738515560266049,0.9662600145085346,0.9742300833667709,0.10399985313415527,5,12918,14774.0,2981.0,3291.0,27,25,24,21
692.8691377924573,126.51794131143697,1.750807020957628e-06,0.9773548242412224,0.9843084094444341,0.9779544527680014,0.984523502884617,0.09971833229064941,5,13827,15081.0,3111.0,3364.0,27,25,23,21
1632.9166833420627,349.0170105943413,6.238032664980367e-06,0.890045641426813,0.8964904424079045,0.8927865438207723,0.8978532420956207,0.11801481246948242,5,14575,19087.0,3305.0,4399.0,25,23,21,20
954.1495285942694,203.10167814832712,1.2824528971278244e-06,0.9855626248963472,0.9879378787710827,0.9857482433814668,0.9880147379755336,0.11501741409301758,4,26244,29479.0,6566.0,7452.0,19,18,16,15
1079.8602484812561,274.8893527403344,6.7361063219503e-07,0.9846903867001694,0.9828844159512068,0.9848602892667091,0.9829682580478918,0.11002540588378906,4,29772,33889.0,8097.0,8983.0,16,15,13,13
8.149642118931768,3.005203820042827,1.6918594560718273e-06,0.9400323539370227,0.8289251917685458,0.9419244361861041,0.8749414013198226,0.11501693725585938,4,120,114.0,34.0,36.0,8,7,4,5
9.90633215002741,3.140793424173792,1.4474180214513232e-06,0.9907582223287127,0.9824359629994488,0.9909043601336589,0.9852928752289155,0.10001516342163086,4,352,357.0,114.0,114.0,8,8,5,4
11.750443254050746,3.272358986011977,2.3979129798639542e-06,0.9791715604720648,0.967784898387678,0.9797190425643821,0.9767834929731674,0.08501768112182617,4,277,286.0,102.0,86.0,9,8,4,4
23.24820781623105,5.7816159794069115,1.6685770948847847e-06,0.9580499300104512,0.9505317058005904,0.9585166873472938,0.9573258735396346,0.11002564430236816,4,351,418.0,103.0,107.0,8,11,5,5
20.13030468390051,4.744514376273579,1.885618649207463e-06,0.9858124726639448,0.9848293388371734,0.9859550530866464,0.9865165034005117,0.10001683235168457,4,550,551.0,149.0,144.0,11,10,6,4
37.189548262919246,9.034655499796326,1.9097923176651126e-06,0.9318053644400315,0.922308719603174,0.9327178687702099,0.9304423470825687,0.10001301765441895,4,463,528.0,133.0,131.0,11,11,6,4
65.86697452694585,14.017845768876187,1.333693095683861e-06,0.8615673382911325,0.8756326039176323,0.8639432137393532,0.890466058675098,0.10001683235168457,4,556,540.0,155.0,155.0,11,9,4,4
104.83965932158816,23.064673565144307,8.686735776642475e-07,0.8535150818216607,0.8583443838054952,0.8573792259754047,0.8658678057493728,0.10113358497619629,4,875,778.0,219.0,200.0,13,11,13,5
168.89456770423376,35.447437613081895,6.757709714250761e-07,0.5430454061770168,0.6412174747205261,0.5728746360878207,0.6588944834285739,0.11590003967285156,4,869,805.0,215.0,215.0,14,11,5,4
202.9990763525785,43.38425038903152,3.5294793786707065e-07,0.6430673447809696,0.6949887513308677,0.7434192438751748,0.7330766738716772,0.1315152645111084,12,1474,1775.0,334.0,359.0,39,37,33,32
106.21342051583885,28.805886026425952,2.7102519030333254e-07,0.9620464289101371,0.9440409854355105,0.9748701467867535,0.9540206482153692,0.12241029739379883,14,2261,2247.0,482.0,456.0,48,44,38,39
216.57025168070402,42.81558026050188,3.047000544538785e-07,0.9425199690275852,0.9540361605623553,0.9506853176349973,0.9567484017121111,0.1002652645111084,8,2940,3286.0,625.0,675.0,36,34,27,30
298.0566039034109,57.876836997797014,4.6166014708304843e-07,0.9212125063345128,0.935065521616651,0.9317439841158064,0.9390000915191618,0.11589193344116211,8,3499,3232.0,719.0,663.0,42,34,38,30
378.15482975735904,75.43679259764001,4.140355292493377e-07,0.9430536568406658,0.9515837199432647,0.9483916981357835,0.9538270762550736,0.12240028381347656,7,4830,5502.0,1029.0,1144.0,39,36,36,32
278.5207275929832,50.08626966147659,4.530963967526531e-07,0.978875170749555,0.9851654634737745,0.9804847364914568,0.98570296417631,0.11589336395263672,7,5645,5708.0,1209.0,1190.0,37,33,35,29
156.59814258435367,32.711685187805394,7.034162907450994e-07,0.9969851388897517,0.9971547494748563,0.9971815917601611,0.9972652081813317,0.13802337646484375,8,8301,8581.0,1809.0,1820.0,35,34,32,31
450.4978333714164,97.0690147112933,9.589257629361157e-07,0.9836400628406419,0.9838177515656343,0.9843058111057063,0.9841669127513235,0.11588931083679199,6,10267,9376.0,2240.0,2006.0,32,30,28,26
630.8921578951644,164.55827396978523,2.5189099602500423e-06,0.9800764624865415,0.9718513989284807,0.9807198533026589,0.9723361296618668,0.11588859558105469,6,13231,11550.0,2961.0,2506.0,28,28,25,24
300.0704172675956,44.07187070268339,1.715722257066572e-06,0.996752527574076,0.9985761645326102,0.9968433362537816,0.998597970848513,0.11590576171875,6,15995,16633.0,3695.0,3753.0,26,25,23,22
562.5947975674856,98.01105379836841,1.1636985562891311e-06,0.9925615919057812,0.9956801491846392,0.9926781703607594,0.9957158845212417,0.13151264190673828,4,20614,22400.0,5008.0,5300.0,21,21,19,18
914.9456951098246,190.4965277461333,4.3636325137842765e-07,0.9871351739892603,0.9899738533232643,0.9872912173732291,0.9900297641092413,0.10028505325317383,4,26986,30117.0,7042.0,7676.0,18,17,15,14
7.575316275025529,2.802528620133373,2.309897237381412e-06,0.9856967414612943,0.9595556620899706,0.9859334040518741,0.9671686295820227,0.10026788711547852,4,217,227.0,62.0,62.0,10,9,5,4
10.236780092717957,2.5289984842489197,4.334643575282935e-06,0.9523185085709772,0.9384964048819731,0.9535355712221868,0.9542643979623077,0.10027050971984863,4,156,162.0,54.0,54.0,8,8,5,4
10.117023607102372,3.766629793329841,2.126400229712875e-06,0.9864980704167904,0.9625677527625721,0.9867601265729744,0.9706827938565601,0.1145784854888916,4,296,317.0,89.0,93.0,10,9,5,5
8.109921906734574,3.206438834595165,1.4911823246422871e-06,0.9915243030762477,0.973676724214569,0.9916968348989524,0.9795672268255192,0.09709668159484863,4,300,311.0,96.0,96.0,9,8,5,4
6.870073992808714,2.7195281453467866,2.181805921833217e-06,0.9835464021599205,0.9486879518317182,0.9840365023289583,0.9628623017840741,0.10003399848937988,4,193,199.0,61.0,60.0,7,8,4,4
6.719840027857806,2.4324199198877374,3.7617683495413116e-06,0.9878376331033347,0.9699788418223891,0.988093881515747,0.9764300780421694,0.10026979446411133,4,204,211.0,67.0,58.0,11,8,6,5
18.38052637984016,4.001301871474666,4.192666603427345e-06,0.9681236135072907,0.9711703431552132,0.9687260775538313,0.9777186830799419,0.10027456283569336,4,342,361.0,114.0,108.0,9,8,4,5
21.365129299866172,5.150849444509129,1.474156952021093e-06,0.9624044633242805,0.9567307386027811,0.9628851523000801,0.9641008474426963,0.11589527130126953,4,356,380.0,110.0,110.0,10,9,5,4
31.209306838398916,7.621925609713073,2.8209816732424108e-06,0.9329114479566748,0.9218971372553596,0.933910956913239,0.9341578341906077,0.10027074813842773,4,415,459.0,128.0,116.0,10,10,6,5
21.273026739668868,5.7653779870302815,1.800277283258123e-06,0.977965271658963,0.9676824726132439,0.9782268822717191,0.971860618084037,0.1002664566040039,4,425,473.0,131.0,131.0,10,10,5,4
82.93766484535237,17.12819313296064,5.515134624515418e-07,0.9147914398592023,0.9316385366996248,0.9203481114327594,0.9351183033560728,0.1002657413482666,4,971,964.0,242.0,220.0,16,15,7,4
88.89512781924553,20.37819504601262,5.388160195515232e-07,0.8488874588146066,0.854269713300034,0.8711767227493777,0.8643173665330238,0.10026836395263672,4,941,977.0,210.0,204.0,20,20,18,11
411.3931933692654,87.89338536551676,7.856085920456529e-07,-0.6504639724794681,-0.6447077212482273,-0.40880648923118446,-0.366614131978789,0.11589550971984863,11,1141,1572.0,251.0,318.0,24,37,15,32
233.26603686787314,48.85693400122443,3.8617686482505164e-07,0.8374959245178735,0.857771230611989,0.8632700441963761,0.8673746539303464,0.13152790069580078,9,1985,2409.0,438.0,491.0,34,33,34,29
206.14760559879818,40.048353127629284,3.047822523278852e-07,0.8846727976664531,0.9121929118158054,0.9240203515309596,0.9273570242217851,0.11589264869689941,15,2484,2223.0,538.0,452.0,45,45,45,41
1608.0885078055157,333.96523261523,1.329265196425228e-06,0.05124003150912515,0.13301969663906543,0.11574589101020516,0.1600382682454654,0.12239575386047363,6,4726,8580.0,1024.0,1833.0,33,31,26,27
259.03721657300997,51.17900275093923,3.951646592978011e-07,0.9740531878781532,0.9782165170077048,0.9763266094505508,0.9791479627160499,0.1158912181854248,7,4776,4560.0,1013.0,944.0,38,34,37,30
1216.3161811928587,252.92443223431903,1.1218890902499194e-06,0.8692477900389632,0.8795849988927833,0.8736726846798406,0.8816397819862193,0.1158912181854248,5,9718,12760.0,2184.0,2806.0,29,26,26,23
933.145207737469,184.7686016892826,1.2710835530365157e-06,0.9357835180304656,0.9468726572995421,0.9381590120137301,0.9478933163562071,0.10026764869689941,6,10736,12710.0,2390.0,2789.0,30,27,25,24
1128.5514422899546,227.778216231214,2.0314299037272158e-06,0.9297843383260991,0.940778015302214,0.931756849030421,0.941670422003581,0.11588907241821289,5,12548,15393.0,2900.0,3452.0,27,25,24,22
338.1257006997312,62.99122745940188,1.3231110495195053e-06,0.9947333789930339,0.9962573864417773,0.9948683948528046,0.9963091237414213,0.12239861488342285,5,13936,13647.0,3186.0,3021.0,27,25,23,22
361.0268304993765,115.77316412673056,8.716913251753752e-06,0.9944696994803454,0.9884358160062368,0.994636423625124,0.9886347971124654,0.11589288711547852,6,14677,13552.0,3350.0,2990.0,28,27,24,24
974.3034424226709,192.12105558735618,1.0500624255834307e-05,0.9682034752135674,0.97492529837785,0.9687847659591883,0.9751771989731488,0.11589336395263672,4,16615,19075.0,3978.0,4412.0,25,22,19,19
974.1296649659462,196.20259512384982,1.2139264405349635e-06,0.9794205416908306,0.9838335203458957,0.9797202511986802,0.983950339172338,0.12240052223205566,4,21702,24617.0,5172.0,5958.0,21,19,18,16
1059.8585155183057,214.53816676759405,6.577791301848393e-07,0.9773706078804006,0.9825196979601835,0.9776914603191939,0.9826474799743142,0.10026717185974121,4,22483,26173.0,5607.0,6429.0,20,19,17,16
311.14650220327616,163.0010224916805,3.41574229022761e-06,0.9981370563171547,0.9903578589603935,0.998163363837359,0.9904281321573055,0.11588835716247559,4,23350,22950.0,5794.0,5462.0,20,20,17,17
805.4164877564899,234.23327937478624,1.8429922218260594e-06,0.9910591212407239,0.9867117256529931,0.9911630362514052,0.9867833723653564,0.10027027130126953,4,28798,31676.0,7796.0,8233.0,17,16,14,14
1058.2302787752137,276.8185702465305,6.362432895454771e-07,0.9857809944801617,0.98357295669133,0.9859292032754812,0.9836440054134418,0.1159052848815918,4,30286,34602.0,8385.0,9329.0,16,15,13,12
6.438005643572136,2.140872096444188,6.2294760571631946e-06,0.9804010744355273,0.9599024520827657,0.980952349950569,0.9700152172772318,0.08463835716247559,4,165,172.0,64.0,64.0,7,8,5,4
7.26435360739917,1.5612494995995996,6.7244890116924314e-06,0.9794891026368533,0.9826355822150764,0.9800711702333935,0.9870711017576119,0.10026764869689941,4,185,197.0,63.0,63.0,8,7,5,4
6.536755056346127,2.29128784747792,1.2484399810064964e-06,0.9876022317191854,0.9711050594811523,0.987871392049594,0.9769109297886113,0.10026264190673828,4,218,211.0,59.0,59.0,9,8,5,4
10.953500201609835,4.319288135792749,4.246591745935698e-06,0.979922301619859,0.9286517844730819,0.980396053169621,0.9461288576069302,0.10677433013916016,4,260,267.0,69.0,66.0,11,10,4,5
6.652067347825035,2.177058412935522,1.6207670528407663e-06,0.9740444612584268,0.9382247245357308,0.9750959988274952,0.9590685992285105,0.10026741027832031,4,147,154.0,51.0,43.0,7,8,4,4
14.273372645127242,5.00520562348175,7.553187984127861e-06,0.9845571947274621,0.9612637207766583,0.9847348620845756,0.9672810661175509,0.10026383399963379,4,376,414.0,110.0,110.0,10,10,5,4
18.287917231512907,5.569634937168982,1.9567358982391553e-06,0.9735558976417683,0.95273821542657,0.9739299097581232,0.9598687500597993,0.10026884078979492,4,374,395.0,120.0,120.0,9,10,5,4
79.93095979239416,17.797179083588873,4.9612272657408465e-06,0.5124785545265488,0.5443688563893551,0.517285832676823,0.594807750556045,0.1000070571899414,4,376,513.0,119.0,119.0,10,13,6,9
14.998611046804745,3.6685601171758564,1.7239357868554644e-06,0.9849757914778857,0.9809219929281923,0.9851066892343956,0.9831530501063757,0.08463859558105469,4,388,380.0,106.0,103.0,11,10,6,4
22.93468988235943,5.106164574968836,1.5250808510941084e-06,0.9234767240234163,0.9269511448084233,0.9244620343336329,0.9396703925763008,0.10026669502258301,4,275,269.0,88.0,88.0,10,9,5,4
14.570589670062544,4.046603514059662,2.067764475251559e-06,0.9857363458993273,0.9785180849392007,0.9859307163195511,0.9817130966334882,0.1536550521850586,4,399,417.0,115.0,115.0,11,10,4,4
133.4309278240993,29.56683812426798,7.219304439074462e-07,0.7565771949983128,0.7749655183586459,0.7701674698255533,0.7893615100934698,0.1158902645111084,4,945,900.0,220.0,212.0,14,12,6,5
79.9566016007114,16.955139167404276,4.881473116569388e-07,0.9338903168787877,0.9261256692433192,0.9451184417470959,0.9501307134856087,0.10026693344116211,14,1059,1030.0,240.0,224.0,19,18,10,14
127.19762558733626,27.039505015082547,5.975507424493462e-07,0.800772749541965,0.8009465157522684,0.8314182273878647,0.8625873859101632,0.13152790069580078,11,1015,1026.0,267.0,245.0,12,14,7,11
42.73080093228545,14.590669636772612,4.505197915875158e-07,0.9892740037026925,0.973853045283391,0.990813553405192,0.9762464367931373,0.1304161548614502,11,1445,1452.0,315.0,295.0,32,28,30,25
215.6849554326866,48.145160937929475,5.144452858815806e-07,0.8660313539071574,0.8571957667833016,0.8804340061416196,0.8647348201923033,0.1158905029296875,8,1906,2222.0,390.0,454.0,31,30,24,26
362.7203443326154,75.21879731742271,4.346342257625554e-07,0.49594524946005814,0.5697087791972159,0.6843696743617487,0.6581114480977871,0.13152503967285156,17,2160,2719.0,448.0,554.0,52,49,50,45
164.90300179196254,36.98692967837378,3.016143978937326e-07,0.9468099544283203,0.946581778357526,0.9568777068835858,0.9506721864082349,0.1315174102783203,9,2567,2343.0,568.0,477.0,40,38,36,34
424.8361860131933,86.92129674571697,4.749967107503855e-07,0.869867977946381,0.885501710864418,0.8829063191205898,0.8901387917194308,0.12484598159790039,7,3659,4509.0,775.0,934.0,34,33,33,30
441.42687365248696,91.71553374666028,4.996546818956655e-07,0.8834999406759487,0.8915965298622388,0.89645810764135,0.897218333488911,0.13841009140014648,8,3977,4833.0,860.0,1003.0,41,36,34,32
413.97810445450125,85.86511051819053,5.725015164000545e-07,0.9478510415791946,0.9512405470751701,0.9516254405253839,0.9529012846309386,0.11589288711547852,7,5331,6216.0,1142.0,1302.0,35,33,30,30
365.8791004266741,76.5012474422153,6.700316682275871e-07,0.9733828133435272,0.9743176297526399,0.9751265662686508,0.9752218778167071,0.13151955604553223,7,6560,7216.0,1421.0,1522.0,35,33,33,29
834.3422559118051,175.19369731513564,1.5109151167197836e-06,0.9059355712594382,0.9088268378720604,0.9095504169955283,0.9105463557863442,0.11590743064880371,5,7762,9499.0,1692.0,2044.0,30,27,28,23
488.6455335381758,89.015418219829,9.57948291305872e-07,0.9699571918630658,0.9785079029841065,0.9713517550435157,0.979022875301406,0.11589169502258301,6,8066,8766.0,1748.0,1874.0,33,29,28,25
878.2765051879832,189.40570672271318,1.1652416800587626e-06,0.9207167586132576,0.9203139709715058,0.9254652658279181,0.9231573428333025,0.11589694023132324,8,9162,6970.0,1963.0,1469.0,36,34,31,30
410.4069983020747,98.13933863254859,2.663657660202816e-06,0.9899605481100558,0.9879781902894278,0.990298631565374,0.9881901187024971,0.11589264869689941,6,11995,11084.0,2757.0,2408.0,29,27,25,24
742.9758372496659,141.96333848456865,8.297878371943923e-06,0.9749771651349658,0.981136015817831,0.9755864228861499,0.9813641447847481,0.1315162181854248,5,14063,15845.0,3163.0,3573.0,25,23,21,20
1190.6410694453639,239.91445958229917,1.1413704609082152e-06,0.9586031429763306,0.9669564985112294,0.9592954955586941,0.9672418312593648,0.11577916145324707,4,18134,21382.0,4339.0,5054.0,23,20,19,17
1246.4592978713745,267.16903201281895,1.2159067168688475e-06,0.9592018746181318,0.963008500874429,0.9598508561220664,0.963315879561478,0.11588883399963379,4,19445,23080.0,4589.0,5520.0,22,20,19,17
170.54892992921415,82.91316994301931,2.2425198712185916e-06,0.9993684471316936,0.9971734451447745,0.9993777960287199,0.9971954989743265,0.1002645492553711,4,21692,21841.0,5377.0,5152.0,22,21,18,18
936.7777273273883,170.3071979297019,1.1529392022225398e-06,0.9848196905924674,0.9908369063520892,0.9850176529854567,0.9908959186015928,0.09375953674316406,4,25038,28111.0,6413.0,7029.0,19,18,15,15
731.7829112289154,198.66955919314867,8.926008405602381e-07,0.9921363085459428,0.989687375834485,0.9922268724413095,0.9897401542148676,0.10026860237121582,4,27727,30355.0,7175.0,7785.0,18,17,14,14
735.741668035278,271.78980465916425,1.1623217156597992e-06,0.9932733108323063,0.9845524549856676,0.9933430023661867,0.9846176339294731,0.1002664566040039,4,30987,33437.0,8472.0,8825.0,16,15,13,13
11.55737499031102,3.272358986011977,1.516615199753943e-06,0.9682257672846573,0.9486372112703765,0.969023633279242,0.9620954435257137,0.10784769058227539,4,222,252.0,74.0,67.0,10,9,4,5
17.702695180866293,3.972562145517676,1.6358283733857553e-06,0.9464053769204201,0.9441234325055323,0.9477314711409617,0.9575091677826938,0.09264469146728516,4,250,273.0,87.0,87.0,8,7,5,4
7.34137816307901,3.265986323710904,9.659123469825826e-07,0.9874221528821333,0.9466916260453141,0.9876668350181032,0.9586263294928008,0.11589765548706055,4,218,227.0,67.0,67.0,9,8,5,4
44.96132597392267,10.168374173550722,1.8280543140651906e-06,0.8865669210704129,0.8861748917169758,0.8880596300362293,0.8995983427961002,0.10026836395263672,4,422,426.0,122.0,120.0,11,10,6,5
53.52783543789779,11.808365678619543,1.462919277319003e-06,0.8974317844771801,0.897474749570051,0.899002664994283,0.9081165183587466,0.1002662181854248,4,538,493.0,137.0,131.0,15,10,4,5
54.519969583019154,11.971319893812879,1.0886917759406307e-06,0.747057446319801,0.782847853022184,0.754336179126722,0.7997421888100162,0.10026741027832031,4,345,354.0,103.0,100.0,11,10,6,4
75.37842032040736,17.990448854878522,6.376758828283705e-07,0.8909585347679508,0.8874540714105142,0.9029534566868426,0.8939780516038315,0.1002664566040039,4,864,1009.0,216.0,223.0,16,15,6,9
193.20846479790998,41.28387936776502,4.5346175375885067e-07,0.8490459763821095,0.8605288376755367,0.8695874432450397,0.8717058729273103,0.11589479446411133,8,1689,2016.0,382.0,411.0,28,29,26,24
415.1418335165512,86.48083882497306,6.644083389826732e-07,0.39825622748909784,0.5257654278313415,0.506243088375556,0.558603231335229,0.12240052223205566,7,1988,1883.0,430.0,387.0,40,25,30,20
259.11160932493266,52.11755107864128,3.4037942969747036e-07,0.8776467401754606,0.9006405799962109,0.8967052390425666,0.9068664276086499,0.11589312553405762,8,2540,2968.0,551.0,608.0,35,34,31,30
750.7621417454804,148.3848184546724,5.442747175928291e-07,0.7358964302645525,0.784351736882975,0.7636189974271137,0.7951717928471477,0.11589217185974121,8,4449,6004.0,962.0,1255.0,37,35,35,32
358.7864252236018,65.21766697775615,5.152471366235155e-07,0.962107384269079,0.9734608829126743,0.9649121443899495,0.9744181544355944,0.13803362846374512,7,5383,6044.0,1164.0,1265.0,34,34,32,30
521.5048397400933,105.06958180785053,6.729628756374025e-07,0.9501690052241952,0.9558227336581165,0.9528429934213314,0.9569885762845844,0.10026693344116211,6,6831,6007.0,1475.0,1263.0,34,30,32,27
573.4006368348231,130.79303194092978,8.338057629517684e-07,0.9428438347222369,0.9373556408750644,0.9462952268963943,0.9392899585976402,0.1315140724182129,7,7031,5713.0,1541.0,1194.0,34,32,31,28
340.458158801837,61.37829206520906,9.749025030026595e-07,0.9857086050641723,0.9899585639311095,0.9862500044515473,0.9901507734964748,0.10677456855773926,5,8141,8531.0,1783.0,1828.0,29,27,26,24
302.9845054228282,58.2799053570015,1.2944767052659488e-06,0.9895013438468679,0.9917440023288381,0.9898911058264804,0.9919040481045107,0.1002657413482666,5,8599,8601.0,1920.0,1838.0,31,28,27,25
717.5405541211665,145.33307306893215,1.6558625258192354e-06,0.9487379250538174,0.9546834789153621,0.9508682793659454,0.955658155700969,0.13151812553405762,6,9291,10760.0,1999.0,2334.0,31,28,27,25
259.8969836401784,40.85081974311177,2.1196833012593705e-06,0.9962887339795743,0.9980900736185944,0.9963881735578936,0.9981163082964399,0.11062860488891602,5,12526,12624.0,2822.0,2780.0,28,26,23,22
626.6695511318461,108.58346292623307,1.5320804601631074e-06,0.9825771024486343,0.9892112855076572,0.9830016476857691,0.9893444191834055,0.11365127563476562,5,14332,15480.0,3313.0,3475.0,26,24,21,21
1533.4409699539574,334.0917413924904,2.059954131206781e-06,0.9216927459085111,0.9256275554529271,0.9230980636704542,0.926354970709921,0.11001014709472656,4,16760,21150.0,3981.0,4992.0,23,21,20,18
543.5548787841021,86.20904824900923,8.426079946466275e-07,0.9915857260416088,0.9958128047563309,0.9917249625085168,0.9958486833586944,0.11000895500183105,4,18433,19875.0,4384.0,4634.0,22,21,19,18
937.1674132281098,185.21881766350486,6.628432959530288e-06,0.9823594209626723,0.9869030998877317,0.9825978804759594,0.9869866091868833,0.11020398139953613,4,22712,25788.0,5624.0,6304.0,19,18,17,15
1063.6457939558638,221.56806234202617,8.41197027252095e-07,0.9786183147937698,0.982791763913813,0.9788972865313159,0.9828974076786544,0.10999941825866699,4,23804,27404.0,6069.0,6827.0,19,18,16,15
289.1040578234764,141.2397488905537,4.925961021730928e-07,0.998517368800617,0.9933877090183303,0.9985371702360043,0.9934328038285797,0.09998965263366699,4,24767,25075.0,6273.0,6083.0,20,19,17,16
532.6779827750846,137.21261634169554,1.3868751633753459e-05,0.9953663117703215,0.9943940517302786,0.9954230379365281,0.9944249390172004,0.11028766632080078,4,26037,27697.0,6686.0,6916.0,18,17,15,15
844.0639909588215,192.66486446677297,7.329515255542988e-07,0.98990136721194,0.990765071280941,0.9900161880432676,0.9908122425287498,0.1105201244354248,4,28495,31668.0,7556.0,8181.0,17,16,14,13
994.9145273171292,264.9012001356984,2.020000033265485e-06,0.987894776902152,0.9856981556566214,0.9880179385682015,0.9857578533725377,0.0996236801147461,4,31387,35249.0,8738.0,9613.0,15,14,12,12
8.905756565278438,2.5,1.939083264640902e-06,0.9661800414569144,0.9486824485955829,0.9672723108791756,0.962477392629059,0.1099998950958252,4,170,180.0,54.0,55.0,7,8,4,5
13.87819032390991,3.658608569752532,5.451741651173366e-06,0.9465474077371833,0.9198877805486284,0.9478984843812815,0.9420725233975163,0.10000014305114746,4,206,203.0,61.0,62.0,9,7,4,5
7.773485919028434,2.7443123000125187,1.4779177757932697e-06,0.9858135504518502,0.9651736725247432,0.9862075740841815,0.9743246549720146,0.1100001335144043,4,231,236.0,72.0,72.0,8,8,4,5
6.6128032381635755,2.9492230615310646,8.994801835859331e-07,0.9924456094678815,0.9651150645823904,0.9927156531071157,0.9780254541559655,0.10036301612854004,4,265,262.0,98.0,91.0,9,7,4,4
11.43277452473079,3.001735609054646,2.5379460272620416e-06,0.9788942847746194,0.9708355591238446,0.9792105368713173,0.9755567618615405,0.1099998950958252,4,243,270.0,74.0,74.0,10,9,5,4
8.402628556985407,2.9386079470842423,2.696789888911768e-06,0.9810877474943637,0.947878810900234,0.9815208196402552,0.9603246582009984,0.1100001335144043,4,203,213.0,60.0,65.0,7,8,3,5
36.1972317081477,7.720373479739608,1.861057848350254e-06,0.9268450418824938,0.9325282262422986,0.9277676028760511,0.9436829648153368,0.10998845100402832,4,433,434.0,133.0,133.0,10,8,5,4
32.344177734691804,7.190126331759871,1.5745261273316618e-06,0.8927504239911702,0.8963658621256692,0.8942477994870887,0.9178783729559566,0.10000014305114746,4,313,324.0,117.0,100.0,9,8,6,4
30.771672579392455,7.220485902393735,1.8093155151002834e-06,0.9660191971658242,0.9629750068967218,0.9663970280337143,0.9667523046697899,0.09893393516540527,4,499,524.0,166.0,150.0,12,9,7,4
23.59974399578662,7.483314773547883,1.6579081819131978e-06,0.9843043557743452,0.968759079973501,0.9845054861886725,0.9720160266547346,0.10000348091125488,4,609,613.0,165.0,158.0,11,11,7,5
20.44173630916252,6.560614808588191,1.594525424281781e-06,0.984555890908342,0.9673193374098479,0.9847989531675849,0.9718702198690876,0.11999964714050293,4,506,546.0,150.0,137.0,12,11,7,5
143.5226825859476,30.407989629920184,1.6354355730457135e-06,0.39757975340535645,0.45789093459297114,0.40764317905919945,0.49607674920397316,0.10999917984008789,4,580,718.0,166.0,163.0,12,14,6,9
59.740236301284696,11.802630356549058,2.0021724728949904e-06,0.8715499498110186,0.8949988332822016,0.8738065756544282,0.9117499413173075,0.09999990463256836,4,509,515.0,166.0,166.0,12,9,5,4
39.19157009698217,8.295330011518528,1.4404337596837781e-06,0.959906562210694,0.964137973933733,0.9605820159680929,0.967553715153643,0.11013555526733398,4,595,636.0,170.0,167.0,10,10,7,4
100.71168626331306,23.264332499916403,4.656642472289863e-07,0.6501522668320441,0.6706136926264539,0.738322114452493,0.7076936024966043,0.11999917030334473,4,867,896.0,193.0,180.0,25,27,8,9
304.8571274086734,59.46335098100434,4.5354569739229795e-07,0.8285288362363659,0.8626599427821721,0.8573960433264363,0.8714984186704811,0.11998891830444336,9,2542,2294.0,533.0,468.0,40,34,31,30
174.06169172874462,38.69207829875417,3.098502165180807e-07,0.9628731024475424,0.9611059727021541,0.9687513452192998,0.9638226163240415,0.12000012397766113,9,3119,3241.0,656.0,664.0,42,38,35,34
304.81731536230166,61.68226753013847,6.115526034323498e-07,0.9866377030455715,0.9883619169651471,0.9872727437311433,0.9886475900917684,0.11999845504760742,6,7546,7662.0,1706.0,1627.0,32,30,30,27
968.7356988191705,199.44968559346825,1.3797719776838482e-06,0.9480712989799017,0.9543005081479683,0.9492172961870688,0.9548441011356031,0.10001063346862793,4,12610,14653.0,2894.0,3300.0,25,23,21,19
823.0418860766196,158.6516438175839,2.7276209416074632e-06,0.9645999954186124,0.9727211654491154,0.9658902865169663,0.9732712876567146,0.13000011444091797,7,13018,14974.0,2906.0,3347.0,29,27,25,24
429.13861154254886,82.47708014957853,1.3763408255247168e-06,0.9922513861964926,0.9941771991631329,0.9924004922680756,0.9942369878984331,0.11024641990661621,4,14792,14451.0,3507.0,3235.0,25,23,21,20
324.92895056714576,100.93128850856904,1.2413338303592883e-06,0.9970876665392774,0.9945027443605972,0.9971349853725869,0.9945491246181399,0.11999917030334473,4,18955,18074.0,4483.0,4159.0,23,22,20,18
318.8933827838598,152.3728978526037,6.625814765632345e-07,0.9979587009380028,0.991183569475702,0.9979876060885936,0.9912490793824936,0.12000226974487305,4,22885,22204.0,5661.0,5277.0,21,20,18,17
578.2982037841722,264.36892230996693,1.1973464087946253e-06,0.9952511209181683,0.9828034215865428,0.9953060293594004,0.9828971158715073,0.11397123336791992,4,28559,29084.0,7695.0,7349.0,17,17,14,14
975.5565932669753,251.77174268902112,4.924190419160457e-07,0.9877334225628307,0.9859769926413143,0.9878618775140784,0.9860374069418465,0.12000083923339844,4,30290,34085.0,8330.0,9095.0,16,15,13,12
9.849386613727104,3.2113081446662823,1.7610734758630755e-06,0.9708111288904815,0.9388863739248529,0.9714055444505003,0.9541555239120619,0.09999871253967285,4,214,207.0,74.0,60.0,9,8,6,5
12.124785221465437,3.132491021535417,9.447123784944634e-07,0.9731055695840247,0.9639270355364493,0.9736837571144107,0.9726818030357999,0.11457943916320801,4,257,266.0,82.0,82.0,9,8,5,4
49.95602232630883,11.94867496140611,9.53578660749394e-06,0.8593454618894527,0.8358402318789662,0.8618789340013319,0.8668632084062877,0.09999799728393555,4,440,531.0,138.0,127.0,8,11,6,7
17.84073055305378,4.86269815363172,3.434632809124621e-06,0.9796514403476823,0.9722701204822036,0.9799462868157193,0.9764877237433905,0.09999942779541016,4,409,453.0,139.0,125.0,8,9,6,5
33.3858440560267,9.137263448830472,2.668080638321164e-06,0.9122534419249688,0.8630584607104643,0.9136122447705972,0.8879522451490243,0.1100001335144043,4,360,362.0,114.0,114.0,11,8,5,4
27.321008400130477,6.902596129959607,3.793246753686116e-06,0.9654295277781283,0.9511519621803269,0.965918565756907,0.9588139090129556,0.10999846458435059,4,487,488.0,131.0,129.0,10,9,6,5
29.92038045658288,8.582321946885935,1.740522589079246e-06,0.9717173896835671,0.9522525328491737,0.9721105765308357,0.9579621505971622,0.09999728202819824,4,542,564.0,147.0,151.0,16,9,5,5
110.02438176755793,24.696912762529653,1.6063482030374603e-06,0.8562972426767191,0.8529606134635015,0.8588984417966663,0.8615501526260959,0.10000085830688477,4,885,956.0,227.0,224.0,13,13,9,7
36.15490400116329,9.715215729291176,7.656954149946061e-07,0.9709575044309539,0.9569428692715626,0.9723696612270428,0.960450405327694,0.09999966621398926,4,700,677.0,175.0,156.0,17,12,4,5
116.96983597806586,26.380069104856634,4.70217583452554e-07,0.827995687517504,0.8147173829860295,0.8607736715543435,0.8618211404936704,0.10999870300292969,13,1116,1211.0,259.0,245.0,17,28,17,23
253.28774411463598,53.08763230072239,4.3263355530958954e-07,0.6368080186031437,0.6800173636704259,0.6902376527604527,0.7037013297388459,0.11999869346618652,9,1491,1923.0,323.0,392.0,32,33,23,29
311.9232412529322,62.19683097339068,5.430784540541355e-07,0.253582723996267,0.4334940143822166,0.546490628393868,0.5322348997481173,0.12999916076660156,17,1640,1318.0,338.0,266.0,48,37,46,32
217.36365149041666,45.57824419705109,4.2646116208829143e-07,0.9043941015432895,0.911665283411166,0.9167137390476275,0.9162068298364545,0.11999917030334473,7,2381,2637.0,516.0,542.0,35,30,33,25
76.03591105599342,22.74167777552872,3.1459936332581444e-07,0.9864636749281447,0.9751488416511627,0.9891229287489683,0.976997043500219,0.10999870300292969,13,2311,2185.0,477.0,444.0,44,41,44,36
273.35921581239074,56.46661191243517,4.7003847541682223e-07,0.8764854311918016,0.8931441097900313,0.894829068633477,0.8996636217274621,0.11999821662902832,8,2589,2474.0,564.0,506.0,39,33,32,28
655.1186299860802,134.05607878072712,8.613102601077728e-07,0.49793014418580994,0.5637801737633369,0.5562725931028945,0.5841331426070713,0.10999703407287598,7,3083,2193.0,671.0,449.0,38,29,34,24
313.0552912579747,71.05948599202326,3.95008665398075e-07,0.9657925765024379,0.962727189300136,0.9690660652014819,0.9645092350461558,0.12000060081481934,9,5058,4415.0,1081.0,914.0,40,36,34,32
174.5438602179548,30.69674775250051,6.309409159995475e-07,0.9936942332512804,0.9957924463065881,0.9940687703757695,0.9959089113942298,0.10999679565429688,7,6437,6626.0,1361.0,1394.0,34,32,29,28
909.4417663137039,185.35754921942504,1.2053420191381456e-06,0.924359067115611,0.9328389727392465,0.926789473673338,0.9338961884638731,0.12999892234802246,5,9571,11786.0,2098.0,2588.0,28,26,23,22
669.9892457895755,125.62835750946645,3.7822766371804515e-06,0.9720299251325836,0.9796589776018403,0.972812329298427,0.9799490252455548,0.11999940872192383,5,11836,13246.0,2707.0,2938.0,28,26,25,22
294.0512665648986,59.98885861470225,1.251984001991124e-06,0.9952781141279485,0.9959567804052758,0.9954043770627979,0.9960145673878666,0.10947275161743164,5,12732,12406.0,2931.0,2734.0,27,25,24,22
691.6698845306673,116.96104230326723,3.6384344304694963e-06,0.9824370140203881,0.9900341626132096,0.9827564217036562,0.990131375762121,0.11301422119140625,4,16104,17233.0,3759.0,3952.0,24,22,20,19
466.7404703544215,67.00077735867448,4.174959889913502e-06,0.9925917752978787,0.9969622724542823,0.9927216672133926,0.9969893883580124,0.1130208969116211,4,16548,17427.0,4020.0,3993.0,22,22,20,18
808.2948616274468,135.7830684093811,6.102445801463584e-07,0.9852889821542039,0.9921236667029706,0.9855026764317817,0.9921817477117773,0.10001564025878906,4,21272,23702.0,5292.0,5717.0,21,19,17,17
428.67354760547875,84.82273181956198,1.120487928276715e-06,0.9962773356265705,0.9972405559703879,0.9963267269936873,0.9972582005116954,0.11301612854003906,4,22744,24150.0,5665.0,5846.0,20,18,16,15
501.09801311719445,83.48215877259842,4.0296555701715977e-07,0.995136860348503,0.9975003818124284,0.9952016478039009,0.9975164659900108,0.10001301765441895,4,23437,25038.0,5852.0,6101.0,19,18,16,15
375.8240113404145,196.86617705097711,7.893789899481432e-07,0.9976314638087237,0.9881834460820164,0.9976613243117256,0.9882570221768273,0.11301755905151367,4,25772,25604.0,6585.0,6282.0,19,19,16,16
815.9880130859766,208.64378535357017,4.644608170682475e-07,0.990964940183543,0.9897389467016307,0.9910615494663508,0.9897841876060174,0.0998232364654541,4,29402,32447.0,7929.0,8546.0,16,15,13,13
11.150485789118488,3.088958832141773,2.1743818322557464e-06,0.9588086733377921,0.9413119909447905,0.9600376802891215,0.9555183256243095,0.10001516342163086,4,187,221.0,68.0,68.0,10,8,5,4
5.172040216394301,1.865252440466616,1.7315246350344816e-06,0.9882413134997713,0.9664851768193321,0.9886646033125401,0.976985373308959,0.0879056453704834,4,168,169.0,53.0,53.0,7,7,5,4
19.432575742808776,5.156912836184067,2.4954796890154084e-06,0.9643001249703659,0.9497393021603315,0.9650618478153766,0.960034558444488,0.11301541328430176,4,318,381.0,96.0,93.0,10,10,6,5
18.071904990896783,6.020797289396148,2.357148523721288e-06,0.9858745667413543,0.9671316587217789,0.98604081380564,0.9719046333457771,0.10852265357971191,4,508,540.0,150.0,139.0,11,10,8,5
26.82136120085382,7.2082129084353035,3.717677339002116e-06,0.951409019526171,0.9340178092718835,0.951931407877912,0.943245303628523,0.11301422119140625,4,390,450.0,117.0,117.0,10,11,5,4
39.03390620131853,7.999348931840224,4.875186332480325e-06,0.8764691464628306,0.8969433633069387,0.878464605227953,0.9171835783785373,0.10001134872436523,4,358,366.0,108.0,115.0,9,8,5,5
18.132900576943925,4.187033556111056,1.5035295004521313e-06,0.9524787981268532,0.9461551817739183,0.953147299191536,0.9559882520275347,0.10001492500305176,4,257,279.0,78.0,78.0,8,9,5,4
11.010411739197888,4.345735457510807,1.804630988427636e-06,0.9938444303471378,0.9817028786680342,0.9939224925839187,0.9843974010355891,0.10001444816589355,4,459,468.0,141.0,141.0,11,9,5,4
37.3335193447747,8.780304664417972,1.8021171871630315e-06,0.9181808517922044,0.9047743118380739,0.9192552271701055,0.9191250424536158,0.11301398277282715,4,422,417.0,123.0,123.0,10,9,5,4
20.26002838102652,5.430431229040042,1.2101388417405438e-06,0.9819875122789258,0.9729158187579401,0.9823126605867794,0.9765860355675571,0.10001397132873535,4,481,502.0,130.0,121.0,12,11,4,6
96.12730274658358,21.111312133545844,1.180517298972543e-06,0.8475035486556538,0.854366927582235,0.8505513744602164,0.8648709082281887,0.10001063346862793,4,759,708.0,204.0,186.0,13,10,6,5
310.07992921180823,60.76585869823065,7.391422272256806e-07,-0.5025117771037251,-0.1466641794746273,-0.3179929868900524,-0.08419374836730475,0.11301112174987793,4,972,807.0,206.0,187.0,24,12,24,7
73.29220458375674,18.658881160290562,3.816442666142624e-07,0.9812295237763791,0.9749310741096814,0.983561479511758,0.9764201539464306,0.10001230239868164,9,1777,1750.0,407.0,356.0,38,29,32,24
92.18009793087364,25.44423492481334,3.888386238801327e-07,0.9645133048085623,0.9444421887308845,0.9718178637148318,0.9487129425984293,0.10001397132873535,12,1806,1934.0,375.0,393.0,37,37,33,33
121.42826761435813,26.048348959511493,3.822051863277777e-07,0.9664192585557294,0.9692591438317072,0.9716544116406254,0.9710369412052862,0.12601590156555176,9,2247,2455.0,498.0,501.0,39,36,27,32
595.845527358491,120.93675588807227,5.601927474109265e-07,0.8293725348786978,0.8497930721935222,0.8431278028932788,0.8549075847269958,0.12601447105407715,7,4301,5579.0,922.0,1166.0,34,32,31,28
607.1775331961665,127.17775677445258,6.439360350040384e-07,0.7850216116806079,0.8039213947690774,0.8203834995776975,0.8215921587960848,0.10001182556152344,12,4190,3080.0,914.0,632.0,45,38,38,34
405.21089859531855,80.19762823468089,5.606060840051542e-07,0.9440514228361803,0.9533395524718404,0.9477539140215734,0.954748926942457,0.10001158714294434,6,5132,5614.0,1070.0,1177.0,35,30,32,26
702.407693879454,144.00873511517864,1.0176250855420499e-06,0.9116852213168471,0.9194269812676147,0.9153909701271171,0.9210245092480253,0.12601542472839355,5,6718,8026.0,1447.0,1718.0,32,27,27,23
557.9580076474145,114.1038161108726,9.543563536792858e-07,0.9532325750155684,0.9572018974597405,0.9553767661526925,0.9581757774155589,0.12318086624145508,6,7463,8380.0,1601.0,1793.0,31,29,27,25
243.9389747544564,50.023186113403156,1.0091327976374517e-06,0.9914744046376157,0.9924087083755602,0.9918630197970455,0.9925758719169064,0.12917089462280273,6,7610,7561.0,1696.0,1608.0,33,30,29,26
1288.086369284623,269.9091855070009,1.6153861703418469e-06,0.8367263196166099,0.8475703421834386,0.8419956853732031,0.8499571562726365,0.12651681900024414,5,9162,12374.0,2015.0,2733.0,28,25,25,22
578.7830154275161,105.52839478198821,3.572090863263178e-06,0.9724106571127681,0.9809047062676224,0.9732491227230112,0.981193495426926,0.11301350593566895,5,10220,11194.0,2317.0,2447.0,28,26,25,22
457.48780829311954,78.92334722274585,1.694276077245001e-06,0.9885590820184458,0.9928986064132107,0.9888449292491045,0.9929834944323956,0.11302018165588379,5,12639,13630.0,2870.0,3031.0,27,24,23,21
1138.1263019395813,241.60366995005134,2.01723352187467e-06,0.935405283916908,0.9396014103169323,0.9367198980929775,0.940258319110706,0.12601661682128906,4,13489,15975.0,3188.0,3642.0,26,22,21,19
386.2848553511828,62.089239681369314,4.439514441390994e-06,0.9931660459911612,0.996336210081314,0.993330570162889,0.996381352216729,0.11301445960998535,5,14192,14716.0,3205.0,3305.0,27,24,23,21
544.4803524156466,85.70534551590117,5.113319862236336e-06,0.9887811385053932,0.9944020979583217,0.9889817530136543,0.9944540562510152,0.11301422119140625,4,15843,16931.0,3662.0,3874.0,24,22,20,19
181.37660732357557,45.63516649528773,9.502422725798754e-07,0.9989542195437509,0.9986787405622244,0.9989757547097028,0.998692772557673,0.11301398277282715,5,17355,17733.0,4155.0,4066.0,24,23,19,20
417.26598862495115,143.26240186969392,1.0910922407403752e-06,0.994793878086288,0.9878287808740346,0.9948965408283011,0.9879454199212953,0.12202143669128418,5,17922,16751.0,4242.0,3809.0,24,23,19,20
219.52904135899652,47.32885835653902,1.6045480231665507e-06,0.9988699699741886,0.9989918998388368,0.9988865058870625,0.998999402874837,0.12601470947265625,4,20948,21384.0,5132.0,5063.0,21,20,18,17
695.2190901675049,132.39382538472103,1.2789531252285787e-06,0.9896295480972549,0.9929312952335516,0.9897685885317895,0.9929755033432311,0.12601447105407715,4,22060,24340.0,5454.0,5924.0,20,19,16,16
684.471085340109,132.47102670647143,3.7153573889775974e-07,0.9917884512126041,0.9943894243356218,0.9918912478429309,0.9944227662781499,0.10001301765441895,4,25142,27337.0,6391.0,6843.0,18,18,16,15
541.9610033634032,196.02678388424374,4.763978272683556e-07,0.995742790840513,0.9902468049883588,0.9957897073955383,0.990292589227362,0.11301541328430176,4,28141,29756.0,7377.0,7577.0,17,16,14,14
854.8356993695728,247.82693053822862,1.794626021725881e-06,0.9909679700019849,0.9870692220233822,0.9910594462024906,0.9871211704893786,0.10952186584472656,4,31144,34323.0,8587.0,9276.0,15,15,12,12
15.153382460691738,3.427827300200522,2.0026309679894936e-06,0.9675113796389023,0.9670473730529017,0.9679219141042166,0.971996549220161,0.11301422119140625,4,260,294.0,77.0,78.0,11,9,6,5
7.834219807996199,2.1262251370288454,1.2545667212340516e-06,0.9776522327854489,0.9710588686396057,0.978215230637372,0.9779642970839251,0.10001325607299805,4,178,193.0,65.0,64.0,7,8,4,4
19.947326470816417,5.045625167740201,1.2323740136203715e-06,0.9610714522751909,0.9543958594276625,0.9618648330265122,0.9645067483650449,0.11300802230834961,4,351,378.0,108.0,109.0,10,9,4,5
29.264775470406967,6.444474377325121,1.4219019336364271e-06,0.9467185488148678,0.9510516706223702,0.9474118076082821,0.9583614613654516,0.12201881408691406,4,427,452.0,137.0,137.0,10,10,5,4
12.109741257901977,3.0838963449938888,3.349076277087459e-06,0.9542820894884203,0.9387698644453324,0.9559050783361411,0.9584684926883167,0.11301374435424805,4,204,200.0,66.0,57.0,10,8,4,4
26.390497027023446,4.983305462575351,2.1587020091698625e-06,0.957377620545451,0.9727121714989658,0.9580479788562817,0.9777425160143718,0.10001158714294434,4,406,457.0,139.0,139.0,10,9,5,4
117.02888710342701,24.624894246811834,1.7332078378250293e-06,0.6387926346704935,0.6608305840741651,0.6456316724669634,0.6974608392828077,0.10001182556152344,4,627,547.0,164.0,164.0,14,9,5,4
72.35322787086511,14.785973082621245,1.1100739929331549e-06,0.878648595938555,0.903739006487716,0.8814479540149248,0.9128659010451733,0.10001564025878906,4,665,749.0,174.0,170.0,12,13,6,7
195.68714401649726,41.19111959310324,1.830236223045564e-06,-0.053568865165021906,0.08144575363370177,-0.012319372369325121,0.198717980252189,0.12601423263549805,4,623,566.0,177.0,177.0,11,8,5,4
56.234145052338455,13.372568242314147,5.912196365712552e-07,0.965843794794008,0.94918919205493,0.9721698927861278,0.9685269859965041,0.1260218620300293,14,1019,1020.0,260.0,207.0,15,15,7,14
249.379747427425,53.70696604954697,5.433363590485733e-07,0.7233463317436668,0.740994900188827,0.7704294337692189,0.7573976883590325,0.11301517486572266,11,1701,2017.0,371.0,410.0,34,39,28,35
523.3148935180211,107.01017604778424,5.253354210271624e-07,0.3674876519365856,0.46684570270849357,0.4748288764070665,0.4993195137902907,0.12202095985412598,10,2298,3261.0,493.0,669.0,42,39,33,35
318.35764699131926,66.01197349845928,5.369499429925616e-07,0.9228854857268087,0.9283045276886321,0.9303486003575095,0.9310419052448344,0.12601423263549805,7,3546,3983.0,754.0,824.0,36,32,28,28
558.2908282751654,117.62028700395871,5.654008183957477e-07,0.876730296014861,0.8800770021846941,0.8844780335470693,0.8833255092085606,0.11301684379577637,6,4646,5858.0,1014.0,1229.0,34,31,28,27
317.1874212749518,69.37718319726665,6.119918799513349e-07,0.9675630299544916,0.9670571455819682,0.969882968539716,0.9681372702548181,0.12601447105407715,7,5158,4646.0,1168.0,965.0,36,33,31,29
666.2904850936383,137.63781610099977,8.060764506472483e-07,0.9048533636993632,0.9121421716229856,0.9089648640472028,0.9139015836720612,0.12201714515686035,5,6249,7609.0,1380.0,1626.0,30,27,26,24
382.6218828859085,72.2593282996444,8.662118856740045e-07,0.9757024610567777,0.9813053766650162,0.9766661477505514,0.9816514412433281,0.10001277923583984,5,7009,6969.0,1531.0,1481.0,32,27,23,24
587.8521744004767,109.85358677037263,2.2639641097485285e-06,0.9743190428920065,0.9811847838816569,0.9750213976785521,0.9814287643662919,0.11937904357910156,5,10654,11952.0,2397.0,2627.0,28,25,24,22
690.1623226306601,127.71501993027083,2.671863751685051e-06,0.9710201499995315,0.979447776009327,0.9717966728836154,0.9797207630299666,0.1265091896057129,5,11951,13345.0,2694.0,2965.0,26,25,24,21
778.0316459535969,146.6536557227337,1.1870942949433286e-06,0.9669112072076638,0.9758569871770281,0.9677424367036626,0.9761611616254162,0.12759089469909668,5,12757,14649.0,2931.0,3290.0,26,24,23,21
1500.1174224873198,328.48890138531823,1.2358041876791747e-06,0.9031709620374918,0.9042057726341306,0.9049960097671702,0.9051340863475226,0.12052226066589355,4,14560,18412.0,3314.0,4284.0,24,21,20,18
1037.316851304364,209.08119933811997,1.0250100214662287e-06,0.964238429477713,0.971049042703044,0.964844685357512,0.9712976194870988,0.11301708221435547,4,16890,19635.0,3958.0,4603.0,23,21,19,17
500.57320268867767,73.78586698458362,9.408141836073178e-07,0.9934044948433971,0.9971995000504061,0.9935072579434918,0.9972222379198794,0.11301517486572266,4,19474,20759.0,4794.0,4894.0,22,21,19,18
344.5947801403846,67.1462179376719,1.1502873913184976e-06,0.9973350560510358,0.9980923692942157,0.997371924832881,0.9981051857747045,0.11302018165588379,4,21601,22624.0,5257.0,5417.0,20,19,17,16
234.59668404874495,132.2872505824604,6.010319054654063e-07,0.9989261364252314,0.993607791840294,0.9989402846818185,0.993647418598014,0.10001730918884277,4,23423,23260.0,5830.0,5596.0,19,19,16,16
618.0656232013987,120.3536455617361,5.692660801864912e-07,0.9929373473025949,0.9951010155880328,0.9930272066642626,0.9951303530854404,0.10001540184020996,4,24192,26271.0,6193.0,6507.0,19,18,16,15
902.8334102516735,183.35081356059845,6.515297194847217e-07,0.9861032265295948,0.9895825849762212,0.9862678734434372,0.9896362814533451,0.10001611709594727,4,25446,28484.0,6506.0,7225.0,18,17,14,14
808.0727135701753,193.37619855263125,6.377296703378772e-07,0.9895840394552138,0.9893996770892854,0.9897033488452693,0.989451430255606,0.10001182556152344,4,26591,29518.0,6961.0,7555.0,17,16,14,14
1094.8200099407513,249.17488838163447,6.725657936853559e-07,0.9819350858212332,0.9836690674943623,0.9821338124463296,0.9837442725621683,0.12849926948547363,4,27671,31775.0,7390.0,8329.0,17,16,14,13
7.0821077371076475,1.8957188610128877,1.3036547963937859e-06,0.985679097778203,0.9786742491558557,0.9859710220461528,0.9836935791931961,0.09751224517822266,4,217,211.0,64.0,64.0,10,8,5,4
20.93342622060071,4.846605341198448,4.328873054376442e-06,0.9476296502434423,0.9473129687053929,0.9484665017377488,0.9561358718117052,0.10001349449157715,4,303,341.0,89.0,88.0,10,10,6,5
55.826647609661585,13.705610165184183,2.2601584046027875e-06,0.8764171777675576,0.85065570534737,0.8776277667630021,0.8682546632318732,0.10000920295715332,4,508,604.0,153.0,142.0,12,12,6,8
26.862497091670388,7.153815998006472,2.181902894610014e-06,0.9589093993570047,0.9401674455989554,0.9595960597511477,0.9510314541923823,0.10001277923583984,4,412,421.0,121.0,117.0,13,9,6,5
14.459714151162649,5.892261874696338,1.8709453540883097e-06,0.9945775502624952,0.9821726572528883,0.9946346890857256,0.9836001680626042,0.10001564025878906,4,612,637.0,168.0,168.0,11,10,7,5
29.126162351626988,8.121473593710277,1.746421416899919e-06,0.9750090828231364,0.9617391192693604,0.9754328114784662,0.9670276613551277,0.10902023315429688,4,576,583.0,160.0,156.0,9,10,4,4
17.747652426917387,7.2031532447023965,1.017235026693923e-06,0.9923740801245052,0.9734757953930436,0.9925217577575993,0.9763373551120245,0.10000920295715332,4,661,672.0,163.0,163.0,14,11,4,5
71.30443826766091,16.10771036905411,1.3740230229201312e-06,0.8994603721970192,0.8984221579276211,0.9011035417905621,0.9083089543550651,0.10001277923583984,4,678,678.0,186.0,186.0,13,10,5,4
93.48874709468159,20.27441943270715,5.901360890320053e-07,0.8465421764182843,0.8681563527968577,0.8565988036522751,0.8777389680959464,0.10001564025878906,4,841,898.0,226.0,226.0,19,12,5,4
203.45088194361892,42.13479451819967,5.47376221116318e-07,0.658176003654066,0.6730494008309176,0.7007959986659177,0.7208049659437636,0.10847973823547363,12,1185,1394.0,257.0,282.0,31,32,18,27
84.23975948833001,18.913760521870095,4.83320802730611e-07,0.9402337501769646,0.93598411159656,0.9485269375610572,0.9440423505095208,0.10000228881835938,11,1202,1188.0,276.0,244.0,28,25,17,11
124.05519863227138,27.793389996049914,4.3569473792299956e-07,0.926731201232114,0.9289282150690323,0.9400009897256304,0.9344837891112998,0.11301207542419434,9,1704,1773.0,367.0,361.0,39,30,30,26
350.1756860650253,71.50400144203276,4.897682596209148e-07,0.6620956290712741,0.7123617408317461,0.7111109135809353,0.7275768010505432,0.11301660537719727,10,2085,2562.0,439.0,522.0,40,38,31,34
295.4145717982937,62.37611898619711,6.183374594626386e-07,0.7729922513243717,0.7887090732722946,0.8110431419772246,0.8025734356744936,0.11300873756408691,9,2200,1895.0,456.0,386.0,36,33,33,29
389.12805753542153,78.25104348474602,5.173954572621026e-07,0.8274285892797709,0.8561491608151011,0.8458938083937515,0.8620370564163755,0.11301398277282715,7,2939,3734.0,640.0,771.0,34,33,29,30
276.84487886995805,54.227379575747285,3.996726762910443e-07,0.9298248142188481,0.9443355162443103,0.9375402689086866,0.9466970242116752,0.11301302909851074,8,3298,3801.0,702.0,784.0,38,35,34,31
1041.6969051049655,223.16154167824376,1.0236051637062065e-06,0.6413918113510106,0.6343093777945048,0.6595951265633284,0.6426225124423075,0.10001540184020996,5,4986,7420.0,1058.0,1584.0,31,28,23,24
973.5579515911638,200.0447822204244,9.67651260413263e-07,0.7070912669554557,0.7362479621476528,0.7241267198255079,0.7426718356913944,0.11301660537719727,6,5332,7371.0,1144.0,1567.0,34,29,29,26
888.5852919403019,185.30663066501708,9.62315598001532e-07,0.8669765462460182,0.8756248235906866,0.872095579279081,0.8778125665306938,0.12247872352600098,5,6980,9006.0,1564.0,1944.0,29,26,27,23
616.7569170563409,119.78256616843177,1.4616530474298819e-06,0.9706141231582607,0.9766952729890143,0.9714642612849861,0.9770465026410116,0.11301875114440918,5,10465,12021.0,2398.0,2655.0,28,26,23,22
256.7984464619347,32.964733947212835,4.4737788844360436e-06,0.996390020865224,0.998748604233591,0.9964791463213308,0.998763314399827,0.11301493644714355,5,12686,12779.0,2884.0,2830.0,26,25,22,21
623.4672742857184,103.49268980032002,1.4154667800766463e-06,0.9810760032599795,0.9894532000408206,0.9815284319916739,0.9895800582109507,0.10001301765441895,5,13567,15084.0,3161.0,3400.0,25,24,21,20
183.0687820120307,80.35434681852364,1.412136039732244e-06,0.9987055630598978,0.9950093428971754,0.9987341610934884,0.9950666627754461,0.12201523780822754,5,15541,15154.0,3663.0,3412.0,25,24,21,21
524.1361742588148,79.61908010437364,8.590101040209263e-07,0.9924430044016115,0.9965948384373796,0.9925598989891858,0.9966208574745111,0.11301374435424805,4,18965,20406.0,4556.0,4810.0,22,20,18,17
456.34890480493834,217.70325751658686,5.975370757390998e-07,0.9964965014460068,0.9854075352714233,0.9965415244436372,0.9855054686023833,0.08701205253601074,4,25578,25076.0,6697.0,6131.0,20,19,16,16
523.9672481017619,188.2329286194811,5.819511174868585e-07,0.9959772234684222,0.9908279409085075,0.9960230875474524,0.990874868536395,0.10001444816589355,4,28185,29625.0,7449.0,7600.0,17,17,14,14
1264.9559527904519,356.10716434803726,9.142802644227031e-07,0.9819651376083931,0.9769618390751803,0.9821213235471099,0.9770367437431219,0.10001373291015625,4,33229,38379.0,9556.0,11002.0,14,13,11,10
8.804591605141793,3.115819849306653,1.8853810780151618e-06,0.9879984580792436,0.9679228588350526,0.988264683704132,0.9757551541108541,0.10000824928283691,4,278,277.0,88.0,88.0,9,8,5,4
6.918423471668479,3.685557397915997,1.508220807034853e-06,0.9961533258571191,0.979413654898499,0.9961937033399387,0.9822949709435219,0.10001564025878906,4,384,374.0,120.0,111.0,9,9,6,4
16.35192394388705,3.588175023601831,1.369723764480016e-06,0.9391776699661756,0.944166716858399,0.9409083806184461,0.9583403412114804,0.10001373291015625,4,228,241.0,92.0,92.0,6,7,5,4
14.762706391444626,4.400520802511145,2.86109342145467e-06,0.9515584542220239,0.9084168780944405,0.9531426538108849,0.9352538005740435,0.08701205253601074,4,237,228.0,76.0,65.0,9,7,4,4
21.487884183108086,6.243329773980121,4.6050028288359525e-06,0.9751213722183032,0.956750550923857,0.9754937456556976,0.9643159947402806,0.11301970481872559,4,455,464.0,145.0,133.0,9,9,7,4
112.13603160150325,23.924359970540486,3.641015737719113e-06,0.6136793204921488,0.6661317821111592,0.6171922489217999,0.6998340696634278,0.11301279067993164,4,574,748.0,171.0,171.0,9,13,7,9
25.946258561367443,6.174544517614234,3.0630786675193898e-06,0.9740071719028158,0.9733761949114706,0.9743288752388619,0.9768034023704641,0.11301755905151367,4,484,572.0,160.0,160.0,10,10,5,4
29.895651857753496,7.74394925086677,1.6933001847277944e-06,0.9632723553719237,0.9501567746706028,0.9636599125366945,0.9557210897826626,0.11302709579467773,4,497,560.0,134.0,139.0,12,11,6,5
30.688794100344403,7.0622234459127675,1.8193614259074122e-06,0.9593510219258428,0.9571361428795238,0.9599034102053606,0.9632591046516982,0.10022258758544922,4,458,504.0,137.0,139.0,9,10,6,5
25.388850899558253,7.087253817006038,1.6573851854475957e-06,0.971344118647463,0.9544865654293475,0.9717725626407712,0.9620704738775924,0.10001397132873535,4,476,479.0,151.0,151.0,11,9,5,4
35.10045108921916,8.29219010073133,1.6100523957075836e-06,0.9584373962112748,0.9542494758546601,0.9591104911822689,0.9586911741919528,0.1090242862701416,4,528,572.0,145.0,136.0,17,11,6,6
115.01935321024555,25.073226092121985,7.953645533492533e-07,0.9249129009149374,0.9225538199687796,0.9285882307958354,0.9345548331679947,0.11301827430725098,7,1268,1371.0,321.0,306.0,20,17,7,7
36.14215759408333,12.276897907135265,4.741661267127962e-07,0.9909990381328817,0.9766323768625217,0.9918810558066657,0.980328581855635,0.11301922798156738,10,1238,1216.0,275.0,260.0,20,20,8,10
101.85550293558454,22.096379793984354,5.443453964236691e-07,0.954245655125473,0.9556115843815429,0.958584183257244,0.9594024247324127,0.12216043472290039,8,1508,1523.0,333.0,310.0,29,24,11,19
515.6248532094936,106.65843382206747,4.779650632136536e-07,0.8289036570749176,0.8429539350626291,0.8443913302232047,0.848832469191598,0.12601590156555176,7,3843,4817.0,838.0,1003.0,37,34,30,30
596.9087121480954,120.8632073611197,1.27361065094249e-06,0.9418144339508163,0.9485073590449601,0.9444585410389152,0.9496085711272034,0.10001468658447266,6,7081,8428.0,1578.0,1804.0,31,29,28,25
276.03312705913135,52.74507136398139,1.1655369808700345e-06,0.9891149929025393,0.991485405065663,0.9895783656984851,0.9916545908419783,0.11301612854003906,6,7706,7607.0,1742.0,1621.0,29,28,26,24
535.9554675137615,109.09619125967882,1.7762068079809049e-06,0.9674187611916754,0.9709479843067744,0.9685120388982357,0.9714146572554383,0.10001659393310547,5,8709,7778.0,1882.0,1663.0,32,28,26,24
1437.3065993088137,308.734733090831,1.4107508215517235e-06,0.836658085682345,0.8410037990658403,0.8404452011560338,0.8427973763912057,0.10001540184020996,4,10408,14014.0,2308.0,3158.0,26,23,21,19
200.92871215538375,30.65169352237285,4.2531419055360675e-06,0.9972496689075053,0.9986723648892394,0.9973239394964323,0.9986897803993693,0.11903119087219238,5,11352,11669.0,2542.0,2558.0,27,26,21,22
966.0627472265699,227.8490728530621,1.4357784072040005e-06,0.943253870849318,0.9345251828360521,0.9447212249156139,0.9353894100934271,0.11301374435424805,5,12093,9475.0,2718.0,2052.0,28,26,23,22
1265.913014553791,267.9054948422422,1.0793761392740198e-06,0.9419423512837402,0.9480241911670186,0.9429111446601157,0.9484385805305392,0.11301231384277344,4,16135,19740.0,3803.0,4647.0,22,20,19,17
372.38330107117673,40.9109805960861,2.3824291687795026e-06,0.9959503284332316,0.9990411317728598,0.9960141951225592,0.9990487712494622,0.10902142524719238,4,18355,19051.0,4421.0,4444.0,22,21,18,18
669.8643363895907,120.76108472241103,4.834914998927018e-07,0.9881612492023116,0.9925380645219751,0.9883342389040767,0.992588536070746,0.11301445960998535,4,19613,21443.0,4765.0,5104.0,21,19,17,16
662.3315351846082,120.97856215049012,9.493835275256093e-07,0.9908346970046259,0.9941765990776992,0.9909569768413485,0.9942126967411983,0.10001325607299805,4,22389,24531.0,5553.0,5979.0,20,18,16,15
1278.0202422431867,275.50398893059,8.303192950301655e-07,0.9673826917957364,0.9718667281695137,0.9677979797488571,0.9720338872721979,0.10001707077026367,4,23040,27292.0,5859.0,6852.0,19,17,16,15
559.5074936197608,239.5579261890535,7.796056364614689e-07,0.9940700260266319,0.9800480467298425,0.99414767770784,0.980179723180465,0.10001182556152344,4,24048,22728.0,6156.0,5448.0,20,19,17,16
632.7817142717279,134.2477498259592,9.33933777511232e-07,0.9930201812643555,0.9943374777661323,0.9931018043008829,0.9943656177386518,0.10001420974731445,4,25210,27462.0,6555.0,6883.0,18,17,15,14
677.0574354021476,229.89515273271857,1.3026986416260853e-06,0.994153656555369,0.988634468064151,0.9942128393040159,0.9886804976417263,0.11301279067993164,4,30719,33201.0,8473.0,8790.0,16,15,13,12
10.112904297645327,2.6516504294495533,1.8497072823040749e-06,0.9858241022027653,0.9779391863713196,0.9861190982220839,0.9831904689211692,0.10051441192626953,4,288,294.0,84.0,84.0,10,8,5,4
23.847388047051748,5.651327277728657,1.8679191298625273e-06,0.9565559992905552,0.9525584975826007,0.9574920027815546,0.96425361465793,0.1090230941772461,4,372,400.0,126.0,118.0,10,8,4,4
9.555757426808196,4.321699125729755,1.7643566281491072e-06,0.9967123051337884,0.9871036410141797,0.99674936865868,0.9885984093986243,0.11301708221435547,4,530,545.0,146.0,154.0,11,10,7,5
59.43203401084862,12.478731906728344,1.6943712990133262e-06,0.812340959032996,0.8381143481884334,0.815335664847999,0.8591789441953351,0.10001826286315918,4,432,417.0,130.0,130.0,11,9,5,4
50.19918658039524,12.526222495229757,1.1221991692611897e-06,0.9478761749607533,0.9403219215934492,0.9487851866425934,0.9466240972906317,0.0870206356048584,4,728,799.0,216.0,216.0,10,11,5,4
22.689479941153344,7.723071496065107,1.368233938945388e-06,0.9879701595294295,0.9735348493251987,0.988175262223645,0.9761631784049553,0.11301875114440918,4,611,678.0,176.0,165.0,12,11,7,5
23.586498609727276,9.050782654923642,1.0930626043323072e-06,0.9916158266029592,0.974227293149895,0.9918619046141408,0.9762847454188229,0.10001063346862793,4,809,844.0,219.0,198.0,13,12,8,4
476.58946876649554,98.35074765967664,8.199640451719141e-07,0.5287541114025105,0.5918650772553191,0.5981522418925275,0.6164006019435906,0.11301636695861816,8,2382,1860.0,501.0,381.0,35,28,31,24
309.0607967487247,65.77340879373537,5.341921878910909e-07,0.8951876198539777,0.9024672749868112,0.9067162587608935,0.9065133296893251,0.12202167510986328,8,2968,2602.0,635.0,534.0,33,31,33,27
242.1372230422425,45.28964753575637,4.811964668498242e-07,0.941047578030733,0.9575632582970012,0.947757655174686,0.9593745125957654,0.12601399421691895,8,3156,3190.0,692.0,656.0,38,34,34,29
262.9554812252123,52.2356566895376,7.889584386900188e-07,0.9829305769251947,0.9855072388671653,0.9837606750971553,0.9858121777798972,0.11301565170288086,6,5762,5767.0,1220.0,1214.0,33,29,27,25
1037.6455180130793,217.19915672997104,1.230266316227279e-06,0.8147248045539477,0.8236498726511202,0.8219136549235346,0.8269232818997854,0.11301088333129883,5,6817,9310.0,1545.0,2013.0,29,27,26,23
313.13067727808397,58.79321478932036,1.0553039002556403e-06,0.9850802741386436,0.9885491276623907,0.9856222110829601,0.9887428302741974,0.11301302909851074,5,7251,7366.0,1595.0,1570.0,30,27,26,24
973.1555942018294,197.52436225491408,1.2764307608356191e-06,0.8776288812996099,0.8936921810480882,0.8816586043568801,0.8952899843282963,0.12203192710876465,5,7944,10411.0,1744.0,2273.0,28,26,26,22
314.37317750858153,58.709454093868054,2.1927672483824267e-06,0.989727177270795,0.9924419255492819,0.990058107865328,0.992560647501652,0.12601542472839355,5,8971,9011.0,2031.0,1945.0,29,27,25,23
701.4233742897367,134.39924199935058,1.3012435613519048e-06,0.97303872170993,0.9795283623713245,0.9735738420018846,0.9797318912739922,0.12202000617980957,4,12888,14135.0,2939.0,3188.0,24,22,23,19
368.8807395351511,61.0162205209948,3.535881704514433e-06,0.993128389732363,0.9961447158321346,0.9932611937706869,0.9961821909402258,0.11301612854003906,4,13467,13383.0,3047.0,2998.0,25,23,21,19
661.5561358141373,119.33679580637873,1.0398703725363886e-06,0.9811207043313207,0.9876278533753283,0.9814721264938683,0.9877494886813043,0.12601733207702637,4,14701,16246.0,3482.0,3717.0,24,22,20,19
924.6587763232332,188.84173267580448,1.5687549256170773e-06,0.9669766574047282,0.9720508076020031,0.9676738886629385,0.9723372479955263,0.12601947784423828,5,15607,17984.0,3608.0,4160.0,24,22,21,19
566.0010214213398,89.83416434371354,1.1797282573281766e-06,0.9893313740835951,0.9946765658889579,0.9895052494889005,0.9947188696513476,0.12601447105407715,4,17021,18443.0,4092.0,4282.0,22,21,20,18
467.1479958214527,61.00913524492323,8.860987016745351e-07,0.9933737791771715,0.9977774957341068,0.993479083179657,0.9977953252155909,0.11301589012145996,4,17888,18758.0,4290.0,4381.0,22,20,19,17
550.1080196955261,87.61177384727847,1.7891467598716791e-06,0.9915065222266727,0.9958027217812733,0.9916334430295305,0.9958327169803217,0.13901591300964355,4,18767,20381.0,4530.0,4811.0,21,20,17,17
263.6888159681155,109.4612279150324,8.57792752816167e-07,0.9982924535354095,0.9943458705879897,0.9983178795268238,0.9943901709927329,0.1374216079711914,4,20331,19754.0,4976.0,4630.0,22,21,18,18
623.346989043823,111.66514302443116,1.5209322045121052e-06,0.9912613068285916,0.9947420394905444,0.9913784658404903,0.994774284132539,0.10217785835266113,4,21587,23590.0,5427.0,5710.0,19,18,16,15
595.4678307851735,174.78731122900962,8.143150603165578e-07,0.9946735484198217,0.9918510439108346,0.9947328185535613,0.9918898001149826,0.10001444816589355,4,27641,29765.0,7177.0,7604.0,17,16,14,13
928.431977852982,217.70167852667865,3.000852781855072e-06,0.9875998582719995,0.9882741262917017,0.9877302649484201,0.9883233738081559,0.1130208969116211,4,28478,32010.0,7739.0,8400.0,16,15,13,13
690.7125170792839,190.6315709250001,8.844024099331416e-07,0.9936117045079622,0.9916573126898657,0.9936782332040835,0.9916921343158243,0.11301946640014648,4,29818,32399.0,8259.0,8528.0,16,15,13,13
948.3260196700992,282.431592012414,7.786486492093822e-07,0.9895557075782855,0.9845339963269842,0.9896507263333948,0.9845851982712551,0.10001564025878906,4,32535,36257.0,9181.0,10125.0,14,13,11,11
9.440603794249602,2.445233458520202,1.2889920018769874e-06,0.9678391808688984,0.9534628789945333,0.969109829107242,0.970754557881774,0.11301612854003906,4,192,197.0,68.0,51.0,8,8,4,4
12.589678312014172,2.449489742783178,1.8898748380540628e-06,0.9805699384171215,0.985226207664546,0.9808839751894199,0.9884631469650866,0.11301612854003906,4,288,318.0,98.0,89.0,11,9,4,5
10.214368964029708,3.072051431861127,1.254570202107559e-06,0.9720657270721225,0.9532845209858719,0.9728448670034254,0.9653942099853364,0.10000991821289062,4,222,235.0,70.0,69.0,9,8,4,4
16.546965985742926,6.052719774338365,2.5126117455483908e-06,0.9812443713268406,0.944642505804116,0.9816812856767154,0.9592082621768615,0.12201857566833496,4,404,413.0,124.0,115.0,10,8,4,5
28.431936268921255,6.547900426854397,2.488850557125879e-06,0.9427519827989395,0.9360899233618004,0.9436938816194698,0.9484189518996701,0.10001468658447266,4,375,382.0,134.0,134.0,11,8,5,4
10.158637539880369,4.226651550971919,1.7587905465205924e-06,0.9922379676897831,0.9716858866940177,0.9923397237192657,0.9766452979086306,0.10001039505004883,4,386,382.0,108.0,108.0,10,9,5,4
31.992837740135943,8.154114503324891,1.7113239827488976e-06,0.9293200005997297,0.9101349673745619,0.9305664155942319,0.922917507724854,0.11301612854003906,4,384,389.0,117.0,107.0,12,10,4,4
73.12524928732437,14.55055840852852,1.0521111617694369e-06,0.8595465967940422,0.890082751148971,0.8620698812903712,0.898419954249247,0.10001587867736816,4,604,591.0,164.0,156.0,12,10,6,5
40.78028016088168,10.217427921611844,8.17241274745215e-07,0.9722859070298796,0.9659836420871818,0.9731295460349307,0.9680572687084261,0.10001754760742188,4,786,764.0,205.0,189.0,17,11,7,5
74.00861250742865,17.555250302596463,5.789059152223441e-07,0.9591101273144311,0.9437115256021639,0.961926776668078,0.9551452378645078,0.11301708221435547,9,1164,1167.0,254.0,248.0,16,17,9,9
48.900693019401864,11.619428174876383,5.772831822434046e-07,0.9827195440230334,0.9763941644183068,0.984195766020786,0.9810416007597963,0.11301326751708984,10,1171,1179.0,269.0,255.0,16,17,8,10
125.62272471777247,23.76247403815085,4.3572413019566936e-07,0.816193562770529,0.8491375384879962,0.8460960603125729,0.8890705509940815,0.12601256370544434,13,1082,1068.0,245.0,228.0,19,18,12,13
182.41109886397825,37.04597811344738,5.434075687658655e-07,0.853873312293455,0.8820511516281708,0.8738494443240311,0.8888003617993993,0.12202978134155273,11,1631,1901.0,359.0,387.0,34,36,27,32
295.8839083729336,61.249316105604436,5.614889744156725e-07,0.9419866459206325,0.9469123542474726,0.9462892443272791,0.9485122305174716,0.11301660537719727,6,3610,4200.0,769.0,872.0,36,30,27,26
217.95609350429314,42.88546424463959,5.011026804931398e-07,0.9767690457882795,0.9807550048954479,0.9788727548921274,0.9815556536988613,0.12251830101013184,8,4368,4304.0,910.0,893.0,39,34,39,30
526.4394102188579,105.43873252173262,8.509790138999324e-07,0.9245544046981998,0.93556727213135,0.927891984222141,0.9368248150841008,0.11301159858703613,5,5489,6354.0,1201.0,1351.0,31,26,28,23
269.05735764354716,50.0630453592098,7.88119867859273e-07,0.9843483726574644,0.9883453215608792,0.985132529220524,0.98861909179025,0.10001492500305176,6,6305,6200.0,1371.0,1308.0,34,30,30,27
607.9203202636622,121.01522305283048,2.1259290685317874e-06,0.9610815708371261,0.9674887201900721,0.9622430655680535,0.9679214931997175,0.1218252182006836,5,9002,10349.0,2019.0,2264.0,28,25,24,21
293.3741458848823,60.67931235082037,5.664775304327328e-06,0.9951424556285505,0.9957477053340825,0.9952638914997977,0.9958030056990879,0.11301612854003906,5,12581,12478.0,2890.0,2769.0,27,25,23,21
1292.1935968215703,274.049474699977,1.0379896173342004e-05,0.9314556543904252,0.9373703021325913,0.9326842895805804,0.937928267293335,0.11301565170288086,4,15054,18355.0,3557.0,4279.0,23,21,19,18
541.9495575389528,108.23566109805647,1.074688796070661e-06,0.9921473126789945,0.9939048927022048,0.9922581492686081,0.993944692257555,0.10902190208435059,4,19437,21169.0,4688.0,5040.0,20,19,17,16
364.01964518873615,123.93273545220676,2.006781409096452e-06,0.9974902877304758,0.9946473388755003,0.9975210387983117,0.9946761998165343,0.10001468658447266,4,23935,25119.0,6082.0,6174.0,19,18,16,15
390.50109368178045,150.9240634115934,4.1621615626545217e-07,0.9972674624031255,0.9925604931145541,0.997301325315511,0.9926031256142588,0.10001444816589355,4,24784,25856.0,6342.0,6399.0,18,18,16,15
706.0864854959341,151.54148909347126,4.296772174837061e-07,0.9913789303833868,0.9928995152149579,0.9914840792344762,0.9929397689898599,0.10001397132873535,4,25187,27780.0,6515.0,7001.0,18,17,15,15
576.3162380585853,182.6854081018332,4.846130173871551e-07,0.9953063203228097,0.9918707363294654,0.9953550389442627,0.9919032605279762,0.10901856422424316,4,28917,30750.0,7715.0,8007.0,16,15,13,13
1133.8282497803625,327.7304055927677,9.101237204706261e-07,0.9860841514629187,0.9816091785121256,0.986198105933108,0.9816674972161092,0.11300992965698242,4,34302,39157.0,10173.0,11348.0,13,12,10,10
17.23519896413538,3.9024564913226985,2.953205720572364e-06,0.9577167555853936,0.9610503355145945,0.9587645168472261,0.9695163334696272,0.11301660537719727,4,288,317.0,107.0,96.0,9,8,6,5
9.557392426807638,2.5617376914898995,1.5076893710304496e-06,0.9743580371280651,0.9646622463312541,0.97541977276198,0.9758405476142541,0.11301350593566895,4,216,231.0,79.0,71.0,7,7,4,4
30.03001970251324,6.301454858469855,2.4090111842342047e-06,0.9209868107520048,0.9300490561882975,0.9226619628569455,0.9472435078860022,0.11033082008361816,4,357,413.0,112.0,102.0,9,10,4,5
15.37347553417899,5.402545696243577,2.5178228917122776e-06,0.9940172268743036,0.9847235149409319,0.9940988011897591,0.9868342064794875,0.10040044784545898,4,591,634.0,170.0,170.0,12,10,5,4
60.65596288357257,11.378433547725276,1.7679271176559782e-06,0.8964064079747867,0.9218012893784974,0.8978253702106919,0.9335592749199493,0.10903048515319824,4,573,574.0,163.0,160.0,12,9,6,5
36.27125813459835,8.09963990969146,2.0276712926802523e-06,0.9325116089351841,0.9324953232472156,0.9335756009252313,0.943230017313132,0.10000848770141602,4,465,447.0,132.0,132.0,10,9,5,4
70.98650106416947,16.801537628046628,1.525483184479385e-06,0.8987284460367564,0.8910625023867763,0.9002727791574676,0.9043684593628236,0.10001540184020996,4,698,684.0,212.0,212.0,12,9,5,4
37.372143146109956,9.859428651465223,1.1085088207946362e-06,0.9640660668694172,0.9512863862754144,0.9649565606249855,0.9545075988689493,0.10000920295715332,4,639,637.0,163.0,159.0,16,12,7,4
97.35004494092439,21.403124771864505,8.137091458060128e-07,0.7623338406972946,0.7944279437121627,0.7754547165086518,0.8086683667251853,0.11149048805236816,4,706,707.0,179.0,179.0,14,12,5,4
64.21383547699567,17.234594570224157,6.57555660357659e-07,0.9127108840971732,0.8805098862939893,0.9209305499979282,0.8864711515293011,0.10240602493286133,4,833,873.0,188.0,188.0,17,17,7,9
344.4929546933193,70.09517339541527,1.5886257108211872e-06,-2.8311718296108226,-2.0409339916375333,-2.3559432015871784,-1.7837194902148439,0.10904359817504883,4,687,518.0,157.0,143.0,17,9,17,4
126.77515434435938,29.089185669103326,6.201321211917958e-07,0.832366598917209,0.7967735626461618,0.861380907387158,0.8522031926324197,0.1130063533782959,17,1068,1104.0,241.0,223.0,25,29,22,24
93.7031787843172,23.417847988139396,5.404387787878161e-07,0.9497844598260656,0.9325694098991855,0.9540445674910922,0.9413072785196271,0.11301302909851074,9,1369,1465.0,305.0,299.0,25,25,19,21
201.1369832266194,41.2343160147504,4.594340337800667e-07,0.9063874082639191,0.9171292532483586,0.9153030457238309,0.9205163043717299,0.1220240592956543,7,2067,2040.0,478.0,418.0,31,27,31,23
656.4932778886952,136.35770573401226,9.868851691019774e-07,0.5776947333736431,0.6147248750745027,0.6175564632109117,0.6281176521444352,0.13901329040527344,8,2988,4389.0,630.0,910.0,39,34,31,30
218.61702645338298,44.74133697200558,4.59535830490631e-07,0.9688299270302184,0.9717680087494537,0.9709261523814895,0.9725590954625739,0.12203240394592285,6,3679,3835.0,754.0,796.0,35,30,32,26
175.64093808231263,35.02561174713255,4.827777723780842e-07,0.9770654489900198,0.9803309176611787,0.9793390049614819,0.9810729463238266,0.12601375579833984,8,3548,3655.0,783.0,755.0,37,34,35,30
398.5902151012592,79.90133543474302,5.944519981302342e-07,0.9251142891842308,0.9344848266639478,0.9298533140281218,0.9361302826821919,0.11301660537719727,6,4207,5023.0,886.0,1051.0,34,30,28,26
561.7791551392204,112.62345472054874,6.998264936279028e-07,0.8863970423764224,0.9024800138506743,0.8924433389671964,0.9046177065036894,0.10000920295715332,6,4716,6002.0,1038.0,1265.0,30,29,27,25
659.2538765029831,136.55405715802,1.1925330026570554e-06,0.9149389178849192,0.9214057992200346,0.9181214270009553,0.9226932652102942,0.11002278327941895,5,6409,7912.0,1380.0,1698.0,30,26,24,23
1058.8951839187464,226.55655736307995,1.3138940799961318e-06,0.8392348704981818,0.8395391421380276,0.8447563745210808,0.8420158784126823,0.11301493644714355,5,7530,10171.0,1679.0,2220.0,28,26,24,22
425.85994732639756,84.41838163513167,2.7003736152050655e-06,0.9819209627780797,0.9847443133397368,0.9824657323429279,0.9849505572152254,0.11302018165588379,5,9239,8482.0,2030.0,1827.0,29,26,25,22
855.8878492690008,170.06605527822046,1.9356583960522605e-06,0.9413928430262317,0.9520848315556399,0.9430151037866634,0.9527290644699384,0.11301660537719727,5,10414,12584.0,2352.0,2797.0,27,25,23,21
792.1081797463353,151.52290082256283,1.6317989987470354e-06,0.953386371157199,0.9646509609729864,0.9546543014061689,0.9651179434138344,0.10001230239868164,5,10787,12647.0,2496.0,2805.0,27,25,23,21
491.63622434004327,109.5134124205798,3.2347996695347034e-06,0.9876410404580618,0.9873380371677822,0.9878717338476648,0.9874520331347789,0.10451626777648926,4,13338,12195.0,3069.0,2714.0,24,22,20,19
1012.0756260856531,206.46867195775732,1.3548299127943174e-06,0.9658103141288866,0.9720086970164747,0.9663499798470925,0.9722210418490661,0.11301755905151367,4,17160,19816.0,4122.0,4681.0,22,20,19,17
850.8008727075919,164.73580490186907,1.0914607196504541e-06,0.9808904523096181,0.9864579539082109,0.9811577185723074,0.9865446451123205,0.12601757049560547,4,19542,22377.0,4867.0,5404.0,20,19,16,16
381.13751072720896,116.54241895836326,1.1800604318281548e-06,0.9975925224941403,0.9959708046022138,0.9976198962443402,0.9959899520982738,0.11301374435424805,4,26119,27313.0,6822.0,6877.0,17,17,14,14
771.7890134291885,221.0194655831623,4.830423984916145e-07,0.9917615388196445,0.9884815713673972,0.9918449970134947,0.9885274490830017,0.11301255226135254,4,29326,32247.0,7979.0,8478.0,16,15,13,12
630.1926623395949,216.44213526175227,4.731402802884712e-07,0.99478096419397,0.9897391014198321,0.9948330463393635,0.9897790516498569,0.11301565170288086,4,30416,32421.0,8424.0,8567.0,15,15,12,12
1008.3274930960345,297.99577038385405,6.776543351304302e-07,0.9883106068560141,0.9832777836105782,0.9884135365424227,0.9833318510835849,0.11301398277282715,4,32988,37052.0,9290.0,10363.0,14,13,11,11
937.317965660533,303.5433281812225,1.05927919896377e-06,0.990392703513542,0.9840998267100073,0.9904786836236487,0.9841519354722313,0.10000872611999512,4,34248,38069.0,10051.0,10753.0,14,13,11,10
13.367014750247467,4.319288135792749,9.48688477602977e-06,0.9709230035098187,0.9418352268729262,0.9716454049356203,0.9566511762997386,0.10001277923583984,4,297,304.0,91.0,84.0,9,9,6,5
12.450736256677086,4.200694387042853,1.3491075942945044e-06,0.9792384330105474,0.9507833403495561,0.9797828961263488,0.96316490446033,0.10001540184020996,4,310,322.0,96.0,87.0,8,8,4,4
10.154022191558706,3.248397040592996,3.1347671868562794e-06,0.9834070527569556,0.9680354985825219,0.983847403822656,0.9761117357641981,0.10901856422424316,4,286,285.0,90.0,79.0,8,9,3,4
21.42088155671159,6.1677926899877775,1.5294912175892054e-06,0.9615453107098975,0.930006454486487,0.9624959798116839,0.947861016772991,0.1260082721710205,4,373,391.0,107.0,98.0,10,10,4,5
17.4451521441727,3.9157800414902435,1.7528971301545907e-06,0.9679329914108236,0.9641351388941058,0.9685308138222799,0.9725859018530589,0.10001039505004883,4,313,311.0,96.0,96.0,10,9,5,4
70.10706098532444,15.116561006613464,2.4880526861558427e-06,0.7722998199557245,0.8016844773320474,0.7761487976667933,0.8365424644228194,0.10901856422424316,4,469,476.0,152.0,152.0,9,8,5,4
73.03430985959042,14.417509609267938,1.7715791107903818e-06,0.9181875407049657,0.9336254854187283,0.9193995221983717,0.9406275685345453,0.10001683235168457,4,759,761.0,227.0,227.0,13,10,5,4
41.57936687829674,12.562344526401112,9.47821367208222e-07,0.9807615165650102,0.9643226565334245,0.9812776652800876,0.9669140751324354,0.10001420974731445,4,908,939.0,247.0,244.0,15,12,7,4
162.33880894255967,33.57363383503324,4.1187497092791827e-07,0.8853855392758849,0.9002991605029513,0.9019485649633724,0.9066031121868074,0.1350266933441162,10,1634,1509.0,359.0,307.0,36,30,28,26
260.1049622707138,50.90904814269953,4.456552652247712e-07,0.8339159640447651,0.8735793478379305,0.8518340597647301,0.8794933909776137,0.12601089477539062,7,2095,2583.0,455.0,530.0,36,30,25,26
297.6682074090676,60.6191459116988,6.517349904492199e-07,0.9552829978209016,0.9601735588299779,0.9579641677147795,0.9610959315502209,0.11745905876159668,6,4108,4609.0,860.0,963.0,33,29,27,25
456.9848471641422,89.53325807249097,6.033299441166468e-07,0.9212620203133681,0.9354605847035626,0.9266778669622386,0.9373742824150353,0.10515165328979492,7,4833,5690.0,1017.0,1195.0,35,32,27,28
268.2958433790358,59.34186925610374,1.262790464005547e-06,0.9760738716106354,0.9752887011463844,0.9774154161471252,0.9758746516350153,0.10901808738708496,6,5013,4718.0,1100.0,985.0,31,30,27,26
465.3684977624478,94.97022736637786,9.337172053453325e-07,0.9385155776827591,0.9446439334021113,0.9424424591884988,0.9462360433019859,0.12601375579833984,7,5424,4627.0,1172.0,964.0,35,32,29,28
1257.812512177182,270.1181807634343,1.149334431397667e-06,0.7055644192153707,0.7057497808995186,0.7165331840972153,0.7106592578104516,0.12389087677001953,5,6664,9674.0,1457.0,2112.0,29,25,25,22
564.9061297984568,130.48594041183628,9.353022883781291e-07,0.9669729621233664,0.9624831396033303,0.9683836284015561,0.9632961968928672,0.11589574813842773,7,9034,7608.0,1990.0,1623.0,32,30,26,26
420.19707155972475,71.53916851333224,3.7283131008117774e-06,0.9866348483809876,0.9918644523595059,0.9869828933642454,0.9919612662447423,0.11588788032531738,5,10642,11372.0,2413.0,2503.0,26,25,23,21
161.11849186562242,46.08036458189106,9.91406573701429e-07,0.9988292818955306,0.9980519682297884,0.9988548597953879,0.9980725958265305,0.11588811874389648,5,14324,14097.0,3347.0,3174.0,25,23,21,20
1157.6242688872182,250.38751216863832,1.1493252103953458e-06,0.945944199738297,0.9489438582640609,0.9468454585044299,0.9493394066458607,0.13152408599853516,4,15286,18551.0,3582.0,4347.0,22,20,20,17
918.2703850173978,216.25674363280945,6.886896004170303e-07,0.9865769090516344,0.986748708454273,0.986721057033399,0.9868042253259123,0.11583113670349121,4,26854,30100.0,7103.0,7846.0,16,15,14,13
8.99652710772329,3.010398644698074,1.12235593003173e-06,0.9850293812842701,0.9660268913100514,0.9853615846836282,0.9740518795386842,0.11588597297668457,4,259,268.0,77.0,78.0,9,8,8,5
10.929223058692996,3.1507274292349274,2.317850306797906e-06,0.9827699394080773,0.9717611500985248,0.9831504611508807,0.9782999947173124,0.10026335716247559,4,294,296.0,91.0,91.0,9,7,5,4
68.87420598453386,14.015987894781682,1.918530702172134e-06,0.8008656401188599,0.8364371444040741,0.8042073288622902,0.8644514004831853,0.10026121139526367,4,513,488.0,146.0,143.0,9,8,4,4
67.380990766437,15.31135199778256,2.351129058961109e-06,0.9054325724542047,0.9081642021562737,0.9067152551474822,0.9183973775775747,0.1002655029296875,4,693,769.0,211.0,196.0,9,11,6,5
30.784364267162207,8.419966349893171,1.3147965945537224e-06,0.9862991765856883,0.9785810320564954,0.9865255744210926,0.9807376173672313,0.10026264190673828,4,801,797.0,204.0,195.0,15,11,4,5
103.38459749885376,20.468471690219896,1.3212888581544198e-06,0.8424045678596116,0.8682897755926742,0.8458850060183136,0.8802111250626531,0.10026073455810547,4,806,736.0,201.0,190.0,16,11,8,4
147.75430055782923,29.353094669330297,6.141646792647801e-07,0.5691106908756884,0.6776677015774365,0.612528986933615,0.6970122219673942,0.1158897876739502,4,840,801.0,195.0,193.0,24,13,7,4
244.4971139086869,48.76639509254893,7.262788385008528e-07,0.7448350123039075,0.7775156630306183,0.7620754015954001,0.7982023550567743,0.11588883399963379,7,1555,1388.0,328.0,328.0,24,16,8,7
168.04054978970515,35.90126876450328,5.522060176972841e-07,0.9039249147477044,0.9113602596181649,0.9155580057117193,0.91644904762457,0.11589598655700684,9,1785,1695.0,377.0,346.0,31,28,30,23
249.7982411673921,50.991354949343055,6.863966626779231e-07,0.9746318315761947,0.9770390347792024,0.9762745214984343,0.9776511589191725,0.11589503288269043,7,4520,4965.0,979.0,1037.0,33,31,29,27
907.9889281357022,187.93047039298247,9.039823282331692e-07,0.8000154351271008,0.8146609882943096,0.8102077308440758,0.8188305025408925,0.10026407241821289,6,5779,4045.0,1242.0,842.0,34,29,29,25
334.38687017789505,52.939588211469875,2.1009538534832125e-06,0.9918828267485656,0.9956775858608662,0.9920917851933893,0.9957270533052562,0.11589694023132324,5,10900,11334.0,2417.0,2499.0,27,24,22,21
805.0058876596287,153.64393360407476,1.0122817268473578e-06,0.9677479232043245,0.9763954686913241,0.9683516759705619,0.9766218118577482,0.10026288032531738,4,13522,15688.0,3200.0,3586.0,23,22,20,19
692.9424353797363,114.15577806956013,1.358912051419927e-06,0.9859740182624813,0.9927372827822093,0.9861747926180731,0.9927848433403014,0.10026431083679199,4,18596,20582.0,4491.0,4902.0,20,19,17,16
459.2596737322652,100.82384597240211,1.3261914499680696e-06,0.9960209350733277,0.9964695474052514,0.996067599585745,0.9964864014612882,0.10026216506958008,4,24261,25665.0,6074.0,6379.0,18,17,15,14
799.0616567261878,260.2847999467762,7.561220222097998e-07,0.9923906687331481,0.9867729608972624,0.9924593133825887,0.9868160574129424,0.1002650260925293,4,32386,35325.0,9059.0,9767.0,14,14,11,11
11.16122379789361,2.850438562747845,1.0732309013980398e-06,0.9749773888194352,0.9621308478330682,0.976077059912872,0.975402515755004,0.10026788711547852,4,243,243.0,85.0,74.0,7,7,3,4
13.775355409813086,5.501893613414688,1.7882396116927583e-06,0.9765803576861731,0.9086273667220408,0.9771280938860797,0.9353871302547427,0.10243678092956543,4,303,308.0,91.0,77.0,9,9,4,5
17.382342573236016,5.251983752196243,1.5091181408525188e-06,0.9601017515834493,0.9231482701951647,0.9608393760977895,0.9399320242839764,0.11989355087280273,4,315,331.0,91.0,87.0,9,9,6,5
27.015427691105195,7.020802423275182,5.5594907030365e-06,0.9691998732486982,0.9560940150511222,0.9696395365755013,0.9642432771958327,0.10026407241821289,4,498,526.0,155.0,155.0,8,9,5,4
31.082886502597106,7.027475838924433,4.804906687761469e-06,0.9326291414010814,0.9235211434457461,0.9342851530804155,0.9446298744776422,0.11089444160461426,4,383,411.0,130.0,112.0,10,8,4,5
40.634550159521474,10.233726919684083,2.339468613380283e-06,0.9200389769967618,0.9020920015690697,0.9213658779541992,0.9204668140780858,0.11588859558105469,4,479,454.0,146.0,130.0,8,8,7,5
32.725818044269985,7.071804343070209,2.627942294705142e-06,0.9616758297760712,0.9605087822238795,0.962167690997634,0.9668109169339675,0.11589360237121582,4,534,504.0,145.0,137.0,10,10,6,5
145.24849396809594,29.797755787978396,9.092833161028966e-07,0.307112971140726,0.5046805976075843,0.351006286906694,0.5532214427500078,0.10026431083679199,4,633,625.0,179.0,153.0,12,11,10,4
22.47671087249132,10.014546382163614,5.692548261417198e-07,0.9938886819824405,0.972054257647478,0.995393345546306,0.9819099907995076,0.10026383399963379,21,1039,1019.0,232.0,210.0,34,26,24,21
30.725718338907235,13.326403237776274,5.129908976669974e-07,0.9930264175364351,0.9702073845732864,0.9939949823110625,0.9738948084357868,0.11588835716247559,14,1282,1283.0,277.0,260.0,37,31,29,26
29.65549318190593,15.024883574816199,4.074459352221841e-07,0.9964412649174824,0.9813540014648089,0.9970921458217117,0.9825697355460575,0.11588740348815918,13,1724,1728.0,382.0,351.0,38,38,36,33
295.55597939564973,60.75735775804549,5.907822803112217e-07,0.7624478588062127,0.7995876910201299,0.7907285688755259,0.8081750697923638,0.1158902645111084,8,2026,1740.0,434.0,355.0,35,27,32,22
187.012998751765,41.30388163717633,5.668069660568304e-07,0.9653328288894109,0.9644344668379564,0.9677190231682773,0.9654126188621617,0.12239241600036621,6,2989,2945.0,663.0,609.0,33,27,27,23
216.43757391972244,42.70557290854214,4.6603159210245335e-07,0.9595491366724634,0.9670401277115805,0.9623521964395652,0.9679446409255381,0.11589169502258301,6,3242,3619.0,693.0,752.0,29,28,27,24
254.05033845300247,50.81401214022796,5.479043172623224e-07,0.9513717778642925,0.9580804137341257,0.9548126227776537,0.9591946174083401,0.1256265640258789,6,3399,3687.0,707.0,765.0,33,29,28,25
728.3168368873653,147.46766684923665,1.0316088392640318e-06,0.8551547248967113,0.8721731816355828,0.8624875886752488,0.8747739221951332,0.14152741432189941,6,5559,4250.0,1215.0,887.0,33,29,27,25
563.0318573050956,116.99104348333316,1.1299948565716267e-06,0.9369438596163526,0.9409164210799461,0.939901456713399,0.9422052971851798,0.1315174102783203,6,6494,5289.0,1444.0,1111.0,31,30,29,26
316.3031856671031,58.01615020156479,9.546550370535587e-07,0.98488025753274,0.9890117537935986,0.9854006984511523,0.9891786646431897,0.11589813232421875,5,7405,7710.0,1604.0,1655.0,29,26,26,23
675.2806590011686,147.66676567261345,1.5601919320856923e-06,0.9574618991519185,0.9569226795470609,0.9587036858306659,0.9575341529671351,0.12127828598022461,5,9568,8224.0,2156.0,1774.0,28,26,25,23
1240.6871499965923,263.86746989097895,1.4315410112313332e-05,0.8825076808695071,0.8885273686176105,0.8851113995828643,0.8897509427414766,0.11027121543884277,4,10737,13707.0,2366.0,3102.0,26,22,24,19
402.48295158402607,65.21954824808441,1.2081773209776613e-06,0.9880787449937071,0.9934705818572632,0.9883975833264866,0.9935560349883003,0.1158905029296875,5,10980,11441.0,2446.0,2523.0,28,25,24,22
348.44609943365174,100.58429300840167,1.334160392076638e-06,0.9946910090460701,0.991044229362247,0.9948008353670109,0.9911307763230209,0.1002645492553711,5,14621,13605.0,3415.0,3049.0,24,23,21,20
125.15459913327406,77.6814006052929,6.234119691752912e-07,0.999509305501011,0.9963285184361801,0.9995184478871804,0.9963613851674269,0.10676741600036621,5,17905,17580.0,4292.0,4062.0,22,22,19,19
391.2503727367766,126.36269722509091,3.2969494878593287e-06,0.9970980978535292,0.9944588004376634,0.9971319190136535,0.9944846522140659,0.1002655029296875,4,24072,25307.0,6138.0,6256.0,18,17,14,14
820.2443614557799,188.22404646236532,1.1145803144515355e-06,0.9899002607647621,0.9908001088801942,0.9900019496591949,0.9908354265116264,0.11589455604553223,4,27889,30920.0,7646.0,8059.0,16,15,13,12
692.3272874274613,201.83027110256117,2.1365573623840627e-06,0.9932189373615913,0.9901686275558266,0.993287148175374,0.990206769206922,0.12009382247924805,4,28974,31602.0,8038.0,8275.0,16,15,13,13
611.4281608114999,196.3744032454332,9.091914757186245e-07,0.9950030879200106,0.9912912508961671,0.9950522905405711,0.9913233003371743,0.09630870819091797,4,29856,32151.0,8201.0,8541.0,15,15,12,12
947.8205482403653,280.3584387291859,1.0673132940018773e-06,0.9893257408354025,0.9848670939935585,0.9894179408807325,0.9849161954534865,0.10631012916564941,4,32517,36289.0,9323.0,10079.0,14,13,11,11
22.422087324778662,5.703617273274917,1.5510928092295755e-06,0.8842376141257302,0.8603006856639618,0.8876999419885413,0.8943992014510219,0.10799837112426758,4,217,271.0,80.0,67.0,8,10,6,5
22.00875772656573,4.178317045573891,2.5182194617358993e-06,0.9234723063392557,0.9509845973874049,0.9250011390711067,0.961266251534559,0.10399866104125977,4,265,312.0,88.0,82.0,9,10,6,5
15.111736608786343,3.8365023133057017,1.5925589875231347e-06,0.9713507211080212,0.9619486185167232,0.9721716011564265,0.9721597420017875,0.10459327697753906,4,307,304.0,97.0,92.0,11,8,3,4
27.943022384845918,7.280825273735572,1.4343392766454384e-06,0.9459208764644631,0.9271662872747185,0.9467320835358441,0.9404331257369045,0.10799837112426758,4,403,450.0,125.0,125.0,10,10,5,4
20.182242607467256,5.244044240850758,1.8221856040349655e-06,0.9683995964489549,0.9549823190500246,0.9687134861988733,0.9617468697637406,0.0977177619934082,4,361,355.0,100.0,102.0,10,9,7,5
26.801935564432654,6.053580207888001,2.4345508254603596e-06,0.9660448846699096,0.9666670581671324,0.9664920586164344,0.9713485157423536,0.09998917579650879,4,481,485.0,137.0,137.0,10,9,5,4
24.90209997838201,6.006073315125837,2.1886422082476283e-06,0.9711891173837015,0.9698728071109484,0.9715971618078312,0.9737837789346494,0.09549760818481445,4,476,520.0,146.0,146.0,10,10,5,4
46.379548294479974,9.79157801378307,1.3250567771488305e-06,0.9356309683827957,0.9394258320460975,0.9368092574759104,0.9458147709381846,0.10598349571228027,4,595,558.0,143.0,140.0,11,10,4,4
104.5054324744253,20.23507680571866,1.1150692860892151e-06,0.7178258586559738,0.7690038432758344,0.7239667841305373,0.7963986575198344,0.10399889945983887,4,614,591.0,157.0,162.0,12,10,6,5
74.6267099189917,15.687043486053494,1.0505337214984316e-06,0.934354152264113,0.941336745396104,0.9356476423402947,0.9467324168666399,0.09765410423278809,4,893,871.0,238.0,236.0,15,10,7,4
103.67924294026585,21.45877831253836,9.50520824264506e-07,0.8776124857226787,0.8965748555962305,0.8805747409033127,0.904854425937244,0.10608100891113281,4,926,902.0,239.0,233.0,15,11,7,5
80.62955413494484,17.60552599198744,5.76974711903012e-07,0.9257127136390519,0.92194091694954,0.9372712182706391,0.9442921410315647,0.10799813270568848,12,1088,1077.0,247.0,223.0,16,19,6,13
376.9331567415671,77.1201870836291,1.162348345548861e-06,-0.6955975667877554,-0.5769968783709754,-0.37050211514444653,-0.3229525347225024,0.10799932479858398,14,1149,1010.0,249.0,227.0,29,15,28,14
374.81043629799683,75.27108901899364,6.050466223212131e-07,0.8654775754485878,0.8875050060146097,0.8735796228796259,0.8904509985512226,0.17203140258789062,5,3024,3785.0,667.0,791.0,31,26,26,22
313.9042556583617,62.96073191633703,6.459404570500331e-07,0.9234693134338663,0.9353793707923796,0.9293066344883093,0.9372351612237203,0.13002896308898926,7,3414,3984.0,745.0,828.0,35,32,30,28
720.0290418119478,148.19741456655217,8.817893519373443e-07,0.843212244158635,0.8579032656605021,0.8497467980048267,0.8603405070112137,0.12851572036743164,5,5207,6891.0,1127.0,1470.0,28,26,26,23
374.4669474557696,71.11391898696212,9.95237624933368e-07,0.9765339300274208,0.9818300792012168,0.9773672679805125,0.9821195932826748,0.12864184379577637,5,6997,7386.0,1511.0,1582.0,31,27,25,23
511.43273928104236,100.37599526546133,1.056862414712586e-06,0.9647585871838392,0.9710008125926266,0.9661448261790138,0.9715251808522419,0.1305556297302246,6,7843,8955.0,1737.0,1931.0,31,28,27,25
713.6544156662943,145.2622628214224,1.4241966139207633e-06,0.9514943646192757,0.9574187507022834,0.9526340419863948,0.9578850377865458,0.1110386848449707,4,9420,11007.0,2070.0,2434.0,27,23,21,20
440.9084844575648,66.26131978764082,1.1224349698808426e-06,0.9886529833039798,0.9948197927354745,0.9888760558417464,0.9948688173631793,0.12403321266174316,4,12501,13035.0,2883.0,2916.0,25,23,21,19
165.4111669950571,79.47012017104291,7.238883006313511e-07,0.9990887584980838,0.9958846840673808,0.999103135853369,0.9959165149953391,0.11401629447937012,4,17265,17014.0,4142.0,3934.0,22,21,19,18
722.8779504522184,128.82958705204328,7.746628297662855e-07,0.9855775647843918,0.991110296134707,0.9857849426830861,0.991171384452478,0.1000216007232666,4,19129,21181.0,4579.0,5072.0,21,19,17,16
547.5990492595837,106.2722035623615,2.0450165819957336e-06,0.9927823005238868,0.9949581110018034,0.9928733330205886,0.9949847861387467,0.10001802444458008,4,20939,22774.0,5181.0,5536.0,19,18,15,15
857.4047080191089,168.97525089984825,8.825374660556761e-07,0.9834465222920487,0.9879749507268114,0.983660382615876,0.9880454711348626,0.11402392387390137,4,21643,24513.0,5433.0,6066.0,19,18,16,15
512.3248379527712,116.51622741060578,7.503977215844437e-06,0.9945671486517895,0.994845983622091,0.9946321192096522,0.9948715233497905,0.1000218391418457,4,22992,24731.0,5910.0,6096.0,18,17,15,14
212.84038914172282,136.63130894247237,1.0636661199980008e-06,0.9990882796500978,0.9930992086132027,0.9990996496620923,0.9931386222487331,0.10202407836914062,4,23459,22885.0,5896.0,5543.0,19,18,16,15
907.5066804161829,190.93347990857967,8.991615981967189e-07,0.984645936706854,0.9877831928063391,0.9848207847704739,0.9878393515421395,0.11401844024658203,4,24427,27676.0,6209.0,7026.0,18,16,14,14
450.14854029901437,195.858659709836,2.149495228361405e-06,0.9969729944421766,0.9901463309651277,0.9970049713476287,0.9901886271774901,0.12802481651306152,4,28048,29173.0,7520.0,7480.0,16,16,13,13
1118.122813021897,349.6235326509549,1.5987987621593845e-06,0.9871251336549411,0.9804512797471725,0.9872225402908964,0.9805135726667932,0.1140286922454834,4,35652,40255.0,10697.0,12045.0,13,11,10,9
15.912848582199228,3.7513886317824583,1.5247847795301094e-06,0.9352567115012371,0.9130909678158624,0.9383120680541042,0.9514635482625136,0.11859798431396484,4,215,215.0,83.0,77.0,7,6,4,4
26.266463091427696,7.081372277555625,1.543024126189616e-06,0.9611598028104833,0.9386608907300225,0.9620990273167114,0.9544602254909408,0.11260819435119629,4,425,459.0,142.0,132.0,8,8,4,5
22.725032086519334,6.748456613675949,1.5951726003832275e-06,0.9679457926977235,0.9402198343124067,0.9685036546738589,0.9527324523824325,0.13430428504943848,4,399,423.0,126.0,126.0,9,9,5,4
20.248971167279915,5.380326817830555,6.787735326967865e-06,0.9544034414906658,0.9356936093981665,0.955390237334432,0.9521675138759822,0.107391357421875,4,292,312.0,94.0,90.0,9,9,3,4
91.69656709313968,19.87827541144687,1.6239603350972756e-06,0.7721876675397032,0.7855013828839049,0.7760933383318137,0.8132722320933514,0.11302447319030762,4,612,729.0,166.0,165.0,11,13,4,8
69.35200069212135,15.847537488343242,1.0935883082118825e-06,0.9496384854844766,0.9259072993149229,0.9575476682114327,0.9571728722138398,0.11302900314331055,10,1034,1025.0,268.0,216.0,12,11,6,11
34.3487020618441,9.832450525343788,9.647502332916435e-07,0.9868446620219602,0.9786242775872824,0.9871381336780607,0.9804869921971516,0.1260206699371338,4,909,939.0,241.0,241.0,14,12,5,4
49.75774646558396,13.267676887835337,6.45288629337413e-07,0.9643745009181295,0.9514044594798124,0.9659672817052415,0.95526337546052,0.10953116416931152,4,879,936.0,213.0,207.0,17,14,9,8
92.4012372014771,22.34542865595068,6.761813598611171e-07,0.9172380352117897,0.8888635322399572,0.9280015490443106,0.9216798499347424,0.12602019309997559,12,1027,1032.0,258.0,222.0,18,15,6,12
468.8667309200306,96.8039255402383,9.252495451832776e-07,-0.7126083739993929,-0.5314842102846216,-0.46725720233266865,-0.34597283754449615,0.12203001976013184,12,1239,1865.0,273.0,379.0,22,39,18,35
245.17227749518074,51.06432431151229,7.771302406596055e-07,0.8081320818379185,0.8220227094900086,0.821620199160498,0.8321390575676141,0.11301851272583008,8,1669,2031.0,368.0,415.0,23,29,18,25
255.11646086082047,52.66847009298337,5.51407810860364e-07,0.8485972748212265,0.8678344728511265,0.8606872346713657,0.874081571765619,0.1260223388671875,7,2031,2532.0,445.0,521.0,32,28,28,24
307.26776313318254,64.462577617122,6.527484006760796e-07,0.7080786350222079,0.7490901716278051,0.7488359826714872,0.7629886334866541,0.11766552925109863,8,1940,1786.0,422.0,365.0,34,28,22,24
205.92833282690745,45.029458956476965,5.555564975545222e-07,0.9457955180219455,0.944546617423563,0.9504484329712753,0.9462334227598317,0.12152338027954102,8,2639,2425.0,569.0,498.0,33,30,33,26
363.218678636766,73.88857338314054,5.688349325026575e-07,0.9337047289310925,0.9408054439908532,0.9374856466571346,0.9421042505839812,0.12602496147155762,6,4146,4865.0,881.0,1019.0,32,29,25,25
243.6256065568904,43.65824725285578,9.961723910891667e-07,0.9852403352308903,0.9895765627655365,0.9859054822091621,0.9897684313301015,0.1130208969116211,6,5662,6062.0,1212.0,1281.0,29,28,29,25
359.8403901495477,73.68369720665864,9.80131168274127e-07,0.9712283039428434,0.9740688433343911,0.9725250526744379,0.9745584849930135,0.11303019523620605,6,6090,5491.0,1299.0,1156.0,33,29,27,25
505.94609556048874,112.4009241151312,9.916725356460254e-07,0.9605036745007912,0.9590879365765745,0.9623389456786612,0.959949588249948,0.1130225658416748,7,7249,6300.0,1611.0,1335.0,33,30,26,26
463.3808255352008,84.6163478046026,1.0509359313505545e-06,0.9722534618582606,0.9807567094912861,0.973164584679857,0.9810537506450422,0.12203574180603027,5,8061,8903.0,1782.0,1927.0,31,27,24,23
484.9574045321159,83.69908507328657,9.790652493103786e-07,0.9804961600022899,0.9879453591464505,0.9810179179619027,0.9880887577905841,0.1260240077972412,5,10268,11265.0,2379.0,2485.0,26,25,24,21
155.26917205122749,36.330210714036824,3.0113157467088514e-06,0.9989994204025755,0.9989175610519614,0.9990195712928448,0.9989278855674436,0.13758492469787598,5,15116,15182.0,3587.0,3458.0,23,22,20,19
1288.0609538501403,272.11677946548366,1.2556205295218406e-06,0.9379690182031163,0.9455728884711494,0.9389747606749149,0.9460071631260213,0.11589694023132324,4,16011,19695.0,3793.0,4688.0,22,20,20,17
1050.6687007568084,209.63939773652598,2.8517169862025994e-06,0.9639755267138658,0.9721041028462526,0.9645273632280575,0.9723114401007256,0.13152718544006348,4,17394,20405.0,4187.0,4865.0,22,20,19,17
747.5421183786235,139.03503005837533,1.064603508545324e-06,0.9835010411350539,0.9887526435591721,0.9837483170271637,0.9888340958553996,0.11589431762695312,4,18548,20287.0,4415.0,4833.0,22,20,18,17
687.5744429393325,132.8266021924825,1.173386300908123e-06,0.9872973292301671,0.990906880256792,0.9874685994817052,0.9909594818398347,0.13151931762695312,4,19426,21698.0,4805.0,5227.0,20,18,16,15
190.12356179600675,66.77683605362965,5.010753302290664e-07,0.9990806490150556,0.9978303545430341,0.9990934653727551,0.9978451875758341,0.11590719223022461,4,20229,20669.0,4988.0,4918.0,21,19,17,16
384.64969181927944,101.94029093869933,4.559687623919192e-07,0.9966965117619702,0.995709792844704,0.9967375957844727,0.9957324161638009,0.1159050464630127,4,21831,23081.0,5423.0,5621.0,19,18,15,15
762.028214700742,165.85020852162552,4.3276757994418824e-07,0.9899442409671769,0.9915399642377007,0.9900566257951455,0.9915788905291318,0.1158897876739502,4,25752,28343.0,6753.0,7228.0,17,16,14,13
611.1442648835052,184.71264281761188,3.8231220565439716e-07,0.9942821469248873,0.9908868101446381,0.9943420689591084,0.9909239089604421,0.11590266227722168,4,27758,29722.0,7451.0,7734.0,16,16,14,13
873.1289399815662,256.6967650101315,5.649134342885906e-07,0.9906287742427856,0.9867302573975233,0.990712468825438,0.9867744643733207,0.11589717864990234,4,31862,35160.0,8951.0,9759.0,14,13,11,11
793.8039351754311,240.96751596428925,7.720464713586251e-07,0.9925950554862175,0.9889751756135313,0.9926591465809858,0.9890097534311194,0.11589932441711426,4,32707,35801.0,9527.0,9915.0,14,13,11,11
1045.058137338142,289.15028171638824,2.0651470253228904e-06,0.9878904872328506,0.985412295795492,0.9879868597120173,0.985457369424179,0.10026860237121582,4,34136,38332.0,10100.0,11029.0,13,12,10,10
6.407189971690658,2.0615528128088303,1.141037242490079e-06,0.974927152847174,0.9401316955960846,0.9765500193264495,0.9661490569857395,0.1158905029296875,4,142,150.0,58.0,50.0,10,6,3,4
16.391372222402044,4.083758481268614,6.081326429863795e-06,0.9698349227168276,0.9596837042642741,0.9707991018852993,0.9726258292826343,0.11589646339416504,4,322,325.0,112.0,106.0,8,7,4,4
35.730180986573984,7.832890058379899,2.1252998407418235e-06,0.9478554255565458,0.9478403329717284,0.9486868191754791,0.9576277282994978,0.11590361595153809,4,503,522.0,154.0,144.0,10,9,4,4
43.00993102373761,9.12357294777289,3.0069303895256678e-06,0.9061122579621039,0.9098911414850597,0.9075158387445693,0.9257237357977202,0.11589336395263672,4,450,417.0,128.0,128.0,11,8,5,4
28.320156249568964,6.813742241480326,2.861368787392976e-06,0.9767388263989056,0.9721485079632229,0.9770636420912466,0.9761901849179112,0.12241840362548828,4,560,614.0,160.0,154.0,11,10,6,5
193.2059566024471,40.832355430467146,1.0961163630861277e-06,0.5173474812701638,0.5539887832953739,0.5331243349237567,0.58571154021614,0.11589741706848145,4,881,1035.0,218.0,225.0,15,16,6,9
123.8693868556715,26.639374054207806,1.223886043060979e-06,0.8413664152805844,0.8548826397803599,0.8464772373645422,0.8658238941121335,0.1151266098022461,4,948,1067.0,254.0,254.0,15,14,5,4
227.6098178169533,47.244929181165396,7.97474350810473e-07,-0.6931496225101001,-0.4457303968012283,-0.417051309415885,-0.3388902569240926,0.11589741706848145,4,741,918.0,167.0,185.0,22,29,22,25
334.0456714856486,69.54319031471691,8.243920923243875e-07,0.6673323629068644,0.6920754142696125,0.687816472384669,0.7125095965466344,0.13803410530090332,6,1754,2265.0,381.0,466.0,24,25,15,21
331.97998850225514,68.81581955681844,5.793226097805402e-07,0.8045495114998704,0.8278970700241259,0.8187126468900553,0.8341513003855755,0.11589598655700684,6,2289,2981.0,495.0,618.0,26,26,26,22
202.31397934042803,39.708074528938056,6.090771760600219e-07,0.9665332199865877,0.9721938479439004,0.9688756978098394,0.9729095838702322,0.11589360237121582,7,3218,3549.0,694.0,736.0,34,30,27,26
1056.7072284538735,222.44840225694287,1.59793095718097e-06,0.9423466699164977,0.9478978699337295,0.9433940929036292,0.9483556582722292,0.11590433120727539,4,13231,16236.0,3075.0,3749.0,23,21,18,18
625.8002959544416,148.86476665080963,5.8856177090415e-07,0.9925340576303876,0.9923240719223725,0.9926193403378314,0.9923602288753575,0.10027503967285156,4,24157,26299.0,6125.0,6626.0,18,17,13,14
416.1887968018041,121.2175214232662,5.000856619028506e-07,0.9968871878398629,0.9952587978864528,0.9969228981198379,0.9952819241223133,0.11589598655700684,4,25045,26380.0,6502.0,6630.0,17,17,14,14
591.2443005363068,167.6693174078072,4.7476148435084833e-07,0.9947116614211524,0.9926102502293918,0.9947638905802056,0.9926375293607327,0.11590099334716797,4,27961,29959.0,7450.0,7759.0,16,15,13,12
921.5503467888592,303.7496227706848,6.272571722292929e-07,0.9906685985189168,0.9839904872914805,0.9907474006993082,0.9840380840804488,0.1002647876739502,4,34078,37873.0,10045.0,10849.0,14,13,11,10
1055.2759808852531,318.7763877966288,1.4695442405035508e-06,0.9885076028018561,0.98384335363462,0.9885917632479295,0.9838963387575351,0.10027027130126953,4,35503,39915.0,10744.0,11882.0,12,11,9,9
5.50094688818813,1.5206906325745548,9.848565789411787e-07,0.9758575805015681,0.9446819445417806,0.9776656575849311,0.9745624046090173,0.10677766799926758,4,128,122.0,51.0,33.0,7,6,3,5
10.961580634196876,2.9136889561745147,2.1752704780660538e-06,0.9646331991088036,0.9513214569468026,0.9665045722202656,0.9696673645033729,0.11589789390563965,4,203,223.0,79.0,64.0,7,7,4,4
14.959319837479242,4.419417382415922,1.7306809584282238e-06,0.9701955177779616,0.9407797919594092,0.9711881444344234,0.9609257451616695,0.11589264869689941,4,294,321.0,105.0,81.0,9,9,3,4
20.877619596112964,4.733524057190372,1.9957784346844716e-06,0.9263011376599927,0.9211883124392442,0.9287235700272698,0.9458148727720114,0.09476828575134277,4,264,299.0,85.0,75.0,9,9,4,4
42.99418565341132,9.92943855411775,1.8467605636259682e-06,0.8729588280964478,0.8704138971340427,0.8755060478232556,0.9008993813043149,0.10026097297668457,4,426,481.0,143.0,126.0,8,10,4,5
37.92811182575092,9.88633315913101,3.92394572574929e-06,0.9404250975040459,0.9186842778752985,0.9415201716618828,0.9337751616272832,0.11589550971984863,4,501,568.0,154.0,148.0,9,10,6,4
41.577863701734366,9.081230643475585,2.986535915965731e-06,0.8936030759669991,0.8946573423859523,0.8960941637304463,0.9237729363595005,0.10026407241821289,4,407,427.0,148.0,135.0,11,7,4,4
68.13811035927935,14.050874824484536,2.5396865107970876e-06,0.7446085539544631,0.761823178036745,0.7489897435405599,0.8121047637137846,0.11589622497558594,4,418,391.0,127.0,124.0,11,7,4,4
53.63369199175707,11.490485194281398,3.1774000206123865e-06,0.8707757266956292,0.8670414884534908,0.8724991054423732,0.8840446435898278,0.1158909797668457,4,473,445.0,119.0,128.0,12,9,7,5
33.34338390145787,7.7190241179396075,2.3618244490186322e-06,0.9821229488826525,0.9814889870226378,0.9823465764647642,0.9839679017212195,0.11589741706848145,4,816,839.0,228.0,225.0,10,10,6,5
88.95188306045016,17.435297053200248,1.0464777181725257e-06,0.8680842988973594,0.8965123342187412,0.8713397173141204,0.9082214786207591,0.10026812553405762,4,774,766.0,194.0,184.0,14,11,7,5
75.9223427434874,17.341378383949735,6.022680504640871e-07,0.9856109558685211,0.9847666618434114,0.9864040144766976,0.9855297993582905,0.1158895492553711,6,1862,1987.0,412.0,412.0,20,21,20,16
177.675684707194,34.21599103567207,5.648144209823831e-07,0.9177185097579963,0.9377663500131643,0.9233909460554822,0.9407765898307019,0.12240171432495117,6,1833,2237.0,399.0,462.0,19,25,24,20
511.1427635516156,104.03881616405103,6.130469666961211e-07,0.5891458764256221,0.6544847797986335,0.6344887733443978,0.6680582268076527,0.1315135955810547,7,2505,3560.0,554.0,737.0,41,32,25,28
760.2312736751128,160.17043553993548,1.0797780162671363e-06,0.7300434935472488,0.7416894061526151,0.7431407452632867,0.746872732656065,0.1224057674407959,5,4214,5983.0,931.0,1270.0,29,27,25,23
225.20585565067984,40.998688675593996,6.78892420159926e-07,0.9778233260055146,0.9841390095888692,0.9792892886578554,0.9845705377322317,0.11588931083679199,7,4377,4629.0,917.0,968.0,34,31,28,27
449.9134536657841,90.35497248426108,7.170591146748893e-07,0.9310023922115644,0.9404093147069371,0.9339864644933977,0.9414313040336371,0.11589741706848145,5,4922,5816.0,1056.0,1235.0,29,26,29,23
455.5008579343703,88.90148302593454,1.2459148227557334e-06,0.9645291634113513,0.9708174888044336,0.9657807124546132,0.9712642476772608,0.12290787696838379,5,6936,7721.0,1508.0,1660.0,29,26,28,23
310.97378464565486,54.66443084858746,1.015032166139588e-06,0.9860814020413784,0.9907225507835663,0.9865268331536743,0.990849965092049,0.1158912181854248,5,7485,7773.0,1631.0,1675.0,28,26,23,22
359.8195307884803,69.56367775756178,1.2524614870871186e-06,0.9841020705298239,0.9873266584062713,0.9845777892819392,0.9874967910066648,0.11589837074279785,5,8293,9013.0,1805.0,1958.0,27,25,21,22
770.2234727120867,153.0863726789553,1.388870634729246e-06,0.9639911990524047,0.9706599867259234,0.9646750726347488,0.9709188041115409,0.10026693344116211,4,12256,14044.0,2861.0,3192.0,24,22,20,18
280.49617495906546,31.463106701871215,1.3158376380396466e-06,0.9966828408268602,0.9991622376825287,0.9967368091116923,0.9991686456447805,0.11589169502258301,4,14962,15353.0,3460.0,3515.0,23,21,20,18
500.4322714747055,70.81975360024913,9.177589631896068e-07,0.9902909716488804,0.9961606253870949,0.990448240923157,0.9961893701070457,0.11589956283569336,4,15828,16933.0,3823.0,3933.0,22,20,19,17
274.6211784743971,39.408517480362036,1.992965432479062e-06,0.9978096931100016,0.9991271689033853,0.9978420685734114,0.9991334933146648,0.10026764869689941,4,18667,19126.0,4565.0,4510.0,21,20,17,17
236.7272956378288,109.51864377051669,6.21312564398126e-07,0.9986109809719587,0.9943706594347593,0.9986290759420516,0.9944019547937317,0.10026001930236816,4,20554,20026.0,5142.0,4754.0,19,19,17,16
512.8888768534564,101.61995169912912,4.6492370663189797e-07,0.9939479674347638,0.9956017275915905,0.9940252982479814,0.995626558608968,0.1159052848815918,4,21528,23317.0,5462.0,5702.0,19,18,15,15
389.80133829084446,141.76480669286954,5.207286547141289e-07,0.9974540957280273,0.994036566860048,0.9974820849030682,0.994063499675046,0.11931943893432617,4,26294,27437.0,6836.0,6936.0,17,16,14,13
719.1531767757594,170.2661519504097,7.745888336204828e-07,0.991675175258943,0.9919374680744487,0.9917626107365034,0.9919705965859344,0.10027265548706055,4,26755,29380.0,7141.0,7631.0,16,15,13,13
855.0034600319852,205.49711068528433,6.554530900921254e-07,0.989580511677902,0.9897249425405134,0.9896807406992049,0.9897621996041643,0.10677409172058105,4,28990,32210.0,7852.0,8606.0,16,14,12,12
743.00904267714,250.2900817052086,5.456586343752145e-07,0.9933425227710616,0.9875720865423417,0.9934028301986948,0.9876119292756322,0.10026669502258301,4,32210,34809.0,9101.0,9601.0,14,14,11,11
928.8479703823083,279.2458221113911,6.207655295473286e-07,0.9900628677704996,0.9855476534646834,0.990146087528638,0.9855906889917742,0.1002664566040039,4,33105,36917.0,9436.0,10337.0,14,13,10,10
6.630893604937422,3.122498999199199,1.4684794000730155e-06,0.9950670674601314,0.9754397789973703,0.9952137093515535,0.9828609442118241,0.12239766120910645,4,328,326.0,110.0,110.0,8,7,5,4
19.53922337248848,5.484827557301444,1.2982340463893664e-06,0.952819216279694,0.9221730289212444,0.9541291729298766,0.944818720516564,0.11589646339416504,4,333,335.0,99.0,90.0,8,9,4,4
31.230827451947754,8.328540288269808,1.5008291652926288e-06,0.9016971108609668,0.8647705698127137,0.9037332598579979,0.8969338637031993,0.13151907920837402,4,329,382.0,104.0,107.0,10,10,5,5
19.032592659260413,6.635604719993498,2.4653951872323294e-06,0.9814386045566925,0.9521179832376598,0.9817255513719082,0.9615946916177303,0.11589980125427246,4,458,494.0,137.0,137.0,8,10,5,4
43.62565663307163,9.454386107340163,2.596574762284299e-06,0.9408962719171972,0.9390389451698612,0.9417731981119776,0.9498427771845601,0.11588907241821289,4,549,539.0,164.0,149.0,9,9,4,5
27.844808013942803,7.375353098891831,1.8486321664587484e-06,0.9881634724567728,0.9827831562098052,0.9883456390349543,0.9849669947519785,0.10026669502258301,4,796,834.0,210.0,198.0,13,11,4,5
85.82093761625617,18.54154494342068,9.469236149450275e-07,0.9411056792396213,0.9295129396755969,0.9468279251836418,0.9504245493798871,0.12239861488342285,10,1116,1106.0,268.0,246.0,16,13,8,10
78.88769750223605,18.985280093141995,6.870481557433983e-07,0.9756390823166765,0.968932731608159,0.9770898254554481,0.9717250342283893,0.1315145492553711,7,1483,1474.0,331.0,318.0,21,19,14,8
186.8972918507634,43.724976423302856,7.359034099197622e-07,0.7377267165886618,0.6689464817777904,0.7741888688998997,0.7096817074184769,0.13151836395263672,13,1251,1469.0,269.0,298.0,29,35,22,31
234.5906753181732,45.011468072753594,5.923562134947078e-07,0.9295856073832791,0.9465709939578033,0.9350087374874586,0.9481480530948019,0.1158897876739502,7,2589,3068.0,562.0,634.0,35,29,27,25
314.6025861846062,65.73399004174712,5.968399239355591e-07,0.9147209101098934,0.9217035773278976,0.9200821108634405,0.9237151549315303,0.11589264869689941,6,3225,3846.0,664.0,802.0,32,28,25,24
320.27177621248154,63.67846424428465,7.075275553333489e-07,0.9238142191346324,0.9356162658566274,0.9285286379602337,0.9371253795793447,0.11588907241821289,6,3392,3191.0,745.0,662.0,31,27,30,23
571.6914340312271,118.89858006059421,9.103960084127738e-07,0.8359426295790164,0.847452029580843,0.8448324179651037,0.8507309543075805,0.11589527130126953,6,4080,3322.0,875.0,691.0,36,27,29,23
444.22444540427625,92.34437833742949,8.929574236160781e-07,0.9404840559770856,0.944120683523273,0.942952100532723,0.945150530318042,0.11589169502258301,5,5125,5940.0,1111.0,1261.0,32,26,23,22
248.39921540287915,45.618445317563044,8.849132053216695e-07,0.9836184776271197,0.9880002373497845,0.9843942296423148,0.9882401168527608,0.12240338325500488,6,5622,5536.0,1222.0,1167.0,33,29,28,25
380.73484379105065,69.36351975167081,7.541442062139183e-07,0.9652005412871592,0.9750598457036718,0.966831262189217,0.9755339733497002,0.11589431762695312,6,5879,6437.0,1325.0,1367.0,33,28,28,25
238.54369565520298,46.666340850992945,1.2096596784034057e-06,0.991848521563197,0.9934639744313849,0.9921063221407738,0.9935579493884926,0.1158897876739502,5,7688,7668.0,1718.0,1647.0,29,26,24,22
619.4185277338739,115.28059066179932,7.61775938676673e-06,0.972377684636382,0.9802025393518902,0.9729228830406434,0.9803803044545639,0.10026717185974121,4,11044,12201.0,2508.0,2728.0,25,22,21,18
527.8823752346098,93.72910878341548,1.9096565160831294e-06,0.9828372301183949,0.989033037445365,0.9831693574123713,0.9891364069621226,0.1315140724182129,4,12023,12923.0,2773.0,2911.0,25,22,20,19
693.063158497598,133.5491482563629,9.14642350831968e-06,0.9744975219395279,0.980693994007204,0.9749584012274105,0.9808573796411482,0.11589503288269043,4,13108,14846.0,3093.0,3399.0,23,21,20,18
519.7680572460501,80.87374419426864,7.251698883900356e-07,0.9912530403038929,0.9959281584489863,0.9913750216386412,0.9959515482574148,0.1002662181854248,4,17527,19067.0,4258.0,4501.0,21,19,18,16
552.2982191865792,90.53964371110223,2.199857392774957e-06,0.9916648375653095,0.9956922582401126,0.9917761675379807,0.9957166061315544,0.11589550971984863,4,19402,20983.0,4785.0,5041.0,19,18,16,15
164.48128692954708,80.2128029057706,6.326642299963337e-07,0.9993044357563102,0.9968523161716647,0.9993135609142112,0.9968702697424906,0.10026860237121582,4,20238,20507.0,4880.0,4889.0,20,19,15,16
651.9580444067445,137.93642859423804,8.270867325516537e-07,0.9920831184628083,0.9935978022878651,0.9921714661083927,0.9936261136950109,0.10677337646484375,4,24485,26732.0,6280.0,6730.0,17,16,14,13
329.21749080205325,148.38593402565712,3.680668890868653e-07,0.9980758561975257,0.9930176228982853,0.9980971198857612,0.9930484163986031,0.11589288711547852,4,25366,25930.0,6523.0,6504.0,17,17,14,14
568.3339045696054,147.5014830433918,6.240623967412543e-07,0.9947182096532099,0.9936405364399404,0.9947745016958798,0.9936668623091214,0.10026955604553223,4,26451,28441.0,6937.0,7316.0,16,16,13,13
5.168010577904551,2.3385358667337135,1.683236221127125e-06,0.9947318621554441,0.9767320646460804,0.9949211454346247,0.9840996590966911,0.12239718437194824,4,261,256.0,88.0,79.0,8,7,4,4
14.611995642849974,5.0156006619347195,1.9206680593176797e-06,0.9907977002126009,0.9777447729398556,0.9909673842057611,0.9826186203589288,0.11588931083679199,4,506,520.0,156.0,140.0,10,9,4,5
14.57523584714841,3.722118572354549,5.096178524408946e-06,0.9857029078320969,0.981252728287457,0.9859441003335123,0.9849926616372149,0.1002655029296875,4,398,423.0,119.0,115.0,10,9,6,4
15.33412588531432,4.012999709278169,1.6449672229678476e-06,0.960442288268084,0.9480055772370256,0.9615429035480927,0.9631372534058699,0.10026764869689941,4,272,274.0,89.0,79.0,8,8,4,4
25.090253751872126,7.098268568226104,3.51845963323359e-06,0.969193463003125,0.9445212208552477,0.9699123893625375,0.9601377090926322,0.10026717185974121,4,473,468.0,161.0,136.0,10,8,4,4
42.745613810074126,9.331845119446278,1.932818992566328e-06,0.8877994083139441,0.8955466639838374,0.8899433922165778,0.9187833749568537,0.1086726188659668,4,410,417.0,132.0,132.0,9,8,5,4
41.41130079257754,9.259004626128377,2.1549243728989775e-06,0.9490332003980011,0.9488563628153236,0.9498300725694302,0.9583945261553595,0.10001778602600098,4,578,586.0,184.0,184.0,12,8,5,4
26.23809253737779,7.277963314004818,3.353504106755989e-06,0.983980878855669,0.9743136358938945,0.984194243633932,0.9781215747733367,0.10001683235168457,4,658,701.0,189.0,182.0,11,10,7,5
46.91526048810415,9.899494936611665,1.2651377023715187e-06,0.9544267974097792,0.9621865901663229,0.9551254831127731,0.9668509642183502,0.11052966117858887,4,697,795.0,207.0,196.0,10,11,7,5
45.014233859969224,10.539607835841585,1.673705143715075e-06,0.9738637621804302,0.9702225490287332,0.9741978636868932,0.9734384179658715,0.10045051574707031,4,851,852.0,252.0,252.0,11,10,5,4
71.3241573148023,14.916783053549672,1.4827971930937713e-06,0.9122864936686816,0.9195035246766226,0.9136647983738345,0.9290102299246357,0.10824751853942871,4,701,724.0,208.0,208.0,13,10,5,4
26.6585274036908,8.533024082938006,1.1599519105873212e-06,0.9839201265725852,0.9665885935278644,0.9842868197802861,0.9706231720384375,0.11201643943786621,4,657,675.0,177.0,171.0,16,11,4,4
67.70678203351075,15.370764999396311,8.372786791509329e-07,0.9486337910036817,0.9441226326439363,0.9509578971846786,0.9482813614335884,0.11825776100158691,4,925,956.0,226.0,220.0,17,13,6,4
135.93932470039712,27.98585952464804,7.732130454643723e-07,0.7906429223360618,0.8267187908825882,0.8024628135827896,0.8374236179883151,0.1120140552520752,4,996,914.0,253.0,224.0,18,13,8,5
19.037339358615018,10.020992458587745,5.300783508563304e-07,0.9952972785367574,0.9698913066478042,0.9968826237897571,0.9814650352830401,0.0999598503112793,31,1027,1023.0,226.0,206.0,33,31,36,31
157.4573162848043,31.202598458103363,5.161541717255784e-07,0.9404279605006252,0.9507447392085853,0.9447001220828943,0.953064432019756,0.12151384353637695,7,1950,1947.0,424.0,401.0,29,24,29,20
316.3524159285492,61.28308919495325,6.123474225679706e-07,0.9454409193734385,0.9551717752866574,0.9485570703835766,0.9561491534745047,0.11501693725585938,6,3905,3762.0,818.0,783.0,34,28,30,24
1139.4548049973632,237.17819195036063,1.1868080227858133e-06,0.7256067647607201,0.7476573236292494,0.7354202772067049,0.7516060186090904,0.11202263832092285,5,6204,9071.0,1354.0,1971.0,29,26,24,23
544.3445406609387,115.612510705282,2.094178627048343e-06,0.958101511119171,0.9586307177291866,0.9593556317680038,0.9591662681666218,0.1120145320892334,5,7594,8887.0,1616.0,1930.0,28,25,23,21
383.1063752234386,74.0758501736387,6.882753085646525e-06,0.9861673494683866,0.9891351347741912,0.9865559974350459,0.9892776285334522,0.11201858520507812,5,9533,9190.0,2161.0,2002.0,27,25,23,22
259.3581551283456,36.29499022991291,3.1407644309483055e-06,0.996301693477314,0.9985314814344838,0.9963834733533363,0.9985467298205201,0.11202096939086914,5,12826,13285.0,3044.0,2992.0,24,23,20,20
422.0035421454817,74.43439505139185,9.76400190050307e-06,0.9916412933075103,0.9947108327151758,0.9917800085378041,0.9947504623883393,0.10001587867736816,4,14026,15192.0,3332.0,3479.0,22,21,19,17
1000.1359647151314,204.87910561271656,1.3956289432423505e-05,0.9636271071513298,0.9699251259982976,0.9641811548238785,0.9701332209709305,0.11201834678649902,4,16501,19339.0,3892.0,4589.0,22,20,19,17
322.21675222847534,35.92787914698,6.497981874440866e-07,0.9963044105626665,0.9991139642070298,0.9963621070226772,0.9991208616709251,0.11275625228881836,4,16670,17437.0,4102.0,4061.0,22,21,19,18
504.4008744096933,172.37617981734326,1.128171613122613e-06,0.9916331662286719,0.9811429182058795,0.9917877184682754,0.9813065808111363,0.12451553344726562,5,17386,15815.0,4252.0,3622.0,23,22,19,19
201.09253674200178,53.44993763638395,5.627465789591129e-07,0.9988619720290166,0.9984703114568905,0.9988778712235067,0.9984800690798457,0.10097241401672363,4,19179,19101.0,4650.0,4508.0,20,20,17,16
831.0288866319069,166.44240119833248,8.977176863499005e-07,0.9825668742507728,0.9868814686055712,0.982785300567196,0.9869475065320135,0.10508108139038086,4,20320,23093.0,5007.0,5659.0,19,17,16,15
449.81219460644536,116.93775053420516,2.9199060691478244e-07,0.9960467381114109,0.9951906543859148,0.9960903898534149,0.9952117105226799,0.10580229759216309,4,23854,25419.0,6089.0,6330.0,17,16,14,14
365.2294085001006,128.67319715724275,3.923081206827246e-07,0.9975941731096243,0.9945846553040061,0.9976211880053136,0.9946091517798172,0.1076962947845459,4,25071,26073.0,6531.0,6560.0,17,17,14,14
433.3495029034494,118.30319451871675,4.141271799109476e-06,0.9967047996543801,0.995642606690238,0.9967412538206035,0.9956626381938948,0.10500049591064453,4,25306,26974.0,6755.0,6813.0,17,16,14,14
981.3458976494136,290.68545070230124,1.0445907656688485e-06,0.9896814224704418,0.9858057406114107,0.9897606434305317,0.9858502075265183,0.10799884796142578,4,34829,38928.0,10402.0,11225.0,13,12,10,10
8.532413687423585,3.139134700306227,4.046098527621123e-06,0.9887780020580621,0.9677484309428406,0.9890852777137784,0.9767769043613513,0.11271452903747559,4,268,292.0,92.0,90.0,8,8,3,5
6.07847979898483,2.358495283014151,1.4195086392251907e-06,0.9921794011998052,0.9765095642969571,0.9925619408205196,0.9851153974802096,0.10876870155334473,4,247,252.0,88.0,87.0,6,7,3,4
14.77751670613165,4.509249752822894,4.694765672371998e-06,0.9823795246585609,0.9659242602530259,0.9828880007075964,0.9751430642718605,0.10868644714355469,4,377,411.0,125.0,125.0,8,8,5,4
20.677836363281983,4.352920475573459,2.673654698325427e-06,0.9244833434584051,0.9311137059361884,0.9274980077716511,0.9539955346078012,0.11012935638427734,4,246,304.0,89.0,76.0,10,9,4,4
22.119231828132428,5.5537149728807655,2.0073934969945206e-06,0.9732259002320054,0.9657691777370081,0.9737335655901511,0.9729069448256931,0.12343263626098633,4,454,472.0,142.0,141.0,9,9,4,4
18.911251060325615,4.616546328154847,2.0072661301283767e-06,0.9780800139001727,0.9702398872723003,0.9784990687960661,0.9773487422407541,0.11099743843078613,4,415,415.0,128.0,128.0,10,8,5,4
34.00888364334629,8.785048852074377,1.8754098746322846e-06,0.9602950306757152,0.9435347017579514,0.9609977368613124,0.956361851835971,0.11100053787231445,4,539,575.0,178.0,157.0,9,9,4,4
26.109744349571866,6.68253320231183,2.7729581872123656e-06,0.9775795922387902,0.9708375282305244,0.9778552816789222,0.9751890826870843,0.10199689865112305,4,546,596.0,172.0,172.0,10,10,5,4
49.93120266927285,12.475809926947964,1.0109759846831556e-06,0.9686141996385617,0.9623624271001482,0.9694931616902925,0.9658249374530256,0.10161733627319336,4,884,989.0,242.0,242.0,12,12,5,4
88.13324429521474,19.008769905844336,9.155935351375834e-07,0.8169875702269532,0.8373492272270343,0.8231454692427701,0.8523792776730126,0.10775542259216309,4,685,683.0,181.0,173.0,11,11,6,4
58.61767011746543,12.758983763085,7.414007003409444e-07,0.9378365796545373,0.9456965128542989,0.9400509788858276,0.9516653779392904,0.11099982261657715,4,810,860.0,215.0,202.0,11,12,6,5
26.62559336845326,9.51957048517538,6.233811706665061e-07,0.9945828433436411,0.9836687494476823,0.9949854481837208,0.987196721958953,0.1139981746673584,10,1097,1079.0,274.0,238.0,18,17,9,10
272.9425733586616,58.40696556382318,8.554501986364306e-07,0.5470718155011018,0.5650665664236865,0.5859945643202453,0.611562622127666,0.11844301223754883,9,1267,1161.0,274.0,261.0,30,17,6,9
458.337235565011,100.84140641280162,8.653537237578491e-07,0.6416947833762617,0.6293623120725966,0.671096281600319,0.6430709278871147,0.11654233932495117,7,2337,3255.0,506.0,673.0,28,30,24,26
460.92245620960784,92.72425375295587,6.574267076094364e-07,0.8730696294037525,0.8917923584324572,0.8798185005297421,0.8940096764615184,0.11099052429199219,6,3748,4761.0,805.0,998.0,28,28,24,24
360.7501345453222,72.78721538432595,7.622360130430542e-07,0.9225612125689586,0.9334664300166515,0.9273326402283617,0.9350230311329981,0.11100006103515625,6,3806,4368.0,814.0,914.0,37,29,33,26
249.39123776444956,42.43633001642765,1.6449146590777977e-06,0.9872041011709918,0.9919868660056884,0.9876804446820896,0.9921202347022638,0.11999869346618652,5,6379,6560.0,1362.0,1395.0,30,27,24,23
174.6322533584317,37.77622901059434,7.292870921638055e-07,0.994146823628041,0.994181606185137,0.9944852059723222,0.9943474478172998,0.12368345260620117,8,6583,6380.0,1421.0,1353.0,32,31,28,28
250.83062014036483,38.85533222229947,1.024515689893868e-06,0.9929412563400243,0.9964121209281916,0.9931482744017355,0.9964602893749875,0.11258268356323242,5,8732,8647.0,1928.0,1875.0,28,26,23,22
426.94555907828186,86.00490538335589,1.2230162072998473e-06,0.9822894961085856,0.98495417447421,0.9826802577320057,0.9851049278133676,0.12000012397766113,4,9426,9207.0,2141.0,2014.0,25,23,23,19
206.42149010930856,32.03977790842272,2.5696082447152407e-06,0.9962761083502311,0.9981282901657815,0.9963675927376369,0.9981472070783446,0.10799932479858398,5,9975,10099.0,2255.0,2215.0,26,24,22,21
313.34045717918895,57.382282246260246,1.7422135086597176e-06,0.9932898353727821,0.995306864712061,0.9934459191046303,0.9953551748553631,0.10101509094238281,5,11539,11672.0,2658.0,2591.0,26,24,22,20
793.2496585775082,156.0350855310006,1.4449597478057445e-06,0.961098287457208,0.9692574788211639,0.9618356741855277,0.9695329051418377,0.10499978065490723,4,12049,13988.0,2740.0,3184.0,23,21,19,18
829.595822775565,168.84204279937703,9.643588614243866e-07,0.9725789267530364,0.9773027789288653,0.9730176926204804,0.9774744631388104,0.10984611511230469,4,15515,17787.0,3674.0,4170.0,23,20,20,17
876.0072000750527,173.1612025926516,1.4667994407138942e-06,0.9722484185246353,0.9787134623543997,0.972660817085626,0.9788488112370914,0.10799980163574219,4,16384,18968.0,3906.0,4492.0,21,19,18,16
517.6981806516226,84.7691718727982,5.986196348671928e-07,0.9910098569269179,0.9953166725980575,0.9911382290233772,0.9953455242079763,0.10161566734313965,4,17136,18604.0,4166.0,4387.0,20,19,16,16
505.39880086587726,87.79278396694495,8.316063019141617e-07,0.9922124532691665,0.9954509988397304,0.9923193426135144,0.995478166647729,0.11099863052368164,4,18295,19736.0,4405.0,4699.0,20,19,16,16
595.6486660216183,111.37170309373921,5.645416733493718e-07,0.9922331912996215,0.9949772931440074,0.9923255927400981,0.9950016105758468,0.10282349586486816,4,22254,24207.0,5625.0,5987.0,18,17,15,14
382.6713668410533,94.8975873420043,3.781787165664881e-07,0.9969768715362614,0.9966069655431111,0.9970128447693786,0.9966238971560789,0.09759521484375,4,22920,24280.0,5972.0,5992.0,18,17,15,14
894.6625236646497,188.459268366757,1.3757927936084452e-06,0.9844854055899065,0.9876890494642684,0.984655549587004,0.9877401501803014,0.10501813888549805,4,23967,27191.0,6241.0,6939.0,17,16,14,13
657.4551077830333,247.1398473873986,1.6397254998472144e-06,0.9945430307981803,0.9874104820566527,0.9945957828375829,0.9874583715746683,0.11794257164001465,4,31598,33694.0,8933.0,9209.0,15,14,12,12
960.7415105011337,268.419253842442,5.269976339932622e-07,0.989121133507926,0.9863345915257822,0.9892092784373,0.9863766823513881,0.10000038146972656,4,32607,36513.0,9448.0,10342.0,14,13,11,10
977.2462479675563,294.7293779893684,8.556211658042947e-07,0.9898185240457522,0.9856362260858237,0.9898943032891544,0.9856869781199711,0.10200977325439453,4,35022,38902.0,10395.0,11390.0,13,12,10,9
9.468148358223656,3.272358986011977,2.1757030076976305e-06,0.9881588796019755,0.9695131049349364,0.9884917501119533,0.9782320116056411,0.1118929386138916,4,290,313.0,88.0,92.0,10,8,4,5
10.793516572461451,3.415650255319866,4.758353390243725e-06,0.9868781466555421,0.9736136296204677,0.9872435798730517,0.9808956397026816,0.1139991283416748,4,317,340.0,114.0,114.0,9,8,5,4
25.602530799382574,7.350595213994579,4.079746845769499e-06,0.9650238706464417,0.9433274758492594,0.9655953908507009,0.9550803111556623,0.11699795722961426,4,437,497.0,148.0,135.0,7,10,6,4
27.825160975874574,6.8404434554103775,1.8153342696860608e-06,0.9697358729429477,0.9624728455229085,0.9703673958125738,0.9717510766757658,0.1178586483001709,4,515,570.0,172.0,161.0,10,9,6,5
59.79531057421365,14.005951116102992,1.1051007368544571e-06,0.9438391466788602,0.9363138226121382,0.944825687978925,0.9426200037782071,0.1030876636505127,4,776,740.0,197.0,195.0,11,10,7,5
35.35769600336915,9.743053080699772,1.1278208441963067e-06,0.9817962558667431,0.9728705344273504,0.982283651702875,0.9751372484996136,0.10775303840637207,4,806,874.0,211.0,211.0,13,12,5,4
40.54171228232237,10.484978903588487,8.171068381079919e-07,0.9910128598852561,0.9855529656999849,0.9914781770128483,0.9883607396447294,0.1139988899230957,8,1235,1229.0,310.0,275.0,16,16,6,8
487.7472728513334,99.81330398385735,1.1146661978098166e-06,-0.24519756786801872,-0.09209569839621334,-0.16215562190897947,0.03997025333111626,0.11399602890014648,8,1359,2026.0,309.0,415.0,21,29,21,24
931.9393180208239,189.0366067979359,1.2529197512497554e-06,-0.4098104939547407,-0.16100398473708988,-0.299467661011356,-0.12217623432429892,0.12302088737487793,7,2312,4288.0,505.0,894.0,34,31,30,27
225.2475470383829,42.01658740332533,7.177982434181718e-07,0.9511773643222061,0.9630326950444978,0.9543483077077607,0.9639183667065448,0.10799932479858398,6,2982,3035.0,631.0,630.0,33,27,25,23
875.9477634028906,184.97624314034434,1.2498635604475392e-06,0.6907182020907544,0.7005652745288621,0.7031361353919875,0.7055853434972373,0.11787033081054688,5,4449,6548.0,939.0,1399.0,29,26,23,22
480.9074536200998,93.50119616459742,9.801394132216762e-07,0.903609018596438,0.9238978449921873,0.9079224315175002,0.9252468410225517,0.1190800666809082,5,4410,5528.0,973.0,1171.0,29,27,26,23
359.9232374300182,70.75368690412051,1.2956479314851058e-06,0.9785752171018334,0.9821489511269376,0.9792687444775509,0.982389862594494,0.11495161056518555,5,7059,6447.0,1577.0,1373.0,27,26,23,22
622.4752086763509,114.63792638855026,1.1241352068444376e-06,0.9745516904334164,0.9824789576261419,0.9750172373878822,0.9826195293035732,0.10500144958496094,4,11668,13303.0,2659.0,3012.0,23,21,20,18
1001.1851258633441,209.21231241651785,6.796696501022967e-07,0.9646875855993344,0.9698432721340146,0.9652032013101529,0.9700382435769365,0.10690593719482422,4,16704,19787.0,3970.0,4733.0,21,19,16,16
344.94084637804207,179.9068624779685,5.195368821340653e-07,0.9979673316645379,0.9902277793610172,0.9979896814504353,0.9902726166311034,0.10239934921264648,4,26028,26354.0,6943.0,6657.0,17,17,14,14
598.6886189831906,222.2985979862821,5.284506961146903e-07,0.995330248411299,0.989351971903475,0.9953717003725959,0.9893861730374194,0.10500121116638184,4,30663,32817.0,8594.0,8838.0,14,14,11,11
766.0212138054663,236.8802879796741,4.842475543166887e-07,0.9927212758959632,0.9887309079406601,0.9927820381134727,0.9887650700437495,0.10515809059143066,4,31808,34719.0,9089.0,9538.0,14,13,11,11
1067.6517798030718,335.2487260726479,1.0424378607217543e-06,0.9886182387201221,0.9831187320472492,0.9886978376722361,0.9831803726902425,0.10564374923706055,4,36399,41313.0,11444.0,12488.0,12,11,9,9
14.761647943234522,3.719318934070233,2.917654288745093e-06,0.9682616746711656,0.9539831428898347,0.9694013028998069,0.9692246084480304,0.10499930381774902,4,295,288.0,91.0,89.0,8,7,4,5
14.027874037073472,3.8581623432233467,9.169064974274978e-06,0.982826347373435,0.9748211163879138,0.9832990224062299,0.9815147193413083,0.10395503044128418,4,375,401.0,122.0,120.0,9,8,4,5
20.229670865669895,5.110242981829076,4.775514337689144e-06,0.9210872803028198,0.9019783773436593,0.9238539547265661,0.9324550059273629,0.12599897384643555,4,253,269.0,91.0,71.0,8,9,4,4
16.835292790246722,3.955481428768606,1.3724700543669669e-06,0.9761257545977818,0.9688981571674959,0.9769010943128854,0.9793762765391415,0.11700057983398438,4,359,375.0,126.0,99.0,10,8,4,5
24.772716847370617,6.033759193073585,2.129623634362123e-06,0.9720738320915592,0.9653459993127452,0.9727258448674629,0.9744502602491374,0.19501209259033203,4,457,508.0,161.0,161.0,8,8,5,4
18.278231588422333,6.004338709078072,4.367635497967022e-06,0.990952328137701,0.9800079280897708,0.9910828349087154,0.9836845453753488,0.11700034141540527,4,612,643.0,195.0,176.0,11,10,6,5
32.61342387218286,7.178527007680615,1.894375583390868e-06,0.9646160982908876,0.9671061726903769,0.9652442243111057,0.972984904311843,0.10448479652404785,4,561,584.0,160.0,153.0,10,10,4,5
76.07349790389117,15.607823892736189,1.18294795775844e-06,0.912356793589889,0.9275990082246766,0.9139338140280296,0.9350694495346413,0.1139991283416748,4,791,913.0,210.0,211.0,14,12,6,5
87.59734081378873,17.95419007297379,9.987392885554345e-07,0.9009660769726264,0.8891764242804224,0.9287255898996397,0.9452067987404122,0.12299942970275879,15,1004,1004.0,262.0,198.0,16,15,7,16
265.1834972882788,57.914922929002856,6.268262244558247e-07,0.9220572527000146,0.920172814048308,0.9261620112807591,0.9223542416365533,0.11829781532287598,6,2715,3293.0,580.0,684.0,29,27,29,22
295.32579690197986,60.364594014424675,8.119439984429178e-07,0.9314126748010011,0.9388597203346478,0.9348490863638306,0.9401747223219092,0.1230020523071289,5,3270,3736.0,720.0,783.0,27,25,27,21
497.1759716725162,100.98045945374463,6.05042093916768e-07,0.8253060183207943,0.847846885915452,0.8346944010519045,0.8511690219676458,0.1139976978302002,6,3422,4555.0,732.0,954.0,31,28,23,25
226.77303747649498,40.940650240381665,1.953974220294958e-06,0.9926593141761588,0.9949154946996625,0.9928939703568098,0.9949900468519676,0.10934591293334961,5,7706,7727.0,1683.0,1663.0,30,27,25,23
721.4678469389102,149.28415996570658,1.3605479521812536e-06,0.9401176991343727,0.9459837511346142,0.9414972305108679,0.9465543305886658,0.11444282531738281,4,8613,10311.0,1904.0,2277.0,25,23,22,20
628.013434318256,129.71766912880653,1.3625075123385932e-06,0.9601804032244945,0.9643326895572107,0.9611921752979097,0.964717582597366,0.1106882095336914,5,9156,10860.0,2034.0,2399.0,27,24,22,20
617.2576278724036,116.49043236821355,7.896326412162794e-06,0.9724912730104733,0.9797842763545431,0.9730320056805216,0.9799718552203286,0.10800027847290039,4,11081,12506.0,2507.0,2814.0,25,22,21,19
156.56335526082185,25.442401409334067,9.749380437320593e-07,0.9984038639032408,0.999118929693209,0.99843994746506,0.9991278107626067,0.10059928894042969,5,11799,11585.0,2678.0,2578.0,25,24,21,20
603.42345378957,108.06614486816241,1.0749080165118132e-06,0.9838073847442648,0.9897582780271871,0.9840561324542154,0.9898248527333227,0.10800027847290039,4,14642,16279.0,3491.0,3783.0,21,20,18,16
435.6637177916013,68.71961449736652,6.649125968981112e-07,0.9938349526822426,0.9970219587710872,0.993923980845048,0.9970413336019671,0.11101603507995605,4,17632,18780.0,4227.0,4440.0,20,19,18,16
167.65900413239567,74.95262392560605,6.854213958482284e-07,0.9991571296962115,0.9967410961689929,0.9991683482469766,0.996759127968495,0.11099815368652344,4,18408,18101.0,4569.0,4250.0,20,19,17,16
366.7206873084746,72.06868830035228,4.858579537617685e-07,0.9964805192694182,0.9974229766874867,0.9965270970243941,0.9974384230438451,0.10499954223632812,4,20027,21206.0,4950.0,5115.0,19,19,17,16
253.7122714152129,127.17536285250641,5.824035109483727e-07,0.9985212430947926,0.9931613089870811,0.9985395653944411,0.9931975325230005,0.10199761390686035,4,21779,21914.0,5536.0,5307.0,19,18,15,15
280.8010490839852,73.869747416201,5.542338820175417e-07,0.998313583295147,0.9978443086247994,0.9983336622206597,0.9978550420824996,0.09599971771240234,4,22552,23374.0,5690.0,5740.0,18,17,14,14
688.1974038505715,227.87791413386248,7.446107391935979e-07,0.9939015070206254,0.9889052158148496,0.9939592266180011,0.9889439358538425,0.1044149398803711,4,30853,33468.0,8704.0,9018.0,15,14,12,12
823.6883512591397,261.65578533638427,7.920958623985552e-07,0.9919876182251729,0.9871479326929753,0.992055285106286,0.9871863298329975,0.09900093078613281,4,32767,36110.0,9467.0,10072.0,14,13,11,10
1006.1542242204555,284.94283052336425,7.900274111548273e-07,0.9887007549914409,0.9857018382247483,0.9887926699678704,0.9857455711127355,0.10167050361633301,4,33905,38171.0,10018.0,11062.0,13,12,10,10
1128.0579643056174,342.3943723982624,1.2169757015993804e-06,0.9872413295997087,0.9823956419777979,0.9873310541688669,0.982464481623248,0.10067439079284668,4,36535,41345.0,11366.0,12504.0,12,11,9,9
18.983819864997315,5.367727638395972,1.955827171680475e-06,0.9416264178408201,0.8954404843658449,0.9436979343812502,0.9301020923885576,0.10799908638000488,4,272,298.0,91.0,83.0,8,9,4,4
15.642157246790909,3.265986323710904,1.9170436487868584e-06,0.9647077510887146,0.9699121089804569,0.9663866897874266,0.9804746900309373,0.10651254653930664,4,297,327.0,115.0,93.0,8,8,4,5
8.625301927082514,3.392700497637047,2.065267664731409e-06,0.9888208779469841,0.9598254710603644,0.9892392559236262,0.9738364686951573,0.10834550857543945,4,279,274.0,97.0,79.0,8,7,4,5
18.866858067344793,5.443842086859855,2.2849955638525745e-06,0.9752540439745458,0.9502883012785218,0.9759827984771244,0.9652506351377761,0.11602067947387695,4,412,399.0,118.0,103.0,9,9,3,4
17.90745887426056,5.725491245299393,2.956323615963054e-06,0.9875453804957564,0.9729280789189082,0.9877725410633699,0.9791593544499116,0.10799837112426758,4,532,539.0,161.0,145.0,10,9,4,4
23.815917296351753,4.789311015167004,1.8599856157154157e-06,0.9439844380928016,0.9605340685650361,0.945380650054825,0.9704107464084062,0.11099720001220703,4,331,363.0,131.0,131.0,9,8,5,4
92.12949446295687,21.106870919205434,1.7020886817564905e-06,0.8928761549860875,0.8895608091678026,0.8944814012282725,0.8998570630976368,0.10102033615112305,4,882,934.0,259.0,234.0,13,12,7,4
19.971594411396737,8.424913451583148,1.2240369595719994e-06,0.9951331272220959,0.9813732426931984,0.9952118730902004,0.9835393928852686,0.10799860954284668,4,859,913.0,237.0,237.0,15,11,5,4
133.38200934408908,27.705106328376843,1.2834141053731912e-06,0.7246328572270111,0.771274405322352,0.7329687635525647,0.7850952830183451,0.09897208213806152,4,812,748.0,227.0,227.0,13,10,5,4
43.09813729388136,11.773613613843876,1.1601271192752884e-06,0.9809569717293408,0.9605871687802441,0.9840328483831354,0.9767378821467988,0.12458062171936035,11,1030,1041.0,253.0,217.0,12,12,7,12
211.54606964756715,44.63206059922994,9.65741701654961e-07,0.1253828700168953,0.22837231612078546,0.20067188730679753,0.27645472577212615,0.10715508460998535,4,781,735.0,185.0,171.0,15,13,6,4
93.9446893185708,21.4050091942202,6.067186073467361e-07,0.9143140501453614,0.8978103083466735,0.9261341450510872,0.922474742069101,0.12599992752075195,14,1076,1115.0,242.0,225.0,20,26,18,14
123.93641128640603,26.91159680422534,7.014471043468999e-07,0.9274790762620351,0.9291219906306104,0.9318368494227038,0.9354242839769804,0.12299919128417969,6,1438,1583.0,331.0,331.0,20,20,7,6
240.85227257449966,47.82382543847671,6.17130595238108e-07,0.9605524437188727,0.9670323733180137,0.9633259080171814,0.9678719163499994,0.11419320106506348,7,3469,3551.0,744.0,738.0,35,30,33,26
499.4594024911755,100.25887544383868,1.1102021516684719e-06,0.9398968153385893,0.9482496059105482,0.942002242638706,0.9489969355213894,0.11400032043457031,5,5864,6918.0,1287.0,1484.0,28,26,25,22
564.6161341543194,118.92292948752456,1.177524314908546e-06,0.9418723765252784,0.9445383639217304,0.943635525853843,0.945230136101004,0.12299966812133789,5,6647,8094.0,1445.0,1750.0,27,25,22,21
559.4250149648485,109.34031856162618,1.2709433105452274e-06,0.9580544646440688,0.9662447444960822,0.959313320364428,0.9666998471651365,0.12029814720153809,5,7852,9142.0,1743.0,1991.0,26,25,24,21
463.0858451734408,83.8855246749998,5.407433164248299e-06,0.9779368998678954,0.984740284329257,0.9784377375737028,0.9848967461597915,0.11524534225463867,4,9116,9497.0,2013.0,2088.0,27,23,20,20
250.27990580548013,55.25047134037259,9.116679627134708e-07,0.9946733440083618,0.9947605199948557,0.9947832633926106,0.9948105149899866,0.11700248718261719,4,10130,9985.0,2338.0,2200.0,24,23,22,20
341.0465205315349,75.28439136589559,1.6822882037597566e-06,0.9933049398927476,0.9934190127873075,0.9934263380361841,0.9934748447154452,0.11643433570861816,4,12624,12143.0,3006.0,2723.0,23,22,20,18
485.9796056249,77.59496869428241,8.90583778585268e-07,0.9886168105355813,0.9942065525084429,0.9887991805536036,0.9942468422700567,0.11754870414733887,4,13873,15190.0,3321.0,3489.0,22,21,18,17
385.6935716990886,58.17296408126373,1.0544191281134287e-06,0.9945824308744209,0.9975782635884487,0.9946601252725714,0.9975930947745197,0.11699914932250977,4,16388,17420.0,3900.0,4080.0,21,19,17,16
756.1053167383496,155.20567671104473,6.30353425649825e-07,0.9823491172477452,0.9856900665103725,0.9825822147883551,0.9857686680862495,0.11399722099304199,4,18126,20642.0,4352.0,4968.0,19,18,16,15
346.9612880663586,53.3970972993851,6.448991265509568e-07,0.9967369041912557,0.9985366009236097,0.9967774437832976,0.998543799092201,0.10499715805053711,4,19612,20571.0,4739.0,4948.0,19,18,16,15
588.8821861515822,118.65039682473324,2.7034834307814284e-06,0.9911077836099949,0.9932447381497967,0.9912149842055216,0.9932778330469166,0.10199975967407227,4,20317,22285.0,5093.0,5429.0,18,17,16,14
202.1123862277289,110.99784157060593,5.192368014866702e-07,0.9990132809242203,0.9944987197202753,0.9990259098938087,0.9945298751843803,0.1016087532043457,4,21245,20943.0,5393.0,5039.0,19,19,16,16
280.7937966729322,134.21042247158005,5.017184586290693e-07,0.9982162086710246,0.992549267685955,0.9982380569596172,0.9925889430542362,0.09792160987854004,4,21951,22260.0,5745.0,5421.0,18,18,16,15
620.1892100399683,143.21683734812748,7.038475023430705e-07,0.9931813875809447,0.9935597299591981,0.9932543706920555,0.9935864650259743,0.10396957397460938,4,25284,27575.0,6682.0,7085.0,16,16,14,13
781.5600784648612,192.4723464985728,5.057698737618159e-07,0.9899596563316502,0.9893236000368782,0.9900598643074453,0.9893626361563342,0.10499811172485352,4,26567,29543.0,7128.0,7698.0,16,15,13,12
759.9641850113727,209.34938898087728,5.014899470663488e-07,0.9918480948732987,0.9896387504259961,0.9919216102115042,0.9896731399150195,0.10499906539916992,4,29178,32240.0,8291.0,8636.0,15,14,12,11
661.3221290213517,232.0874700409309,4.840654339375618e-07,0.994429661976351,0.9886160190336903,0.9944798567425376,0.9886522534818852,0.10499811172485352,4,31134,33630.0,8731.0,9164.0,15,14,12,11
749.3358656726191,257.8724450511661,5.928202876976894e-07,0.9931659417142779,0.9869505841971316,0.9932224792757716,0.9869893297014647,0.10399484634399414,4,32047,34906.0,9245.0,9580.0,14,13,11,10
16.413916859380844,5.410252612709811,1.7243611666079303e-06,0.9819912687959492,0.9568309680194542,0.9824161048355855,0.9688714953291734,0.11470460891723633,4,426,432.0,136.0,136.0,8,9,5,4
15.465687828221544,5.71456472533123,2.189478226443869e-06,0.9906006282834797,0.9729074575787823,0.9907970300610833,0.9790239534408043,0.1101219654083252,4,534,535.0,153.0,153.0,10,9,5,4
52.42067419762296,11.2305387226081,1.6367571267122438e-06,0.9290513837734858,0.9320863576351169,0.9302124715840441,0.9438569652788623,0.10870885848999023,4,606,630.0,175.0,165.0,9,9,4,5
28.926434905871762,11.065918193017037,6.33793261544092e-07,0.9926789387629744,0.974571465584069,0.9934509286469866,0.9804122768563253,0.12599873542785645,12,1039,1070.0,238.0,220.0,19,20,8,12
283.4217780187669,60.4384687979295,7.197695195994259e-07,0.8331691497428215,0.8381254072635136,0.8437965351548959,0.8437968965512598,0.11099886894226074,6,2067,2645.0,447.0,546.0,28,27,28,23
204.2920171246776,42.671266169657294,5.651804709761066e-07,0.8947998404835638,0.9036848788056266,0.9054316564322166,0.9075933848123301,0.12299966812133789,8,1956,1948.0,421.0,399.0,29,28,24,24
548.0233824022242,113.76104108210818,7.673068548671524e-07,0.7365308515639143,0.7585735341899533,0.7514760579916235,0.7638730237233747,0.12425684928894043,6,3132,4300.0,668.0,899.0,32,29,32,25
607.1824142797009,126.56689514785619,9.943767894778572e-07,0.776684720989736,0.791498457696997,0.7872696100001404,0.7954962897612866,0.11999964714050293,5,3599,5023.0,763.0,1059.0,32,27,27,24
274.9515569980504,54.46179354852114,5.938907577523553e-07,0.9512038747920302,0.9592233091078851,0.9550683426466626,0.9604988811237147,0.11999917030334473,8,3663,4136.0,786.0,862.0,37,32,33,28
408.6825746328202,77.3430462841401,8.75224226227627e-07,0.9484508080788093,0.9602610080943293,0.9509293525012944,0.9610230485323271,0.11100006103515625,6,5164,4745.0,1118.0,997.0,32,28,26,24
426.5795662192336,88.46135046626742,1.2638270754666035e-06,0.9629239086090093,0.9658432787299863,0.964192714333965,0.9663382249114436,0.1066436767578125,5,6304,5768.0,1378.0,1228.0,29,25,25,21
224.64946123857632,53.05022230826673,1.3875175456498084e-06,0.9903204497412701,0.9884197520455607,0.9908347932230416,0.9887010643011094,0.11999821662902832,8,6518,6057.0,1429.0,1283.0,33,31,30,27
429.0227514673269,93.1432778721361,1.6529877362174572e-06,0.9779617288443347,0.9777362351279361,0.9787018035849725,0.9780586422665999,0.1119992733001709,6,8386,7393.0,1826.0,1586.0,30,27,24,23
743.9170050594802,148.1385190736472,2.227647110968298e-06,0.9616454203264295,0.9687520660423163,0.9623618978097914,0.9690104357035108,0.10758852958679199,4,11387,13263.0,2617.0,3003.0,24,22,21,18
318.6856470986208,67.25882841679596,1.0423023135691968e-06,0.9935897405941838,0.9941877770369524,0.9937067041661493,0.9942369238008243,0.11211681365966797,4,12001,11696.0,2779.0,2616.0,24,22,20,19
653.1030897441332,122.94786327274392,8.203011307846358e-07,0.9765400826117127,0.9832490656900502,0.9769383336966639,0.9833753148849504,0.1293656826019287,4,13030,14705.0,3039.0,3369.0,23,21,19,18
379.37517160896726,67.33544757406756,8.6257822012454e-07,0.9933567590991796,0.9957879424916799,0.9934618837901139,0.9958163109832888,0.11683011054992676,4,14327,15347.0,3332.0,3533.0,22,20,17,17
813.3639317160963,164.81457383981552,1.1815056154527357e-06,0.9743946142182,0.9792554727971178,0.974771720741394,0.9793895786599034,0.11264729499816895,4,15834,18355.0,3802.0,4339.0,21,19,17,16
114.26476928607522,71.95846602960164,1.3718540207929237e-06,0.9995493866187702,0.996574582400329,0.9995561213422159,0.9965992402077052,0.14699578285217285,4,17048,16855.0,4155.0,3926.0,21,20,18,17
324.45772066634504,64.04718312827401,7.743712891510857e-07,0.9975215893375254,0.9982168205574912,0.9975506116493305,0.9982249805114087,0.10200095176696777,4,21400,22305.0,5456.0,5446.0,18,17,14,14
348.8250815236771,171.20142255055399,4.613797949887891e-07,0.9973105930575092,0.9881232693685775,0.9973423524409015,0.9881793191901113,0.10107684135437012,4,22207,22170.0,5604.0,5394.0,18,18,15,15
292.7458368619441,116.72242715091218,2.189374883796339e-06,0.9982362036834955,0.9948954335831908,0.9982556535161391,0.994917752084086,0.11100220680236816,4,23136,23791.0,5977.0,5891.0,17,16,14,14
584.5326035246736,128.38759675295742,7.263447755383923e-07,0.9937386844331728,0.9946543705940273,0.9938027589192726,0.9946752242441602,0.11319327354431152,4,24979,26968.0,6570.0,6877.0,16,15,13,13
731.3441463611141,204.2000652954515,4.929981504166677e-07,0.9924543146869947,0.9901937029248067,0.9925222897842089,0.9902261706795856,0.10799574851989746,4,29247,32161.0,8103.0,8625.0,15,14,11,11
720.2985130601525,226.23040891238884,4.6423740104618683e-07,0.9934108551831692,0.9893372973282945,0.9934658524593144,0.9893718962432256,0.10800004005432129,4,31408,33914.0,8815.0,9259.0,14,13,11,11
922.5349417501757,261.4589276221665,6.046781476325994e-07,0.9896673584446294,0.9865818977012104,0.989753351080501,0.9866219106572732,0.1082465648651123,4,32107,35942.0,9301.0,10047.0,14,13,11,10
1026.5078391079144,313.3349179924467,1.0456641354913816e-06,0.9891247332565843,0.984536559211145,0.9892013527794282,0.9845887264744178,0.10799884796142578,4,36044,40306.0,10896.0,12098.0,12,11,9,9
1241.842704243711,385.90328289611637,1.8532453375154222e-06,0.9846039023381815,0.9781016508176866,0.9847075532618711,0.9781974343225616,0.10499882698059082,4,36637,41893.0,11454.0,12985.0,11,10,9,8
13.763251190519387,3.315054046819348,2.4437057103378786e-06,0.9809447513599279,0.9749654378193433,0.9815717911335355,0.9826992995594143,0.1047983169555664,4,327,352.0,110.0,104.0,7,7,4,4
7.806914670128441,2.3206500526073865,1.4426553629397191e-06,0.9917066831528212,0.9824411884887047,0.9920535991865037,0.9890493385546313,0.12391304969787598,4,296,298.0,107.0,87.0,10,7,4,5
21.22277667978439,5.644872304431105,6.2222745766496775e-06,0.9711266019109203,0.956001121906666,0.9717888693045498,0.9677205551895671,0.10800004005432129,4,416,439.0,136.0,132.0,10,8,4,5
15.049916943292411,4.380353866983808,5.010330572039481e-06,0.9852599630266163,0.9755023736785728,0.9855809856170862,0.9811560102301791,0.10936546325683594,4,405,441.0,134.0,134.0,10,9,5,4
15.714907996336898,4.408798022137099,1.5311381161066788e-06,0.9856038264201116,0.9766796367441005,0.9858808254600185,0.9814865138778223,0.11400294303894043,4,433,450.0,134.0,126.0,10,9,6,5
31.620141260489863,7.020802423275182,2.8488587567328612e-06,0.9524197436781241,0.9522691968878817,0.9532188211136097,0.96148234370008,0.10980916023254395,4,493,523.0,133.0,132.0,10,10,4,5
64.2547825716758,14.896168411149672,1.8520303851234765e-06,0.8602202418231466,0.8519861438222611,0.8622872837158422,0.8681688152100833,0.11431336402893066,4,536,629.0,155.0,153.0,10,12,6,4
166.74918387380686,38.53974348587428,5.167463017187322e-07,0.9441628475941735,0.9346023469857369,0.9481229886608453,0.9371565262083591,0.12001180648803711,7,2120,2459.0,446.0,507.0,30,28,23,23
370.27227535252604,72.26049368339812,9.855145256998893e-07,0.9357291908587864,0.9483473257489188,0.9383461524926874,0.9492742479364259,0.13341093063354492,5,4145,4863.0,920.0,1027.0,31,25,23,21
415.9352701276609,86.10600838995536,8.611660223193995e-07,0.9243356271004258,0.9301899613461194,0.9282417278206538,0.9315529194254826,0.13424229621887207,6,4339,3771.0,927.0,788.0,31,28,31,24
415.60148429715696,70.2582290553925,8.606017199476261e-07,0.9872521605630511,0.9923639557531468,0.9874952488888014,0.9924259886126658,0.12674832344055176,4,11049,10779.0,2467.0,2395.0,25,22,21,19
807.7854113768913,158.49116037390434,6.667851448349792e-07,0.9586856150462238,0.9679891229183932,0.9594371120982704,0.9682567659308283,0.12150907516479492,4,12029,14022.0,2824.0,3202.0,24,21,21,18
448.29360496219437,149.9156707396973,9.844230130426703e-07,0.9932014233073003,0.985318357809519,0.9932982325973772,0.9854090665088199,0.12060093879699707,4,17338,15882.0,4177.0,3672.0,21,20,18,17
339.44544235168826,49.47884649019215,7.019765372499663e-07,0.996650695659085,0.998658164796551,0.9966952121178562,0.998665876668655,0.17699885368347168,4,18764,19801.0,4721.0,4730.0,19,18,16,15
182.32700133734076,71.87112308384594,5.7788645913514e-07,0.9991032577045963,0.9973718224688031,0.9991148759391121,0.9973858583867684,0.09900045394897461,4,19568,19689.0,4856.0,4700.0,19,18,16,15
593.4293256853198,104.44745489160248,3.7387025220172673e-07,0.9917158131595414,0.9952927667463551,0.9918137867565602,0.9953148810055871,0.09907841682434082,4,21450,23358.0,5383.0,5773.0,18,17,15,14
458.4257937042083,147.85902632800835,4.264663202750261e-06,0.9964801406701799,0.993656118205816,0.9965162340030179,0.9936805559625121,0.13667702674865723,4,26363,27730.0,7007.0,7133.0,16,16,14,13
658.8037770585918,199.402701837262,9.724569054900478e-07,0.9942752698138306,0.9913480525498336,0.9943244420483763,0.9913746024406156,0.11963057518005371,4,30794,32983.0,8618.0,9015.0,14,14,11,11
6.8753787774444355,2.690647381827157,1.4600221390399788e-06,0.9905796417479585,0.9704865995360663,0.9908427707983669,0.9772608297343279,0.14699959754943848,4,239,254.0,83.0,83.0,9,8,5,4
10.953024696402359,3.5118845842842465,3.847896343261065e-06,0.990867622678965,0.9810940639512449,0.9910629331532542,0.9853432767976644,0.13944149017333984,4,396,396.0,119.0,117.0,10,8,6,4
14.439168374021177,2.753785273643051,1.0195698088276311e-06,0.9809424465237426,0.9833172763391199,0.9815146991298166,0.988729540555386,0.13448834419250488,4,355,344.0,112.0,98.0,9,7,4,5
21.86916588868141,7.115856706445589,4.250063774693259e-06,0.9661921562422655,0.9196773295727695,0.9669408981555947,0.9392448209990696,0.13154840469360352,4,405,412.0,119.0,117.0,11,10,6,5
23.220411279734044,5.63748614188984,4.120061432120315e-06,0.9708568622711753,0.9658426656006105,0.9715385624024607,0.9744931122624927,0.11822938919067383,4,469,487.0,155.0,155.0,9,9,5,4
8.85473037421242,4.315669125408017,3.1315480288464503e-06,0.9975681982229141,0.9870692772391316,0.997614250703373,0.9900043040751076,0.12095427513122559,4,578,599.0,168.0,168.0,10,9,4,5
15.809082305223582,4.839077046985992,1.7118008362825913e-06,0.9890734317796007,0.9775303898541081,0.9892378650098765,0.9818820197099124,0.12032532691955566,4,489,486.0,133.0,135.0,9,9,6,5
34.3874977280988,8.96172416446746,2.702747224092581e-06,0.961124245696742,0.9424359808717229,0.9617954501477337,0.9533824508568801,0.10199928283691406,4,544,594.0,151.0,149.0,9,10,7,5
43.569747723238734,9.11157688511343,2.0884129141041273e-06,0.9775523704936872,0.9786892697665713,0.9778483916570834,0.9810529771121865,0.10427379608154297,4,874,868.0,246.0,226.0,12,10,6,5
50.701742244884116,13.199195051214298,9.719067021478292e-07,0.9668458015539284,0.9557884707423129,0.9677611812517223,0.9592713653346353,0.10491275787353516,4,857,909.0,236.0,236.0,14,12,5,4
53.331562470600424,13.43006577298364,1.054208335209907e-06,0.9763001969498015,0.9598659633002548,0.978749552219802,0.9727900351687916,0.13199996948242188,10,1082,1082.0,260.0,227.0,15,14,8,10
155.25388636285157,35.89973828304614,8.791686034656673e-07,0.8496734985930088,0.8325702853923862,0.8626180747692214,0.8536799742243202,0.11699795722961426,9,1339,1281.0,307.0,271.0,27,20,25,10
405.24941327103943,81.88028111079376,8.528127990310593e-07,0.43944218647410116,0.5140577218581274,0.48999408620135265,0.5443269165423958,0.1230001449584961,8,1729,1335.0,372.0,274.0,36,20,31,9
292.49626293302833,60.065567011604344,6.12933593864588e-07,0.8379513589708647,0.8575977115831698,0.8475303656504427,0.863113707064988,0.11571240425109863,6,2141,2748.0,458.0,569.0,29,26,25,22
400.74265734927053,85.36896517501992,6.997040405268244e-07,0.8036048154204412,0.8103492955011637,0.8167801903132439,0.8154941012467473,0.1127314567565918,7,2622,3504.0,565.0,727.0,30,30,24,26
428.7629697286443,87.05787548642871,1.0233500548045543e-06,0.9448695876958118,0.9507691676183977,0.9468506211565351,0.9514534747548706,0.11699867248535156,5,5199,6057.0,1129.0,1292.0,29,25,22,22
489.79263256674926,95.50087259636253,1.6337618626171146e-06,0.9696247040702628,0.9748354355715321,0.9703386309812341,0.9750943845341009,0.11970734596252441,4,8154,9043.0,1786.0,1982.0,26,23,21,20
276.3896182070368,47.15283102512733,1.0745751214821476e-06,0.9905729010354521,0.9942274312487542,0.9908276043505099,0.9942919555798341,0.11700105667114258,5,8345,8771.0,1890.0,1907.0,26,25,23,21
306.14131583822183,47.978613656722644,1.1471590789005229e-06,0.989991356938268,0.9948979485758954,0.9902528310963894,0.9949548829230744,0.10799837112426758,5,8836,9526.0,1978.0,2087.0,26,25,21,21
385.63044971838,71.97793353984724,1.4479595329817865e-06,0.987947503076591,0.9912204075761668,0.9881795671399454,0.9912961607537969,0.10687923431396484,4,10530,11246.0,2352.0,2509.0,24,22,22,19
896.7211743810522,187.71232422690488,2.2181709541779312e-06,0.9569401162868324,0.9617503571108198,0.9576643007871662,0.962040393313293,0.12000036239624023,4,13288,15568.0,3046.0,3606.0,22,20,20,17
391.4162319918103,77.58382563395543,3.97905193518763e-07,0.9959636168140603,0.9970356345798279,0.9960125394687214,0.9970498555775246,0.09720110893249512,4,19927,21234.0,4974.0,5148.0,18,18,15,15
367.74216794288543,64.87760913186203,3.490516811837917e-07,0.9966018952982485,0.9980562034483647,0.996645634559659,0.9980672543161725,0.10040640830993652,4,20470,21692.0,5243.0,5275.0,19,18,16,15
556.9475495202997,110.9800563915277,6.431792015204488e-07,0.9932377387805836,0.9951446888267719,0.9933150282301614,0.9951662094888074,0.10127544403076172,4,22412,24314.0,5833.0,6060.0,17,16,14,14
361.81534482384797,106.3940689919634,2.566914776574499e-07,0.99733091614813,0.9958026007949002,0.9973623635065071,0.9958236165574917,0.11400246620178223,4,23438,24522.0,5993.0,6112.0,18,17,15,14
331.62519631857487,129.75642244862743,8.068280089372042e-07,0.997994963930908,0.9945848595025966,0.9980162241871776,0.9946067800982552,0.10199999809265137,4,25117,26137.0,6623.0,6603.0,17,16,14,13
601.0928762124313,207.0756453971994,3.598383986749266e-07,0.9952748736435111,0.9907061111980311,0.9953162814403305,0.9907348990906585,0.10519671440124512,4,30773,32965.0,8718.0,8980.0,14,14,12,11
770.5571577328533,233.09965233064304,7.274621374916642e-07,0.9925712857484229,0.9889307579914898,0.9926329372947217,0.988963665746799,0.10499978065490723,4,31753,34635.0,9144.0,9518.0,14,13,11,11
926.4016801132577,273.66615915503087,6.902138908459337e-07,0.9901632014686478,0.986534013914505,0.9902385861679871,0.9865786599809051,0.10116696357727051,4,33587,37312.0,9924.0,10643.0,13,12,10,10
24.828998503094454,6.512008138815553,1.1686397686612146e-06,0.9420482362605141,0.9205562945785347,0.9434646590210695,0.9388844819127491,0.13081884384155273,4,368,382.0,117.0,117.0,10,8,5,4
8.872945771651413,2.592055169165965,1.7084750413762095e-06,0.989443577353467,0.9795330616087239,0.9898186408696513,0.9862783941508942,0.10554909706115723,4,293,281.0,97.0,82.0,8,8,3,5
38.424303290148714,9.41242529850835,1.8614672071211423e-06,0.941096066637749,0.9283339297606155,0.9423727214808255,0.9441872881676263,0.10843515396118164,4,518,587.0,162.0,162.0,8,10,5,4
23.84520392028552,8.370956735443487,1.8698408889086548e-06,0.9863122020795796,0.963947256046823,0.9865050263269914,0.9685625691563894,0.10790705680847168,4,636,669.0,172.0,165.0,12,11,6,4
64.53882875189684,14.94852278097516,1.6541028090158775e-06,0.8944776971009463,0.8876905679343273,0.8965599376432836,0.9061540205359606,0.10199642181396484,4,626,644.0,182.0,178.0,10,10,4,4
160.4700170549825,33.55117462446462,7.746456189836858e-07,0.8314101640085381,0.829611214691836,0.8436464054398307,0.8620416048592083,0.11871600151062012,9,1187,1199.0,279.0,267.0,17,16,5,10
341.4124993857754,70.8460896666332,7.410074976469158e-07,0.9270674774061994,0.9325448515880544,0.9303301355098634,0.9338115934704548,0.11537432670593262,5,3679,4351.0,799.0,916.0,29,26,29,22
313.66079566442806,61.85024358544554,1.07036574757062e-06,0.9753698272024117,0.9791158211529932,0.9762807498791513,0.9794462613386317,0.11528611183166504,5,5760,6089.0,1224.0,1298.0,30,26,23,22
677.3120664927407,135.6649902640078,1.7639580669741714e-06,0.94052597498324,0.9491697590274447,0.9419206045950813,0.9496905286379123,0.10812759399414062,4,8035,9458.0,1834.0,2081.0,27,23,23,19
578.0501257820698,120.18146002330532,1.3221923282162436e-06,0.9660021551091187,0.9688397511741746,0.9667296009819029,0.9691261307945868,0.10837149620056152,4,9368,10455.0,2064.0,2316.0,26,23,21,20
792.2951233599763,154.05795716764086,1.0624222511872323e-06,0.9587644094000493,0.9686880173404141,0.9595008823978205,0.9689365293449352,0.12000322341918945,4,11738,13966.0,2765.0,3185.0,23,21,19,18
486.67415091277104,78.43800630646685,1.0002906722385537e-06,0.9893504485292508,0.9945717353087634,0.9895130149313409,0.9946068058845015,0.10614013671875,4,14602,15977.0,3489.0,3703.0,21,20,17,17
137.80881986771868,57.06666423286599,1.4292015561993157e-06,0.9992812827814698,0.9976225529723979,0.9992912491759951,0.9976359521249718,0.10308122634887695,4,16155,16430.0,3913.0,3821.0,20,19,16,16
539.3984110407939,89.32484023681953,1.2914358908578104e-06,0.9907543957523451,0.9951598438016344,0.990878147559251,0.9951863490299461,0.11047196388244629,4,17791,19515.0,4397.0,4664.0,19,18,17,15
396.97458724289476,75.25020764090954,4.3941520691795605e-07,0.9956134267944158,0.9970462888582939,0.995667018905931,0.9970606864849142,0.10432314872741699,4,19182,20571.0,4852.0,4954.0,18,17,15,14
483.26203856362093,103.729214785421,7.583781550708743e-07,0.9943733944792719,0.995208377067923,0.9944381111408034,0.9952295860928646,0.10260963439941406,4,21118,22710.0,5334.0,5591.0,18,17,14,14
869.0886210565641,188.4793036825706,9.038715460594733e-07,0.9828793030457097,0.9853495776323208,0.9830679499356337,0.9854111901187562,0.09999895095825195,4,21923,25063.0,5627.0,6294.0,17,16,14,13
534.3149527666243,119.65353630378,3.8189257952989637e-07,0.9943026773875627,0.994874417595382,0.9943625423319724,0.9948943574684924,0.1049957275390625,4,23770,25566.0,6183.0,6461.0,17,16,13,13
353.4197958283227,190.72536975102884,8.853429438741295e-07,0.9978704716803576,0.9890151098686643,0.9978930268059926,0.9890602443749451,0.10500168800354004,4,26157,25866.0,6896.0,6494.0,17,16,14,13
965.6328128055025,296.5722930416798,8.592014602701435e-07,0.9899449918285759,0.9852815346535259,0.9900232396813816,0.9853242620208286,0.10999822616577148,4,34966,38881.0,10479.0,11309.0,13,12,10,10
1121.2130568049945,355.41201149745444,1.1169997393285595e-06,0.9878289808781326,0.9819228902238125,0.9879047885442829,0.9820206373180718,0.10499882698059082,4,37426,42276.0,11820.0,13171.0,11,10,8,8
29.29750415991096,5.902859476558797,1.1199805038842024e-06,0.916489362847668,0.9298644115180319,0.9188946450681791,0.9517431541280378,0.11500191688537598,4,342,339.0,128.0,128.0,8,7,5,4
39.27440854636345,8.968114814905825,1.8479894889675786e-06,0.9265939558500239,0.9249389661244268,0.928012984128457,0.9405913275033685,0.12499737739562988,4,505,538.0,152.0,152.0,8,10,5,4
20.045261285401097,5.066228051190222,2.436470543748925e-06,0.9809422189504624,0.9751276508045996,0.9812819788031681,0.9799313299631434,0.11546564102172852,4,486,470.0,155.0,155.0,8,8,5,4
27.992372472991043,7.277247648206933,2.07572636844601e-06,0.9742443766829529,0.9655335250915166,0.9746794070195364,0.9718641147426117,0.11086535453796387,4,549,622.0,167.0,167.0,10,10,5,4
34.975288895637924,7.714974616506093,3.0496421932039923e-06,0.9723969920051359,0.971714808309332,0.9728044161807948,0.9763749371076762,0.09999942779541016,4,651,659.0,182.0,183.0,11,9,6,5
67.53371071793207,14.716770479060049,2.5133253408466867e-06,0.8985164284571923,0.9037610689871641,0.9002755830624297,0.9193956659818736,0.11500263214111328,4,665,681.0,200.0,195.0,9,9,4,4
49.354056739711545,10.059717524198513,4.369785729522652e-06,0.919508440549935,0.9299309715188302,0.9206887031207444,0.941395590861235,0.10499835014343262,4,539,532.0,162.0,162.0,9,9,5,4
40.80824058937116,9.487930930046515,2.327539863900319e-06,0.9652850139840649,0.9593454118931057,0.9657637809545762,0.9652778559023788,0.09752368927001953,4,657,651.0,190.0,184.0,10,10,4,4
98.29005434228173,19.77509412938626,1.1530787815275984e-06,0.9135699653344541,0.9137854005384147,0.9194095034908973,0.9370907618718434,0.13247251510620117,8,1093,1098.0,267.0,267.0,12,13,9,8
35.70746404473086,10.96336637620264,7.234829146695389e-07,0.990127118539771,0.9781585560546381,0.9911923245618911,0.9827787226762705,0.12091445922851562,13,1084,1113.0,257.0,257.0,34,22,14,13
136.33340702975346,28.94731090292565,5.84603175071429e-07,0.9308450406246497,0.9361775380162937,0.9348913880735008,0.940429182904341,0.11300182342529297,6,1592,1859.0,344.0,385.0,22,22,17,17
200.17663395763427,44.89407823833301,6.796229464755892e-07,0.8564139141895207,0.8457491942029032,0.868389557920567,0.8543791978755371,0.12112283706665039,8,1632,2013.0,358.0,413.0,35,28,33,24
420.3489363146641,86.05458328495831,6.985124753254764e-07,0.7171808325614799,0.7528402378089329,0.7393111855693938,0.7611761690879004,0.12300419807434082,8,2400,3187.0,528.0,659.0,33,32,28,28
232.2832889292501,43.83245613157351,7.398409050756635e-07,0.9416496264521361,0.9573097132847135,0.9448493593239825,0.9582764203723455,0.11688685417175293,5,2822,3029.0,602.0,631.0,30,25,29,21
591.8828653676245,125.41891907984973,9.874989904619032e-07,0.8404744559209891,0.8455536923453996,0.8471155237634059,0.8481243013126961,0.11755561828613281,5,4226,5584.0,902.0,1188.0,29,26,29,22
658.0405256010706,135.34696924325027,1.369533007312777e-06,0.9025747407719474,0.9117161994501075,0.9052506323260819,0.9127328397432887,0.1100301742553711,4,5934,7392.0,1297.0,1603.0,28,23,23,20
262.8042107567711,52.42766039475808,1.3510718816310948e-06,0.9876642107946639,0.989292382789096,0.9881345978486773,0.9894745696697664,0.11086916923522949,6,6710,6359.0,1453.0,1354.0,29,28,26,24
249.42314500294052,30.71001893776516,2.118639215737304e-06,0.995078656901759,0.9984501546406994,0.9951922179619775,0.9984647886042438,0.1138925552368164,5,10466,10779.0,2395.0,2391.0,25,23,21,20
419.01214431485556,66.22137746478347,1.5419410030055826e-06,0.990673215350279,0.9953178351739786,0.9908297876628557,0.9953530822737459,0.12100338935852051,4,13225,14140.0,3135.0,3230.0,22,21,19,17
431.67469426255076,67.35926687051554,2.463734744136499e-06,0.9911394464254044,0.995659405835901,0.9912869909631146,0.9956939146347998,0.0989985466003418,4,14066,15064.0,3275.0,3466.0,23,21,18,18
370.11341167269256,58.67912391415991,1.253120057109175e-06,0.9953048765655337,0.9977345861285436,0.9953700514865192,0.9977482118076454,0.10999846458435059,4,17103,18270.0,4116.0,4325.0,21,19,16,16
573.3476439589974,106.33947213209841,5.171478091655723e-07,0.990796586770255,0.9940834663408787,0.9909141847284811,0.9941145073100136,0.11000227928161621,4,19354,21161.0,4793.0,5138.0,19,18,15,15
288.6409606529653,128.78098332699074,2.4311415122035256e-06,0.9978208927551827,0.9918532577264415,0.9978481243551004,0.9918958565576649,0.0989980697631836,4,20122,19315.0,5068.0,4600.0,19,18,15,15
338.3508564838182,131.336915666033,3.266653239429629e-07,0.9978400658915172,0.9942000462840656,0.9978630830984622,0.9942230435735515,0.09900093078613281,4,24622,25536.0,6531.0,6422.0,17,16,14,13
405.4910603206931,122.87862405642407,3.569269712538735e-07,0.9970688402090988,0.995297796852472,0.9970986885067319,0.9953157208295713,0.14299845695495605,4,25549,26773.0,6761.0,6848.0,16,15,13,13
581.1381612835281,164.00441432067208,7.846922045535612e-07,0.9945489114244608,0.992627822290606,0.9946002463749467,0.992653270470812,0.1099998950958252,4,27184,29080.0,7365.0,7627.0,15,15,12,12
720.4873784460073,215.46096417526155,1.0376033217091787e-06,0.9929091818803197,0.9895878946089387,0.9929705526595979,0.9896196636056332,0.11000227928161621,4,30092,32676.0,8489.0,8929.0,14,14,12,11
662.0313751376642,233.2679521494541,4.2721778602328356e-07,0.9941668401724165,0.9881268256620179,0.9942213845980608,0.9881659656767836,0.12099671363830566,4,30398,32697.0,8548.0,8807.0,15,14,11,12
970.8266988328384,316.09187417057507,8.083550591761586e-07,0.9903496023162109,0.9845426696463786,0.9904211314213798,0.9845867837280344,0.12099909782409668,4,36178,40222.0,11268.0,12117.0,12,11,9,9
6.005206074732157,2.309401076758503,1.3983436008387454e-06,0.9961238682267746,0.9883056518875789,0.9962797207675755,0.9919343087253608,0.12216687202453613,4,327,344.0,121.0,121.0,8,7,5,4
56.01181051052239,12.459517780930904,7.745107452415592e-06,0.7312611274464024,0.7003964801159976,0.7422203385784611,0.8017921564063772,0.12100863456726074,4,366,426.0,117.0,107.0,9,10,3,4
11.979583326087209,4.628939763415953,1.6562533359608953e-06,0.9777210335804979,0.9336080165818578,0.9785010807431963,0.9535757609952887,0.13199114799499512,4,291,297.0,94.0,84.0,8,8,6,5
23.4420828852728,7.256462636849996,5.042782392701586e-06,0.9693307321024479,0.9340709503521433,0.9698707619311654,0.9487289443822137,0.13201045989990234,4,466,466.0,136.0,136.0,10,9,5,4
47.35416208388305,10.049357359221203,2.1306803167888654e-06,0.9638202735382578,0.9665066708123082,0.9644252886475879,0.9721909759128817,0.12099194526672363,4,779,822.0,237.0,214.0,10,10,4,5
71.37160674946306,14.865368029977148,1.4538331860438474e-06,0.8969993500894333,0.9081135701661472,0.8988977505129386,0.9224260781482483,0.12099981307983398,4,679,698.0,192.0,186.0,12,10,4,5
26.741626415260036,9.816546405601786,1.0940628502936201e-06,0.9900179279667436,0.9739176005094681,0.9902395172506264,0.9759297770825719,0.11000657081604004,4,854,888.0,214.0,214.0,14,13,5,4
185.2971150162175,38.09363463887372,9.752828594088475e-07,0.5942406750292019,0.6685063415640145,0.6092209367613974,0.6909478727774898,0.12100768089294434,4,929,1195.0,233.0,257.0,17,16,6,11
103.53218361204529,24.86528923410408,7.132040918296865e-07,0.939558216016425,0.9204557400434394,0.9431313817095083,0.933144200444505,0.12100982666015625,8,1267,1415.0,297.0,290.0,23,21,6,16
59.19241450966391,15.941425038498425,7.128866749400284e-07,0.9903091898140929,0.9846307474638651,0.9907953417569468,0.9858271384883466,0.1319892406463623,7,1744,1854.0,372.0,382.0,25,22,19,18
170.3877929899909,35.613169928278296,9.200428707462202e-07,0.9650915373770155,0.967119774027796,0.9669658136649995,0.9680501533588619,0.1099998950958252,6,2595,2741.0,560.0,569.0,28,25,28,21
448.26319681301214,94.92886474461879,7.747150210787081e-07,0.8083569848440928,0.8155121069189342,0.8190359135268026,0.8199083311975423,0.13199138641357422,6,3021,3964.0,650.0,829.0,29,27,26,24
224.3706564802129,45.5693299247118,6.089371099582704e-07,0.9725961929718934,0.9757566671567387,0.9740676856032714,0.9762509603194058,0.13991880416870117,6,3893,4203.0,832.0,880.0,32,29,32,25
393.8176307833227,72.82039910846267,3.969894102139275e-06,0.9806259381392994,0.9860116025447023,0.9811484298276529,0.9861706173900643,0.1100003719329834,5,8253,8960.0,1826.0,1957.0,27,24,24,21
265.79909000972896,49.154942104872156,1.1453248943619054e-06,0.9924209923709275,0.9945600784497151,0.992574265396263,0.9946071821551592,0.12115263938903809,4,8882,8884.0,1994.0,1950.0,24,22,21,19
501.61453909683814,94.88962886778863,3.957319350944578e-06,0.976227465652952,0.9824952553278334,0.976689576943438,0.9826421031926676,0.12001585960388184,4,9570,10909.0,2155.0,2429.0,24,22,21,18
652.3774549675977,129.9285059818155,1.042121277588862e-06,0.9630780740344379,0.9698276746181016,0.9638089825038049,0.9700969725217865,0.10999774932861328,4,10026,11736.0,2269.0,2631.0,24,22,21,19
688.9185970296733,136.44435679059796,7.675509564101838e-06,0.9644515495035645,0.9709216918675168,0.9650990998839188,0.9711432655984522,0.12101125717163086,4,10929,12624.0,2466.0,2855.0,23,21,19,18
671.2424658174323,136.22113608638958,1.066609681477782e-06,0.9723623588960355,0.9769123268034904,0.9728209632362503,0.9770744080023613,0.1099996566772461,4,12253,14079.0,2797.0,3222.0,22,20,19,17
186.7974894995469,56.8716574109342,1.398018379150351e-06,0.9980420665939617,0.9963593009219956,0.9980752904535697,0.9963870477600852,0.12099123001098633,4,12845,12511.0,3065.0,2820.0,22,21,19,18
635.25022956837,129.8550473925959,1.196056640234002e-06,0.9797456801663195,0.9830159169083502,0.9800598053340659,0.9831253108276566,0.12101030349731445,4,13565,15618.0,3203.0,3616.0,21,20,18,17
590.2432055235084,109.51436359370096,7.728396307264126e-07,0.9837193801866101,0.9887753440919819,0.9839730619561782,0.9888496238608344,0.12100005149841309,4,14261,15981.0,3390.0,3708.0,21,20,18,17
402.0353684689943,81.70755778996212,3.7349069016190476e-06,0.9961709094012752,0.9970867442763575,0.9962143958935051,0.9970993022864224,0.1099996566772461,4,21469,22701.0,5394.0,5590.0,18,17,15,14
532.7082925954879,157.53885102835216,1.1858758524308221e-06,0.9951961347326244,0.9928087012884572,0.9952417146020094,0.9928329827604984,0.11151599884033203,4,26217,28219.0,7120.0,7316.0,16,15,13,12
620.5165942583646,215.10830605379545,2.7165873877382205e-07,0.9944451173486815,0.9888741253678841,0.994498221626369,0.988913014801241,0.12099885940551758,4,28864,31038.0,8093.0,8302.0,15,14,12,12
743.0198446766636,216.6164765586096,4.82445822085719e-07,0.9928605517578959,0.990059770832935,0.9929188800427133,0.990091030392334,0.1100001335144043,4,31028,34029.0,8932.0,9308.0,14,13,11,11
1005.452494526718,301.40481844743846,1.1238608379773685e-06,0.9896875501975102,0.9860293083439587,0.9897580684283085,0.9860807073280209,0.10018086433410645,4,36463,40681.0,11379.0,12259.0,12,11,9,9
9.449977954118905,3.3988355849221854,1.486530257006258e-06,0.985744303302294,0.9631518487586627,0.9862369780468643,0.9741521906892415,0.10999774932861328,4,290,290.0,91.0,91.0,7,7,4,4
8.215838362577491,2.421690181120065,1.4948373943325851e-06,0.9898417115997454,0.979686060024746,0.9903680252685938,0.9879622043149617,0.12100076675415039,4,293,291.0,107.0,86.0,8,7,3,5
30.857197971732084,6.320436430078754,4.8400587245414195e-06,0.923524726753851,0.9323974448525766,0.9249394758420657,0.9471754645115542,0.11000943183898926,4,338,353.0,109.0,104.0,11,8,4,4
63.393940299264145,13.709409785496481,2.8938851009525124e-06,0.9465384840724628,0.9480924112158137,0.947254751478696,0.9545582063086648,0.11220145225524902,4,821,817.0,227.0,227.0,12,10,5,4
67.93417463496067,15.222653075816536,1.1489742830962832e-06,0.8981162377377855,0.8995993359013132,0.9009182580381124,0.9153244897935103,0.09900903701782227,4,661,720.0,192.0,175.0,12,11,4,5
217.79032347650343,44.28423816664345,1.1753137163383134e-06,0.49819154283447586,0.5833572985999528,0.5154444899252904,0.6165180786676807,0.1099996566772461,4,901,898.0,232.0,227.0,13,11,7,4
112.30113736977668,24.131505246348507,7.773561402900844e-07,0.8819304983692222,0.874675259835902,0.8975033680251262,0.9099691386259345,0.1208043098449707,12,1044,1036.0,240.0,219.0,17,16,6,13
88.68771543773815,20.90636474752418,5.396168907680474e-07,0.972901337159894,0.9681402437908492,0.9748028639675979,0.9699925828822905,0.13200044631958008,8,1676,1796.0,366.0,368.0,24,27,18,23
203.9023590913326,44.185581261287595,7.284211855042019e-07,0.903059793206946,0.9079125146065957,0.9093088901180925,0.9119819781052056,0.15399980545043945,7,1968,1859.0,434.0,383.0,26,23,26,19
187.93969720959444,38.64362544112603,7.291333271932317e-07,0.9609280133861555,0.9643572526846406,0.9634373985645577,0.9651915616924265,0.12100005149841309,6,2835,3032.0,603.0,630.0,32,27,27,23
175.92660461898865,37.60460587452983,8.506440096896394e-07,0.9820601892996802,0.9822477529371462,0.9829529113018988,0.9825812462352909,0.12099981307983398,6,3717,3757.0,816.0,785.0,30,27,26,23
329.81782850537354,65.00518197967395,7.671216555783621e-07,0.9548874749424617,0.9625189627780554,0.9567545723458278,0.9631069440234412,0.1319873332977295,5,4455,4840.0,978.0,1023.0,30,26,30,22
1060.0758031071803,220.698653900139,1.4812161944444003e-06,0.6861691436690435,0.7118195705600021,0.6949693834011905,0.7153049962656277,0.1099996566772461,4,5414,8077.0,1190.0,1763.0,26,24,24,20
403.98491373604014,73.71374220234436,2.1583450697520107e-06,0.958953888008022,0.9707759612562641,0.9602981771826936,0.971128726111343,0.12099099159240723,5,5625,6439.0,1240.0,1379.0,29,25,22,21
420.84839125396763,81.83333511987706,1.1660480760064835e-06,0.9716995716523013,0.9773635199999348,0.9724891303460594,0.9776105829784499,0.1100001335144043,5,7165,8111.0,1583.0,1760.0,27,24,21,21
352.27495771532404,70.40485601149966,1.2189921390684734e-06,0.9856881368687112,0.9877062883405865,0.9859886459002177,0.987815206309518,0.1099998950958252,4,8648,8944.0,1901.0,1967.0,25,22,21,19
860.0941990561266,180.7030828919824,3.834833075556809e-06,0.9390624594456919,0.9443754050369229,0.9401933671932958,0.9448226365732889,0.1319897174835205,4,10350,12617.0,2393.0,2858.0,23,21,19,18
294.61516211831326,37.779651710058594,7.041807122673463e-07,0.9951444342889664,0.9983859931828293,0.9952251107094521,0.9983974347436038,0.13221955299377441,4,12923,13427.0,3066.0,3049.0,22,21,18,17
399.4340788332079,78.99393436629592,9.956642081190156e-07,0.9946661280598361,0.9959940155966992,0.9947368640869804,0.9960159967863217,0.1100008487701416,4,17298,18611.0,4171.0,4421.0,19,18,16,15
535.1378521776733,106.64441499675452,7.977582560239268e-07,0.9917453292444214,0.9938164188683771,0.9918460163859095,0.9938457798202034,0.11001133918762207,4,18970,20748.0,4725.0,5019.0,19,17,16,14
482.68749595364494,113.86779614974552,3.865742786048591e-07,0.9953967063664937,0.9954245242026398,0.9954462591502953,0.995443124814993,0.10999178886413574,4,23864,25598.0,6183.0,6468.0,17,16,14,13
998.1276951539484,304.7036299149279,1.0984473656733468e-06,0.9897913270705229,0.9857174675004158,0.9898610161721662,0.9857685375929318,0.1100008487701416,4,36389,40337.0,11475.0,12080.0,12,11,9,9
1158.1108089614454,362.6822099533787,3.1422888617150213e-06,0.986932650931367,0.9812131660419079,0.9870164092967106,0.9812999674202714,0.10998868942260742,4,37310,42427.0,11741.0,13305.0,11,10,8,8
11.695351640716067,3.5677957714346076,3.0133173556958502e-06,0.9881400393909475,0.976271839860809,0.9885237530475615,0.9841969898239995,0.12100005149841309,4,381,384.0,133.0,118.0,9,8,4,5
14.186995218626576,3.4550687402713134,6.120371304043833e-06,0.9706381960264867,0.9632135081752775,0.9717838346752927,0.9757146998540339,0.12100958824157715,4,298,310.0,99.0,92.0,8,8,3,5
38.141185089087095,9.965565713997375,2.3943021306839325e-06,0.9603215975347176,0.9424771183101723,0.9609870515092046,0.9536470968832559,0.10999917984008789,4,620,677.0,182.0,182.0,10,10,5,4
18.056047001858776,5.531161722459396,2.943312341786323e-06,0.9892069082270513,0.9798415865227359,0.9893564659064934,0.9830894839217957,0.10996222496032715,4,536,578.0,160.0,148.0,10,10,7,5
80.0793876932968,16.974552031398847,1.5766277640445537e-06,0.8412404709661438,0.8530503175560272,0.8444093601814509,0.8809638771564081,0.1100001335144043,4,627,622.0,190.0,183.0,11,9,4,4
55.5738060300594,12.643344757882174,1.4910406536765987e-06,0.939884647885781,0.9358216645793977,0.9410047921898973,0.9444703770847129,0.10911369323730469,4,699,725.0,187.0,185.0,12,10,6,5
83.71448251845874,18.966527533174506,8.610926563403033e-07,0.888741615731883,0.8877718649713613,0.8926970912646695,0.8959507724888347,0.12099981307983398,4,791,825.0,209.0,195.0,13,13,9,5
257.22518433183296,54.07013543033294,1.2026936861551086e-06,0.5433050860700532,0.5201104075453917,0.5874896730758481,0.6268414040504275,0.12100005149841309,12,1136,1262.0,255.0,256.0,25,27,15,22
90.3567410841087,21.80936385244539,5.880477773222234e-07,0.9638242358554281,0.9552384121137041,0.9667475645675362,0.9586835437702198,0.12100005149841309,9,1444,1601.0,320.0,327.0,27,28,23,23
103.82905719633386,23.58512379692184,6.812948259549381e-07,0.9770638373579617,0.974812925712288,0.9784047315162081,0.9760260997973425,0.12938594818115234,7,2037,2191.0,459.0,451.0,28,26,28,22
295.75913863329123,60.324741757301425,6.641542599716314e-07,0.8658454039843141,0.8837187603756951,0.8739375697636416,0.8877748232912688,0.1319899559020996,6,2396,2975.0,490.0,617.0,29,26,26,22
118.14568199436255,26.03112685262379,6.389617722048818e-07,0.9812142929398354,0.9802272837154073,0.9826422922105986,0.9807547330526718,0.11001110076904297,8,2608,2406.0,570.0,494.0,35,31,33,27
266.83731099236184,54.745844836678884,6.454104582274104e-07,0.9435179442717889,0.9497471287508252,0.9470483158488874,0.9508855130668419,0.12099957466125488,7,3182,3789.0,701.0,789.0,35,31,29,27
692.8827236625258,148.50220957952106,1.2453181977715024e-06,0.8707163654447478,0.87128301384101,0.8743778969413617,0.8728395154961255,0.1099998950958252,4,5446,7042.0,1146.0,1531.0,27,22,23,19
401.25432281652417,72.99870222350387,6.127808799942324e-06,0.9785376218818029,0.984966722205362,0.9791263013919596,0.9851401910013686,0.12165188789367676,5,7922,8857.0,1790.0,1932.0,26,25,21,21
367.52319938111845,86.3519928355256,1.0978503401764467e-06,0.9916963466169236,0.9906305659285938,0.9918423168210513,0.9907057319248892,0.133009672164917,4,12309,11452.0,2900.0,2567.0,23,22,20,18
235.93195081774462,30.538397960600356,1.1045477037634013e-06,0.9974541232241164,0.9991609491139921,0.9974929085990264,0.9991663987265371,0.10999917984008789,4,14588,14919.0,3527.0,3436.0,21,20,18,17
534.3357539194496,135.05346163649415,3.8096008916416676e-06,0.9876663457159192,0.9843325299205633,0.9878647261156159,0.9844520922553243,0.1099998950958252,4,15103,13526.0,3580.0,3078.0,22,22,19,18
429.1540977123874,85.64114811234141,6.983083313327405e-07,0.9944364942248283,0.9957441347896703,0.9945061515505772,0.9957651457977996,0.1111757755279541,4,18357,19823.0,4481.0,4766.0,19,18,16,15
425.81759592576725,89.44475715956376,4.255529241289664e-07,0.9951932042342619,0.9960378421349575,0.9952513185793829,0.996057303091721,0.12099957466125488,4,19928,21359.0,5024.0,5192.0,18,17,15,14
477.06469031987683,172.32648277808804,3.592585477582847e-07,0.9964817810847291,0.9921321924367584,0.9965136490792451,0.9921587684308746,0.10980629920959473,4,27764,29365.0,7554.0,7679.0,15,14,12,12
636.7821693876172,193.8954292911517,2.906892301176757e-07,0.9939550064170392,0.9905817452981287,0.9940097770179163,0.9906131565031118,0.10999941825866699,4,28458,30928.0,8020.0,8208.0,15,14,12,11
1155.2584442092025,361.94346646495313,1.2127117537516221e-06,0.9871832411584225,0.981621613364262,0.987262023696486,0.9817337925980552,0.10999107360839844,4,37642,42678.0,12176.0,13408.0,11,10,8,8
14.545188207788856,4.3600936534284065,1.1632961333588597e-06,0.9783023655324725,0.9600813320075718,0.9789762998306334,0.9714068652664857,0.12100672721862793,4,329,368.0,115.0,115.0,7,8,5,4
17.702989389742438,4.044028519516976,1.3234518249608232e-06,0.9621538797188393,0.9519318933099796,0.9637704615127324,0.9689551530491181,0.12101006507873535,4,315,307.0,102.0,102.0,9,6,5,4
25.765974009663726,6.5463093928309455,1.6956152732385795e-06,0.9713751517960237,0.9619010428825494,0.9720076024704111,0.969851571386078,0.12100028991699219,4,503,551.0,151.0,151.0,9,9,5,4
38.777275346952024,9.07147544044885,2.0079280136304214e-06,0.929120006930726,0.9243262325649246,0.930577031529213,0.9422067482619594,0.12213325500488281,4,468,546.0,161.0,148.0,8,10,4,4
29.016338788114993,8.07194214548147,2.7747143011310296e-06,0.9743940402818059,0.9602158051406602,0.9747294642310006,0.9661182683147146,0.10999703407287598,4,559,617.0,178.0,168.0,11,10,6,5
45.984485608373035,10.156073716418828,3.0185167281940723e-06,0.9633113063846912,0.962000876553536,0.9638286832471098,0.96834594386133,0.0989995002746582,4,736,731.0,223.0,204.0,11,9,6,4
51.48462553682086,10.688291880994518,3.998143371652245e-06,0.935058654701562,0.9429591563022771,0.9360710222644101,0.9527624328548802,0.09900045394897461,4,632,695.0,179.0,176.0,10,11,4,4
61.983280675786546,13.681267606962937,1.7563044242520556e-06,0.9593992888616975,0.9601291234464674,0.9602788846727386,0.9636276935652311,0.11000227928161621,4,934,972.0,232.0,245.0,15,11,6,5
101.40812933711071,20.518019651876315,6.045664491722521e-07,0.9389560593743613,0.9444106454494158,0.9435714644429226,0.9511266054994008,0.1100015640258789,8,1312,1300.0,286.0,266.0,23,21,25,16
293.46151904107415,53.53385549547619,5.612972308008402e-06,0.9842336194491946,0.9886827563339954,0.9847308053454008,0.9888262354544556,0.1099998950958252,5,6703,6505.0,1509.0,1394.0,28,25,25,21
323.6490833706573,49.591876014793655,9.28040517217478e-06,0.991721654051858,0.9959995696853492,0.9918717515538231,0.99602886806203,0.10999798774719238,4,10732,11360.0,2415.0,2538.0,23,22,19,18
424.4798410015093,70.49867020022434,1.0788215980356441e-06,0.9880278198380325,0.9932861983347485,0.988237160524426,0.9933345690926695,0.13199734687805176,4,11693,12514.0,2729.0,2828.0,23,21,20,18
628.3953937079212,115.92135444630841,8.578412819932882e-07,0.9824856690965087,0.9883145148431862,0.9827483290714067,0.9883898621330398,0.1190793514251709,4,14859,16737.0,3626.0,3919.0,21,20,17,17
145.0471905967158,60.65398791505798,7.113413245749106e-07,0.999182958281844,0.9972553752609703,0.9991947202887661,0.9972722433867456,0.12810277938842773,4,15881,16105.0,4008.0,3749.0,21,20,17,16
121.49759942758814,67.48989121836445,7.621996119118197e-07,0.9994822536348873,0.9968858356716402,0.9994895717445705,0.9969053526987656,0.12111043930053711,4,17032,16812.0,4133.0,3923.0,21,20,17,17
283.38326153226956,122.14425385584047,1.1233301932581899e-06,0.9975805370283538,0.9914403849360035,0.9976108281565637,0.9914825197075361,0.1060495376586914,4,18435,17765.0,4534.0,4187.0,19,19,16,15
432.9130132986688,85.52466749423817,1.5701768546567715e-06,0.9953800815660835,0.9966944930643503,0.9954319720133104,0.996708208449203,0.0989990234375,4,20901,22359.0,5361.0,5505.0,17,17,14,14
550.4008577088763,95.74358115995732,9.048132812831772e-07,0.9929046552678027,0.996100837630122,0.9929839903844585,0.996117148981082,0.0989980697631836,4,21726,23448.0,5531.0,5831.0,18,16,15,14
499.4951930866469,141.78806073385257,1.24122393616628e-06,0.9956819251712149,0.9940152397665835,0.9957217702630252,0.994035945845151,0.12100005149841309,4,25931,27473.0,7093.0,7123.0,15,15,12,12
6.8723479733397275,3.5502347340234652,1.5431927920999188e-06,0.994002164194834,0.9684934720785059,0.9941464606917988,0.9760503931397242,0.1100010871887207,4,308,310.0,109.0,109.0,9,8,5,4
17.533598698879057,5.376453291901642,2.493327160152742e-06,0.9322733215216042,0.8490554919380107,0.9358589779881304,0.9122771246243326,0.13199996948242188,4,243,259.0,90.0,69.0,7,8,3,4
7.503471418838972,3.0703555711567567,1.5395866950442346e-06,0.9945374058210991,0.9792388287430387,0.9947352082998521,0.9861312777997004,0.12100052833557129,4,345,351.0,110.0,104.0,8,8,3,4
21.801184983084443,5.733672470589857,1.458936003841544e-06,0.9628461695053268,0.9495779187710816,0.9636185409923432,0.9617219959286564,0.10999941825866699,4,378,421.0,128.0,128.0,8,9,5,4
24.78911051248108,5.00936622737847,1.669682914082715e-06,0.9778974005566614,0.9796434863804023,0.9783243235290776,0.9845526729166035,0.13199996948242188,4,528,533.0,159.0,156.0,11,8,6,5
15.415427878157216,3.720719016534304,1.6824737522335558e-06,0.9639805205003334,0.9539276877321058,0.9658660614956126,0.9706291267568655,0.0989990234375,4,298,310.0,99.0,87.0,8,8,3,5
24.14345149310678,6.85489484480494,2.770539661286417e-06,0.9855915531030435,0.976128863654291,0.9858209748670034,0.9807494822716003,0.1210019588470459,4,653,676.0,191.0,190.0,12,10,4,4
20.9717071312757,4.933938588997638,2.0311155879720815e-06,0.9816866350865484,0.9798620832033678,0.9820007728899326,0.9837453632205353,0.0989997386932373,4,484,531.0,163.0,163.0,9,10,5,4
67.6093250471659,14.577379737113251,1.4808960742751926e-06,0.896645460523775,0.8979452252888855,0.8984739380147829,0.915000354165191,0.10045313835144043,4,639,670.0,190.0,187.0,13,10,3,4
46.959259395892865,14.79828528282341,1.0224977064233243e-06,0.9885095383456969,0.9720550897327885,0.9889764549901703,0.9774057984824209,0.12085866928100586,7,1234,1336.0,311.0,295.0,18,16,7,7
44.30997208725849,11.049837152596462,8.349668141939009e-07,0.9854380355468448,0.9792809099685835,0.9866089006096499,0.9847209468860042,0.09901070594787598,9,1165,1173.0,287.0,245.0,16,17,5,12
169.3937720224684,35.731182338461004,5.346675573240161e-07,0.8475390060143704,0.8555456620417664,0.8574352026278594,0.8740788333527947,0.10999035835266113,8,1350,1605.0,326.0,329.0,21,24,11,20
508.2160784721224,103.6171100470646,1.1603976381415613e-06,-0.15959167790731832,-0.001189729891946767,-0.08220902993532753,0.08366403531916333,0.12100005149841309,9,1394,2159.0,317.0,442.0,24,33,12,28
144.81114880147973,30.01666203960727,6.389768651091263e-07,0.9551663702253977,0.9600678406365181,0.9580282471154837,0.961730502879132,0.1099998950958252,7,2056,2264.0,467.0,467.0,29,26,24,21
367.1276458308926,74.16367035145981,9.254675401747437e-07,0.9647763010763867,0.9687365828382358,0.9657939408138273,0.9691222499383241,0.0989995002746582,4,5524,5771.0,1180.0,1238.0,25,23,22,19
265.0665656217817,50.714889332423866,2.865446816098212e-06,0.9864582942888429,0.9893987053436247,0.9868519835777848,0.9895184760080661,0.11000204086303711,5,6520,6937.0,1424.0,1494.0,26,24,25,21
300.9051782801178,61.462782919507696,2.489077418196852e-06,0.9840244546239576,0.985660814372019,0.984481759055236,0.985822143033417,0.11000990867614746,5,6822,6391.0,1499.0,1369.0,28,25,22,21
373.6635351489358,71.98806324662444,1.479675161473394e-06,0.9798573169778015,0.9840796340704536,0.9803143913330933,0.9842343800677608,0.11019611358642578,4,7597,7704.0,1685.0,1675.0,26,23,22,19
505.90004365157614,87.4725552197183,1.4938111932106476e-06,0.986206917674957,0.9917204072290994,0.9864318945619879,0.9917783643293263,0.1099998950958252,4,13136,14490.0,3147.0,3332.0,23,20,19,17
702.5127074770012,137.3724787454411,6.175020833001326e-07,0.9785638328708167,0.983813132303062,0.9788747232709888,0.9839109061541303,0.10998964309692383,4,14870,17000.0,3506.0,4001.0,21,19,17,16
197.55795563159015,82.56512580987206,9.903920008850263e-07,0.9984171883714744,0.9945998214444912,0.9984391350575867,0.9946305468551732,0.11001062393188477,4,15554,15030.0,3728.0,3469.0,19,19,17,16
199.47762510283368,118.11571833023184,4.87150367102993e-07,0.9990850037152695,0.9941565804001221,0.9990949704815201,0.994180265222468,0.1099998950958252,4,21706,21950.0,5562.0,5377.0,17,17,14,14
672.5840251101221,140.02856851371436,6.218028960897084e-07,0.9912157935089305,0.9933787751563612,0.9913028732735755,0.9934034129998652,0.10999917984008789,4,24305,26780.0,6428.0,6863.0,16,15,13,12
424.47968149253035,202.4475497917094,4.942118438514026e-07,0.9972269266491043,0.9893239018996437,0.997252667344166,0.9893584615585034,0.10999178886413574,4,28133,28775.0,7720.0,7535.0,15,15,12,12
795.3165512339515,223.9611666487444,5.825213419202706e-07,0.991557318257842,0.9891265807350854,0.9916245798088833,0.9891599180360453,0.10080456733703613,4,30517,33771.0,8719.0,9273.0,14,13,11,10
771.6812071164275,242.35040488928422,1.1769673478946253e-06,0.9924374589558406,0.9880037171967229,0.9924973253026008,0.9880385476175467,0.09900951385498047,4,31365,34504.0,9178.0,9629.0,14,13,11,10
943.5454469269971,264.82940656832903,6.113640829622335e-07,0.9896636897942555,0.9873495687812799,0.9897374534490342,0.9873959224023948,0.11000251770019531,4,33377,37220.0,9896.0,10739.0,13,12,10,9
993.0377426529836,318.4906297679729,9.705856029955735e-07,0.9896142759632203,0.9837845940144812,0.9896850127709029,0.9838456456630627,0.1099996566772461,4,35637,39830.0,10975.0,11918.0,12,11,9,9
9.443913383762052,5.0723925978444,2.672907121760965e-06,0.9946961966302091,0.9665709840032177,0.9948511635059514,0.9763855650217252,0.1320018768310547,4,445,437.0,137.0,135.0,9,8,3,4
19.171919570037844,5.864796103304303,3.319076739724268e-06,0.9824228265147025,0.9660914221862471,0.9828037928012299,0.9737789087134385,0.1100013256072998,4,484,498.0,166.0,166.0,9,9,5,4
38.5878327110157,10.982467087741867,3.1987207544970886e-06,0.94474444096175,0.911575137078011,0.9458436743901179,0.9301500859234175,0.09900212287902832,4,543,595.0,182.0,182.0,9,9,5,4
22.1001508290479,6.177074550302918,2.049991662375342e-06,0.989810491745785,0.9830947271786412,0.9899703090301843,0.9858796585321344,0.0989997386932373,4,715,712.0,200.0,200.0,12,10,5,4
68.42590274645025,14.223293687937874,1.3697129377049665e-06,0.9492089723979931,0.952401823604163,0.9501141916897317,0.9579946474699546,0.1100001335144043,4,872,938.0,224.0,231.0,10,11,7,5
42.12308353701883,12.104148737795098,1.2236971591600723e-06,0.973931753913393,0.9549229765591399,0.9744862896242206,0.9596629167757785,0.18816614151000977,4,815,838.0,216.0,202.0,13,12,6,4
87.60535324206316,20.061104572447316,1.1083217432249923e-06,0.9202987659074071,0.9186147961651686,0.9224884484226572,0.924729443408377,0.11075639724731445,4,951,944.0,244.0,244.0,18,11,5,4
63.22643764741469,14.410008731723643,7.655159116196064e-07,0.9712373097998408,0.9648295194972307,0.9733428584043308,0.9724718153695612,0.11809945106506348,9,1130,1165.0,264.0,248.0,17,16,8,10
21.313979316066586,11.434957007275617,5.47090547754373e-07,0.9975980208786165,0.9840988654661244,0.9977285623627896,0.9862755682276925,0.12100028991699219,9,1280,1275.0,282.0,262.0,24,21,23,16
94.22181276116481,23.646785289875123,5.371835310752696e-07,0.9343701145090274,0.9114073490669307,0.9423079852086129,0.9234148554418238,0.12099981307983398,12,1247,1372.0,279.0,278.0,27,29,17,24
149.39390092774406,33.00814497072809,5.690290851758662e-07,0.9516268333808766,0.9510221460472432,0.9551738507715061,0.9528600465319031,0.12099814414978027,7,2041,2314.0,457.0,477.0,35,27,19,23
147.8470313562334,29.824129885115767,6.508558752856189e-07,0.9853758323665197,0.9874292409832565,0.9861165363599355,0.9876685981389192,0.1100003719329834,6,3470,3501.0,739.0,730.0,31,27,27,23
365.0116941169218,68.50393765094245,7.877616291752016e-07,0.9303152342573352,0.9483037721403914,0.9332721333474916,0.9491305089321681,0.10999941825866699,5,3910,4671.0,860.0,986.0,30,26,28,22
448.41347226110764,92.82178736981052,7.548038421458647e-07,0.9147868964024837,0.9210541322575897,0.9182676603477216,0.9223187215452382,0.12099933624267578,5,4341,5255.0,967.0,1114.0,30,26,28,23
273.9055734334275,47.93592214173987,9.917461003427412e-07,0.9831556790974149,0.9887280368484811,0.9836832330841917,0.9888616727291062,0.1099998950958252,5,5940,6207.0,1308.0,1325.0,28,25,24,21
844.1293900127713,181.68963922029235,2.758487192373905e-06,0.8857005092855591,0.8854370556728369,0.8885003680680067,0.8866829795502699,0.1100006103515625,4,7325,9216.0,1603.0,2035.0,26,23,22,19
340.8885139563497,65.38316216532236,1.514081414664347e-06,0.9833023685260818,0.9869662451627201,0.9837357889865628,0.9870962272595523,0.12100005149841309,5,7712,8366.0,1688.0,1820.0,27,24,21,21
944.1754063290712,205.22579028962224,2.573262463131198e-06,0.9198327606864787,0.920171104998733,0.9213363588850714,0.9208016323845973,0.1099998950958252,4,9886,12471.0,2165.0,2823.0,24,21,19,18
361.8466526030053,68.62921207474264,1.1908835319784e-06,0.9886044404468016,0.9914216312150926,0.9888240021201854,0.9914935072118752,0.1100008487701416,4,10115,10216.0,2229.0,2268.0,24,22,19,19
266.94159005295523,59.91374007688053,4.220909738603077e-06,0.9955864160516571,0.9953918875923691,0.9956628307918768,0.9954268817661938,0.12099862098693848,4,12193,11644.0,2806.0,2614.0,23,22,19,18
572.3715376251105,101.26599667871409,1.5463739553985313e-06,0.989540945193182,0.9938142763748993,0.9896743074424369,0.9938460611940777,0.12243986129760742,4,18013,19814.0,4460.0,4781.0,19,18,16,15
330.5120396193357,89.15184845718754,3.6236641718046615e-07,0.9971867988588515,0.9961977514433826,0.99722006651609,0.9962150309037627,0.10999870300292969,4,20344,21382.0,5133.0,5204.0,18,17,15,14
254.2752773406543,81.1672655693168,1.6144528937856155e-06,0.9985029022158225,0.9972279414470282,0.9985199492957123,0.9972400905401534,0.1172783374786377,4,21863,22502.0,5636.0,5545.0,17,17,15,14
257.51195360604135,120.17625944142767,5.57398214920245e-07,0.9986582617348683,0.9947649051750068,0.9986725565349586,0.9947855880905319,0.12099862098693848,4,23601,24244.0,6319.0,6053.0,17,16,14,13
282.8553627739803,152.8576066693008,6.723744097859018e-07,0.9984458274092698,0.99207322659242,0.9984621140591766,0.992103995086827,0.0989990234375,4,24200,24551.0,6542.0,6137.0,17,16,14,13
484.3672096147715,167.8264232274922,5.130411198271199e-07,0.9960170568326087,0.9917635731386588,0.996054247753043,0.9917913375456608,0.1100008487701416,4,26402,27985.0,7103.0,7293.0,15,15,13,12
726.8243999298135,242.8668402300597,5.777099339178367e-07,0.9929588558003665,0.9872986505469359,0.99301792432481,0.9873363889563278,0.10999798774719238,4,30631,33390.0,8820.0,9154.0,14,13,11,11
748.3121215442123,225.40969644183454,4.187635452274299e-07,0.9929779747187454,0.9897498364455396,0.9930343956706434,0.9897796795671198,0.10999917984008789,4,31791,34830.0,9270.0,9757.0,14,13,11,10
937.4029783129558,295.153685250018,8.850659782221367e-07,0.9902670673357755,0.9851483702295414,0.9903406208513725,0.9851931398676188,0.10999917984008789,4,34413,38294.0,10424.0,11157.0,13,12,10,9
10.492060490358094,3.580910033310899,1.2048399135012437e-06,0.9901997571500193,0.9768829004354409,0.9905564090849204,0.9839271433467709,0.1210019588470459,4,388,384.0,127.0,127.0,8,7,5,4
9.074919650700313,3.36804839632687,3.241289281874266e-06,0.9856653502106287,0.9542744173535375,0.9862090080819469,0.9687433985139193,0.13199710845947266,4,266,278.0,79.0,82.0,8,8,4,5
15.785673884886892,4.330127018922194,1.1788524025933277e-06,0.9829206892267974,0.9750274546256221,0.9832954648555735,0.9808396715877131,0.1330399513244629,4,400,442.0,132.0,135.0,9,8,5,5
14.196170258206966,3.914449727186015,1.6018457884715893e-06,0.9745092849463498,0.9545496093382889,0.9752751652255263,0.9693815382956611,0.16499900817871094,4,294,302.0,102.0,102.0,9,7,5,4
29.31865162884087,7.108533604056466,2.081436790079565e-06,0.9748882872526955,0.9704132448149989,0.975374601123074,0.9767885530004994,0.11135053634643555,4,597,620.0,186.0,175.0,9,8,4,5
25.38556840674113,7.794228634059948,2.0955111825074767e-06,0.9917218548584844,0.9832350021074827,0.9918289458298943,0.9853008912846912,0.1099996566772461,4,840,869.0,229.0,227.0,11,11,6,4
40.315552210034284,11.471885924583919,1.2811879083731846e-06,0.9783912771155848,0.9640151128550887,0.9787527370950718,0.968592373783865,0.1210024356842041,4,852,928.0,245.0,225.0,13,11,7,5
53.0295711529583,12.091233049886462,1.1889248295712243e-06,0.9594454906492805,0.9551925209128839,0.9602708992380161,0.9602305139719399,0.1100001335144043,4,803,831.0,212.0,205.0,13,11,7,5
116.36365411931683,23.17753042639933,1.0129152064008003e-06,0.8311073564268638,0.8593135610626844,0.8356553131549277,0.8742201409721714,0.0989992618560791,4,855,877.0,220.0,205.0,13,11,4,5
36.32635951488114,12.016014954410442,1.011971005963747e-06,0.9904121259252813,0.974217608953308,0.9912363531664872,0.9820069587973872,0.11591243743896484,9,1098,1152.0,282.0,259.0,11,15,5,9
215.74416209543392,44.57785080742112,5.68829039363821e-07,0.854395085643117,0.870748323785042,0.8665911890843252,0.8765570258856921,0.10501456260681152,8,1746,2175.0,380.0,447.0,33,30,24,26
260.6983052936454,54.08100700938303,6.335374712133855e-07,0.8968707855972663,0.907190157019065,0.9021854097695091,0.9103291005214935,0.12100076675415039,6,2339,2919.0,519.0,606.0,28,26,24,22
785.087021659986,166.50541322004804,1.256550997810351e-06,0.7319035174249997,0.7379003158111197,0.7421501423721705,0.7420116048440928,0.12099981307983398,5,4397,6200.0,948.0,1328.0,28,25,23,22
380.7287333798864,77.92114772741668,1.0915550441756516e-06,0.9514530369867178,0.9565248290504347,0.953281154255079,0.9571724233497384,0.1099998950958252,5,5062,5674.0,1110.0,1208.0,29,26,25,23
556.8884892630518,113.45938294802845,1.4165005972191177e-06,0.9436212599444533,0.9502196683437679,0.9451819600444512,0.9507522100386602,0.121002197265625,5,6654,8097.0,1467.0,1758.0,26,24,21,21
416.9646767613135,74.86084312464916,1.159863541085463e-06,0.9749422411226432,0.9828421008683392,0.9755215348666794,0.9830068490271522,0.12099838256835938,4,7536,8146.0,1651.0,1775.0,27,23,23,20
391.8367006802706,68.9943385358538,9.622461473543123e-07,0.9872190748829845,0.9918601519510123,0.9874515964000294,0.9919220508510926,0.09900164604187012,4,10359,11253.0,2398.0,2525.0,23,21,19,18
601.8153786669131,112.27820729479667,1.1102335223265465e-06,0.9721283903957892,0.9803446191895203,0.972631643355348,0.9804970535311249,0.10999894142150879,4,10663,12321.0,2451.0,2783.0,22,21,18,18
569.607915221807,108.0579994725055,2.9043897987427883e-06,0.9837025040115646,0.9882560267356596,0.9839419270440696,0.9883243535146798,0.09900069236755371,4,13520,15282.0,3211.0,3551.0,20,19,17,16
255.24579657002516,36.098389853288474,1.5856230595909306e-06,0.9970018196322566,0.9988168795966552,0.9970442636171347,0.9988233661066441,0.10999941825866699,4,14540,15141.0,3439.0,3507.0,21,19,16,16
264.63018614033183,28.5272165367274,1.174894087970492e-06,0.9969197803440836,0.9992990441455024,0.9969648308373716,0.9993032032860439,0.09900021553039551,4,14745,15303.0,3527.0,3548.0,20,19,17,16
390.74744081055735,71.46087216092454,3.949620418145406e-07,0.9955626142648607,0.997230771295598,0.9956148192686215,0.9972433638600466,0.0989995002746582,4,18956,20344.0,4791.0,4929.0,19,17,15,14
468.13450702406743,104.56297942707384,4.1971245064181347e-07,0.9947562951632879,0.9952415844260718,0.9948114967779238,0.995260619375353,0.0989997386932373,4,21459,22975.0,5438.0,5689.0,17,16,13,13
411.4335456668549,131.09625916351186,5.219565821693614e-07,0.9963592047985,0.9934182197544925,0.99639798018466,0.9934442644423516,0.1100001335144043,4,22823,24162.0,5947.0,6035.0,17,16,14,13
384.0493810479758,105.26964385171381,4.7285293574613884e-07,0.9970511030146425,0.9960401257238485,0.9970817416356776,0.9960558350783997,0.0989995002746582,4,23849,25138.0,6315.0,6370.0,17,16,13,13
681.9372680093089,180.7021317435593,3.603461320659603e-07,0.9929463741428769,0.9917341277069609,0.9930085514949752,0.9917613163647164,0.10999727249145508,4,28307,30838.0,7895.0,8268.0,14,14,11,11
629.3713546733227,175.1447020799278,6.327845240026948e-07,0.9942098417394707,0.9926163040470819,0.9942594025188211,0.9926410563918802,0.0989995002746582,4,29001,31178.0,8231.0,8437.0,14,14,11,11
836.3580772213139,289.0983108448289,8.960757502411462e-07,0.99196321837755,0.9850294766218362,0.9920268443228696,0.9850720187953856,0.09900045394897461,4,33612,37033.0,10150.0,10686.0,13,12,10,10
969.6908495752654,296.65160893434125,7.658857309158984e-07,0.9896115249046177,0.9851533990299477,0.9896833040487564,0.9852065736421973,0.1099998950958252,4,34473,38548.0,10445.0,11416.0,12,11,10,9
1146.5303728350739,368.10944364414235,1.4789039776978786e-06,0.9868147707870618,0.980000865151961,0.986899934611999,0.980091193349377,0.12100028991699219,4,36649,41585.0,11512.0,12928.0,11,10,9,8
9.568285286995435,2.8813336032700785,2.674240805107243e-06,0.9858137939057374,0.965718402701235,0.9867192033564981,0.9817653518806626,0.1099998950958252,4,277,296.0,108.0,82.0,7,7,3,5
19.268119178234983,3.7123106012293743,8.965429061573709e-07,0.9485163467042315,0.9530817788495638,0.9505310263431688,0.9708896736232939,0.1100003719329834,4,288,293.0,104.0,93.0,9,6,4,4
21.824823405165656,6.8950465311458675,4.591739817656675e-06,0.9845315678160235,0.9677151210767698,0.984775965955588,0.9737339024474605,0.1139991283416748,4,529,590.0,176.0,174.0,11,10,4,4
25.448272698423626,7.508328708840604,5.971080034315109e-06,0.9814765648991858,0.9629141043139321,0.9817615747767029,0.9701014892021738,0.13200092315673828,4,587,626.0,162.0,153.0,10,10,4,5
18.415912503412187,6.85489484480494,2.1514557290407125e-06,0.9889013943596995,0.9678505918438071,0.9890927315474599,0.9746027692383742,0.10799956321716309,4,586,578.0,160.0,155.0,9,9,3,5
16.73164417105105,5.180090089306685,4.613271745180938e-06,0.9885266659494498,0.9774848771585801,0.9886980421716229,0.981147480275844,0.11221742630004883,4,506,522.0,136.0,135.0,13,10,4,4
31.64566189332539,8.558621384311845,3.1112562371880817e-06,0.9823571252672219,0.9743894401358588,0.982637221435733,0.9782527877764339,0.11100101470947266,4,758,775.0,224.0,217.0,11,9,6,5
19.4801764039054,7.758426504013673,1.043056949191858e-06,0.9965265895366621,0.9848297662496667,0.9971262605556441,0.9912187016423498,0.12299752235412598,12,1007,1006.0,278.0,235.0,17,12,4,12
140.66515127283196,30.881083276786555,1.2026307075978702e-06,0.8704629739684113,0.8519981710131996,0.8783240218728047,0.8879537690367485,0.12299966812133789,8,1216,1265.0,282.0,266.0,15,18,4,8
150.22734623082295,32.65748170191803,7.745578377455441e-07,0.8650463968186579,0.8517110916232287,0.8742728744574203,0.8764380652013002,0.11999773979187012,10,1242,1362.0,270.0,278.0,21,25,17,21
142.53779056492505,28.54782410043829,7.290647675643413e-07,0.9154845689682483,0.9276243726706834,0.920853960515234,0.9337808143364811,0.11100196838378906,8,1480,1450.0,332.0,298.0,31,21,19,16
175.04276073321736,36.63186614167065,8.77906028164235e-07,0.9302813389527498,0.9343516399673985,0.9340741861655858,0.9372271822414864,0.1139988899230957,6,1894,1992.0,406.0,414.0,28,22,18,18
266.4955163132276,51.867801353096716,7.391092720946653e-07,0.8170531098095989,0.8479431807454053,0.8301675898324511,0.8547252323113055,0.13325285911560059,7,1910,1753.0,399.0,360.0,32,25,22,20
281.6839937597192,55.84134059233299,6.279858676886731e-07,0.8631687801761478,0.8888971314541034,0.8715497089746987,0.8924508760324446,0.12985610961914062,6,2207,2838.0,490.0,588.0,25,27,23,23
393.29652667514983,82.91492151914706,8.738917480226724e-07,0.9146744533905473,0.9169818275497632,0.9182970049455556,0.9184030319169213,0.12198567390441895,5,3757,4606.0,822.0,973.0,30,25,25,21
209.70899976713764,31.273324628720456,6.805539376101877e-07,0.9981774435643721,0.9992026922348402,0.9982032644927905,0.9992072753898953,0.11400032043457031,4,15435,15748.0,3703.0,3669.0,20,19,16,16
161.19407945082847,37.72405289290464,7.670498732693396e-07,0.9990872582110931,0.9990208126021127,0.9990990902862739,0.9990259954941976,0.10706233978271484,4,16982,17259.0,4049.0,4074.0,20,18,16,15
142.93621100570235,78.07595126968782,6.16406944532517e-07,0.9993554814060288,0.9963691132180303,0.9993637054751382,0.9963877964741589,0.10875844955444336,4,18210,18014.0,4445.0,4274.0,19,18,16,15
467.7666129242944,88.30711088770447,6.648804622782657e-07,0.9936609852409043,0.9957719902348825,0.9937355346651379,0.9957912170459626,0.10912799835205078,4,19195,20621.0,4686.0,5008.0,18,17,16,14
313.61200484569036,83.40700909795692,1.4159826762277643e-06,0.99734247317059,0.9965435469211832,0.99737199059553,0.9965582625392716,0.10200071334838867,4,19840,20878.0,5086.0,5082.0,17,17,14,14
311.3955984756368,81.8347547398618,9.205238486688096e-07,0.9975777261529268,0.9969328027572426,0.9976042333932326,0.9969453825465504,0.10090970993041992,4,20845,21706.0,5304.0,5313.0,17,16,14,13
362.10730166162995,118.40801633898498,2.6549564557786517e-06,0.9970788056048364,0.9942905243897756,0.9971112575294477,0.9943148604889231,0.10950469970703125,4,22306,23328.0,5636.0,5812.0,17,17,15,14
446.9036995446185,130.51285058057184,3.261095646640986e-07,0.9963042052690967,0.9944840364770413,0.9963387934219505,0.9945035649852679,0.12299585342407227,4,24878,26509.0,6639.0,6811.0,15,15,13,12
818.1926156168852,238.16582108550617,4.889220523734483e-07,0.9912919104523081,0.9880857521484572,0.9913603860530031,0.9881243790309767,0.10712695121765137,4,30871,34126.0,8982.0,9568.0,13,13,10,10
994.3422763314452,287.5447428952,8.429200872043762e-07,0.9892505056581206,0.9862636017733764,0.9893228798950605,0.9863126045352634,0.10499978065490723,4,34960,39143.0,10562.0,11665.0,12,11,9,9
1035.0417010520237,329.7478361061171,8.965956711281536e-07,0.9887751711057097,0.982734020966053,0.9888510252758822,0.9828009259514694,0.12299966812133789,4,35746,40149.0,10986.0,12066.0,12,11,9,9
11.139269874337964,4.224186312178951,1.8907600368192035e-06,0.9835835091811026,0.9464363188649377,0.9840692034231259,0.9630423582470558,0.12900519371032715,4,305,308.0,103.0,94.0,8,8,4,4
11.5,4.798003056828261,1.5634951813322664e-06,0.9911886613759182,0.9653139669648887,0.9914870000805168,0.9769524002406544,0.11399579048156738,4,426,433.0,153.0,146.0,8,7,4,4
16.392643166981948,3.0973779233409666,7.849781875389722e-06,0.9656329938202275,0.9695418776790288,0.9674578179044596,0.9823325316791519,0.12328624725341797,4,294,313.0,117.0,91.0,8,7,3,5
23.272614449892245,5.599479142444114,2.2669263167211838e-06,0.9712213186405267,0.9651683823512571,0.9719066936982681,0.9744812725180515,0.11127877235412598,4,457,494.0,146.0,141.0,9,9,4,5
22.181542627448916,6.281586848347584,2.572468145382647e-06,0.9724261031484277,0.9557981340182665,0.9730832583360295,0.9657648487964058,0.12318205833435059,4,431,464.0,127.0,127.0,10,9,5,4
48.3316450854579,10.42932564135061,2.1532870911554277e-06,0.9107751857332347,0.918580255221309,0.9126425832243874,0.9358671362618831,0.10143184661865234,4,493,529.0,169.0,169.0,9,8,5,4
27.834892670890614,7.099002277315689,2.039643009720062e-06,0.9822345239178123,0.9765976912410694,0.9824974063727782,0.980466781739582,0.11057043075561523,4,647,720.0,200.0,200.0,12,10,5,4
28.818035440790663,8.324787284569698,1.84319360173471e-06,0.9888071015201277,0.9806484617192294,0.9889549664768492,0.982819657978203,0.12000036239624023,4,834,827.0,232.0,232.0,12,10,5,4
95.9855627731044,21.706540789436676,9.562460969414328e-07,0.9439947805715275,0.93018075129552,0.9471154048448196,0.9430193370796485,0.10500073432922363,8,1258,1224.0,292.0,262.0,20,17,5,8
90.71623833380602,19.996153476260226,6.039989973208035e-07,0.9230957554926036,0.9093351988090076,0.9408576035928786,0.9408934201743447,0.1357574462890625,22,1069,1020.0,233.0,229.0,30,22,12,22
302.01204400698117,62.34580980306536,9.176324799459474e-07,0.6148105843534264,0.6589010305352871,0.6537465257157993,0.6773914077746175,0.11466622352600098,9,1591,1345.0,354.0,275.0,33,23,30,19
487.05070523887366,102.31082671524992,1.1176741897939373e-06,0.7391554009951633,0.7544321470226096,0.749640514804498,0.7605518673705078,0.11240243911743164,5,2682,3762.0,576.0,788.0,24,25,23,21
189.25606646988143,37.68029123860492,7.248674518021525e-07,0.9475561217683589,0.9569914820886336,0.951693870019021,0.9582135940696893,0.13199925422668457,8,2490,2747.0,524.0,567.0,40,31,37,27
265.69727530643434,51.56998310931212,9.696762086633213e-07,0.9638130114578902,0.9703375274800459,0.9652453349909076,0.970780738203348,0.11100196838378906,5,3975,4243.0,841.0,895.0,30,25,27,21
338.62130688083437,69.05848017593875,2.4803608945642847e-06,0.9745841206996283,0.977518927227647,0.9753665088524033,0.977782550372242,0.1139979362487793,5,6044,5690.0,1308.0,1216.0,28,25,20,21
654.7263105043716,129.3080140594542,1.4815712716182909e-06,0.9692521725615364,0.9758961341259158,0.9697538721578735,0.9760574372923103,0.11569619178771973,4,11202,13105.0,2565.0,2992.0,22,20,18,17
208.76117734546972,29.59694522525368,1.9455963727418645e-06,0.9971306683333456,0.9988337621246773,0.9971773438626963,0.9988413972686886,0.1167292594909668,4,11765,11909.0,2701.0,2684.0,22,21,18,17
640.8297680871783,129.6225289060509,1.370073206364216e-06,0.9784766992918188,0.9823420944941398,0.978792482490505,0.9824448088972192,0.10799860954284668,4,13367,15333.0,3156.0,3564.0,21,19,17,16
513.7456913850147,97.48675123659966,2.644550944543649e-06,0.9868869971597669,0.9906404480060512,0.9870815968713338,0.9906970843382109,0.10694241523742676,4,13943,15440.0,3300.0,3583.0,21,20,18,17
566.3960812305584,108.90601835221658,9.463101654341638e-07,0.9869280927765439,0.9905811239807704,0.9871006825476394,0.9906300668215985,0.10664582252502441,4,15656,17353.0,3743.0,4100.0,19,18,17,15
183.46170694907062,40.28285408624038,5.626646867001915e-07,0.9988277349093124,0.9988978643071427,0.9988425129743412,0.9989032567060342,0.10010313987731934,4,17055,17432.0,4089.0,4123.0,19,18,16,15
428.3464086849957,78.7911929300054,1.4282813868996504e-06,0.9940314190864431,0.9961587913968704,0.9941044053173121,0.9961767241459846,0.1020503044128418,4,17990,19161.0,4346.0,4602.0,19,17,15,15
153.83476660581854,86.03221295925536,4.62458989899902e-07,0.9993213566746513,0.9960058916713662,0.9993295323302935,0.9960239512454608,0.10199832916259766,4,19080,19080.0,4808.0,4568.0,19,18,16,15
253.13527756912904,79.18273959645498,1.1542304782443992e-06,0.9983922186763574,0.9971151867338466,0.998410007786591,0.9971272626622483,0.09599876403808594,4,20766,21523.0,5326.0,5274.0,18,17,14,14
354.0462393294601,124.23968770083093,4.571390802872073e-07,0.9974192570347337,0.9943210983287586,0.9974452283949028,0.9943419682021611,0.10520267486572266,4,23495,24532.0,6126.0,6192.0,16,16,13,13
475.17674343343026,196.31856551703578,1.9602552695545583e-06,0.9968898007934927,0.9913229060630029,0.9969159863857397,0.9913484659426712,0.11468911170959473,4,30271,31394.0,8543.0,8508.0,14,13,11,11
872.5943000616037,268.26801741293474,6.634908087965534e-07,0.9909324664171436,0.9865428625220929,0.991001068457229,0.9865855191850459,0.0964670181274414,4,32837,36503.0,9752.0,10427.0,13,12,10,10
915.7422535844898,277.57727902934226,5.846020766290764e-07,0.9903893944217137,0.9863451906337721,0.9904603172517843,0.9863904325883667,0.0989997386932373,4,33553,37433.0,10158.0,10809.0,13,12,10,9
1033.9788894121582,321.8766262094842,1.424413644865528e-06,0.9893698739143311,0.9848455620881135,0.9894367257664365,0.9849202232530482,0.10499978065490723,4,37052,41461.0,11671.0,12855.0,11,10,8,8
5.242057484105517,2.846781808756454,8.653443652382867e-07,0.9976680494636352,0.9842321501745825,0.9977464909049167,0.9892376061282011,0.11700153350830078,4,385,372.0,126.0,113.0,8,7,4,5
19.716744153130353,4.50462725057986,1.5634280899433032e-06,0.9753384024230967,0.9749841851968627,0.9761722370308988,0.9823055970539364,0.12405157089233398,4,442,443.0,149.0,149.0,10,8,5,4
20.227868564598364,5.075472063430817,4.31884919477613e-06,0.9777714391712787,0.9690774340605666,0.9785614918197683,0.979883554004157,0.1128089427947998,4,452,481.0,170.0,143.0,10,8,4,5
18.316374732280767,4.136977560167971,1.911213870418351e-06,0.9688075047165974,0.9663856949957036,0.9696841180547338,0.9759752154297899,0.10697460174560547,4,330,352.0,110.0,107.0,8,8,4,4
33.31978891489761,7.036363881058644,2.6964434071852526e-06,0.9555309471086658,0.9615060530644957,0.9564494205519402,0.9702491907254089,0.10430335998535156,4,520,566.0,165.0,165.0,9,9,5,4
19.48343313347693,8.424295222747123,2.5506312607983037e-06,0.9932168721286014,0.970801948661718,0.9933153002603794,0.9760992410868815,0.13200020790100098,4,739,735.0,212.0,197.0,9,10,4,5
119.05885274378662,25.50735188136942,1.60673138490654e-06,0.8073988070275234,0.8172978153838204,0.810769054813163,0.8436743642400828,0.10800004005432129,4,839,793.0,220.0,227.0,11,9,4,5
36.11829522555017,9.54157569097823,1.2377033517887819e-06,0.9824727915665765,0.976533363225998,0.9828386266976175,0.9792535966287712,0.11099863052368164,4,836,901.0,224.0,224.0,13,12,5,4
133.64213325227857,25.88202312183344,1.0011229125165206e-06,0.8917516784184464,0.8948561466045546,0.8986715885660703,0.9204812383257082,0.11699986457824707,9,1149,1088.0,286.0,247.0,22,12,7,9
60.48436736589194,14.36821673604324,8.168957564786329e-07,0.9819387211365492,0.9777023834332883,0.9829179625331129,0.9804109997707758,0.10799789428710938,8,1396,1408.0,311.0,311.0,17,20,9,8
180.01462706526604,36.21507855705434,6.983135683117544e-07,0.9315438842164849,0.9434428524763151,0.9352788078967209,0.946038296658154,0.11702418327331543,6,2053,2399.0,459.0,498.0,24,24,24,19
548.6192137235687,116.1021012586192,1.4381198290147562e-06,0.9332178163014401,0.9357275376177913,0.9348882031472769,0.9364132842805953,0.10566592216491699,4,6124,7386.0,1319.0,1607.0,26,23,23,19
958.1326402174179,206.38437541797262,4.124581712800823e-06,0.933479116977375,0.9370339397381383,0.9345752344619639,0.9374567668920144,0.1181936264038086,4,11233,13931.0,2551.0,3202.0,23,20,20,17
312.6732686314368,49.971762859972564,1.3513981448695506e-06,0.9941070139352384,0.9969801482053489,0.9942046218772588,0.9970023705677045,0.10400891304016113,4,12418,12946.0,2962.0,2942.0,22,21,19,18
254.9017171708866,50.290406639835396,1.3788941286075269e-06,0.9982521455983697,0.9987360391979382,0.9982732266875026,0.9987421468011097,0.09398365020751953,4,19927,20555.0,5059.0,4991.0,18,17,16,15
256.25345526125756,95.3022603789298,5.517765534540699e-07,0.9983775393926438,0.9958803527347432,0.9983946777481268,0.9958963481478238,0.09773778915405273,4,21068,21712.0,5383.0,5320.0,17,16,14,13
616.3187503908455,137.19272484355722,4.6687659826126504e-07,0.9910804608647388,0.9919928208156569,0.991175251364187,0.9920243916569145,0.1113739013671875,4,21385,23736.0,5478.0,5949.0,17,16,14,13
545.0910187757637,180.26996537600672,5.302272841317748e-07,0.9950541591735772,0.9908562945210608,0.9950983692420745,0.990886366617251,0.10477662086486816,4,26867,28638.0,7308.0,7483.0,15,14,12,12
420.70412207789616,187.45302189259758,5.631602673978394e-07,0.9973510581005114,0.9911236306885701,0.9973751769822716,0.9911520639755932,0.10358643531799316,4,28571,29529.0,7788.0,7789.0,15,14,13,12
1040.5398738955978,327.2265397753265,1.5566707220198317e-06,0.9887639672383745,0.9832367647027218,0.9888369480357176,0.983311237644659,0.10199975967407227,4,35834,40179.0,11100.0,12086.0,12,11,9,8
36.067067157357464,7.756046028744286,2.779173535061747e-06,0.9462064482622238,0.9532276585507712,0.9475198636874687,0.9645677610432626,0.12000203132629395,4,520,584.0,163.0,164.0,8,9,4,5
26.394049203055854,6.009541025180986,2.708543888044154e-06,0.9786125018616616,0.9775112890515439,0.9791107064341911,0.9831333620784563,0.11100029945373535,4,577,640.0,200.0,186.0,8,9,4,4
9.402459784545744,2.0514222708485286,9.662134302955397e-07,0.9889766121558601,0.9897516525011131,0.9894548499092275,0.993259893983471,0.11043047904968262,4,317,338.0,113.0,105.0,9,7,4,4
37.21740744150063,10.518832317958744,2.408428664491641e-06,0.9479738597562163,0.9090551046268708,0.9488839123061006,0.9283865245310201,0.10476446151733398,4,514,571.0,159.0,148.0,8,10,6,4
33.14708383352398,6.60807586719967,3.0059274797162444e-06,0.9732866693119823,0.9805393677257828,0.9737072488036695,0.9837203093218899,0.09828352928161621,4,662,711.0,208.0,197.0,10,9,6,5
67.66084231912379,13.7923589957145,1.630314623565631e-06,0.9513091427701983,0.9608616136864514,0.9523313355783115,0.9641260531366582,0.11951208114624023,4,925,1060.0,254.0,250.0,13,13,6,5
61.35720431814939,14.149819479567498,8.592806714202768e-07,0.9801175094544061,0.9755094774827707,0.9811743852783161,0.9794289007193184,0.11382126808166504,8,1257,1321.0,291.0,287.0,20,18,5,9
165.78985673359117,34.9542253860735,8.597667389878317e-07,0.9496593919522966,0.9525230338117231,0.9523666858821002,0.954385506537136,0.11100006103515625,6,2103,2358.0,469.0,489.0,23,24,17,20
252.21417359399555,49.25444142409901,6.773087527878164e-07,0.9002000470851848,0.9193110438494944,0.9064035777383369,0.921496622126443,0.10949325561523438,6,2365,2817.0,522.0,584.0,30,27,28,22
142.2434762009813,32.34511588693308,6.629321788035294e-07,0.9798904709782038,0.977370969998179,0.9812848840606165,0.9779150721208466,0.11699604988098145,8,2952,2732.0,627.0,564.0,32,30,32,26
589.0693194844685,122.31430608757182,9.627393475039018e-07,0.8225366696340469,0.837128423361148,0.8291220818757559,0.8394714912318624,0.11400151252746582,5,4043,5365.0,889.0,1141.0,27,26,25,22
632.6308988396526,114.38950272351626,1.0190103845144856e-06,0.9834352839550449,0.9895853660868752,0.9836544330688127,0.9896398400688963,0.10970258712768555,4,15526,17388.0,3737.0,4114.0,20,18,15,15
187.0764939358586,42.75109647716653,1.0177638832712907e-06,0.9987890940289695,0.9987791674787255,0.9988045519667741,0.9987852672338311,0.09936189651489258,4,17164,17423.0,4185.0,4122.0,19,18,15,15
368.5997575284064,70.4994828586234,6.192386624099974e-07,0.9958864643612367,0.9971710417029904,0.9959363361945621,0.9971840539735864,0.09900236129760742,4,18594,19669.0,4597.0,4746.0,18,17,14,14
307.79589422212894,82.54487415945341,1.9761751528924118e-06,0.9976597508454583,0.9969014909737433,0.9976860910526896,0.9969147322392324,0.11100316047668457,4,21011,21924.0,5401.0,5400.0,18,17,15,14
275.4515610774424,111.97674609786921,3.4890673174549897e-07,0.9982260850864658,0.994658249861874,0.9982457801846554,0.9946801863603792,0.11100006103515625,4,21637,22262.0,5732.0,5498.0,18,17,14,14
473.42965202516274,101.62220680868265,3.1110681419013965e-07,0.994974187947103,0.9959143539376333,0.9950274878109373,0.9959301258691402,0.10660481452941895,4,22216,23972.0,5830.0,6003.0,17,16,14,13
330.0969081194188,147.30354148265863,6.841429725152418e-07,0.9978590906849353,0.9925553647101958,0.99788083364509,0.9925834171469758,0.10500073432922363,4,24175,25050.0,6427.0,6353.0,16,16,13,13
854.9668609562206,247.26107996744386,6.911630441659734e-07,0.9909576062164893,0.9880270038870982,0.9910270030500159,0.9880666929496056,0.09831047058105469,4,32519,35591.0,9608.0,10095.0,13,12,10,10
777.8329605920113,266.02147861278667,7.599408376686442e-07,0.9931208083825003,0.9875952536877431,0.993170405401184,0.987633069228219,0.0989999771118164,4,33879,37108.0,10293.0,10671.0,13,12,10,9
965.8428314172032,309.8015325709886,7.558969893697162e-07,0.9899429769481843,0.9843603317750774,0.9900099769341182,0.9844230622690026,0.10499691963195801,4,35077,39421.0,10880.0,11774.0,12,11,9,9
1025.1355144158586,320.214674085995,9.520740684808795e-07,0.9891321594361622,0.9842246175472006,0.9892018180724893,0.9842944123101377,0.10199952125549316,4,35960,40286.0,11261.0,12241.0,12,11,9,8
1154.7376776422716,388.40256446544396,1.9340009835507822e-06,0.9874405202054688,0.9795187839824074,0.987513606334879,0.9796582474252822,0.10499835014343262,4,38180,43229.0,12581.0,13699.0,11,10,8,8
16.624216773530513,3.9024564913226985,1.239928535054346e-06,0.9698810296556163,0.9684342059927149,0.9709626908281537,0.978579369735316,0.11400032043457031,4,346,369.0,121.0,121.0,7,8,5,4
6.550286253286951,3.814719299415533,1.1597299593893677e-05,0.9962634351897444,0.9713551211435396,0.9963988427721903,0.9817160261975185,0.11961483955383301,4,368,373.0,134.0,112.0,8,7,4,4
9.216154295583381,3.630025252437417,1.5221271762590533e-06,0.9936545199228031,0.9771794524872592,0.9938303469811647,0.9845349437530403,0.14099931716918945,4,386,385.0,146.0,118.0,8,8,4,4
31.382054319839124,5.448623679425842,1.8698055704342507e-06,0.9538359203594065,0.9726329037119325,0.9549681702877992,0.979426090431645,0.11999821662902832,4,501,522.0,159.0,143.0,9,9,4,4
41.12164373335936,9.265752352975266,3.057310270821873e-06,0.9113470251168183,0.904625235850734,0.9133577753698958,0.9283621485479776,0.1320180892944336,4,444,506.0,138.0,128.0,8,11,3,4
21.053750655564123,5.07444578254611,2.219877994000525e-06,0.9866865676194707,0.9818341651073774,0.9869840295881365,0.9867077793474165,0.10335350036621094,4,578,592.0,195.0,161.0,9,8,4,5
54.49531707709694,10.70484703300332,2.058524567448806e-06,0.9148264819299365,0.9225614121637337,0.9162731787019935,0.9389974589206027,0.10213518142700195,4,588,577.0,165.0,158.0,11,8,4,5
45.10774139029057,10.048839070592516,2.3944174715216764e-06,0.9448240132500246,0.9460106426952213,0.9457621401839869,0.9558170213945159,0.10495781898498535,4,622,640.0,190.0,186.0,10,9,4,4
36.80890970041538,9.476396115260977,1.6504541851255513e-06,0.9684558403098237,0.9532937010922381,0.9690031647513798,0.9608897236285772,0.09599852561950684,4,647,669.0,175.0,173.0,10,10,7,4
112.23664515713676,24.000672033601813,8.226916211643145e-07,0.9503164531344478,0.9501897270265514,0.9530347438479915,0.9551600547745238,0.11686468124389648,7,1542,1528.0,322.0,319.0,25,21,6,7
140.20270279969793,31.79388406328782,8.032210232488077e-07,0.9421934976015679,0.9359061467383616,0.9451343311329737,0.940448994899427,0.1130521297454834,6,1707,1911.0,374.0,396.0,23,21,10,17
302.45725915742423,61.152843047285685,8.978883182618423e-07,0.8066580723941892,0.8336980558535578,0.817680747317429,0.8399038070220605,0.11330199241638184,6,2038,1890.0,443.0,391.0,33,22,19,18
519.2907714018784,110.86639659850428,9.08611520149845e-07,0.7092982373729544,0.7133929224824462,0.7213359855361489,0.7205812466380966,0.1139981746673584,5,2710,3915.0,598.0,823.0,23,25,22,21
288.0511467741358,58.8798062067749,7.083420431833192e-07,0.9212895194909274,0.9309824891786669,0.9247665206428203,0.9324641293776227,0.11999797821044922,5,3030,3588.0,637.0,753.0,28,24,21,20
148.50288341637923,31.71347790531754,1.1897398252339352e-06,0.9884496031319101,0.9886706208325918,0.9889691923527381,0.9888560408886877,0.10799741744995117,6,4014,4227.0,852.0,888.0,29,28,28,24
704.9590059003431,143.4962680607702,1.203197782238397e-06,0.7993044221613655,0.8257516665952898,0.8066679009154369,0.8283300574528905,0.11552166938781738,5,4449,6168.0,982.0,1321.0,28,25,23,22
761.1143352020116,167.152469071404,1.8591241818340493e-06,0.90103577862347,0.8962680712813886,0.903221095241303,0.8972217641576881,0.11699867248535156,4,6936,8926.0,1512.0,1968.0,26,22,18,18
674.4380299553103,141.19733531479977,2.302748569422859e-06,0.9267849539182814,0.9318464827532793,0.9284100585399067,0.9324921530675228,0.10753631591796875,4,7135,8814.0,1587.0,1939.0,24,22,22,18
302.51967911195464,41.125696549318974,4.746648826394421e-07,0.9941427499380351,0.9978506941159395,0.9942370870904621,0.9978650279683426,0.11241292953491211,4,11984,12791.0,2830.0,2903.0,22,21,19,17
256.35052906128357,51.32190078319391,7.347685448483344e-07,0.9966375984306204,0.9973053318612561,0.9966851378925122,0.997320389571903,0.10876011848449707,4,13656,14374.0,3163.0,3316.0,21,19,16,16
203.23939086702657,31.631175286416404,9.809674583851672e-07,0.9981613779806894,0.9991308516479624,0.9981880878679433,0.9991359913736895,0.10666155815124512,4,14914,15094.0,3528.0,3505.0,21,19,17,16
649.647901430716,129.05183067279597,1.0054747039228824e-06,0.9845493358036221,0.9882892227670909,0.9847469858857744,0.9883470883439229,0.1062917709350586,4,16623,18721.0,4155.0,4493.0,19,18,15,15
223.29574466015544,39.525308347943344,3.3740156056644067e-06,0.9983014542135534,0.998975448096601,0.9983225484886983,0.9989803530574124,0.09199714660644531,4,17466,17908.0,4179.0,4260.0,19,18,17,15
437.48808317103527,88.34013338605884,2.011639248552314e-06,0.9940138426138839,0.9953659562526869,0.9940845947603404,0.9953862719304325,0.10131216049194336,4,18237,19658.0,4470.0,4748.0,18,17,15,14
550.761433154138,118.07174725564114,3.803294445065452e-07,0.9934216785076343,0.99458122861458,0.9934884564776434,0.9946010978419867,0.10378098487854004,4,22846,24631.0,5951.0,6241.0,16,15,13,13
295.67104116455727,118.56731562000269,5.343676632680818e-07,0.9981823342762137,0.9948962396050657,0.9982007092290046,0.9949146302686431,0.10768342018127441,4,23417,24273.0,6267.0,6114.0,16,16,13,13
616.0909446529248,170.39253089068586,4.331115247473821e-07,0.9943323830090639,0.9928895039518371,0.994379239742297,0.9929124488062115,0.09999752044677734,4,28688,30849.0,8127.0,8329.0,14,13,11,11
1054.0001334202952,330.9916917386296,1.1546086825895966e-06,0.9890060111928235,0.9841556063580937,0.9890724341224525,0.9842397921674461,0.1016089916229248,4,37318,41740.0,11728.0,13009.0,11,10,8,8
1067.1826518923554,349.7540802716484,1.49478690968489e-06,0.9893573460137587,0.9835394901092432,0.9894155757684501,0.9836980845035402,0.10511660575866699,4,38333,42976.0,12648.0,13657.0,11,9,8,7
7.259333073131902,3.5619517121937516,1.6619856342223723e-06,0.9963182744625473,0.9794437174017455,0.9964588894069234,0.9866384237903633,0.11844491958618164,4,415,419.0,137.0,122.0,8,8,4,4
38.550697140259345,8.597480251019288,1.5952880784219039e-06,0.9261747682842919,0.9262045001631436,0.9281999027517351,0.9446546672744046,0.12399911880493164,4,479,540.0,154.0,146.0,8,9,6,5
40.319427699311404,11.88398782676365,5.361925350292679e-06,0.9623669898902013,0.9292749048684417,0.9630443671596811,0.9448876552453331,0.10190176963806152,4,673,743.0,205.0,188.0,9,10,4,5
40.372484441758104,9.51095859171584,2.746862219143715e-06,0.9453844979224209,0.938367180973363,0.9463007637207557,0.9506813291461305,0.10541152954101562,4,559,602.0,171.0,161.0,9,10,6,4
12.591746635528105,5.649483752226097,2.87291700883997e-06,0.9950706618885671,0.9806594146485156,0.9951531447519959,0.9840803671283481,0.10205316543579102,4,575,584.0,159.0,158.0,11,9,7,4
43.71856013182502,9.417957138714673,1.8391655306179614e-06,0.9628859115946894,0.965976694135375,0.9634691040543826,0.9711098124003879,0.10399866104125977,4,695,744.0,212.0,204.0,11,9,6,5
65.09680291688679,14.062361110425233,2.550008128499853e-06,0.9406632774077,0.9401504435752522,0.9415528726296384,0.9495184508546404,0.10399937629699707,4,838,783.0,233.0,216.0,11,9,7,5
64.77324228928691,15.216150958767464,1.2687356523655004e-06,0.9450516555493059,0.9387629419302167,0.9459488470651215,0.9465357038764489,0.1080927848815918,4,853,835.0,229.0,229.0,13,10,5,4
49.48792726569729,11.78749570286475,1.2188481826211635e-06,0.9784223055732082,0.9688163338315584,0.9809574680977673,0.981056252084052,0.10534381866455078,9,1055,1084.0,287.0,241.0,13,13,8,9
209.0416328278153,43.659221930474985,8.540192834725296e-07,0.9108781617145943,0.9189267714576905,0.9154595412445208,0.9220174476603441,0.11025667190551758,6,2050,2497.0,439.0,517.0,27,25,20,21
644.1293219015365,134.0333835903081,1.36962587676156e-06,0.9255479862947555,0.9308700635609554,0.927260370876699,0.9315383440187394,0.11200141906738281,4,6840,8347.0,1549.0,1833.0,26,22,20,19
319.5520953876952,48.57682918154841,1.3795478664254518e-06,0.9940555493717925,0.9972615169140019,0.9941452971416502,0.997277681512909,0.10677218437194824,4,12855,13323.0,3002.0,3043.0,22,20,18,17
376.0799865055305,124.19293625913942,2.9381790638446046e-06,0.9942277284047468,0.9877348931208824,0.994313987689362,0.9878227262145928,0.11599922180175781,4,15748,14471.0,3813.0,3333.0,21,21,18,17
432.6474218883855,87.4792237238839,8.399495125726677e-07,0.9932282475383608,0.9947006124934016,0.9933123676814422,0.9947260200435527,0.10834455490112305,4,16736,18177.0,4116.0,4340.0,19,18,16,15
559.5726047618843,96.31988804672342,6.66898451460691e-07,0.9892922040865013,0.994042913560041,0.9894241109768935,0.994071610661866,0.09903645515441895,4,17341,19126.0,4319.0,4610.0,18,17,15,14
294.53101845702656,68.92455114108469,5.789955823477053e-07,0.9974463375884077,0.9973884821672446,0.9974759452941256,0.9973994034794734,0.10399842262268066,4,18912,19864.0,4761.0,4804.0,18,17,15,14
383.70409606014545,80.7775365845398,4.759270855688816e-07,0.9959532807344534,0.9966617534324752,0.996000111015707,0.996676257398184,0.10400056838989258,4,19813,21013.0,5011.0,5140.0,18,17,15,14
399.5665490044598,99.73386460977034,5.043449008599552e-07,0.9963285648923604,0.9958949764445848,0.996367983167019,0.9959119201929202,0.10879230499267578,4,22118,23432.0,5824.0,5845.0,17,16,14,13
464.57391993452813,128.96705005543083,4.728409914735197e-07,0.995331354470016,0.9936220385901818,0.9953778364846789,0.9936458659259968,0.10327863693237305,4,22805,24306.0,5904.0,6129.0,16,15,14,13
579.3342173708253,142.8250313612195,5.767618745671688e-07,0.9932616623128098,0.9927188392963362,0.9933270806661286,0.9927460136681345,0.10000061988830566,4,23733,25815.0,6288.0,6611.0,16,15,13,12
334.1909696067006,134.08637607900363,8.437148347582083e-07,0.9978687426784305,0.9939905898795648,0.9978891531701913,0.9940118954373194,0.12344765663146973,4,24561,25585.0,6616.0,6530.0,16,15,12,12
590.9775094423363,168.54892341196765,3.4555437792157493e-07,0.9943341944590316,0.9921632404754427,0.99438644671865,0.9921887260156877,0.10399770736694336,4,27178,29344.0,7438.0,7771.0,15,14,12,12
740.9396905281833,244.87956223417257,5.00431217965491e-07,0.9931577274434354,0.9883401831985366,0.9932139210172289,0.9883731766471756,0.10036659240722656,4,32265,34798.0,9482.0,9780.0,13,13,10,10
778.0963816691777,261.2763742667905,7.2357773494967e-07,0.9929309108225157,0.9874606058027375,0.9929829930558186,0.9874999036371832,0.09598493576049805,4,33359,36490.0,9988.0,10413.0,13,12,10,10
953.7739675887574,302.1459188041434,7.36482705355019e-07,0.9898384729283822,0.9842495131866504,0.9899091696123473,0.9843082775523952,0.10000014305114746,4,34468,38249.0,10468.0,11349.0,12,11,9,9
1019.4390307909541,316.7599972113482,1.3340076074892043e-06,0.9893586002994893,0.9846562570013779,0.9894256625887067,0.9847353218814778,0.10108041763305664,4,36203,40414.0,11502.0,12381.0,11,10,9,8
1009.1007444750004,322.19968252105195,1.2931909630918682e-06,0.9900351241061756,0.9851968147713291,0.9900920897080859,0.9853106819334582,0.10399889945983887,4,37627,41962.0,11970.0,13076.0,11,10,8,8
21.700134408185892,5.755432216610669,1.9791761875196667e-06,0.9838061620233907,0.9756653061302576,0.9842299867530981,0.9820917419784942,0.11165833473205566,4,562,590.0,170.0,165.0,9,9,3,4
32.60815337713356,9.229707470987366,5.247619569871797e-06,0.9490569059229511,0.9105437192777757,0.9502666885245861,0.9339409665846947,0.13484668731689453,4,482,522.0,149.0,149.0,9,10,5,4
167.04917564398016,33.964442190816754,9.747152452228276e-07,0.33911728974673594,0.4962082546807144,0.4021494354703774,0.5413798996894839,0.11047196388244629,4,772,825.0,189.0,181.0,17,14,8,9
104.86062177957939,22.933031047889816,8.63470816210581e-07,0.9335396311084158,0.9280355498970921,0.9374829380491388,0.9405707217684306,0.10630011558532715,8,1246,1235.0,286.0,259.0,19,18,7,8
166.75169873874768,35.37084638785943,6.475600535660342e-07,0.9106280364682927,0.916282366714462,0.9161880745751516,0.9210585723044674,0.1261448860168457,7,1657,1997.0,364.0,410.0,28,27,17,23
489.75163415541016,98.48291329223723,8.314174325858638e-07,0.8892422906017006,0.9051000046883828,0.8931818499425582,0.9064167081629947,0.11600160598754883,5,4237,5337.0,946.0,1136.0,25,25,23,21
360.74721354895223,66.24174476868797,4.712169185059831e-06,0.98380423148533,0.9886211604082906,0.9841420993597868,0.9887199160123901,0.10610103607177734,4,8250,8796.0,1883.0,1939.0,25,22,22,19
283.0732568611878,43.02167573832211,9.273101470633498e-07,0.9955893459279894,0.9979724232884045,0.9956523497081522,0.9979838287824778,0.1065673828125,4,13035,13811.0,3128.0,3173.0,20,19,17,16
385.74272244161216,64.19323043229194,2.1662353408848834e-06,0.9924653464547494,0.9958200279830596,0.9925759334287115,0.9958449296128993,0.1051642894744873,4,13789,14635.0,3228.0,3386.0,21,19,18,16
559.969883862814,101.44338527802917,5.116112651524001e-07,0.9873771685396999,0.9920832480324628,0.9875393771158164,0.9921225169550891,0.11190581321716309,4,15735,17519.0,3819.0,4155.0,19,18,15,15
195.96151833119345,35.583821230066526,9.247027043797354e-07,0.998580808495513,0.999103789281383,0.9985997341114538,0.9991087227483221,0.09909725189208984,4,16552,16845.0,4121.0,3975.0,19,18,16,15
328.2873645908414,78.86407082231216,6.876578493835908e-07,0.9966063626434479,0.9963202198742006,0.99664632427773,0.9963367150938982,0.1022946834564209,4,17997,19173.0,4491.0,4613.0,18,17,16,14
356.07603939795405,74.2871680260685,1.0934389793170944e-06,0.9962478884269209,0.9969653476042792,0.99629334114658,0.996979713300334,0.10399866104125977,4,18844,20038.0,4711.0,4853.0,18,17,15,14
196.71110903217098,78.86261788705724,9.984948591577433e-07,0.9989530406683035,0.9968607422441734,0.9989647905703846,0.9968740548959987,0.09600067138671875,4,19825,20303.0,5028.0,4934.0,18,17,15,14
246.65845988599972,125.66091940880692,4.6737533981200747e-07,0.9986206257710759,0.9935369019060656,0.9986352453783471,0.9935617122086889,0.1118311882019043,4,22230,22389.0,5797.0,5535.0,17,16,14,13
332.83670295406625,153.9915785035013,5.684981239856143e-07,0.9977216092208372,0.9914501682469039,0.9977465234140305,0.9914863331191649,0.10799789428710938,4,23529,23920.0,6246.0,5985.0,17,16,14,13
770.4077113234697,243.73224294294755,4.224873484772542e-07,0.9924330444942346,0.9878632777476156,0.9924925019774038,0.9878989285046382,0.09772634506225586,4,31575,34518.0,9327.0,9786.0,13,13,10,10
807.5975044331592,255.4341891759989,8.850976083403603e-07,0.9927593949647615,0.9887764212183257,0.9928087681292956,0.9888202130812792,0.10399818420410156,4,34339,37679.0,10350.0,11055.0,12,11,9,9
1018.5102018389408,312.2327857544752,9.334834729370617e-07,0.9893524245086249,0.9850231241339403,0.9894162727796675,0.9851224662036236,0.10424232482910156,4,36122,40536.0,11218.0,12423.0,11,10,9,8
1202.3297306687546,384.05719246400446,1.4111106709063065e-06,0.9856823759664729,0.9787236531900106,0.9857703601192093,0.9788284768913683,0.10387396812438965,4,37167,42360.0,11865.0,13373.0,11,10,8,8
11.256479615462968,3.4323825544364954,3.191739777054559e-06,0.9884711802064347,0.9768133174791914,0.9890030089391235,0.9856065557747873,0.11599898338317871,4,374,388.0,125.0,123.0,7,7,3,4
8.904586833012898,2.476977324616975,7.521195223854959e-07,0.992086588715384,0.9878112476506409,0.9924192492947497,0.9918239537610576,0.11599993705749512,4,346,356.0,116.0,113.0,9,7,4,4
23.3037014227354,4.864839839775475,2.0278107658000123e-06,0.969221867573613,0.9686437417732088,0.9704789769846043,0.9801119125092219,0.11705303192138672,4,451,458.0,153.0,129.0,9,7,3,4
13.450139404482021,3.336977175029321,2.205886255692682e-06,0.9769705974237538,0.971642862096893,0.9778027847401565,0.9804897243448089,0.11599850654602051,4,311,333.0,110.0,98.0,9,8,4,5
26.285095586662795,5.554652704415162,4.261737698590393e-06,0.9687276189030107,0.9715241336152158,0.9693777001290359,0.9782383112106641,0.11180925369262695,4,503,523.0,167.0,149.0,10,9,4,4
65.56257783906324,17.49439234271543,7.592636179431487e-07,0.985694084921802,0.9775590653514113,0.986323520705196,0.9796314087184083,0.11749672889709473,7,1612,1729.0,359.0,358.0,21,21,10,17
232.36724733578225,52.65346234365024,9.038529298774524e-07,0.8124233231597551,0.7886897434387555,0.8226320016285202,0.8086841723260889,0.12407660484313965,7,1613,2036.0,345.0,420.0,23,25,6,20
90.54979821869736,21.7169901131457,7.030032011163597e-07,0.9823819582922401,0.9784478728467206,0.9831741855449407,0.9795931818663154,0.11199951171875,6,2038,2175.0,444.0,452.0,22,22,19,18
276.01252831977337,59.06071808785118,1.0107695920118438e-06,0.8878667885434636,0.8904857557405493,0.8923367613371943,0.8940976651506654,0.11599874496459961,5,2315,2967.0,498.0,622.0,26,23,21,19
242.66032139381042,48.55631564970395,8.087061318483563e-07,0.9452821885507103,0.9539208108965908,0.9476085042317565,0.9548828567739275,0.1199958324432373,5,2938,3135.0,643.0,656.0,29,24,21,20
271.20287609094413,50.417728711446856,7.716321253073792e-07,0.9409733358247827,0.9567241155597139,0.9436627833797162,0.957525386393311,0.11999678611755371,5,3198,3297.0,689.0,690.0,27,25,27,21
883.8233585771914,187.17229696191689,1.8372727685065999e-06,0.8548959694366018,0.8623696905185363,0.8584702350698757,0.8637864249611698,0.10734415054321289,4,6687,8856.0,1449.0,1957.0,25,22,20,19
457.85025299399655,94.7100839404126,1.5276329804322828e-06,0.9670665893364326,0.9698732232047766,0.9678332220785905,0.9701826076360877,0.1119992733001709,4,7436,8018.0,1617.0,1756.0,26,23,24,19
635.430726620403,125.36168506897685,1.487944723720699e-06,0.9513443119948608,0.9603353862363081,0.9523342989864509,0.9606518665852112,0.10384225845336914,4,8457,9856.0,1904.0,2191.0,24,22,21,18
453.566158808907,90.35208907380061,7.644758290987201e-07,0.986719328591062,0.9891429521159582,0.9869216166581051,0.9892082321846598,0.10800862312316895,4,11794,13162.0,2706.0,3005.0,21,20,17,16
209.5528473520065,32.29357521241648,7.173429469233613e-07,0.9973202225188053,0.9987237698533526,0.9973636448447925,0.9987321194848972,0.11316084861755371,4,12383,12402.0,2906.0,2812.0,22,21,19,18
238.83604470431175,49.816538418481066,8.698486869296392e-06,0.997983166676118,0.9983198767095062,0.9980081233655688,0.998327930531826,0.10547614097595215,4,17069,17754.0,4125.0,4222.0,19,18,16,15
172.88601133887803,40.98996320239058,1.6456908876209466e-06,0.9989904148420942,0.9989161996281891,0.9990027229080981,0.9989212342517213,0.09599781036376953,4,17501,17955.0,4249.0,4273.0,19,18,16,15
215.84731293208168,59.60145412096364,5.779970265584875e-07,0.9986399131266188,0.9980474509300526,0.9986555577893351,0.9980558511542865,0.09653449058532715,4,18991,19497.0,4680.0,4710.0,18,17,15,14
199.0497215940446,106.35822919110052,8.280561884450801e-07,0.9989060817605403,0.994108257050144,0.9989194522379363,0.994137597874477,0.09600162506103516,4,19542,19340.0,4868.0,4654.0,19,18,16,15
273.80718580782354,95.71088191353513,3.8516561213113173e-07,0.9980684837968588,0.9956971366019753,0.9980903756941053,0.9957157896295117,0.10799884796142578,4,20515,21280.0,5255.0,5222.0,18,17,15,14
624.573137564102,169.35345803968693,3.4437831684215864e-07,0.9930808731763754,0.991191045335955,0.9931429155794046,0.9912206298226797,0.11599969863891602,4,25695,28034.0,6843.0,7306.0,15,14,12,12
504.92930610796066,251.1472634066847,8.127159632022595e-07,0.995625632373808,0.9814622704287569,0.9956692307087639,0.9815316697005451,0.10399794578552246,4,26472,25906.0,7174.0,6641.0,16,16,13,13
678.4420956008945,204.03137524246935,4.105719297508835e-07,0.9934772754076034,0.9903895523370755,0.9935314129036947,0.9904204911367002,0.09999942779541016,4,29395,32052.0,8434.0,8700.0,14,13,11,11
783.5074917212555,242.4720774302339,2.207302418106739e-06,0.992109936199685,0.9879780619236765,0.992171399990066,0.9880139026433399,0.09633946418762207,4,31451,34419.0,9274.0,9738.0,13,12,10,10
824.4788126446913,245.28011198083985,4.4652752246776566e-07,0.9917553718092705,0.9884994541460383,0.9918147872161535,0.9885441991082948,0.09999942779541016,4,32569,35872.0,9772.0,10196.0,13,12,10,9
917.5124999148513,290.0888872397562,8.326217507642889e-07,0.991094228893409,0.9865168259007312,0.9911503400897977,0.9865810847965832,0.10399842262268066,4,35711,39513.0,10944.0,11780.0,12,11,9,8
1047.6421641794811,354.92160225886505,1.2705780166297604e-06,0.9893619863385253,0.9821856034470793,0.9894243891923692,0.9823190858118002,0.10347771644592285,4,37714,42166.0,12205.0,13199.0,11,10,8,8
1099.706727003462,359.22638231343757,1.2164504295901126e-06,0.988696735597962,0.9827912156781382,0.9887568072623019,0.982999639121089,0.1080026626586914,4,38527,43333.0,12599.0,13896.0,10,9,8,7
16.45796413088002,3.8392164999298144,1.5497151064022167e-06,0.9784492874236402,0.9748152254421102,0.9794301707177963,0.9835321501309281,0.1010739803314209,4,410,409.0,128.0,120.0,7,7,6,5
19.465514377996797,4.892596447695231,4.56136521951463e-06,0.9492338136587006,0.9318518600894666,0.9516448661783137,0.9584304961694733,0.11599540710449219,4,308,320.0,111.0,101.0,9,8,4,4
8.992473704900856,3.087272258807117,8.710196255854744e-07,0.994003017755549,0.9836798000552553,0.9942645140229566,0.9896262866947434,0.12002921104431152,4,407,411.0,140.0,120.0,9,7,3,4
22.886040140953465,5.775306629666226,2.442194310862503e-06,0.9376840589150673,0.9087261442859268,0.9407267695871344,0.943527695414985,0.12400102615356445,4,316,340.0,110.0,91.0,8,8,3,4
60.3383452631153,11.318729450059154,9.176469489389658e-07,0.9667909455802833,0.9667207561049366,0.9722807907626804,0.9801475005141417,0.12915635108947754,12,1025,1025.0,260.0,221.0,13,12,5,12
73.60326664092466,16.762413150368772,1.1493343611896015e-06,0.9721332456548695,0.9677681396003974,0.9733812383198805,0.9738409813366999,0.12399983406066895,7,1263,1383.0,319.0,293.0,16,17,7,8
219.26520861120915,45.33802582122267,1.2060897804059517e-06,0.5338800377736889,0.520030659301739,0.6075907512150877,0.6610866151773173,0.11599874496459961,18,1024,1011.0,227.0,223.0,22,19,17,18
234.00080971519824,49.32705033485017,8.275666350146883e-07,0.9446272519684912,0.9474937946592364,0.9468550953732678,0.9487716747426465,0.1107783317565918,5,2753,3337.0,616.0,700.0,27,24,20,20
274.0797617290881,55.58407572033748,8.801617090154832e-07,0.9418465338383571,0.948284955435571,0.9440698380808382,0.949271726484216,0.11599993705749512,5,3175,3135.0,686.0,659.0,25,22,20,18
154.59122487551045,33.94300604799858,5.789958985854576e-07,0.9849798550812766,0.984448215713688,0.9857006028410463,0.9847067027518253,0.11056280136108398,6,3672,3881.0,764.0,813.0,29,27,28,24
122.87106198100685,27.984608231532214,7.956418894686627e-07,0.9937793140824207,0.9929924671246948,0.9940107978491506,0.9930840790841677,0.10799884796142578,6,4396,4646.0,935.0,981.0,28,27,22,23
655.6778855378099,137.7814921654332,1.0770125137814313e-06,0.8555695652546073,0.8650787335435428,0.8595199930290468,0.8666083716346149,0.11354517936706543,4,4794,6448.0,1079.0,1395.0,26,23,21,19
230.07410705431872,40.445284677346244,1.418067650252485e-06,0.9867337171375185,0.9912403964709772,0.9871506019935693,0.9913419761474376,0.11017870903015137,5,5684,5678.0,1250.0,1211.0,26,25,24,21
692.6662631335045,144.60265240766967,1.4132204576399656e-06,0.9332279759259698,0.938721034619814,0.9345663846390354,0.9392268005861214,0.11158871650695801,4,7727,9657.0,1731.0,2146.0,23,21,19,18
302.6552459757912,58.22558501208897,3.7003938105683523e-06,0.9880996329331989,0.9906571255301546,0.9883402268827919,0.9907350395927028,0.11599874496459961,4,8031,8592.0,1831.0,1889.0,24,22,21,18
425.6554504525932,81.09568679446933,2.5066546615783785e-06,0.9816864790261558,0.9861025921151086,0.9820174418265849,0.9862050263308333,0.1150050163269043,4,9249,10212.0,2097.0,2276.0,23,21,19,18
352.07071969515823,65.63995861262153,1.1017134131233634e-06,0.9918444788894394,0.9941273294374054,0.9919756574038172,0.9941663387873741,0.11600041389465332,4,11814,11201.0,2719.0,2519.0,22,21,18,17
329.60745276262594,47.870702592156164,2.7214264028662684e-06,0.9948034898667237,0.9978109234871596,0.9948737410749505,0.9978226338901747,0.10800004005432129,4,14185,14959.0,3365.0,3476.0,20,19,16,15
586.4370348411953,132.47279594945775,5.130716072762193e-07,0.9902937635350774,0.9908302826895222,0.9903987893707132,0.9908695480018744,0.0997154712677002,4,19262,21476.0,4849.0,5291.0,17,16,14,13
227.4334838657961,63.446992311167385,4.6197337043588696e-07,0.998570677001131,0.9979665701354661,0.9985869294001646,0.9979750631843374,0.15443849563598633,4,19787,20425.0,5018.0,4976.0,18,17,14,14
573.163171211596,134.88992425925173,4.283102634759422e-07,0.993089005604147,0.9931564901219248,0.9931560783405476,0.9931812280688078,0.10399866104125977,4,23167,25210.0,6173.0,6423.0,16,15,13,12
501.0432449732591,134.6937111870236,8.292396275721118e-07,0.9952809928727302,0.9940820244283258,0.9953246234500236,0.994102911888263,0.11185741424560547,4,24829,26599.0,6689.0,6900.0,16,15,12,12
616.6818128770568,148.88845097365117,1.0738948363831498e-06,0.9932300334385334,0.9932445207919008,0.9932900494492853,0.993266875508344,0.1080026626586914,4,25738,28039.0,6914.0,7326.0,15,14,12,11
598.0877078238609,172.14232241568797,4.370946232041473e-07,0.9944540823489,0.9924052490752592,0.994499955900673,0.9924301109323791,0.10775041580200195,4,27977,30134.0,7775.0,8121.0,14,14,11,11
657.2779171831857,190.3069614683954,1.1173098300912315e-06,0.9937648727675288,0.9913192041085593,0.9938150853101061,0.9913478069566847,0.10399842262268066,4,29306,31807.0,8190.0,8599.0,14,13,11,11
616.9078807515214,222.9250387835935,3.4082566550051734e-07,0.9949908555004197,0.9893538450802372,0.9950323588546417,0.9893845015651666,0.09999752044677734,4,31032,33300.0,8926.0,9154.0,14,13,11,11
860.113346454989,280.57949705327127,6.45253443147821e-07,0.9914755063213129,0.9858999500674779,0.9915392931067387,0.9859413914084268,0.09999847412109375,4,33646,37295.0,10098.0,10762.0,13,12,10,10
975.2035044030554,312.14476475934475,8.475777514165287e-07,0.9894004967756002,0.9835509475700716,0.9894732372160038,0.9836140887859517,0.10510778427124023,4,34452,38611.0,10597.0,11480.0,12,11,9,9
1061.176548302245,339.0005377331035,1.052590567978623e-06,0.9891111951376865,0.9837327300392158,0.9891715184320806,0.9838908372767746,0.10241508483886719,4,37630,42051.0,12074.0,13043.0,11,10,8,8
1043.3818512414332,326.32601285626413,1.3732975101660654e-06,0.9899322052085096,0.9859410668762452,0.9899846928795367,0.9861038667169996,0.10400176048278809,4,38903,43376.0,12841.0,13917.0,10,9,8,7
24.80549334320928,8.140050163645595,4.563855743585654e-06,0.9666897116790809,0.9080166681528862,0.9679013925562694,0.9428531847917421,0.13200139999389648,4,454,481.0,166.0,142.0,8,9,4,4
23.861798269758854,6.790004909178392,5.573314901629461e-06,0.9748216059235395,0.9596662854435023,0.9755400435611057,0.9702015388555506,0.12021303176879883,4,493,537.0,172.0,172.0,10,8,5,4
15.191828944095791,3.031088913245535,3.345741374599018e-06,0.9707953749018194,0.9775557289722797,0.9725110608674666,0.9860735031660675,0.1159980297088623,4,325,354.0,123.0,107.0,8,7,3,5
29.692521505142224,6.861729616746301,3.093036799979552e-06,0.9449574815111558,0.9380928983172431,0.94648773184561,0.955795468370484,0.1119987964630127,4,412,437.0,147.0,134.0,8,8,4,4
9.282600210429546,4.721405158071765,5.473666743211217e-06,0.9958015288263039,0.9765095211105014,0.9958933884522153,0.9822513793539585,0.10399937629699707,4,474,460.0,136.0,128.0,11,9,3,4
76.13810095258921,18.12226990933163,2.8860549572966913e-06,0.9005185539176731,0.8822375857858448,0.901912267936655,0.8986148586278939,0.09999895095825195,4,729,823.0,208.0,203.0,10,11,4,5
63.28391712486409,15.438385602128223,1.485019096807679e-06,0.951884745201277,0.9403858078568488,0.9526493402658169,0.9482815428849216,0.10400843620300293,4,871,872.0,237.0,225.0,10,10,6,4
86.61247271673709,22.253911097597765,7.942026502720861e-07,0.9686150860692677,0.9524772902788683,0.9700461902335803,0.956989146896627,0.1203920841217041,7,1421,1593.0,318.0,330.0,22,21,8,17
257.59761628340743,53.02648876399698,9.049954281787503e-07,0.8230710442617262,0.8402050868843364,0.8304417074726006,0.8493885589187786,0.11599922180175781,6,1828,1575.0,373.0,327.0,26,18,23,14
266.91489997710363,57.85307877204337,9.670233442717504e-07,0.9010138477042801,0.8994296865288239,0.9048587725884578,0.9026557415081842,0.10955023765563965,6,2379,2892.0,511.0,601.0,28,26,22,22
252.70058390590034,52.505420186264296,9.380872162976082e-07,0.9290789167660745,0.9356060793909997,0.9330021564826418,0.9371749754235073,0.11339569091796875,6,2749,3117.0,612.0,651.0,31,26,24,22
301.0790244227725,62.810743298294206,1.154174983545529e-06,0.9341466651719946,0.9388010725725718,0.9367465860757427,0.9398108732384258,0.12000107765197754,5,3353,3478.0,712.0,731.0,31,24,25,20
608.5981648968303,126.88059036167161,1.5369717813540556e-06,0.9204688877482476,0.92600751505777,0.9226755094553672,0.9267472818136913,0.10799741744995117,5,6202,7577.0,1319.0,1646.0,27,24,24,21
350.3005406076331,60.26521246401885,1.1171298096134398e-06,0.9886158492181646,0.9930534723107182,0.9888192760337783,0.9931042043788051,0.11199831962585449,4,9698,10493.0,2190.0,2342.0,24,21,19,18
521.4956355681865,100.73945354229394,3.1010613688141824e-06,0.9779712037937398,0.9830988831759784,0.9783586856169898,0.9832229546362613,0.11748099327087402,4,10439,11779.0,2367.0,2659.0,23,21,19,17
365.8417804643605,62.67774724732854,5.736461095703859e-07,0.9911777544890231,0.9947355314218711,0.9913182485601985,0.9947708622815985,0.11260199546813965,4,11830,12683.0,2729.0,2892.0,22,20,19,17
276.98364121370054,81.98907447540394,8.514000216652945e-07,0.9956785766552063,0.9924854876180125,0.995744687307759,0.9925316946940205,0.1119987964630127,4,12985,12269.0,3083.0,2787.0,21,21,19,17
226.51982069273026,56.091536051945184,1.781781543012609e-06,0.9978911388976996,0.9975015332514482,0.9979183660088812,0.9975139835525894,0.10646414756774902,4,15670,16246.0,3740.0,3819.0,19,18,16,15
317.58893111484014,57.1736208112331,1.5492691597738861e-06,0.9960892678126961,0.9975649828032916,0.996142393118604,0.9975784927612467,0.1080012321472168,4,16052,17070.0,3959.0,4034.0,20,19,16,16
257.55672918795966,89.73160210687574,5.532382764966535e-07,0.9982248634910048,0.9960263492193073,0.9982440060757962,0.996042088186672,0.10402131080627441,4,20002,20762.0,5186.0,5070.0,17,16,14,14
528.9882934274948,158.1029464199408,3.053457722588848e-07,0.9950357807257939,0.9924289111663456,0.9950797483778919,0.9924544057394958,0.10891938209533691,4,25756,27676.0,7047.0,7189.0,15,14,12,12
518.6274152349963,153.06320181545922,4.3600578205846195e-07,0.9954256581504924,0.9932702951365234,0.9954659389048958,0.9932919808785807,0.10799932479858398,4,26328,28452.0,7282.0,7449.0,15,14,12,11
651.3529908966412,230.02533827819926,1.0913870225511427e-06,0.9946296909449326,0.9893676157517572,0.9946690361555101,0.9894009879364893,0.09636950492858887,4,31810,34298.0,9530.0,9647.0,13,12,10,10
1020.2882098946357,328.54989156899745,9.667030180490417e-07,0.9894213798966964,0.9836884368340548,0.9894867442352133,0.9837835986994415,0.10316324234008789,4,36518,40848.0,11384.0,12616.0,11,10,8,8
13.676698553866476,3.3024612034057266,1.937613029141502e-06,0.9821821544044602,0.9767616013391118,0.9829061171531169,0.9854040424529071,0.11030364036560059,4,356,368.0,128.0,116.0,8,7,4,4
14.494970392058987,3.713713325859532,6.034013216931654e-06,0.9786257533466555,0.9715039009954264,0.9793872328137758,0.9804356062509124,0.12145590782165527,4,343,359.0,114.0,114.0,10,7,5,4
22.02839077191069,5.778912815861936,4.045546405339093e-06,0.964601499804757,0.9485188652592833,0.9656147451212542,0.9634819119850292,0.1261274814605713,4,387,410.0,124.0,124.0,8,9,3,4
16.410108673213188,4.599592373243524,2.357714019914311e-06,0.9880620280895064,0.9794016140135285,0.9884088899563542,0.9858432360396777,0.1210024356842041,4,487,515.0,166.0,148.0,9,8,4,5
17.770821121527653,5.757241816471958,2.499811915386758e-06,0.9783654903274199,0.946782836475234,0.9790232529977039,0.9641792966916732,0.12099885940551758,4,397,417.0,130.0,130.0,9,9,5,4
29.18921747266731,8.31351810807755,1.8473351176923038e-06,0.9732483981777059,0.9526098473398132,0.9738862836648978,0.9656216530010795,0.10999941825866699,4,592,621.0,191.0,191.0,9,9,5,4
45.56371454714083,9.751602432421043,2.96749626930121e-06,0.9399817474884916,0.9382598904508695,0.941182061224274,0.9528888929256241,0.12099623680114746,4,590,590.0,177.0,175.0,10,9,3,4
54.6968920506458,11.852830182421975,7.032955830019222e-06,0.9567532812250757,0.9564578587549937,0.9573237377261541,0.9626115278137853,0.09900116920471191,4,808,777.0,216.0,216.0,10,9,5,4
113.24397518926412,22.137120032500462,1.2844716427560423e-06,0.6881234524580905,0.7637342370085141,0.6971873837963537,0.7972768958876275,0.11000204086303711,4,678,688.0,191.0,191.0,9,9,5,4
96.72474907350927,21.276209327164775,1.5260893423217183e-06,0.9130028209069851,0.9177473647937234,0.9147518430179429,0.9263508822124407,0.0989995002746582,4,989,1017.0,259.0,261.0,13,11,4,5
117.07848794900596,27.075544433731682,8.810257476000817e-07,0.9394582329720385,0.9290094427324437,0.9417262773228903,0.9375285001853928,0.121002197265625,6,1340,1407.0,327.0,318.0,14,16,6,6
111.18508710931344,24.452430315095608,6.985332111125965e-07,0.928440983372516,0.9238037334076741,0.9343752829029531,0.9325161328481207,0.1100003719329834,11,1279,1457.0,280.0,297.0,23,27,15,22
667.4657528667669,141.54839425675823,1.353728117259485e-06,0.8501270554260518,0.8552825323312855,0.8542669889886095,0.8569763583839064,0.10999870300292969,4,4779,6473.0,1062.0,1401.0,24,23,21,19
349.7523936188361,68.6439325336494,2.586251558850029e-06,0.9656223339477945,0.9717371096127456,0.9666170422525607,0.9720623816207946,0.11000275611877441,5,5324,6164.0,1171.0,1321.0,28,24,22,21
517.0927947025884,103.13724674755801,1.4784325450870723e-06,0.9709405042830563,0.9757139986644939,0.971486177364793,0.9758973320226509,0.12099909782409668,4,9000,10063.0,1993.0,2245.0,23,22,22,18
270.91275117646273,54.840488388294524,1.1731014326214445e-06,0.9924392584752872,0.9937136278035607,0.9925787224091407,0.9937607198175846,0.1100001335144043,4,9252,9098.0,2100.0,2014.0,24,21,21,18
778.1404449605054,167.21748562874637,5.788427008854369e-06,0.9560930902646118,0.95815798274846,0.9568630397356777,0.9584742906875726,0.12099909782409668,4,11258,13344.0,2569.0,3058.0,23,21,20,18
522.8792483292231,98.75796381389536,2.525486232007201e-06,0.9821296632406005,0.9870182230596504,0.9824202908771114,0.9871057135420315,0.10999941825866699,4,11846,13175.0,2757.0,3020.0,22,20,18,17
470.8211355352122,88.81376817063145,1.0155351920761867e-05,0.9884041220590759,0.9916716270806014,0.9885781073452871,0.9917220024238971,0.10999917984008789,4,13460,14725.0,3176.0,3424.0,21,19,16,16
413.180814434391,87.6280610497193,8.902966246043813e-07,0.9937036552108197,0.9944884995065865,0.993782605151856,0.9945150199641906,0.1099998950958252,4,16579,17876.0,4017.0,4263.0,19,18,16,15
450.3052205634159,87.67221148497777,4.7440785771884884e-07,0.9934162275989803,0.9952971597206066,0.9934901703605011,0.9953175071929851,0.0989999771118164,4,17904,19386.0,4411.0,4689.0,18,17,15,14
280.79030951346357,69.78702720897823,4.332003580712238e-07,0.9975878631569864,0.9971999088422376,0.9976152627023952,0.9972117102857188,0.09900045394897461,4,18505,19384.0,4527.0,4687.0,18,17,15,14
471.72267408934243,92.38399257086334,9.074270224358582e-07,0.9941071725550962,0.9958492382756617,0.9941695804264364,0.9958659846858132,0.12100076675415039,4,20198,21740.0,5144.0,5371.0,17,16,13,13
339.31436689791565,119.68778829382163,3.570356579511449e-07,0.9974353557176964,0.9943219082604023,0.9974615445844545,0.9943420316572054,0.1100001335144043,4,22563,23520.0,5883.0,5898.0,16,16,13,13
407.91614742901925,129.35625870697817,5.678190973672747e-07,0.996498070553008,0.993766015610676,0.9965349111873139,0.9937903102211539,0.09899640083312988,4,23376,24497.0,6116.0,6217.0,16,16,13,13
562.2425244056162,190.95311924658367,1.1737965376097444e-06,0.9950448565924828,0.9904711230933848,0.9950856144740136,0.9905031548470888,0.1100006103515625,4,27905,29712.0,7936.0,7969.0,14,13,11,11
606.8459184587139,198.17755612076763,4.6995128594057604e-07,0.9946267250927001,0.9905795854869087,0.9946723228017113,0.990607064007486,0.09900021553039551,4,29048,31144.0,8325.0,8465.0,14,13,11,11
820.9604639282779,237.77703141108196,5.823166365913447e-07,0.9919372959522637,0.9894139855116583,0.9919951355842223,0.9894523494059849,0.09900069236755371,4,32932,36175.0,9739.0,10436.0,13,12,9,9
1034.6891038696922,331.10241995491367,1.0801718177320525e-06,0.9887128364626186,0.9825838036004118,0.9887838005133748,0.9826776913346802,0.0989987850189209,4,35447,39735.0,10947.0,12100.0,12,11,9,8
6.400683557246054,2.839454172900137,2.4592282468558386e-06,0.9917803479284362,0.9548233371414258,0.9923731681423219,0.9780529819163943,0.1099996566772461,4,242,244.0,97.0,74.0,9,6,3,4
13.51311091742633,4.2106016988865935,2.7937810207295406e-06,0.9772474165526343,0.9513797634691196,0.9786133681381959,0.9706920549467145,0.1100001335144043,4,347,333.0,115.0,99.0,7,6,3,4
8.160499371974732,3.366501646120693,1.3496890881368043e-06,0.9911682730720786,0.9690583485699321,0.9915258375661729,0.979749892560896,0.12101030349731445,4,307,315.0,104.0,104.0,7,7,5,4
39.21282740804765,7.615773105863909,2.3200704150173205e-06,0.9344196492261581,0.9464753002708538,0.9360067445615574,0.9598467571100193,0.0989997386932373,4,505,503.0,162.0,138.0,10,8,3,5
53.10602602341847,11.490031911763054,1.0778311065551624e-06,0.9350942169074082,0.9388565268370068,0.9366787282933963,0.9465793300110572,0.09899711608886719,4,654,674.0,171.0,165.0,12,11,3,5
218.83483317453442,44.208715501762654,1.0487183125004037e-06,0.9706505629622889,0.9736924492259514,0.9717673596832467,0.9741490482403676,0.12100052833557129,5,3538,3904.0,766.0,821.0,28,25,25,21
409.6526221487339,85.85768263042432,1.2426507877132505e-06,0.9379539454723473,0.941833623563478,0.9396539671108457,0.9424879929072891,0.12099981307983398,4,4637,5628.0,998.0,1206.0,26,23,23,20
631.0015765299904,127.87245435719663,1.951135989075504e-06,0.8926155966266072,0.9056713700194683,0.8954008813262494,0.906624457281586,0.10999798774719238,4,5456,6817.0,1219.0,1481.0,25,22,22,19
685.8019940186817,143.0995064631601,1.404344701953401e-06,0.9495727668449191,0.9542587739421509,0.9504811346527988,0.9546012853184072,0.0989999771118164,4,9027,10876.0,2066.0,2438.0,24,21,19,17
473.8065269706613,86.89439232002643,1.7870780719659703e-06,0.9803973597268536,0.9863818309936068,0.9807383971217043,0.9864755226657531,0.12100100517272949,4,10114,11171.0,2309.0,2515.0,23,21,20,17
462.0617180096183,92.2463865597636,1.0396145416985289e-06,0.9838248962925377,0.9866740751941677,0.9840825831590365,0.9867589299081304,0.11009812355041504,4,10802,12152.0,2498.0,2757.0,22,20,20,17
523.5088844359123,103.6989332153422,3.282804632910721e-06,0.9888259607139449,0.9916045056709266,0.9889665202808346,0.9916455796388818,0.10999894142150879,4,15587,17338.0,3824.0,4115.0,19,18,15,15
552.4656286442925,113.5156468656781,6.335737937879373e-07,0.990835506412965,0.9928577426171888,0.9909359642913677,0.9928885747516591,0.10907936096191406,4,18780,20657.0,4735.0,5051.0,17,16,14,13
382.9697143160714,132.1293952280617,4.588031466296206e-07,0.9971271515380398,0.9940424138775027,0.9971536445098379,0.994062459799298,0.11048460006713867,4,24250,25605.0,6508.0,6568.0,16,15,13,12
461.0839018913297,172.30299741056936,6.666546250089576e-07,0.9962337295869025,0.9910634990838219,0.9962692360873963,0.9910934402291015,0.11253738403320312,4,25914,27279.0,7011.0,7138.0,15,15,12,12
739.4899495034849,202.7575008887875,6.932406206378955e-07,0.9918922677950085,0.9897865517377853,0.991955991910298,0.9898238311149794,0.09906578063964844,4,28692,31465.0,8033.0,8580.0,14,13,11,10
738.6130724766069,213.84970871307416,4.934714467372749e-07,0.9925729479659625,0.9898952957283965,0.9926283311635422,0.9899310680013531,0.1100015640258789,4,30522,33291.0,8794.0,9306.0,13,12,10,10
20.03590527028914,3.458082320207738,1.4479387370511686e-06,0.9477850041425956,0.9610601058296775,0.950307734101273,0.9768913466547607,0.1210017204284668,4,298,308.0,118.0,90.0,7,6,4,5
20.006769687616572,4.456970196594693,3.3733548956282203e-06,0.9680722176425176,0.9638780149008713,0.9690859773547584,0.9764897016386567,0.12099981307983398,4,366,383.0,145.0,118.0,7,7,4,4
58.98949412112861,10.714573408835898,2.201971767000157e-06,0.67398518441077,0.8115399571108479,0.6865551667157068,0.8668481491397383,0.1210019588470459,4,374,422.0,137.0,137.0,8,10,5,4
9.700193297043105,3.248397040592996,2.052350142424599e-06,0.9954602878607235,0.9884662186683871,0.9956103579341257,0.991960710492249,0.08916878700256348,4,492,487.0,158.0,158.0,8,7,4,4
23.74736827524263,6.856414271809038,2.2338551171731857e-06,0.985289169551712,0.9739943120360822,0.9856270380280252,0.9807547153719206,0.09900093078613281,4,653,655.0,196.0,196.0,8,8,4,4
42.322792322813484,9.613900526494609,2.259360663002418e-06,0.9101702159728161,0.9024140328173553,0.9119430928198263,0.9252669791477774,0.10628461837768555,4,434,463.0,151.0,129.0,12,9,4,5
63.9802215532269,14.270818126512578,2.1388596476950174e-06,0.9219109043917944,0.914777021267785,0.9233954626989844,0.9344343242600445,0.10999941825866699,4,706,727.0,226.0,196.0,8,9,4,5
39.242833740697165,9.92629084804591,1.8362956863171877e-06,0.9807722858459965,0.9744831853373407,0.9810571522335669,0.9771260794107365,0.0989987850189209,4,861,855.0,227.0,234.0,14,11,6,5
47.02011595421502,12.185611615129648,1.3505493593025164e-06,0.9838263018038916,0.9721749497059491,0.9849288538382526,0.9803939013192805,0.09900069236755371,8,1139,1138.0,292.0,248.0,14,14,6,9
124.03195044496718,27.878384118798365,8.174808289973937e-07,0.9305747609088246,0.9205693787489446,0.9336243630629338,0.9316089503484007,0.12099981307983398,7,1373,1563.0,313.0,323.0,19,20,11,15
92.28569193634631,21.829854630562462,7.073762547682582e-07,0.9808509249908574,0.9766390258274099,0.9815804944189013,0.9779969595084129,0.1099998950958252,6,1906,2023.0,421.0,420.0,22,21,22,17
131.13623742489125,26.32650957462798,6.969547871889442e-07,0.9681759118401965,0.9730237530345359,0.9697430070475868,0.9740427404943878,0.10999917984008789,6,2100,2326.0,447.0,481.0,29,26,25,22
475.9605246789187,100.53305295693603,1.4882104798090103e-06,0.9607705125427617,0.9624906022257302,0.9618335756659455,0.9628680942275744,0.1100001335144043,5,6876,8088.0,1516.0,1763.0,27,24,22,21
465.73636811326355,92.03616816230453,2.5395006359502853e-06,0.9700368729265118,0.9751826343587967,0.9706288856347052,0.975376870030163,0.1100015640258789,4,7770,8739.0,1785.0,1929.0,23,22,21,18
687.6156720872497,146.98844909266398,2.7304033750129865e-06,0.9503956301425643,0.9520472692301867,0.9513145341144232,0.952408229608426,0.1099998950958252,4,9017,10851.0,2033.0,2436.0,23,21,18,17
551.4362119351007,103.91357586956576,3.411118314441043e-06,0.9763608477156166,0.9829038916689403,0.9767449807560221,0.983016084509562,0.12100100517272949,4,10660,12163.0,2470.0,2759.0,22,20,19,17
200.4531065278527,18.780808023085694,8.654766428223135e-07,0.9977720487433736,0.9996100368932201,0.9978027778016815,0.9996121461294022,0.09900021553039551,4,13030,13354.0,3062.0,3060.0,21,19,16,16
565.1437870135352,111.40555604038187,5.474385940126057e-07,0.9850075798673295,0.9885107302858444,0.9852049036657581,0.9885702311170946,0.1100015640258789,4,14508,16181.0,3437.0,3808.0,19,18,16,15
343.14973347408176,64.38215979601803,1.2651058898380071e-05,0.9952363818022928,0.9967503238099406,0.9952976650605014,0.9967664637180935,0.1100008487701416,4,15745,16670.0,3803.0,3937.0,19,18,17,15
105.8118416498519,79.44632622091471,6.169569413263163e-07,0.99965316310299,0.9963667602672406,0.9996575317245059,0.9963862851943583,0.1099998950958252,4,18602,18453.0,4649.0,4424.0,19,18,16,15
188.7346296170013,75.61952459517317,9.829038282182553e-07,0.9989811105215586,0.9969924191822088,0.9989926745304346,0.9970049099952489,0.11123943328857422,4,19215,19742.0,4841.0,4791.0,18,17,15,14
289.8642821793215,113.537576378924,3.642487703336398e-07,0.9980462600245967,0.9946033144187413,0.9980659930330799,0.9946227571154834,0.10654544830322266,4,21739,22646.0,5679.0,5652.0,16,16,14,13
473.45057600204336,154.72246658668115,4.130199683223156e-07,0.9960651154104663,0.9927783645388973,0.9961009232309923,0.992801551805297,0.1100003719329834,4,26005,27515.0,7076.0,7207.0,15,14,12,12
584.2447136403262,184.62382926733304,7.604894267154427e-07,0.9946990261472403,0.991078989930648,0.9947427365487997,0.9911097696025855,0.09575271606445312,4,27978,30112.0,7752.0,8102.0,14,13,11,11
866.9031688525926,282.8072444263053,5.667998254114216e-07,0.9910474157880498,0.9851894698569941,0.9911140260276764,0.9852319510858059,0.10001325607299805,4,33007,36717.0,9949.0,10562.0,12,12,10,10
805.4654580841233,258.49516436482907,7.14679941367335e-07,0.9926192374831309,0.9882574076907749,0.9926675928857643,0.9883105220844481,0.10665631294250488,4,34037,37323.0,10315.0,10933.0,12,11,10,9
931.6656119552766,286.01930296164744,8.054297182168534e-07,0.9904832028097054,0.9862532136873385,0.9905487594430357,0.9863021721027299,0.0988152027130127,4,34817,38706.0,10739.0,11539.0,12,11,9,9
12.5258066939153,2.920830361386981,7.369599960061866e-07,0.9873211582774711,0.9826910236323093,0.9878044312374814,0.9888073469722438,0.11785721778869629,4,382,375.0,127.0,117.0,8,7,4,4
14.098241616125986,3.887747848476459,1.3754062530464751e-06,0.9872980848002701,0.9763078187463772,0.9877695728033757,0.9850780405112175,0.1100008487701416,4,417,427.0,157.0,138.0,8,7,4,4
19.433915800304717,6.011274130054847,1.6274656676897554e-06,0.9829247360737634,0.9651852325772488,0.9833831570512105,0.9739931628032507,0.10666966438293457,4,515,530.0,167.0,167.0,9,8,5,4
20.556071690216818,5.766281297335398,2.383536811865282e-06,0.9901874086172128,0.9840584788798984,0.9903366839848345,0.9867226401115032,0.09900093078613281,4,655,680.0,196.0,196.0,9,9,5,4
35.74752322422725,8.362864341838865,1.800242582183394e-06,0.9721144692886688,0.9680635241271656,0.9725689265060459,0.9724591855302513,0.09900140762329102,4,674,667.0,185.0,185.0,12,10,5,4
19.200423172419924,7.068857757799346,1.544298071230148e-06,0.9948645887261981,0.984979838772148,0.9949448096800763,0.9865240907792531,0.10342168807983398,4,818,802.0,194.0,194.0,14,11,5,4
160.90131771540342,33.39878326233241,6.826613446017546e-07,0.9399893656194103,0.9455887155055563,0.9430332481962715,0.9479713970553443,0.11000967025756836,6,1958,1934.0,416.0,400.0,26,22,25,18
279.26720217878426,58.03034789311317,7.248596985749673e-07,0.8791550674880765,0.8904632710892697,0.8846469250868783,0.8938897779519567,0.10963082313537598,6,2280,2915.0,496.0,607.0,25,25,19,21
236.00718975705226,56.334204114298885,8.910035554340975e-07,0.9331286420464131,0.9154054992252997,0.9361831118104905,0.917911117139567,0.14904189109802246,6,2598,3118.0,553.0,650.0,28,25,20,21
265.5606073389138,55.637408967310336,8.914549287237323e-07,0.939258556792153,0.9426753113355122,0.9421838535026479,0.9437731703502507,0.10604977607727051,6,3118,3675.0,685.0,768.0,25,27,24,23
513.1885212408139,108.37228466417663,1.2640986027795942e-06,0.886194194706825,0.8903596232843095,0.8893428212906986,0.8917718091392677,0.1100001335144043,4,4227,5504.0,902.0,1183.0,26,23,22,19
409.57211305150366,80.46849661431746,1.0592934517853345e-06,0.9421968741785721,0.9529714768805855,0.9442068611453266,0.9535871247007057,0.11816525459289551,5,4889,5787.0,1078.0,1239.0,27,25,23,21
240.4888661390421,45.305164106720134,1.2491625211360895e-06,0.9846990362110485,0.9884349249635054,0.9851496452954608,0.9885569346015031,0.12099933624267578,5,5476,5547.0,1190.0,1184.0,28,24,24,20
327.6362471044171,57.492753166522355,3.0398595180355955e-06,0.9866412936319555,0.9913478760894903,0.9869098335572773,0.9914202215966034,0.1100001335144043,4,8239,8959.0,1803.0,1975.0,24,22,20,19
471.8429624885805,87.64125503056955,8.002559738212254e-06,0.9794517902490375,0.9856153928435117,0.9797912326445262,0.9857111693906788,0.1100010871887207,4,9710,11051.0,2249.0,2485.0,23,20,19,17
150.0718230825938,35.31878631361314,1.519914121486232e-06,0.9989094791037071,0.9987973494777135,0.9989255515749357,0.9988048750619272,0.11711549758911133,4,14138,14131.0,3339.0,3261.0,21,20,17,17
283.76963955527964,63.115552098248074,1.0980390618807555e-06,0.9970570634742005,0.997186144173067,0.9970939761103694,0.9972000053913641,0.09978294372558594,4,16779,17613.0,4056.0,4195.0,19,18,15,15
395.7992309871256,88.27850106339595,4.2580358294067285e-07,0.9948024431999593,0.995093659608063,0.9948624302902449,0.9951150167448788,0.10999894142150879,4,17790,19040.0,4405.0,4603.0,18,17,15,14
642.4221823821673,131.00699726859375,9.772614567187304e-07,0.986878444876995,0.9898510455808297,0.9870253769964454,0.9898939846362173,0.09900116920471191,4,18285,20365.0,4516.0,4977.0,18,16,15,13
499.2308459019735,110.97020057955498,4.838444145203371e-07,0.9933089982629638,0.9940212945470488,0.9933837866356632,0.994045517902509,0.1342911720275879,4,19998,21669.0,5233.0,5352.0,17,16,14,14
369.66257136294803,125.04207625168951,3.346179776308312e-07,0.9969950124869811,0.9939636085111392,0.9970248656855477,0.9939844076313905,0.09803223609924316,4,22524,23733.0,5952.0,5991.0,16,16,13,13
587.609599706018,160.74614432908388,9.44852794836713e-06,0.993966220752941,0.9923816769386109,0.994017391345329,0.9924088150570619,0.1086578369140625,4,26075,28286.0,7238.0,7480.0,14,14,12,11
648.9227772495994,166.0092555150666,4.143059431302557e-07,0.9930981127909,0.9924077354095482,0.9931567323669592,0.9924305641365323,0.1100008487701416,4,27082,29608.0,7494.0,7953.0,14,14,12,11
747.1752429985886,200.0183324931326,3.739985273828391e-07,0.9910992974320624,0.9895201600809184,0.991174459446005,0.9895509935317065,0.10675406455993652,4,27563,30410.0,7825.0,8263.0,14,13,11,11
707.4685284519729,192.16003530044082,3.565751645459759e-07,0.9924227303624904,0.9908821249674472,0.9924813692059751,0.9909118389646477,0.11001157760620117,4,28637,31302.0,8096.0,8490.0,14,13,11,10
697.5239019202138,213.7809675423267,1.6118949612270061e-06,0.9934026736186751,0.9898893973772588,0.9934534210285255,0.9899229507020688,0.10031557083129883,4,30315,32960.0,8810.0,9222.0,13,13,10,10
912.6094626125679,277.0852944792752,6.870678144327764e-07,0.9900663199053414,0.9858930150053756,0.9901336226135521,0.9859483574591537,0.0989992618560791,4,33087,36813.0,9882.0,10804.0,12,11,9,9
920.6288272153985,280.24018716094236,1.007329052739237e-06,0.9906576553212302,0.9869868733137859,0.9907201882967586,0.9870376585062962,0.09900188446044922,4,34981,38727.0,10925.0,11528.0,12,11,9,9
1015.516186478581,330.5570897490074,7.970556171980654e-07,0.9891198197106663,0.98291854178048,0.9891862313105343,0.9830117437335202,0.09900069236755371,4,35689,39937.0,11266.0,12246.0,11,10,9,8
1084.127659111232,359.3216989458518,1.4325839476293946e-06,0.9887825749832496,0.9820890388732625,0.9888444324228689,0.9822642824118597,0.10017514228820801,4,37957,42373.0,12319.0,13445.0,11,9,8,7
1101.881974358718,379.7882359508607,1.4306362259381761e-06,0.9888031050798614,0.9812644331793116,0.9888656382902165,0.9814312000961509,0.0989990234375,4,38958,43912.0,12907.0,14245.0,10,9,8,7
6.749228350954895,3.0516389039334255,1.2446432675303752e-06,0.9941576615582807,0.971047337858986,0.9943599730862507,0.9807042266592908,0.12100076675415039,4,316,296.0,98.0,98.0,9,7,5,4
12.618191233294889,4.355312847546086,2.076274370070708e-06,0.9899696036664593,0.9723884476130592,0.9903526992560502,0.9823354529496399,0.1210014820098877,4,430,437.0,149.0,126.0,8,8,4,4
15.63916025026067,4.067144780637476,2.363626794617948e-06,0.960878842447768,0.947561175704528,0.9623315451619425,0.9637609969285847,0.10999917984008789,4,284,300.0,99.0,99.0,7,8,5,4
36.74688195389281,7.850159234053791,2.6211752919544382e-06,0.9492759105365866,0.9514889612992037,0.9504440468688332,0.9640623820189446,0.12100100517272949,4,527,587.0,164.0,154.0,9,10,4,5
103.19606137509965,21.736585901807732,2.568871956246425e-06,0.8628853007052654,0.8694333619941964,0.8651143293092718,0.8919925107695549,0.1099996566772461,4,849,820.0,247.0,238.0,13,9,4,4
158.27861788353118,32.18627104770051,1.1881758732016618e-06,0.8334448506745846,0.8353671455249889,0.8451004845058372,0.8742793319286488,0.11000180244445801,9,1130,1240.0,276.0,254.0,16,21,6,16
84.71381296770251,20.935127654076368,1.3597520356713184e-06,0.9675140921707073,0.9535482637642194,0.9687802233162964,0.9617949873467454,0.10999941825866699,7,1327,1475.0,323.0,313.0,14,17,5,7
254.52035385468838,56.79204910993495,9.98937497015882e-07,0.9072194625233657,0.89890893532634,0.9103979790766441,0.9029230184038006,0.14300084114074707,5,2377,2961.0,515.0,622.0,22,22,14,18
277.07908808250323,52.09768153241209,8.449561007554973e-07,0.9269101084795756,0.9452294958574112,0.9298203242965347,0.9464356811379246,0.12099719047546387,5,2896,3425.0,628.0,719.0,26,24,22,20
321.9007875437347,68.80167303755016,1.0936625918548135e-06,0.9635489592655043,0.9641469351980492,0.964949940235129,0.9646615642820076,0.11869382858276367,6,4736,4300.0,1035.0,907.0,30,27,25,23
670.4436652943581,138.55372754518973,2.1438566478421895e-06,0.8833791657451595,0.8952652079044804,0.8863134111515545,0.8962850115312715,0.1099998950958252,4,5616,7231.0,1227.0,1574.0,26,23,21,19
439.3542372998505,90.46033891527638,1.267841532402587e-06,0.9590696405482656,0.962662292699491,0.9600220274185093,0.9630093300821694,0.1100010871887207,4,6199,7228.0,1345.0,1570.0,26,23,18,19
263.8630825177889,55.19820744610424,1.3834027673964194e-06,0.9899741444603763,0.9907138114546772,0.990221501146802,0.9907999703015604,0.1110391616821289,5,7632,7162.0,1729.0,1549.0,25,24,22,21
525.7718829650998,107.17727720930402,6.009795031834406e-06,0.9664589628726167,0.9704490083226126,0.967138124110142,0.970693781664622,0.10999822616577148,4,8386,9644.0,1899.0,2146.0,24,22,19,18
402.4773932574764,55.7401897198063,1.7387247998567531e-06,0.989478997938406,0.9959632860393399,0.9896534411698917,0.995991135729062,0.10999822616577148,4,11940,12633.0,2808.0,2875.0,23,21,18,17
234.56464549600534,36.907259900097344,8.563484462094626e-07,0.9974773362218375,0.9987839419387003,0.9975094349574316,0.9987899420201319,0.10999774932861328,4,14632,15294.0,3506.0,3575.0,19,18,16,15
147.99461561151475,71.43528539874394,2.3921783272164127e-06,0.9992188303255446,0.9966008346852774,0.9992289449696924,0.9966183259919476,0.0989997386932373,4,16915,17165.0,4306.0,4069.0,19,18,16,15
378.408454362919,103.33128358182078,4.533835851271323e-07,0.9966582749508875,0.995604003855787,0.9966909093910018,0.9956198835167985,0.10999870300292969,4,21871,23083.0,5694.0,5781.0,16,15,14,13
424.69958745368865,115.57564261844563,3.657252203310699e-07,0.9961134522689747,0.9949185001283242,0.9961497219296902,0.9949370868734142,0.0989980697631836,4,22905,24385.0,6080.0,6191.0,16,15,12,12
414.71997329523447,124.3607822694384,7.49535915786587e-07,0.9966955963477441,0.9947930672003981,0.9967257651426876,0.9948102500657579,0.12099981307983398,4,24383,25800.0,6567.0,6660.0,16,15,12,12
719.0970249208378,182.54808156574347,3.2735048052011134e-07,0.9914945179435707,0.9908629994594385,0.9915647390970875,0.9908968016925874,0.0989985466003418,4,27042,29894.0,7568.0,8031.0,14,13,11,11
496.0750111290294,175.11329665866802,4.4002322346183183e-07,0.9963168114013281,0.9924738234027436,0.9963467192990614,0.992497975041077,0.1100006103515625,4,28707,30389.0,8162.0,8156.0,14,13,11,11
492.83608456564946,215.94904395095926,5.370771975639045e-07,0.996712669968331,0.9897244587232518,0.9967395849222267,0.9897546710994375,0.0989985466003418,4,30668,32108.0,8936.0,8747.0,14,13,11,11
874.1748430663056,238.15565200795328,8.663026499521823e-07,0.9904820673933012,0.9889377074498317,0.9905480577502962,0.988981855088183,0.0879967212677002,4,32087,35594.0,9488.0,10265.0,12,12,9,9
866.6066185126906,261.0504022214867,4.94119941039741e-07,0.9910954580890824,0.9874662714079854,0.9911564465828496,0.9875149438648643,0.1099996566772461,4,33189,36598.0,10034.0,10701.0,12,11,9,9
1007.808947668158,333.0773652621865,8.614659246631864e-07,0.9898266368317623,0.9836833058629845,0.9898911480938812,0.983758094888575,0.0989985466003418,4,37052,41278.0,11685.0,12871.0,11,10,9,8
1033.3513136876538,359.3057686938336,1.4978799127901982e-06,0.989869365338288,0.9821940649154439,0.9899265981236793,0.9823425614526519,0.10999917984008789,4,37993,42430.0,12436.0,13302.0,11,10,8,8
1086.9400809535607,347.555960721915,1.7102542843341794e-06,0.9890819381088924,0.9844165571910408,0.9891380423063532,0.984633805774191,0.0989997386932373,4,39202,44071.0,12991.0,14397.0,10,9,8,7
8.696263565463044,3.2096858620951263,1.1805698466419174e-06,0.9926031923439984,0.9751639557176344,0.9929797344175512,0.985801539693095,0.13199901580810547,4,353,367.0,140.0,109.0,8,7,4,4
22.41256158199385,5.065199897338703,4.069832614768039e-06,0.960586434092691,0.9576492359871878,0.9620857556475658,0.9712997407071986,0.07699799537658691,4,382,398.0,125.0,123.0,9,8,3,4
23.778491681910076,5.683492177643367,2.920305398798928e-06,0.9777219571670714,0.9730868317983943,0.9783795133796458,0.9812643115646505,0.06599903106689453,4,538,554.0,177.0,156.0,9,8,3,5
36.80820221092033,7.736547464254754,1.9167667984867734e-06,0.9532525589819614,0.9581412428002332,0.9543378233976307,0.9688806568315245,0.07699918746948242,4,548,587.0,179.0,176.0,9,9,4,4
24.53059314407216,5.959935681979575,2.12611317238522e-06,0.9802212712044408,0.9730212625679908,0.9805414218671511,0.9786899972659454,0.054998159408569336,4,535,567.0,162.0,149.0,13,9,4,5
17.31088289679838,5.45244593431853,2.4898861940460826e-06,0.9927195516339535,0.9847006390759897,0.9928636452976106,0.9881907124629238,0.06599831581115723,4,639,666.0,197.0,175.0,11,10,4,4
38.07749772941144,10.385286065711751,3.3256385687496535e-06,0.9821603228437066,0.9727700078669645,0.9824625490184922,0.9752710411161574,0.06599783897399902,4,840,859.0,215.0,215.0,14,12,5,4
148.5068070464463,34.35967049495294,1.3820254589471305e-06,0.8455256787736255,0.7928337753022983,0.8563826356236608,0.8521119664939258,0.06599998474121094,8,1152,1250.0,289.0,266.0,13,18,6,8
65.87133374006976,16.815171720800237,1.241995177935946e-06,0.9756373178389663,0.9620784612715735,0.9768749135222761,0.9694448914484928,0.05499839782714844,8,1233,1262.0,291.0,266.0,19,18,6,9
280.3026669626655,60.769445710117296,1.3318367682246e-06,0.7383795810799076,0.7234466631384191,0.7458699406359881,0.7506651061355655,0.06600046157836914,6,1533,1989.0,339.0,413.0,21,22,21,18
169.03422698516746,32.716442217910085,8.248835156024241e-07,0.8809836493722629,0.9026420646125937,0.8865709070349254,0.9135669731228486,0.07700085639953613,7,1436,1412.0,317.0,316.0,20,18,5,7
156.47752251925334,34.803287448232545,5.921486791439247e-07,0.9159267555255444,0.9109521383715178,0.9211211307790369,0.9162897620286354,0.07699894905090332,7,1633,1933.0,354.0,398.0,25,26,24,22
418.038275759529,88.67231218011867,9.399248958939567e-07,0.7970926151231116,0.8052249623005059,0.8062609814853043,0.8100647139435717,0.06599950790405273,5,2703,3638.0,583.0,764.0,28,25,21,21
186.31738625542337,40.6407884299816,8.778174503537295e-07,0.9776507476931157,0.9771200231882566,0.9784439551655832,0.9774668724401945,0.06599807739257812,5,3562,3698.0,756.0,777.0,29,24,24,20
209.5503707816735,47.89418160464742,8.751909002764063e-07,0.9797445138611934,0.977349170689189,0.9804116046557454,0.9776784529688382,0.06599950790405273,5,4024,4344.0,892.0,919.0,28,24,26,20
422.23307643212104,85.13426895205009,1.3100057572507001e-06,0.9568407472705407,0.9631797865481149,0.9578466762860856,0.9635347666187645,0.05500078201293945,4,5785,6674.0,1314.0,1447.0,25,22,23,18
467.67584705292046,96.09104840375785,1.3959504481701313e-06,0.9660702222934039,0.9698135815450715,0.9667506659364372,0.9700681464678486,0.06599974632263184,4,7245,8485.0,1627.0,1870.0,24,22,21,18
474.2972652602304,90.8213103663819,2.048530514424112e-06,0.9765000354188227,0.982063853550977,0.9769231159424757,0.9821997401746568,0.06599736213684082,4,9089,10266.0,2068.0,2290.0,24,21,18,18
238.32934145841128,38.15770455185514,6.738947286890219e-07,0.9952593515528607,0.9975427644605533,0.9953363728346912,0.997558660622109,0.06599974632263184,4,10484,10997.0,2365.0,2469.0,22,21,18,17
344.79331067080363,70.94987960995189,2.1211021978023843e-06,0.9936473494350387,0.9946128881700718,0.9937359955960652,0.9946417123510751,0.05499911308288574,4,13367,14492.0,3135.0,3364.0,20,19,16,16
396.70985409154304,72.27378501227122,9.775678746397842e-07,0.9933881650140455,0.995765632864315,0.9934706932605222,0.995786214581289,0.05499911308288574,4,15346,16570.0,3743.0,3917.0,18,18,15,15
449.0994693086748,92.11846991781833,3.6992947913669523e-07,0.9941089820108596,0.9953619623122345,0.9941726780330727,0.9953806438179681,0.06600141525268555,4,19047,20555.0,4895.0,5033.0,17,16,14,13
669.635107415474,143.82563227742125,6.784500779978672e-07,0.9885603574753281,0.9903983600990396,0.9886748905163039,0.9904341097927005,0.05499839782714844,4,20702,23069.0,5302.0,5793.0,17,15,13,13
477.63958474635103,139.61293218514297,8.30442978669269e-07,0.995870692063949,0.9939628849329295,0.9959064250412875,0.993983149364015,0.05499839782714844,4,25525,27292.0,6920.0,7103.0,15,14,12,11
564.6283807366872,181.07192401547698,3.1753826682519266e-07,0.994746342130967,0.99093100361734,0.9947901648065585,0.9909590717691765,0.06599926948547363,4,27011,29058.0,7601.0,7756.0,14,14,11,11
604.8411551115439,204.64303270166158,2.96551255920265e-07,0.9947948749841041,0.9902759921967237,0.9948363234421701,0.9903060365961379,0.05499839782714844,4,29564,31873.0,8551.0,8692.0,14,13,11,10
760.9403174143598,227.57116560906098,5.759254836983052e-07,0.9927321036955593,0.9898890681858997,0.9927834633618825,0.9899276513205442,0.05499982833862305,4,32052,35172.0,9576.0,9984.0,13,12,10,9
871.413835623848,275.3981019966066,9.698431869383674e-07,0.9915034494932251,0.9868456000031689,0.9915574537282859,0.9869082654926329,0.05499887466430664,4,34192,37944.0,10426.0,11155.0,12,11,9,9
938.6281267981834,315.5060089232322,7.274892049504898e-07,0.9907451232106338,0.9844417064294676,0.9908031577492572,0.984515294909565,0.06599855422973633,4,35739,39640.0,11179.0,12055.0,12,11,9,8
1048.7515295976132,347.7948689002374,1.582391875246361e-06,0.9894574054828931,0.9832683771380994,0.9895149016196755,0.9834165776488784,0.06600069999694824,4,38067,42404.0,12455.0,13324.0,11,10,8,7
1065.7738679006911,345.09339013760706,1.5442935714923786e-06,0.989615206692045,0.9846085074234474,0.9896686227296536,0.9848293529400137,0.06599879264831543,4,39183,44064.0,13104.0,14380.0,10,9,7,7
33.064016190817874,7.287260573539735,1.8688452606827143e-06,0.967203220657273,0.962006814751238,0.968088790697434,0.9736910334418032,0.06600046157836914,4,575,578.0,193.0,165.0,8,8,4,5
14.237933487694063,4.731322929865036,4.389648073397962e-06,0.9925314909228554,0.9812314342181347,0.9926739465901456,0.9858440158096455,0.054999351501464844,4,543,547.0,157.0,153.0,9,9,4,5
26.115927451780582,6.663019835880225,1.9918183946578716e-06,0.971564386389156,0.9595990236272721,0.972116260187641,0.969112528739589,0.05499839782714844,4,486,536.0,147.0,138.0,9,10,4,4
45.5278652789029,10.66918275568271,9.190442967711125e-07,0.9793256679618015,0.9683856953650558,0.9830755289086435,0.9823795613625644,0.07699918746948242,11,1026,1021.0,252.0,212.0,13,12,3,12
37.13228314570629,9.028628302918337,1.0936468468973707e-06,0.991361028192771,0.9874684366022688,0.9917754674191673,0.9906015376657976,0.07700085639953613,7,1179,1184.0,308.0,274.0,13,14,5,7
121.38160743562392,25.0730116655039,8.264902825979218e-07,0.9476252896009644,0.9521908797357517,0.9497102269632806,0.9562956728066444,0.06599831581115723,7,1493,1753.0,341.0,362.0,25,23,18,19
122.39411402896862,26.35760619356999,8.707980616981373e-07,0.9707679481445672,0.971655425481958,0.9721892308226684,0.972769952331238,0.06599807739257812,6,2078,2311.0,460.0,480.0,26,24,24,20
270.23083699525836,54.01783331261514,9.23480478880819e-07,0.9401837057634348,0.9494765936113612,0.9422514303885732,0.9504514619274682,0.06599831581115723,5,3070,3716.0,662.0,781.0,28,24,21,20
366.76968249843117,69.52442616327971,1.8648228092345055e-06,0.9580896658889796,0.9686985518652758,0.9591949614841175,0.9690414060096283,0.05499863624572754,4,5090,5342.0,1141.0,1149.0,26,23,21,19
337.6833915321668,66.84543739104413,3.976117918890159e-06,0.9824992634544409,0.985479781269399,0.9828632430475783,0.9856007323197695,0.05499839782714844,4,7373,7338.0,1678.0,1600.0,25,22,22,19
460.31951086536986,91.23829833646249,1.0308519688586049e-06,0.9752508388446951,0.9797765436865683,0.9757037106741963,0.9799228468275615,0.054999589920043945,4,8553,9805.0,1931.0,2181.0,22,21,18,18
459.3250936609785,85.6955001735797,5.458461377952312e-06,0.9770715659608358,0.983395731102661,0.9775151300379974,0.9835274321744806,0.05500006675720215,4,9062,9950.0,2034.0,2212.0,24,22,20,18
206.33919788380814,27.979158910398528,7.840593855487478e-07,0.9971727298102968,0.9989506499890562,0.9972146703683146,0.9989567562928711,0.06870102882385254,4,11807,12088.0,2777.0,2741.0,21,20,17,16
225.01905011946582,38.73924581953896,6.387330964021591e-07,0.9970001843768875,0.9982378286251438,0.9970427087658567,0.9982479789216515,0.06600713729858398,4,12607,13266.0,3037.0,3048.0,20,19,17,16
169.38076558452556,64.34331744633626,1.181745958059887e-06,0.9986710722770044,0.9962509905273712,0.9986888650767529,0.9962704833105972,0.07699942588806152,4,14730,14179.0,3471.0,3274.0,20,19,18,16
377.91562385008643,118.90621304204419,5.300091431090921e-07,0.9969978074052211,0.9946999952683898,0.9970263012790161,0.994718292345044,0.06599831581115723,4,23181,24485.0,6211.0,6224.0,16,15,13,12
358.8297240103352,172.46907935433913,4.1102534914855667e-07,0.9977867858866956,0.9913573860979654,0.9978058262630777,0.9913843523654824,0.06599974632263184,4,26581,27167.0,7351.0,7059.0,15,14,12,11
684.1804099309869,182.02852912844915,3.2489488809221673e-07,0.9927139113771727,0.9915124337205717,0.9927708373215398,0.991540830380659,0.05500078201293945,4,28234,30808.0,7841.0,8319.0,14,13,11,10
755.4222398213244,215.82472634061187,7.953501333301816e-07,0.9923029838994932,0.989975753152686,0.992359180993752,0.9900136987922209,0.04400229454040527,4,30746,33638.0,8889.0,9368.0,13,12,10,10
796.8402639488042,242.31225550241297,4.094560726617767e-07,0.9917279728163608,0.9879528297624449,0.9917911887415669,0.9879873007651009,0.054999351501464844,4,31320,34489.0,9353.0,9814.0,13,12,10,10
843.4712873002851,243.42559609320736,5.955861832007475e-07,0.9911074339541657,0.9885337870207244,0.9911672733123613,0.9885854118074058,0.05550098419189453,4,32176,35440.0,9510.0,10236.0,12,11,10,9
827.6085905587656,257.5052992982216,6.598432105720336e-07,0.9922364299485755,0.988531429078679,0.9922890401863328,0.9885737782139469,0.06067395210266113,4,34526,37781.0,10302.0,11183.0,12,11,9,9
1059.6114706579954,348.282646830607,2.4595815107840643e-06,0.9892224602564752,0.9831810002111125,0.9892805929829942,0.9833631307033878,0.060817718505859375,4,37866,42308.0,12364.0,13405.0,10,9,8,7
5.1700257897487,3.605551275463989,2.7253743991749582e-06,0.9973841634915658,0.96901329184116,0.9974846885562152,0.980066776299397,0.08128046989440918,4,349,350.0,109.0,100.0,8,7,3,5
11.799982344619561,4.252450274057691,8.164172143525068e-07,0.9915235683016865,0.9752544255343158,0.9919034924403775,0.984885442800804,0.0729372501373291,4,448,444.0,176.0,144.0,9,7,3,4
31.196454125429064,7.650571874049678,2.16474362027088e-06,0.9733849667245169,0.9632258957801173,0.9738612377212703,0.971346859750451,0.06875061988830566,4,589,610.0,184.0,168.0,10,9,4,5
15.035374953754895,6.188026071912324,2.3542619822771394e-06,0.9951702396563686,0.9824945712217609,0.9952484135192343,0.9859634953126628,0.0584712028503418,4,663,696.0,204.0,204.0,10,10,5,4
21.187286256174925,9.328557124334825,1.4061666320150944e-06,0.9969276321923038,0.9848766834033589,0.9971641818034757,0.9889731994859748,0.06126594543457031,9,1122,1080.0,271.0,227.0,15,15,4,9
37.013511046643494,11.917789554492416,1.114921234448998e-06,0.9926255836345332,0.9823558286980847,0.9931395353825875,0.9855683918715556,0.07078790664672852,11,1258,1249.0,277.0,254.0,24,23,13,18
185.60476195285096,35.098342083655126,8.634057361456348e-07,0.929445816531555,0.9463342886180979,0.9328999730925042,0.9483531458265327,0.06150341033935547,6,2047,2084.0,450.0,433.0,24,22,20,18
320.65720342019944,65.15584555913856,8.957731675485737e-07,0.8852389711446196,0.8990607137989626,0.8895754354759328,0.9014908644990869,0.07700014114379883,5,2647,2504.0,581.0,525.0,30,21,26,17
303.2689270354996,60.7353187804956,9.416079108647707e-07,0.9467121658197541,0.9539285666412971,0.9487487101961777,0.9546548409511825,0.07699775695800781,5,3742,4305.0,832.0,909.0,28,25,25,22
385.26046209793446,79.89448687023445,8.962195101768241e-07,0.924916432159941,0.9298887709341315,0.9283800936819954,0.9309905584006223,0.07700085639953613,7,3987,3323.0,842.0,693.0,31,28,29,24
779.1013453011103,167.32705624016697,1.56247006626096e-06,0.8602562741146069,0.8604337093947175,0.8635830621864182,0.8617529116939707,0.05500030517578125,4,5940,7884.0,1289.0,1730.0,25,22,22,19
550.9617916274533,116.7103340897169,1.4050047324587443e-06,0.9418098943055121,0.9440780350031961,0.9430850444751157,0.9445729870402353,0.06599974632263184,4,6594,7946.0,1481.0,1741.0,26,22,21,19
371.6179854142333,72.23103845762337,2.5758829723284144e-06,0.9753658697616508,0.9803543614531641,0.9759017352613386,0.9805241371410065,0.06600236892700195,4,6796,7616.0,1553.0,1666.0,26,22,22,19
692.2639639858003,146.64604495178176,2.0384185300455195e-06,0.9436297337714692,0.9471631145517544,0.9447118638785196,0.9475710874839849,0.07700109481811523,4,8575,10381.0,1918.0,2328.0,24,21,20,18
413.91800466195394,76.63026762752867,7.722286747874953e-06,0.9827933279592616,0.9877522233421807,0.9830869933048396,0.9878342746741822,0.06599855422973633,4,9380,10315.0,2096.0,2305.0,23,21,20,17
312.5357312905731,54.81493485660029,7.304140512844794e-07,0.9929253477558829,0.9954808326134033,0.9930406075602549,0.9955103826495907,0.06600284576416016,4,11328,11799.0,2554.0,2673.0,23,21,18,17
220.79045967462756,34.82126984090806,7.805674014152244e-06,0.99727413721303,0.9986693540578665,0.9973149220418479,0.9986774213905573,0.055002689361572266,4,13075,13666.0,3150.0,3143.0,21,20,17,17
188.8579161698021,102.56593407819837,6.211607475068377e-07,0.99901625823043,0.9947208407843255,0.9990270582048554,0.9947423235355818,0.06600165367126465,4,19823,20114.0,5088.0,4912.0,17,17,14,14
350.35261998925216,127.15922597279365,1.3511562151029462e-06,0.9973920857330115,0.9938887855173014,0.9974191991160695,0.9939120685875543,0.06599783897399902,4,22996,24016.0,6256.0,6090.0,16,16,13,13
467.6824733014199,164.89106252310947,3.4947404757262427e-07,0.9960309187029203,0.9915454917722404,0.996064611773375,0.9915743105992341,0.055002450942993164,4,25622,27025.0,6932.0,7034.0,15,14,12,11
444.4116780456307,205.39367687443544,6.170487080146476e-07,0.996912387711832,0.9891366181451894,0.9969392791259096,0.9891698061340215,0.06599831581115723,4,28043,29007.0,7885.0,7693.0,15,14,12,11
688.4923141667354,216.19057468662535,5.459368922129887e-07,0.993414514593844,0.9894737123369634,0.9934643532224604,0.9895060230844195,0.055001258850097656,4,30016,32606.0,8738.0,9119.0,13,12,10,10
722.4593846715537,229.36333984895376,6.034589373273319e-07,0.9933017241274913,0.9893640106634121,0.9933503194817526,0.9893981307957228,0.04400038719177246,4,31774,34667.0,9236.0,9772.0,13,12,10,10
19.440614702215566,5.0682837331783235,2.6736666166220465e-06,0.9677328113376572,0.9511777328423664,0.9693565886999815,0.9691121586868484,0.07699966430664062,4,387,407.0,138.0,123.0,8,7,4,4
10.642877117271125,2.8559149146989657,1.615234394573996e-06,0.9845411843616857,0.9760998054420891,0.98515967258804,0.9837832329813004,0.06599903106689453,4,293,306.0,98.0,98.0,9,7,5,4
10.644345134076278,2.286737122335374,2.8259469472080085e-06,0.9766109405325359,0.9725675408751724,0.9780580093621716,0.98570238459731,0.08800029754638672,4,244,242.0,91.0,69.0,8,6,4,4
9.192388155425117,2.9119008682760246,1.5199600124413506e-06,0.9942816740345807,0.9864066351151141,0.994520336041473,0.9914674077513045,0.07700014114379883,4,420,423.0,145.0,145.0,8,6,5,4
18.882586775474735,5.18913126961858,1.939267644592882e-06,0.9819362951155388,0.9710390071290304,0.9824110507582472,0.9790835605686682,0.06599831581115723,4,481,496.0,153.0,145.0,8,8,4,4
11.653415093153308,3.7735372441958663,2.2174905123498325e-06,0.9825029431650842,0.9594476209252402,0.983308063257895,0.9743369807861519,0.07651877403259277,4,325,331.0,113.0,95.0,7,7,4,5
26.807570448165073,8.14900300650331,2.6270073382615957e-06,0.9852755048237004,0.9715717743021846,0.9855151010624773,0.9772248832886912,0.054999589920043945,4,733,738.0,198.0,204.0,9,9,3,5
58.73279890033052,14.75706045706032,2.5964185894045885e-06,0.8873738724850847,0.8503477052704858,0.8889351929089812,0.873685131460269,0.05500030517578125,4,560,616.0,176.0,176.0,11,11,5,4
72.22094283054835,16.160651802036533,2.707771663443717e-06,0.8943715509686495,0.8852040878377749,0.895999359732759,0.9054341386606642,0.06599926948547363,4,694,777.0,199.0,180.0,10,12,6,4
58.41580479630491,11.930789998990008,1.9589588881993777e-06,0.940750383726864,0.9465270264866577,0.941731807706353,0.9562703543659755,0.06600069999694824,4,742,748.0,223.0,216.0,9,9,4,4
35.03395178648532,9.304718038596214,1.6999894017507175e-06,0.9885608273119858,0.9756673741707483,0.9904792445462578,0.987173818576923,0.08799982070922852,10,1101,1064.0,283.0,246.0,12,11,5,10
41.56778121072387,10.712142642814275,1.6685615740227532e-06,0.987357892316764,0.9796149225104109,0.9882566521529702,0.9855444700614637,0.06600213050842285,8,1128,1142.0,286.0,256.0,14,14,6,8
171.8357405754997,36.199927936512466,9.066687332201557e-07,0.8689761416227342,0.8770916747958071,0.8761198433591745,0.8888700067043022,0.06600141525268555,8,1431,1336.0,312.0,292.0,25,19,20,8
87.96584070214291,21.292731970853545,6.87323100349743e-07,0.9706591896786814,0.9615261974555115,0.9724334386441587,0.9643228223896935,0.0660097599029541,8,1574,1649.0,323.0,338.0,25,24,22,19
361.4549303394085,74.09518725392054,7.340626910475044e-07,0.7833061468360543,0.8096428994480076,0.7946898999054419,0.8150126563032078,0.07700037956237793,7,2333,2989.0,513.0,621.0,27,28,21,24
207.63954090531124,44.369619762791935,9.255970567788204e-07,0.9643199236389673,0.9638486717207978,0.9654977711172331,0.9647120726414126,0.07700061798095703,5,3062,3360.0,657.0,706.0,27,23,23,19
217.22115822117183,40.17553589201427,2.210373180286029e-06,0.9825794189729893,0.9874377483161443,0.9831418905327922,0.9875917139498995,0.055001020431518555,5,4664,4815.0,1060.0,1023.0,27,24,23,21
479.4125311253347,101.13990928411988,2.11663908703853e-06,0.9594677087569925,0.961756028096255,0.9603478828405031,0.9620873044699726,0.06600141525268555,4,6902,7935.0,1493.0,1741.0,25,22,21,19
271.49890653555127,41.0821078248589,1.6344006241568539e-06,0.9932465819251591,0.9967951770305163,0.9933668826299749,0.9968181550966211,0.06600022315979004,4,9862,10205.0,2187.0,2279.0,23,21,21,18
329.58201116464676,61.09845197166074,1.9817339807503975e-06,0.9922004414088433,0.9945526820766181,0.9923183958473851,0.9945871723190997,0.06600213050842285,4,11308,12216.0,2596.0,2771.0,21,20,19,17
473.7663475631562,82.25943461593529,9.391331545651421e-07,0.9854927078928387,0.991344072366002,0.9856992388809949,0.9913937156891427,0.05500173568725586,4,12092,13389.0,2795.0,3079.0,21,19,16,16
562.3126447241488,110.29255603469649,2.83570752789441e-06,0.9877930488274582,0.9910261430287173,0.9879456089759003,0.9910677269571987,0.05499887466430664,4,16228,18076.0,3998.0,4338.0,19,18,16,15
288.6081181001902,114.29270718933324,7.915210825064238e-07,0.9971749688160253,0.9915998193657485,0.9972103374447865,0.9916415216303939,0.05499863624572754,4,17514,16676.0,4372.0,3944.0,19,18,17,15
488.09908702024836,105.80524561665173,4.767267355153394e-06,0.9935938640030461,0.994548423395916,0.993664443063541,0.9945708506700377,0.06599783897399902,4,20333,21848.0,5293.0,5427.0,17,16,14,13
284.21417613600255,117.71354708217176,1.1891767196797392e-06,0.9984032677003394,0.9951494252765603,0.9984185930565714,0.9951653763115531,0.06599807739257812,4,24181,24977.0,6400.0,6373.0,16,15,13,12
598.5878607884838,186.11012644847315,1.3231818192096685e-06,0.9942923434503597,0.9907822947291766,0.994337196664272,0.9908162717068053,0.05500197410583496,4,27727,29967.0,7805.0,8018.0,14,13,11,10
703.5550573693575,201.36898656446579,3.066792251335711e-06,0.9927097023877578,0.9902768780704566,0.9927645685383664,0.990314760314315,0.05499887466430664,4,29123,31743.0,8233.0,8793.0,13,13,10,10
838.0318895583071,257.0125848086043,9.034353225726532e-07,0.9917020388757921,0.9879575260944077,0.9917596384225008,0.9880020656759421,0.05414223670959473,4,33387,36699.0,10029.0,10779.0,12,11,10,9
989.2014772026981,294.4986382254877,8.842356863039247e-07,0.9888630641218342,0.9850335410619703,0.9889321126137579,0.9851125385828028,0.05873513221740723,4,33979,38184.0,10481.0,11305.0,12,11,9,8
998.1080383655869,327.7518910446335,2.7497624810297263e-06,0.9896456266411024,0.983478492294226,0.9897107736352061,0.9835531369425938,0.06132960319519043,4,36085,40250.0,11431.0,12429.0,11,10,9,8
12.801773965613776,3.322900339562814,1.1388379011438166e-06,0.9847896392448754,0.9782099200966164,0.9854199922608173,0.9860039012144785,0.08195185661315918,4,337,387.0,121.0,116.0,9,7,3,4
21.262006412064377,4.865910329355992,2.2569486264612005e-06,0.972801869726532,0.9702767025839523,0.9739270154929484,0.981142054752754,0.06111717224121094,4,435,476.0,172.0,136.0,8,8,4,5
15.019085080878485,5.103103630798288,2.6319487041483708e-06,0.9923096969613389,0.9809562849139736,0.9925359240066275,0.9864711842989976,0.07051992416381836,4,567,581.0,186.0,164.0,8,8,4,5
17.95857501770858,5.4419282734462175,1.3838061724517963e-06,0.9711051907561995,0.9422254163037163,0.9723543372657095,0.9629004029149348,0.07070159912109375,4,376,390.0,130.0,122.0,7,7,4,4
19.3576535251564,5.50567888638631,5.2144820815581984e-06,0.9810894326648547,0.9670516887247921,0.9814213716170659,0.9744713463232949,0.07115817070007324,4,462,458.0,134.0,122.0,12,10,6,4
28.284087104471542,8.199339404285364,1.7774510992206107e-06,0.9796465098114732,0.9635690869016725,0.9800905970512608,0.9723046084547928,0.060685157775878906,4,641,621.0,191.0,180.0,9,8,3,4
29.252136674096132,7.211824780640935,2.106304525039312e-06,0.9779311443530014,0.9715878466629999,0.978346154879068,0.9775546872425707,0.060478925704956055,4,632,654.0,180.0,170.0,9,9,4,4
32.48381007004361,8.383391318553608,1.2854277931027194e-06,0.9867296435501329,0.9829376749073246,0.9869828249053827,0.9850154612589487,0.0510408878326416,4,855,927.0,239.0,228.0,12,11,4,5
143.24951627507676,31.26829899017742,9.796436514311372e-07,0.8652214048856213,0.8502257525197109,0.8731356195299385,0.8859758771458625,0.06600069999694824,8,1186,1161.0,325.0,272.0,16,13,4,8
340.40123384030204,71.13922598457346,9.95385173596975e-07,0.908019674884333,0.9143998178305814,0.9113968693422594,0.9160670039407613,0.06984925270080566,5,3116,3915.0,670.0,825.0,26,24,23,20
371.61377800076247,70.90802048020416,1.0406425572830953e-06,0.9213138396657432,0.9378686033934388,0.9244053804945734,0.9387656000564615,0.0660090446472168,5,3790,3501.0,800.0,736.0,30,24,24,20
344.8116495772881,66.86530057550502,1.0041033443059325e-06,0.9486135147760584,0.9587774500053314,0.9503771825925649,0.9592968074668251,0.05500292778015137,5,4398,5016.0,987.0,1067.0,27,25,24,21
561.0436424646482,113.84780593699057,1.440138233252702e-06,0.9442478756472277,0.9511526340087685,0.9454827084278535,0.9516040160216861,0.06600165367126465,4,6767,8208.0,1508.0,1804.0,24,22,20,19
352.35512684884645,66.78744268198925,3.5983701759257414e-06,0.9853408063270788,0.9891529154396881,0.9856345650219103,0.9892429662176375,0.06600117683410645,4,8514,8946.0,1926.0,1979.0,23,22,18,18
429.39857407386285,77.31442836452543,1.6253086364454183e-06,0.9850295348066693,0.9899507303982245,0.9852813723934947,0.9900189719073497,0.06599950790405273,4,10572,11350.0,2393.0,2570.0,23,20,18,17
442.95474514898245,89.03744530626801,1.1872482985614735e-06,0.9859015095743234,0.9884304615285986,0.9861156932992737,0.9884999416873593,0.06600236892700195,4,11385,12647.0,2617.0,2884.0,21,20,16,17
463.1709322701501,108.51905554632636,3.9537709799826924e-07,0.9951711603032554,0.995291529604305,0.9952173037122656,0.9953079892704798,0.05499839782714844,4,22342,24018.0,5836.0,6092.0,16,15,13,12
430.1301401901522,122.5112664887057,4.671942202064165e-07,0.9963234254019463,0.9948160678612592,0.9963564182589245,0.9948339564774413,0.06599998474121094,4,24067,25669.0,6566.0,6631.0,15,14,12,12
610.0246152820392,175.37979620431386,2.7487248291244827e-07,0.9942646779419257,0.9922323277682106,0.994308503508761,0.9922600939948942,0.05500078201293945,4,28249,30551.0,7906.0,8268.0,14,13,11,10
900.6606487277362,268.96559182046565,6.988431319496038e-07,0.9904582942294416,0.9869564898994194,0.9905209311696008,0.9870079747346466,0.06600022315979004,4,33531,37242.0,10062.0,10976.0,12,11,9,9
1004.7279482526601,312.1188175198669,1.906762985114598e-06,0.9891117033442501,0.9842479521578611,0.989178496354376,0.9843302222978546,0.055002689361572266,4,35119,39323.0,11002.0,12011.0,11,10,9,8
955.0418893518057,328.41805167601046,1.4395101999079433e-06,0.9905033990698369,0.9835720167534194,0.990565677428654,0.9836312137114269,0.05499839782714844,4,36336,40302.0,11662.0,12279.0,11,11,9,8
1014.2099193050059,321.5345043692823,1.1866606173149044e-06,0.9902151144985111,0.9858340726653066,0.9902671672982911,0.9859791935782182,0.06599950790405273,4,38225,42477.0,12589.0,13510.0,10,9,8,7
15.941951992567702,4.065863991822648,8.566413691058652e-07,0.9793306645725482,0.9703320122635161,0.9802175500299238,0.9809035014338618,0.07700014114379883,4,381,410.0,134.0,134.0,7,7,5,4
9.514243707900977,2.5718832270018273,5.415902604964482e-06,0.9897315668306567,0.9844090117753393,0.9901230443627839,0.9896649086703441,0.07700061798095703,4,344,330.0,120.0,120.0,8,6,5,4
36.74801581945162,8.913356083241972,2.438147183684604e-06,0.951256171393833,0.9396497786131546,0.9524024309404671,0.954915749730925,0.0879971981048584,4,531,592.0,166.0,168.0,11,9,5,5
12.998798021355666,3.539950564626574,1.3386843227905908e-06,0.9846383747606947,0.9736348932216372,0.9853901407939729,0.9837680277101221,0.06600141525268555,4,369,383.0,124.0,116.0,8,6,3,4
25.294309307299407,6.345109665456277,2.0796902299314645e-06,0.9862932397465074,0.9820759779700321,0.9865196334512295,0.9856675169494128,0.06600236892700195,4,703,728.0,211.0,193.0,10,10,4,4
119.6192745059647,25.156385869198303,2.191725179142971e-06,0.7419854533626223,0.7558780589078342,0.7466156230321681,0.797872284148989,0.05500221252441406,4,716,670.0,197.0,186.0,10,9,4,4
58.99636792694469,14.350020101835291,8.897897275767283e-07,0.9786691164439043,0.9708293967322404,0.9800823489964455,0.976543175877988,0.06599807739257812,9,1236,1271.0,293.0,260.0,17,21,5,16
58.78289352718673,14.77970095907087,8.58602084350237e-07,0.9839767200877203,0.9777366032825211,0.9849043067449632,0.9803536716648245,0.06600117683410645,9,1367,1449.0,291.0,298.0,28,23,20,18
298.98384642908707,60.167231485924724,9.290686575867186e-07,0.8602147226673057,0.8831534945621415,0.8668717913815148,0.8868687223575749,0.06600260734558105,6,2294,2956.0,514.0,616.0,26,26,25,22
446.64608938920156,90.5071935446754,1.3033886765660356e-06,0.9190505181394129,0.929212198644295,0.9213423571841964,0.9300679762029769,0.06600165367126465,4,4383,5260.0,966.0,1130.0,25,22,22,18
454.78737018889757,95.31586742685256,1.4732750337280914e-06,0.9469796969132398,0.9506114052091524,0.9481938624095729,0.9510847520485072,0.05500388145446777,4,5669,6754.0,1211.0,1469.0,25,22,19,18
633.5277799091897,129.30217354450517,2.3645515695144274e-06,0.9372887584866119,0.9456578217731239,0.938599759444643,0.9460957131760243,0.06600022315979004,4,7350,8954.0,1685.0,1980.0,25,22,21,19
536.3971437594847,105.31530040787047,1.903721431560816e-06,0.9675512330117575,0.9740088223491198,0.9681202059587511,0.9741904259050315,0.07700276374816895,4,8723,10084.0,1987.0,2257.0,22,21,18,17
426.9030066459281,81.22903575692624,9.16684974175579e-06,0.9884278450255615,0.9916612127736253,0.9885902934932661,0.9917075269135861,0.06600069999694824,4,12162,13426.0,2918.0,3091.0,20,19,18,16
471.77373637511164,98.32058533186222,6.585523006388641e-07,0.990319454009966,0.9918184080531884,0.9904364538085713,0.9918578795463909,0.06599950790405273,4,15060,16660.0,3618.0,3944.0,19,18,16,15
156.6767173194537,42.964738449104985,4.092785422007334e-07,0.9989790199988411,0.9985269655162314,0.9989922378142794,0.9985343067232205,0.05499768257141113,4,15521,15864.0,3762.0,3731.0,20,18,16,15
500.4146613892656,87.54254917848044,2.401536767353369e-06,0.9903515758498798,0.9943827498625604,0.9904711353836373,0.9944092142011621,0.06599926948547363,4,16054,17748.0,4051.0,4250.0,19,17,15,14
239.85920349238216,51.7825984284296,6.874328765488473e-07,0.9980089213276393,0.998217455807478,0.9980312307675718,0.998224763646051,0.054999351501464844,4,17290,17976.0,4207.0,4315.0,18,17,15,14
188.15546541800657,62.51516482689087,5.691323549643864e-07,0.9988462767205368,0.9976246425689956,0.9988594659934049,0.997634666184919,0.04400134086608887,4,17928,18511.0,4565.0,4464.0,18,17,14,14
166.77985739690908,82.80637555969548,5.997638267016033e-07,0.9991863219325532,0.9963444193979674,0.9991954604457748,0.9963599162401632,0.06252336502075195,4,19183,19548.0,4934.0,4755.0,18,17,15,14
550.3848748073176,124.645789807224,4.640456429992576e-07,0.9919364925782157,0.9925182772738828,0.9920159445807225,0.9925464814097621,0.06644654273986816,4,20241,22196.0,5238.0,5553.0,16,15,14,13
463.60900821705354,188.2753137030981,3.401553955470762e-07,0.9965390305135146,0.9905229485026144,0.996568195944128,0.990552691716893,0.06599783897399902,4,27556,28856.0,7712.0,7713.0,14,14,11,11
653.475779007914,182.8271326052746,6.088555847786171e-07,0.9933688263394287,0.9915721411313189,0.993421368276994,0.9916005047138335,0.05500173568725586,4,28180,30638.0,8142.0,8262.0,14,13,11,10
557.881091721166,211.13122893909687,6.21070035842868e-07,0.9958292578078846,0.9904568434964481,0.9958619259104002,0.9904841458355573,0.06600046157836914,4,30881,32798.0,8994.0,9131.0,13,13,10,10
778.4099779357919,214.27856188460228,3.9790692717326966e-07,0.9922445311499609,0.9908208711378881,0.9922991633651316,0.9908533540432899,0.05500006675720215,4,31832,34933.0,9482.0,9930.0,13,12,10,9
933.9614943436729,272.3389623551259,7.404639444970289e-07,0.9901395734100734,0.9873972380919985,0.9902016874044093,0.9874646945408596,0.05500030517578125,4,34433,38254.0,10435.0,11319.0,12,11,9,8
1013.0578761436419,318.49515956552096,1.167886131101663e-06,0.9902335405718176,0.9862248165755475,0.9902841347147148,0.9864001088781406,0.054999589920043945,4,38344,42683.0,12662.0,13634.0,10,9,8,7
1121.9295645969344,377.64009541714006,1.3533774447877923e-06,0.9885393114974736,0.9818062184754673,0.9886014910057379,0.9819894866144643,0.06599998474121094,4,39399,44421.0,13032.0,14633.0,10,9,7,7
13.476059018372792,4.850901977983064,1.3467169558472546e-06,0.9843104949803613,0.9504075987530551,0.9849130443485276,0.9699228098672888,0.07699823379516602,4,371,379.0,140.0,112.0,7,8,4,4
22.62994881420047,6.971668858075996,1.5534777161671652e-06,0.9615721310210581,0.917436326571238,0.9633263066020578,0.9492818313845897,0.08800148963928223,4,404,413.0,149.0,123.0,9,7,3,4
16.01659295855395,5.5113519212621505,1.0589237205396695e-06,0.9879444195372107,0.9678038160050467,0.9884415759540174,0.9791323225438758,0.08799862861633301,4,516,505.0,176.0,159.0,8,7,3,4
23.723669614964713,6.7097565778002215,2.6535079442860707e-06,0.9598195383769353,0.931918736721338,0.9612361641606764,0.9548910350263494,0.08800029754638672,4,400,415.0,137.0,124.0,8,8,4,4
29.605918608728672,8.925618559330589,1.762104671174725e-06,0.9735361499902269,0.9438857366464488,0.9740901364753756,0.9584795051460604,0.07700037956237793,4,568,604.0,188.0,179.0,11,10,4,4
16.301840386901105,8.003254546328845,1.5970787121291092e-06,0.997525898444903,0.9874251253623214,0.9975620151408875,0.9891047232947004,0.055001258850097656,4,998,1023.0,261.0,261.0,13,11,5,4
87.04852469843422,19.901933487019274,9.628727129676177e-07,0.9489641436805228,0.9353051714276523,0.9519030581241992,0.9511697524327889,0.0590519905090332,8,1187,1210.0,275.0,274.0,17,17,7,8
141.85188717368845,30.3080673644563,7.836882983199143e-07,0.9763719866922628,0.9772701852711684,0.9772097060276144,0.9778368073827699,0.06799721717834473,5,2652,2710.0,570.0,566.0,26,23,20,19
623.8005323552287,129.12925533485173,1.7071618442192232e-06,0.8682952346608275,0.8797349677060124,0.871802050339314,0.8811008883895903,0.0560002326965332,4,4751,6304.0,1085.0,1368.0,26,23,21,19
582.4519114627976,113.49802678167288,1.2420824978299969e-06,0.9669795842537454,0.9747106573259163,0.9675126083352202,0.9748805021423236,0.07000112533569336,4,9626,11200.0,2243.0,2530.0,22,20,19,17
208.3362416463668,28.99083907029943,1.2303870083421426e-06,0.9962597171568506,0.9985237924090142,0.9963189159645995,0.9985326852625895,0.06999754905700684,4,10161,10645.0,2352.0,2392.0,21,20,18,17
191.6206375889612,33.74737644123861,1.1394715681961708e-06,0.9976556429642467,0.9985436181907371,0.9976906469224343,0.9985519801689466,0.06499958038330078,4,12092,12164.0,2837.0,2766.0,22,20,17,16
286.6839142098257,44.773271416474955,1.1248400439311953e-06,0.9961320431054086,0.9981681410906973,0.9961808629741915,0.9981772405707154,0.06500005722045898,4,14437,15282.0,3507.0,3573.0,19,18,15,15
122.93612840278755,57.703805478206256,6.045874295820345e-07,0.999420423668931,0.9975700177618698,0.9994275007136251,0.997580980900335,0.05499887466430664,4,16286,16245.0,3969.0,3830.0,19,18,16,15
440.4053175768885,87.81876460453465,1.5463173527250157e-06,0.9931853362155654,0.9949656042594834,0.9932612472455459,0.9949876187803008,0.05500221252441406,4,17207,18688.0,4267.0,4518.0,17,17,14,14
239.92118931710334,81.83373642127474,5.551575324579293e-07,0.9985042141115472,0.9967827940233218,0.998519871130524,0.9967952510346534,0.059996843338012695,4,20517,21279.0,5237.0,5266.0,17,16,14,13
507.41710119322283,109.56305262267934,4.81344388249396e-07,0.9939376415330572,0.9949452199632175,0.9939976830852817,0.9949639193194416,0.059999942779541016,4,21861,23632.0,5674.0,5971.0,16,15,13,12
537.9089820003628,134.41853945791854,1.1927070350425463e-06,0.9936728412896338,0.9929942332781024,0.9937315305371256,0.9930195267758922,0.06000065803527832,4,22780,24692.0,6037.0,6339.0,15,15,13,12
690.9459472949627,202.073496324151,8.593518270858948e-07,0.9932995060333557,0.9908491607418125,0.9933486281185079,0.9908817067152004,0.05500006675720215,4,29964,32685.0,8807.0,9103.0,13,12,10,10
910.1628860630753,269.41591916588743,8.657549058592795e-07,0.9903200492266072,0.9870656950154226,0.9903830704218478,0.9871269809963911,0.057283639907836914,4,33668,37428.0,10337.0,11008.0,12,11,9,9
899.1065588497654,282.6831080615418,8.563431622708144e-07,0.9911285018709435,0.9866070527452858,0.9911835354154978,0.9866775907009248,0.062180519104003906,4,34850,38550.0,10684.0,11602.0,12,11,9,8
980.3575240696631,299.58721601563707,8.747727272573141e-07,0.9900281884346795,0.986242122462388,0.9900918981415081,0.9863056123687545,0.055001020431518555,4,36378,40179.0,11482.0,12400.0,11,10,9,8
1052.618139648309,359.0283182888689,1.579454596063502e-06,0.9899300882781504,0.9837085822824292,0.9899812488046886,0.9839524794838351,0.05999898910522461,4,39583,44319.0,13395.0,14578.0,10,9,7,7
10.675126853266585,3.7914377220257753,1.1367205308602217e-06,0.98911191032852,0.9706324399813793,0.9896007703414731,0.9815391999704627,0.07999706268310547,4,352,369.0,124.0,117.0,8,7,3,4
14.171200254977228,3.449033681095813,1.569148439760375e-06,0.9822667115579143,0.9755585503941037,0.9830781316515915,0.9848411962658902,0.0700078010559082,4,387,378.0,130.0,119.0,8,6,4,4
7.770805406562865,2.340761984198023,1.3954544190917095e-06,0.9943818441026954,0.9894875339340139,0.9945986992900137,0.9931744786229472,0.06500124931335449,4,360,371.0,128.0,110.0,9,7,4,5
17.64404998859389,4.370831347314452,4.290445247520538e-06,0.9840028390865785,0.9791944342653714,0.9844444375044893,0.9849130534499092,0.06999850273132324,4,474,481.0,153.0,153.0,8,8,5,4
12.210821703172423,2.6867731575255847,4.7705134149170284e-06,0.9552757017748706,0.956091881802894,0.9583833649756214,0.97562498351257,0.07000160217285156,4,211,217.0,90.0,70.0,9,7,3,4
20.81290665268389,6.052719774338365,6.3410443527043755e-06,0.9897356450103207,0.9803991870613457,0.9899205425840399,0.9843321851175717,0.05499720573425293,4,633,656.0,176.0,174.0,12,10,4,5
89.41295813993257,18.682099275331275,2.10184981314781e-06,0.8686854247912821,0.8844364158423098,0.8707550195478804,0.9022650923877237,0.059999704360961914,4,765,872.0,211.0,195.0,11,13,4,4
73.71001741057091,17.916472867168917,4.049843473993712e-06,0.9170035879045176,0.8922995575827571,0.9183463807039979,0.9072461646337234,0.0671987533569336,4,770,863.0,202.0,205.0,11,13,4,5
87.62497028054655,18.397803310902816,1.3401662244739204e-06,0.8991439993677182,0.9101623708910811,0.9010928049407103,0.9188540900944853,0.059999942779541016,4,844,840.0,232.0,225.0,11,11,7,5
151.48408685874756,31.671563145634476,8.697066211844645e-07,0.8508905891670877,0.8570310238563466,0.8608938246044577,0.884357259737451,0.06499052047729492,9,1217,1395.0,281.0,286.0,23,24,5,19
257.0453574555932,54.47867762519088,1.0642618957240487e-06,0.8482269750914039,0.8554691564174304,0.8526754681114617,0.8641094347393865,0.06999993324279785,5,1893,2394.0,404.0,502.0,18,21,15,17
169.84334971043234,34.10877602832646,9.022372486086883e-07,0.8814704170251829,0.9022350917837658,0.8881495271428451,0.9095105622626787,0.06999993324279785,7,1464,1581.0,322.0,325.0,27,22,8,18
243.5627361720444,49.194916251033874,9.488291112772558e-07,0.8733410694073471,0.8891407398128438,0.878867920599326,0.8934469739876555,0.06952214241027832,7,1940,2385.0,405.0,493.0,30,27,22,23
208.42662875570406,43.7480698662384,8.616855482254906e-07,0.972675174115258,0.9736946893956802,0.9737740298082818,0.974119751139281,0.06745409965515137,6,3581,3956.0,764.0,833.0,27,26,25,22
480.77214370912407,92.37948229991333,1.621934908418642e-06,0.9570594943688301,0.9671131213615274,0.9579173506977939,0.9673946902303923,0.0688619613647461,4,6586,7857.0,1475.0,1727.0,25,21,20,18
579.464812348429,116.62292334699899,1.7236188252963663e-06,0.9539984237709734,0.9612608980650051,0.9548543428068444,0.9615604337667234,0.06499600410461426,4,7804,9333.0,1745.0,2081.0,22,20,20,17
237.86130412490385,36.37133052571113,3.616813161582894e-06,0.9925458796912415,0.9962807465470721,0.9927253045486865,0.9963150475983545,0.05499982833862305,5,7947,8213.0,1839.0,1795.0,26,24,22,20
510.6082667596886,102.93834117243844,2.6002310340221125e-06,0.9738055856894863,0.977956682023578,0.9742686502178471,0.9781109303265066,0.08000302314758301,4,9377,10622.0,2098.0,2383.0,24,21,19,18
215.57203455767015,27.297359457158734,2.6942844639705747e-06,0.995993640331885,0.998692761074659,0.996056619280406,0.9987005454327301,0.06499934196472168,4,10296,10454.0,2371.0,2345.0,22,20,19,17
424.65408716978106,78.75198410198945,1.1156699004524319e-06,0.9856305457051832,0.9899769942068228,0.9858591706142023,0.9900378631659833,0.07499980926513672,4,10810,11873.0,2441.0,2694.0,22,20,19,17
225.9811247648794,39.05631617719896,5.315092391615487e-06,0.9973471493263144,0.9984515908085447,0.9973813113502764,0.9984588089581834,0.05999588966369629,4,13701,14220.0,3296.0,3307.0,19,18,16,15
422.91882593865853,86.73685058843213,5.088807628550106e-07,0.9937915995803667,0.9951611065372966,0.993862539263659,0.9951819849525212,0.05454683303833008,4,17373,18775.0,4454.0,4542.0,18,17,15,14
445.19795456628054,130.43988078804733,5.664446740732268e-07,0.9956357068105992,0.9933758832577927,0.9956765902832484,0.9933995121037511,0.06499791145324707,4,22777,24281.0,6010.0,6193.0,16,15,13,12
994.6110839586162,314.12076366688444,9.966654089203805e-07,0.9897912753383196,0.9849995810806015,0.989850732174754,0.9850986712016994,0.05499982833862305,4,36418,40664.0,11655.0,12600.0,11,10,8,8
18.950868493730482,3.8850675669800134,1.111892579953068e-06,0.9780093823982773,0.977874481134919,0.9789805687408044,0.986736035947631,0.06999826431274414,4,428,434.0,156.0,125.0,8,7,4,5
35.58923643463007,8.817596044274199,1.7986985626907474e-06,0.9336814767642817,0.9170977454169669,0.9357416029561622,0.9398982086300343,0.07499814033508301,4,468,503.0,144.0,144.0,10,9,5,4
6.8723479733397275,3.3556544319501476,2.243802998302964e-06,0.9981737650029401,0.990249423497728,0.9982368501971969,0.9934873633159623,0.05499887466430664,4,540,550.0,198.0,158.0,9,8,4,4
39.1009643956088,10.709224995301948,1.5234645088512375e-06,0.9190953396244534,0.865066846141787,0.9219199002433669,0.9147322266645106,0.095001220703125,4,455,498.0,179.0,138.0,10,9,4,5
48.727238275937616,11.940390138796415,1.7390923843089475e-06,0.944543304672788,0.9285375801908072,0.9456077324649063,0.9442093372299974,0.08499813079833984,4,648,724.0,194.0,194.0,9,10,5,4
26.624315327659914,7.479833999940551,2.116163735220482e-06,0.9864911341243778,0.9776830379904623,0.9867356445636146,0.98195673452706,0.059998273849487305,4,740,765.0,211.0,197.0,9,10,4,5
87.81384192331716,19.732851204695855,1.607556045865548e-06,0.8848793612431072,0.8776361795063269,0.8866886997375306,0.8969576129472024,0.054999589920043945,4,843,883.0,220.0,217.0,12,12,4,4
63.852613493889194,14.749646888428662,1.6313124429370293e-06,0.9524943479729382,0.9473248461677484,0.9533574970702978,0.9533357352526344,0.06500005722045898,4,902,907.0,228.0,231.0,14,11,6,5
245.62476846140828,50.91453940261706,1.39503984548978e-06,0.6722514127617335,0.6843742740453971,0.686036530962187,0.7431306743249454,0.07499909400939941,7,1295,1572.0,303.0,326.0,14,20,7,15
76.38132970092705,16.276178252115074,9.010167026402615e-07,0.9753738873014407,0.97351652606473,0.9762111152811036,0.977389920173671,0.07999968528747559,7,1352,1315.0,309.0,315.0,21,15,10,8
104.06190674200914,21.40753625935624,9.131496072548718e-07,0.9384234790783458,0.9429489336194635,0.9414480109301764,0.9525460279442916,0.06999802589416504,8,1212,1206.0,300.0,265.0,20,17,5,8
112.74072871022415,26.01835998251572,7.69599024972487e-07,0.9277932447894399,0.9122766413910354,0.9327301064378705,0.926480167326839,0.05999755859375,11,1297,1363.0,283.0,279.0,24,25,13,21
412.32902323782076,89.44902268652503,1.2388985851075655e-06,0.9042053792919819,0.9022146991855227,0.9082296267119184,0.9035861146365873,0.07499980926513672,6,3796,4683.0,846.0,990.0,28,27,28,23
577.4864085702219,114.44467367830333,1.7850124809480912e-06,0.9524161793711658,0.9610535409070015,0.9533816447999531,0.9613638972611785,0.06500005722045898,4,7698,9190.0,1741.0,2037.0,23,22,19,18
472.18666859622374,96.93027992669094,3.151593065541122e-06,0.9796289938895851,0.9822699892570169,0.9799487821901489,0.9823808183063156,0.07999777793884277,4,9961,11207.0,2259.0,2530.0,21,20,18,16
720.6720821566491,146.55100790054863,9.14396122255291e-07,0.9593229085181626,0.9665563331809721,0.9599359293097199,0.9667568982844112,0.06500053405761719,4,10712,12947.0,2502.0,2974.0,21,19,19,16
166.13119188360344,22.150056433336687,1.8528744655675306e-06,0.9984822116224477,0.9994688694063846,0.9985020691659438,0.9994716248273446,0.0599980354309082,4,13236,13540.0,3179.0,3126.0,19,18,16,15
456.8332003222474,80.92466918890267,1.5461943559569781e-06,0.9892509390561024,0.993358267889921,0.9893981223232183,0.9933946658415737,0.06499814987182617,4,13577,15098.0,3310.0,3530.0,19,19,16,16
184.2596955838869,29.920206382978044,7.333455681413323e-07,0.9983547607521209,0.9991511301271803,0.9983770383186226,0.9991556856751465,0.059998273849487305,4,14229,14512.0,3348.0,3371.0,20,19,18,16
589.599493300325,112.13631028053908,7.658653393242321e-07,0.9888520732496858,0.9925223036166217,0.9889712174282699,0.9925537601808421,0.05500006675720215,4,18108,20132.0,4621.0,4944.0,17,16,14,13
593.6083778468765,141.02120112474816,3.898652375914421e-07,0.9918621706947988,0.9917967893660135,0.9919377116676367,0.9918262140099341,0.05999755859375,4,22072,24242.0,5775.0,6201.0,16,15,13,12
434.79398857389924,138.25361658922344,2.9936336089215986e-07,0.9963098219966589,0.9934859450004566,0.9963423923768728,0.993508560510289,0.06499767303466797,4,24341,25853.0,6483.0,6659.0,15,14,12,12
403.4784045232987,146.74858034520582,5.617845801932989e-07,0.9969787162220636,0.993129347564357,0.9970057349907221,0.9931521791281311,0.06500005722045898,4,25353,26524.0,6880.0,6877.0,15,14,12,12
601.8803348673223,184.2812049559043,3.7053073213264073e-07,0.9942410653230465,0.9910012149534857,0.9942887743130452,0.9910280213101876,0.059998512268066406,4,27649,29944.0,7798.0,8103.0,14,13,11,11
661.9398024619258,195.94272653847943,7.268607824879775e-07,0.9933768023644709,0.9905542252400966,0.9934253573937291,0.9905938458465234,0.04999804496765137,4,28597,31072.0,8224.0,8564.0,13,12,10,10
780.3012505863787,242.10119698864222,8.891924270517624e-07,0.9923573111195838,0.9884518328118819,0.9924070898378541,0.988511385487887,0.05499768257141113,4,32148,35352.0,9602.0,10245.0,12,11,9,9
880.0000295928025,256.6328035020724,5.727610840378972e-07,0.9905046628433622,0.9876276814004242,0.9905695818187297,0.9876758715764967,0.06000018119812012,4,32606,36304.0,9927.0,10653.0,12,11,9,9
917.8454958034422,297.5343117468415,7.701967472316504e-07,0.990912476980943,0.9859573131828893,0.9909674093768799,0.986033474550334,0.054997920989990234,4,35342,39211.0,11109.0,11969.0,11,10,9,8
1039.484783237991,343.0956195678789,2.503898489609894e-06,0.9892922919349603,0.9832384895959544,0.9893503372492457,0.983398224321211,0.04999804496765137,4,37182,41762.0,12249.0,13130.0,11,10,8,7
1038.6101690881585,334.78533233999366,1.2865155730920794e-06,0.9897725489616305,0.9848463580115495,0.9898264512722702,0.984995238708369,0.06500124931335449,4,38374,42865.0,12640.0,13754.0,10,9,8,7
4.502314219746699,1.567907310185565,5.171768473726708e-06,0.9947002371270551,0.9827929810917222,0.9949600502399596,0.9899371112089921,0.0831148624420166,4,219,209.0,70.0,60.0,9,7,3,5
13.988834833537782,3.8944404818493075,1.7628498713609254e-06,0.9935522485186149,0.9898647707971747,0.993718373581725,0.992522533571051,0.07000017166137695,4,556,592.0,191.0,191.0,8,8,5,4
19.673109820259736,8.477298115162244,2.583124923748722e-06,0.9913219982701803,0.9620351033592798,0.9914946812662879,0.9716084179003843,0.06500005722045898,4,645,687.0,211.0,175.0,10,10,4,4
27.089550568438746,7.216156640945834,1.937218136489007e-06,0.9837501084110356,0.9747790200193736,0.9840446092694807,0.9800724423922572,0.07999992370605469,4,638,695.0,186.0,186.0,13,10,5,4
41.974818840188775,11.115398478387238,1.6509299178168643e-06,0.9793671558388993,0.9697032103651752,0.9796996268009569,0.9740521855810614,0.06001138687133789,4,897,978.0,242.0,237.0,14,11,4,5
67.1041584784906,18.722213453428648,1.1001507319013108e-06,0.9778659241455888,0.9601956674998332,0.9786348613690873,0.9676639035459652,0.06999993324279785,6,1317,1408.0,362.0,309.0,13,15,5,6
214.97416699017182,45.483779455410115,9.452309717559246e-07,0.7780876815893527,0.7796591835531393,0.7874277513909098,0.8136847250497331,0.07500028610229492,7,1326,1645.0,308.0,339.0,18,22,9,17
88.27051722135946,23.705207067335717,1.2606352595391354e-06,0.9869943293493415,0.9792933321040891,0.9873732100369095,0.9802277453799985,0.07499980926513672,5,2161,2378.0,474.0,498.0,24,21,21,16
143.42953641036988,30.32396005127776,7.786320162153211e-07,0.971223111933863,0.9720797994487709,0.9723064690701607,0.9729277994932926,0.06000852584838867,6,2417,2369.0,510.0,492.0,28,23,28,19
432.8292099662406,92.08092002870809,1.0039233269345073e-06,0.912475970199352,0.9147108361757968,0.9148733076375506,0.9158098033102038,0.06500005722045898,4,4065,5097.0,865.0,1092.0,26,23,21,19
280.98980556833965,56.48248253514831,1.3566603751339968e-06,0.9742229309974422,0.977595111100192,0.9748179975352137,0.9778436793905908,0.05998826026916504,4,4883,5504.0,1064.0,1183.0,23,22,20,18
360.0774591608654,77.1281746131006,1.2714089275373642e-06,0.9617164065988567,0.9624431187865113,0.9630948521298147,0.9629413113554667,0.06980609893798828,6,5202,4619.0,1143.0,977.0,30,26,24,22
391.0089513041869,65.86420689570322,1.4727291225077982e-06,0.9895475237191947,0.994095456167243,0.9897008004658646,0.9941296174007838,0.06443500518798828,4,11631,12761.0,2725.0,2923.0,20,19,16,16
349.1625546695025,66.36389580688183,1.0874351572428612e-06,0.9924235473575511,0.9944889540773699,0.9925332312910616,0.994519220593071,0.05999875068664551,4,12272,13298.0,2890.0,3064.0,21,19,17,16
411.4379129953874,76.80447306852207,6.725111098372804e-07,0.9942962047521369,0.996245332581556,0.9943568684663053,0.9962610700385818,0.05500984191894531,4,17665,19006.0,4366.0,4614.0,17,16,14,13
436.39010405446487,132.17775279271976,2.656517874036491e-07,0.9965469372775214,0.9945039030678708,0.9965755905527468,0.9945237598558926,0.06000256538391113,4,25522,26957.0,6897.0,7084.0,15,14,12,11
471.7864100063361,231.13323628735583,5.712468985850781e-07,0.9966070452908437,0.9865961378763424,0.9966377802461663,0.9866390548764141,0.06001091003417969,4,28341,29290.0,8062.0,7789.0,15,14,12,11
613.2767693573052,194.62137386902464,6.141577812275426e-07,0.9945607834540169,0.9911360330563658,0.9946040312809188,0.991163852190392,0.059988975524902344,4,29448,31627.0,8299.0,8723.0,13,13,11,10
731.4376112606369,226.21634187947902,1.083393992917593e-06,0.9929566526672575,0.9893514271984442,0.9930056197259916,0.9893921760090421,0.05500316619873047,4,31114,34051.0,9264.0,9594.0,13,12,10,9
894.194464075535,272.3095664863796,9.213452317585548e-07,0.9910431712109152,0.9875077959721055,0.9911015159357077,0.9875596527853173,0.06000018119812012,4,34516,38378.0,10723.0,11394.0,12,11,9,9
955.4779617639889,317.5673977021781,1.2154388256197142e-06,0.9906773511427842,0.9849163848511389,0.9907306907361035,0.9850178505088634,0.06000781059265137,4,36652,40836.0,11639.0,12686.0,11,10,8,8
9.133272505880171,2.70801280154532,1.2510620495456805e-06,0.9903968695089727,0.9818477119076313,0.9910016991034926,0.9893716132396485,0.06999969482421875,4,350,338.0,117.0,97.0,8,6,3,4
6.907121928367367,2.5474660612721287,1.6666251242489645e-06,0.9960637884002652,0.9861578337454183,0.9962603686179149,0.9920571892572911,0.07000994682312012,4,389,386.0,138.0,105.0,8,7,4,4
16.761501026658284,4.769696007084728,1.9031593747072107e-06,0.9865364824880951,0.9746373835608235,0.9870529245874117,0.9832638548307994,0.06999993324279785,4,470,512.0,164.0,145.0,9,7,3,5
24.346671572653758,6.093883545545211,9.717222451512999e-06,0.9638827457832312,0.9467145629423327,0.9651839420962305,0.9650780356517501,0.059999942779541016,4,427,453.0,147.0,128.0,9,7,4,4
13.913048431837886,4.361288036043175,2.552214842980614e-06,0.9895071499321714,0.9783322577499174,0.9898208506413245,0.9845496349745496,0.05500006675720215,4,456,469.0,149.0,143.0,8,8,3,4
25.32599948669351,6.196437148340435,2.372027069753663e-06,0.9815032285364855,0.9779106163267398,0.9819067013966714,0.9830015546706157,0.05500006675720215,4,605,650.0,187.0,187.0,9,9,5,4
53.26574493361877,11.617605174905885,6.180671371957614e-06,0.9406244245067533,0.9393153096542739,0.9415351825387511,0.9497963024784981,0.05319690704345703,4,662,636.0,181.0,179.0,11,9,7,5
228.0840488358038,45.42989104103157,1.4714271364384357e-06,0.5450046840748547,0.6206110921578496,0.5592303711306357,0.649372863694382,0.0650017261505127,4,973,942.0,255.0,239.0,15,12,6,5
165.3427774127228,30.962743569679063,1.524898006567458e-06,0.8894969159153506,0.9104490657454656,0.8931808182748848,0.9248924255706832,0.07000112533569336,6,1456,1389.0,350.0,327.0,18,13,4,6
260.55917602442315,59.50196812313283,1.323143816787695e-06,0.8717802380810257,0.8539501634226297,0.8760727960652454,0.8616538718455803,0.07499980926513672,5,2031,2653.0,441.0,555.0,21,22,17,18
201.7198632406002,42.75863743466128,1.0023290029240751e-06,0.8584597146808193,0.8697915190500328,0.8675989196858587,0.8771804413782381,0.07500171661376953,7,1662,1646.0,361.0,340.0,30,23,20,19
301.75934472300867,56.64747276103997,1.0900912314517991e-06,0.9628438746919791,0.9714612260962696,0.9643339363108148,0.9718624709219102,0.06999850273132324,6,4456,4142.0,945.0,874.0,30,26,25,22
329.82501673867415,66.2995098021094,2.284210812078691e-06,0.9772050871192476,0.9800010266843424,0.9777154394858343,0.9801807310949743,0.06499886512756348,4,6240,6780.0,1361.0,1475.0,25,22,22,18
634.1851152594695,122.5989821192112,1.0548993823143112e-06,0.9665552719232272,0.974833055633047,0.967066810426195,0.9749788843125596,0.06499910354614258,4,10417,12202.0,2436.0,2785.0,22,20,18,16
461.40706449583826,85.52478929137057,1.1037897959885017e-06,0.9852718617741862,0.9899676777406986,0.9855024411862308,0.9900327002863395,0.06000208854675293,4,11595,12891.0,2733.0,2959.0,21,20,16,16
154.69041663917,50.09896456015833,6.371585587610894e-07,0.9988643704718441,0.9976703131468655,0.998880043288033,0.9976828770125563,0.06499958038330078,4,14458,14262.0,3449.0,3308.0,20,19,16,16
256.88445846333326,59.00564944703741,8.740442900501769e-07,0.9976226371088296,0.9976298429868682,0.9976493312545425,0.9976399586671241,0.054677486419677734,4,16943,17829.0,4223.0,4279.0,18,17,15,14
357.9417142962431,80.76335028959609,7.907655078586577e-07,0.9960016189661256,0.9962508889962196,0.9960416129022097,0.9962661592431652,0.054999589920043945,4,18618,19725.0,4686.0,4825.0,17,16,13,13
334.6224862936341,144.9980603318541,8.344644876952345e-07,0.9965758485058035,0.9882008117005783,0.9966142108335064,0.9882497221605538,0.06999945640563965,4,18711,17806.0,4793.0,4265.0,18,17,15,14
489.8908573175594,117.42386717926358,6.356276653444156e-07,0.9950374030110029,0.9950455321469416,0.9950809973784858,0.995063933965512,0.06999731063842773,4,23613,25324.0,6331.0,6507.0,15,14,12,12
483.92139513217086,141.76616603877434,3.5772303818425715e-07,0.9954340200299613,0.993255198525548,0.9954741239507514,0.9932769433390884,0.05999875068664551,4,24527,26354.0,6562.0,6836.0,15,14,12,11
557.6969943437027,138.92938853964628,5.957882896579534e-07,0.9942666153567651,0.9939714047423863,0.994312622198175,0.9939920418052934,0.05999875068664551,4,25331,27466.0,6913.0,7291.0,14,14,12,11
935.836696714051,280.3487039979556,1.0078394715634447e-06,0.9897648843438609,0.9860045798788946,0.9898326622321121,0.9860584704563695,0.0599977970123291,4,33514,37431.0,10379.0,11071.0,12,11,9,9
953.0237186625176,298.67028225118077,8.906346392494237e-07,0.9898740996713986,0.9850784640995172,0.9899354136529447,0.9851628973442523,0.05999946594238281,4,34745,38497.0,10783.0,11650.0,11,11,9,8
14.430869689661812,3.935680796677156,6.29237189825839e-06,0.9838208410916539,0.9713746473766911,0.9845670495809239,0.9828818453623961,0.07499980926513672,4,393,407.0,143.0,117.0,6,7,4,4
23.47427670167212,5.033222956847166,1.2972710439307108e-06,0.9571613611673813,0.9576516886215033,0.9590177507756317,0.9732117286806335,0.059999942779541016,4,405,428.0,142.0,125.0,8,7,4,5
20.25257185314168,5.811267790537047,2.600562760586169e-06,0.9787754046269487,0.9633986632947977,0.9793062214177234,0.9738878137680811,0.07000231742858887,4,461,489.0,152.0,145.0,9,9,4,4
19.26838948468017,4.99791623245795,3.5593197491959623e-06,0.952900963004972,0.9283660337352517,0.9557482234572929,0.95818179027976,0.07000255584716797,4,318,326.0,107.0,106.0,7,7,4,4
27.63225771931542,5.956439092836144,2.112157892165427e-06,0.9828245484963645,0.9833206409567697,0.9831802421769769,0.9871697916473611,0.050000667572021484,4,648,695.0,216.0,195.0,10,9,4,4
20.058767825234597,7.564307635203634,1.9128430060740024e-06,0.9923980444086015,0.977053951723695,0.9925091669520317,0.9809359924471408,0.05499887466430664,4,737,750.0,205.0,202.0,10,10,4,4
23.667180158748668,8.973340143632878,1.6229157020468671e-06,0.9935866994270834,0.9801321418187251,0.9936802621324737,0.9824255936466225,0.06000041961669922,4,916,928.0,230.0,230.0,13,12,5,4
99.0216201139933,19.438203363479868,2.110744680036205e-06,0.8962289314079219,0.9156373172728526,0.8979899068758811,0.925181980245056,0.05499887466430664,4,907,917.0,243.0,243.0,10,10,5,4
51.10025987350539,12.901196076916813,1.480928319117073e-06,0.9818799611738641,0.9718057142418427,0.983063472390809,0.9803483203406349,0.07999897003173828,7,1183,1163.0,329.0,261.0,13,12,5,8
92.08125458967483,20.542379650423356,9.877314606353171e-07,0.9707528138312825,0.966961125743425,0.9716914029162689,0.9711330655644442,0.07000064849853516,6,1523,1579.0,363.0,332.0,16,17,5,12
170.60757965740893,34.222548059706554,9.778061812228902e-07,0.9307681722938727,0.9384145067823713,0.933598611298151,0.9419623206512088,0.06500053405761719,7,1879,1698.0,413.0,351.0,26,21,23,16
191.57906159626438,43.09805222122176,8.817450122100535e-07,0.9400706710756995,0.9347721093611843,0.9421724516011053,0.9371693311148548,0.06999826431274414,5,2238,2649.0,493.0,556.0,20,22,20,18
219.51156305714164,45.19524893521209,8.55942937287424e-07,0.9271141141011408,0.9354050360690279,0.9299032285033483,0.9371499364367323,0.06999897956848145,5,2315,2783.0,493.0,581.0,26,24,22,20
322.5976273419671,65.46086617208789,1.1880703099634588e-06,0.9570651407542268,0.9621887285518458,0.9581777746551773,0.9626461237091168,0.05999898910522461,4,4424,4828.0,986.0,1036.0,25,21,20,17
368.2405520399222,73.70782692496095,1.4951906758544445e-06,0.9604215162656848,0.9661499473905029,0.9613806579977148,0.9664976806250635,0.05999898910522461,4,5263,5678.0,1140.0,1226.0,26,22,23,18
558.5114050611082,121.3120116339131,1.5795823414595076e-06,0.9478214981132362,0.9469103658735292,0.9488501647391157,0.9473474339243304,0.06499981880187988,4,7073,8289.0,1553.0,1830.0,25,21,20,18
452.9609760601164,91.71229924788351,1.713824954057618e-06,0.9753732483650726,0.9787925703366686,0.9758368194376813,0.9789516706248167,0.07000041007995605,4,8576,9548.0,1934.0,2128.0,24,22,19,18
227.64539767659116,40.51671465786271,9.920214171469198e-07,0.9957772814956725,0.9972773309178266,0.9958401431995797,0.9972934411507414,0.06499886512756348,4,10575,11157.0,2431.0,2516.0,21,20,17,16
515.8202711054823,101.69741679774042,1.637627564432849e-06,0.9800514666574838,0.9842851584352407,0.9803582610138352,0.9843813940940539,0.06500244140625,4,10966,12435.0,2515.0,2848.0,21,19,17,16
538.571451465201,113.09352692941066,1.5292765249802434e-06,0.982980308383695,0.9850361966548304,0.983204023687556,0.9851171110979398,0.07499933242797852,4,12752,14434.0,3025.0,3368.0,20,18,16,15
649.6490398669115,126.43311802424765,1.3806042737862728e-06,0.9764419397980064,0.9824611990972734,0.9767652565075937,0.9825565495641424,0.06499981880187988,4,13212,15085.0,3142.0,3539.0,20,18,16,15
256.8991574204426,44.55392332144649,1.016748430473956e-06,0.996657441609225,0.9980583173726971,0.9967001236470531,0.9980674525093111,0.06000208854675293,4,13981,14643.0,3348.0,3419.0,20,18,16,15
621.0666144491533,135.9808886694499,7.459048222107084e-07,0.9828714493953544,0.9838380147314624,0.9830739727165817,0.9839128335090851,0.0650026798248291,4,14983,17017.0,3648.0,4062.0,19,17,15,14
443.1055884323735,106.78814697022013,4.860044074312607e-07,0.9946386142560377,0.9943530221053983,0.9946908607699843,0.9943742270113048,0.0650014877319336,4,20066,21467.0,5145.0,5327.0,16,15,13,12
278.0810733101649,127.20930914572774,8.52196094231934e-07,0.9983589975205414,0.9939735209147227,0.9983734315423528,0.99399688054319,0.06499862670898438,4,23331,23897.0,6202.0,6076.0,15,14,12,12
700.1120074078623,165.0093747336799,5.651703918559831e-07,0.9899553494793846,0.9903697768197914,0.9900417498667388,0.9904024381068378,0.0650022029876709,4,23832,26462.0,6400.0,6907.0,15,14,11,11
409.59517615974596,193.84863080936802,5.178641875147503e-07,0.9973428859664553,0.9901301087535579,0.9973660959051394,0.9901609955867747,0.06000041961669922,4,27844,28834.0,7784.0,7698.0,15,14,11,11
608.6600806279314,190.17834283464913,4.3316237362094236e-07,0.9947152821163077,0.991630591609374,0.9947533777456463,0.9916613295896074,0.06000232696533203,4,29851,32087.0,8651.0,8922.0,13,12,10,10
632.2348423120426,202.80278289510724,4.405104018099308e-07,0.9944531546362768,0.990954859777653,0.9944966397194138,0.9909814187529535,0.05707812309265137,4,30390,32607.0,8789.0,9128.0,13,13,10,10
883.2109270534795,263.0856562034502,5.627788945348843e-07,0.9902618191177149,0.9865037326924383,0.9903267640164323,0.9865608393739849,0.05500006675720215,4,32099,35769.0,9695.0,10432.0,12,11,9,9
802.9936760336285,244.22099793697785,5.456323904896098e-07,0.9922377135654349,0.9889113988393711,0.9922897023359021,0.9889539455902806,0.0535891056060791,4,32969,36223.0,9906.0,10618.0,12,11,9,9
1019.8879380843761,313.9353038445979,9.639966436650515e-07,0.9891929019028434,0.9853040006918067,0.9892537441824921,0.985409209820826,0.06499838829040527,4,36372,40888.0,11821.0,12708.0,11,10,8,8
1072.6543983657239,339.58556236487243,1.122830286418693e-06,0.9886632935162606,0.9835612323167164,0.9887281179221091,0.9836859768264392,0.059998512268066406,4,37385,41986.0,12264.0,13201.0,11,10,8,8
6.057020719792859,2.545420724883544,1.9047855565021921e-06,0.9943120794225571,0.9777457676074054,0.9945240578335988,0.9853566123958866,0.06789302825927734,4,288,285.0,97.0,91.0,8,7,4,4
19.19906681759993,4.06201920231798,1.4378360721095487e-06,0.9789648759468281,0.9785648285520363,0.9797304428430823,0.9856300084614211,0.06972575187683105,4,452,457.0,149.0,142.0,8,7,3,4
43.83943240204341,10.657059475608957,5.528701709648266e-06,0.9606540148837104,0.9500469970226867,0.9614719353677067,0.9615313222291059,0.0650026798248291,4,719,724.0,220.0,211.0,11,9,4,4
26.77510504181076,8.480369488805701,3.0504143962472965e-06,0.9904515348104442,0.9789080543040971,0.9905870536497143,0.9825170150163242,0.06499719619750977,4,831,871.0,237.0,227.0,13,10,6,4
18.33030277982336,7.5180338741810235,2.5391259880022597e-06,0.9920600305725807,0.9714473586986956,0.99218577013625,0.9765805738752115,0.06000256538391113,4,636,649.0,192.0,171.0,11,10,4,4
74.79471906491794,15.407993055553991,1.3003975646820497e-06,0.9245313240583274,0.9334702220514535,0.9259373654580108,0.9447026599109982,0.05999922752380371,4,848,849.0,244.0,213.0,12,11,3,5
37.54952285537949,10.842816362304891,1.2991647933540408e-06,0.9846172255192661,0.9666399365314887,0.9873496486017654,0.9814691764417592,0.06999945640563965,10,1005,1005.0,272.0,232.0,11,10,4,10
87.7885304977622,16.511524302214156,9.917600782122535e-07,0.9507744771481191,0.9571500241802956,0.9535806601815849,0.9674047485908973,0.06499862670898438,8,1181,1163.0,284.0,263.0,18,14,5,9
123.81055363533983,25.296328890160108,9.79884540253146e-07,0.9609423063994551,0.9648613373966171,0.9622988587437896,0.9672778002099582,0.07297873497009277,6,1785,1837.0,380.0,382.0,26,20,25,16
143.27802133561678,35.316084245731616,8.736100969986252e-07,0.9538792464041446,0.9368289975133925,0.9557306572576293,0.9402580646410708,0.06500363349914551,7,1889,2167.0,415.0,448.0,21,25,21,21
231.16578694225402,49.92594515880496,8.239704846794286e-07,0.9507897468604092,0.9504314486299607,0.9523545533407167,0.9518474319585782,0.07499980926513672,5,2913,3450.0,670.0,725.0,26,23,18,19
487.588293286457,101.64911050602787,1.2298175364964299e-06,0.8300391611962141,0.8429911214117463,0.8347967462464658,0.84562686764949,0.06000328063964844,4,3214,4470.0,720.0,956.0,22,22,20,18
146.32580806290858,29.098742964349217,1.3456943570904026e-06,0.9854009292527416,0.9875751155706272,0.9858749272220841,0.9877959692884202,0.07499957084655762,5,3386,3504.0,754.0,735.0,27,24,20,20
413.00731430165575,82.67349182174416,1.3450196694777375e-06,0.9292751110569951,0.9391700655064574,0.931215539089904,0.9399250192320444,0.06000113487243652,4,4351,5134.0,918.0,1104.0,28,22,22,18
320.9148219024274,62.45865299006482,1.40099246855493e-06,0.9715928062341762,0.9767113454438571,0.9722440012503173,0.9769683515936377,0.05313301086425781,4,5352,5879.0,1155.0,1270.0,25,22,20,18
347.2919641070512,70.24681190867905,1.1006178688002406e-06,0.969906418005675,0.9732654562189567,0.9706178024600325,0.9735375006096009,0.06999874114990234,4,5733,6113.0,1244.0,1322.0,25,22,20,18
721.6749903292109,155.6896619346748,2.1087160770146393e-06,0.9001771918403447,0.9000667289275304,0.9022079826692331,0.9009013696224369,0.06499814987182617,4,6440,8418.0,1424.0,1858.0,25,21,19,18
426.3502692427124,76.98958262864745,1.2892062009861438e-06,0.9705374523874535,0.9794996646472593,0.9711877522125267,0.9796762490658715,0.06999802589416504,4,7156,6828.0,1575.0,1488.0,26,22,22,19
538.0492058507908,106.1435250812157,1.6982213877655163e-06,0.9617309577436058,0.9694735098505514,0.962415643788694,0.9696919495399362,0.05999755859375,4,8064,9529.0,1791.0,2120.0,24,21,18,17
365.61111797008215,64.93722930646179,7.617637626980107e-06,0.9870590156256484,0.9916036511344679,0.9872789462609999,0.9916582632057417,0.06999802589416504,4,9657,9680.0,2155.0,2165.0,24,21,19,17
323.0882716070022,48.84318017901783,1.8426150037110776e-06,0.9911875227622002,0.9959072763071951,0.9913337303469368,0.9959341716363918,0.06499814987182617,4,10393,10928.0,2385.0,2464.0,22,21,18,17
216.9884549540213,60.862977936783,1.1924564496451137e-06,0.9980409614669288,0.9970377687164641,0.9980634510646756,0.9970509271021963,0.05499911308288574,4,15667,16175.0,3786.0,3825.0,18,17,15,14
243.10935039607176,60.499569557697406,4.611778705352163e-07,0.998170921283118,0.9978944559384155,0.9981898240607329,0.9979029476962938,0.06999826431274414,4,18565,19307.0,4674.0,4706.0,17,16,14,13
207.02244242271576,79.8147594955553,1.0126878549026845e-06,0.9987437807995592,0.99655549209424,0.9987571183457038,0.9965687180468692,0.06499767303466797,4,19249,19730.0,4917.0,4818.0,17,16,14,13
298.22411874293465,85.68164184934834,4.4736728930939406e-07,0.9974767178236358,0.9962536014489216,0.997504052670356,0.9962683328594416,0.06500124931335449,4,19585,20501.0,5096.0,5039.0,17,16,14,14
543.5015716015303,125.36849850208252,6.842913758663774e-07,0.9924258158952329,0.9927992161174075,0.9925008516529458,0.9928273725288707,0.06000018119812012,4,20681,22783.0,5401.0,5729.0,17,15,14,12
292.56373949392065,95.50218147595722,2.9653541446585687e-07,0.9979443535215577,0.996082621018706,0.9979633594403233,0.9960964771916653,0.06499814987182617,4,21670,22704.0,5678.0,5713.0,16,15,13,12
462.7407256409,116.8019602432539,4.0549432705393343e-07,0.995205008571484,0.9945171361803271,0.9952486686904097,0.9945364876486146,0.06999945640563965,4,22459,24080.0,5870.0,6161.0,15,15,12,12
431.7098393790286,117.84064098037938,2.8927683324794963e-07,0.9959552885309785,0.9947411769304889,0.9959941250255046,0.9947590009928102,0.06999945640563965,4,23047,24571.0,6216.0,6285.0,16,15,13,12
516.0502842101081,149.89854207652144,4.915754516530488e-07,0.9948517314869253,0.9926436237504219,0.9948947139798433,0.9926702528177371,0.0599973201751709,4,24684,26617.0,6804.0,6970.0,14,14,12,11
360.2121915158712,157.90516668768842,1.5115830589900051e-06,0.9976231994240763,0.9922623391411471,0.9976446581862296,0.9922862949684621,0.054997920989990234,4,25722,26418.0,7084.0,6875.0,15,14,12,12
674.659613249526,197.34894012045433,5.894424911980419e-07,0.9929618674354623,0.9900057278445051,0.9930152221342137,0.9900424258207,0.0599980354309082,4,28072,30759.0,7932.0,8454.0,13,13,10,10
673.5924754008663,199.34306170519204,4.370787713784994e-07,0.9931526061710334,0.9902212709246474,0.9932074596090742,0.9902511260884117,0.05999875068664551,4,28581,31165.0,8124.0,8519.0,14,13,11,10
981.829112549633,309.5010433477298,1.0790362296699702e-06,0.9900984374958558,0.9855963405529631,0.9901556735585368,0.9856926198117998,0.05999755859375,4,36643,40800.0,11665.0,12683.0,11,10,8,8
1035.7141557881691,348.32966006835153,1.5693257971330177e-06,0.9894425139392509,0.9827931718437158,0.9894989212157959,0.982960661375587,0.0599977970123291,4,37433,41811.0,12251.0,13198.0,10,10,8,7
11.30587973873182,4.64802825579478,1.8721162847119884e-06,0.9906787121285392,0.9637887121989759,0.9910435449618386,0.9765683474979593,0.06999778747558594,4,406,410.0,137.0,137.0,9,7,5,4
27.393734076731246,7.474958193863027,3.192462156327289e-06,0.9431485009649031,0.9038774096494055,0.9451029328011356,0.9355542836217051,0.08499813079833984,4,392,408.0,128.0,115.0,9,9,4,4
56.4265747084947,12.839149115108835,2.3875307097125376e-06,0.9026190097387761,0.8966710278131231,0.9050756246126228,0.9256225533286293,0.07258391380310059,4,602,650.0,213.0,202.0,8,10,4,4
46.59007852179116,10.484114968211035,2.170810542713709e-06,0.9108209182245839,0.9037641071485403,0.9134152064430976,0.9319792967463774,0.08825874328613281,4,521,550.0,173.0,173.0,11,10,5,4
27.509089406957838,7.1004694680469305,3.92520094520934e-06,0.9853797304490103,0.9788963150669701,0.9856375773359167,0.9831016183482348,0.06500005722045898,4,692,716.0,204.0,204.0,11,9,5,4
124.00798025396054,25.444383794202338,3.619812035082681e-06,0.8229499474317082,0.8374333296887064,0.8256175083978197,0.8670141518921255,0.05499982833862305,4,872,973.0,267.0,249.0,13,11,4,4
167.939800511209,36.412822151287266,8.798999978941147e-07,0.9367528765360845,0.9376650571519562,0.9393624471231913,0.9409163201132671,0.07499885559082031,6,1903,2254.0,425.0,467.0,24,24,18,20
248.74753635384062,49.64399576776102,1.2880394280000003e-06,0.9520214809251237,0.9577891756638877,0.9536218442195985,0.9585796636366876,0.06999897956848145,5,3191,3113.0,669.0,654.0,27,23,23,19
325.37497396728367,67.1984492302268,1.5147655464744584e-06,0.9524167325002079,0.9565760244607842,0.9538294288245469,0.9571469531554618,0.06500244140625,5,4173,3897.0,943.0,826.0,27,22,21,19
265.9147469238571,53.95943895771693,1.2370275839393087e-06,0.9736970267163458,0.9770172578227537,0.974482236868951,0.9772891707770183,0.06999683380126953,5,4634,4729.0,1002.0,1006.0,28,24,23,20
270.9793388495391,52.301011781162835,1.4085643537100856e-06,0.9797852799562079,0.9838971564996367,0.9802552461173141,0.9840484183394289,0.07000184059143066,4,5416,5799.0,1178.0,1254.0,25,22,22,18
431.6927920022138,89.42023913335653,1.9903926163737176e-06,0.954757761933108,0.9584365108540494,0.9557729243327325,0.9588095674696252,0.06499934196472168,4,5819,6601.0,1265.0,1435.0,25,22,24,18
353.37222172000634,70.44405285993511,4.900471047956483e-06,0.9846694561047039,0.987279810406061,0.9849650710209402,0.9873752375313903,0.06500124931335449,4,8371,9147.0,1834.0,2026.0,25,22,20,18
405.32210699228665,72.2748659632102,8.061762311056535e-06,0.9824719117519578,0.9884924116290625,0.9827794205025646,0.9885721495628542,0.06999921798706055,4,8967,9857.0,2035.0,2208.0,23,20,20,17
179.08040559108267,28.902133715927157,1.3954352428855028e-06,0.9971842083635472,0.9985058248540934,0.9972258289133585,0.9985146826780832,0.07499814033508301,4,10109,10473.0,2321.0,2360.0,21,19,18,16
165.51095129930223,35.822333583022385,4.425621341197448e-06,0.9978862472942418,0.9980269913103403,0.9979182214094721,0.9980382299119032,0.06702017784118652,4,10979,10969.0,2573.0,2471.0,21,20,16,16
343.6534258280184,56.29849761168884,1.6357694794528268e-06,0.9928840205380985,0.9962308316499615,0.9929813122383676,0.9962514059309805,0.06004738807678223,4,12550,13513.0,2932.0,3123.0,20,19,16,15
370.0839713272291,52.66017233165877,8.533871476441802e-07,0.9927524829625687,0.9971738828157141,0.9928561143908395,0.9971896048992803,0.060028791427612305,4,13510,14567.0,3394.0,3396.0,20,19,16,16
225.5002771616922,34.92342814406016,5.664197256588932e-07,0.9976021166563285,0.9988852757623737,0.9976340288330292,0.9988908524895498,0.05999875068664551,4,14399,15099.0,3499.0,3535.0,19,19,17,15
262.5500547514702,36.20384993339797,7.753016011984436e-07,0.9970418071901465,0.9989159957435391,0.9970796434672203,0.9989211667295155,0.05499744415283203,4,15265,15941.0,3736.0,3763.0,19,18,16,15
383.12809270094857,102.94168049596496,4.2551743093278906e-07,0.9963000071258731,0.9951714608236322,0.9963347007817853,0.9951896361858832,0.06000065803527832,4,20941,22341.0,5454.0,5606.0,16,15,12,12
292.0260761758557,123.60707234350846,5.5286108359906765e-06,0.9979414987040153,0.9934663329621045,0.9979607104026774,0.9934879768380629,0.06206250190734863,4,21645,22396.0,5718.0,5605.0,16,15,13,12
472.9993723568775,137.78406263667316,5.879511576883701e-07,0.9952291845222085,0.9929114026215846,0.9952721173545643,0.9929358267116375,0.06691098213195801,4,23322,24866.0,6240.0,6416.0,15,15,12,12
322.3912445823139,134.10066958570093,1.7972622156809999e-06,0.9978573982025172,0.9936508363748362,0.9978763925011152,0.9936721507483023,0.05870866775512695,4,23786,24538.0,6537.0,6291.0,15,14,12,12
548.3469856456463,163.35544068074378,3.827665548042334e-07,0.9950760513825645,0.992704476076474,0.9951135472819803,0.9927305663464773,0.05999946594238281,4,27365,29364.0,7685.0,7872.0,14,13,11,10
17.684444671330038,4.454632420301365,9.616424823928492e-07,0.980217740696276,0.973561766914766,0.981006071382743,0.9827915937341889,0.07000088691711426,4,418,463.0,151.0,141.0,8,7,4,4
9.120147111386599,3.3478849044334447,1.4883696746168993e-06,0.991814579641462,0.9733391079327872,0.9921163836219662,0.9841733145609625,0.0982975959777832,4,346,339.0,125.0,98.0,8,7,3,4
25.61168353180504,5.802298395176403,8.33997542997838e-06,0.971129037777149,0.9691282946057299,0.9721935785632856,0.978774181392352,0.07499861717224121,4,505,535.0,176.0,169.0,8,7,4,4
41.40136370539824,10.017692681783899,1.878679246176379e-06,0.9508722472692548,0.936783493595363,0.9521820613809415,0.9550069502446176,0.08141326904296875,4,607,644.0,193.0,174.0,9,9,4,4
4.6937458388796465,3.078825533651861,1.6225470737753417e-06,0.9976879601618592,0.9746567227568472,0.997806984891028,0.9854898198329927,0.06999802589416504,4,349,351.0,128.0,122.0,8,6,4,4
27.621888965094332,7.388053419767167,2.1220501444830374e-06,0.9463414746193837,0.9125413092098675,0.9477959536443749,0.9395137854893341,0.06999850273132324,4,391,400.0,129.0,117.0,9,8,4,4
61.95436828828134,13.304917637224717,1.5497332441983773e-06,0.9419333869905958,0.9421137967681282,0.9429405869343426,0.9507612378116027,0.0650017261505127,4,826,793.0,209.0,209.0,14,10,5,4
75.76779158559553,16.378087746796275,1.3222679136635593e-06,0.952523331605563,0.940402315426563,0.9581292509784909,0.9637907191979026,0.07456684112548828,9,1062,1060.0,277.0,241.0,15,11,4,10
154.49828617207223,32.42791841104079,9.590913936950236e-07,0.8773690144099793,0.8838666932157186,0.8829160892387711,0.9003914064864591,0.06999969482421875,7,1362,1332.0,311.0,304.0,18,15,5,7
76.84344405098604,17.757527621660696,9.332708518380372e-07,0.9834342410379894,0.9807316519255803,0.9839622031478853,0.9823925610153361,0.06499814987182617,6,1671,1757.0,363.0,368.0,23,18,10,14
169.855480366476,37.49091117927959,7.966490044263479e-07,0.9569154169260358,0.9547438362468905,0.9583838171987729,0.9566111258056068,0.06999826431274414,5,2299,2712.0,515.0,569.0,21,22,19,18
223.03778296866867,49.52181868950078,1.1425671216305008e-06,0.9443736031936942,0.9400242439331838,0.9462361359816314,0.9415925935500739,0.07499837875366211,5,2636,3187.0,565.0,670.0,22,23,20,19
203.3867976877659,37.44371214165829,9.405591899725287e-07,0.9621075640661321,0.9730870702176013,0.9635996628248461,0.9736005567277156,0.06999802589416504,5,2996,3080.0,658.0,646.0,26,23,23,19
425.2874198394354,86.704519398994,1.100480326774304e-06,0.8871326583125984,0.9011419614326301,0.8904920026358838,0.9028258486336733,0.06999969482421875,5,3494,4595.0,752.0,978.0,25,23,18,20
246.5970503942776,48.97733095390582,8.960817754511536e-07,0.9685450821086323,0.9738354319349,0.969677834119604,0.9741808624714959,0.06999850273132324,5,3952,4390.0,868.0,929.0,27,25,27,21
358.13211889375873,64.7282782097593,1.6830211269724823e-06,0.9766937547948032,0.9840120237094933,0.9772053211473203,0.9841496434754081,0.06711483001708984,4,6836,7409.0,1510.0,1621.0,25,23,22,19
547.9938412062676,104.40067049593121,2.2300156344208098e-06,0.9733026158787255,0.9804916435594739,0.9737125114512224,0.9806127212386477,0.07500052452087402,4,10043,11572.0,2336.0,2635.0,22,19,18,16
223.98656023669514,38.0461616548459,1.1850716685299333e-06,0.9959881074522992,0.9976542095637483,0.9960469459832763,0.9976672847760761,0.06499981880187988,4,10649,11251.0,2490.0,2544.0,21,20,17,16
176.75942926286373,27.38593769315437,9.998787768420916e-07,0.9978711987192515,0.9989858363742504,0.9979024095641521,0.9989915795137241,0.0650026798248291,4,11730,11838.0,2735.0,2693.0,20,19,18,16
160.80257693830654,50.69414002952741,1.3014747559613487e-06,0.9987162087528094,0.99749998241745,0.998733498255878,0.9975128571845266,0.06000399589538574,4,14215,13879.0,3408.0,3216.0,20,19,17,15
399.8323997835426,82.92811897460756,5.265755930461031e-07,0.993871568763212,0.9950242101892879,0.9939406252910323,0.9950451116842634,0.0650022029876709,4,16439,17720.0,4033.0,4258.0,18,17,14,14
395.0913396502974,83.36778454535062,8.263994296725213e-07,0.9944246549998601,0.9953375993909394,0.9944871479677357,0.9953579317425336,0.04999899864196777,4,17036,18366.0,4273.0,4441.0,17,17,15,14
177.91128992656238,79.79557214114912,3.660871992137236e-07,0.9991421823260774,0.9968569411078676,0.9991505988517624,0.9968685331189193,0.06000113487243652,4,20007,20489.0,5169.0,5055.0,16,16,13,13
702.8063833660021,216.91432160340787,3.641729543385916e-07,0.9933067836120284,0.9898179873671062,0.9933523934364225,0.9898591686858732,0.05499911308288574,4,30775,33538.0,8976.0,9411.0,13,12,10,9
1092.3012786467539,350.3341856951255,1.3138760688140292e-06,0.9882121207228834,0.9826239037650851,0.9882746430484431,0.9827923043674819,0.06000089645385742,4,37360,42087.0,12406.0,13400.0,11,9,8,7
1062.2787073472448,342.37260404419044,1.5134458684017474e-06,0.9893659979664462,0.984408853336699,0.9894191990486959,0.9846434739897104,0.05999946594238281,4,38441,43331.0,13060.0,14061.0,10,9,7,7
26.461253119734646,7.074013476568069,1.282355244240595e-06,0.939956543326036,0.9004396824235187,0.9425664599336058,0.9361210646772891,0.07499909400939941,4,365,397.0,126.0,122.0,7,8,4,4
10.088153118055521,4.038873605350878,1.0703669157263863e-06,0.9906737696310527,0.9692855293892431,0.9910255553511734,0.9798104581053468,0.07000041007995605,4,349,378.0,135.0,135.0,7,7,5,4
13.253144281012462,4.563213414543163,2.1388263793260173e-06,0.988671162410435,0.969611728646469,0.9890648082936769,0.9795906198938263,0.09000301361083984,4,438,432.0,136.0,136.0,8,7,5,4
21.543318763211328,5.846116944890286,2.122953317995584e-06,0.9810078394968132,0.9710783660621095,0.9816186402227899,0.9793581641008967,0.06499981880187988,4,532,569.0,170.0,164.0,9,8,4,5
20.642543044240778,5.594826479287211,2.4461498846730963e-06,0.9800735399241609,0.9688806885945911,0.9807536560949017,0.9788225179004341,0.09000086784362793,4,462,514.0,172.0,172.0,10,8,5,4
17.338841272318824,5.315072906367325,1.902709245784044e-06,0.9811951114223462,0.9645097406279717,0.9816819954681202,0.9733330475223383,0.060001373291015625,4,417,443.0,137.0,137.0,10,8,5,4
8.573821590554976,5.432349092857221,3.0420200838967177e-06,0.9983271427732302,0.9840925129212361,0.9983630234684211,0.9883366080443645,0.05499887466430664,4,652,678.0,205.0,202.0,10,9,4,4
39.915927272205515,9.496161505225853,2.472041886544701e-06,0.9629028405027792,0.9548678908627453,0.9635760696871051,0.9646066774447927,0.06000041961669922,4,643,646.0,189.0,176.0,10,9,3,5
25.988378813102855,6.958208581716034,3.2426948087194623e-06,0.9897721963936826,0.9835634265022066,0.9899308965339922,0.9869010244734686,0.055002689361572266,4,809,791.0,231.0,215.0,11,9,4,4
27.468732224112564,7.2009837290933145,1.5953144764094437e-06,0.987207961703885,0.981286672816101,0.9874742610633687,0.9842090450894254,0.05999636650085449,4,774,764.0,216.0,186.0,14,11,4,5
70.75331976709302,15.33917607241814,1.137969026336342e-06,0.9661964797991511,0.9583484757374272,0.9681051537526961,0.970752395625001,0.07000112533569336,7,1191,1123.0,293.0,262.0,13,11,4,7
94.18282356841479,24.328207951422552,1.1843089699997105e-06,0.9690115381313519,0.9514247315920331,0.9698766043593466,0.9579502473766502,0.07000136375427246,6,1585,1652.0,352.0,344.0,18,19,5,14
144.45230384146313,30.48717902834539,7.991226698341377e-07,0.9523667855072312,0.953980168423423,0.9544281199115028,0.9561389936766054,0.07000231742858887,6,1933,1931.0,405.0,400.0,24,22,15,17
131.4784587161828,28.977981369572987,1.0159995673646516e-06,0.9711052347177972,0.9697410803968607,0.9722787750516891,0.9709588740069582,0.06500029563903809,6,2239,2332.0,480.0,486.0,22,23,17,19
400.87296846021593,79.79064712371402,8.822896118920406e-07,0.8872399571082857,0.9062621102864923,0.8911853104080599,0.9078782902816147,0.06999731063842773,5,3367,4278.0,730.0,907.0,27,24,24,20
432.79953500437125,88.13826732280745,1.542356741372526e-06,0.925792889580988,0.9351635393346439,0.9276148635455241,0.9360142421673969,0.06000065803527832,4,4403,5344.0,961.0,1151.0,25,22,25,18
517.6418988225998,108.63681849784324,2.0268391093704563e-06,0.9167845316424988,0.9215488808432043,0.9186665739522243,0.9223585529102626,0.05999898910522461,4,5105,6385.0,1103.0,1385.0,23,22,20,18
374.95690030099905,72.76453176743003,1.523856970865865e-06,0.9708915477497209,0.9769389211352165,0.9715093045559493,0.9771348257219794,0.06499958038330078,4,6234,6941.0,1372.0,1514.0,25,21,20,18
142.59123541321418,26.34664747806319,1.6077363722360104e-06,0.9989143044711372,0.9992666599010555,0.9989283868566667,0.9992702340152908,0.06500077247619629,4,13492,13787.0,3229.0,3187.0,20,19,16,15
239.80693189174772,50.49504926227917,8.579447372039349e-06,0.997443164935053,0.997784208919219,0.9974744219513227,0.9977942822514874,0.059998512268066406,4,14996,15711.0,3630.0,3705.0,19,18,15,15
198.20693626443384,48.97310060975651,7.214308907808721e-07,0.9983723261149585,0.998104196385999,0.9983913118770772,0.998112630409872,0.05499911308288574,4,15679,16148.0,3914.0,3825.0,18,17,15,14
390.1738394613355,78.56247513921643,7.622362055895491e-07,0.9945551021821647,0.9958930728628219,0.9946156450738773,0.9959089177854946,0.05499911308288574,4,17029,18406.0,4320.0,4454.0,18,17,14,14
518.1973160228962,141.72181524615985,4.1030061215087034e-07,0.9942867020509818,0.9926683698679584,0.9943364526576098,0.9926955575543154,0.0650022029876709,4,23282,25201.0,6341.0,6484.0,15,14,12,11
546.2611268889632,167.46383316007868,5.051331365351336e-07,0.9940689093688633,0.9904340344598437,0.9941175407973631,0.9904710934605426,0.059999704360961914,4,24177,26164.0,6555.0,6848.0,15,14,12,11
679.6968380584588,191.98201413153265,6.544827856480016e-07,0.991736441962744,0.9888643244441611,0.9918034045440672,0.9889024440512432,0.06000113487243652,4,25842,28449.0,7245.0,7628.0,14,13,11,11
591.0541959076172,199.67585712015025,3.271244979915247e-07,0.9946029981287147,0.9898200198754513,0.994646542911416,0.989850768274752,0.05999875068664551,4,28266,30542.0,7928.0,8289.0,14,13,11,11
765.907883114325,224.26853323638608,7.305625676402502e-07,0.99269352592199,0.9902387891337511,0.9927411244156008,0.9902844592878514,0.054999351501464844,4,32237,35351.0,9734.0,10257.0,12,11,9,9
934.6509709511888,281.3118450521888,8.398098328687096e-07,0.990438081075812,0.9870108005574292,0.9904919280001556,0.9871215081809788,0.0587458610534668,4,35013,38958.0,10890.0,11850.0,11,10,8,8
955.8238483981589,305.4196566474834,8.032875934609336e-07,0.9903724544712897,0.9854987175615848,0.9904271136294651,0.98561266385958,0.05500197410583496,4,35963,40218.0,11397.0,12434.0,11,10,8,8
1018.965391340648,333.2886167923131,1.2106120769823186e-06,0.9902505728976592,0.9851898266839787,0.9903001719803333,0.9854082953044704,0.06000018119812012,4,38679,43203.0,13024.0,13994.0,10,9,7,7
1137.3623222541414,357.05343612686323,2.0513404249146578e-06,0.9882633556328129,0.9839837389046872,0.9883230633252977,0.9842448420098912,0.059372901916503906,4,39614,44490.0,13592.0,14727.0,10,9,7,7
26.024627759105414,6.6183142365207575,1.8162382268869246e-06,0.9684456399602822,0.9574304340127964,0.9694375533993193,0.9694179037991254,0.0800020694732666,4,508,512.0,157.0,153.0,8,8,6,5
13.673651670274477,3.826987501068345,4.910413143210098e-06,0.9855238382831579,0.9748839945940746,0.9861799376582678,0.9841248979860977,0.09000158309936523,4,375,399.0,139.0,121.0,10,7,4,4
23.920876516828002,5.372576973234849,2.292746354124073e-06,0.9854940830398521,0.9844185748469071,0.985891997839831,0.9885083550396586,0.06499934196472168,4,640,676.0,204.0,194.0,9,9,4,4
41.02285948102594,9.680306468977793,1.9048012415504142e-06,0.9701661214881486,0.9645221958316325,0.9708294211963194,0.9731913224399389,0.055228233337402344,4,751,775.0,243.0,219.0,10,8,4,4
41.49874496094229,9.57100656496832,2.2098238794689157e-06,0.973319075216216,0.9697484126341113,0.9738167114146511,0.9758067728711005,0.06984710693359375,4,776,810.0,242.0,216.0,12,9,4,5
47.22850039965275,13.838352503098047,3.005892811634124e-06,0.9755911905427752,0.9535825560902697,0.9759519963074083,0.9605885106075732,0.05500030517578125,4,926,1012.0,264.0,257.0,10,11,6,4
45.76832510954856,10.632105467247147,2.3008814432122427e-06,0.9699223928709911,0.9656169854584277,0.9704466825616032,0.9712318219948574,0.054999351501464844,4,794,808.0,233.0,216.0,14,10,4,5
49.559253073642985,12.101473140651638,1.9502579870497026e-06,0.9810991720313632,0.9706583735683625,0.9828061946528521,0.9816262156113753,0.06500005722045898,8,1114,1134.0,306.0,251.0,12,13,7,9
147.86362849456572,30.40048476067792,8.114547293551362e-07,0.9483004898020475,0.9535757391360413,0.9500592842151101,0.9561975185488651,0.07500338554382324,5,1913,1956.0,405.0,410.0,21,19,18,14
255.8125135822389,48.11182150387837,1.2747095071224775e-06,0.9357909810603364,0.949797388608072,0.9379096561557023,0.9510034553658883,0.07000041007995605,5,2848,2703.0,613.0,567.0,27,22,25,18
497.65878956704194,105.33334981539956,1.4310642551533005e-06,0.9510523660803244,0.953516033392273,0.9520443350448357,0.953913300103423,0.07288837432861328,4,6481,7637.0,1407.0,1677.0,24,21,22,18
174.86819441129558,31.28131764061951,2.327614596867084e-06,0.9969558655340276,0.9979907361527435,0.9970057128805706,0.9980040517545407,0.06999826431274414,4,9478,9692.0,2199.0,2163.0,22,21,19,17
305.1896097783584,43.991594841136035,4.207211751233822e-06,0.9918723221991791,0.9965427362611573,0.991995993417452,0.9965638830091728,0.06999993324279785,4,10042,10615.0,2344.0,2390.0,21,20,19,16
283.14040612977396,43.102228287332586,3.1369289256597487e-06,0.9947297804197142,0.9975770618126585,0.9948048716105646,0.9975902673935617,0.06001162528991699,4,11999,12607.0,2830.0,2892.0,21,19,16,16
598.9395489808077,128.20917966354827,5.543288914367857e-07,0.9873734451236876,0.9892193582790443,0.9875068359178051,0.9892680491318988,0.0551910400390625,4,17291,19328.0,4291.0,4725.0,17,16,13,13
197.46326135089873,92.47325063678325,9.34615871053964e-07,0.9986980567641408,0.9946715432954558,0.9987122899088442,0.9946940316771209,0.05500006675720215,4,17603,17373.0,4397.0,4154.0,18,17,14,14
192.29599579814447,77.23766082682722,4.555125925055889e-07,0.9988493532753554,0.996575147015021,0.9988621341457626,0.9965890518475718,0.06206798553466797,4,18499,18983.0,4747.0,4613.0,17,17,14,14
239.06663122792077,82.9310079724908,3.8729438137669237e-07,0.9983520700029579,0.9963491913404924,0.9983689287843713,0.9963626014016959,0.059999704360961914,4,19382,20102.0,4941.0,4939.0,17,16,14,13
358.9609281198536,140.75303430713907,3.119861711649292e-07,0.9972887157491943,0.9926602853378969,0.9973134594494012,0.9926847469609712,0.06500124931335449,4,23430,24360.0,6354.0,6253.0,15,15,12,12
850.6802792471447,229.12803462256642,4.840629760421015e-07,0.9900794958794056,0.988677933136227,0.9901453026941165,0.9887360979589198,0.05499887466430664,4,30435,33827.0,8903.0,9691.0,12,12,10,9
1016.720386217371,331.0625570291311,1.018901396667923e-06,0.9895398360784645,0.9837912632261818,0.9896004306834681,0.983903962864812,0.05500340461730957,4,37033,41223.0,11803.0,12884.0,11,10,8,8
10.77226376703925,3.438446839296293,8.134003269924153e-07,0.9903765186190437,0.9786546430559122,0.9908602055392094,0.9864355556235438,0.06999993324279785,4,378,396.0,129.0,127.0,8,7,3,4
8.942524811259961,3.3587572106361008,1.0001292716050915e-05,0.9920579088826863,0.9714924667593081,0.9924926918893183,0.984471479714562,0.07499814033508301,4,338,351.0,135.0,98.0,8,7,4,4
21.73514818598361,5.136673696728912,3.86550854179589e-06,0.9675520041611736,0.9604408046930668,0.9687958965200317,0.9744193092304585,0.0800018310546875,4,403,430.0,141.0,123.0,8,8,4,5
10.89772529781636,4.949747468305833,8.748941648832095e-06,0.9943299847190328,0.9751824097063297,0.9944484886578864,0.9814890296922417,0.05999255180358887,4,479,486.0,162.0,162.0,8,8,5,4
10.111359123942405,2.970339486770269,5.799247054987632e-06,0.9875622479958969,0.9748991173695934,0.9881800355803209,0.9857216163602293,0.06999945640563965,4,303,336.0,118.0,100.0,6,6,4,4
30.9591464675627,7.106335201775948,2.6676107776881305e-06,0.9751301694811797,0.9696892945587878,0.9757296439170565,0.9779857256866122,0.07001519203186035,4,617,595.0,196.0,170.0,9,8,4,4
36.93660108889284,9.497806764371095,3.4997170819506235e-06,0.9614650275031307,0.949731047560079,0.9624062528642219,0.961608070356004,0.06499719619750977,4,608,646.0,193.0,177.0,10,9,3,5
29.530704360038552,8.140050163645595,5.050023322035979e-06,0.9780485118849923,0.9649602126018857,0.978364565857173,0.971277452136161,0.0650017261505127,4,612,649.0,176.0,169.0,11,11,4,4
95.86937727971325,20.461854754640402,1.3939453369557054e-06,0.905766378492524,0.913690406689992,0.9075331768127846,0.925545135422866,0.05999898910522461,4,963,947.0,253.0,250.0,12,10,4,5
25.366891150999695,10.262187875886896,1.528235556039655e-06,0.9941160845481816,0.9790538271708956,0.9942253901475573,0.9814018946447317,0.06500029563903809,4,992,1016.0,242.0,233.0,17,13,4,4
107.99290435627864,25.58277273615128,9.000486765113131e-07,0.9487466667611242,0.9368999397340468,0.9511329199129908,0.9434066554194303,0.07499933242797852,8,1421,1586.0,326.0,327.0,24,23,17,19
334.09165146550333,67.62933029233304,8.974167984084969e-07,0.9301886998094804,0.9398577429106245,0.9325153917067919,0.940787101487285,0.06999945640563965,5,3542,4307.0,793.0,912.0,27,24,23,21
327.47196126793307,66.1545696330445,1.360101143693686e-06,0.9682205313250758,0.9724632756941678,0.9688986026570181,0.9727480370228221,0.06000018119812012,4,5236,5947.0,1179.0,1288.0,25,22,22,18
412.6773482395175,79.50510989867256,2.298663533444209e-06,0.9791641529107177,0.9840867850139912,0.9795187035821608,0.9841958178685623,0.06999683380126953,4,8466,9536.0,1919.0,2134.0,22,20,19,17
280.96606037621933,45.49450516271168,8.120098636746447e-07,0.9910875622155506,0.9951981543612705,0.9912402160939557,0.9952289396351187,0.07000041007995605,4,8834,9207.0,1990.0,2043.0,24,21,21,17
283.1774325989508,49.15970995981703,1.3751777852314824e-06,0.9925482724903891,0.9952769848116672,0.9926611058299423,0.9953055668668649,0.06499958038330078,4,9725,10309.0,2247.0,2318.0,22,20,18,16
408.32574822887017,72.16878364870321,2.4739910593990214e-06,0.9865373269586492,0.9914039182591022,0.9867595804732315,0.9914609374389763,0.05999875068664551,4,10579,11641.0,2475.0,2649.0,22,20,19,17
263.9271324627311,43.93970774443848,9.829677589734101e-07,0.9950265707203608,0.9972410500863579,0.9950971271634371,0.9972568402629155,0.06000208854675293,4,11359,12096.0,2704.0,2761.0,20,19,16,16
243.91844607026616,47.204122348229994,2.7673437230615595e-06,0.9973564300026746,0.998085211745701,0.997387108605145,0.9980937431539036,0.049999237060546875,4,14939,15709.0,3596.0,3716.0,18,17,14,14
495.54351473911953,104.69389905815906,4.325686007085484e-07,0.9920360102354707,0.9933663385016934,0.992121312698898,0.9933920268340016,0.0650014877319336,4,18141,19737.0,4682.0,4842.0,17,16,14,13
461.45389576496876,104.87373360379614,1.075294043162868e-06,0.9949828650903277,0.9954678778004598,0.9950279421824746,0.9954843186848803,0.059999942779541016,4,22016,23499.0,5849.0,6005.0,15,15,12,12
515.6640641767984,136.05708820197498,8.142626565008535e-07,0.9944218440804244,0.9932103366706388,0.9944696670495574,0.9932362336900523,0.05657196044921875,4,23381,25418.0,6345.0,6580.0,15,14,12,11
437.6661232225618,155.4958131805055,9.875130799767473e-07,0.9962314866604367,0.9917645887091368,0.9962627226440964,0.9917945471302883,0.05150556564331055,4,24455,25897.0,6550.0,6749.0,15,14,12,11
621.9154635077022,159.7533906786749,8.127055499345136e-07,0.9932896075505636,0.9927251184673227,0.9933403306694956,0.9927533068024266,0.06599998474121094,4,26432,28790.0,7360.0,7714.0,14,13,11,10
729.149875997155,205.57353712641776,4.872418488160212e-07,0.9925129566195566,0.9904159147605811,0.9925651944180258,0.990455537960099,0.05499911308288574,4,30111,32856.0,8755.0,9154.0,13,12,10,9
657.2083478623807,207.04480694606502,7.531727029066299e-07,0.9941626050510979,0.9908035272743585,0.9942047596447942,0.9908359551958602,0.05500197410583496,4,30659,33346.0,9024.0,9323.0,13,12,10,10
893.7315848918697,276.7222020065129,8.304531630530266e-07,0.9900331283714356,0.9853868182358304,0.9901023557448583,0.9854421402553611,0.05500054359436035,4,32527,36108.0,9814.0,10642.0,12,11,9,9
854.2660409673324,255.7356219483968,7.863100291520804e-07,0.9916864390610725,0.9886742981275851,0.991735990306022,0.9887415969462175,0.06600022315979004,4,34343,37710.0,10566.0,11271.0,12,11,9,8
948.1482500994592,299.3150862107243,7.185124281955881e-07,0.9902733387502379,0.9854724568539438,0.990329533823011,0.9855682106815308,0.06599903106689453,4,35364,39223.0,11052.0,12020.0,11,10,8,8
970.5321456980873,286.5184512673951,8.962825380352975e-07,0.9899717674921182,0.9872706062658788,0.9900266653399028,0.9873822911855921,0.05499982833862305,4,35702,39911.0,11466.0,12243.0,11,10,8,8
19.32641758491901,4.908538479017965,4.40310051147752e-06,0.9858476640245359,0.9791537031355442,0.9863421715116941,0.9865018448354091,0.07699942588806152,4,540,563.0,192.0,167.0,9,7,4,5
70.46985170979147,15.549986602352213,2.416714537290473e-06,0.9223539720482378,0.9187544868822348,0.9236047081047197,0.9316516170474228,0.054999589920043945,4,788,784.0,216.0,213.0,11,10,4,4
104.37657184445176,20.323170274344502,1.7964479275326287e-06,0.8852834257387244,0.9068140347195628,0.8873486293354034,0.9219235873113689,0.06599879264831543,4,915,929.0,262.0,253.0,11,10,4,4
129.176730333193,26.126126159174582,6.904816089610586e-07,0.9581811847469978,0.9642214268143049,0.9596826495903142,0.9666247427341258,0.06599855422973633,6,1780,2064.0,397.0,429.0,22,21,14,17
183.41362516110095,39.957477397853836,1.0257091959698747e-06,0.9575970296542111,0.9557060176410815,0.9591249138823138,0.9569784221672315,0.07700014114379883,5,2531,2807.0,543.0,590.0,24,22,20,18
305.385650994498,61.749240886022235,1.1809322327971512e-06,0.9463769125549277,0.9529681530964812,0.9478965589391167,0.9536226238957517,0.05500054359436035,4,3678,3975.0,793.0,848.0,28,22,20,18
279.53303695627824,51.49332481011495,1.3345595441429128e-06,0.9694492529274382,0.9782220877585822,0.9702187970735163,0.9784941947053457,0.05499887466430664,4,4478,4786.0,1011.0,1026.0,25,21,20,18
346.9363083958399,70.92733958072867,2.9623310639225876e-06,0.9676029135659375,0.9711566784354206,0.9683213008833498,0.9714291507692119,0.054999589920043945,4,5485,6234.0,1189.0,1348.0,25,22,20,19
360.2634886440756,70.2663089016825,2.4924234667991225e-06,0.9691669454026317,0.975100132937829,0.9698942404648452,0.9753272419953235,0.06599903106689453,4,5828,6299.0,1283.0,1368.0,25,22,19,19
495.9344819798949,103.36560316017444,1.3325124923553076e-06,0.9550633833002827,0.9589584892942882,0.9558967801460968,0.9592776491691138,0.11000275611877441,4,6790,8032.0,1498.0,1767.0,23,21,22,17
382.69123759675153,71.34036667039683,2.003772766190042e-06,0.9814551520917765,0.9865961940701075,0.9817779877547521,0.9866900058656629,0.10999798774719238,4,8309,9143.0,1890.0,2037.0,22,20,18,17
277.29264024372037,53.02220446819112,1.9834730495960326e-06,0.9927587727546733,0.9944715615611441,0.9928717518616226,0.9945089874258681,0.12099790573120117,4,9596,10332.0,2220.0,2320.0,20,20,19,16
379.29380652294685,68.22389610686274,1.1050362797393531e-05,0.9916128866913048,0.9946440277146842,0.9917272225079823,0.9946716950275191,0.10571551322937012,4,12822,13924.0,3054.0,3229.0,20,19,17,16
309.67642723225373,64.58981150305364,1.6389291457787196e-06,0.9955182368998843,0.9961667075161438,0.9955709758061025,0.9961846731394164,0.09802031517028809,4,14481,15475.0,3511.0,3653.0,18,17,15,14
495.2551320615803,112.10593018807405,6.569278780807685e-07,0.9921697350104728,0.9926187717711581,0.9922459113196515,0.9926474922634563,0.1099998950958252,4,18382,20055.0,4673.0,4938.0,17,16,13,13
521.6305964633082,134.2425122058334,4.7266253413343837e-07,0.9945697949242399,0.9938260299862158,0.9946147199356968,0.9938507376675331,0.10918951034545898,4,24250,26154.0,6686.0,6848.0,14,14,11,11
548.4823284148116,160.75518394959047,5.137992254160883e-07,0.9951127752480943,0.9930961917157408,0.9951496814468344,0.9931212675706158,0.11123490333557129,4,27498,29569.0,7862.0,7994.0,14,13,11,10
568.8975358093934,201.11416223130584,5.127017269584625e-07,0.9949957205433716,0.9898319178281436,0.9950347764909069,0.9898650524978371,0.09801864624023438,4,28390,30422.0,8230.0,8294.0,14,13,11,10
874.3657761009786,257.98707977984736,9.312888220503633e-07,0.9912592973934087,0.988557594904457,0.9913118947936832,0.9886203704691433,0.08799934387207031,4,34179,37780.0,10654.0,11329.0,11,11,9,8
945.016804303853,301.228906592091,1.1942167173182012e-06,0.9910186064753903,0.9866741276751501,0.9910664810634646,0.9868179034788956,0.0989992618560791,4,37065,40900.0,12142.0,12738.0,11,10,8,7
1036.5162755998253,352.26896979912,1.254532463440471e-06,0.9899653392929092,0.9837162478755441,0.9900160427417413,0.9839467834222067,0.10052061080932617,4,38881,43537.0,13091.0,14204.0,10,9,7,7
1117.6548177620257,369.09234108824313,2.7492416153959995e-06,0.9887777619655268,0.9832044839559804,0.9888358211626203,0.9834263632654519,0.0989995002746582,4,40032,44943.0,13919.0,15115.0,10,9,7,7
22.910605258991595,6.359048670988452,1.0039093651646592e-06,0.9696487645592056,0.9468073444779391,0.9711578534629384,0.9670256751242441,0.12099838256835938,4,455,478.0,154.0,154.0,7,7,5,4
21.162072992344896,6.576473218982953,2.908190820067738e-06,0.9735015440630459,0.9390701670177413,0.9745219564442202,0.9625170081783699,0.12099909782409668,4,458,456.0,166.0,132.0,8,8,3,4
63.138158694511624,14.901761640826228,2.426195932396792e-06,0.8100827863518554,0.7685662146579209,0.8158163002542992,0.8379540032004806,0.12099957466125488,4,495,540.0,151.0,151.0,9,10,5,4
21.388032089621213,6.50160236659651,2.5983825786359016e-06,0.9827441045467965,0.9651228968279014,0.983161589793007,0.9742612248460241,0.1100003719329834,4,513,562.0,158.0,156.0,8,9,3,5
146.9362106493835,32.5373183180995,1.3824879971064332e-06,0.7832759783891358,0.7873749496019576,0.7875046818062169,0.8074101454053118,0.0989980697631836,4,969,889.0,234.0,234.0,14,10,5,4
105.40413613750466,23.994901940806848,1.1788716761921545e-06,0.9652002560857524,0.9604456947223173,0.9663515857027928,0.9637034109746531,0.1099996566772461,6,1617,1787.0,354.0,372.0,22,20,17,16
316.3762084341329,69.81486796860455,1.0123990789985183e-06,0.8537659336261451,0.8460410036810739,0.8586925281946431,0.8518430355095103,0.1210014820098877,5,2365,3054.0,498.0,640.0,24,23,20,19
400.41553936712626,76.43031957279781,1.309262971777853e-06,0.9193752540590572,0.9363428508483055,0.9216915910224618,0.9372047714004779,0.1100013256072998,4,3909,3714.0,839.0,790.0,26,21,20,18
255.66999700477382,52.12616274103881,2.748016795126178e-06,0.9780250751650625,0.980374629629573,0.978655869040647,0.9806079143441732,0.10999727249145508,5,5002,5170.0,1097.0,1106.0,26,23,24,20
448.68328194841405,92.1146251507689,1.7957990046426344e-06,0.9444384197055361,0.9504405755383778,0.945733656368697,0.9508897094778835,0.12195968627929688,4,5424,6336.0,1230.0,1376.0,27,22,23,19
489.4852313059779,98.2271495904603,1.950998962308253e-06,0.9732454184258506,0.9776715187276267,0.9737230593237499,0.9778289873654908,0.11000180244445801,4,8858,10103.0,2007.0,2262.0,23,21,19,17
216.63946143304548,38.01808780041416,8.609114367356724e-07,0.9969615386820385,0.9981546464016519,0.9970056408680369,0.9981650266505295,0.09900116920471191,4,12045,12689.0,2824.0,2910.0,20,20,17,16
335.7710188258262,57.54481948881237,1.2299324387441057e-06,0.9935433712415453,0.996277142686796,0.9936274225979721,0.9962955805361972,0.0989992618560791,4,12878,13905.0,3137.0,3231.0,19,18,16,15
442.3293220742512,88.16036524425247,4.517613673329339e-06,0.9899466606641457,0.9921648407711553,0.9900683635072033,0.9922025135520736,0.1100003719329834,4,13782,15187.0,3295.0,3568.0,19,18,16,15
174.38328833348683,36.49814493002806,8.345988088883478e-07,0.9984897960953653,0.9987371011402361,0.9985095179411788,0.9987433024617787,0.10781598091125488,4,14136,14540.0,3429.0,3399.0,20,18,16,15
439.1557003690908,86.43548894985207,8.469906678550586e-07,0.9927294903796142,0.994702078486535,0.9928095163877622,0.9947238220742269,0.0989995002746582,4,16723,18097.0,4169.0,4373.0,18,17,15,14
169.95244432879844,64.32995997200682,5.499061161361814e-07,0.999029480291178,0.9974171133930754,0.9990408872431196,0.997428587994542,0.1100010871887207,4,17734,18040.0,4433.0,4350.0,19,17,15,14
483.2342211598843,99.8971867304914,4.3096778561069256e-07,0.9933899866916784,0.9948782413857844,0.993455284889733,0.9948969109709811,0.0989999771118164,4,19670,21277.0,5069.0,5308.0,17,16,13,13
647.888967789492,214.76307197312423,4.977555087877263e-07,0.9946776838817861,0.9908686670210309,0.9947132020067769,0.9909057701808138,0.10292530059814453,4,32100,34515.0,9696.0,9979.0,12,11,9,9
907.5974006500165,319.1453430648801,1.0278888994730001e-06,0.9914323823940095,0.984440671002979,0.9914824966384006,0.9845390100240501,0.0989992618560791,4,36482,40289.0,11762.0,12510.0,11,10,8,8
1003.8905931009946,314.10476291093283,3.99112230246556e-06,0.9910233734919253,0.9876945527834542,0.9910688487679411,0.9880692553847514,0.1099996566772461,4,39986,44245.0,13662.0,14369.0,9,8,7,6
14.938415243927315,5.11737237261468,1.1457070431132834e-06,0.9863993441237182,0.9616753626401162,0.9869588640825457,0.9754643714174956,0.1210024356842041,4,441,448.0,146.0,130.0,9,7,4,5
16.299284237863535,4.194490433890629,1.203830200217011e-06,0.9789100602426472,0.9707051776697803,0.9796749255212813,0.9809569638658108,0.10999917984008789,4,386,409.0,141.0,126.0,7,7,3,4
23.59930260269005,5.745469229459563,1.1428319059185703e-06,0.9682656491325389,0.9605448223833535,0.9695687487869334,0.9743497906662862,0.12099981307983398,4,469,484.0,157.0,157.0,8,7,5,4
18.22315377022686,5.956439092836144,1.8923977154542756e-06,0.9830465615036241,0.9560395533237007,0.9837050223860688,0.9721874974226891,0.10999894142150879,4,479,471.0,163.0,138.0,7,7,3,4
31.524296185640686,7.617824492596295,4.395113961246697e-06,0.9123376234612152,0.8917064132872337,0.9159618630013732,0.9283820027611045,0.1210017204284668,4,362,385.0,122.0,120.0,8,8,3,4
33.73178520821768,8.909849418854769,1.305024189559789e-06,0.9637286134426366,0.9421746853801817,0.9647707595343228,0.9600879500069235,0.12099909782409668,4,591,610.0,194.0,168.0,10,9,3,5
51.64179508886189,12.06406509708343,2.0386594807075224e-06,0.9233472814830593,0.9089110330957014,0.9255479614204786,0.9350050174340249,0.13200068473815918,4,623,651.0,190.0,179.0,10,10,3,4
10.796411440844592,4.551785364008281,1.02220304025645e-06,0.9895475044584189,0.9574222136595704,0.9899731933907735,0.9728578698053831,0.1100001335144043,4,360,374.0,121.0,112.0,7,7,4,4
69.58507981840168,14.506823107305978,3.499854648506528e-06,0.8992649332792015,0.9030403184796548,0.9012339433873235,0.9261343575197275,0.14299941062927246,4,680,679.0,214.0,180.0,12,9,4,4
94.46247707141754,22.24979081900236,1.1122377226506318e-06,0.9602142171483881,0.9507840944378687,0.9615245936541189,0.958297884817817,0.11084294319152832,6,1370,1536.0,353.0,330.0,13,17,8,6
90.75947668808834,22.877509365807477,8.637867436253727e-07,0.9608904536476008,0.9439626513476975,0.9627409869482311,0.9512207407007591,0.12005829811096191,8,1337,1458.0,296.0,299.0,19,22,5,17
128.52822793590553,27.153288479829055,9.230645679313422e-07,0.9440743095631052,0.9456921483978592,0.9463852029776942,0.950932343437902,0.14300251007080078,7,1648,1557.0,360.0,326.0,21,19,15,7
76.0426811843331,18.66587510986349,1.0844525945270054e-06,0.9884601911121272,0.9848978612492493,0.9888294052812294,0.9858238955932312,0.12003016471862793,6,2042,2170.0,435.0,452.0,23,21,18,17
133.10430240660494,27.160868284306503,7.140654095903077e-07,0.9706698883236812,0.9731791574292316,0.971834667562641,0.974175639931981,0.10901761054992676,6,2208,2258.0,469.0,469.0,24,23,22,19
351.68414357503417,75.41338705673165,1.1369075308720133e-06,0.8370899092784284,0.8399049470606191,0.8435375459332735,0.8444270925938483,0.1099996566772461,5,2468,3273.0,540.0,686.0,27,24,22,20
462.59156751213413,98.861276965925,1.3801559552450893e-06,0.8586504138194326,0.8616231155242511,0.8623940109088257,0.8637782899937944,0.1100015640258789,4,3462,4572.0,732.0,977.0,27,22,21,18
340.93928161770975,68.99630122936543,1.3166287612033543e-06,0.9345059778349171,0.9433981867436858,0.9362644086371369,0.9441905343293596,0.1100003719329834,4,3740,4511.0,797.0,964.0,25,22,17,18
333.2943831409904,66.86382305352673,1.1841017476092527e-06,0.9584999475826679,0.9646657714269442,0.959467159040922,0.965060569298229,0.1099996566772461,4,4699,5388.0,1025.0,1157.0,25,22,22,18
276.78251841472934,46.5253067337193,1.4724095516904423e-06,0.9828959991042439,0.9898628453040019,0.9832667169956387,0.989949775725721,0.1100013256072998,4,6094,6428.0,1374.0,1399.0,24,22,20,18
192.9213462355406,35.36844756747649,4.442575974018056e-06,0.9941240180128736,0.9958453528661324,0.9942373196347366,0.9958767349011126,0.1099998950958252,4,7354,7737.0,1673.0,1698.0,24,22,21,18
251.59118625261894,39.242966461095506,6.034907097412049e-06,0.9921318783536798,0.9960275514730383,0.9922701514213628,0.9960544045035397,0.0989995002746582,4,8283,8734.0,1888.0,1938.0,22,21,20,17
274.7303981481967,43.40446885594462,1.2483184818558717e-06,0.9914226224015666,0.995593350064281,0.9915790476871553,0.9956253356260049,0.12100100517272949,4,8795,9190.0,2014.0,2045.0,23,21,19,18
254.4802710100202,46.568162407378715,4.1680918166199704e-06,0.9937191397476132,0.995686245398215,0.9938194959319733,0.9957130039804469,0.10999870300292969,4,9646,9514.0,2200.0,2121.0,22,20,19,17
362.85779755987056,63.47694791549659,1.3022221513165665e-06,0.9881357877365872,0.9926103234901843,0.9883390818412844,0.9926594220022148,0.1099998950958252,4,10042,10674.0,2302.0,2406.0,23,21,18,17
234.57918883254186,36.36476087276435,1.5303339848501208e-06,0.9957952029975643,0.9979418971265112,0.9958565047534852,0.9979535096308348,0.09900069236755371,4,10925,10980.0,2525.0,2489.0,21,19,18,16
300.78217478212815,54.649069830449385,7.08678242050256e-07,0.9948520488372177,0.9966567868041846,0.9949166214066091,0.996672729770817,0.1100015640258789,4,12976,13886.0,3057.0,3227.0,19,18,17,15
309.20090219251733,75.27899496760921,1.6486243888052636e-06,0.9968944643308951,0.9965943940334818,0.9969278150047894,0.9966071280856869,0.09900045394897461,4,18175,19039.0,4608.0,4634.0,17,16,15,13
368.9033438223803,95.79241880232485,7.511818172159053e-07,0.9958631944443871,0.9949100721282568,0.9959063015990838,0.9949293722816384,0.11000204086303711,4,18666,19964.0,4816.0,4911.0,16,16,13,13
186.03295518984442,108.18011601029092,5.064360640366019e-07,0.9990254838388072,0.9940228491354957,0.9990353152801561,0.9940448420256438,0.09900116920471191,4,19672,19819.0,5050.0,4862.0,17,16,13,13
485.22353096279244,126.0842558899934,8.543545442635951e-07,0.9945168202078435,0.9934178338805166,0.9945660918085688,0.9934411695956209,0.09899735450744629,4,22012,23673.0,5816.0,6061.0,15,14,12,12
298.9624593211217,136.2443041622903,1.8826084237474252e-06,0.9980498271733177,0.9928823002011721,0.9980669426263451,0.9929076732797668,0.1100015640258789,4,22915,23541.0,6052.0,5999.0,15,14,12,12
536.0015255730777,153.04914787958367,3.865336105750206e-07,0.9948328846182574,0.9929801391240255,0.9948742179124311,0.9930030463270966,0.10015034675598145,4,25998,27835.0,7164.0,7406.0,14,13,11,11
602.1114064966162,178.21671615386327,1.29272409872843e-06,0.993847588328254,0.9911713140252826,0.9938935155407757,0.991204637641643,0.10776615142822266,4,26816,29063.0,7560.0,7833.0,14,13,11,10
570.379497206319,174.50725271460783,1.763145729046475e-06,0.9947409916804879,0.9919546384682437,0.9947796802930883,0.9919857021219747,0.0989999771118164,4,27550,29620.0,7889.0,8081.0,13,13,10,10
751.0315960952198,212.10146451639602,1.4964271638363014e-06,0.9924707739837824,0.9904993720600919,0.9925219046572317,0.9905402859925001,0.10154318809509277,4,30906,33908.0,9384.0,9709.0,12,12,10,9
853.1326159611216,232.0718952896566,6.641740171594527e-07,0.9909613492830612,0.9898224918880633,0.9910158121891707,0.9898848582095816,0.10505056381225586,4,32533,36007.0,9866.0,10419.0,12,11,9,9
991.7467807274866,329.1859909939466,1.3275909052516123e-06,0.9904872423145311,0.9849213041950555,0.9905407749634113,0.9850244092664707,0.09900879859924316,4,37858,42282.0,12572.0,13397.0,11,10,8,8
1054.3494736092014,330.025062179627,1.5956892972438765e-06,0.9896751344974999,0.9856732485236124,0.9897272419555085,0.985893135704572,0.09900760650634766,4,38937,43537.0,12982.0,14208.0,10,9,7,7
9.563929631694286,3.092329219213245,2.447814961867356e-06,0.9924839461479649,0.9818451460671797,0.9927590443831905,0.9882141042764185,0.0989992618560791,4,382,399.0,121.0,117.0,9,7,4,5
16.790064026084,4.188277291043021,1.4407385517734144e-06,0.9861945967000498,0.979778995366395,0.9867690777109956,0.9874004908122344,0.09900045394897461,4,490,496.0,168.0,141.0,7,7,4,5
54.21830871578345,13.818013605435478,3.155600672705347e-06,0.8712123081585009,0.8096375532246339,0.8747856094462954,0.8669909388393424,0.12548422813415527,4,507,547.0,160.0,160.0,9,10,5,4
58.41883614611529,13.862419221285535,1.5338990794056799e-06,0.8695525752456369,0.8339734218054442,0.8732220615476176,0.8858479133830204,0.15052318572998047,4,535,570.0,184.0,152.0,9,11,4,5
31.427164470671972,7.780852566824966,3.2366636775154214e-06,0.9731282334915734,0.9631395929891023,0.9739161126380693,0.9742285355116991,0.1320018768310547,4,634,652.0,217.0,191.0,9,8,4,4
32.008462422719816,8.841780552204026,1.545079672889372e-06,0.9894453283267608,0.9833994149427385,0.9896314455599595,0.9860830017932252,0.09900164604187012,4,957,1019.0,278.0,271.0,13,10,4,4
67.23822197696528,15.775644764697748,9.68992587904795e-07,0.9770475965954644,0.9718726464003349,0.9779660555842938,0.9774692624814956,0.12100005149841309,7,1286,1403.0,337.0,337.0,16,17,8,7
196.26435979242686,41.15653307864698,9.878156645847528e-07,0.8733725788417914,0.8776849320098503,0.8777163927153457,0.8901642182607368,0.11755084991455078,7,1583,1831.0,347.0,380.0,19,22,18,18
319.28067673699644,64.41715526529497,8.146638701560715e-07,0.7219024085462702,0.7653533212608584,0.7350421944882007,0.7801760242579127,0.10383915901184082,7,1788,2384.0,381.0,493.0,25,26,22,22
384.0157754435014,80.25138136210688,1.1918029559204633e-06,0.8701683810011587,0.879532868808621,0.8742284142103638,0.8815301493239016,0.12801575660705566,5,3026,3866.0,667.0,816.0,27,24,21,21
457.9632828306792,94.24252029513508,1.067706953035424e-06,0.8578368982357697,0.8728878716524817,0.862079772199305,0.8752634301774803,0.12180066108703613,5,3327,4488.0,726.0,954.0,26,23,19,20
313.5222144400113,74.10206332804563,1.051583282379852e-06,0.9427806016898383,0.9273521323970684,0.9446469115743122,0.9283658929068699,0.12044620513916016,5,3655,4424.0,772.0,939.0,29,24,22,21
629.6178735285924,136.11120606572652,3.2143617716617445e-06,0.914043998259463,0.913815291482787,0.9158412517829853,0.9145529832212252,0.1135110855102539,4,6115,7759.0,1398.0,1701.0,23,22,21,18
372.11655320163686,69.83216486691502,1.291190279416216e-06,0.9806894499118699,0.985848413454604,0.9810408980122073,0.9859517817696671,0.12331771850585938,4,7814,8580.0,1779.0,1900.0,23,21,20,18
442.2380462865371,86.79717737346071,6.568280130358955e-06,0.9777607230906316,0.9821703814586974,0.9781766479228067,0.9823056267403095,0.11705994606018066,4,8810,9860.0,2066.0,2208.0,24,22,20,18
542.3648929303346,109.23660291617763,1.2250199357110076e-06,0.9725471187363155,0.9771785867830565,0.9729489906299033,0.977312926962586,0.11007261276245117,4,9789,11293.0,2285.0,2565.0,20,19,18,16
174.1952927033334,36.75736887573248,1.2848592561236172e-06,0.9977943472421118,0.9979989724184978,0.9978248456546933,0.9980098173458168,0.10459184646606445,4,11308,11755.0,2631.0,2679.0,21,19,17,16
225.7181825123237,58.09026740054367,1.53812522466928e-06,0.9968331846597842,0.9958179323115368,0.996875709987751,0.9958404516672426,0.11284708976745605,4,12474,11883.0,2887.0,2709.0,20,19,17,15
326.40232714652427,70.84541563620519,1.0152071906293345e-06,0.9949338418585021,0.995418811655419,0.994993377593396,0.9954392703297998,0.10389065742492676,4,14447,15444.0,3457.0,3635.0,18,18,14,14
131.48086838015635,59.816124498332385,7.465120007680917e-07,0.9992592066824624,0.9970344434004558,0.999267640509904,0.9970472188541787,0.12100958824157715,4,15254,15568.0,3650.0,3676.0,19,17,16,14
407.9935022971158,74.24214324312932,5.628324519938642e-07,0.9936850984923475,0.9960590825262418,0.9937577582296331,0.9960751796070044,0.08800220489501953,4,16366,17781.0,4044.0,4288.0,18,17,14,14
220.12009032949868,84.49063064427125,7.481942224578247e-06,0.9986122217479731,0.9963105534679171,0.9986264121291473,0.9963242993032723,0.10999846458435059,4,19557,20047.0,5066.0,4937.0,17,16,13,13
497.07587658559066,138.20474696381933,3.4046173263237696e-07,0.9948106895646264,0.9930700199792776,0.9948564664643813,0.993092718563661,0.10999822616577148,4,23543,25261.0,6424.0,6529.0,15,14,12,12
610.527017897925,174.13135606968282,6.760957326783879e-07,0.9937781502365778,0.9915521338357857,0.9938245052224244,0.9915851352133793,0.0989999771118164,4,26973,29238.0,7522.0,7937.0,13,13,11,10
624.2700403938453,191.89775923652678,7.158976498608289e-07,0.9937904365757161,0.9903777045128543,0.9938358219240985,0.9904143113257495,0.0989983081817627,4,27929,30246.0,7864.0,8341.0,13,13,10,10
1032.6671273132176,334.7571881229737,8.956528194327267e-07,0.9892154420538455,0.983512624943682,0.9892752775824439,0.9836489296616608,0.0989990234375,4,36742,41194.0,12084.0,12830.0,11,10,8,8
1050.1729669043414,314.6137016247067,1.106853772230056e-06,0.989303833560674,0.9862338102806686,0.989358881452133,0.9864257920087223,0.09900164604187012,4,37794,42327.0,12417.0,13547.0,10,9,8,7
1064.38644298018,352.0634264589266,1.7307295737904198e-06,0.9894500606338198,0.9837279662857213,0.9895048031511993,0.9839617858964788,0.10999798774719238,4,39018,43607.0,13153.0,14281.0,10,9,7,7
13.426885342476117,3.449033681095813,1.5320399455121888e-06,0.9811467678785892,0.9719958189904885,0.9821181515010297,0.983268308784973,0.11000204086303711,4,342,361.0,121.0,116.0,7,7,3,4
13.49845670190979,4.143267631552018,9.951202518423356e-07,0.9906626080628077,0.9785821968843681,0.9910738733983868,0.9862003489938438,0.1099998950958252,4,485,472.0,151.0,141.0,8,7,3,4
22.193279763628148,7.00446286306095,3.843821009866516e-06,0.9786063616380221,0.9499565650520937,0.9793108509379976,0.9660022451510973,0.12099695205688477,4,514,519.0,160.0,160.0,9,8,5,4
21.310453225275776,6.278269400612454,2.606284430323204e-06,0.99042183269386,0.982319346581331,0.9906370588376784,0.9865643488333903,0.0989987850189209,4,690,732.0,226.0,221.0,9,9,4,4
50.746202649393716,11.568185539083762,4.18433112270952e-06,0.9517156912864463,0.950265666586015,0.9526688088365393,0.9606288884603876,0.09900164604187012,4,730,764.0,218.0,218.0,9,9,5,4
57.17699129311837,13.701809491207113,1.921129960791384e-06,0.9583522295075774,0.9478868567507518,0.959091419600317,0.9576273288423741,0.12099957466125488,4,859,858.0,256.0,245.0,11,9,4,4
177.04373334428846,37.613272149046566,1.6856844404520546e-06,0.7641392706266857,0.7347155706452947,0.7878024859884447,0.8255139902086545,0.10999798774719238,9,1137,1230.0,288.0,263.0,14,18,4,9
73.23347120236637,17.33932449413885,7.771272212897531e-07,0.9823480312205014,0.9786236797147271,0.9831651629755621,0.9800409997984184,0.12099933624267578,8,1543,1710.0,332.0,352.0,22,25,19,21
331.92737345690546,68.37633301564706,1.2107519085764226e-06,0.9121400440867687,0.921342014439438,0.9145946594982614,0.9227613539674744,0.11110115051269531,4,3168,3928.0,691.0,835.0,26,22,18,18
189.08382991901266,36.878463262879855,2.3486889659820616e-06,0.9869130075836066,0.9893485466107692,0.9872581642730307,0.9894699139249857,0.12099957466125488,5,4734,5055.0,1043.0,1081.0,27,23,22,20
326.25470941683994,65.08992177493123,1.369329792031288e-06,0.9776183723097338,0.9808226195609283,0.9780770287980566,0.9809785176240104,0.1099998950958252,4,6179,6860.0,1381.0,1499.0,24,21,21,18
314.9919311135869,61.06929124636484,8.395984760764705e-06,0.9818158736226388,0.985706845123287,0.9821759372999942,0.9858264084694037,0.0989999771118164,4,6691,7361.0,1460.0,1613.0,25,21,21,18
495.06745121245854,101.53360486393983,1.1324778552150617e-06,0.9603151428314946,0.9647108626358837,0.9610734118950208,0.9649742762159699,0.0989999771118164,4,7359,8407.0,1641.0,1859.0,24,22,20,18
340.1849221379454,63.551734175132204,7.974400183256897e-07,0.9930988204180615,0.9951762438178733,0.9931871271175453,0.9952010129471264,0.12100005149841309,4,12658,13647.0,3032.0,3165.0,19,18,16,15
89.00825102202604,52.10566188045211,1.257284678985339e-06,0.999600425007274,0.9973198073720035,0.9996053521411835,0.9973318900632948,0.11023497581481934,4,13912,13893.0,3345.0,3232.0,19,18,15,15
312.20392641135487,68.99267775157979,5.409457078941841e-07,0.9960904058790544,0.996288010676715,0.9961401220428577,0.9963064798119337,0.09900188446044922,4,15983,16992.0,3958.0,4064.0,19,18,15,15
545.7178662856232,107.17820051981964,6.456627106073808e-07,0.989822951463077,0.9927078401330066,0.9899336304329601,0.9927368138729277,0.09899616241455078,4,17699,19471.0,4416.0,4775.0,17,16,15,13
377.56057736915983,95.9976128175418,1.49018290521633e-06,0.9955381783198665,0.9945795440392569,0.9955844431901592,0.9946006618637135,0.1100006103515625,4,18445,19750.0,4581.0,4851.0,17,16,13,13
322.97552151827233,86.61787488734643,6.87474361768038e-07,0.9968988964791649,0.995886662863094,0.996929990632144,0.9959034468575538,0.1100010871887207,4,19060,20148.0,4801.0,4970.0,16,16,13,13
411.30358060277894,116.56864930160253,3.961764614303139e-07,0.9966567232780351,0.9954090372518769,0.9966837010656227,0.9954263199912681,0.1100003719329834,4,24371,25767.0,6745.0,6735.0,15,14,11,11
439.18847985043203,142.73460220516492,3.582408545920559e-07,0.9964647111568992,0.9935853999266719,0.996494556065458,0.9936076497302063,0.09900021553039551,4,25602,26974.0,6925.0,7156.0,14,14,11,11
656.8936922491087,195.39980382112296,3.397719037429866e-07,0.9928017650970128,0.9894679427722834,0.9928565743395162,0.9895075435997726,0.1210012435913086,4,27102,29565.0,7584.0,8047.0,14,13,10,10
802.3113160841411,231.92794768347056,6.728676159135558e-07,0.9909834194255374,0.9881413890958012,0.9910430019724306,0.9881999758039743,0.0989985466003418,4,30129,33188.0,8890.0,9472.0,12,12,9,9
1072.27095942055,331.9119957408389,1.346402302954797e-06,0.988782848383309,0.9846679936606086,0.9888413354762713,0.9848542770132521,0.1100010871887207,4,37693,42388.0,12581.0,13624.0,10,9,8,7
17.676196329150304,3.2945662334617993,1.0414210666779415e-05,0.9657074289149831,0.9710151646507401,0.9677113304456135,0.9846067482124918,0.1210014820098877,4,340,342.0,128.0,116.0,7,6,3,4
4.709255072018645,2.665364265286579,2.2386634770741266e-06,0.9980522471660837,0.984678084620164,0.9981512465300595,0.9909813781326983,0.10999941825866699,4,386,362.0,128.0,115.0,7,6,3,4
16.779203397857323,4.632314036562432,1.8326762184431149e-06,0.981120960436562,0.9673330389738848,0.9820695857564155,0.9803640673489613,0.13246941566467285,4,434,443.0,148.0,128.0,7,7,3,4
19.609202771488018,5.597618541248888,1.8448802457826745e-06,0.9882333599663553,0.9786510650365944,0.9885977435943398,0.9852006405446164,0.11133694648742676,4,597,616.0,202.0,178.0,8,9,3,4
27.93817579346702,6.5136075513753005,3.1623367998563892e-06,0.9214723489183955,0.911612081273628,0.9259644959189178,0.9448131696128549,0.13846230506896973,4,367,382.0,131.0,117.0,7,7,4,4
25.731182444652635,8.356634091147782,3.966453355770765e-06,0.9800688766890899,0.9525480439037356,0.9805493474951931,0.9658357023433528,0.10999608039855957,4,554,612.0,183.0,161.0,8,10,3,5
26.749805295241558,6.833587393651058,2.610217770155956e-06,0.9868017753253008,0.9818704964327423,0.9870446907211151,0.9859744478404795,0.1099998950958252,4,732,785.0,232.0,221.0,10,9,4,5
42.334112525637444,9.74144924194205,2.8119428550519323e-06,0.969632502383644,0.9640445299221903,0.9702759768153414,0.972577813464414,0.1320018768310547,4,773,785.0,236.0,216.0,10,9,4,5
53.166405433005025,12.905779317226303,1.1460001362604205e-06,0.9811293743533875,0.9729191690858076,0.9821607033225777,0.9802161798084364,0.1210014820098877,7,1164,1174.0,313.0,278.0,13,13,4,7
110.83157626720076,24.333673367875804,1.1737007278900752e-06,0.9411567326514797,0.9362941582092288,0.943011266857753,0.9463644311031989,0.12100076675415039,6,1333,1495.0,321.0,314.0,16,17,12,13
302.4391973357726,64.70423709365825,1.0187373503105583e-06,0.7747930939420924,0.7814680443484556,0.7836673951394705,0.7954275884857915,0.12099909782409668,6,1881,2462.0,409.0,512.0,21,24,11,19
216.50703161062023,42.11413064518844,1.135054991534355e-06,0.9645323233717945,0.9714622702799351,0.9658179263982498,0.9719208088082936,0.11000251770019531,5,3250,3491.0,683.0,736.0,28,24,27,19
231.29848567097065,47.67179459596628,2.8701754440222976e-06,0.9789488201814194,0.9810341037029506,0.9795422763095747,0.9812741768188731,0.1100008487701416,5,4552,4462.0,986.0,948.0,26,23,25,19
412.51911571869414,78.38739269380844,2.9128536006797807e-06,0.9476967392062583,0.9605523340853999,0.9488894609026142,0.9609392784727994,0.11000180244445801,4,5149,5863.0,1128.0,1271.0,24,22,24,18
310.24022949965723,57.35588824756066,1.4981559565054426e-06,0.98739533228631,0.9910831026067086,0.9876049344651978,0.9911416167819151,0.12176132202148438,4,8026,8838.0,1811.0,1963.0,23,20,18,17
229.34748926755952,34.11362753113971,3.868860383030939e-06,0.993879882440252,0.9972444601115998,0.993980700844303,0.9972629784810532,0.10999941825866699,4,8703,9150.0,1983.0,2036.0,22,20,17,17
643.0350641683547,137.80704354277395,4.188057422622618e-06,0.9565710482677212,0.9583292747982273,0.95728372713812,0.9585935815060392,0.12100052833557129,4,9171,10963.0,2099.0,2482.0,22,20,18,17
466.46815718403184,91.88500512415868,2.89052042160061e-06,0.9852162561724427,0.9885042027979084,0.9854187782663264,0.9885619312922271,0.09900188446044922,4,11780,13160.0,2733.0,3037.0,20,19,18,16
388.93558003436334,71.31743884446028,6.584440310575279e-07,0.9923772466061941,0.9950217274532545,0.9924715473044069,0.9950448736939722,0.1100001335144043,4,13950,15146.0,3409.0,3560.0,18,18,15,15
282.52947855046915,50.97047756626706,5.166368278341445e-07,0.9964897144933,0.9978206671665447,0.9965308425618734,0.9978302111349826,0.0989983081817627,4,15105,15917.0,3652.0,3772.0,18,17,14,14
173.74211612808986,51.15713130476858,8.414684653625448e-07,0.998787235454058,0.998004882487156,0.9988010121723184,0.9980134685065668,0.11000251770019531,4,15983,16432.0,3967.0,3908.0,18,17,14,14
157.93283778239407,78.67695024592653,5.706404621099475e-07,0.9991538434909185,0.9960473832309168,0.9991628808479743,0.9960627078187572,0.10999870300292969,4,17754,17826.0,4401.0,4293.0,17,17,14,14
316.9273378867781,96.27137208606375,1.1060476594079788e-06,0.9970882737509752,0.9950177436306327,0.9971173915052725,0.9950372153243191,0.10095000267028809,4,19395,20425.0,4928.0,5059.0,16,16,14,13
487.6564492550057,121.80628404697902,4.5927828756298167e-07,0.9945014988414598,0.9939938778521936,0.9945488803545012,0.9940166452222478,0.10901689529418945,4,22268,23984.0,5928.0,6125.0,15,14,12,11
496.656099579981,136.54269021079085,4.3254225907237777e-07,0.9951834075886122,0.993810398683757,0.9952220151825119,0.9938331673128019,0.0989987850189209,4,24604,26369.0,6727.0,6950.0,14,13,11,11
547.5574551283789,166.91227735949604,4.432889923127476e-07,0.994489638723998,0.9912708063820519,0.9945325834906542,0.9913034781407629,0.0989985466003418,4,25612,27532.0,6923.0,7292.0,14,13,11,11
619.8940265615298,195.2710456007239,4.1824353820423175e-07,0.9943759213558147,0.9910067586261394,0.9944183737380584,0.9910356004026947,0.08799910545349121,4,29421,31608.0,8539.0,8828.0,13,12,11,10
795.8724575897824,237.1933107544702,1.9978158957919787e-06,0.9915094196523642,0.9883196189520629,0.9915683462218587,0.9883623657843237,0.0989995002746582,4,31093,34272.0,9406.0,9830.0,12,12,10,9
776.978677045473,250.2199865451732,8.028462823114066e-07,0.9923389659947832,0.9876834757167304,0.9923875089855099,0.9877493911987356,0.11000752449035645,4,32135,35348.0,9634.0,10260.0,12,11,9,9
880.1448211800147,264.3439599587376,6.459605443710827e-07,0.9907466989634064,0.9874758098996939,0.9908130108867964,0.987513452793571,0.08799958229064941,4,33414,37030.0,10122.0,11053.0,12,11,10,9
1040.5029282755527,323.63117188655775,6.238738119586367e-06,0.9887344651956768,0.9839413825383346,0.9887959949249135,0.9840885427926765,0.09900188446044922,4,36179,40448.0,11659.0,12510.0,11,10,8,8
1010.6861530663216,342.51753300621954,1.0420737782743687e-06,0.9897024988546981,0.9828269102361376,0.9897651440633438,0.9829131762384372,0.11000251770019531,4,37048,41458.0,12056.0,13102.0,11,10,8,8
1056.4185072687812,328.60982436115125,1.1662112189644035e-06,0.9896231833540419,0.9859122361517975,0.9896763294547742,0.9861206216638313,0.09900021553039551,4,39064,43650.0,13143.0,14266.0,10,9,7,7
25.884559425778654,6.487166818676188,3.93941393016054e-06,0.9570564063558942,0.9401179853555865,0.9587624569807818,0.9602740500556802,0.1099998950958252,4,433,460.0,135.0,134.0,8,8,3,5
24.69163994823619,7.479833999940551,9.29544053040537e-06,0.9695645926545126,0.9305672316858914,0.9707737424119227,0.9553226666719903,0.1320018768310547,4,486,477.0,167.0,127.0,8,8,4,4
24.602887703140325,6.436387444314811,2.859702669203399e-06,0.9803911301772742,0.9712274370298738,0.9810128065481386,0.9801767257114796,0.12100100517272949,4,566,623.0,195.0,177.0,8,8,3,5
23.640977842156474,5.762667206540157,5.7172495327867485e-06,0.9870171162542688,0.9828211229103504,0.9873159022141971,0.9870917685771132,0.10999822616577148,4,656,687.0,197.0,197.0,12,9,5,4
36.0493488922554,9.544631999192006,2.514637804992845e-06,0.9852905881043216,0.9663489891335021,0.9885981439868491,0.9855251870484267,0.12100028991699219,10,1007,1007.0,272.0,197.0,11,10,3,11
246.47383689293935,51.725125774266,1.2816549938898755e-06,0.5535190418118545,0.5219099213817074,0.6042115482334993,0.652796518524273,0.10999846458435059,12,1128,1295.0,251.0,265.0,18,26,6,22
111.13219871575406,24.73689508597681,9.835755840275126e-07,0.9518316670516932,0.9471497279577732,0.9536912091066191,0.9527159041437346,0.1099998950958252,7,1461,1667.0,329.0,346.0,22,21,9,16
256.2386839606673,48.88568835882123,1.100963957266529e-06,0.959562869441114,0.9690809959225553,0.960908017336318,0.9695344486217683,0.1100013256072998,5,3564,4040.0,778.0,857.0,24,23,24,20
354.8468859945089,72.60681786168568,6.350295772141087e-06,0.9743118165511188,0.9773001880454911,0.9748027042204526,0.9774818235563921,0.12404990196228027,4,6349,7300.0,1447.0,1598.0,22,21,18,18
512.0468118248565,103.95597024702333,2.731521751415337e-06,0.9608894273036052,0.9663431891286106,0.9615764480030319,0.9665754463286143,0.11821722984313965,4,7512,8917.0,1701.0,1984.0,23,21,20,17
305.54058991128056,55.456063690096144,1.1679134959422922e-06,0.9875855391486044,0.9915008468727871,0.987800421418409,0.9915573960902581,0.11020088195800781,4,8093,8528.0,1826.0,1894.0,23,21,21,17
301.6383389093634,59.45271230145854,5.189892417919308e-06,0.9897757103555853,0.991682046035669,0.9899356149602663,0.9917417971474696,0.10999178886413574,4,8869,9464.0,1999.0,2115.0,22,20,17,16
436.99450559093606,84.31124134222355,1.9880897357724015e-06,0.980476447292858,0.9851871381550206,0.9807748725159564,0.9852835888708555,0.10641217231750488,4,9388,10562.0,2143.0,2384.0,21,20,16,16
168.1778262732635,38.50121751321638,2.1340642310184136e-06,0.9972768163362266,0.9971208337539812,0.9973202855932202,0.997137937643432,0.10999131202697754,4,9618,9553.0,2232.0,2138.0,21,20,19,17
786.2986736391374,167.0562530007981,1.094817581600866e-06,0.9690771691116061,0.9728457567540062,0.9694654606622102,0.9729729382786677,0.10634064674377441,4,14183,16607.0,3425.0,3972.0,19,18,15,15
626.8605889004881,127.18756654379914,9.972157790310255e-07,0.9819222438510098,0.9856845925019039,0.9821305260975872,0.9857489192599771,0.08800911903381348,4,14696,16785.0,3578.0,4022.0,18,17,16,14
428.23394599214106,97.12454418597461,4.862812537360548e-07,0.9939517043728252,0.9941751906237051,0.9940128007177633,0.9941985178815764,0.12099957466125488,4,17959,19412.0,4462.0,4767.0,17,16,13,13
441.8452901374718,104.6265680886074,5.550168188401893e-07,0.9942779405952883,0.9941147055706558,0.9943350779258069,0.9941358319880788,0.0989992618560791,4,19286,20746.0,4917.0,5167.0,16,16,13,13
252.60078434161682,102.32902406779156,5.935833894057027e-07,0.9983446877666811,0.9951881862794966,0.9983596849159816,0.9952050930867996,0.1099998950958252,4,20858,21503.0,5471.0,5376.0,16,15,13,12
637.4881534847007,178.93798390317616,4.023435673308911e-07,0.9941563198067149,0.992559100676646,0.9941968714088559,0.9925908398380443,0.1099998950958252,4,29665,32087.0,8617.0,8883.0,13,12,10,9
697.0819087453066,218.44664680420252,3.7348534383932753e-07,0.9935393968424789,0.9901487893503687,0.9935824744976761,0.9901950382477487,0.09901046752929688,4,31219,33900.0,9360.0,9764.0,12,11,9,9
974.7199063491693,298.2985605898895,1.3235252494751026e-06,0.9911518623619321,0.9882946094717788,0.9911950388252192,0.988575149084413,0.1100001335144043,4,38961,43133.0,13145.0,13874.0,10,9,7,7
1029.0266537688258,315.36542956809114,1.353940813919295e-06,0.9905461368591854,0.9877442013981831,0.9905936907076855,0.988081196977038,0.09900021553039551,4,39940,44491.0,14013.0,14540.0,9,8,7,6
13.56197195592637,5.0020828994863065,1.1103870512727096e-06,0.9898622790193303,0.9677793606091114,0.9902301276095171,0.9790762832370888,0.12099981307983398,4,449,461.0,149.0,131.0,7,8,4,4
21.824346114679663,6.510408333328,2.0353036342612555e-06,0.993385059098995,0.987376232632237,0.993492946148701,0.9897315671662507,0.09899044036865234,4,837,864.0,242.0,242.0,10,10,5,4
62.461859330056306,13.788338535512263,1.2589066247194e-06,0.9777128685379963,0.9747077560863288,0.9788350616896458,0.9805367287922336,0.11000895500183105,7,1264,1314.0,301.0,284.0,15,15,5,8
222.46039571028024,48.25453346577915,1.073109909149755e-06,0.7713573705185568,0.7517668369329786,0.7780440849308374,0.7871578234963764,0.10999870300292969,6,1374,1638.0,297.0,340.0,17,20,13,16
96.04287606352275,22.61613056431466,8.738355098860188e-07,0.9809318730200088,0.9772267499221495,0.9817611375785715,0.9782357070124014,0.11001038551330566,6,2030,2172.0,441.0,450.0,26,24,21,19
207.6366768741335,47.67413257382526,1.2721594998116446e-06,0.9737383176008448,0.96996219336756,0.9744056382691291,0.9703435289740199,0.0989995002746582,4,3634,3986.0,790.0,849.0,24,22,20,18
282.6547829345711,57.39851455991009,9.657414170784843e-07,0.9537660638151335,0.9583315161969355,0.9552313048940422,0.958928719179787,0.09899020195007324,5,3716,3451.0,798.0,727.0,29,23,24,20
808.190294474843,173.78342004729143,1.778663117247915e-06,0.8082030886039846,0.808191679511704,0.8127820168054597,0.8100298847900328,0.09899210929870605,4,5296,7295.0,1149.0,1595.0,27,23,24,19
326.48253207484163,63.27675652770665,1.3006886787993337e-06,0.9777700857787556,0.982395302974494,0.9782207816221004,0.9825502906455765,0.11001062393188477,4,6268,7027.0,1383.0,1537.0,24,22,21,18
841.5533195129905,177.27100839298757,1.4578738375293131e-06,0.9266891287118684,0.9341801160551652,0.9278144283769639,0.9345892558476024,0.10972237586975098,4,9228,11751.0,2161.0,2682.0,21,20,16,16
426.3865739169875,76.54478536560585,8.849172387626186e-07,0.9834854133164057,0.989317462355941,0.983725919707997,0.9893768313020996,0.10994100570678711,4,10036,11119.0,2333.0,2525.0,21,19,17,16
317.6957401875784,71.72197478225671,1.5392664285454697e-06,0.991181686683833,0.9908886238683933,0.9913292183790262,0.990949984455592,0.1099996566772461,4,10250,9626.0,2374.0,2152.0,22,21,19,18
235.15759343470071,34.66446307098958,1.230348345628535e-06,0.9957982979507597,0.9981526679876833,0.9958607356009633,0.9981633568242049,0.11000180244445801,4,10948,11199.0,2597.0,2546.0,21,20,18,16
516.8690799741587,98.26420592803193,7.197203619444846e-07,0.9864502851258654,0.9904453655396928,0.986623069772949,0.9904931960594762,0.09898900985717773,4,14047,15566.0,3373.0,3682.0,19,18,15,15
259.5825775804943,45.748861552319894,5.319065343689645e-07,0.9972656583054744,0.9984196805080018,0.9972965375839921,0.9984265785235085,0.09899687767028809,4,15776,16643.0,4063.0,3975.0,18,17,15,14
297.8760403534777,85.6160883440334,5.467260849192793e-07,0.9975922496690929,0.9963794218596453,0.997614628937114,0.9963930568407761,0.0989997386932373,4,20244,21168.0,5131.0,5277.0,16,15,13,12
536.99201770914,127.77812801884366,3.1807907745438536e-07,0.9936822700194813,0.9938043196207851,0.9937360768532,0.9938274470305178,0.1097567081451416,4,22838,24840.0,6142.0,6425.0,15,14,12,11
417.4027581365509,142.80690634559662,2.764226128225681e-07,0.9963632027096975,0.9926514320541706,0.996396940510185,0.9926750776153017,0.0989987850189209,4,23486,24922.0,6326.0,6471.0,15,15,13,12
565.2456877323347,167.3368608525928,8.584473978643201e-07,0.9941193267164447,0.9912108636614928,0.9941665835550778,0.9912408424178818,0.11024308204650879,4,25459,27501.0,6851.0,7317.0,14,13,11,11
752.9412396838592,229.65712667655959,6.995632534364889e-07,0.993054979835763,0.9901460343856985,0.9930977950952793,0.990199156173182,0.0989995002746582,4,32903,36115.0,9930.0,10518.0,12,11,9,9
949.4996928207331,283.94758172357564,1.142220946808187e-06,0.9901833752957993,0.9871008425611186,0.9902369052141866,0.9872258348469108,0.11446309089660645,4,35349,39378.0,11358.0,12031.0,11,10,8,8
957.2625630323863,319.2005639092763,1.200207245516491e-06,0.9904175458544536,0.9846290483517076,0.9904701785049723,0.9847474182999862,0.10674166679382324,4,36268,40478.0,11860.0,12565.0,11,10,8,8
