rmse_I,rmse_Inc,rmse_Beta,r2,r2_Inc,r2_full,r2_Inc_full,time_predict,fraq_people,actual_peak_I,predicted_peak_I,actual_peak_Inc,predicted_peak_inc,actual_peak_day,predicted_peak_day,actual_peak_day_Inc,predicted_peak_day_inc
183.34234826320585,37.605684410737695,7.747011856553393e-06,-37.4692999203892,-30.197179288933793,-36.59537967152872,-23.492910763479834,0.0,4,105,228.0,38.0,45.0,9,84,6,72
2220.98379102595,460.05741263093097,1.5208231281958883e-05,-2164.995517486377,-1556.8330941388158,-2138.9259752158655,-1390.655479727897,0.0,4,171,4884.0,55.0,1054.0,10,41,8,37
1989.807120049579,407.38692193867325,1.1862647205045808e-05,-1180.3414434234096,-873.79220609868,-1169.109125163928,-785.617597759709,0.0,4,187,3950.0,64.0,832.0,9,46,6,43
1468.7217585937326,297.7370204279833,9.094035332112e-06,-594.524323929882,-545.6492232916161,-588.2135226472693,-468.55653315338606,0.0,4,186,2460.0,56.0,505.0,11,59,5,55
1798.619444532389,365.20985690878246,9.620190688797453e-06,-1447.0918045991766,-1068.6145323926305,-1416.786466189303,-869.0354012366655,0.0,4,162,3218.0,57.0,667.0,7,55,7,51
1671.3540823984606,338.7886201847203,8.29942970823728e-06,-485.6962728607134,-381.0586152955416,-480.84831710047183,-327.07306615851843,0.010998249053955078,4,273,2825.0,78.0,581.0,9,55,8,51
2299.815094469553,468.8776270698642,8.57703935430555e-06,-759.5698735400182,-622.7281249855699,-749.9896616417914,-529.2968850151924,0.011001825332641602,4,267,4356.0,74.0,909.0,10,49,6,45
1524.4508232475064,309.8909418381462,5.877949470865089e-06,-515.3849916848073,-452.27461991718457,-505.18434158372037,-353.49880104775656,0.0,4,212,2348.0,64.0,478.0,10,68,4,64
1438.5687222896236,294.35710313608314,5.24542985615613e-06,-519.7967625522098,-470.6503742345203,-515.5196313912261,-413.46331951294974,0.0,4,221,2178.0,62.0,442.0,11,73,5,69
4254.202899780405,906.5416886902298,1.2346505070928614e-05,-2013.9912722781319,-1744.1706655262421,-1998.6589592023388,-1634.3756567868456,0.0,4,316,10966.0,90.0,2490.0,9,33,6,30
4100.094368832665,868.0988446983827,1.0754779394057964e-05,-779.7850649282711,-721.8545214516506,-771.955863390574,-659.7052016353701,0.011002063751220703,4,482,10258.0,130.0,2292.0,12,34,8,30
4191.557279470642,886.156389038263,9.463778714017501e-06,-808.9479912305666,-731.1328228724874,-798.7918488149772,-680.9397404265617,0.0,4,456,10461.0,127.0,2331.0,14,34,9,31
3502.674406792615,720.359805930342,6.23518481200199e-06,-1134.7129560229855,-923.7540149017187,-1120.6974892445226,-800.5192392348071,0.0,4,319,7281.0,94.0,1545.0,14,45,4,42
695.8861107729243,143.52525910096801,1.908972219308547e-06,-34.247676026837695,-29.407523133391717,-33.73187459969739,-25.514412466795843,0.0,4,396,950.0,103.0,190.0,13,77,6,70
2787.4062260011547,566.4980141183197,3.135946700931448e-06,-404.3198363445047,-342.0275605181323,-388.64994137422536,-322.13536218726216,0.011002302169799805,4,454,5049.0,104.0,1042.0,19,55,5,52
5375.157780629948,1151.062593324099,8.270578973593422e-06,-672.9915249964249,-589.3967673044958,-645.8903271180499,-573.1317601230462,0.010999917984008789,4,701,14374.0,182.0,3269.0,18,32,10,29
4248.885864994493,877.514310187209,4.74864653469598e-06,-1607.4095092142413,-1303.9941451320963,-1506.6973084822762,-1205.2650613812477,0.0,4,392,9311.0,96.0,1992.0,12,43,5,40
5219.489373771793,1100.4058626252406,5.822615677253299e-06,-1488.1664452093794,-1157.8245457599328,-1197.4714533867275,-1054.1629862290051,0.0,4,614,13205.0,148.0,2923.0,17,36,10,33
3222.858809543167,655.2267021802454,2.58350420664994e-06,-1082.1101376746392,-710.8078886158968,-788.6519533637023,-606.8957883199696,0.0,4,534,6351.0,141.0,1318.0,16,51,5,48
4488.095599982617,940.5813195837986,3.5882660252205575e-06,-212.47292184366955,-228.4342315749853,-142.23094649403635,-175.68341351646217,0.01100015640258789,4,1594,11840.0,330.0,2553.0,44,37,41,33
6260.807281213822,1371.6514339474152,6.682978480230079e-06,-110.24476698930678,-119.64289712434795,-87.74335485487106,-102.27431931024714,0.0,4,2421,19527.0,520.0,4548.0,40,29,40,26
5641.4794546732155,1208.3911566624442,4.464105657510814e-06,-68.87250673686339,-83.01611089494834,-55.08957747702384,-68.42725372233967,0.0,4,2659,16180.0,579.0,3614.0,62,35,50,32
5630.40925096332,1225.294785959689,5.014592583185593e-06,-24.472661023553343,-26.054241727517795,-21.388802664838163,-23.819107648872166,0.0,4,3792,18226.0,817.0,4139.0,45,31,41,28
572.3244873675944,127.38006578511525,8.12232291371567e-07,0.8830590484571638,0.8724565985560081,0.910241224449419,0.8958594927478871,0.011001825332641602,31,4982,5242.0,1042.0,1072.0,43,47,39,43
915.9606840271827,198.77071582190982,1.4047200885781907e-06,0.8863953528122674,0.8871123777321248,0.900595859203254,0.8953906108035059,0.0,21,7599,9052.0,1648.0,1890.0,39,40,33,37
1014.348266160736,224.38605408051274,1.7601626038925858e-06,0.9056044252346892,0.9015444464320634,0.9160085561460636,0.9077086450089997,0.0,21,9234,10820.0,1962.0,2284.0,38,40,37,36
1325.0202726341836,287.4751744127038,2.4864076458214235e-06,0.8857306903639159,0.8891140217289943,0.8951236834802879,0.8940466902639617,0.010999202728271484,17,11046,13803.0,2436.0,2968.0,35,35,29,32
1439.8272021645596,324.2193665936978,3.3675335657901734e-06,0.9087316932302011,0.9038835917288535,0.9138031655904462,0.9067503776243703,0.0,14,13534,17057.0,3085.0,3745.0,30,31,27,28
2510.5910822787496,605.9605851614697,7.759351839556153e-06,0.8539931741019688,0.8336379273926673,0.8579281006683585,0.8358306741440755,0.0,9,19896,28451.0,4850.0,6897.0,23,22,19,19
858.9122481371423,173.87273842286683,1.2795996430341848e-05,-469.14691751506496,-443.73186055420774,-460.864290277452,-337.30639661955405,0.011001825332641602,4,131,1341.0,40.0,273.0,8,62,5,57
1344.8797576363472,273.8041993529926,1.2947240274433992e-05,-607.3767033203826,-461.94146963460474,-602.5653858286602,-414.21203970851514,0.0,4,179,2454.0,63.0,510.0,10,52,9,48
706.6273844231249,143.53418582344764,9.517265286593053e-06,-153.24124090327717,-124.35171160774469,-150.44835973801906,-99.35182539231525,0.0,4,199,991.0,65.0,200.0,8,66,5,60
964.8830401919188,196.08629052877035,1.7828269047756922e-05,-506.9224345404022,-352.10825119802456,-500.0719941711988,-304.7782667188007,0.010999441146850586,4,154,1729.0,53.0,358.0,10,49,5,45
1117.525186144217,226.24486642426461,1.018879173226878e-05,-462.78765290674687,-335.6404758982321,-454.63177659363544,-279.9443277160785,0.0,4,191,1772.0,63.0,362.0,8,57,5,53
1503.5119546969577,305.30044969395857,1.1411308921250252e-05,-857.395277914023,-717.061443398245,-845.0569529281303,-604.4129228687416,0.01100015640258789,4,181,2691.0,54.0,557.0,8,53,6,49
2540.6235352599306,533.2973002150552,1.6893846676666456e-05,-825.8784150927282,-774.9285281019919,-820.3443903347851,-709.342420562197,0.0,4,268,6066.0,77.0,1338.0,11,35,6,32
1395.8778413302027,282.3978244427531,8.821631830221876e-06,-510.8812128199995,-344.66054588936885,-504.09190632846276,-296.2369961272287,0.0,4,203,2281.0,76.0,467.0,9,57,5,53
105.20787953697511,20.967484748215906,5.153606478764536e-06,-3.609929949790601,-2.574587019660018,-3.4187124411833585,-1.4388904940768565,0.0,4,182,190.0,60.0,56.0,7,8,4,5
130.64579180619126,26.206511595403153,4.871385479863529e-06,-5.037650822127046,-3.5413573324321472,-4.860166337612679,-2.266208555622543,0.0,4,173,195.0,65.0,58.0,11,9,4,4
2649.1659870765616,545.8795940956211,1.0925203144242767e-05,-989.5491706287434,-785.2685828743803,-978.8331320809164,-677.1014118601372,0.0,4,277,5600.0,93.0,1194.0,9,42,6,38
2809.6642722782144,580.7715055567609,1.066334025967577e-05,-1398.722098761147,-1203.631135943787,-1388.2326653993587,-1122.4996438359685,0.01099848747253418,4,228,6103.0,67.0,1309.0,12,43,8,40
2375.420076884648,483.76752767556997,7.427079768814564e-06,-937.0765180171772,-804.7734421231955,-921.5739945830761,-662.3461827810314,0.0,4,252,4420.0,78.0,920.0,12,51,5,47
1331.900079929672,270.5030614429345,4.551713888617883e-06,-301.0912760198517,-243.55817316915636,-294.63449282325803,-186.81636596542702,0.0,4,266,1947.0,84.0,394.0,9,65,4,60
239.60788280021174,48.87228253314961,3.775473524966868e-06,-10.937113013062369,-9.421913823404642,-10.660525345706356,-6.922946019021622,0.011000871658325195,4,240,291.0,82.0,72.0,7,49,6,5
3103.742228812932,638.8350644597816,8.276868526662472e-06,-853.8030792304171,-660.817273983799,-843.1672747352817,-567.9788841365765,0.0,4,352,6518.0,104.0,1387.0,10,42,5,38
3484.060257085115,723.740961371309,8.525407749738039e-06,-1210.9383883096766,-955.5594224678277,-1197.6231486964602,-850.1489731348826,0.0,4,336,7802.0,97.0,1687.0,10,39,9,36
3879.811979980473,800.6846484415696,5.244621508753132e-06,-1193.3480685723353,-916.3825407985057,-1159.9896258030305,-835.6080764318326,0.01099705696105957,4,366,8394.0,104.0,1791.0,15,43,9,40
1633.081991715868,333.93842995378657,2.2867426453298766e-06,-242.9976398655443,-209.3227935336431,-237.05298527623938,-185.24497132585807,0.0,4,323,2490.0,88.0,504.0,15,73,4,68
871.8853135590713,179.66224097826824,1.4528886920853377e-06,-56.11941560302528,-47.35099172090896,-53.71200770436902,-39.266679176078505,0.0,4,403,1285.0,124.0,258.0,14,75,4,69
4444.117394564039,929.1206303991605,4.313075914423515e-06,-498.49072804472786,-482.0469039643432,-355.6118125942803,-405.5034605555528,0.011000633239746094,4,998,11151.0,218.0,2413.0,40,38,23,35
4197.426689353847,871.3078053516258,3.6035603939720363e-06,-874.5189868743669,-1092.4109180470568,-502.69200544620264,-713.9344659117975,0.0,4,883,10004.0,194.0,2140.0,52,42,44,39
5484.50829040307,1168.5538516331487,5.163975258380585e-06,-590.290719082119,-834.0973004728248,-343.2469653186152,-524.4255448390014,0.0,4,1370,14968.0,288.0,3341.0,47,34,51,31
397.63368081394594,88.6505034656086,7.553078588453775e-07,0.935664569710028,0.9278627185012994,0.9504224118683852,0.9436354850965685,0.0,32,4549,4586.0,972.0,934.0,44,43,38,39
796.864729460919,165.06977134461872,9.617758438848555e-07,0.7779424116494287,0.8024126916117154,0.8317471432240835,0.8382327805253977,0.0,32,4971,5823.0,1106.0,1196.0,45,48,38,45
927.302552941249,207.57904934842307,1.7200701945444223e-06,0.9143259717091711,0.9082759527673889,0.9233819324145208,0.913763335155908,0.0,19,8900,10413.0,1872.0,2193.0,37,38,34,35
1122.7483320286744,246.33092950189646,2.3642064620689486e-06,0.9107976182798193,0.9099462194072704,0.9183595372965527,0.914127472125419,0.011001110076904297,18,10364,12770.0,2296.0,2729.0,35,36,32,33
1684.4445098661404,385.49403072845723,4.84008311883587e-06,0.9084482507465713,0.9020283858823323,0.9122102152907555,0.9040901447569883,0.0,12,16200,21095.0,3718.0,4786.0,28,27,23,24
2003.4827569268898,465.0722548671239,5.789164650555808e-06,0.8883165931510386,0.8793480655922126,0.8922163417041125,0.8814473874367804,0.0,11,17637,23978.0,4181.0,5575.0,25,25,22,22
1651.1714118316124,338.9107398465462,1.5952674670800474e-05,-1189.2232577052212,-913.615710019907,-1179.0858244285132,-832.1455975144523,0.0,4,160,3364.0,50.0,712.0,12,45,6,42
235.01261047725362,47.99544249197,7.687297806911828e-06,-34.660658655034794,-29.490823151596455,-33.472623062594025,-22.7040038330809,0.01100015640258789,4,135,285.0,41.0,57.0,10,75,6,68
760.3529608017582,154.98881007995385,9.612395416500906e-06,-347.3202473547022,-275.54033824541597,-337.53928785331425,-202.93036502121043,0.0,4,139,1094.0,46.0,221.0,8,70,4,65
2164.3289856981846,447.9635634364325,1.4696713942120661e-05,-638.5449075613188,-572.7572643123863,-633.2306497896993,-511.92206450568483,0.0,4,279,4733.0,68.0,1016.0,13,39,6,36
33.359468920632814,6.623034299573975,3.5207983439229494e-06,0.4168176215962641,0.5266323185011711,0.4356344986149183,0.695122613416777,0.010998249053955078,4,160,164.0,63.0,49.0,6,7,4,5
53.55789313132721,10.578082687015323,5.054321615720299e-06,-0.0904752884711213,0.1681224609645997,-0.050594104096607584,0.42687172373317683,0.0,4,174,191.0,65.0,58.0,8,7,4,5
430.3970429537514,88.75105633174176,5.398540571881515e-06,-48.85651451014876,-37.07396591223786,-48.08508643440325,-30.253637181250657,0.0,4,218,555.0,72.0,111.0,9,78,5,70
100.51088249537958,20.603397778036516,4.4716102115049235e-06,-5.864567262486571,-3.927845621902139,-5.665663209550711,-2.654694504954447,0.0110015869140625,4,140,145.0,54.0,54.0,9,9,5,4
2127.2219143560615,433.14992112046684,8.941667748577797e-06,-1188.932923259976,-828.4471360947427,-1168.1861000120816,-692.680606077645,0.0,4,218,3949.0,73.0,823.0,8,51,6,47
1867.6280606471585,379.2677429380639,7.117395571469378e-06,-391.6047591219369,-330.36832706633004,-387.9871463981657,-297.1689923401223,0.0,4,293,3209.0,80.0,661.0,13,54,5,51
3440.2032401201727,722.0696671143767,1.2024769824956533e-05,-2958.9138289529023,-2494.7943645336163,-2930.535543415649,-2167.347611967715,0.011001348495483398,4,213,8253.0,59.0,1825.0,10,38,7,35
3001.4230461704883,620.814686520865,9.068452740812104e-06,-846.4182153923753,-659.7913810077666,-838.7915692592811,-595.955481295329,0.0,4,343,6547.0,114.0,1403.0,13,40,6,36
3113.819767049253,642.1247363895377,8.262483465129823e-06,-876.6411840940924,-706.683927294398,-867.7204814871699,-612.4373883699396,0.0,4,316,6651.0,109.0,1421.0,11,41,6,38
3381.8760896012536,695.3684200359787,5.686776709875406e-06,-556.2940204619244,-431.7983907435119,-548.7572731252217,-394.7604224188652,0.011001348495483398,4,472,7068.0,137.0,1496.0,13,42,8,38
3988.8118479483755,832.0454589944791,6.6928433593350235e-06,-399.01979453743644,-336.32278901596663,-388.8934576517185,-322.1105120017448,0.0,4,657,9342.0,160.0,2027.0,16,37,11,34
3239.0143707229827,663.3974032081625,4.666481138602451e-06,-480.4799348686875,-375.805575263785,-468.6453240046459,-334.01045410328317,0.0,4,495,6528.0,138.0,1371.0,11,45,5,41
2825.557323343485,574.3637965900474,2.327314788653726e-06,-9656.640505919726,-2914.9307151379367,-2064.6540453926664,-1661.4821060268107,0.0,4,409,5386.0,110.0,1111.0,18,56,4,52
5594.187593684478,1192.7447861969467,6.417933411428172e-06,-3314.7720915146924,-4347.055086866245,-1449.3559585832409,-2206.784356795575,0.010999679565429688,4,724,15041.0,167.0,3402.0,67,34,53,31
5475.608522118798,1183.9934455758894,5.447259380035205e-06,-72.40950317218875,-84.06960236260227,-58.74929746958787,-72.45814232545145,0.0,4,2649,16284.0,539.0,3680.0,51,31,47,28
5354.295671273362,1157.1508877771012,5.3835449336769805e-06,-46.31440571504392,-47.93684389940309,-38.780009413377776,-42.77522585559937,0.0,4,2933,16562.0,603.0,3745.0,49,30,37,27
402.82431216423396,92.17119621532915,7.649023769392865e-07,0.934951232478871,0.9232266219388879,0.9500904376931854,0.9393136475604639,0.010998249053955078,32,4657,4816.0,973.0,983.0,44,44,34,40
1128.6965113859503,245.3313456038638,1.9582749794848128e-06,0.8651695871694823,0.8639110258089715,0.8777263961110692,0.8712771398659694,0.0,19,8560,10620.0,1859.0,2246.0,37,38,32,34
1160.7141704753021,245.89965139100312,2.2006355895243612e-06,0.8817221073159022,0.8887971300126352,0.8915052854591966,0.8939363357111987,0.01100015640258789,17,9470,11665.0,2065.0,2481.0,36,36,31,32
1059.2381269754947,234.92946903631895,2.5940053786902987e-06,0.9275043129312768,0.9241934359736929,0.9332412921923976,0.9276607274644849,0.0,17,11003,13199.0,2378.0,2831.0,33,35,32,31
1608.5491585117431,355.29966062073476,3.4850567543483672e-06,0.8577754835762692,0.8542598505594541,0.8660674125063559,0.8584690377863458,0.0,14,11944,16166.0,2685.0,3550.0,31,31,27,28
1624.3469280079105,359.62120876431004,4.228014869074401e-06,0.888689760075481,0.8873910670486169,0.8939926800240533,0.8902883812148037,0.0,13,13926,18279.0,3125.0,4068.0,29,29,26,26
2485.25434137119,637.7470194909305,9.472958064252695e-06,0.8848307302243585,0.8556633433219885,0.8873678540462451,0.8571441958762861,0.0,8,22816,31838.0,5652.0,8061.0,21,20,17,17
65.50397570631368,13.758330809610106,6.753101593616689e-06,-1.3135031141870126,-1.4457741463332572,-1.2360290255907778,-0.7085065234825625,0.010997295379638672,4,153,144.0,48.0,41.0,10,8,4,5
136.3835736687768,27.893024815056062,7.025487593001423e-06,-5.2190625412223,-4.698499842640835,-5.07645760359275,-3.482805807901358,0.0,4,174,185.0,53.0,54.0,9,16,6,5
9.032925882569833,2.184223737013526,2.753131423052516e-06,0.9372470948215885,0.9341834832996277,0.9401292529402628,0.9545398148837441,0.0,4,138,144.0,52.0,48.0,8,6,6,5
43.82861983529332,8.763085453575508,8.276208738386483e-06,-1.3588608633051162,-0.7687316931751158,-1.2818342675427203,-0.29631029856283964,0.011000394821166992,4,107,108.0,36.0,36.0,9,8,5,4
1419.9032060613615,288.1405906844782,1.1140711245892958e-05,-928.154030286028,-851.0884652219423,-909.3054692965695,-668.6599608810501,0.0,4,160,2470.0,44.0,510.0,10,56,7,52
166.82397784291481,34.08598196717628,6.128886967339951e-06,-13.186739826650664,-10.088390049116516,-12.781877746107112,-6.899716981933868,0.010998010635375977,4,151,197.0,59.0,51.0,10,39,4,5
1330.2093193679457,269.5109962196966,9.097870145819249e-06,-284.99742202151754,-219.43085725726155,-281.5321554242193,-188.3763762437116,0.0,4,250,2166.0,83.0,443.0,14,55,6,51
1836.6751947019193,373.47480113567684,9.513832544489949e-06,-1445.953609472876,-1092.0583628604154,-1437.0399864581539,-1016.1991036159219,0.0,4,160,3331.0,48.0,691.0,11,56,6,52
1693.007589444497,343.3387691721788,7.831834078185096e-06,-634.7498232443015,-502.7449475781528,-628.9807705956559,-446.68247314686465,0.010999441146850586,4,224,2889.0,65.0,595.0,12,58,8,54
2758.273633543271,568.5078971893589,9.6307197044179e-06,-943.4993491042643,-610.6962620190752,-935.5673717889528,-570.6687925691004,0.0,4,281,5854.0,96.0,1249.0,11,42,6,38
2444.4792390200414,500.1584228188771,7.235519201141168e-06,-426.2989263757983,-352.92824228728625,-421.0460827833128,-314.25027356893526,0.011000633239746094,4,379,4786.0,111.0,1002.0,10,45,6,42
2668.8371882713263,545.8720660557747,7.3973187199156e-06,-610.0436189838223,-521.2059881933875,-602.4885527857018,-439.3997598300336,0.0,4,355,5224.0,100.0,1096.0,11,46,7,43
1442.1241964257679,293.1174217215119,3.2428928367404387e-06,-150.11576085922997,-138.30818279941624,-147.7880312239348,-114.6038904502492,0.0,4,374,2142.0,112.0,434.0,12,66,5,61
2292.1064275028766,465.33254238232684,3.078849275847901e-06,-330.97523644280284,-275.4195101194117,-318.2508335864417,-246.67038665308576,0.0,4,424,3977.0,114.0,816.0,13,56,7,52
1132.4410258743426,231.22351199650956,1.1287437402193628e-06,-188.97565738692495,-90.00637951580693,-117.39608997764466,-76.1829102582842,0.010997772216796875,4,573,2017.0,168.0,407.0,35,66,5,61
4055.7227507868433,845.7753038386338,4.432679597260552e-06,-282.80110128190836,-224.64070074367766,-229.97078406718393,-206.45976727623164,0.0,4,1030,10120.0,230.0,2181.0,23,37,18,33
5144.334578972937,1105.3290893816798,6.175445288952176e-06,-245.22442734299372,-234.68311497643674,-181.24801176990394,-200.44975939109005,0.0,4,1544,14841.0,343.0,3347.0,39,30,31,27
3972.2940396576887,821.4360393035277,3.198667742155856e-06,-286.6064431748902,-434.40770327511405,-206.82214609285995,-320.29261666238864,0.0,4,1122,9336.0,229.0,1987.0,76,45,72,41
3849.5665150983773,801.2154373720799,3.3911985054224397e-06,-123.38622783888812,-129.3328236493374,-85.18805328497609,-101.48254651500778,0.0,4,1698,10270.0,371.0,2201.0,46,38,39,35
4919.830367375485,1049.0154262847298,5.045199033244235e-06,-103.01692336548112,-102.1024736790712,-79.52071222447255,-87.00162748893217,0.010999917984008789,4,2041,14272.0,430.0,3175.0,46,32,42,29
3627.544147445578,765.0486367981232,3.0232326870023427e-06,-25.8101876336991,-28.55846237411601,-20.988540704439497,-24.630777077758243,0.0,4,2755,10775.0,598.0,2308.0,49,39,48,36
4242.7984549312105,906.3506265973083,4.196730057671117e-06,-16.811338165555785,-16.920582308875577,-14.724577620356404,-15.59426902949907,0.0,4,3493,13987.0,736.0,3083.0,39,33,39,30
5671.307778340607,1253.942947931311,6.518176496115494e-06,-25.056993270857014,-27.96807483597167,-22.236074877884466,-25.835730690289004,0.01100015640258789,4,3758,18855.0,787.0,4375.0,44,28,40,25
710.4454060658004,154.28427496021752,1.432323623009579e-06,0.9142518099057505,0.9140566801163825,0.9235780340024906,0.919733075331353,0.0,20,6672,7668.0,1440.0,1591.0,36,39,32,35
1009.1717447439809,220.17994411891334,2.123834602964723e-06,0.9063831150290531,0.9068050578002019,0.9185561091661655,0.9141220794930218,0.0,23,9113,10995.0,1963.0,2330.0,39,41,35,38
975.9316836555676,226.45316267104977,2.6576057468042943e-06,0.9355023969330001,0.9258466768121428,0.9393130549286389,0.9281142297726737,0.0,14,10835,12604.0,2362.0,2699.0,31,32,26,29
1799.4013111731595,402.5586704395614,5.5352444902309e-06,0.9063059815304436,0.9071684256403771,0.9096704876799453,0.9087715892108992,0.0,11,17378,22945.0,4096.0,5316.0,26,26,23,23
2307.853438696984,571.3163516182376,8.620895862768157e-06,0.891340323780855,0.8714195951730168,0.894137626283395,0.8729615601850294,0.011000394821166992,9,21640,29666.0,5238.0,7330.0,22,21,19,19
2329.508536575477,603.8113197763934,1.015054538873506e-05,0.9055038893902936,0.8807443448306392,0.9078900024148201,0.8821586424194323,0.0,9,23936,32394.0,5921.0,8295.0,22,21,17,18
47.96548238056196,9.613900526494609,8.229763268867513e-06,-1.9730550647546377,-1.4325417223535863,-1.8952139556899823,-0.7919315620683245,0.0,4,96,99.0,33.0,31.0,10,8,3,5
651.9253136543582,132.03377093254085,1.2488200007128421e-05,-252.80263627164757,-165.26488668115493,-249.52983472226833,-146.8834471027459,0.011001348495483398,4,138,955.0,53.0,193.0,11,64,5,58
883.2090930710199,178.44268454231087,1.3562236808230609e-05,-348.8581061864731,-297.7067094863168,-339.3151979370297,-223.2419174046491,0.0,4,173,1416.0,48.0,289.0,9,57,5,52
25.656383221335,4.84338036224013,5.397965878861891e-06,0.23809514240489815,0.46853366897419757,0.3011667127453689,0.7117166938052373,0.0,4,107,120.0,45.0,38.0,7,7,4,5
17.70092982491786,3.3244673758864494,4.890943156286253e-06,0.641324166570298,0.7695935720732643,0.6651079044176383,0.847530307123683,0.010999202728271484,4,99,109.0,41.0,33.0,9,7,3,4
1708.4411327776754,348.32623597235204,1.1689684401327824e-05,-981.3928771772362,-714.5835517693318,-964.0742964066841,-574.7215925154857,0.0,4,181,3226.0,60.0,673.0,9,49,8,45
1899.2685461557737,388.4947178963098,1.1928491867111258e-05,-797.1851484973314,-644.4808537336347,-789.3412812077946,-567.2704994030632,0.010998725891113281,4,216,3749.0,70.0,788.0,10,46,6,42
1233.5945444107638,249.44738924270183,8.435859621354022e-06,-270.4139404459952,-227.6129509618819,-266.202278900461,-184.5528841673656,0.0,4,251,1939.0,72.0,396.0,9,57,5,53
107.98437386955578,21.74904212450133,4.323416434647727e-06,-1.7112697776795174,-0.9829838645113866,-1.6708327158803216,-0.6611186304276258,0.0,4,225,236.0,75.0,75.0,8,8,5,4
1268.7723273897489,257.7377543162817,6.662065952909233e-06,-436.9512169547579,-348.11798300964364,-430.9317734274258,-284.93847522436886,0.0,4,186,1939.0,66.0,394.0,9,66,6,61
2555.3320499333677,523.6767649673477,8.593774950184375e-06,-572.4263168891532,-501.2997567374195,-566.1522517517727,-432.0363336013891,0.010999202728271484,4,348,5130.0,98.0,1082.0,10,45,7,41
1017.2466719860364,209.57007081960282,4.873443446184991e-06,-190.80787144961482,-189.15106734816595,-188.3734921380291,-154.87626266640686,0.0,4,227,1479.0,62.0,299.0,13,77,4,74
2604.9340122800295,533.1334846921548,7.36830031357971e-06,-844.051397789602,-677.362151625637,-835.6816905155961,-624.1656724638665,0.0,4,265,5087.0,82.0,1066.0,12,49,6,45
3181.748811581455,658.1225269026024,7.457364723415543e-06,-554.8938900250846,-452.4032484066015,-548.3832938540364,-417.02670201761623,0.011001348495483398,4,429,6935.0,112.0,1485.0,12,40,10,37
4188.122108017706,890.4332512883826,1.0774021066968052e-05,-809.5085172274704,-720.9409864260796,-800.7498201011947,-661.1294925077316,0.0,4,446,10747.0,130.0,2422.0,12,32,6,29
4185.155375948822,885.5666735674583,9.02051142560529e-06,-394.1002280768084,-346.43071621954226,-386.9998239119195,-333.6865110203361,0.0,4,624,10676.0,156.0,2381.0,16,32,9,29
5593.759094964673,1226.1066302528504,8.660237343308142e-06,-360.873395932956,-348.50047707458833,-277.7487469521459,-305.43352572289194,0.010998964309692383,4,1304,16958.0,283.0,3970.0,31,28,26,25
5078.971050033986,1098.5659734019923,6.123125157049071e-06,-90.51374534217719,-88.66814900198092,-72.52218447330762,-78.02635311976162,0.0,4,2144,15506.0,464.0,3515.0,39,29,30,26
4638.21616999287,991.4195788111107,4.681040148728506e-06,-49.17766799702202,-53.110194188803476,-39.99584583255867,-46.11602217525647,0.0,4,2639,13907.0,559.0,3082.0,50,33,47,30
5155.200550778796,1124.4889811598866,5.437573534320007e-06,-21.014677722974348,-22.95633142119418,-18.444718046879117,-20.985730348102777,0.0,4,3755,16746.0,784.0,3805.0,48,31,37,28
349.3677903602112,84.4887740541693,8.652450497140165e-07,0.9548069417026438,0.9427520250513864,0.9654084335768766,0.953708750091917,0.01100015640258789,32,4756,4848.0,1032.0,991.0,46,44,41,40
703.1579772893435,149.87507618526325,1.2617866721418165e-06,0.8852560922450903,0.887864546310512,0.8991223337077288,0.8981242828522463,0.0,22,5728,6582.0,1268.0,1360.0,39,39,31,36
530.6205486660564,120.27361967507085,1.0805220071892256e-06,0.9471337938752108,0.9411750134915788,0.9533388422401476,0.9457976842697489,0.0,22,6475,6776.0,1387.0,1400.0,37,39,37,36
1173.1772792598008,259.289206981592,2.7158313865284508e-06,0.9009154883310935,0.897842592416539,0.9077659949267592,0.9017240679966224,0.0,16,10402,12989.0,2282.0,2793.0,33,34,28,30
1579.8768139087417,345.9329547692765,5.07582608369688e-06,0.9171656769513885,0.9207040768571674,0.9211534257393552,0.9226343427222536,0.0,13,16160,20616.0,3710.0,4690.0,29,29,25,26
152.02583387920183,30.956791123542935,1.0211238478346284e-05,-30.04965274492805,-24.004258017756836,-28.69110644347665,-16.49150131948193,0.01100015640258789,4,97,184.0,35.0,36.0,8,76,3,61
1261.336844548936,255.86499532631137,1.2043655778551406e-05,-424.012359905338,-370.9058817727916,-418.36702461078244,-313.9574707672602,0.0,4,217,2185.0,55.0,450.0,10,53,5,49
13.452462599836506,3.3942353090693835,3.442355305328598e-06,0.9250064615180403,0.8897004513746409,0.9280672677250339,0.9321472392638037,0.0,4,168,175.0,63.0,63.0,8,6,5,4
2235.5270910906,461.8183828627873,1.3389020814094522e-05,-832.0288138845133,-686.3413508730275,-823.1571903417552,-599.41251292127,0.0,4,267,4799.0,78.0,1027.0,10,41,7,37
1621.68622697179,328.99621641694705,9.732996365675235e-06,-708.9233087011013,-616.8437983113331,-695.590352279147,-467.8533621870595,0.0,4,196,2842.0,63.0,587.0,9,54,4,50
1315.9864527228235,266.2833508063669,8.524180497034235e-06,-295.21145775521785,-249.86588400955594,-292.3884763195238,-218.71431882171842,0.010999679565429688,4,239,2084.0,66.0,425.0,11,59,7,54
915.9628358545267,187.68904358894616,6.629152942284191e-06,-380.07307965400537,-276.82370096529064,-372.77601257521195,-221.78951920992873,0.0,4,155,1322.0,55.0,267.0,9,75,5,70
1151.3173930690587,233.39092295260042,6.177048274686049e-06,-180.05851682784711,-143.71167995572236,-177.7765641349008,-119.07976924830947,0.0,4,283,1678.0,85.0,340.0,8,62,5,57
2747.3812758698054,568.1345204556164,1.1542195501800933e-05,-1045.4223050227556,-869.4524819959789,-1034.536057968917,-760.7107470359075,0.0,4,273,5970.0,83.0,1281.0,10,41,6,37
2094.250639150752,426.66264239638633,7.908331657953201e-06,-291.72113701946057,-247.03343245169594,-289.03174378241715,-218.7230845480528,0.0,4,389,3889.0,108.0,808.0,12,46,7,43
1543.7584007868588,312.82376561465617,5.371491091849998e-06,-141.95633102504542,-114.89770287941967,-140.289522663483,-100.32049180327868,0.010999917984008789,4,412,2432.0,119.0,496.0,11,55,5,51
2766.3308731964803,568.0109392285798,8.27823661146218e-06,-479.73398987072915,-432.1286438770717,-475.46575365547494,-395.8540958115257,0.0,4,379,5705.0,103.0,1207.0,15,43,8,40
2929.455303465134,602.2991798793464,7.058804031750661e-06,-341.74818042089805,-272.32045130746775,-336.99790687985467,-255.5876790310764,0.0,4,503,6177.0,149.0,1307.0,12,41,7,37
2265.1476612096026,459.9141224185228,4.326768655233219e-06,-354.47414645508377,-300.4349694572067,-349.0838799059023,-269.4405249733103,0.010999679565429688,4,365,3995.0,103.0,824.0,13,54,5,50
976.7980695875683,201.0394343572093,2.5222948655311492e-06,-89.07246351737771,-71.5034293371246,-87.1936942538791,-62.7357972908798,0.0,4,337,1411.0,91.0,284.0,14,74,9,69
3699.488894879039,770.5209479631296,6.473027478160053e-06,-493.7930702852144,-427.80153929490365,-479.9044937582267,-406.08649258304104,0.0,4,558,8529.0,144.0,1841.0,11,38,11,35
2001.7110389197871,406.20857481101996,2.8781494723553315e-06,-476.7562712080008,-328.2705967639155,-443.47094901182703,-303.25417529076066,0.010999679565429688,4,378,3373.0,109.0,689.0,12,61,10,57
3971.568705079476,830.8116262627368,6.178529201803059e-06,-835.9062450257921,-626.6061127940256,-761.7940825922384,-586.7923269562798,0.0,4,545,9469.0,131.0,2059.0,17,38,8,34
4551.665640638234,968.7920367223642,7.817798046875806e-06,-463.3818589075353,-382.59594554448,-425.87424635105526,-359.1592931631205,0.0,4,776,12157.0,186.0,2729.0,20,31,9,28
3187.677905165974,659.1744758281629,3.5829857958934864e-06,-339.80292803638827,-266.8965463721655,-251.35408237112014,-231.5902680787075,0.01100015640258789,4,864,7325.0,200.0,1542.0,23,41,5,38
3442.4679646294458,711.8610000086627,3.7084828740485317e-06,-263.3817526472544,-222.6652229376479,-197.0371729571463,-194.859792807661,0.0,4,1007,8321.0,221.0,1766.0,37,40,40,37
4458.564563707696,943.6110328148987,5.354655869794052e-06,-419.0123520123796,-427.4894532429165,-276.8890941179882,-335.22044456653686,0.0,4,1182,11971.0,260.0,2637.0,45,35,44,32
5442.46142326705,1193.9504500117805,8.445664918215286e-06,-181.9511663796407,-171.23168427362063,-147.86517128284544,-154.86277325874076,0.01100015640258789,4,1597,16831.0,347.0,3930.0,33,27,27,24
5451.604191466643,1189.995758921014,6.750961303967281e-06,-59.43788470560105,-64.47383530865979,-49.351480178765414,-57.03798297342955,0.0,4,2724,17079.0,565.0,3937.0,44,28,37,26
4356.328282414753,931.6979459567355,4.4489346262062965e-06,-24.65145953754679,-25.84961378032112,-21.12595953988324,-23.376643619505643,0.0,4,3055,13619.0,651.0,3010.0,43,33,46,30
453.1886544494899,96.93573248232077,1.029695084789389e-06,0.9253778872634472,0.9254537066076478,0.941439149673512,0.9399303976566429,0.01099848747253418,31,4698,4982.0,1018.0,1020.0,45,44,36,40
755.3867386974702,169.74237832668658,1.8836138006474448e-06,0.9312857248226738,0.923892538608032,0.9375299431349794,0.9285933143744526,0.0,20,7895,8685.0,1699.0,1817.0,37,38,33,34
1178.9584588182263,255.04166326308336,2.4815811282538048e-06,0.8876748359796798,0.8891488702757835,0.8952262315529044,0.8931596342213841,0.010999441146850586,16,9750,12385.0,2122.0,2656.0,33,34,29,30
1305.1422875704386,283.1985412976265,3.559925539359952e-06,0.91047315879158,0.912252069818748,0.9148837313988053,0.914474021261993,0.0,13,12289,15672.0,2778.0,3438.0,30,30,26,27
1122.2073947277345,257.3854169792128,4.085635456884566e-06,0.9423399115949606,0.9359917398467733,0.9450219128077532,0.9375209853300378,0.0,13,13264,16108.0,2942.0,3543.0,28,30,27,26
1319.0481240229153,298.4496373703805,4.6113441208193716e-06,0.9354163077903035,0.9328851969493113,0.9385650714957219,0.9346685640214281,0.0,14,14937,18488.0,3447.0,4140.0,29,29,25,26
1457.986726775846,336.43910701235774,5.079914809449184e-06,0.9296645827070983,0.9234809115929679,0.932545785782541,0.9250332418342233,0.0,12,16166,20330.0,3658.0,4620.0,27,27,24,25
1398.2864553127556,335.4944112798304,6.251273731459669e-06,0.9453828834564046,0.9358607378388629,0.9469835841008176,0.9368525598875355,0.010998249053955078,10,17890,22145.0,4088.0,5100.0,24,24,20,21
2007.4544632997836,480.2055346990032,7.655741407027406e-06,0.911161916800681,0.9016517800446966,0.913755790767177,0.9030166292595926,0.0,10,20547,27411.0,4944.0,6636.0,24,23,20,20
2122.9344897631877,535.0135004391701,9.657618998959756e-06,0.9212899580347143,0.9064053203209552,0.9229482454037482,0.9072691002864343,0.0,8,23968,31717.0,6129.0,8054.0,21,20,17,17
2110.5180283110794,552.7697452867222,1.1304486459769931e-05,0.9313176645257533,0.9136469889539632,0.9325765677920947,0.9145311461176638,0.011001348495483398,8,26021,33998.0,6527.0,8820.0,19,18,16,16
203.141448052008,41.30173523392611,7.886085407872628e-06,-11.767018146774879,-10.581363688601154,-11.520158586145,-8.091211902514846,0.0,4,182,247.0,54.0,54.0,13,51,5,4
54.37159951052878,11.06985395868738,6.261519665394033e-06,-1.1275529471517096,-0.8616900447229996,-1.0294974433375175,-0.10170443903352688,0.011002302169799805,4,141,138.0,51.0,44.0,8,7,3,4
1730.2490277173013,356.178706316553,1.681635699127813e-05,-1521.8950728048023,-1127.0924185775007,-1501.5552645665862,-975.4534305707888,0.0110015869140625,4,154,3623.0,53.0,772.0,9,43,5,40
1176.005234894811,238.00096288320628,9.787244005423266e-06,-216.5796536307317,-178.19185411886824,-213.5613755393149,-148.25076383773157,0.0,4,258,1891.0,94.0,386.0,8,53,6,49
1773.2206750712107,360.6207177677585,9.184208606683521e-06,-610.4099550065356,-470.1504984458334,-600.2729651277155,-379.41991858683963,0.0,4,230,3230.0,70.0,670.0,11,50,7,46
1233.249138455,249.6160176150561,7.354686389084232e-06,-151.49449552993372,-127.04350471819174,-149.7012627099947,-109.24538958021814,0.011002302169799805,4,302,1895.0,97.0,386.0,9,57,6,53
2472.6202974611097,508.51578351446807,9.641188317929274e-06,-601.4765215003603,-513.5237029819557,-591.5494718934161,-415.09945765971014,0.0,4,328,5136.0,96.0,1090.0,11,41,6,38
1619.2416820845492,327.9113669626799,6.580711786800619e-06,-285.3460925592315,-205.77222467048597,-281.62046516763627,-176.13410699895803,0.0,4,314,2672.0,107.0,547.0,8,53,7,49
2340.0480875578887,478.5851652701603,7.815965746882376e-06,-304.2402617665563,-246.7995165316499,-300.6825317285936,-218.75782485317555,0.01099848747253418,4,413,4600.0,141.0,963.0,10,43,6,39
2377.926263049382,485.6393123159066,7.063737076557415e-06,-368.9617204523978,-304.1789036682923,-365.5214976442325,-274.04107180775725,0.0,4,372,4564.0,122.0,953.0,11,45,5,42
3236.24856604835,674.4417367349088,9.62531340800122e-06,-514.515837612547,-431.57186325597706,-508.86831919004067,-392.5056403520527,0.010998249053955078,4,432,7465.0,123.0,1621.0,11,36,6,33
3314.2185274837666,689.8257705754403,8.12636174663381e-06,-374.22273035986433,-289.0164681971145,-368.853221620573,-265.0468470529367,0.0,4,576,7581.0,167.0,1635.0,11,36,5,33
1448.6497197102779,293.14245683626245,3.950393142192252e-06,-121.59345349035895,-94.52092023840609,-119.66353732700597,-77.10184618891938,0.0,4,384,2160.0,143.0,438.0,9,60,4,56
4428.047402872211,942.3528123355215,7.904917784220744e-06,-282.25486271026654,-241.55008750573617,-264.4718121008382,-232.4494125561958,0.0,4,896,11902.0,214.0,2669.0,20,31,12,28
4149.281239212803,876.8405107258674,4.735454949953662e-06,-128.1232510714911,-133.84871968493687,-94.6134971216808,-111.54105845926851,0.01100015640258789,4,1651,11625.0,363.0,2542.0,40,35,37,32
3835.7993748044228,816.3208366404311,4.2642902131609015e-06,-24.17003410103558,-25.684762207490763,-20.713595120656013,-23.348326435476178,0.0,4,2760,11893.0,590.0,2597.0,41,34,39,31
2918.135668753254,613.3515424153862,2.800846489883026e-06,-7.361531732674557,-7.274400884361761,-6.391319003797733,-6.629404759557602,0.0,4,3490,9949.0,778.0,2123.0,47,40,47,37
3606.2341247484196,766.736394021222,3.6021258606267243e-06,-7.949592118826713,-8.098555880888465,-7.099453730852058,-7.540852748613201,0.010998249053955078,4,3894,12414.0,847.0,2707.0,45,35,36,31
645.6353459964843,136.81003658763896,1.2665057167265752e-06,0.847810468628714,0.8475165590514495,0.8744997946265145,0.8735120883755543,0.0,28,4688,5152.0,1016.0,1057.0,37,42,35,39
573.42605451793,124.35556548328131,1.2406618593791697e-06,0.930078704369763,0.9294960340937887,0.9398793930777122,0.9372275769834215,0.010997772216796875,25,5926,6467.0,1276.0,1335.0,39,41,35,37
1190.3953027226653,261.5611227423383,3.2580282664707803e-06,0.8849992509122127,0.8815436237180766,0.8911617129634847,0.8855228976649184,0.0,14,9650,12357.0,2157.0,2654.0,30,31,26,28
1020.2344540234224,231.307256822659,2.7801865577827575e-06,0.9219685837434556,0.9141925328317182,0.9263353863542374,0.9170729949519016,0.0,15,10192,12268.0,2230.0,2629.0,31,32,27,29
1134.6884830156566,257.04001588749145,3.6919009844985453e-06,0.9339779505501915,0.9289353282379903,0.9372774365637141,0.930829310355448,0.0,14,12550,15251.0,2765.0,3341.0,29,30,25,27
1083.029720275487,250.6502226029514,3.994076653128392e-06,0.9472359064091341,0.9407094140111734,0.9494512756793916,0.9419066784602035,0.0,12,13484,16224.0,3018.0,3572.0,28,29,24,26
1542.1619359787119,334.6362238294751,4.597652140990458e-06,0.9003079545289784,0.9049102928298429,0.9045261880448838,0.9070659639023667,0.011002540588378906,13,14157,18327.0,3264.0,4112.0,28,28,24,25
1240.5584198988042,284.0796543225157,5.362598342235119e-06,0.9440964965018297,0.9397194625692973,0.9461454986575465,0.9409048633664486,0.0,12,15180,18690.0,3447.0,4199.0,27,27,24,24
1565.7225949843237,366.502584498997,6.408122562245251e-06,0.9344551996049681,0.9284298076877672,0.9362584911608647,0.9295019982538835,0.011002063751220703,10,18303,23275.0,4240.0,5421.0,24,23,21,21
1739.3921958865722,406.68163906864,7.268110036794472e-06,0.9250127247901064,0.919249516344205,0.9270320187887755,0.9204070304887385,0.0,10,19165,24914.0,4490.0,5898.0,24,23,21,20
1660.191796810779,404.09297428702206,7.538160448179092e-06,0.9389850346424821,0.9296228641572117,0.940430563607763,0.9304667419852408,0.0,9,20752,26274.0,4957.0,6293.0,22,22,18,19
2083.229393639054,536.445284701302,1.0361824124734065e-05,0.9266872884518292,0.9098998851547199,0.9281293265251217,0.910760118283186,0.010999917984008789,8,24590,32311.0,6255.0,8214.0,20,19,16,17
1014.6147000627053,206.1686203087172,1.7412392274053344e-05,-495.5333998493866,-366.35899049367805,-485.687196924017,-297.07089809266614,0.0,4,162,1815.0,57.0,376.0,10,49,5,45
333.3776480959694,68.12327979479555,9.575908640556076e-06,-66.78349248954731,-54.220290139492135,-64.95109995734921,-39.12549716113785,0.0,4,150,423.0,49.0,85.0,8,72,4,67
1342.1754767602733,273.83501343570606,1.5236615974659879e-05,-502.32795796135565,-385.77386178688874,-494.5849583002873,-331.9303024697067,0.0,4,199,2550.0,65.0,532.0,10,46,6,42
5.173047135554311,2.0129787215301937,2.001104009076305e-06,0.9799755768031594,0.951240657854192,0.9807163924025739,0.966340017738551,0.0,4,132,140.0,49.0,50.0,8,6,5,5
1214.8772614616946,245.407611604313,7.696155465900906e-06,-192.03533988853852,-149.418651466333,-188.83979128055708,-122.75285858981088,0.010997533798217773,4,282,1864.0,101.0,379.0,9,56,5,51
126.00632424604727,25.488763864364497,4.331813406409419e-06,-1.7920134107097012,-1.188751556820712,-1.742006840189477,-0.7283165810207457,0.0,4,258,248.0,85.0,85.0,10,9,5,4
2906.5110563755534,602.3510362183611,9.446293577010333e-06,-434.56448819520693,-380.40712486768615,-429.7626948417258,-338.75142059864135,0.0,4,454,6403.0,121.0,1374.0,14,38,8,35
2723.361952241506,559.7713074699941,8.430494040354595e-06,-730.7963792238735,-663.5394708864187,-720.3121684689057,-556.7984468582342,0.0110015869140625,4,322,5631.0,89.0,1192.0,11,44,8,40
3592.055443962412,758.1474062366325,1.1216771058770319e-05,-425.5855837173027,-346.1364971926608,-420.55925128245855,-321.126892414382,0.0,4,547,9003.0,151.0,2003.0,14,32,7,29
3857.248300008267,817.4883090397481,1.0224796704515996e-05,-388.32011093625175,-315.5202484928896,-382.3977233671118,-295.9723574888937,0.0,4,596,9886.0,173.0,2211.0,11,31,8,28
3159.5014951597454,653.0270221565618,6.187711764474306e-06,-322.7961513676584,-276.5596114529031,-314.59463285402256,-257.72204166345676,0.0,4,521,6951.0,142.0,1480.0,17,40,8,37
4300.261615103589,911.7138908396647,7.384284570038126e-06,-485.3994917698447,-391.01564676146427,-420.6007573223082,-369.2238964407396,0.0,4,788,11325.0,169.0,2520.0,22,33,7,30
4258.687914135056,897.4685057148245,6.540535360257291e-06,-1114.2887402014624,-779.5011223280832,-904.8086180219204,-696.2310369416294,0.0,4,600,10716.0,166.0,2360.0,15,34,6,31
4510.504001079037,967.8560606653588,7.436784860443519e-06,-183.70081697893767,-167.12566674438358,-160.05227140490766,-156.98000807260624,0.010998964309692383,4,1278,12914.0,276.0,2911.0,25,30,19,27
3524.898865274955,732.4373053374603,3.837338719244375e-06,-292.5497669637669,-310.82947208006766,-198.5653541879133,-247.97377074097236,0.0,4,1089,8832.0,243.0,1887.0,36,40,36,37
4062.223904720582,858.857914131707,5.028703274512868e-06,-130.15046833166,-117.8433141025575,-103.08451091467626,-105.92519076601769,0.01099705696105957,4,1488,11294.0,322.0,2470.0,42,33,24,30
5028.730205446169,1103.1971246487788,6.5017933722825205e-06,-27.187879241489142,-28.89526449656226,-23.951731099535255,-26.72239857029411,0.0,4,3263,16486.0,714.0,3783.0,40,28,36,26
263.9691052464098,61.54020410521463,7.449683995418871e-07,0.9601885844002537,0.9430665707174946,0.974652476630508,0.9681249404426933,0.0,39,4046,4028.0,842.0,807.0,41,40,31,40
635.7529336801575,148.01400724750147,1.7149152071865892e-06,0.9520829553507928,0.9434397514553897,0.9557070227785631,0.9463657338138739,0.0,18,8015,8614.0,1713.0,1803.0,34,35,29,32
1097.307826052598,245.34432377640678,2.854481056434257e-06,0.9012304825508166,0.8941244398922755,0.906558337155883,0.8975723976401784,0.0,14,9625,12075.0,2114.0,2591.0,30,31,28,28
913.9890919704479,212.18209388130617,3.131294865385397e-06,0.9437133523652352,0.9353640590757824,0.9474102509911848,0.9378398635432029,0.0,17,10610,12456.0,2343.0,2674.0,34,34,28,31
1119.5568561787595,242.74665756511695,3.5871029462358138e-06,0.9235196396897585,0.9253903709940419,0.9284102497194242,0.9282123231732364,0.0,17,11407,13795.0,2467.0,2995.0,33,33,30,30
1109.3748161728843,246.95418161288939,3.862321303982081e-06,0.9361659039865181,0.9331234685755273,0.9389385449082447,0.9347145374949283,0.0,13,12435,15175.0,2744.0,3327.0,28,29,26,26
1159.8154192879924,253.43972297534216,4.126997327553902e-06,0.9365029634189083,0.937381276819074,0.9390659275222785,0.9386713693265165,0.0,12,13207,16128.0,3005.0,3558.0,28,28,25,25
1869.8081975572184,473.79927184410064,9.162712954489887e-06,0.9343877765167095,0.9192841649910636,0.9356945108798402,0.9201154903457464,0.01100015640258789,8,22798,29529.0,5623.0,7349.0,20,20,16,17
446.11700866103126,90.45561757016532,1.21070879226683e-05,-65.13771806228876,-51.1342388414879,-63.61217676126827,-39.6612810048266,0.0,4,192,594.0,63.0,119.0,9,59,5,52
1378.0809611255308,283.91533362371723,2.0088378073721938e-05,-436.8178503459081,-333.18920888553,-432.3154982004556,-294.34868454197516,0.010999917984008789,4,229,2868.0,70.0,609.0,11,39,7,36
916.9159528459156,185.77172932571486,1.775868791133706e-05,-498.81686433124577,-446.5331145769426,-484.2959918707012,-318.5910130525083,0.0,4,148,1593.0,46.0,329.0,9,51,4,48
1576.7587567802925,320.3545074080692,1.0858067742007347e-05,-558.2707971368881,-445.85960505950186,-547.1191440057521,-346.81448139518466,0.0,4,218,2855.0,73.0,592.0,9,49,6,45
1263.9273738035743,255.59658562534307,9.269621125562219e-06,-198.55964882146733,-162.73978199856407,-195.59351186968973,-132.98415769329043,0.010998010635375977,4,305,2038.0,93.0,417.0,9,52,5,48
1883.6968362327664,385.62630334733825,1.1206385925106506e-05,-421.4104978218215,-344.8739772602234,-414.7860239856542,-284.61784651631046,0.0,4,306,3675.0,103.0,770.0,9,44,6,40
2313.404476271569,478.43009329124214,1.27366484246646e-05,-633.681420502345,-529.6313807838708,-626.6824822306967,-451.7217339851464,0.0,4,301,5011.0,93.0,1073.0,11,39,6,36
1568.6875385971548,317.6838214587999,5.9521810289189144e-06,-105.63400175549192,-85.54987963964754,-104.53689256417866,-76.661591967372,0.011000394821166992,4,471,2591.0,137.0,530.0,12,51,5,47
2991.218959652291,616.6413142311069,5.5507003318444754e-06,-254.76873980884807,-208.24792774888138,-246.64000572413582,-197.85364484742132,0.0,4,618,6486.0,146.0,1372.0,13,41,9,38
3452.7640512710973,716.6492924250559,5.537662829016336e-06,-296.8060799661828,-246.31324609985597,-277.61151764637253,-232.6555573163769,0.0,4,698,8023.0,191.0,1717.0,18,38,6,34
4014.66644395895,842.6969107178057,6.65052115790649e-06,-391.8848430290537,-325.56934616597545,-362.82663601873656,-313.45292601147344,0.011001348495483398,4,732,10101.0,176.0,2218.0,14,34,11,31
4528.491134840979,969.78248205461,7.1476661552661855e-06,-326.5605649861477,-296.84964524657,-246.17264382088564,-259.07073588962805,0.0,4,1132,12781.0,255.0,2876.0,33,31,19,28
3953.2773336920513,830.8453839814803,5.0810774390631806e-06,-238.07446071694355,-185.68828290086282,-175.52957931059788,-164.5570163657374,0.0,4,1214,10565.0,286.0,2301.0,28,33,28,30
4534.086907342352,983.7898816566473,5.478300418997223e-06,-16.047370402486372,-16.982268281623714,-14.236676954751795,-15.678980204582,0.010999679565429688,4,3671,14966.0,767.0,3372.0,47,31,35,28
477.9824413989642,107.53623973871719,1.2500328865467887e-06,0.9131865967966302,0.9016594282592512,0.9290297066424003,0.9198855618363515,0.0,30,4617,4822.0,1011.0,988.0,40,42,39,39
504.90208718825755,114.54635588729492,1.228701260817146e-06,0.9323426805549377,0.9272249800068056,0.948544422665074,0.9402088671425654,0.0,32,5518,5878.0,1188.0,1211.0,44,47,44,44
799.7056958656729,185.80622417232547,2.733052343885835e-06,0.9450512393690262,0.9358348312400916,0.9481996125121159,0.9379535482366465,0.010999917984008789,15,9413,10813.0,2044.0,2299.0,32,33,28,29
1173.3593000691747,264.0446040751003,4.31172884576646e-06,0.927135365188886,0.922219230759181,0.9309557840902671,0.9245002245398257,0.0,15,12306,15180.0,2702.0,3332.0,31,31,26,28
1389.6450076156182,310.0691115422242,5.235519940714915e-06,0.9129770415191535,0.9103339788987398,0.9161615795889712,0.9120140760869682,0.0110015869140625,11,13648,17484.0,3130.0,3910.0,27,27,23,24
1410.7501944395085,326.4850005062339,5.868618617054256e-06,0.9380619093052237,0.9334972895862005,0.9399242082552006,0.9344137885293075,0.0,10,16902,21122.0,3953.0,4857.0,24,25,23,22
1629.845316450477,384.38127772651296,6.608786169098649e-06,0.9257580893978922,0.9164922342362654,0.9279928589599713,0.9176690500263192,0.0,10,17878,23202.0,4191.0,5438.0,24,24,22,21
1564.9914128269913,368.40301000097406,6.932894312036099e-06,0.9365547587453247,0.9304778376266313,0.9382923889693376,0.931442262371273,0.0,10,18769,23822.0,4343.0,5589.0,24,23,20,20
138.2797587019397,27.815425876061408,9.16296956478437e-06,-7.288763573580033,-5.709127194340184,-7.080009722541776,-4.152919074021655,0.0,4,161,186.0,51.0,53.0,7,15,6,5
951.2981590962951,192.33651066121934,1.3369821937951808e-05,-432.0595902091472,-329.3593898831298,-425.07183417572304,-276.0147838045071,0.010999679565429688,4,156,1546.0,50.0,316.0,8,57,5,52
1627.9997696560033,332.3698053373682,1.2729042347234302e-05,-385.3300777244313,-296.77249880448016,-379.0603918856828,-242.40019265288814,0.0,4,268,3129.0,92.0,654.0,10,43,5,39
1610.2077926207744,328.0162756378612,1.018592534060043e-05,-247.7660408502939,-214.89894390308427,-244.85639166586722,-182.50936744267355,0.0,4,330,2944.0,101.0,610.0,13,46,7,42
2124.6850550924796,438.09127901614295,1.2722484204488594e-05,-454.50763130873537,-358.17879283669544,-450.72709937031743,-319.8728894319387,0.0,4,320,4464.0,110.0,948.0,10,40,5,36
1816.6476996334027,369.56631396363315,1.0032005449924027e-05,-435.0115526688873,-307.50489320343604,-427.02524205572,-253.1864666096966,0.0,4,305,3347.0,103.0,696.0,8,47,5,43
2687.7355187499384,560.8516310784282,1.3296915882324576e-05,-760.1183809773231,-642.5675874396933,-753.6180357397811,-572.2145911267755,0.011001110076904297,4,299,6209.0,95.0,1354.0,11,36,8,33
1543.7165246033137,312.6749343700792,6.619072804411372e-06,-247.98976619201076,-229.64214048363775,-244.42560165974743,-188.8387942711983,0.0,4,300,2479.0,83.0,506.0,12,58,4,54
1409.297368519741,286.00779418283923,6.024995132346486e-06,-496.3081612658703,-437.6910512901086,-484.5653980625407,-332.1322819781316,0.0,4,200,2159.0,63.0,439.0,9,66,4,61
1989.999521042656,404.64588428237676,5.361261843775907e-06,-196.7349801333479,-163.62429045208586,-194.25176229789977,-139.26194810293754,0.0,4,432,3516.0,130.0,724.0,10,49,7,45
2318.796151831808,473.3957008500746,6.159768473712612e-06,-279.6959833781401,-228.53257251376297,-275.29615511008654,-208.09493807752398,0.0,4,440,4433.0,129.0,922.0,11,46,6,42
3610.4339492758118,762.0086736711072,9.626901748232612e-06,-330.72713547190625,-284.07264435934775,-325.7224329532652,-273.21997134476675,0.0,4,629,9024.0,166.0,1995.0,11,33,7,29
1557.3041844535917,316.43650626942525,3.1282751558041993e-06,-98.39496272056742,-67.59082783389225,-95.33742631631746,-60.30143485747084,0.0,4,527,2540.0,145.0,517.0,12,55,4,51
2923.6665336525643,599.506567937333,5.3114274785014795e-06,-450.4391360523528,-407.04178199272593,-436.43241528199303,-367.1951010874521,0.01100015640258789,4,459,6065.0,120.0,1277.0,13,44,6,40
2906.0402863403897,596.22604773693,4.5448883799738945e-06,-228.42469765371675,-186.04175533270828,-214.12114377119545,-165.48364329541585,0.0,4,674,6303.0,184.0,1326.0,10,40,4,37
4213.930825250932,895.7721471352709,7.807523042395572e-06,-423.3482036552541,-369.5284854878897,-385.59988208594666,-350.8989584849904,0.0,4,741,11126.0,182.0,2481.0,19,32,8,29
2417.995485245303,495.9328856643138,2.5748593151492303e-06,-72.43533050074906,-66.71434509512892,-53.50158432380122,-57.16168380772508,0.010997533798217773,4,1332,6113.0,290.0,1273.0,48,45,45,41
3907.0733798884985,825.9847027437413,5.115612067658377e-06,-73.63380823417837,-66.71672210246932,-61.20337070292344,-61.110350333257664,0.011002063751220703,4,1747,11236.0,409.0,2460.0,40,32,37,29
3932.1153843489046,833.4127691306392,5.083678801145645e-06,-55.717691802991034,-54.083434911346174,-46.209631552640175,-48.96049652266301,0.0,4,2014,11589.0,431.0,2545.0,43,33,33,30
560.90310581922,124.08648549440403,1.2609650013712716e-06,0.8941586871801965,0.8829700677383261,0.9171282262790981,0.9064172061360354,0.0,32,4943,5251.0,1063.0,1079.0,42,46,37,42
708.1146781672425,160.9175613115658,1.754094453406721e-06,0.9136285165595945,0.9030748267788932,0.9228085102931429,0.9102157223646137,0.01100015640258789,22,6594,7447.0,1402.0,1551.0,37,39,33,36
819.4097469113566,178.6348437662916,2.5531826604048175e-06,0.9286000059968658,0.9287925120539818,0.9345381692860371,0.932461797469817,0.0,19,8528,9720.0,1843.0,2056.0,35,36,32,33
1146.7972321061231,254.94816387858188,3.6061776180322578e-06,0.9056188127657928,0.9015136547060026,0.9120312775260369,0.9051954806177621,0.0,17,10541,12966.0,2254.0,2806.0,33,34,32,31
948.1808340805287,207.1606651284712,3.2451909311840942e-06,0.9415765674477565,0.9423130198680709,0.9449395805112325,0.9441067056732094,0.0,15,11012,12953.0,2420.0,2795.0,32,32,27,29
1456.9690011989087,326.45696152367884,5.191590098947462e-06,0.9085686635722378,0.9052735853628172,0.9119574834349857,0.9072307693383297,0.01099848747253418,12,13757,17982.0,3210.0,4043.0,27,27,23,24
1278.6488040290594,289.61398175324047,6.673849847583679e-06,0.9368104071852357,0.9336458854255096,0.9390123542814474,0.9347512696183,0.006506681442260742,11,14931,18479.0,3358.0,4165.0,27,26,24,23
1498.7108058412919,328.14222249173935,5.9651645744451e-06,0.9250935199313084,0.9287455600152419,0.9277785221400112,0.9300622830202594,0.0,12,16163,20624.0,3780.0,4729.0,27,26,22,23
1657.3717410140937,407.8935704753936,8.612076645062262e-06,0.9444326301808086,0.9353551673273046,0.9456537220201375,0.9360553126398854,0.0,9,21897,27782.0,5347.0,6784.0,22,21,18,18
2187.431232713262,598.1750831550298,1.3113091107927915e-05,0.9303524695018717,0.9058047624768597,0.9314414009761842,0.9065714932294792,0.011001110076904297,7,27183,35583.0,6959.0,9477.0,18,17,16,14
2416.957908593961,682.524701446846,1.5742396851776832e-05,0.9209588477974414,0.8906990528059374,0.9220418875420295,0.891337367144825,0.0,6,28866,38446.0,7768.0,10782.0,17,15,13,13
11.211508224439148,2.7950849718747373,3.64530283810618e-06,0.9361125235628196,0.9359731371739965,0.9381560192382085,0.9535445795505717,0.0,4,157,171.0,73.0,73.0,7,6,5,4
57.115015538823066,11.422291801560666,5.711167065732986e-06,-0.40365566143447507,-0.21673927232434242,-0.3637976532667575,0.12222054024960494,0.011000394821166992,4,172,162.0,49.0,48.0,9,8,3,4
1596.4195648648677,326.8189164761836,1.4447333783481583e-05,-391.1450536978152,-311.0586451806794,-384.84758109284513,-258.66323203147414,0.0,4,272,3147.0,82.0,661.0,11,42,7,39
1168.8685278578882,236.88752165672776,1.0714881327189342e-05,-245.14233655064473,-220.42596909829126,-239.34647365603695,-159.41000662232724,0.01100015640258789,4,244,1932.0,79.0,396.0,11,53,3,48
574.1050281379996,116.00938360035077,1.3637411035759133e-05,-137.3621189892625,-116.32563463204775,-134.0152553851277,-84.84412598768401,0.0,4,164,828.0,60.0,168.0,9,58,4,54
1498.1077578621193,304.8954568099258,1.1828085673841972e-05,-466.62915296738333,-334.71179118356196,-460.4289763524891,-286.4474983444263,0.0,4,239,2741.0,76.0,569.0,9,47,5,44
2085.4310280890777,431.35359866741965,1.5122706683500333e-05,-539.1841767943862,-441.57550645803036,-532.7720883613333,-387.50583737647895,0.011000633239746094,4,313,4553.0,82.0,977.0,10,38,5,34
2388.340816166459,499.7587230354264,1.6679445126779946e-05,-560.4403776014611,-490.3112361303718,-554.5380027619425,-426.8722295952756,0.0,4,353,5618.0,96.0,1231.0,10,34,6,31
1967.9472675650297,398.78789004933435,4.426445391479726e-06,-131.70038756105566,-112.85009452054283,-129.22827112739714,-99.44591600586212,0.0,4,527,3522.0,145.0,724.0,13,49,4,45
3140.013944700989,650.1021394109288,6.981123950315638e-06,-387.02490661386287,-319.85028132796816,-380.66970229287637,-295.90521608179137,0.011000633239746094,4,506,6967.0,134.0,1490.0,15,39,9,35
3383.0871164514815,704.2297728132961,6.271777535843072e-06,-322.82975047814995,-274.558280215704,-308.30101447572184,-253.40974514031865,0.0,4,650,7862.0,175.0,1688.0,19,37,6,34
3491.945230037741,727.6602343584997,6.212617006807155e-06,-400.25702100630025,-330.07754601579967,-375.1584762057781,-308.228914333082,0.0,4,649,8212.0,164.0,1769.0,15,37,7,34
3194.129460497283,664.4605346319173,4.7807103419325985e-06,-83.42592327612111,-72.50406845737368,-74.80080834970384,-69.04235815417191,0.011000633239746094,4,1240,8153.0,263.0,1743.0,22,36,12,32
3895.6797839615447,827.8990289179794,5.41636880361483e-06,-109.50010383014035,-115.26067276464524,-88.0864309640601,-102.63633362507427,0.0,4,1519,10939.0,320.0,2399.0,44,33,44,30
4326.657170476225,932.5432854118176,6.36053507047885e-06,-57.1476987735075,-55.987170550356,-48.82483234930538,-51.685002705935,0.0,4,2119,13280.0,455.0,2983.0,37,29,36,26
4737.323257477088,1033.2064572646327,6.596157773641946e-06,-32.887330950707295,-35.409281665900465,-28.70861983497209,-32.499640099869836,0.0,4,2864,15028.0,606.0,3423.0,45,29,39,26
5217.615162041627,1161.8323396328176,8.007772798647874e-06,-29.052909678919317,-32.54895673309106,-25.79498319274997,-30.13150876798216,0.010997295379638672,4,3149,17422.0,673.0,4095.0,41,27,36,24
376.9386418583632,86.05708522723866,1.2798690885728477e-06,0.9560663930744219,0.946868784097897,0.9623975418992348,0.9551541412450684,0.0,27,5016,5020.0,1046.0,1030.0,38,39,34,36
810.0235345854333,173.09988336291033,2.2381894138750346e-06,0.9046508739107243,0.9061738296528445,0.9132137683440246,0.9120419673819227,0.0,21,7206,8280.0,1604.0,1735.0,35,38,33,35
1268.7671969277894,282.4051532607635,3.9238899436616135e-06,0.8883480802299035,0.8823186838149029,0.8943369866690549,0.8858674994461243,0.0,15,10643,13663.0,2396.0,2980.0,30,31,28,28
1131.0564148778626,255.33193636377086,4.645372238117571e-06,0.9381241707879412,0.9342426921288308,0.940342778607437,0.9357077575646987,0.011000871658325195,12,12918,15896.0,2981.0,3516.0,27,27,24,24
1099.0384692166976,254.07794527020104,4.521630236954667e-06,0.946719649503603,0.9409990724752225,0.9486189110226659,0.9421822160153754,0.0,12,13827,16507.0,3111.0,3667.0,27,27,23,24
1393.2634191193638,318.11101517792196,7.313686777340977e-06,0.9244132811992178,0.9190159054642342,0.9268769808463743,0.9205021808864099,0.0,11,14575,18800.0,3305.0,4257.0,25,25,21,22
1960.606832217422,525.4207325910913,1.1802052640862426e-05,0.9407040540311316,0.9217200958062068,0.9417054094868605,0.9222954166270122,0.010998725891113281,7,26244,33666.0,6566.0,8766.0,19,18,16,15
2258.991888224442,650.7527392639807,1.6470825623319454e-05,0.9342769561263236,0.905942853583957,0.935126335255167,0.906538690550653,0.011002540588378906,6,29772,38934.0,8097.0,10998.0,16,15,13,13
39.995833116296836,7.951676971976833,7.483087099359619e-06,-0.4443399420638803,-0.19772097573809333,-0.39876853572339366,0.12444556633370596,0.0,4,120,116.0,34.0,36.0,8,8,4,5
1140.6821606681972,230.92689138917248,1.0383611423793338e-05,-121.53468676997737,-93.94992282696914,-119.59707792552601,-78.50566045706081,0.0,4,352,1881.0,114.0,385.0,8,48,5,44
948.4741474248697,191.66401266278444,7.753580007246884e-06,-134.70605645379877,-109.51437614578273,-131.13898002314212,-78.64456611781158,0.0,4,277,1375.0,102.0,279.0,9,59,4,55
2000.8098412476218,409.96999382068606,1.0278829812203798e-05,-309.7172476131596,-247.73253361218235,-306.2600530234224,-213.5706409722945,0.0,4,351,3953.0,103.0,829.0,8,42,5,39
2741.2090018213985,565.9792122949393,9.220050436020874e-06,-262.081502481738,-214.8847352681016,-259.43761176418496,-190.8756910214013,0.01100015640258789,4,550,5930.0,149.0,1267.0,11,37,6,34
2505.8401680707148,514.9153652138701,7.4019386019040865e-06,-308.6101144153606,-251.36015624265758,-304.46725819578916,-224.94015787172756,0.00900888442993164,4,463,5169.0,133.0,1089.0,11,41,6,37
1813.6397422264802,368.2732087051677,4.251746110259723e-06,-103.95549623313387,-84.83891870776975,-102.15417865693531,-74.60080359729346,0.0,4,556,3187.0,155.0,654.0,11,49,4,45
2737.2784480361756,563.9745487756222,5.6335583638066705e-06,-98.85726496009413,-83.69508021277582,-96.22311755841659,-79.1968693960839,0.010999917984008789,4,875,6057.0,219.0,1277.0,13,38,13,35
2921.396667620358,602.3472143761161,4.6829320699227965e-06,-135.71707061050188,-102.59896129911905,-126.79240941418158,-97.49470004892932,0.0,4,869,6669.0,215.0,1409.0,14,38,5,35
3955.0881759028666,839.6875162820988,5.769063772477173e-06,-135.03035408728633,-121.36401181139752,-105.2519375244748,-108.08029054230093,0.0,4,1474,11207.0,334.0,2469.0,39,32,33,29
4045.283199810202,861.5741588801279,5.0350248211357085e-06,-48.223573507212535,-50.992684772780215,-39.69132249993547,-44.91541135592246,0.011000871658325195,4,2261,11937.0,482.0,2633.0,48,33,38,30
4032.834199056953,869.66707590702,5.760236474112929e-06,-18.81914445931789,-18.68475881385175,-16.843612283574707,-17.62035495172008,0.011000871658325195,4,2940,13341.0,625.0,2982.0,36,30,27,27
3901.0868544334326,846.6150062159305,5.379481178202261e-06,-12.427550109416092,-13.412791416532482,-11.201074594423384,-12.619931894826928,0.0,4,3499,13241.0,719.0,2951.0,42,30,38,27
402.913969311895,89.64048564497331,1.2887955740601915e-06,0.9458047720204446,0.9383232866639796,0.9546419407648177,0.9495247015837411,0.0,28,4830,4999.0,1029.0,1026.0,39,40,36,36
585.0167163778814,135.74206824308038,1.7817762839989164e-06,0.9202508831362066,0.9031669760199458,0.9287140886643622,0.9130548559535355,0.0,23,5645,6185.0,1209.0,1280.0,37,39,35,35
861.4626587960734,188.5262249661834,2.8401253003482174e-06,0.9187591447451756,0.9160174891965848,0.9258338456470897,0.9210114505740392,0.0,20,8301,9664.0,1809.0,2044.0,35,37,32,33
945.7431318431932,210.05095753627205,3.5866611196378954e-06,0.934486344489344,0.9315462753293176,0.9381910612663178,0.933747064434693,0.010999202728271484,16,10267,12237.0,2240.0,2640.0,32,32,28,29
1367.0582183703052,307.2699962162148,4.864690810720908e-06,0.9124351813356995,0.9087583909926996,0.9162151502765963,0.9107300682729618,0.0,13,13231,17038.0,2961.0,3813.0,28,29,25,26
1405.1746130576862,325.7183843584683,6.142899164982676e-06,0.9327667936890798,0.9268569537757945,0.9351966635474994,0.9283075477668473,0.0,12,15995,20173.0,3695.0,4627.0,26,26,23,23
1733.3720740950996,418.56828187693174,8.346616162823979e-06,0.9326069922137912,0.9250727120442577,0.9341156984488047,0.9259348611149274,0.0,9,20614,26676.0,5008.0,6463.0,21,21,19,18
1919.621238402183,505.96063215463965,1.2514564862655974e-05,0.9449991562296461,0.9312555387363671,0.945805386502931,0.931864025122169,0.0,7,26986,34266.0,7042.0,9000.0,18,17,15,14
1222.2460029252159,248.86636725359256,1.5082700927192263e-05,-371.34943640811395,-317.92607945716617,-365.1885198601236,-257.89360023408676,0.010998010635375977,4,217,2260.0,62.0,470.0,10,46,5,42
692.0554002992342,140.46974763271984,1.1232963109905936e-05,-216.92387234378705,-188.74440072497111,-211.36139940328772,-140.09865258745066,0.0,4,156,996.0,54.0,202.0,8,65,5,61
856.0002738025263,172.7622704276988,1.0215989201393354e-05,-95.65806997707773,-77.74769161796732,-93.78205350652443,-60.67576031009943,0.0,4,296,1284.0,89.0,261.0,10,52,5,48
976.07389043214,196.9258796688067,9.914620907336758e-06,-121.77429970984629,-98.28864925412938,-119.27509829894133,-76.0702881186633,0.010997533798217773,4,300,1493.0,96.0,304.0,9,52,5,48
588.1502341380701,118.77951387620116,1.367260899353396e-05,-119.59091693130051,-96.88481438905464,-115.99889837421061,-69.84528539536483,0.0,4,193,856.0,61.0,173.0,7,55,4,50
1084.5992347406484,219.38925642185248,1.0033338318960617e-05,-315.83913504575975,-243.21990190049212,-309.1636642237289,-190.73957228060988,0.01100015640258789,4,204,1702.0,67.0,347.0,11,58,6,54
1117.521480964311,226.26054303243714,6.83723211465083e-06,-116.83246272310271,-91.18377499456338,-114.60542791405234,-70.24524293158923,0.0,4,342,1667.0,114.0,338.0,9,56,4,51
1661.600505411374,337.1879575993188,7.914572377274155e-06,-226.39372135298336,-184.4239726487983,-223.48631093447486,-152.84046935287796,0.0,4,356,2903.0,110.0,598.0,10,49,5,45
2383.796591049664,489.7692164853429,7.751947542966318e-06,-390.39796324572484,-321.4931623233396,-384.56677807433476,-270.8677333955432,0.0,4,415,4887.0,128.0,1031.0,10,41,6,37
2325.095611833343,476.0321133250011,8.025325363780718e-06,-262.2271984985912,-219.32057540592868,-259.10199415627045,-190.83660745756234,0.010999917984008789,4,425,4655.0,131.0,976.0,10,42,5,38
3097.4501929678654,639.6614176004886,5.193826308340908e-06,-117.84701631159936,-94.34294448968595,-110.09669362043412,-89.48975406418265,0.0,4,971,7439.0,242.0,1586.0,16,36,7,33
3479.525004999485,726.984396324983,5.70250514769187e-06,-230.51786836185826,-184.46782066330246,-196.36873134746563,-171.6803871784574,0.0,4,941,8844.0,210.0,1913.0,20,35,18,32
3189.0071796198054,667.1187347466716,4.95552327456813e-06,-103.62463015414559,-89.07765207417965,-90.31231639847584,-83.92215830924796,0.011000871658325195,4,1141,8238.0,251.0,1766.0,24,35,15,32
4372.7860159933125,949.0306457995266,7.326076682336008e-06,-56.86543157801781,-55.288581148113536,-49.68820866196076,-51.79155145461614,0.0,4,1985,13683.0,438.0,3107.0,34,28,34,25
4047.798457701009,865.6716624005509,5.124507977737726e-06,-38.52834824699119,-42.082275980062576,-32.0849710309221,-37.333900641498715,0.0,4,2484,12067.0,538.0,2665.0,45,33,45,30
511.7877375550222,112.22756334352971,1.58977819886976e-06,0.9162342308214407,0.906635568839981,0.9266331600514583,0.9223003745578666,0.0,23,4726,5093.0,1024.0,1046.0,33,36,26,32
435.29475878653426,98.9424484642871,1.3321704804602493e-06,0.9380518248964921,0.9265744218076634,0.9468073311955106,0.9379875439393037,0.0,26,4776,5010.0,1013.0,1028.0,38,39,37,35
919.1432917693508,209.9313516695234,3.395790061917161e-06,0.9309113586252543,0.9231563726685519,0.9339357682405636,0.9253251359993382,0.0,13,9718,11483.0,2184.0,2460.0,29,30,26,27
1107.1952570388396,245.86042552067892,4.039065380510388e-06,0.9163855726652025,0.9133640960897438,0.9203479440148876,0.915591740650868,0.01099848747253418,14,10736,13298.0,2390.0,2892.0,30,31,25,27
1315.5183993737637,289.6165176103174,5.410656476972677e-06,0.9106869786107975,0.9108063072509084,0.9141047256558603,0.9126485375288755,0.0,12,12548,16110.0,2900.0,3586.0,27,27,24,24
1352.6236836405958,303.967982016049,5.304519693664567e-06,0.9211439666170144,0.9188429115036678,0.9239306143473124,0.9203869815187796,0.0,12,13936,17808.0,3186.0,4015.0,27,27,23,24
1135.6668505342132,258.4458412773617,9.829000101402822e-06,0.9487270520020014,0.9464221107384851,0.9508788179390882,0.9475806196734778,0.011000633239746094,13,14677,17583.0,3350.0,3947.0,28,28,24,25
1345.2399331635147,321.7924624488412,1.158744135846698e-05,0.9426647257238319,0.933783687037055,0.9442109585709675,0.9347134275906767,0.0,10,16615,20895.0,3978.0,4826.0,25,24,19,21
1588.686995466765,395.88898312092715,8.90278066924173e-06,0.9473011750856412,0.9367361608698349,0.948308122247447,0.9373790299181708,0.0,8,21702,27250.0,5172.0,6660.0,21,20,18,17
1696.7064675295258,424.8073732267674,9.650577738256364e-06,0.9441646208313587,0.9341478691557035,0.9452094853157977,0.9347990219937812,0.0,8,22483,28788.0,5607.0,7180.0,20,19,17,17
1891.9695253313698,475.84710505718573,1.0054289925014801e-05,0.9336028277830808,0.9211419353115889,0.934921407334895,0.921825071327738,0.010998725891113281,8,23350,30062.0,5794.0,7624.0,20,20,17,17
2066.162998805856,579.180019185448,1.4824248537998876e-05,0.9428249260002034,0.9210933650169797,0.9436618065182807,0.9217179276335968,0.0,7,28798,37134.0,7796.0,10216.0,17,16,14,14
2213.5985864938702,644.6875872128941,1.760367419318324e-05,0.938996056846676,0.9125409860562756,0.9397145260198647,0.913135614219863,0.0,6,30286,39672.0,8385.0,11380.0,16,14,13,12
293.3056568382774,59.75976210349792,1.1183367565205086e-05,-39.679015669946025,-30.243098029201715,-38.53480267515366,-22.36346122524637,0.010999917984008789,4,165,365.0,64.0,73.0,7,61,5,55
188.79944164818568,38.0312371610496,1.065101104322134e-05,-12.854540297007693,-9.30377836868468,-12.461369836004923,-6.671809310906297,0.0,4,185,233.0,63.0,63.0,8,34,5,4
1030.3251054481138,208.74665665985327,1.3977121324721967e-05,-307.01201392708833,-238.82892360613445,-300.3249543240528,-190.64001574088198,0.0,4,218,1742.0,59.0,358.0,9,51,5,47
1180.5985814054948,239.69390202228064,1.3198180091748763e-05,-232.24513745966036,-218.72159024655414,-226.74150635345407,-164.89977741683205,0.01099848747253418,4,260,2065.0,69.0,426.0,11,48,4,44
632.7729977382621,128.9882504339058,9.797230837022885e-06,-233.86194285552816,-215.857691997641,-224.34697347207964,-142.68675873683003,0.0,4,147,884.0,51.0,178.0,7,70,4,65
1943.1092915093582,403.42545005242295,1.6932369766127612e-05,-285.1985594173416,-250.6521466019183,-281.9058842353382,-211.56016610606875,0.0,4,376,4279.0,110.0,920.0,10,35,5,32
1622.040092753567,331.4702569613147,1.0755710186179641e-05,-207.02881916002477,-166.3962735519127,-204.08656391298163,-141.14066932941606,0.0,4,374,3056.0,120.0,636.0,9,43,5,40
2539.2512409336996,530.5942030717385,1.4130836827430325e-05,-491.01122992780824,-403.98231838887557,-486.15967958621354,-359.150307708647,0.0,4,376,5932.0,119.0,1295.0,10,34,6,31
2079.7671218792743,426.58958857821807,1.0759148109289986e-05,-287.8809698873544,-256.96585671683306,-285.36410713208915,-226.7983148877488,0.0,4,388,4196.0,106.0,884.0,11,42,6,38
1072.0675798816665,217.43655683900073,6.671129185465147e-06,-166.20610700326316,-131.46127229309772,-164.05316857950928,-108.39714982977313,0.010999441146850586,4,275,1579.0,88.0,320.0,10,62,5,57
2157.5228103274676,440.64201503790656,7.317728272493479e-06,-311.7428103532653,-253.72026364996688,-307.4810727198895,-215.8356421518241,0.0,4,399,4163.0,115.0,869.0,11,44,4,41
2953.2737449312076,610.2516813441265,5.130297318495196e-06,-118.24925091268344,-94.86438081362706,-111.59157521613277,-88.73170806147331,0.0,4,945,6936.0,220.0,1474.0,14,36,6,33
3475.1656375392145,728.415196104987,6.458129539721374e-06,-122.71433029290274,-106.8735311267703,-114.72883471089368,-101.74512237914439,0.011000394821166992,4,1059,8994.0,240.0,1956.0,19,33,10,30
3584.2882429198316,750.8098544238748,6.4072906531584895e-06,-155.6982639908714,-120.3058284804906,-143.3908553515492,-113.28001320847105,0.011001110076904297,4,1015,9248.0,267.0,2015.0,12,32,7,29
4155.1992092738465,893.9518944458551,7.677327045238577e-06,-105.78100536697981,-100.71720986414233,-92.69802007742739,-95.18067977916346,0.0,4,1445,12251.0,315.0,2761.0,32,29,30,26
4124.7806545217245,896.2485181298767,7.790505356092615e-06,-49.26168307486321,-50.08269505356159,-44.630275973379696,-47.912632288105165,0.0,4,1906,12904.0,390.0,2926.0,31,28,24,25
1713.2230711926181,351.96738722027453,2.001124257376639e-06,-8.77076646106006,-8.670352448721527,-7.144339373222463,-7.6582431427849045,0.011002063751220703,4,2160,5516.0,448.0,1144.0,52,47,50,44
3618.64424859873,769.9931885521239,4.912499452270811e-06,-24.11420993616175,-23.2282124826317,-20.906164478096766,-21.552719088393822,0.0,4,2567,11366.0,568.0,2495.0,40,32,36,29
3583.0820023293727,773.9349873105191,5.3908284514348134e-06,-8.298062559774637,-8.35286753848682,-7.5978969462238215,-7.990611318403438,0.0,4,3659,12852.0,775.0,2858.0,34,29,33,26
4052.06397253301,886.1786054928957,6.074637547709213e-06,-8.812045379029584,-9.450236545639909,-8.104048276408763,-9.012805659578142,0.010998249053955078,4,3977,14469.0,860.0,3274.0,41,29,34,26
508.3519462918395,110.67162144022194,1.5729953736475053e-06,0.9321768796873389,0.9262651212113459,0.9396052708751482,0.9352177664405923,0.0,23,5331,5573.0,1142.0,1148.0,35,37,30,33
761.244376005498,170.4948493969424,2.1345331142972752e-06,0.8997236212588978,0.8868281732721515,0.9085354346944061,0.8954562615340023,0.0,21,6560,7423.0,1421.0,1551.0,35,37,33,34
706.1785809802603,163.040161057474,2.63793969958018e-06,0.9389142002735953,0.9275451098486286,0.9420247683572754,0.9306820687015955,0.01100015640258789,15,7762,8719.0,1692.0,1835.0,30,32,28,29
638.8274508071502,148.1940892722719,2.6867264195159602e-06,0.9534957119353662,0.9457370707206804,0.9562448953861963,0.9480448403873601,0.0,16,8066,8928.0,1748.0,1879.0,33,33,28,30
1009.6891344112544,228.64317987576996,3.0778665601408925e-06,0.9056437831077739,0.8962902873978303,0.913270122360655,0.9014106624307557,0.0,19,9162,11114.0,1963.0,2382.0,36,36,31,33
1330.3978749784317,296.2002274014044,4.950976857605487e-06,0.9013289623591437,0.8980745170224852,0.9056465104148745,0.900431617300852,0.0,13,11995,15561.0,2757.0,3450.0,29,29,25,26
1453.063977332802,328.05487345869443,9.570910683460484e-06,0.9088064666621646,0.9042077416766686,0.9115352174400795,0.9057223362880702,0.0,10,14063,18335.0,3163.0,4161.0,25,25,21,22
1534.9194487938819,354.5147589109857,7.623147827686986e-06,0.9343668560318873,0.931325281149343,0.9358757805919902,0.9321975217458472,0.011000633239746094,9,18134,23263.0,4339.0,5501.0,23,22,19,19
1568.6667247947414,382.07280776676924,8.07839011433656e-06,0.9377333330842833,0.9273877250484235,0.9390606175718987,0.9281023441543613,0.0,8,19445,24705.0,4589.0,5901.0,22,21,19,18
1542.3309674602312,366.25537538717435,8.719424811134297e-06,0.9507124334111394,0.9475534961172967,0.9517652427241154,0.9481263582561542,0.0,9,21692,27212.0,5377.0,6664.0,22,21,18,18
2043.8421387602425,521.1809171363594,1.1727971466678578e-05,0.9297162433687889,0.9168012409835865,0.9309103246043209,0.9174040311065608,0.010998010635375977,7,25038,32729.0,6413.0,8484.0,19,18,15,16
2186.2066510914738,604.5728050414976,1.4425045827171285e-05,0.9311214117524816,0.906434126389284,0.9320686398044774,0.9069680738417011,0.0,6,27727,36390.0,7175.0,9936.0,18,16,14,14
2232.63633878798,670.7756862592709,1.8800927616177193e-05,0.9392422696879625,0.9077550537445921,0.9399766409136308,0.908258029375856,0.0,6,30987,40310.0,8472.0,11720.0,16,14,13,12
1017.2254338804813,206.89545467860492,1.7043294160818204e-05,-245.1450369951879,-204.31875084248856,-238.96421882992536,-150.5205147350276,0.01100015640258789,4,222,1839.0,74.0,381.0,10,44,4,41
295.92408232518017,60.27618725500145,7.101860800388299e-06,-13.97624917357884,-11.86411359724613,-13.605691152394833,-8.782399259565691,0.0,4,250,371.0,87.0,87.0,8,43,5,4
768.9052485514713,155.91453989285284,9.348257878385596e-06,-136.973846239982,-120.4898363016882,-134.2897831336651,-93.29063548988206,0.0,4,218,1086.0,67.0,220.0,9,62,5,59
1814.796045703208,368.69541968947755,6.393824031102781e-06,-183.8064597457313,-148.64786288848697,-181.3745213552158,-130.99981671589475,0.010998249053955078,4,422,3228.0,122.0,665.0,11,49,6,45
2008.431596835368,409.4599848174015,5.563457873025291e-06,-143.40011082949707,-122.2747649521575,-141.1885551383572,-109.47926783705418,0.0,4,538,3755.0,137.0,777.0,15,46,4,42
2129.628840901625,432.72639787360635,4.316890759789517e-06,-384.93887670000083,-282.73102996535476,-373.8330112675904,-260.6568881234513,0.0,4,345,3852.0,103.0,795.0,11,53,6,49
3547.418461301589,746.7431857182673,6.903889147366285e-06,-240.5029602899032,-192.9046961298867,-213.93683569047715,-181.6645703181675,0.0,4,864,9173.0,216.0,2007.0,16,33,6,29
3964.9884694031584,852.8781297270242,7.217602132587952e-06,-63.96059504854823,-59.62366622195152,-56.31052317719747,-56.13511910200968,0.010998249053955078,4,1689,11994.0,382.0,2691.0,28,29,26,26
3688.7311292299414,781.099732215206,5.501921080595716e-06,-46.26721409683494,-38.83687809328847,-39.24041729680067,-36.16983429241304,0.0,4,1988,11101.0,430.0,2445.0,40,30,30,27
4293.063952955589,932.5122150674489,6.8795515875779916e-06,-32.515444229224514,-32.16352397373656,-28.588481230316095,-30.112200209146735,0.0,4,2540,13848.0,551.0,3143.0,35,28,31,25
403.4817574208636,91.1659397550893,1.1615664884886442e-06,0.9356479905637503,0.9230747290531787,0.9480523553100659,0.9411717047785245,0.011000633239746094,30,4449,4664.0,962.0,956.0,37,40,35,36
806.63009196481,168.37559830706812,2.064858436025418e-06,0.8368310527696144,0.8428945814616078,0.8550679937161241,0.8606553487804589,0.0,24,5383,6389.0,1164.0,1327.0,34,39,32,36
568.950745335028,131.25462954798118,1.899062640959869e-06,0.9477492209945344,0.9385988039824074,0.9516344590494666,0.9421616044115038,0.0,19,6831,7208.0,1475.0,1502.0,34,36,32,32
949.1609224942436,201.57904432532442,2.518433845776618e-06,0.8607379043335711,0.8665840580356909,0.8718323817026148,0.874401587997871,0.0,19,7031,8562.0,1541.0,1802.0,34,36,31,33
812.4063022896856,181.5324958755967,2.729209732314084e-06,0.9261543330601603,0.9192825346257084,0.9299485783725785,0.9229138059038167,0.011000394821166992,15,8141,9506.0,1783.0,2014.0,29,31,26,28
945.114625197338,207.47587352566586,2.898422236635919e-06,0.908301097226105,0.9055746208093369,0.9130263974073873,0.9092762219105794,0.0,16,8599,10154.0,1920.0,2162.0,31,32,27,29
950.6168090492924,213.59932253692963,3.4929409528609424e-06,0.9176119443844651,0.9105523640881238,0.9220221743201663,0.9133884814698309,0.0,15,9291,11093.0,1999.0,2377.0,31,32,27,29
1136.136075396861,257.7670063166629,5.136532743768367e-06,0.9336862682798237,0.9290681645861463,0.9360641914238025,0.930526049382518,0.010999917984008789,12,12526,15579.0,2822.0,3457.0,28,27,23,24
1186.1710707097707,274.0191086587072,5.653291145760208e-06,0.9410597037602425,0.9353584093414615,0.9429453958643008,0.9364262468466832,0.0,11,14332,17611.0,3313.0,3969.0,26,26,21,23
1330.6137055258876,309.34931711578093,6.67940292023428e-06,0.9442881886509817,0.9399034381555089,0.9457151788167832,0.9408054724647333,0.0,10,16760,20965.0,3981.0,4851.0,23,23,20,20
1517.2144263038813,361.84375232813,7.74890540528782e-06,0.9374531387105521,0.9298115117730037,0.9388850782553033,0.9306745854049444,0.010999441146850586,9,18433,23512.0,4384.0,5576.0,22,22,19,19
1849.7051290722338,470.8403491722031,1.154106400135977e-05,0.9331939168039495,0.9179152943758039,0.934327355283975,0.9185334510866737,0.0,7,22712,29499.0,5624.0,7464.0,19,19,17,16
1802.2123023649847,456.04687553821924,1.0780416445840589e-05,0.9403364947099755,0.929279277939052,0.9413094926942082,0.9298095044100121,0.0,7,23804,30481.0,6069.0,7744.0,19,18,16,16
1703.6757926676482,446.5702753985818,1.0971979468899727e-05,0.9503990637507891,0.9365278191390252,0.9513171591760992,0.9370838216819722,0.010998964309692383,8,24767,31026.0,6273.0,7879.0,20,19,17,16
1946.274632788641,512.7360405821186,1.7655799756579585e-05,0.9398892634505776,0.9240138088921985,0.940807350481606,0.924584443925231,0.0,7,26037,33434.0,6686.0,8809.0,18,17,15,15
2072.7252104107624,570.3494263038286,1.4970345610383402e-05,0.9402377608289847,0.9207047698414736,0.9410497397733473,0.9211606348175198,0.0,6,28495,36745.0,7556.0,10069.0,17,16,14,14
2037.2204442077132,610.0556218101163,1.7874196001652376e-05,0.9502393094645297,0.9255356181564248,0.9508082050777683,0.9260389464881206,0.010999202728271484,6,31387,40053.0,8738.0,11590.0,15,14,12,12
307.2853586923182,62.635353435579816,1.08808090997399e-05,-39.26383772579213,-31.212540192066626,-37.96345296290896,-22.553315872813375,0.0,4,170,385.0,54.0,77.0,7,59,4,53
147.681703053109,29.91097903223274,8.696912842376322e-06,-5.05280214157276,-4.354613466334165,-4.899810504336191,-2.8718094244623447,0.0,4,206,214.0,61.0,62.0,9,11,4,5
331.67678481216217,67.01290298641499,9.127376413287576e-06,-24.82689727357357,-19.766221352500658,-24.109564311507107,-14.309679107904278,0.01099848747253418,4,231,411.0,72.0,82.0,8,52,4,45
282.00020316186533,57.45342316462382,7.214585024237458e-06,-12.738112662031902,-12.238979215263033,-12.247022093746878,-7.339432256685857,0.0,4,265,346.0,98.0,91.0,9,45,4,4
1393.0878135458654,283.0822907448174,1.1070787777378997e-05,-312.3673776105731,-258.3786246142402,-307.67182054710383,-216.3898521282995,0.0,4,243,2467.0,74.0,510.0,10,49,5,45
472.5206234476262,96.49427875958933,7.071235639445279e-06,-58.80733665930043,-55.199719301095094,-57.43780695259942,-41.77997318923223,0.01100015640258789,4,203,607.0,60.0,122.0,7,70,3,66
1087.5941386457848,220.30291645822575,7.426743196552264e-06,-65.04299608756973,-53.939664134739154,-64.21012441822667,-44.8567905628318,0.0,4,433,1667.0,133.0,338.0,10,51,5,46
828.3774489426102,168.42941770961508,5.618383575725279e-06,-69.34931764286051,-55.86770359968365,-68.36712873067002,-44.06303078940508,0.0,4,313,1137.0,117.0,229.0,9,63,6,58
2155.1434455352,442.01005126203484,8.251738525553234e-06,-165.6801158746984,-137.74790301128596,-163.8268079011263,-123.59281205419937,0.0,4,499,4318.0,166.0,905.0,12,41,7,37
2070.292312794661,423.7400564221734,6.884383487217579e-06,-119.78914337638513,-99.1693436849874,-118.24130181574128,-88.72643063378912,0.0,4,609,4083.0,165.0,851.0,11,41,7,37
2443.0095297603734,501.89790836052174,7.410216218914536e-06,-219.58583434667452,-190.26369644631407,-216.11421348883724,-163.62964033298525,0.01100015640258789,4,506,5097.0,150.0,1074.0,12,40,7,36
3365.008262124577,711.708310159436,1.088524267507048e-05,-330.1545624999447,-295.97187877165464,-324.6226280430812,-275.0533702443329,0.0,4,580,8552.0,166.0,1900.0,12,32,6,29
1718.3955513307562,349.6487523215262,4.5779040249390335e-06,-105.27881060526285,-91.15109048651027,-103.41169175037865,-76.44998838884482,0.0,4,509,2998.0,166.0,614.0,12,49,5,45
2474.8434567496724,508.3112051194622,6.091962347404366e-06,-158.87606030234787,-133.6563543134879,-156.18262986575547,-120.83077499174351,0.010997533798217773,4,595,5144.0,170.0,1080.0,10,40,7,36
3588.354844435446,753.65774034593,6.045193761313331e-06,-443.1299846892386,-344.67874512256844,-331.1987947423168,-305.7647513522223,0.0,4,867,9203.0,193.0,2003.0,25,35,8,32
3341.86167552359,712.2607785542222,4.841148617985763e-06,-19.425405105192702,-19.680755765732634,-17.077803018145698,-18.449910787196288,0.0,4,2542,10572.0,533.0,2309.0,40,32,31,29
3702.1282308288564,797.1049700844509,5.281587058824251e-06,-15.610785800299166,-16.23830369552284,-13.912748075700591,-15.197721019744513,0.010999202728271484,4,3119,12159.0,656.0,2694.0,42,31,35,28
901.9126221806525,194.961909975932,2.7636445997775112e-06,0.8959924529186252,0.8960212800209406,0.902799063350689,0.9010643199649558,0.0,18,7546,9040.0,1706.0,1912.0,32,35,30,31
1091.5947304542815,243.94211517398048,5.0430165875403e-06,0.9376400278706851,0.9356024605672089,0.9395495762975307,0.9366724587659074,0.0,10,12610,15425.0,2894.0,3416.0,25,26,21,23
1182.712506103247,270.1789243497551,4.934445607033012e-06,0.9317659254648928,0.9263692085740197,0.9348659509757333,0.9283184605274549,0.010998964309692383,14,13018,16118.0,2906.0,3595.0,29,29,25,26
1375.0605966445423,311.54600159705325,6.336996385579607e-06,0.924765154534793,0.9218302669839864,0.9268515330492976,0.9229098987055558,0.0,10,14792,18855.0,3507.0,4306.0,25,25,21,22
1688.3258239783243,397.91463273553404,8.319062343272361e-06,0.9249161638679261,0.9188270028603176,0.9266782682615885,0.919690929870183,0.0,9,18955,24633.0,4483.0,5929.0,23,22,20,19
1629.0027658015229,411.9293655443882,1.0136164722285985e-05,0.9491790634136205,0.9387244425820959,0.9502221903831115,0.9393746923878682,0.0,9,22885,28801.0,5661.0,7163.0,21,20,18,18
2027.5708067399487,557.825588420587,1.4887120724688928e-05,0.9432713868712377,0.9256897604647233,0.9441014610326716,0.9262338475052316,0.011000394821166992,7,28559,36737.0,7695.0,10126.0,17,16,14,14
2049.972975950576,588.5007547130864,1.6913403745319203e-05,0.9468878794663239,0.9248042494226177,0.9475193178712888,0.9253030657711269,0.0,6,30290,38480.0,8330.0,10869.0,16,14,13,12
899.2134815585599,182.44525434588135,1.572164348726046e-05,-242.29016215473595,-196.26009300794271,-237.33568969700892,-146.9749476145822,0.0,4,214,1528.0,74.0,314.0,9,49,6,45
775.3965383380729,156.8371634318006,1.0209660530077781e-05,-108.99221760563208,-89.42741628269603,-106.6275596569255,-67.4810357482677,0.0034325122833251953,4,257,1122.0,82.0,227.0,9,56,5,51
2140.262780789624,442.5871500808249,1.3115210498346817e-05,-257.17384642119924,-224.22927392100223,-252.5236143795527,-181.66535854701579,0.0,4,440,4578.0,138.0,976.0,8,36,6,33
1965.958597817699,401.7954496175054,1.0398695791775097e-05,-246.09112142083637,-188.32300385141457,-242.51082160212545,-159.52773563003734,0.0,4,409,3922.0,139.0,823.0,8,40,6,36
631.9000365959794,127.99690751472605,4.966168210981718e-06,-30.43417958751612,-25.872115994524048,-29.94740433831503,-20.987194542302746,0.011001348495483398,4,360,839.0,114.0,169.0,11,58,5,54
1756.8692502574004,357.73034537204137,7.578290623442574e-06,-141.95216777121377,-130.1999772170644,-139.92994953999622,-109.6209059841481,0.0,4,487,3220.0,131.0,666.0,10,44,6,41
2005.0836692849837,408.4813847247713,6.341011058921302e-06,-126.01361190641171,-107.16463118694254,-124.24785969800763,-94.23035980499101,0.0,4,542,3843.0,147.0,798.0,16,43,5,39
3137.0565606286627,662.3149898902585,9.843915884375887e-06,-115.82396054784112,-104.7493034626184,-113.7093011702054,-98.5717900432206,0.0,4,885,7993.0,227.0,1752.0,13,31,9,28
2808.933837256288,580.2827256317964,5.570100060354191e-06,-174.30024613093013,-152.60999423433927,-165.77648021207764,-140.0965595431784,0.011000394821166992,4,700,6351.0,175.0,1345.0,17,39,4,35
3079.4513868138915,641.0410478276723,4.9856924735118185e-06,-124.61397349725503,-95.31259040357752,-105.48104243977815,-89.03542225470679,0.0,4,1116,7892.0,259.0,1691.0,17,35,17,31
2017.1330572952627,414.6608553987222,2.88077673871566e-06,-22.808005254973775,-19.25498812967728,-19.725222837640516,-18.070360770275567,0.0,4,1491,5445.0,323.0,1132.0,32,40,23,36
3418.6441894046243,718.2229879478007,4.850842915909708e-06,-79.49080630061118,-82.68470170925698,-62.007426379190704,-71.144469620013,0.0,4,1640,9572.0,338.0,2075.0,48,36,46,32
3562.8095070229806,765.4211871577635,5.991299501041646e-06,-24.821975262241487,-24.688101293453037,-22.09792742838659,-23.39398110738905,0.011000871658325195,4,2381,11362.0,516.0,2515.0,35,30,33,26
2707.205002781159,566.9004450371629,3.7269081451216543e-06,-16.264288060242915,-15.786338744145354,-14.214887086135326,-14.772634187078307,0.0,4,2311,8359.0,477.0,1785.0,44,37,44,33
3585.8577033605225,764.2607403018073,5.429709080617303e-06,-20.15032451148485,-19.3618832760635,-17.884165109065222,-18.17968487905673,0.0,4,2589,11515.0,564.0,2541.0,39,31,32,28
3330.1544086448403,706.916263900235,4.866846276073465e-06,-11.987841058072801,-11.499298328034383,-10.835684510179105,-10.937283780585174,0.010998725891113281,4,3083,11146.0,671.0,2443.0,38,31,34,28
432.6310871103076,97.39912238360206,1.4161324681119559e-06,0.9446708798803104,0.936953185944094,0.9526074603530492,0.9465112077549486,0.0,27,5058,5168.0,1081.0,1063.0,40,39,34,36
839.9164616198447,186.37311367254665,2.582210798156018e-06,0.8718411136102402,0.8601990168780534,0.8818551461729649,0.8702737945491856,0.0,20,6437,7463.0,1361.0,1562.0,34,36,29,33
1119.1062115115249,255.1419483211325,4.001634909139123e-06,0.8941240769250502,0.8816768873824501,0.8984775714355333,0.885299495844898,0.0,13,9571,12118.0,2098.0,2626.0,28,29,23,26
1124.2165087832013,246.89864829264585,5.596958734242591e-06,0.9270993638117566,0.9274188445399946,0.929897758945483,0.929076003684286,0.0,13,11836,14545.0,2707.0,3207.0,28,28,25,25
1290.4470684083235,285.87103735775685,5.298547270766373e-06,0.9149713232827567,0.9144188389426995,0.9180143702040494,0.9161634004871728,0.0,12,12732,16267.0,2931.0,3639.0,27,27,24,24
1494.0818139133703,334.7204472059898,7.529683474244256e-06,0.922512984055564,0.9232033719265801,0.9245690295455467,0.9242277967116946,0.0,10,16104,20730.0,3759.0,4825.0,24,24,20,21
1290.0079521008838,298.057907936556,7.358136538450878e-06,0.9459876784488039,0.9428454422077225,0.9472969287766002,0.9435236643577314,0.0,9,16548,20682.0,4020.0,4787.0,22,23,20,20
1693.7170468477339,406.6276739443484,9.666581435185523e-06,0.9377603192720918,0.9321878513555533,0.938997658147641,0.9328062464538254,0.0,8,21272,27378.0,5292.0,6732.0,21,20,17,17
1674.1039169451767,436.41848812142865,1.0367383035102565e-05,0.9448075026303572,0.9291520561197767,0.9457279310820668,0.9296880444701847,0.011000394821166992,7,22744,28921.0,5665.0,7285.0,20,19,16,16
1991.535226688141,502.1144109866098,1.1655889164892042e-05,0.9253021759897276,0.9123147999939224,0.9265766051089512,0.9129638128538633,0.0,7,23437,30874.0,5852.0,7946.0,19,18,16,16
1739.590112891415,464.1495729686245,1.210370372032001e-05,0.9511472532598289,0.936892204458101,0.9519811882242213,0.9374440635372124,0.0,8,25772,32331.0,6585.0,8405.0,19,18,16,16
1958.1999577336542,558.3791322382571,1.58516591429824e-05,0.9489695828047201,0.9279276196680613,0.9495959565403822,0.9283564691116146,0.010997772216796875,6,29402,37426.0,7929.0,10429.0,16,15,13,13
928.1000417519655,187.87457030334537,1.4922737225988146e-05,-284.36965287991774,-216.10065644930071,-275.8552078375429,-163.5481055225747,0.0,4,187,1556.0,68.0,319.0,10,49,5,45
428.3209344833225,86.85602310720887,1.2806094537748205e-05,-79.64429100478704,-71.67107412792369,-76.74125359158383,-48.90322142758214,0.0,4,168,571.0,53.0,115.0,7,62,5,57
1546.083627535501,315.4851092629677,1.1434252252287862e-05,-224.98099675342934,-187.10773911144332,-220.15927433500318,-148.57629274427643,0.01100015640258789,4,318,2915.0,96.0,607.0,10,43,6,39
1912.8396893318932,395.2446499743334,1.3009062029036938e-05,-157.25267388914588,-140.64517224592856,-155.39014394279326,-120.07617525825135,0.0,4,508,4080.0,150.0,867.0,11,36,8,32
1606.142493159724,327.650426649094,1.0626477795807203e-05,-173.2457432497087,-135.33048968676897,-171.3724748833062,-116.26490834821988,0.0,4,390,3020.0,117.0,628.0,10,42,5,39
529.1020990791853,108.02955806938519,7.191948799710625e-06,-21.697100612653006,-17.795413367333243,-21.330462424188166,-14.104013947347735,0.01100015640258789,4,358,703.0,108.0,141.0,9,52,5,46
1371.3029919873045,277.7541816366887,8.988337900399075e-06,-270.781381896176,-235.94756188964755,-266.95811699552064,-192.67650816074035,0.010999441146850586,4,257,2276.0,78.0,467.0,8,53,5,50
1343.7402363986378,272.5167234929507,8.299721643188065e-06,-90.68362443146414,-70.95194104148769,-89.52093288495972,-60.35595104897571,0.0,4,459,2234.0,141.0,457.0,11,47,5,42
1579.881416963522,320.4353646473289,6.781831078342872e-06,-145.52309104250236,-125.8282003650897,-143.59908175178936,-106.71489834517222,0.0,4,422,2712.0,123.0,556.0,10,49,5,45
2534.1412623411507,522.4163011111605,7.102266561866691e-06,-280.8092471607886,-249.65739092721384,-275.72223190388917,-215.69044315745296,0.010998964309692383,4,481,5417.0,130.0,1147.0,12,40,4,36
2471.1736478678845,509.23693936778255,6.543571801887021e-06,-99.77962840331587,-83.73627268164114,-97.76542578211341,-77.624555380883,0.0,4,759,5416.0,204.0,1144.0,13,37,6,34
2887.38500492516,602.2150865070275,5.1027791967633664e-06,-129.2806647304107,-111.62122042056546,-113.28130218922182,-105.48559996826442,0.0,4,972,7156.0,206.0,1524.0,24,37,24,34
3318.297552335133,703.2108058754501,5.7581426073610224e-06,-38.68601895073609,-36.10106830538163,-34.54738443506456,-34.33220000425125,0.010998249053955078,4,1777,9867.0,407.0,2159.0,38,31,32,28
3390.365058392188,722.287129829036,5.578742789641757e-06,-47.458388117400744,-47.66583661701215,-40.58924805484093,-44.085542764378516,0.0,4,1806,10035.0,375.0,2195.0,37,33,33,30
3857.7940803867004,830.4753658798877,6.527916224656781e-06,-32.980179185128634,-31.916904798343268,-29.182402275316086,-30.057562884384986,0.0,4,2247,12208.0,498.0,2733.0,39,30,27,27
364.84538201514596,84.93886690503419,1.2638894385877533e-06,0.9430246370464085,0.9226627998463609,0.9544649448580328,0.9445896931322885,0.011001348495483398,28,4301,4421.0,922.0,906.0,34,36,31,31
352.10246738837776,80.58983379729362,1.1503050554288113e-06,0.9366549309145846,0.9160424367034177,0.9581302716279256,0.9503408478492065,0.0,39,4190,4192.0,914.0,887.0,45,43,38,40
547.5409965081545,119.17187195364124,1.7325473751435496e-06,0.9120326244041518,0.9046286921020152,0.9218574316900993,0.9181504629839705,0.0,23,5132,5393.0,1070.0,1112.0,35,37,32,33
836.1942617439407,184.39761909447432,2.812557994719143e-06,0.8886434302066467,0.8790969594680013,0.895237211793161,0.8868694842126104,0.011000394821166992,17,6718,8079.0,1447.0,1698.0,32,33,27,30
648.7747952408131,150.07219146331678,2.9112685201638587e-06,0.943384063916434,0.9325854242711218,0.9467283451451327,0.9361180409129791,0.0,17,7463,8131.0,1601.0,1708.0,31,33,27,30
774.2529162445906,166.07484885342134,2.293186630327737e-06,0.9229251943239071,0.9242678009439534,0.9276202948887007,0.9277461942826365,0.0,17,7610,8604.0,1696.0,1813.0,33,34,29,30
1031.3431149184325,225.71065293994147,3.486071868531681e-06,0.903355221920645,0.9007080147318548,0.9072356785716785,0.9039096624767603,0.0,13,9162,11469.0,2015.0,2473.0,28,29,25,26
1086.6605175765658,234.98085028359225,4.853805107253124e-06,0.9100902837340115,0.9124062003919409,0.9136445213556615,0.9146054785408133,0.0,13,10220,12632.0,2317.0,2747.0,28,29,25,26
1082.4138754435887,248.11588901564218,5.125222483116262e-06,0.9396401642484199,0.93383480064521,0.9414985834354891,0.9350341032720952,0.01100015640258789,11,12639,15525.0,2870.0,3452.0,27,26,23,23
1114.9178183045751,261.241031242212,5.26193111472141e-06,0.9420400722073473,0.9340399299940003,0.9437022891450134,0.9352452044642819,0.0,11,13489,16328.0,3188.0,3652.0,26,26,21,23
1219.5779432043537,281.80324237973264,6.982763529985578e-06,0.935637681414778,0.9290224559827561,0.9377185279298011,0.930165182418152,0.01099848747253418,11,14192,17614.0,3205.0,3987.0,27,26,23,23
1455.1808936806906,337.7965035014095,8.263947976324477e-06,0.9242832358598829,0.9179944349274954,0.9262175075979089,0.9192316489706143,0.0,10,15843,20298.0,3662.0,4701.0,24,23,20,21
1340.244185877252,320.55087999671235,7.422673013524342e-06,0.9455482849770076,0.9380864269949033,0.9470180186565205,0.9388966911425203,0.0,10,17355,21626.0,4155.0,5075.0,24,24,19,21
1275.4978505143263,308.17374248231397,7.490551595102228e-06,0.953632667382872,0.9464997646309505,0.9548230364693113,0.9471557425940419,0.011001825332641602,10,17922,22070.0,4242.0,5169.0,24,23,19,21
1480.6439273371702,363.11191626861233,8.964830670749712e-06,0.9509902849189082,0.9435025128654916,0.9519851714735771,0.9441711919949142,0.0,9,20948,26022.0,5132.0,6368.0,21,21,18,18
1769.1527040712401,439.95844134136905,1.027679310906699e-05,0.9347151255415318,0.9242751077004203,0.9358148545996454,0.9248524590879765,0.0,7,22060,28509.0,5454.0,7156.0,20,19,16,16
1735.4156949874005,449.3372419344376,1.1879312452833676e-05,0.9486972798206835,0.937362898663228,0.9495033496550436,0.9378367680378376,0.01100015640258789,7,25142,31583.0,6391.0,8184.0,18,18,16,15
2060.533500943539,577.0336193605538,1.52594496117628e-05,0.9396255551010209,0.9171880469518943,0.9404074206813484,0.9176371374375136,0.0,6,28141,36311.0,7377.0,9947.0,17,16,14,13
2012.7234354624022,594.85912868403,1.7949342483794953e-05,0.9509059040368489,0.9268684979052187,0.9514684740654172,0.9273452052905379,0.0,6,31144,39510.0,8587.0,11400.0,15,14,12,12
1277.8534450723735,262.096276839892,1.7064547323558713e-05,-230.03309509229354,-191.65215819500617,-227.113702175345,-162.71760704554907,0.011002063751220703,4,260,2511.0,77.0,526.0,11,41,6,37
706.1600901471753,143.020977482326,1.0487163577613816e-05,-180.57203949926134,-129.9472830179243,-175.99777186769165,-98.70292419870515,0.0,4,178,1004.0,65.0,203.0,7,62,4,58
1015.8075964062617,205.36162210435847,1.0419312107999608e-05,-99.95357973489749,-74.54624439919483,-97.89610182678611,-57.796894950431444,0.0,4,351,1626.0,108.0,332.0,10,48,4,44
1356.9100889828085,275.4537922531957,1.0286227421443291e-05,-113.54807500071014,-88.42529526462714,-112.05766025980904,-75.0708007633001,0.0,4,427,2370.0,137.0,488.0,10,44,5,40
738.7701773894233,150.64825200888768,7.378748065758958e-06,-169.15133327668303,-145.11468634645104,-163.11094968865913,-98.10745924976719,0.0,4,204,1031.0,66.0,208.0,10,69,4,64
1465.067937844522,297.8378159054577,8.682766367736162e-06,-130.35846967956866,-96.47508798102216,-128.29248361838205,-78.50615087063736,0.0,4,406,2570.0,139.0,529.0,10,45,5,41
1334.4862814643943,270.26435746629016,3.5452905936929634e-06,-45.96763305698118,-39.855025377100006,-45.078356014154544,-35.4426876607595,0.0,4,627,2204.0,164.0,448.0,14,51,5,47
2616.3436477904297,539.2809352121891,6.207676315858051e-06,-157.67867183814153,-127.05031518895692,-154.0182410009934,-114.90934632777805,0.011003494262695312,4,665,5678.0,174.0,1199.0,12,38,6,35
1166.5738921445711,236.0664630988485,2.3708021355219028e-06,-36.442328011719475,-29.169367321095507,-34.97638013622714,-25.31763086087886,0.0,4,623,1964.0,177.0,398.0,11,53,5,49
3106.1799287871268,650.76431025372,6.333454724753183e-06,-99.90162736719181,-86.17349203110568,-93.78523383483771,-82.20107259147638,0.0,4,1019,7935.0,260.0,1712.0,15,33,7,30
2654.530107900455,554.4270691443555,4.163014256847924e-06,-31.277217340380794,-28.70176856497831,-27.057591075466483,-26.88712698164007,0.01100015640258789,4,1701,7572.0,371.0,1611.0,34,37,28,33
2837.4630192156983,594.8251231104259,4.1854842057218315e-06,-17.613504208512516,-16.45452625427425,-15.468869658739674,-15.501287770307592,0.0,4,2298,8877.0,493.0,1906.0,42,35,33,32
3339.7849528450183,722.5955747050582,5.4518834363483574e-06,-7.539083183300839,-7.854561196398089,-6.9126975818774845,-7.529404287685706,0.0,4,3546,11984.0,754.0,2656.0,36,29,28,26
558.4470125172787,122.74465365139127,1.7206127202694552e-06,0.8928050922134159,0.8745418558775445,0.9065469953452588,0.8972688019622684,0.010999202728271484,24,4646,4958.0,1014.0,1019.0,34,36,28,32
667.7433126426257,143.59991020375438,1.9083143654942182e-06,0.8769794689855667,0.8724829220854726,0.8909238027303522,0.8884451043121141,0.0,24,5158,5803.0,1168.0,1202.0,36,38,31,35
707.5270743763872,156.85662242952958,2.2330488916466055e-06,0.9053514359765258,0.8953917094399574,0.9113950069104904,0.9034803846331415,0.0,18,6249,6895.0,1380.0,1437.0,30,33,26,30
553.843303436906,130.66847362696177,2.476001796150632e-06,0.954280055238523,0.9436953606325094,0.9567708861315674,0.9469468184328236,0.0,16,7009,7397.0,1531.0,1544.0,32,32,23,28
1112.282098169835,247.8765271809187,4.620330861149441e-06,0.9142053093921012,0.9104212653840458,0.9171636722785578,0.9124124879348654,0.0,12,10654,13361.0,2397.0,2925.0,28,28,24,25
1202.0796751690568,269.3394276238206,5.433252625088444e-06,0.9178420898642751,0.914740837493556,0.9207455919510777,0.9164538210774602,0.010999917984008789,12,11951,15131.0,2694.0,3363.0,26,27,24,24
1086.5303775613622,245.88157718706785,5.4358149441977345e-06,0.9397710219140607,0.9364577859114619,0.9417253267726314,0.9379259116954651,0.0,12,12757,15439.0,2931.0,3428.0,26,27,23,23
1266.685464772793,293.69449357377397,6.492552014724521e-06,0.9347927379566385,0.9277865251680026,0.9364961308362431,0.9289062083740371,0.0,10,14560,18384.0,3314.0,4195.0,24,24,20,21
1373.8246085090539,318.09902390763324,7.584611998079835e-06,0.9401847972635987,0.9361913509165823,0.9415477995338958,0.937022881665696,0.010998249053955078,9,16890,21313.0,3958.0,4975.0,23,22,19,19
1348.833847163077,327.6857748407261,8.422432695683001e-06,0.9543031084222203,0.947466948111289,0.9553131207497035,0.9480681238957788,0.0,9,19474,24017.0,4794.0,5770.0,22,21,19,19
1502.8860930541782,367.0639678880769,9.600065938196883e-06,0.9512240480520204,0.9452063036245402,0.9520940872430419,0.9457345224512133,0.0,8,21601,26845.0,5257.0,6641.0,20,19,17,17
1682.060992590845,435.36257291190424,1.103871482418807e-05,0.9463284105340197,0.9328568389738399,0.9472234899467854,0.933345702463148,0.010998725891113281,7,23423,29615.0,5830.0,7559.0,19,18,16,16
1716.0207595806723,435.8250240783602,1.1428185652223847e-05,0.9470983990096149,0.9376625508170595,0.947929181279704,0.9381392737406911,0.0,7,24192,30638.0,6193.0,7806.0,19,18,16,15
1664.6227897809354,437.08497980357606,1.1893230105962863e-05,0.954138485988138,0.9424122043316593,0.9547763157113527,0.9429450396614302,0.010999441146850586,7,25446,31793.0,6506.0,8192.0,18,17,14,15
1960.931327255691,534.1407197645938,1.3976172594389059e-05,0.9398176221636846,0.9207369232642246,0.9406287072681329,0.9211946800065729,0.0,6,26591,34365.0,6961.0,9250.0,17,16,14,14
1907.3247584096823,520.9562402499073,1.4498715649365305e-05,0.9462214101490412,0.93001337978058,0.9469051560040654,0.9304243978436677,0.004643440246582031,6,27671,35236.0,7390.0,9526.0,17,16,14,13
591.4693479660069,119.61696681491301,1.3967012593603813e-05,-98.88719253310437,-83.90671529349952,-96.85104319654876,-63.922667390136084,0.0,4,217,863.0,64.0,175.0,10,55,5,50
1721.9585989990196,351.68851630384523,1.0815329787275087e-05,-353.3645368112313,-276.4244861809715,-347.7019721436624,-229.96733532715734,0.01099848747253418,4,303,3268.0,89.0,682.0,10,45,6,41
2469.011363801984,516.1274471161814,1.3910756480185074e-05,-240.72478798829516,-210.79016876769353,-238.35690738014392,-185.8324944945382,0.0,4,508,5785.0,153.0,1258.0,12,33,6,30
1180.660417238307,238.96872616167443,7.1813626228286215e-06,-78.37792343373708,-65.76427700363791,-77.05144790555441,-53.641651012446864,0.0,4,412,1848.0,121.0,376.0,13,51,6,47
2302.560164794831,474.83954526766195,8.965001128638925e-06,-136.49854219772004,-114.77540115532734,-135.04965741733344,-105.50477462433783,0.010999441146850586,4,612,4955.0,168.0,1050.0,11,37,7,33
2087.4199710208454,426.3225378161469,5.912969687848638e-06,-127.36166200288287,-104.42943393632716,-125.18525070707288,-89.85663822949995,0.011008501052856445,4,576,4105.0,160.0,854.0,9,42,4,39
2285.3991559645183,469.6462099282821,5.91284470867894e-06,-125.45457128152806,-111.75575167860548,-123.00575040671319,-99.5911148169867,0.0,4,661,4746.0,163.0,994.0,14,40,4,36
1874.7070937882536,380.98757361625326,4.8065940957967735e-06,-68.49778974631926,-55.826771098287296,-67.36195249065165,-50.29569556040189,0.0,4,678,3518.0,186.0,725.0,13,43,5,39
2571.252428697605,529.8798507680774,4.963867050194183e-06,-115.0806376964738,-89.05693569224704,-107.47346801850848,-82.51144800239335,0.01100015640258789,4,841,5909.0,226.0,1246.0,19,37,5,34
2307.189743046,475.5804348372628,3.879239495750784e-06,-46.05923527126014,-39.95458610746012,-40.97622982863086,-37.80274492877149,0.010998249053955078,4,1185,5820.0,257.0,1220.0,31,38,18,35
2196.4338663312096,452.3379544101954,3.5283122947352747e-06,-42.217429117966994,-35.86230956607902,-36.74533293759818,-33.52319470759236,0.0,4,1202,5548.0,276.0,1159.0,28,39,17,36
2648.4802521131496,550.6650619175568,3.952839349884176e-06,-32.87844654264128,-28.18892285668863,-27.849445377063187,-26.13130073114209,0.0,4,1704,7581.0,367.0,1614.0,39,36,30,32
2438.691125634815,507.6391640066134,3.7406068064055896e-06,-15.76073241169799,-14.429504840071376,-13.945191301301602,-13.646112316157309,0.010998249053955078,4,2085,7452.0,439.0,1579.0,40,37,31,33
3114.82086496693,658.332441982519,4.718079538478677e-06,-24.28167189808736,-23.789695699740403,-21.161279056519692,-22.200067247292576,0.0110015869140625,4,2200,9610.0,456.0,2084.0,36,33,33,30
3293.3622478909506,704.9451958604063,5.540617744671194e-06,-11.43028458663098,-11.048374340987872,-10.394684003126828,-10.557959586645227,0.0,4,2939,11272.0,640.0,2486.0,34,30,29,27
2717.614741904501,573.3506326120751,4.219855149177035e-06,-5.816339128579648,-5.4741564602583725,-5.280385565438548,-5.217821009909261,0.0,4,3298,9842.0,702.0,2128.0,38,33,34,30
610.2258905520151,139.9531171499942,2.107857449094696e-06,0.891174386915355,0.8603189169970592,0.9016304549627812,0.8816358949503675,0.010998249053955078,20,4986,5557.0,1058.0,1148.0,31,34,23,30
600.4416430150949,133.75379218204216,2.2605184964701422e-06,0.9032085932631763,0.8896089769264928,0.9129248200485601,0.90454211172217,0.0,22,5332,5708.0,1144.0,1181.0,34,36,29,32
641.173347781052,145.1748945238122,2.7589806033857835e-06,0.9378240710920072,0.9293740999858031,0.9411164591276507,0.9336893412163402,0.0,16,6980,7547.0,1564.0,1580.0,29,32,27,28
1034.2488473094468,231.56295536819047,4.461837475566013e-06,0.9235953956044657,0.9190988131932997,0.9265136291047935,0.9214410887544467,0.010997772216796875,13,10465,12766.0,2398.0,2784.0,28,28,23,25
1028.519583717738,246.16711803163312,6.485090768720663e-06,0.9459900816755282,0.9347359205618195,0.9476824509350188,0.9361178824900706,0.0,12,12686,15401.0,2884.0,3430.0,26,26,22,23
1310.184316735712,294.5976498224296,6.078015128050687e-06,0.9211792026902603,0.9194462688222683,0.9235798945001472,0.9209010167740223,0.0,11,13567,17277.0,3161.0,3904.0,25,25,21,22
1343.2379335275698,312.91701164969487,6.760654968360378e-06,0.9342385521693587,0.9287141904971447,0.9361556965794463,0.9299114940427455,0.01305699348449707,11,15541,19660.0,3663.0,4546.0,25,24,21,22
1435.5683677420377,347.3024460193003,8.564630415601382e-06,0.945952996371319,0.9382908252967472,0.9470935669065571,0.9390521988380585,0.008014678955078125,9,18965,23875.0,4556.0,5706.0,22,21,18,18
1733.4589572648495,465.6395555063744,1.2546311470345895e-05,0.9512904004467521,0.9359109869163439,0.9521772653824961,0.9364536441120711,0.0,8,25578,32205.0,6697.0,8457.0,20,18,16,16
1728.1965614011358,479.74547463223405,1.4218485831656643e-05,0.9574946041806018,0.9421182061463113,0.9580882555767625,0.9425775893657978,0.0,7,28185,34968.0,7449.0,9463.0,17,16,14,14
2055.104366667235,652.7633810033674,2.263877477329128e-05,0.9528775815433341,0.9232128958648851,0.9533013102901158,0.9236452624506863,0.0,5,33229,42257.0,9556.0,12791.0,14,12,11,10
762.1767005863317,154.02867698364915,1.0249993771314828e-05,-88.93525091934764,-77.3888234796413,-86.94025156563262,-58.24857626564861,0.007634401321411133,4,278,1114.0,88.0,226.0,9,55,5,51
1140.8382061011105,231.20891526928628,1.1304416370260023e-05,-103.59700026911545,-80.01809790748905,-102.4990742622643,-68.67860348596274,0.011007070541381836,4,384,1921.0,120.0,394.0,9,46,6,42
167.79249958405967,34.43925812209084,9.643796030246144e-06,-5.404281660772571,-4.143437932903693,-5.222046641425636,-2.8377443923773615,0.0,4,228,254.0,92.0,92.0,6,13,5,4
205.49913827880965,41.73265607810427,5.903743617645849e-06,-8.386550879080373,-7.236815528241003,-8.07957946013314,-4.823152669727166,0.0,4,237,261.0,76.0,65.0,9,33,4,4
1155.7091482793874,234.54819156554302,8.125318200305258e-06,-70.96746670124993,-60.03967422292768,-69.89028619148642,-49.36226131315041,0.009508132934570312,4,455,1891.0,145.0,386.0,9,46,7,42
2302.5575182826597,477.34818703611586,1.2654515517981403e-05,-161.8840526711986,-131.9122400080356,-160.40289970756643,-118.49542974591492,0.0,4,574,5148.0,171.0,1105.0,9,34,7,30
1755.5062927115926,358.07261833320905,8.277495065407242e-06,-117.98955283866025,-88.53699129785899,-116.51686445093604,-77.01114653556913,0.0,4,484,3336.0,160.0,693.0,10,41,5,37
2168.725789970538,445.86615144009306,1.0034392443982512e-05,-192.27973025870818,-164.23047378173948,-190.24020539874857,-145.78474888812406,0.010998010635375977,4,497,4526.0,134.0,957.0,12,38,6,35
1603.0906185397007,325.9960378082327,7.027963246260724e-06,-109.91904716205146,-90.33410621964593,-108.41174280827818,-77.28732792093187,0.0,4,458,2844.0,137.0,585.0,9,46,6,41
1451.9782661653949,293.5617659312375,6.228010546732235e-06,-92.72337332632773,-77.08769795594033,-91.3220827556336,-64.07593653167912,0.0,4,476,2394.0,151.0,489.0,11,49,5,45
2578.273021003271,531.7688936464788,7.541418986378692e-06,-223.25139841857944,-187.1496577894062,-219.61970851577124,-168.88311248141073,0.0,4,528,5641.0,145.0,1199.0,17,38,6,35
3450.8726130743607,733.9532299472494,8.606982341587124e-06,-68.09844128901983,-58.983524215513874,-65.35506680348216,-56.88715451497996,0.0,4,1268,9677.0,321.0,2149.0,20,28,7,25
3465.718570272741,737.3496315633897,7.485974376402769e-06,-86.00008349535715,-77.99451598921269,-78.63183364655379,-74.68922181464998,0.0,4,1238,9797.0,275.0,2165.0,20,30,8,27
3392.0512123320505,721.1786793160209,6.876576509040693e-06,-51.59175731935184,-45.937713062826546,-46.92978070024805,-44.126017471137914,0.011000394821166992,4,1508,9895.0,333.0,2181.0,29,29,11,26
2979.3514954320735,639.7597775076725,4.775277583695385e-06,-4.743086592122626,-4.8105840686866905,-4.3628774930172325,-4.614230811931257,0.012368917465209961,4,3843,11203.0,838.0,2458.0,37,31,30,28
870.0572661276173,193.19325595460487,2.895622376922026e-06,0.8903294738280927,0.8805229163771155,0.8970602465676095,0.887684843731254,0.0,18,7081,8387.0,1578.0,1771.0,31,34,28,30
858.3198981842653,191.96347618876928,3.1497168029966205e-06,0.9049106113801146,0.8967774896749912,0.9099542514335228,0.901219206702093,0.0,16,7706,8942.0,1742.0,1895.0,29,32,26,29
886.0289149318086,199.11563402778225,3.620394171251374e-06,0.920105612705724,0.9123386965940045,0.9239080700124248,0.9158041610110892,0.0,16,8709,10209.0,1882.0,2181.0,32,32,26,28
1163.978348383516,260.9535883656304,4.7999081706109574e-06,0.8999719270595804,0.8934364440035745,0.9029893065643124,0.895880007553997,0.011000871658325195,11,10408,13269.0,2308.0,2911.0,26,27,21,23
1167.926702156088,264.93343340909433,5.548793890467455e-06,0.9140957399227284,0.9081528918116121,0.9171983960081058,0.9103594885152759,0.0,13,11352,14163.0,2542.0,3126.0,27,28,21,25
1070.8145787525334,241.9104992660972,5.387966508956368e-06,0.9355035612784163,0.9318305840896035,0.9378026418738916,0.9333017778808246,0.006673336029052734,13,12093,14666.0,2718.0,3248.0,28,28,23,25
1244.9798400768593,288.09455483829004,7.082640626637104e-06,0.9465277676623332,0.942585652594504,0.9476594354148,0.9434800353578973,0.0,9,16135,20053.0,3803.0,4645.0,22,22,19,19
1567.514295288584,376.58009961835666,8.414052755016018e-06,0.9315590401209491,0.9226874105256065,0.9330533547787501,0.9236005765834389,0.010999679565429688,9,18355,23643.0,4421.0,5678.0,22,21,18,19
1497.2821210446614,364.0411019555944,9.169898008102115e-06,0.9430910554118207,0.9347857429936898,0.9441448481409668,0.9354542838924842,0.0,8,19613,24655.0,4765.0,5949.0,21,20,17,17
1695.1400360841826,427.2996354955427,1.0777768716043437e-05,0.9416471165577448,0.9295136250557924,0.9426166822535355,0.9300583033215704,0.0,7,22389,28595.0,5553.0,7248.0,20,18,16,16
1687.732355966533,423.3451653583138,1.1191846321147979e-05,0.9447361989381687,0.9355206834191594,0.9455965398930927,0.9360298681506662,0.011001110076904297,7,23040,29464.0,5859.0,7449.0,19,18,16,16
1597.8678048384136,419.83245881930196,1.1462001674230609e-05,0.9534199627791315,0.9411780529450784,0.954258046615571,0.941661233082003,0.0,8,24048,30064.0,6156.0,7636.0,20,19,17,17
1596.1519654388155,419.0234550881114,1.2042414023069874e-05,0.9568871464610521,0.9463860690146322,0.9574805283683601,0.9468233884228149,0.0,7,25210,31345.0,6555.0,8092.0,18,17,15,15
1909.579181111946,559.6751622450674,1.7731513087126294e-05,0.9543978131867035,0.933925029498741,0.9549238846958584,0.9343104338268304,0.0020134449005126953,6,30719,38716.0,8473.0,11077.0,16,14,13,12
971.0787279275215,197.04475485702903,1.3954916605514722e-05,-129.709652547561,-120.8200416363813,-126.98962537612076,-91.82240493836628,0.008019447326660156,4,288,1653.0,84.0,340.0,10,46,5,42
985.6965124130923,199.61183686511845,7.106668064967646e-06,-73.22233530353154,-58.18751398249052,-71.62321082558897,-43.596810270521786,0.0,4,372,1475.0,126.0,299.0,10,52,4,48
1457.943282361606,296.51554554525467,8.162764352400252e-06,-75.53190584851014,-59.708987764537454,-74.669130465498,-52.672437707126775,0.0,4,530,2576.0,146.0,530.0,11,44,7,40
1337.2865444934878,271.5132938734308,5.412612851528732e-06,-94.01173624774097,-75.63896768883748,-92.49551727119474,-65.66668864689701,0.0,4,432,2189.0,130.0,446.0,11,52,5,47
2175.027969168826,447.90693787884106,6.714871292250222e-06,-96.85265426677013,-75.30450277615599,-95.14615621601155,-67.24652913120202,0.0,4,728,4568.0,216.0,958.0,10,38,5,34
2582.8735209065117,533.538599821981,7.418416638498614e-06,-154.88957204873066,-125.30657237936772,-152.23173370868537,-112.7627088953348,0.008019447326660156,4,611,5785.0,176.0,1233.0,12,36,7,33
2458.336509884953,507.36640277679663,5.896566871052935e-06,-90.07851972938282,-79.98995783306535,-87.4053377786988,-73.52447582245779,0.00803828239440918,4,809,5532.0,219.0,1167.0,13,37,8,33
3338.040001570283,713.3693015659327,5.752985562087173e-06,-22.16648372381322,-21.393187496409443,-19.570229922615,-20.058858379614023,0.00801229476928711,4,2382,10706.0,501.0,2359.0,35,31,31,27
3485.717806277496,752.6445459179254,6.356800799581203e-06,-12.455611456459621,-12.307988028430026,-11.381862345788493,-11.773568303630817,0.0,4,2968,12066.0,635.0,2696.0,33,29,33,26
3422.3933541943034,733.1435881417319,5.672941779574718e-06,-10.857768182477788,-10.574327942962718,-9.890374136643034,-10.10867318095917,0.0,4,3156,11725.0,692.0,2600.0,38,30,34,27
560.0997045279936,122.43057997730897,2.0264469394059845e-06,0.9316568156312062,0.9261968089178007,0.9365120407550256,0.9328387765199866,0.0,19,5762,6076.0,1220.0,1260.0,33,33,27,30
907.8423447336912,203.45553968006382,3.2691935051278613e-06,0.8737348662364207,0.8575734510081683,0.8809010451246051,0.8673168090181386,0.0023908615112304688,17,6817,8371.0,1545.0,1770.0,29,33,26,29
611.3972385718906,137.74117377306234,2.4554840998776575e-06,0.9489466470316962,0.9420317064821414,0.9515332950129417,0.9453666239850012,0.01000833511352539,16,7251,7899.0,1595.0,1659.0,30,31,26,28
977.3774770057572,213.14415364386173,3.552000611090179e-06,0.887141077920244,0.8840611350267291,0.8919383438546189,0.8896255420736681,0.0,14,7944,9791.0,1744.0,2089.0,28,30,26,26
927.9002677964611,204.8106045128773,3.5782907551004968e-06,0.9180885231583453,0.915366245238624,0.921592876089059,0.9180405985903687,0.010998964309692383,14,8971,10756.0,2031.0,2311.0,29,30,25,27
1017.624370556524,236.90238828056104,5.469342550311895e-06,0.9470067401246623,0.940392408350436,0.9484335385561359,0.9416182326073818,0.010999679565429688,11,12888,15287.0,2939.0,3404.0,24,25,23,22
1197.7774974231788,276.04301194640743,5.972442850794327e-06,0.9316160870559163,0.9255897237520249,0.9333907436916137,0.9267431248431099,0.0,10,13467,16732.0,3047.0,3776.0,25,25,21,22
1175.053247020463,273.4953991081629,6.369970984790541e-06,0.9437074836403188,0.9387514403795548,0.9452002542314814,0.939677852233175,0.010997772216796875,10,14701,17917.0,3482.0,4074.0,24,24,20,21
1116.6951986404647,262.8532755064019,6.550278629888849e-06,0.9541595479650208,0.9484182663093808,0.9553338341632367,0.9492255624848794,0.0,10,15607,18910.0,3608.0,4341.0,24,24,21,21
1366.9176884629767,320.1400620676196,7.798221470567917e-06,0.9406847538558974,0.9356405897523851,0.9419780159838497,0.936423878318194,0.0,9,17021,21407.0,4092.0,5026.0,22,22,20,19
1488.3273707882156,358.8092639719436,8.570376105632394e-06,0.9358998185101486,0.926836343247103,0.9372567837499143,0.9277143233774487,0.011000633239746094,9,17888,22943.0,4290.0,5482.0,22,21,19,19
1592.8071746611936,385.1439736446393,8.73392872063387e-06,0.9314521584653692,0.9220985912670737,0.9327807254923646,0.922822473148875,0.0,8,18767,24275.0,4530.0,5891.0,21,20,17,18
1615.847258449066,396.10094173576016,9.682800842574625e-06,0.9387986549262729,0.929620967994319,0.9401251487951673,0.9303676741594342,0.0,9,20331,26085.0,4976.0,6416.0,22,21,18,18
1632.06351012308,402.0160083476054,1.0274500873397977e-05,0.9417889823203416,0.9338736124834526,0.9427453655163027,0.9343841212721654,0.010999441146850586,7,21587,27489.0,5427.0,6867.0,19,19,16,16
1947.2065889370856,547.4444302897958,1.5228494709228698e-05,0.9441268535659253,0.9216370011541613,0.9448504018714107,0.9220980267321562,0.0,6,27641,35270.0,7177.0,9615.0,17,16,14,13
2031.996196490828,564.2816370904221,1.6087178246785293e-05,0.941756854195805,0.922704298308932,0.942451049759407,0.92318566450108,0.0,6,28478,36645.0,7739.0,10197.0,16,15,13,13
1906.5378307287795,539.0235754525186,1.6810114249182275e-05,0.9522705012369994,0.9345771683348203,0.952838099964955,0.9349612846310931,0.011000394821166992,6,29818,37549.0,8259.0,10559.0,16,15,13,13
2057.4909809868195,648.7625224427778,2.1503175650374112e-05,0.9513197169566812,0.9191680992888538,0.9517915919419017,0.9195112329938734,0.0,5,32535,41303.0,9181.0,12468.0,14,13,11,11
887.6095472297114,179.41237996117584,1.2149450699753868e-05,-283.2964839609379,-249.53226663243498,-272.0641572891688,-156.44263384247913,0.0,4,192,1378.0,68.0,281.0,8,56,4,52
1018.4996982899243,206.06764666002277,1.012172004210128e-05,-126.16474358756929,-103.55874516811278,-124.10945387806109,-80.6499141946556,0.010999679565429688,4,288,1626.0,98.0,332.0,11,50,4,46
792.8612281372657,160.4230085326499,1.6099206462445837e-05,-167.30950817416573,-126.39053315458389,-162.6150362981654,-93.3680795581765,0.0,4,222,1298.0,70.0,266.0,9,48,4,44
656.8409244253893,132.62195645266786,7.607438889199173e-06,-28.553933031607258,-25.577011765631763,-27.86547104178197,-18.58402402084751,0.0,4,404,917.0,124.0,185.0,10,50,4,45
956.7098404166229,193.55578976098855,7.397484645887581e-06,-63.819855333258246,-54.84413120056055,-62.7533774311344,-44.07112131759754,0.011000394821166992,4,375,1426.0,134.0,289.0,11,53,5,48
1501.6245057436963,305.3332196142437,8.071954330325732e-06,-168.60053212007776,-146.76044444077561,-166.3771612222325,-120.87918878157228,0.0,4,386,2612.0,108.0,537.0,10,48,5,44
1781.3470002828383,361.1729156512155,5.41595209528133e-06,-218.1230498301054,-175.30615541625681,-214.25889791631477,-150.22809691260645,0.0,4,384,3173.0,117.0,653.0,12,50,4,46
2065.2872479794833,423.6573767995391,5.804625093910139e-06,-111.0362269062093,-92.18286823179696,-109.02346489456124,-85.11496482231789,0.0,4,604,4133.0,164.0,860.0,12,42,6,38
2585.344045447981,534.1445458238185,6.1442824686659594e-06,-110.38762644997848,-91.9655928884248,-106.99689861866972,-86.2984391982126,0.0,4,786,5861.0,205.0,1242.0,17,37,7,33
2735.1410403152277,569.624675407705,5.870345178659752e-06,-56.46217188661043,-51.19865494487769,-53.85856141880248,-48.81979485355859,0.0,4,1164,6896.0,254.0,1475.0,16,34,9,30
3384.4614478032786,720.4711493761102,8.036310410916156e-06,-84.94044550523341,-79.73920953388605,-79.75162846855562,-76.74886647464143,0.011000633239746094,4,1171,9438.0,269.0,2088.0,16,30,8,27
2897.420907749971,608.2497602410816,5.779651871578886e-06,-101.90169933923949,-85.27652248847588,-89.34174587987629,-79.20093257964383,0.0,4,1082,7564.0,245.0,1624.0,19,34,12,30
2579.1034072748357,534.1477635760851,4.4126311293131376e-06,-29.65409576947095,-25.137015994215655,-26.202284941641167,-23.935914362294874,0.0,4,1631,7361.0,359.0,1568.0,34,35,27,32
3394.2242470973147,740.2449270905768,6.357835014928389e-06,-6.688339967097913,-6.919046286824395,-6.218434362607878,-6.680612406471115,0.010998964309692383,4,3610,12592.0,769.0,2825.0,36,27,27,24
419.5771505862988,92.60081946022876,1.5573974129936821e-06,0.92524856562331,0.9083092238887284,0.942130519442564,0.9364385521408239,0.0,32,4368,4293.0,910.0,885.0,39,39,39,33
684.8609302823169,149.48760219455173,2.303645670068024e-06,0.8870630111292319,0.8780338373442563,0.8959473958852652,0.891727557590786,0.0,19,5489,6101.0,1201.0,1267.0,31,34,28,30
850.431655102278,186.05943270901372,2.704881442094607e-06,0.8635469162012701,0.8549268514927157,0.8735879960443003,0.866214849929395,0.011000871658325195,20,6305,7366.0,1371.0,1545.0,34,36,30,32
1049.665496800011,230.07002931891108,4.170337516298861e-06,0.8929206793917552,0.8898814788847034,0.8969137132543149,0.8938182506305494,0.0,13,9002,10973.0,2019.0,2366.0,28,29,24,25
1087.8744496410502,239.56164987516073,7.011594030963498e-06,0.9375852967810847,0.9381462273476091,0.9396753810644767,0.9394030540930761,0.01100015640258789,12,12581,15347.0,2890.0,3420.0,27,27,23,24
1262.666191868584,299.6213911288345,1.1984743465421214e-05,0.9376166137435114,0.9287382549024286,0.9390731776406284,0.9296682032658712,0.0,9,15054,18965.0,3557.0,4366.0,23,23,19,20
1542.3155410812892,388.92076146131893,9.405714198005041e-06,0.9388276652135511,0.9243024011783877,0.9399116712212511,0.92507369419431,0.0,8,19437,24889.0,4688.0,6069.0,20,20,17,17
1708.7853448688954,453.2268059530555,1.2112597505911341e-05,0.946274486489484,0.9305254004035615,0.9470815856427172,0.93102486367031,0.011000394821166992,7,23935,30467.0,6082.0,7905.0,19,18,16,15
1881.503331101552,493.9704945261059,1.319258857665037e-05,0.9383370167989689,0.9227026651500635,0.9393085204987373,0.9232382269268353,0.0,7,24784,31919.0,6342.0,8434.0,18,17,16,15
1929.236026296754,508.0133348516521,1.3458250473157383e-05,0.9374372220760728,0.9226028807998727,0.9384116944487142,0.9231369257948657,0.010999917984008789,7,25187,32745.0,6515.0,8688.0,18,17,15,15
1735.2569679101857,494.70070470340204,1.5308007383713456e-05,0.9582783790552887,0.9415137747599026,0.9587670336941723,0.9418641369067049,0.0,6,28917,35989.0,7715.0,9902.0,16,15,13,13
1849.8598126116988,587.7859080347287,2.3408314031497915e-05,0.963338345620542,0.9412174730502609,0.9636441627610777,0.9416448754203642,0.0,5,34302,42527.0,10173.0,13158.0,13,12,10,10
665.3919036302341,134.28661822137502,1.050206918792058e-05,-62.021788698412124,-45.120398954326724,-60.46013490945221,-35.095788771126685,0.010999917984008789,4,288,969.0,107.0,196.0,9,50,6,45
106.6388472837174,21.578586994209484,8.590336878717817e-06,-2.19229717657689,-1.5073538519787513,-2.0601163570606387,-0.7142090176114739,0.0,4,216,235.0,79.0,71.0,7,8,4,4
1680.8484774561528,344.06485580483223,1.2014981077408529e-05,-246.54005762338596,-207.54152649156504,-241.29198128914948,-156.28049970860755,0.0,4,357,3280.0,112.0,686.0,9,41,4,37
1983.5054512150955,407.12829417355243,8.464153339520818e-06,-98.59217311201107,-85.75392104798215,-97.23424708412269,-73.76747479516432,0.010999679565429688,4,591,4050.0,170.0,848.0,12,39,5,35
1291.7210539625032,262.5353547619825,5.848677489708951e-06,-45.98112001655004,-40.63036614881064,-45.3376011096297,-34.370809701233235,0.0,4,573,2143.0,163.0,437.0,12,47,6,43
1555.3756948349596,316.3481402400421,6.0544324615461625e-06,-123.10076270748688,-101.97528675989095,-121.1442452176463,-85.60000355150416,0.0,4,465,2686.0,132.0,551.0,10,49,5,45
1797.8883707699986,365.272429724263,5.277530172082224e-06,-63.962298110545575,-50.48884194616237,-62.97166031894965,-44.19983833682141,0.0110015869140625,4,698,3419.0,212.0,706.0,12,42,5,38
2267.6642351400556,464.5783818869176,5.70359167146647e-06,-131.30195116026175,-107.15954334902179,-128.02332143360263,-100.00743829032811,0.0,4,639,4710.0,163.0,987.0,16,41,7,37
2519.706520195689,517.842489324698,5.506946686839977e-06,-158.2190230888862,-119.33863388349859,-149.4289915804706,-111.00251523850716,0.0,4,706,5641.0,179.0,1191.0,14,39,5,35
3075.6820229422287,643.5587660941825,6.713974366575719e-06,-199.25609414923494,-165.61199022599644,-180.39878105272837,-157.29985264142593,0.01100015640258789,4,833,7656.0,188.0,1653.0,17,35,7,31
1243.7631490092208,253.21707173227216,2.2424691510432535e-06,-48.93974402788078,-38.6841176735659,-42.74508685933697,-35.327474428472314,0.0,4,687,2434.0,157.0,495.0,17,54,17,50
2790.5034398682733,581.3993714880218,5.458182165759981e-06,-84.99015812663175,-71.2366721977367,-76.68068039345921,-67.28796675822888,0.0,4,1068,7174.0,241.0,1533.0,25,35,22,32
2048.203020841277,423.10895464407275,3.7028419317603773e-06,-24.143631473900058,-20.30871664397676,-22.16349323254541,-19.212710542526022,0.01100015640258789,4,1369,5285.0,305.0,1103.0,25,37,19,34
2705.9546028157974,568.0850600188908,4.843044104814775e-06,-16.250238527032213,-15.161182611272125,-14.823888941979087,-14.573114692859091,0.0,4,2067,8385.0,478.0,1804.0,31,33,31,29
3379.5189869763026,730.6989875568918,6.5926358823826816e-06,-10.369687089836084,-10.536200830052334,-9.575476536075639,-10.143114937564933,0.0,4,2988,11777.0,630.0,2627.0,39,29,31,26
3423.767294893643,749.6017484304582,6.883664293066553e-06,-6.715985685610696,-7.092067860544049,-6.282599075813404,-6.8665637921493765,0.010998964309692383,4,3679,12711.0,754.0,2865.0,35,27,32,24
2643.836923314926,565.4820583655447,4.572713365727732e-06,-4.248655227718679,-4.333252267414515,-3.884863924844818,-4.147929862035723,0.01100015640258789,4,3548,10026.0,783.0,2178.0,37,32,35,29
206.18222423148194,50.1679371492213,1.247012022494693e-06,0.9816407909905264,0.971596167970293,0.985423564375279,0.9804460539805301,0.0,27,4207,4131.0,886.0,886.0,34,31,28,27
432.6908407123539,98.88803848719094,1.912083038315754e-06,0.9404164570583702,0.9252588541510174,0.9477333884031429,0.939763397705099,0.011002063751220703,23,4716,4903.0,1038.0,1009.0,30,33,27,29
571.9924866306416,128.90818992046792,2.6712014981098094e-06,0.9422472075073566,0.9337706887610862,0.9454994092413427,0.939084920461423,0.0,16,6409,6859.0,1380.0,1430.0,30,31,24,27
906.1662164110434,207.14550157686122,3.6295204831186393e-06,0.8933484629892469,0.8750298728446106,0.8982770645016248,0.8818302002170887,0.0,15,7530,9136.0,1679.0,1945.0,28,31,24,27
886.5204809920585,203.2450533817193,4.164654536662905e-06,0.9276464554967261,0.9179357893659196,0.9304131410098393,0.9201119184309255,0.010997772216796875,13,9239,10908.0,2030.0,2350.0,29,29,25,26
1069.8766015427834,235.70342264862396,4.905966806240842e-06,0.9154395413909208,0.9141654759916221,0.9184565529653786,0.9168453871064252,0.0,13,10414,12662.0,2352.0,2764.0,27,28,23,25
1163.18266323307,255.01908876039832,5.415207462578795e-06,0.90717518231326,0.9071136200958211,0.9104514435379346,0.9095129235857998,0.0,13,10787,13658.0,2496.0,3007.0,27,28,23,25
1287.4659261942086,301.47312391728127,6.534416478891881e-06,0.9200987279119549,0.9093593196980895,0.9220252962020608,0.9108529002767276,0.0,10,13338,17010.0,3069.0,3859.0,24,24,20,21
1527.5788387823563,355.83481145536933,8.64636951522408e-06,0.9250148492852379,0.9201223874422718,0.9265345304988969,0.9209282983269373,0.0,8,17160,22203.0,4122.0,5272.0,22,21,19,18
1613.4486140275826,389.5360902296446,9.689707367849203e-06,0.9332212218577463,0.9265163390650025,0.9343553065098696,0.9271169951151814,0.0,7,19542,25325.0,4867.0,6190.0,20,19,16,17
1848.8008678427675,496.38418117336187,1.3867398911053468e-05,0.9444234328356278,0.9283762148378017,0.9451635418210764,0.9287681882311221,0.010999202728271484,6,26119,33360.0,6822.0,8947.0,17,16,14,14
1872.7257299387084,538.9064182764707,1.691410628892452e-05,0.9524483543373669,0.9327637539000352,0.9529854898150776,0.9332144852806747,0.0,6,29326,36887.0,7979.0,10346.0,16,14,13,12
1881.0813266434836,534.6874907513336,1.78265103198841e-05,0.9544125488259747,0.9385321859740807,0.9549225181316194,0.938924892198763,0.0,6,30416,38156.0,8424.0,10883.0,15,14,12,12
2022.8127706891605,643.9650284718393,2.2358789566469126e-05,0.9534261842741313,0.9225992316258989,0.9538564052643864,0.9229728001849596,0.010998725891113281,5,32988,41322.0,9290.0,12580.0,14,13,11,11
2094.8103016741156,692.4104958309356,2.6178071314825758e-05,0.9524857606308825,0.9180339491633498,0.9529385950918794,0.9183954254750472,0.0,5,34248,43563.0,10051.0,13698.0,14,12,11,10
1045.070377414842,212.65695184184943,1.7732315252973553e-05,-176.73451157918112,-139.9921245351852,-172.31879881385782,-104.07808113079679,0.0,4,297,1920.0,91.0,399.0,9,41,6,38
761.1091344763465,153.83259976350917,1.32437853759384e-05,-76.58252859915767,-65.00346281618778,-74.54796033779708,-48.39879861922753,0.0110015869140625,4,310,1192.0,96.0,243.0,8,46,4,43
948.5503742553686,191.83176765940863,1.1342149313633895e-05,-143.7998511362179,-110.47327992111425,-139.9570878328016,-82.3081402149142,0.0,4,286,1504.0,90.0,307.0,8,51,3,47
1190.4822902224682,241.83818625960072,1.1184826233231765e-05,-117.7737600542876,-106.60890483555431,-114.83745902387805,-79.15908957226047,0.0,4,373,2059.0,107.0,423.0,10,45,4,41
1019.8013695486653,206.40494180130474,7.423904650797212e-06,-108.5822231759006,-98.64895724093962,-106.5392914590371,-75.16887978396498,0.0,4,313,1519.0,96.0,308.0,10,57,5,52
617.2680654167469,125.6508887088879,3.750457844109928e-06,-16.651737897471097,-12.701932885898456,-16.35335804675783,-10.293539467018306,0.011001348495483398,4,469,875.0,152.0,176.0,9,50,5,46
1899.7343153056956,389.94839402156794,6.443458590428508e-06,-54.35429494067069,-47.55513109423983,-53.53426848471611,-42.43287798600857,0.0,4,759,3886.0,227.0,808.0,13,39,5,35
2518.8905254430306,522.9412909208834,6.668934919864308e-06,-69.6047102655252,-60.82398269589967,-67.71045853798596,-56.333406799373755,0.0040416717529296875,4,908,5948.0,247.0,1265.0,15,35,7,31
3003.589886840967,632.955871618762,5.639180044079631e-06,-39.73276380684255,-36.46571084312971,-34.80298478713,-34.40880704471071,0.01100015640258789,4,1634,8782.0,359.0,1905.0,36,33,28,29
3350.614531631971,713.7611061599439,6.371959454045513e-06,-27.036549446836855,-24.47542606045011,-24.379807617431677,-23.45203192908427,0.0,4,2095,10566.0,455.0,2337.0,36,29,25,26
363.01233909239687,82.30811017147703,1.6666640710353036e-06,0.937800529654675,0.9166844684585101,0.9521147053717637,0.9450629547219208,0.0,28,4108,4121.0,860.0,853.0,33,33,27,28
627.395112083818,142.14748209752668,2.2549159596891182e-06,0.8723506515126969,0.8460987883067905,0.8885469218297132,0.872696426278879,0.01100015640258789,25,4833,5270.0,1017.0,1089.0,35,38,27,34
615.2173578792275,129.9575374438187,2.1742364558063776e-06,0.8905505277690704,0.8891107486956389,0.9014610084239857,0.9039890329204221,0.0,22,5013,5580.0,1100.0,1155.0,31,35,27,32
621.715734516551,139.55378798248273,2.2868661140347412e-06,0.9054573563374541,0.8909791630916113,0.9149450170668971,0.9038814297053782,0.010999679565429688,23,5424,6025.0,1172.0,1251.0,35,37,29,34
681.4482127547674,152.0405256126518,2.8127372345864923e-06,0.9222063982299515,0.9123223215125775,0.9264315173662471,0.918945643104191,0.0,16,6664,7377.0,1457.0,1545.0,29,31,25,27
1116.9322605685607,255.99529363143728,4.722230824399054e-06,0.8832585066702947,0.8679494668466159,0.8896916809819259,0.8739210066265836,0.0,17,9034,11468.0,1990.0,2486.0,32,32,26,29
1067.962439754916,245.47905391110442,5.5534684729274835e-06,0.9195101871369459,0.9103499022976389,0.92211040524167,0.9123225687996626,0.010998725891113281,12,10642,13173.0,2413.0,2896.0,26,28,23,24
1238.836995380585,291.6608003690419,6.926843450787589e-06,0.9347681610874274,0.9263461335667751,0.9365746868409881,0.927662497587188,0.0,11,14324,17893.0,3347.0,4095.0,25,25,21,22
1277.0926803821696,301.0491909715344,7.598959935436976e-06,0.9373872083182888,0.9293722712525043,0.938677461962267,0.9305791335081872,0.0,9,15286,19227.0,3582.0,4450.0,22,22,20,19
1752.432774077104,485.8522452920426,1.4561999842774258e-05,0.9520705919188956,0.9343374928539228,0.9526454511575586,0.9347830293908395,0.0,6,26854,33665.0,7103.0,9100.0,16,15,14,13
682.4240342338479,137.7787326355801,1.2750634785977675e-05,-85.13875518920035,-70.16257263318035,-83.2273053130326,-53.352841945524474,0.0,4,259,1018.0,77.0,206.0,9,51,8,46
273.61153271259116,55.75878107228194,8.445380629930648e-06,-9.798837925047001,-7.844064063371972,-9.560348187557834,-5.796177520160738,0.0110015869140625,4,294,364.0,91.0,91.0,9,33,5,4
1181.942667285516,240.4098063723691,4.829978168446455e-06,-57.64430089888267,-47.121772324831355,-56.66018645325354,-38.87970753587395,0.0,4,513,1931.0,146.0,393.0,9,50,4,46
2185.3145320906706,450.0876419283989,7.78304915100776e-06,-98.47059089581023,-78.35587765836263,-97.12140324480471,-69.51332784819837,0.0,4,693,4611.0,211.0,970.0,9,37,6,33
2238.7999482609725,460.9938764958453,6.9090924508045974e-06,-71.4630928613289,-63.20489532856918,-70.26568399951071,-56.74037591250089,0.010999441146850586,4,801,4866.0,204.0,1024.0,15,37,4,33
2023.0784581712758,414.8614477549503,5.2276408101490305e-06,-59.34723750277106,-53.1071692890093,-58.01449057397813,-48.20982379568771,0.0,4,806,4230.0,201.0,880.0,16,40,8,36
2700.725716512755,561.150093186603,5.601001588306852e-06,-142.96151812131072,-116.80239314929231,-128.45532434397484,-109.7325748052589,0.0,4,840,6520.0,195.0,1387.0,24,37,7,33
2630.9238792358346,552.267220947734,5.423245807686638e-06,-29.435312508731116,-26.746142525091937,-27.437847503301153,-25.71539540236152,0.010999202728271484,4,1555,7335.0,328.0,1569.0,24,32,8,29
2842.028942571955,597.9749855414801,5.3734750182999235e-06,-27.384187659795433,-24.60387339958832,-24.48103870296279,-23.45274874156409,0.0,4,1785,8515.0,377.0,1843.0,31,33,30,29
562.8691581435149,123.9702994072981,2.050097646799015e-06,0.8859967463101028,0.8612656662262347,0.9041482813904482,0.8948895309329916,0.0,26,4520,4792.0,979.0,986.0,33,37,29,33
605.2472452214064,139.08926193207773,2.6901006637333495e-06,0.9229146847421753,0.9074310136014843,0.929126759028303,0.9165978740921873,0.010998964309692383,21,5779,6423.0,1242.0,1337.0,34,35,29,32
1123.4637844630329,264.4451953876953,5.760443864661614e-06,0.9145882361352722,0.8987758206514255,0.9173091900369816,0.9012364286355723,0.0,12,10900,13695.0,2417.0,3023.0,27,27,22,24
1207.1869964692482,274.1499589640677,6.581695923634663e-06,0.9315053610524796,0.9291649143872709,0.9332773976201117,0.9302205308385907,0.010999441146850586,10,13522,16895.0,3200.0,3828.0,23,24,20,21
1457.772519082214,348.6590616983127,9.212731844900612e-06,0.9403307318084717,0.9347241914193535,0.9413627694069587,0.9354986986804876,0.0,8,18596,23484.0,4491.0,5659.0,20,20,17,17
1481.0346499689338,385.07640632694887,1.1863896239207602e-05,0.9598379132236711,0.9498781186202593,0.9603828471183261,0.9503486393886812,0.0,7,24261,29764.0,6074.0,7611.0,18,17,15,15
2027.985435429897,632.5297995892533,2.2360562504640607e-05,0.9514691424811702,0.9226230232966932,0.9519346238714854,0.9229518806247439,0.010997772216796875,5,32386,41030.0,9059.0,12468.0,14,13,11,11
167.1813511330336,34.2235299172952,8.213774521330693e-06,-4.614158329330775,-4.4589839354484715,-4.367432374785393,-2.5458219596248064,0.0,4,243,252.0,85.0,74.0,7,11,3,4
920.0286000989317,186.62632562601308,1.06301246600411e-05,-103.46655873401691,-104.13264124345599,-101.02330553947468,-73.34306543376007,0.0,4,303,1434.0,91.0,292.0,9,52,4,48
1110.3701897715614,227.58606430681704,2.0025789999305873e-05,-161.8069003272814,-143.3105994004423,-158.79698471566496,-111.79441077467047,0.0,4,315,2174.0,91.0,455.0,9,38,6,34
1261.4264082114871,256.3185680619594,9.06507263787051e-06,-66.1510250553621,-57.52081390843312,-65.19246266656178,-46.658935874791005,0.010998964309692383,4,498,2213.0,155.0,454.0,8,43,5,38
845.1084434852133,171.39750338516214,6.569891838047084e-06,-48.80285942988637,-44.49374060578361,-47.57867855116072,-31.937131140772905,0.0,4,383,1227.0,130.0,248.0,10,53,4,48
894.9499869638898,180.73227783105042,5.8180189332694064e-06,-37.78689024351795,-29.536690595959392,-37.143247130071835,-23.80573936277258,0.0,4,479,1333.0,146.0,270.0,8,51,7,47
1548.628317791802,314.4539579440314,7.079519912557841e-06,-84.8195297588082,-77.08258525858619,-83.71810216117295,-64.62191682336028,0.01099705696105957,4,534,2724.0,145.0,560.0,10,46,6,42
2033.6981016734023,415.44335002901823,4.396794181441267e-06,-134.83513591748448,-95.28127894124526,-126.23019129504695,-85.84580230005598,0.0,4,633,4185.0,179.0,868.0,12,44,10,40
1910.6058212427456,392.30905652729115,3.6288077442250952e-06,-44.33508104613959,-34.800489994764455,-39.448875614115366,-32.73471402213853,0.0,4,1039,4568.0,232.0,948.0,34,41,24,37
2343.2775768319325,488.7057737875964,4.1913483167054085e-06,-43.265732047742695,-40.581834425752696,-37.98795499809715,-38.189408248823476,0.0110015869140625,4,1282,6228.0,277.0,1315.0,37,37,29,34
3399.3500680889965,728.616540094994,6.786587345509285e-06,-47.12523554294857,-47.18763275556871,-41.16053219599467,-44.23054049643718,0.0,4,1724,10271.0,382.0,2274.0,38,32,36,28
3108.235339719844,658.2516299511406,6.006363402864137e-06,-25.759304216299995,-23.477515972592183,-23.151362575478196,-22.494953145020833,0.0,4,2026,9669.0,434.0,2117.0,35,31,32,28
3109.8071383126,670.0465702098624,6.433315696259244e-06,-8.692524059027345,-8.551896332946313,-8.116190067969939,-8.295854149638979,0.010998964309692383,4,2989,11093.0,663.0,2464.0,33,28,27,25
2931.2293833674407,629.0100025701764,5.87642410471972e-06,-6.501503450861426,-6.300339063406263,-6.052081451257959,-6.102153000882933,0.0,4,3242,10814.0,693.0,2389.0,29,28,27,25
3181.319003835778,691.2751050293459,6.390523152741278e-06,-6.687338635986148,-6.9199861487761645,-6.2366138320558635,-6.7125091683245905,0.0,4,3399,11726.0,707.0,2614.0,33,28,28,25
614.2038275459962,142.50276479662963,2.5037115458993488e-06,0.9104438848248505,0.8894659778676106,0.9178087713574905,0.9017241115556597,0.011000394821166992,21,5559,6079.0,1215.0,1263.0,33,35,27,32
853.4628873009066,194.86867372669215,2.9773050480930597e-06,0.8737197914814282,0.8506437777397973,0.8824752265461184,0.863532574731745,0.0,20,6494,7527.0,1444.0,1582.0,31,35,29,32
781.5541756089367,176.9896640385268,3.5562825357012806e-06,0.9163420064293464,0.9048012434837783,0.9202485766143644,0.9098897545232574,0.0,15,7405,8515.0,1604.0,1802.0,29,31,26,27
1049.898904324757,230.03359208683435,4.696666681594828e-06,0.9058496762937441,0.9040395815601787,0.9096324558496427,0.9067107430282969,0.011002302169799805,14,9568,11920.0,2156.0,2593.0,28,30,25,26
1183.885765442755,267.5411550825804,1.5071365658462114e-05,0.9000703411530121,0.8925763108765856,0.9030180880623844,0.8949240928775039,0.0,11,10737,13699.0,2366.0,3032.0,26,26,24,23
1099.2908999708043,248.025258261396,5.657332204905191e-06,0.9177799340944435,0.9125100350888083,0.9207362905935672,0.9146536269880136,0.0,13,10980,13529.0,2446.0,2984.0,28,28,24,25
1150.6961107633251,273.5117235537598,7.10026046516058e-06,0.945471613674261,0.9374815048479205,0.9468809808799079,0.938561080937892,0.0,11,14621,17941.0,3415.0,4104.0,24,24,21,21
1336.0197145917339,320.79801537208215,8.871256724029808e-06,0.9467740918251228,0.9403638788333369,0.9480130542507232,0.9412126016672253,0.01099848747253418,10,17905,22228.0,4292.0,5281.0,22,22,19,19
1633.7114780610398,432.556516290006,1.2558208534493902e-05,0.950884064975997,0.9368682322395844,0.9515555178421865,0.9373916062636027,0.0,7,24072,30327.0,6138.0,7828.0,18,17,14,15
1824.6488907370879,492.78301081173737,1.5486800484672292e-05,0.9510165968973991,0.9380212996292638,0.9515555480313405,0.9384922103310248,0.0,6,27889,35107.0,7646.0,9597.0,16,15,13,13
1826.4184636208972,520.8232844420661,1.6855600158500083e-05,0.9537295357755795,0.9357679616682426,0.9542552392287155,0.9361456061109585,0.010999202728271484,6,28974,36502.0,8038.0,10198.0,16,15,13,13
1839.190646464513,525.3322555520499,1.753812885912648e-05,0.9556850331187362,0.9387629163939627,0.9561647554245245,0.9391991621792817,0.0,6,29856,37578.0,8201.0,10678.0,15,14,12,12
1916.0978329049792,602.7766366442967,2.1848129540205146e-05,0.9568156281974701,0.9306427650384451,0.957203753959907,0.931000042265838,0.0,5,32517,40563.0,9323.0,12243.0,14,13,11,11
1340.7965294306714,274.337877139365,1.660250203335464e-05,-412.9435730624413,-322.19532546322506,-400.56296812050215,-243.30817444183398,0.011000394821166992,4,217,2612.0,80.0,548.0,8,42,6,39
1316.1152748398092,268.28246153385925,1.3804536166023765e-05,-272.66258489458437,-201.0758237473192,-267.19548798814236,-158.68764328713635,0.0,4,265,2448.0,88.0,509.0,9,44,6,40
252.47062535405314,51.58548730020877,7.056573297883629e-06,-6.996623628750756,-5.879463564388431,-6.76749853222745,-4.033353141358368,0.0,4,307,347.0,97.0,92.0,11,28,3,4
1518.4275892349954,311.14949849978336,1.365948941130481e-05,-158.6875505373573,-132.0177022906488,-156.29217757754435,-107.78820330084059,0.011000633239746094,4,403,2986.0,125.0,625.0,10,39,5,36
1281.4766872635646,259.81860659570424,8.483620319301283e-06,-126.40169428505645,-109.50728872916707,-125.1362013968493,-92.90198736603435,0.0,4,361,2131.0,100.0,436.0,10,50,7,46
1303.27770687985,264.408557759893,5.956672098626825e-06,-79.28729487697645,-62.59164461680115,-78.22994648758292,-53.66049212792732,0.0,4,481,2165.0,137.0,442.0,10,48,5,44
1911.585451268135,390.7694599547582,7.883163695834717e-06,-168.7743401609682,-126.53184389588772,-166.3698503789096,-109.97625406917312,0.010998010635375977,4,476,3721.0,146.0,775.0,10,42,5,38
1897.127200422611,388.1546620442252,5.98869547292312e-06,-106.70028389799432,-94.19008046446335,-104.72880682813518,-84.15009761759842,0.0,4,595,3713.0,143.0,770.0,11,43,4,39
1633.1056303864732,333.2891949943772,4.9175327295046855e-06,-67.90774385975438,-61.66679856298311,-66.40811204499092,-54.23487705292494,0.010998964309692383,4,614,3064.0,157.0,630.0,12,45,6,41
2013.0440491330537,413.3566483679681,5.99254940010624e-06,-46.76669870317775,-39.731819176158695,-45.82550054860276,-35.98542773988762,0.0,4,893,4303.0,238.0,897.0,15,37,7,34
2033.1744908926696,418.0063047770133,5.363529568025115e-06,-46.06551161787947,-38.24477234946101,-44.92634267207233,-35.10308127368254,0.0,4,926,4425.0,239.0,923.0,15,37,7,34
2739.6226435709477,569.6892062051612,5.844541745298287e-06,-85.42381082542258,-67.24432109973097,-78.00387472228348,-62.63308822161321,0.010999917984008789,4,1088,6974.0,247.0,1491.0,16,34,6,30
3121.7721930019175,657.7789807374511,6.220919982864036e-06,-123.92176299975198,-114.83094902157448,-103.9364153098733,-106.43378551267304,0.011000871658325195,4,1149,8495.0,249.0,1848.0,29,33,28,30
2993.5026915944695,641.1127452198508,6.100086393811736e-06,-7.630640049982521,-7.23434261076236,-7.148931465357796,-7.0309786897481885,0.0,4,3024,10763.0,667.0,2378.0,31,28,26,25
2656.791366401083,563.9728218185695,4.943987487498213e-06,-4.551439326753704,-4.343346062933711,-4.227420511883959,-4.198541522325388,0.0,4,3414,9987.0,745.0,2178.0,35,31,30,28
492.3579527727125,115.4013674518465,2.0696090339642315e-06,0.9342395597806702,0.9157526761180156,0.9393576713168112,0.9269026952159912,0.0,18,5207,5468.0,1127.0,1130.0,28,31,26,27
637.0072605551683,146.54675834337783,3.0529794075812977e-06,0.939043400689488,0.9284163882779868,0.9420898825295624,0.9328607816075911,0.0,16,6997,7563.0,1511.0,1587.0,31,31,25,28
861.846854145213,190.8711856824113,3.7989735327752495e-06,0.9095741744317094,0.9040561334418942,0.9140868524921099,0.9079903411289119,0.011001110076904297,16,7843,9342.0,1737.0,1990.0,31,32,27,29
987.2646037042313,224.14998529799396,4.8273677267337835e-06,0.9142036208605195,0.9047315889021323,0.9169061305429337,0.9080779558181865,0.0,12,9420,11521.0,2070.0,2499.0,27,27,21,24
1180.6161360383642,262.73449665077686,6.207847488146309e-06,0.9239915526782015,0.9236913016411433,0.9260568256451301,0.9252088380644592,0.0,11,12501,15611.0,2883.0,3506.0,25,25,21,22
1368.039898846216,330.05370858308885,8.541032143179074e-06,0.9405440932433158,0.9325022239355465,0.9418479943120462,0.9332328837609944,0.0110015869140625,9,17265,21662.0,4142.0,5138.0,22,22,19,19
1358.7207299434353,338.13949589085075,9.660637628191042e-06,0.9514656893259609,0.9416085716216305,0.952395366980239,0.9423468106951316,0.0,9,19129,23859.0,4579.0,5791.0,21,20,17,18
1674.9004977667641,418.7211585317257,1.109201802958414e-05,0.934447967906181,0.9239318940356771,0.9354121492371352,0.9245756432709022,0.0,7,20939,27114.0,5181.0,6780.0,19,18,15,15
1744.5308424373168,451.40023487256934,1.1810856626077329e-05,0.933401618686672,0.9167355665029142,0.9344701499273782,0.9173540565031221,0.010998964309692383,7,21643,28227.0,5433.0,7180.0,19,18,16,16
1617.6311567040816,419.049538991552,1.3453786319597842e-05,0.9474353996722183,0.9351711424685074,0.9481578789787688,0.935737442794955,0.0,7,22992,29109.0,5910.0,7460.0,18,17,15,15
1439.9590196463473,376.79010418095595,1.1531702851521716e-05,0.9598713358561118,0.9494830556299119,0.9605069838644028,0.9499935018661189,0.010999917984008789,8,23459,28744.0,5896.0,7316.0,19,18,16,16
1845.9413846990594,483.2249267031183,1.371148007345499e-05,0.9376903651650005,0.9232541807381796,0.9385046764068621,0.9237310379073022,0.0,6,24427,31576.0,6209.0,8364.0,18,16,14,14
1808.257707344341,498.1063929758423,1.5834520245766813e-05,0.9520890572847616,0.9375331164628723,0.9526776220944698,0.9378637450112027,0.0,6,28048,35432.0,7520.0,9817.0,16,15,13,13
2069.112370075632,718.1129713236862,3.134584745591428e-05,0.9559108357338092,0.9175287529828098,0.9562443985886109,0.9177915515033788,0.0,4,35652,44692.0,10697.0,14992.0,13,11,10,9
44.04874194192913,9.388601244771946,5.52111353906984e-06,0.5039037861661293,0.4556445371264455,0.5273154918878556,0.6959915213896297,0.0110015869140625,4,215,215.0,83.0,77.0,7,6,4,4
660.9657706719767,133.23936793105358,7.974444266861762e-06,-23.594396548888415,-20.71539531422318,-22.999660640574337,-15.122082921553432,0.0,4,425,950.0,142.0,191.0,8,46,4,39
755.2546135244722,152.42317053737816,7.4986647532540474e-06,-34.404853757602424,-29.496512424860317,-33.788678118138186,-23.11327129377613,0.0,4,399,1086.0,126.0,219.0,9,50,5,45
1106.5360223463128,223.82894324312335,9.100120828717024e-06,-135.16241761265826,-110.29337404387317,-132.21560513009325,-81.78242208631912,0.010999441146850586,4,292,1742.0,94.0,355.0,9,54,3,49
2395.2189770283358,495.037435453118,8.498058347828575e-06,-154.43954787383132,-132.02803441059035,-151.7746539433173,-114.80507263155906,0.0,4,612,5316.0,166.0,1130.0,11,36,4,33
2507.2500664738914,521.3586217758367,7.283926452456188e-06,-59.75003674993086,-51.6498851433581,-58.18444615558248,-48.44213511810078,0.0,4,1034,6114.0,268.0,1308.0,12,32,6,29
2033.8774647619916,417.16718271375726,5.288993698528738e-06,-45.12441988419191,-37.47844689749662,-44.095467993128025,-34.125373545533485,0.011001110076904297,4,909,4379.0,241.0,913.0,14,37,5,34
2493.7582268034726,517.4463941640074,5.957318404384202e-06,-88.48458800209994,-72.91581570512454,-84.48382068134383,-67.0462457940121,0.0,4,879,5886.0,213.0,1248.0,17,36,9,32
2371.3218975218583,488.120961357599,5.15826872112898e-06,-54.04510653178598,-42.313452791430535,-50.72936706214593,-39.769896343798294,0.0,4,1027,5825.0,258.0,1230.0,18,35,6,32
3164.035806266,669.9852999009257,6.745752419438935e-06,-82.23160852967702,-73.34537059143473,-71.89181334122466,-69.334672024478,0.01099848747253418,4,1239,8878.0,273.0,1941.0,22,32,18,29
2519.443231731302,526.5720313182867,5.138908390419275e-06,-20.06589012364848,-18.235321158943535,-18.656016684077162,-17.625736705084982,0.011002302169799805,4,1669,7337.0,368.0,1567.0,23,33,18,30
2494.208796559208,521.8984775158224,4.976195601465938e-06,-13.840594666552718,-12.221621235729476,-12.745731221508091,-11.76286665897916,0.0,4,2031,7814.0,445.0,1678.0,32,31,28,28
2653.82460838755,556.4276682552729,4.6579276724460885e-06,-21.119903807657366,-18.429998162806903,-18.550202616934204,-17.42700184877409,0.0,4,1940,8133.0,422.0,1746.0,34,33,22,30
2852.4492618917284,609.2385530999604,5.686660268100246e-06,-9.641955225797055,-9.58853529430665,-8.920748686370024,-9.270157278421543,0.01099848747253418,4,2639,9771.0,569.0,2140.0,33,30,33,27
251.88954417711233,59.403657467768305,1.2652498785452477e-06,0.9700660913764831,0.955915422295693,0.9766515162713588,0.9709388032988138,0.0,27,4146,4129.0,881.0,862.0,32,31,25,28
620.6906249105523,143.64866261683378,2.4720653965638667e-06,0.9150955911228069,0.892708737839226,0.9211663033096332,0.9045513103794844,0.0,19,5662,6239.0,1212.0,1298.0,29,33,29,29
617.7717925369537,138.8428812687649,2.927288738188653e-06,0.9252379627706591,0.915549769531967,0.9302200964417129,0.9221596909778441,0.0,19,6090,6643.0,1299.0,1386.0,33,34,27,30
958.7635202722713,208.8292276992457,3.923905639598424e-06,0.8731508592101964,0.8709906758469002,0.8807556301498342,0.8781064599152139,0.0,18,7249,9069.0,1611.0,1933.0,33,34,26,30
887.2863324284251,190.3474892575856,3.4769324804598413e-06,0.9086596274505394,0.9107564692262333,0.9130007582426646,0.9152256083136512,0.0,16,8061,9503.0,1782.0,2027.0,31,31,24,28
995.033490756604,225.42180159949845,5.2495590306341265e-06,0.923446514264208,0.9179066426346899,0.9259762435341391,0.9199674721927513,0.0,12,10268,12435.0,2379.0,2721.0,26,27,24,24
1351.4017825124317,306.2518208562649,7.948066963065548e-06,0.9278564176417564,0.9266988705663637,0.9296387698782946,0.9278258675762416,0.0,10,15116,19316.0,3587.0,4488.0,23,23,20,20
1412.0703917329304,333.57701715439924,8.43957653557424e-06,0.9289710200176996,0.9220016040524904,0.9304784392015681,0.9230890983182791,0.010999202728271484,9,16011,20649.0,3793.0,4877.0,22,22,20,19
1326.6949971205197,312.3068721907708,8.067820087761018e-06,0.9452802248010723,0.9409564962977763,0.9463864920383936,0.9417510900467315,0.011000633239746094,9,17394,21760.0,4187.0,5150.0,22,21,19,18
1300.554830882523,320.86676910593826,9.059742216403332e-06,0.9524011346940348,0.9429296806571794,0.9533711719228944,0.9436277892510094,0.0,9,18548,22935.0,4415.0,5504.0,22,21,18,18
1572.0121548683278,388.60136580482623,1.040703501414531e-05,0.9355151509942456,0.9243534875153554,0.9365423953862639,0.9250375870765366,0.0,7,19426,25086.0,4805.0,6185.0,20,19,16,16
1573.5198704206744,396.40962016142055,1.0754657417445639e-05,0.9393914008383625,0.9265643872874099,0.9404922442963071,0.9272282598065152,0.0,8,20229,25793.0,4988.0,6430.0,21,19,17,17
1697.886459722065,430.2548881967575,1.1884729210017871e-05,0.9374902590043351,0.9257651482262547,0.9384205228176986,0.9263532365274023,0.0,7,21831,28157.0,5423.0,7144.0,19,18,15,15
1941.6533561166752,521.2551749832404,1.5068185123878094e-05,0.9359622329175328,0.9180843516932524,0.9367891403808497,0.9185493322475942,0.011000871658325195,6,25752,33205.0,6753.0,8939.0,17,16,14,14
1884.7104608603931,525.649780261879,1.6600983881776148e-05,0.946673708849082,0.9276032552361556,0.9473114712819577,0.9280293882454616,0.0,6,27758,35287.0,7451.0,9805.0,16,15,14,13
1866.7956418475624,573.4698909179746,2.0921910820288096e-05,0.9575865597188439,0.9343813070778801,0.9579864434668038,0.9346800125351713,0.0,5,31862,39978.0,8951.0,11882.0,14,13,11,11
1898.1770534688774,580.1107244583391,2.184203898592141e-05,0.9580826572835869,0.9366573066111032,0.9584619726952319,0.9369674908589576,0.011001825332641602,5,32707,40689.0,9527.0,12290.0,14,13,11,11
2147.8678914604284,692.7671190595004,2.740856664571207e-05,0.9488482026350916,0.9162636084389131,0.949255289660035,0.9165223402426228,0.0,4,34136,43228.0,10100.0,13851.0,13,11,10,10
23.827286528963665,4.860555523805895,5.27576460134789e-06,0.6532490767900345,0.6672026608135291,0.6756928960541675,0.8118285814795517,0.0,4,142,150.0,58.0,50.0,10,6,3,4
116.55265262246644,23.525252389719434,7.2378515569548795e-06,-0.525169604003688,-0.33791679727615254,-0.4764199606077133,0.09157420973539032,0.010999679565429688,4,322,330.0,112.0,106.0,8,8,4,4
1002.1907513459369,203.09318981689168,7.2954722873185435e-06,-40.024139139845026,-34.06561579844583,-39.37004985314293,-27.485799174136375,0.0,4,503,1590.0,154.0,323.0,10,47,4,42
1041.3766329559478,211.40551474989167,5.113599599812059e-06,-54.041094259079884,-47.38048468327007,-53.218253913034204,-38.87978231877279,0.0,4,450,1600.0,128.0,324.0,11,53,5,48
1868.6448214548425,381.665879729902,7.396754735193811e-06,-100.2730420450641,-86.38637774380211,-98.85887980925148,-73.70527941648699,0.011000394821166992,4,560,3644.0,160.0,758.0,11,40,6,37
2713.1543200826845,566.8862962858308,7.619729715315585e-06,-94.17930875742971,-84.96641815641473,-91.06810563128042,-78.85201635577367,0.0,4,881,6723.0,218.0,1447.0,15,33,6,29
2528.892008699989,523.7032298130944,6.791458737253254e-06,-65.11922137953003,-55.08436955513849,-62.989006788475415,-50.855837900406165,0.0,4,948,6132.0,254.0,1307.0,15,34,5,30
3048.1966800060654,638.049158895039,6.7636868230104264e-06,-302.66820843860484,-262.68485634433085,-253.14967860782423,-243.19842443583437,0.0,4,741,7691.0,167.0,1668.0,22,36,22,32
3099.5024298264393,662.7066108643653,7.284386056603746e-06,-28.194734131060653,-26.58872220203282,-26.448943185076423,-25.66245388282285,0.011000871658325195,4,1754,9460.0,381.0,2087.0,24,28,15,25
3129.539546136673,670.5001320531811,6.842402134891346e-06,-16.630217520102775,-15.522440517500584,-15.453108592338548,-15.079650787647566,0.0,4,2289,10296.0,495.0,2281.0,26,28,26,24
2807.9119985616835,604.3341980367044,6.052203120187079e-06,-5.560250026166682,-5.646654610281704,-5.188752408483799,-5.477398935040854,0.0,4,3218,10419.0,694.0,2293.0,34,29,27,26
1240.2797982802017,286.65156702715035,6.794885453548175e-06,0.9243220004136403,0.9174931560814927,0.926080010426642,0.9187089067118162,0.011000633239746094,9,13231,16935.0,3075.0,3855.0,23,23,18,20
1689.7960471166523,461.4038476630834,1.3329561871646066e-05,0.946610908216698,0.9276932505743923,0.9473074942720305,0.9281353110498002,0.0,6,24157,30577.0,6125.0,8047.0,18,17,13,14
1568.6236279048921,412.7581889928353,1.3260985971509272e-05,0.9570723157025842,0.9465456172286238,0.9576542016529784,0.9470047147666882,0.0,7,25045,31042.0,6502.0,8140.0,17,17,14,14
1767.3164143725476,484.6005922845671,1.5900957644042848e-05,0.9536957482969974,0.9393222982363556,0.9541900284878408,0.939779981437727,0.010997772216796875,6,27961,34764.0,7450.0,9508.0,16,15,13,12
1892.4879558818584,624.998290523978,2.5433725408085507e-05,0.9610407177113918,0.9328214612409125,0.9613860489488715,0.933125036883791,0.0,5,34078,42731.0,10045.0,13343.0,14,12,11,10
2020.4330909485718,682.5489069778565,3.0222618932107886e-05,0.9578723273916954,0.9259292946880207,0.9581808342817395,0.9261722068206876,0.011000633239746094,4,35503,44472.0,10744.0,14805.0,12,11,9,9
28.413795065073586,5.970413162699323,6.487583853522697e-06,0.35588357203925536,0.14730456856744611,0.4041228196626784,0.6078943629371945,0.011001825332641602,4,128,123.0,51.0,33.0,7,7,3,5
59.10680657363696,11.807483502705674,5.7454471964322305e-06,-0.028310814954111363,0.2005967850012349,0.026100473622735043,0.5018748546173528,0.0,4,203,225.0,79.0,64.0,7,7,4,4
1064.2262300610712,215.77421165808175,1.2847585209292952e-05,-149.84322315851136,-140.16887925427287,-144.8194484410618,-92.14504196679167,0.0,4,294,1820.0,105.0,374.0,9,46,3,42
1111.9343646321936,225.26630074203288,1.2239895921992147e-05,-208.05334855761348,-177.49000598827763,-201.1819046580146,-121.71661707463801,0.010999679565429688,4,264,1897.0,85.0,390.0,9,47,4,44
1353.4778658453686,276.1403439979992,1.3280815737483357e-05,-124.90047024047519,-99.22331582918837,-122.3761219791542,-75.64550740197338,0.0,4,426,2538.0,143.0,528.0,8,39,4,36
1577.4142970644502,321.5848773393011,1.026324049220702e-05,-102.04630894910113,-85.03898436593735,-100.15216652900548,-69.07153948222806,0.0,4,501,2987.0,154.0,620.0,9,40,6,36
227.73950305118345,46.16625300657036,4.3260325580339155e-06,-2.1921365977585885,-1.722476335283246,-2.1173986061277215,-0.970012733395436,0.011000871658325195,4,407,443.0,148.0,135.0,11,10,4,4
355.04107743564924,72.31240096507192,4.585168963677266e-06,-5.933992732671433,-5.308387021103693,-5.815041463077873,-3.976621403144086,0.0,4,418,508.0,127.0,124.0,11,40,4,4
1261.105108129374,255.25701916565063,5.687663956205179e-06,-70.44490794843828,-64.61374044483625,-69.4920944191147,-56.22284771535014,0.0,4,473,2086.0,119.0,425.0,12,50,7,46
1734.6363031386916,354.14022940543384,7.266749826725094e-06,-47.38306746349603,-37.96331666166798,-46.77783406560585,-32.74551801951791,0.0,4,816,3418.0,228.0,708.0,10,37,6,33
1986.8714178954813,408.5744781146598,5.389378853918629e-06,-64.81512674265214,-55.82930678872953,-63.19093967539182,-49.399337048545156,0.0,4,774,4183.0,194.0,871.0,14,39,7,36
2677.4485619864545,563.2150732624261,5.9927462771997374e-06,-17.248959570255035,-15.035949964204853,-16.26860055134021,-14.588317468052738,0.0,4,1862,8175.0,412.0,1770.0,20,30,20,26
2584.3895676735733,541.3629501083353,5.389501932839839e-06,-16.723924190698416,-14.620629582783044,-15.553256385295843,-14.14103641102335,0.011001825332641602,4,1833,7893.0,399.0,1697.0,19,31,24,27
2666.7765166176437,562.9378296046553,4.880299644495574e-06,-10.259150209275647,-9.440617905985272,-9.270174344233194,-9.031832200378329,0.0,4,2505,8963.0,554.0,1939.0,41,32,25,29
257.08029157403234,63.50973816750675,1.6668430938705845e-06,0.970163809439692,0.9515158589865024,0.9765019777725309,0.9681620681212635,0.0,24,4214,4199.0,931.0,931.0,29,28,25,24
479.3640050265231,108.96455374387921,2.1218161041313347e-06,0.9093800924449432,0.8803237365655838,0.9263442916529053,0.9144497547313833,0.0,27,4377,4518.0,917.0,928.0,34,36,28,32
428.7806111521369,96.50984405748463,2.0129671914494405e-06,0.9440770830702534,0.9323111874364349,0.9495092650175578,0.9437307601738978,0.010999202728271484,20,4922,5047.0,1056.0,1040.0,29,31,29,27
813.9398889703974,184.63090594093782,3.350995214119779e-06,0.8982757723786876,0.8833859531223729,0.9033875911602967,0.8904104755656748,0.0,16,6936,8105.0,1508.0,1713.0,29,31,28,28
851.4839781911807,193.21240872087105,4.029175243625549e-06,0.904587610755052,0.8917461281667487,0.9085571113885258,0.8965196318822655,0.0,14,7485,8934.0,1631.0,1899.0,28,30,23,26
1035.4552139035275,232.01017419551357,4.5658140799516546e-06,0.8796245420164511,0.8679483935228942,0.8843848754290781,0.8740943186613946,0.011001825332641602,14,8293,10197.0,1805.0,2192.0,27,29,21,26
1093.2909646262212,252.31648997065395,6.211056622081277e-06,0.9316367173531038,0.9243557265606506,0.9332746942615868,0.9259369246218105,0.0,10,12256,15038.0,2861.0,3367.0,24,24,20,21
1293.7220721623328,313.34868756706163,8.002164793338478e-06,0.9334944816137776,0.9214752720976841,0.9349208540623883,0.922694568880376,0.0,10,14962,19004.0,3460.0,4424.0,23,23,20,20
1328.2531161865725,311.1737968854895,8.202499386918915e-06,0.934862484038026,0.9293413566567322,0.9362141144537172,0.9302628580488932,0.0,9,15828,20003.0,3823.0,4694.0,22,22,19,19
1376.0649182871641,340.885482366017,9.505986422086884e-06,0.9475873920905554,0.9378303951977229,0.9486408778370466,0.9385419333404253,0.01099848747253418,9,18667,23438.0,4565.0,5672.0,21,21,17,18
1337.251110528122,338.10366303328,1.0414427312873664e-05,0.957384209984804,0.9483569683661167,0.9580763339354447,0.9488699010317184,0.0,8,20554,25373.0,5142.0,6236.0,19,19,17,17
1645.1207851855324,417.5134148897532,1.1939153168150438e-05,0.9395119662254033,0.9279360357635424,0.9404506583810721,0.9284815775379471,0.0,7,21528,27738.0,5462.0,7025.0,19,18,15,16
1713.1915997479116,464.1048923075793,1.4731898473575917e-05,0.9517699065653541,0.9373203633329079,0.952376323088816,0.9377007885782349,0.0,6,26294,32956.0,6836.0,8814.0,17,16,14,14
1777.3881866259399,480.13103264696224,1.5323766461689275e-05,0.9501473320094788,0.9370835895450333,0.9507316540737107,0.9374823261071163,0.002225160598754883,6,26755,33968.0,7141.0,9261.0,16,15,13,13
1947.4278150259747,559.4725147286881,1.8150015790061747e-05,0.9464757911226517,0.9245496811420615,0.9470229354189459,0.9249060236295279,0.0020325183868408203,5,28990,36974.0,7852.0,10534.0,16,14,12,12
1868.3884358902517,577.2996667790117,2.158530646921179e-05,0.9583159328301455,0.9345064838994878,0.9587184327189991,0.9347814135210687,0.00201416015625,5,32210,40272.0,9101.0,12068.0,14,13,11,11
1815.9640443924861,572.2075534371478,2.2439601126280626e-05,0.9624007157184508,0.9398220399229277,0.9627276916512539,0.9401272243865322,0.008015871047973633,5,33105,40972.0,9436.0,12247.0,14,12,10,11
265.3549509619144,53.96816191051906,9.766013560658016e-06,-6.89978819418119,-6.336736275279144,-6.6649502203661095,-4.119853453748628,0.00818943977355957,4,328,380.0,110.0,110.0,8,29,5,4
869.4767823237145,175.79503927396055,1.2687429474633508e-05,-92.42573734858954,-78.94980411883799,-89.83180701747183,-55.68642148829334,0.0,4,333,1379.0,99.0,281.0,8,47,4,43
739.3134977238456,150.03315605780833,9.877001510847778e-06,-54.0879448636993,-42.88417379642098,-52.946907558843684,-32.44665603863239,0.0,4,329,1106.0,104.0,224.0,10,49,5,44
1207.9626529132981,246.0054623377294,1.1041560773758422e-05,-73.76902753616707,-64.81136827389244,-72.61314815232397,-51.78612022887639,0.008024454116821289,4,458,2140.0,137.0,440.0,8,42,5,37
1246.5242927837387,252.46456021918536,5.412305143443186e-06,-47.25389949969171,-42.46970062943124,-46.53795297915579,-34.765776466074406,0.00801229476928711,4,549,2052.0,164.0,418.0,9,48,4,43
2128.7371305150227,439.3762268830666,7.397591245755938e-06,-68.17989972468035,-60.10278632131322,-67.11520692810173,-52.352316988562606,0.0,4,796,4663.0,210.0,984.0,13,35,4,32
2938.9247644050592,621.2894772836036,8.462230112795453e-06,-68.02279550097425,-61.67769985927309,-65.51242122403798,-58.37335002522514,0.0,4,1116,7917.0,268.0,1733.0,16,30,8,26
3316.9489384699104,716.5699910569332,9.021176004095001e-06,-43.35319908308077,-41.8725569543247,-40.8095692749154,-40.57895671795338,0.0,4,1483,10085.0,331.0,2261.0,21,27,14,24
2412.281656786095,505.4347344943097,4.942176146422414e-06,-46.20954114646032,-44.20054783010816,-40.50948435811443,-41.805283910565215,0.0020270347595214844,4,1251,6479.0,269.0,1374.0,29,36,22,33
2718.100039166452,575.1642247364371,5.718378901798571e-06,-8.636484270492018,-7.984590096016516,-8.006429229693817,-7.739583306129461,0.0,4,2589,9371.0,562.0,2044.0,35,30,27,27
2983.835280166562,647.4664486159367,6.740304086125375e-06,-6.7670017739584445,-6.746173613892145,-6.341968152060052,-6.558510060157149,0.008018732070922852,4,3225,11041.0,664.0,2459.0,32,27,25,24
3057.4084989033877,662.6660483732863,6.782782326460668e-06,-6.023492581426321,-6.11899034240372,-5.651889684914168,-5.953813427009504,0.008025407791137695,4,3392,11438.0,745.0,2553.0,31,27,30,24
319.64766050398623,69.84471048039038,1.5394468309947871e-06,0.9443391566716514,0.9226343743083243,0.9654245666441642,0.9632861091793011,0.0,33,4080,4031.0,875.0,857.0,36,33,29,33
785.1120700256747,166.799542865081,2.612045017050042e-06,0.8345669835177308,0.8211361420816453,0.8499401733795182,0.8493019603664156,0.0,20,5125,5973.0,1111.0,1244.0,32,34,23,30
703.5591570720973,158.53138490532405,2.776896143042306e-06,0.8844332625910649,0.8641183012315112,0.8934513023644066,0.8791310675978509,0.0,20,5622,6324.0,1222.0,1318.0,33,34,28,30
726.3446874165678,169.49179666226465,3.1907732992152267e-06,0.8880264429211993,0.859913238796193,0.8959777145508514,0.8741202907534813,0.008023977279663086,19,5879,6799.0,1325.0,1424.0,33,34,28,30
959.8699237856322,206.6978471102203,4.184714918678141e-06,0.880466505597216,0.8809994000849823,0.8856427770498794,0.8869205046367888,0.00801229476928711,15,7688,9191.0,1718.0,1961.0,29,30,24,27
962.3394539969257,223.04075810326887,9.071363506101767e-06,0.937828210263191,0.9299660933105102,0.9394088222824797,0.9319125426043655,0.0,11,11044,13221.0,2508.0,2914.0,25,25,21,22
1178.4804632437447,259.90378513613433,6.114352100853301e-06,0.9201263619351043,0.9209268135986255,0.9222339713110531,0.9225594381177497,0.0,11,12023,15306.0,2773.0,3441.0,25,25,20,22
1163.2970576961177,269.4251699864402,1.0837603712371413e-05,0.9322735209283258,0.9256232684509739,0.9338592734044912,0.9269589935567702,0.0,10,13108,16332.0,3093.0,3703.0,23,24,20,21
1391.3808280609778,324.90585592966977,9.269699923763552e-06,0.9397767346993943,0.93657325311222,0.9407692180534935,0.93738108490651,0.0,8,17527,22227.0,4258.0,5329.0,21,20,18,17
1455.3539753435887,365.8270641439956,1.0083518344125446e-05,0.9437904136787804,0.9317062137879775,0.9446807915929601,0.9322555334371587,0.0,7,19402,24600.0,4785.0,6028.0,19,19,16,16
1393.0196829034835,352.96287832895524,1.0571814161438789e-05,0.9520479362646861,0.9412712707809561,0.9528154178212638,0.941924336137594,0.0,8,20238,25184.0,4880.0,6184.0,20,19,15,16
1783.4245655062239,481.50521969729954,1.412304582800683e-05,0.9419038579396117,0.9234990440732305,0.9426402501326957,0.9239489915209043,0.0,6,24485,31422.0,6280.0,8338.0,17,16,14,14
1829.100729518034,497.62507248525714,1.5074698191217467e-05,0.9417412581631818,0.923030111748542,0.9424854808763541,0.9234474945917783,0.0020143985748291016,6,25366,32557.0,6523.0,8756.0,17,16,14,14
1723.8831814842488,481.66482121907137,1.522506336996676e-05,0.9523543503483642,0.9334636038726236,0.9529247248931697,0.9338739419787477,0.010028600692749023,6,26451,33229.0,6937.0,9027.0,16,15,13,13
143.10361921815021,28.718823676002703,8.724581860795771e-06,-3.039350856281076,-2.509159210385993,-2.894217680499006,-1.3980136991279943,0.008020639419555664,4,261,263.0,88.0,79.0,8,9,4,4
1044.7882510745098,211.94901607855286,9.224731881285143e-06,-46.04720953968077,-38.74192844844667,-45.17969179235989,-30.038530596158296,0.0,4,506,1737.0,156.0,355.0,10,43,4,39
1077.9612460179942,218.07947232603073,1.0082472425589333e-05,-77.20289498327408,-63.355733004668764,-75.88360910070222,-50.51727011776022,0.0,4,398,1736.0,119.0,354.0,10,47,6,43
637.5080309951659,129.64559061790982,7.360614038736614e-06,-67.37296807918027,-53.26677410088074,-65.47062514495096,-37.47378691520327,0.0020265579223632812,4,272,860.0,89.0,173.0,8,61,4,56
1026.0667619604487,207.28452667770452,7.2411948490781994e-06,-50.52096788211812,-46.3103117204584,-49.31863274536917,-32.993131027605685,0.010040521621704102,4,473,1624.0,161.0,330.0,10,47,4,42
486.32935299376425,99.0844547175119,4.905083132820422e-06,-13.523557119677623,-10.776014127022163,-13.246033871309221,-8.156319561772193,0.010075569152832031,4,410,671.0,132.0,134.0,9,47,5,39
911.3079656918036,184.30556602193724,6.062448654823595e-06,-23.68197744866944,-19.264687483169624,-23.296071699862836,-15.485372794398032,0.008013010025024414,4,578,1418.0,184.0,287.0,12,45,5,40
1853.1180958274983,380.33543309382395,9.343371826649477e-06,-78.90617846280183,-69.14819247261562,-77.84187762532444,-58.74889935601704,0.008023977279663086,4,658,3771.0,189.0,788.0,11,37,7,34
2079.458004805579,428.5495522690463,7.922305203242612e-06,-88.53268180153157,-69.86337906104536,-87.16005049256009,-61.12221268686325,0.0,4,697,4493.0,207.0,947.0,10,35,7,32
1541.4536226670375,314.43305461311365,5.422532708773857e-06,-29.6481505963942,-25.502998036058337,-29.25637296737014,-22.640759484899586,0.0020127296447753906,4,851,2990.0,252.0,615.0,11,39,5,35
1715.9305177269464,349.6432110023016,5.870215418894859e-06,-49.76829404558129,-43.22590385601189,-48.970535735802876,-38.00278532073395,0.008018255233764648,4,701,3384.0,208.0,700.0,13,40,5,37
1952.3902311226957,398.85731314594193,5.539950137753762e-06,-85.2469143962469,-72.00018049050499,-83.2800980629579,-63.18507838695915,0.008011817932128906,4,657,3951.0,177.0,821.0,16,41,4,37
2259.586724750052,470.62417551941945,5.9056790461952865e-06,-56.209901139358855,-51.38337018455619,-53.62139232295517,-47.48468561881177,0.008031129837036133,4,925,5473.0,226.0,1156.0,17,36,6,32
2015.0200216126887,414.78455753157766,4.668989562026901e-06,-44.999823218012786,-37.064429788699876,-42.40276314308001,-34.71291607384567,0.00801396369934082,4,996,4652.0,253.0,971.0,18,38,8,35
1562.2151707057942,318.45049654538144,3.00469647984304e-06,-32.42566729018412,-26.5655834717608,-28.206570061778738,-25.042117624400134,0.0,4,1027,3747.0,226.0,772.0,33,45,36,42
3118.7657414432397,667.8218871201113,7.363572594610544e-06,-22.99213270207362,-21.838890271377654,-21.395062405930616,-21.193721638828617,0.0,4,1950,9886.0,424.0,2189.0,29,28,29,25
2996.068955731827,654.1962944458388,6.755918415828445e-06,-3.9483645902035605,-4.2161052521004665,-3.7122722200685594,-4.103360197005407,0.0,4,3905,11756.0,818.0,2629.0,34,27,30,24
811.2215362971948,171.61546855577748,3.3599178811242493e-06,0.8747784244304817,0.8753977054807196,0.8814239516015513,0.8850099925450413,0.008017539978027344,16,6204,7268.0,1354.0,1527.0,29,31,24,28
826.0969873798956,191.53031213130802,4.3397797165036314e-06,0.91180776117697,0.892628522638601,0.915259785934655,0.8985483100465717,0.0,14,7594,8789.0,1616.0,1869.0,28,29,23,26
980.3274725765733,224.64356780940676,8.165862082774664e-06,0.9172190214092303,0.9075791264271253,0.9203094138349724,0.9107310592311739,0.0,14,9533,11578.0,2161.0,2517.0,27,29,23,25
1113.8759537980152,258.4746309243146,6.592421354924203e-06,0.9356964873554356,0.9298031053584254,0.9375069226411918,0.9309513417951851,0.0020296573638916016,11,12826,15647.0,3044.0,3522.0,24,25,20,22
1342.227855240911,321.59530230017117,1.1853971917819263e-05,0.9194930040070017,0.9056970976226124,0.9211753904617704,0.9071112161013369,0.008029937744140625,9,14026,18211.0,3332.0,4209.0,22,22,19,19
1524.7797524489433,362.83621589529537,1.5634601055889162e-05,0.9186570572043811,0.909268905247263,0.9202144363761963,0.9102300668374709,0.00803685188293457,8,16501,21532.0,3892.0,5167.0,22,21,19,18
1606.0446807245173,374.7740711356702,9.612669237494815e-06,0.91247444903074,0.9082924245522159,0.9143279630925832,0.909321717687997,0.008014917373657227,9,16670,22088.0,4102.0,5318.0,22,21,19,19
1330.8532183861935,314.690694704075,8.926994350831876e-06,0.9445340958020626,0.9402301951708749,0.9458384118655098,0.9409770451095361,0.0,10,17386,21703.0,4252.0,5176.0,23,22,19,20
1354.3475607160044,330.1147527754553,9.945381845643765e-06,0.9503256461143416,0.9439362605184585,0.9512215890204184,0.9444382513748698,0.0,8,19179,23808.0,4650.0,5769.0,20,20,17,18
1576.3043071746029,388.89692362411546,1.1170620114246556e-05,0.9391201116971549,0.9303023113105228,0.9399989232553405,0.930968665323814,0.0,7,20320,26094.0,5007.0,6501.0,19,18,16,15
1750.3322754460323,466.5179638966734,1.400897007731419e-05,0.9413167249639377,0.924863803791738,0.9420346282437299,0.9253784456837733,0.0,6,23854,30751.0,6089.0,8094.0,17,16,14,14
1533.1276206093441,418.25380728910045,1.3893218940793776e-05,0.9588543164756875,0.9443127972314898,0.9593933678649141,0.9448211758238835,0.008016347885131836,7,25071,30917.0,6531.0,8178.0,17,16,14,14
1768.0459161747265,482.8445413006445,1.4826819555971808e-05,0.9461949124311225,0.9288602093180856,0.9468849457929159,0.9292536596027556,0.0,6,25306,32550.0,6755.0,8737.0,17,16,14,14
2051.070157665668,669.4011549511996,2.9180634014625175e-05,0.9549249060425827,0.924727028325926,0.9552709704307429,0.9249628389272189,0.0,4,34829,43886.0,10402.0,14095.0,13,11,10,9
410.6107113191277,83.14175896222868,1.1238070287339398e-05,-24.98884182727171,-21.623998397649316,-24.277227152674403,-15.290657908335547,0.0,4,268,553.0,92.0,111.0,8,47,3,41
68.56778884189475,13.570034389541293,6.087882795601515e-06,0.004845890253649565,0.22235220532136446,0.0535232211615152,0.5072471847474636,0.0020270347595214844,4,247,254.0,88.0,87.0,6,7,3,4
426.60533820304374,86.74159421331076,8.320499987380379e-06,-13.684774206534511,-11.60931551208804,-13.26101401704885,-8.19800854177016,0.00801396369934082,4,377,591.0,125.0,125.0,8,40,5,4
1015.525182274341,205.536721171668,1.0642551472082447e-05,-181.1436183109847,-152.58549562912233,-173.87235007488124,-101.56929501634312,0.0,4,246,1641.0,89.0,335.0,10,50,4,45
672.7029201289378,136.3279211435916,7.138862717039058e-06,-23.764035752763256,-19.626226458151073,-23.294483342467508,-15.325272211547254,0.0,4,454,972.0,142.0,196.0,9,46,4,41
734.5903833089568,149.53535674437222,6.6409386366942555e-06,-32.07426723671331,-30.223958272569224,-31.441970594256105,-22.76543172289828,0.010998725891113281,4,415,1060.0,128.0,214.0,10,51,5,46
1282.949040135006,260.39913274305144,8.464589246038245e-06,-55.50396505146315,-48.610354638756235,-54.503947007672785,-37.340433391776685,0.0,4,539,2242.0,178.0,460.0,9,43,4,39
1655.306721955179,338.48735205321924,8.927194521695004e-06,-89.11461367175319,-73.8215966912465,-88.00653180029599,-62.65689655531636,0.0,4,546,3225.0,172.0,670.0,10,39,5,35
2287.1564632748673,473.6135467516387,6.668993678239695e-06,-64.85380984734103,-53.241581385119424,-63.0095682109598,-48.25156681637564,0.011000871658325195,4,884,5354.0,242.0,1134.0,12,34,5,31
2013.3347544145095,411.95023971348775,5.327681032865777e-06,-94.5065271159642,-75.3901958262655,-91.29297735838321,-68.33121616528618,0.0,4,685,4230.0,181.0,882.0,11,40,6,37
1960.8882128600123,401.23718826898386,4.93913005486815e-06,-68.56382742175806,-52.702920738751956,-66.08580923819795,-46.800067986413,0.0,4,810,4180.0,215.0,869.0,11,39,6,35
2312.41427994279,479.4434924993768,5.747013080704534e-06,-41.31762969190674,-35.288086116022356,-39.345355075071275,-33.64097040182263,0.01100301742553711,4,1097,5832.0,274.0,1236.0,18,35,9,31
2767.466604360385,581.0140650190837,6.3839091912367076e-06,-47.805332776280046,-41.257409193159276,-43.90121552071055,-39.55037347784343,0.0,4,1267,7725.0,274.0,1669.0,30,32,6,28
3112.2520483566236,673.9791431614681,7.355218804462841e-06,-15.864367698424722,-15.977205704119289,-14.654395750229607,-15.458313616452571,0.0,4,2337,10426.0,506.0,2320.0,28,28,24,25
3169.4851136133557,694.3248294206394,7.426888302284037e-06,-5.076799683990754,-5.193760052117261,-4.80366980053405,-5.069435436113993,0.010999917984008789,4,3748,12419.0,805.0,2813.0,28,26,24,23
2939.3391122268736,635.7070047068329,6.458747913359826e-06,-4.188693434179467,-4.1806124447537085,-3.9268477789949534,-4.061818995022185,0.0,4,3806,11435.0,814.0,2547.0,37,28,33,25
915.5441860590378,205.6798307347717,3.7952339573187096e-06,0.8463652499046425,0.8260043673626452,0.854940640386636,0.8382756012266449,0.0,17,6379,7735.0,1362.0,1633.0,30,32,24,29
936.4737783301783,203.33303961727418,3.569201816487968e-06,0.8510187296308809,0.8467411556574735,0.8620969780402861,0.8575949335683275,0.010998010635375977,20,6583,8088.0,1421.0,1713.0,32,35,28,32
964.6693854662404,220.23277854167404,5.276206888799907e-06,0.9046311254398538,0.8927105493926498,0.9082574734793765,0.8970549975576787,0.0,14,8732,10572.0,1928.0,2283.0,28,29,23,26
846.8184709412477,195.21139474007055,4.605796752191249e-06,0.9356714037751499,0.9272741463612865,0.9375419375225312,0.9296574779503188,0.0,12,9426,10776.0,2141.0,2325.0,25,27,23,24
1043.2327215744513,239.10446081538961,5.6913119378039796e-06,0.9114224076380788,0.9018391624695583,0.9140578556616084,0.9044166356417611,0.0,12,9975,12185.0,2255.0,2668.0,26,27,22,24
901.2428287446377,214.35232784960712,5.770911248119796e-06,0.9482855449555013,0.938508251165508,0.9497748129436271,0.9399615861204776,0.0,12,11539,13191.0,2658.0,2910.0,26,26,22,23
1145.4610910507222,258.32668808657337,6.670333035632652e-06,0.9235439666821517,0.920022719014616,0.9253946852554003,0.9217117930338092,0.011001825332641602,10,12049,15136.0,2740.0,3401.0,23,24,19,21
1368.5190318951873,327.42449846919243,8.759371276981309e-06,0.9289100054775262,0.918625521456323,0.930398625780306,0.9197016806186081,0.0,9,15515,20029.0,3674.0,4719.0,23,22,20,19
1366.3666474330348,327.4553570634709,9.04437728440688e-06,0.9350987393744566,0.9265902509621288,0.9362586468916336,0.9275139576752996,0.0,8,16384,20949.0,3906.0,4978.0,21,20,18,18
1317.8037064356938,313.50835575855837,9.27061133193025e-06,0.9440252312558531,0.9382245886999847,0.9449718023920763,0.9389887771170776,0.0,8,17136,21605.0,4166.0,5142.0,20,20,16,17
1462.464365972426,362.6212840584153,1.0201714914301283e-05,0.9373404015845415,0.9251556659884871,0.9383664534605554,0.9260701052444843,0.0,8,18295,23299.0,4405.0,5680.0,20,19,16,17
1604.0759407384407,415.3069728772081,1.2439776163932681e-05,0.94533305919706,0.9320410434656095,0.946082957647332,0.9326666025471613,0.011000394821166992,7,22254,28255.0,5625.0,7238.0,18,17,15,15
1529.8274658499295,397.90001175526334,1.2630140372509499e-05,0.9530927126067481,0.9420277236566802,0.9537509858579847,0.942500383921169,0.0,7,22920,28839.0,5972.0,7425.0,18,17,15,15
1771.6817260156724,463.8725407291891,1.39697684894724e-05,0.9403616509854574,0.92672849466514,0.9410802522750668,0.9272715890010544,0.0,6,23967,30853.0,6241.0,8100.0,17,16,14,14
1778.6961785939388,533.4372782129442,2.047672122870466e-05,0.9608373350489898,0.9424562373254353,0.9612688181438748,0.9427873944890771,0.0,6,31598,39094.0,8933.0,11543.0,15,14,12,12
1762.868022047565,544.9859872655346,2.2060650630117334e-05,0.9637466381142633,0.9440959625012649,0.964047479113164,0.9444251118524122,0.0,5,32607,40427.0,9448.0,12069.0,14,12,11,10
1940.3395482492233,638.8657755480933,2.8695742879122193e-05,0.9598617727207305,0.9325097631493684,0.9601605157034173,0.9327482288078872,0.010997772216796875,4,35022,43740.0,10395.0,14145.0,13,11,10,9
619.3075013674547,125.48319110542256,1.2171182482190531e-05,-49.661187927909424,-43.82934808497703,-48.23703084692376,-31.008662304175445,0.0,4,290,905.0,88.0,183.0,10,48,4,43
468.87112879411404,95.10766924911997,9.295750029490197e-06,-23.761459366208264,-19.45803617377015,-23.07187234455109,-13.812105204982956,0.0,4,317,622.0,114.0,125.0,9,49,5,43
1068.3965302420881,216.89962636359397,1.072520406906442e-05,-59.90751625219733,-48.34522675747284,-58.91226958617843,-38.11193766494693,0.010999679565429688,4,437,1793.0,148.0,367.0,7,43,6,39
1012.9524554900557,205.68131194479807,7.73704900580537e-06,-39.10799052061704,-32.928666277557284,-38.27105531938795,-24.5401270233087,0.0,4,515,1637.0,172.0,333.0,10,44,6,40
1645.8093437070204,335.5399876815479,5.108738096953099e-06,-41.54597624544109,-35.55178059854873,-40.798598664162334,-31.932437126368846,0.010998725891113281,4,776,3213.0,197.0,662.0,11,41,7,37
2234.9963227039098,461.5015348475741,6.795709403399769e-06,-71.73550078443175,-59.86917294277646,-69.78804536197646,-54.783447589767285,0.0,4,806,5111.0,211.0,1079.0,13,36,5,32
2847.9164734211104,603.9242502168629,8.087260411150411e-06,-44.60716322471007,-41.38560205922366,-42.87996127701759,-39.293835049516225,0.0,4,1235,7918.0,310.0,1729.0,16,29,6,26
2656.676801005346,555.7860986926535,6.277806536628715e-06,-37.345115441217935,-31.55217563713741,-34.97786934348074,-30.06036766987482,0.0,4,1359,7355.0,309.0,1585.0,21,31,21,28
2788.150019502179,590.5738734485298,6.241626305695116e-06,-11.872575733228617,-10.65443918673709,-11.00634355826997,-10.305922015332811,0.011000394821166992,4,2312,9312.0,505.0,2037.0,34,30,30,26
2758.250360660419,594.0920681314191,6.193235032932023e-06,-6.403255187859583,-6.54151777704251,-5.991131766934428,-6.3670823398148295,0.0,4,2982,10073.0,631.0,2217.0,33,29,25,25
498.24022370019514,111.63757753529373,2.461158878985441e-06,0.9061131611378782,0.8777733483636275,0.9211413224230619,0.9119520351286554,0.0,22,4449,4607.0,939.0,948.0,29,31,23,27
470.35677947702635,102.56561377091802,1.6021120383022164e-06,0.9149010633857038,0.901666244199914,0.9276802961108362,0.9261467213207408,0.010997772216796875,22,4410,4667.0,973.0,960.0,29,31,26,27
891.5351136234228,201.3794194753657,3.957346755290595e-06,0.8808771562055062,0.864150746686619,0.8861906200015658,0.8723590337120338,0.0,15,7059,8585.0,1577.0,1824.0,27,30,23,27
1293.7126935039842,291.702702535761,6.833749380415353e-06,0.8964993066856606,0.8920551162614817,0.8988319690271005,0.8944988795181464,0.0,10,11668,15221.0,2659.0,3433.0,23,24,20,21
1393.146555853675,335.71220529287984,9.493679491494216e-06,0.9342469119807768,0.9251984008808493,0.935431496868341,0.9260660948973729,0.011001348495483398,8,16704,21381.0,3970.0,5107.0,21,20,16,18
1566.2030279408807,430.02771853646533,1.4645711461961538e-05,0.9593141742779394,0.9457208213246869,0.9598501927475653,0.9461599829667321,0.0,7,26028,32176.0,6943.0,8624.0,17,16,14,14
1835.3962687000032,555.361996690826,2.0439392994616703e-05,0.9565488510359859,0.9341346366924554,0.9569541266940405,0.934445389176494,0.0,5,30663,38672.0,8594.0,11339.0,14,13,11,11
1782.8986746897667,543.3725096198061,2.1391196272946896e-05,0.9609701504809126,0.9411766299669829,0.9613064401457632,0.9414994132232908,0.010998249053955078,5,31808,39357.0,9089.0,11721.0,14,13,11,11
1863.234983614967,610.0852314089674,3.274700345692388e-05,0.9653354572942393,0.9440948502837588,0.9655778856150445,0.9442989836098094,0.0,4,36399,45062.0,11444.0,14491.0,12,10,9,9
49.967385196078986,10.294618335162633,6.018543734156492e-06,0.6363466712991868,0.647458204639441,0.649404373447393,0.7642252758661605,0.0,4,295,290.0,91.0,89.0,8,7,4,5
580.1265846060381,117.85535803121836,1.288165664158649e-05,-28.371389631997765,-22.494929038474776,-27.56299302241096,-16.248991814862606,0.0,4,375,837.0,122.0,169.0,9,44,4,39
713.5692123636875,144.31053755703357,1.0159212879574893e-05,-97.18419529426806,-77.16905748596402,-93.7418642862992,-52.86493695441319,0.0,4,253,1036.0,91.0,210.0,8,55,4,51
657.1079312664955,133.37853400503894,8.94438075287215e-06,-35.37154288923207,-34.36383064818803,-34.19034108676611,-22.449860117055422,0.010998249053955078,4,359,943.0,126.0,190.0,10,49,4,44
686.9308629088277,139.05293506431283,6.589158652231014e-06,-20.47287152911731,-17.40508184311938,-19.97152860880592,-12.569718989414582,0.0,4,457,993.0,161.0,200.0,8,46,5,40
1291.7503306237884,262.47654657130795,6.6382918347693484e-06,-44.18826353747994,-37.203965633391554,-43.53645228130474,-30.17811253241877,0.0,4,612,2242.0,195.0,459.0,11,42,6,39
1530.7385812628709,311.69345918706733,5.805882003841722e-06,-76.94979671354919,-61.01533704342874,-75.56605175548864,-49.932056297122145,0.010999679565429688,4,561,2783.0,160.0,572.0,10,44,4,40
2026.3088131501574,415.86731658066134,6.66038628562019e-06,-61.18172314223159,-50.400741393462134,-60.06284750667753,-45.09713694754333,0.0,4,791,4376.0,210.0,917.0,14,36,6,33
2678.602892989801,558.8845661971113,7.101846066969597e-06,-77.45527491370869,-63.077131296169085,-74.26979980885434,-58.96413565004853,0.010999441146850586,4,1004,6735.0,262.0,1449.0,16,32,7,29
2832.974807585953,611.4291744892998,7.088172732132539e-06,-8.047324861776467,-8.023193604756733,-7.606284036741627,-7.8383758259501715,0.0,4,2715,10060.0,580.0,2227.0,29,27,29,24
2711.9983733555837,585.2995760719463,6.656245038311668e-06,-4.82353953532051,-4.800363643893482,-4.551933025631429,-4.683609110277739,0.0,4,3270,10296.0,720.0,2274.0,27,27,27,24
2626.4207524214394,562.0207310085041,5.880194264747884e-06,-3.944749668851962,-3.8079467510567193,-3.7112839832876867,-3.7083279084177896,0.011000871658325195,4,3422,10258.0,732.0,2258.0,31,28,23,25
946.7229443365854,209.37344171417274,4.193714597864345e-06,0.8851408920435658,0.8772811226516075,0.890492045602754,0.8841427922874778,0.0,16,7706,9239.0,1683.0,1976.0,30,31,25,27
1037.1837305458907,226.49157118573268,5.321480483059146e-06,0.8856824114345533,0.8832141065667113,0.8891679683371727,0.8872281793876469,0.0,12,8613,10598.0,1904.0,2293.0,25,27,22,24
1137.9634170905335,252.87517132515654,5.827087761278624e-06,0.8782319596015566,0.8711170152776802,0.8819687246338204,0.8757971653448023,0.01100015640258789,12,9156,11722.0,2034.0,2562.0,27,27,22,23
1095.1694497179446,247.82265315287532,9.5922994131317e-06,0.9191662251500868,0.9139052716126935,0.921295940869806,0.9159648488242103,0.0,11,11081,13764.0,2507.0,3060.0,25,25,21,22
1234.8179277151517,289.8610670687721,7.055741581932291e-06,0.9065108929295157,0.8917790668660994,0.9090859013753116,0.8939426680846733,0.0,11,11799,15117.0,2678.0,3408.0,25,25,21,22
1374.6972038139575,317.61355381220335,8.570493107432487e-06,0.9192491001354435,0.9146478637926618,0.9206987563666356,0.9157682090844728,0.011001348495483398,8,14642,18926.0,3491.0,4415.0,21,21,18,18
1302.0953389591448,316.2279035071411,9.547778138074697e-06,0.947040583320613,0.9393079757672581,0.9479862087121401,0.9399584987918059,0.0,8,17632,21929.0,4227.0,5234.0,20,20,18,18
1373.0862848532768,342.2601508641712,1.0201431453545952e-05,0.9456774922701852,0.934465866882046,0.9465435646003658,0.9352384149236421,0.010999441146850586,8,18408,23172.0,4569.0,5642.0,20,19,17,17
1421.0457264007161,360.9993225333882,1.1024510511057983e-05,0.949171792588904,0.9377567401505229,0.9500248011772155,0.9384052721838574,0.0,8,20027,25185.0,4950.0,6223.0,19,19,17,17
1527.9628295878636,389.7079689655689,1.2088253623487622e-05,0.9479124333808217,0.9376440541297202,0.9486859299684811,0.9381199306281478,0.0,7,21779,27431.0,5536.0,6934.0,19,18,15,15
1617.360936170236,425.8423404556329,1.2975590881915513e-05,0.9456929265715579,0.9303283432544256,0.9464460876785268,0.930945029564001,0.010999202728271484,7,22552,28709.0,5690.0,7404.0,18,17,14,15
1975.3394831482033,601.6422262616319,2.1831617260469935e-05,0.9502429717045242,0.9234131094411824,0.9507504411197916,0.9237350358909915,0.0,5,30853,39279.0,8704.0,11662.0,15,13,12,11
1807.934325775079,569.8500818544064,2.3037904625620442e-05,0.9617891487013643,0.9395359804415058,0.9621234737959465,0.939856809957501,0.0,5,32767,40827.0,9467.0,12283.0,14,12,11,10
1778.1709644877706,563.1521996760733,2.430777478071325e-05,0.9650691678035641,0.9445667805374421,0.9653604331660481,0.9449016878227968,0.011000394821166992,5,33905,41848.0,10018.0,12994.0,13,12,10,10
1909.7480118460655,623.9409109977215,3.2906258966086456e-05,0.9634325463759755,0.941540663529434,0.9636897047568014,0.9417692614703986,0.0,4,36535,45118.0,11366.0,14529.0,12,10,9,8
668.8687667123748,135.03275065701655,1.329537967893872e-05,-71.46544609440704,-65.16995646503659,-68.89384838459273,-43.23453451935712,0.0,4,272,1015.0,91.0,206.0,8,48,4,43
438.64168891020836,88.63025959945433,1.0834930237062593e-05,-26.75273883652229,-21.15782185999875,-25.43247309361058,-13.379151392656079,0.0,4,297,592.0,115.0,119.0,8,46,4,40
144.46052661540452,28.781685438255117,6.828589545873164e-06,-2.1358658265346353,-1.8912935872620085,-2.0185062348507534,-0.8829455448123276,0.0,4,279,280.0,97.0,79.0,8,9,4,5
607.5705120258334,123.07763471348751,8.502895783830331e-06,-24.66246956269858,-24.41006927639737,-23.906724251348862,-16.762092046120774,0.010999679565429688,4,412,852.0,118.0,172.0,9,48,3,44
1106.4236586859483,225.0417090970768,8.635163475781927e-06,-46.5450651351618,-40.82342550234968,-45.677887781438095,-31.196724568386045,0.0,4,532,1884.0,161.0,385.0,10,43,4,38
442.90809806700685,90.16749460494803,5.981504085450629e-06,-18.373197759560124,-12.988665343866941,-17.890312476728273,-9.487885404395195,0.0,4,331,586.0,131.0,131.0,9,49,5,4
2033.6992874234545,419.66272420043856,7.441676703217869e-06,-51.19900794739044,-42.65925278122919,-50.41680804276185,-38.58889741521265,0.011001825332641602,4,882,4512.0,259.0,949.0,13,35,7,31
1942.5088481136966,399.59388237726233,6.640382424606847e-06,-45.04161296071951,-40.902894291193206,-44.29666092540352,-36.029906415626705,0.0,4,859,4171.0,237.0,871.0,15,36,5,32
1626.7705802704122,332.05281645645874,4.592084010731046e-06,-39.960969423407654,-31.855604300096218,-38.72100012032027,-29.87028521370562,0.0,4,812,3350.0,227.0,691.0,13,41,5,37
2558.7768033118223,534.3574314850813,7.781117363378824e-06,-61.3251250968505,-54.46892832571128,-59.70947606573637,-50.6862027980008,0.010999679565429688,4,1030,6381.0,253.0,1369.0,12,32,7,28
1867.1402096521836,381.08485494265796,4.056207373527758e-06,-67.13369165788488,-55.254504438239145,-61.26858964535689,-51.74911941429284,0.0,4,781,4173.0,185.0,866.0,15,42,6,39
2285.4499602558208,473.36003079051784,5.142208259838664e-06,-52.10567919025921,-43.599405896030504,-47.79951159130062,-41.322209555043614,0.0,4,1076,5791.0,242.0,1225.0,20,36,18,32
2479.277730005253,518.1074534624389,5.842603681429291e-06,-28.620223371408166,-24.565016220077183,-26.857719488345456,-23.444060785632388,0.0,4,1438,6945.0,331.0,1488.0,20,31,7,28
2734.566780893578,586.3215397004161,5.860443788297003e-06,-4.1567310270350415,-4.110854936929315,-3.8800382376897486,-3.9848968915116147,0.011000633239746094,4,3469,10532.0,744.0,2324.0,35,30,33,26
785.3178774704538,171.50162456640362,3.2141675685128773e-06,0.8667616256119437,0.8544542017472202,0.8747273485685255,0.8696108132070619,0.0,17,5864,6682.0,1287.0,1399.0,28,31,25,28
712.7216505500522,158.44417988533024,3.2306811604541703e-06,0.9151069988964139,0.9054985636037893,0.9186956764900389,0.9119888102672383,0.0,14,6647,7450.0,1445.0,1568.0,27,29,22,25
1104.400500324171,242.16249589605044,4.842330170248326e-06,0.8506389323664496,0.8453096523406773,0.8564522067867746,0.8521320094074226,0.011000394821166992,14,7852,10127.0,1743.0,2186.0,26,29,24,26
952.8256064798197,215.99697493672957,6.606443241378134e-06,0.9136785191412542,0.9055155009416431,0.9163223271462438,0.9082083349118546,0.0,12,9116,11074.0,2013.0,2404.0,27,27,20,24
1340.808346754775,289.15366314313036,6.67248130010697e-06,0.8587478920911331,0.8656431086912917,0.8627564974950844,0.8697069881498964,0.0,12,10130,13534.0,2338.0,3010.0,24,26,22,23
1107.3024177903906,253.49992329606553,6.862407516081537e-06,0.933452085949074,0.9294243021353812,0.9350343341030589,0.93064018838603,0.0,10,12624,15526.0,3006.0,3505.0,23,24,20,21
1359.0435995561384,316.54932084506595,8.266069173754617e-06,0.9152851369911159,0.9078328633723807,0.9169670158371315,0.9092405014220898,0.0,9,13873,18111.0,3321.0,4197.0,22,22,18,19
1239.0009650134853,297.9911546688418,9.11603387265371e-06,0.9462882166366193,0.93860407551008,0.9471912179811051,0.9394742828053654,0.01100015640258789,8,16388,20460.0,3900.0,4824.0,21,20,17,17
1649.486374928653,411.56197354045736,1.1220832877497558e-05,0.9184336339283303,0.9022217242067058,0.9196959354414647,0.9030578735140945,0.010999679565429688,7,18126,24040.0,4352.0,5946.0,19,19,16,16
1425.0880372729591,354.41837861032855,1.0897164509450661e-05,0.946567024835874,0.9372793156947264,0.9473336084196574,0.9378515669031713,0.0,7,19612,24705.0,4739.0,6108.0,19,18,16,16
1460.191293256889,372.12976115836926,1.08444561643542e-05,0.9469585999989151,0.935228349994515,0.9476740722478514,0.935942287150872,0.0,7,20317,25596.0,5093.0,6383.0,18,18,16,15
1406.1617933688979,352.91503473092564,1.154092289904693e-05,0.9540829750572862,0.9464487156570143,0.9548143582627836,0.9470061974001485,0.0,8,21245,26171.0,5393.0,6576.0,19,19,16,16
1593.2068222596286,409.81153549364114,1.2654610808178536e-05,0.9442281704983001,0.9325214047459504,0.9450493445861003,0.9330596873034744,0.0,7,21951,27918.0,5745.0,7164.0,18,18,16,15
1818.0633956598704,499.85429791984,1.566882505409425e-05,0.9425450093229096,0.9230195944815744,0.9432391715100702,0.9235015225819848,0.013542652130126953,6,25284,32492.0,6682.0,8836.0,16,15,14,13
1661.3910315077749,468.06004115675114,1.608447485171319e-05,0.9555356499428775,0.9379226723616261,0.9560187142521126,0.938403351057812,0.0,6,26567,33319.0,7128.0,9066.0,16,15,13,13
1766.8558395904113,515.9294321390944,1.888462347116533e-05,0.9563769455388145,0.9376305838930735,0.9567891153441277,0.9379334111722332,0.0,5,29178,36603.0,8291.0,10426.0,15,13,12,11
1878.1786249897589,581.0918488863058,2.1751481198304184e-05,0.9555131937508052,0.9293090426163619,0.9559394009324836,0.9296039685395879,0.01099848747253418,5,31134,39276.0,8731.0,11707.0,15,13,12,11
1804.95174742327,566.3231084441944,2.245927090318769e-05,0.9607540335292757,0.9375149565507955,0.9610864027953275,0.9379029836158567,0.0,5,32047,39980.0,9245.0,11914.0,14,12,11,10
781.8277397121014,158.13242736179487,1.013873990238287e-05,-39.8583484736168,-35.87899676808359,-38.89447718502179,-25.592859985093753,0.010998249053955078,4,426,1194.0,136.0,242.0,8,45,5,40
1065.8694660932922,215.4622695121662,8.632547165015589e-06,-43.64454362116601,-37.51464596053217,-42.711686831165224,-28.81946080654138,0.0,4,534,1782.0,153.0,364.0,10,43,5,39
1512.0026627236255,308.13766877268785,6.309349267494192e-06,-58.02606570694176,-50.12642539170757,-57.06009273886112,-41.265332501419806,0.0,4,606,2820.0,175.0,581.0,9,42,4,38
2361.973012211754,491.75691615200833,5.836054260618048e-06,-49.399654481984726,-42.881339877519785,-46.63523611322932,-41.19865030481031,0.0,4,1039,6011.0,238.0,1278.0,19,34,8,31
2558.475453435763,542.6022561078541,5.915157956810671e-06,-12.822683217244608,-12.219993004292919,-11.999603773000661,-11.857878631529724,0.01100301742553711,4,2067,8242.0,447.0,1785.0,28,30,28,27
2453.7794466733694,517.6655733514962,5.120301300407302e-06,-14.566653475249334,-13.725345786100823,-13.236310235630684,-13.191031900954398,0.0,4,1956,7736.0,421.0,1663.0,29,33,24,29
2820.377163386131,608.5929040965452,6.476455178548784e-06,-6.073185695323044,-6.0491838800563915,-5.722453618217299,-5.901693018315685,0.0,4,3132,10435.0,668.0,2309.0,32,28,32,25
2203.1174952590854,469.42217361702603,4.995222951563418e-06,-1.958663328450343,-1.8975402960052579,-1.8301803626451116,-1.8427310079378545,0.01099848747253418,4,3599,9174.0,763.0,1991.0,32,29,27,26
3337.4434576983226,729.5036054857211,7.526211705628952e-06,-6.3133964755360905,-6.617162820616638,-5.907983804588845,-6.3954364467956095,0.01100778579711914,4,3663,12444.0,786.0,2819.0,37,27,33,24
543.6975494854246,127.3010485503765,2.7422430436317377e-06,0.920035589971712,0.896886428105535,0.9270099710179828,0.91125814130456,0.0,21,5164,5560.0,1118.0,1153.0,32,34,26,30
823.8459605209379,179.20439248443182,3.2441310343552347e-06,0.87557699173516,0.8675723538648072,0.881908396831412,0.8778529829835877,0.0,16,6304,7420.0,1378.0,1563.0,29,31,25,27
776.5126536216701,170.91456966407748,3.650372527929945e-06,0.8966239554135532,0.8889509807937112,0.9035891813467211,0.8967432422674033,0.01100015640258789,19,6518,7507.0,1429.0,1581.0,33,34,30,31
922.9054313926848,212.98329125295527,4.8369225750288614e-06,0.9069267568831243,0.8919683682152232,0.9108774393573643,0.8962608695457522,0.006508588790893555,15,8386,9907.0,1826.0,2132.0,30,30,24,27
1223.7592945964134,275.7254270304266,6.848152778661047e-06,0.9021953741254086,0.8974043334963843,0.904513488399791,0.8993521770946408,0.0,10,11387,14611.0,2617.0,3281.0,24,24,21,21
1165.052233964284,262.55723827536445,7.04347986243497e-06,0.9200729784221939,0.9168578038185883,0.9220236851776007,0.9185816061983857,0.010998249053955078,11,12001,15105.0,2779.0,3405.0,24,25,20,22
1312.196392932999,299.04981392535797,7.923197522796491e-06,0.9098511260146573,0.9054148596059726,0.9117539966254506,0.9067672081078519,0.0,9,13030,16858.0,3039.0,3872.0,23,23,19,20
1285.7538858370426,309.438200615244,8.490440508020975e-06,0.9274077352814984,0.9147674954100159,0.92881300244209,0.9162490184109634,0.0,9,14327,18280.0,3332.0,4252.0,22,22,17,19
1242.0530820764675,300.1599030372051,8.735721681711946e-06,0.9426135681922136,0.9336192122349629,0.9436213440931442,0.9344884924369014,0.01099705696105957,8,15834,19828.0,3802.0,4674.0,21,21,17,18
1339.5705355748237,320.2890864533147,9.35824410024933e-06,0.9410318971028256,0.9352360339518615,0.9421716365063129,0.9361344576506044,0.0,9,17048,21422.0,4155.0,5118.0,21,21,18,18
1432.9305673174426,362.16419373787693,1.1879050202843702e-05,0.9530992962447367,0.9444790806539719,0.9537189256427808,0.9450173339120774,0.0,7,21400,26623.0,5456.0,6729.0,18,17,14,15
1547.5510032069642,407.2494414076976,1.277290466472372e-05,0.9486056734335451,0.934706922755838,0.9493261809907279,0.9352021699491024,0.010999917984008789,7,22207,27993.0,5604.0,7203.0,18,17,15,15
1691.372988168601,453.9559567163954,1.3792273828997816e-05,0.9422803331145161,0.9242333073585823,0.9429853188007323,0.9247283760538767,0.0,6,23136,29754.0,5977.0,7814.0,17,16,14,14
1641.6764200307887,439.74580423288353,1.4794383493431275e-05,0.9516036253877106,0.9383119913089458,0.9521355963249761,0.9388332770873236,0.01099848747253418,6,24979,31424.0,6570.0,8405.0,16,15,13,13
1859.4182027267505,543.9697263248156,1.971318347219261e-05,0.9517105590540236,0.9310287589017341,0.9521665638206469,0.9313635471969249,0.0,5,29247,37149.0,8103.0,10706.0,15,13,11,11
1817.0637650659894,548.4369752209216,2.141945572739662e-05,0.9584944078094928,0.9378406070842572,0.958851253655802,0.9381898709044255,0.0,5,31408,38848.0,8815.0,11535.0,14,13,11,11
1843.7783489346002,572.5076602567267,2.295043264411393e-05,0.9591455367884837,0.9361923437694808,0.9594971110349348,0.936525086599227,0.010999917984008789,5,32107,40154.0,9301.0,12013.0,14,12,11,10
1841.248950554125,629.484370669095,3.129130429253971e-05,0.9650102852470557,0.9375893869943787,0.9652567983038906,0.9377999346289017,0.0,4,36044,43895.0,10896.0,14670.0,12,11,9,9
1882.0138454813061,651.5917849134278,3.38792143162413e-05,0.9646391166918239,0.9375682324547658,0.964877176250673,0.9378413093639536,0.0,4,36637,45340.0,11454.0,15283.0,11,10,9,8
324.853620881775,66.0690137911361,8.963874331956916e-06,-9.615683732733022,-8.943846745370971,-9.266359719690982,-5.8719202088415905,0.011001348495483398,4,327,450.0,110.0,104.0,7,33,4,4
124.51020707824185,25.49652754134701,6.9749955325187895e-06,-1.1094989023273314,-1.1195217601265117,-1.0212568870108591,-0.3218528603890214,0.0,4,296,303.0,107.0,87.0,10,8,4,5
414.9573020203404,83.89576866564845,8.456431522288429e-06,-10.038252210858476,-8.718818545980193,-9.785068484462421,-6.130137868790548,0.0,4,416,592.0,136.0,132.0,10,35,4,5
1034.622420056386,209.33174926417635,9.024649334154608e-06,-68.6617109740771,-54.946873044908436,-67.14455175976563,-42.03528388746802,0.0,4,405,1671.0,134.0,341.0,10,46,5,42
1041.085561245248,210.70373157587883,9.021793064255809e-06,-62.18241700516124,-52.264684482655596,-60.966714182997286,-41.28557617867953,0.010995864868164062,4,433,1678.0,134.0,342.0,10,47,6,42
1518.5691764783057,310.1542794857639,8.635239880164331e-06,-108.74085174924593,-92.14955718887222,-106.89783018604601,-74.1695423993358,0.0,4,493,2833.0,133.0,586.0,10,42,4,38
2169.033115526363,446.95133963329835,8.694627448274385e-06,-158.28164539649643,-132.2519928026624,-155.92621254937802,-117.68326750231955,0.0,4,536,4656.0,155.0,984.0,10,38,6,34
2333.5332652439306,493.5267216676317,5.2920805190607745e-06,-10.211828602859615,-9.955363999764565,-9.487302404777102,-9.637808621763924,0.010997772216796875,4,2120,7568.0,446.0,1627.0,30,32,23,28
343.22616844101896,77.54240339533153,1.9298526142345347e-06,0.9432437082318712,0.919519021440928,0.9587345397866169,0.9544998031348952,0.0,26,4145,4148.0,920.0,858.0,31,29,23,27
301.5577757333794,68.79345516605639,1.7851303519307797e-06,0.9643209429887046,0.9541317586097621,0.9695036911918159,0.9646761527027783,0.0,24,4339,4371.0,927.0,922.0,31,31,31,24
951.2663174640281,228.20262531848135,6.584719888440904e-06,0.9377362580328376,0.9240054580945292,0.9392643218763838,0.9259215984315539,0.010997533798217773,11,11049,13104.0,2467.0,2897.0,25,25,21,22
1201.3921415498678,265.6840019438297,7.204063188377822e-06,0.9138721383581878,0.914782128243497,0.9158841754781243,0.9163736452377379,0.0,10,12029,15240.0,2824.0,3439.0,24,24,21,21
1420.6795850987946,347.56416120458414,1.0011867296299253e-05,0.9349998654780534,0.9247717439787079,0.9361991150795045,0.9256588715538933,0.0,9,17338,22088.0,4177.0,5348.0,21,21,18,18
1261.6267276813694,313.04048911616366,1.0128058588735894e-05,0.9555443019415547,0.9481394611961107,0.9562496046346151,0.9488230419521739,0.010999917984008789,8,18764,23147.0,4721.0,5604.0,19,19,16,17
1577.010282181929,386.97703524427857,1.1491081071649494e-05,0.9348379901415688,0.9260313390503936,0.9358520276501845,0.9265820338542551,0.0,7,19568,25298.0,4856.0,6341.0,19,18,16,16
1530.362140008009,381.76445195197726,1.2334991329087223e-05,0.9465412418365153,0.9387371345885783,0.9472593853716659,0.9393644123793881,0.011000633239746094,7,21450,27103.0,5383.0,6874.0,18,17,15,15
1835.9682238941218,497.06086146467015,1.6579611766879676e-05,0.9446573407134911,0.9296334591945036,0.9452860806337522,0.9300707379571513,0.0,6,26363,33678.0,7007.0,9263.0,16,15,14,13
1768.0727598745834,527.5117160085791,2.0850619450145836e-05,0.959182263915289,0.9399598259156421,0.959547157809241,0.9402643441592902,0.0,5,30794,38349.0,8618.0,11309.0,14,13,11,11
447.7719727532456,90.54591376754668,1.0418900886091964e-05,-38.95654916843036,-32.422843159632464,-37.840484517916174,-24.751276010993326,0.010999441146850586,4,239,588.0,83.0,118.0,9,55,5,49
540.258290851083,109.46479647204697,9.071022577650856e-06,-21.21869737197595,-17.368202685260343,-20.743515043294295,-13.239848362334008,0.0,4,396,765.0,119.0,154.0,10,45,6,39
259.3465546651173,53.08277733879417,7.558244981721901e-06,-5.148140045206942,-5.198892210623204,-4.963526150891464,-3.1878271606926,0.011000633239746094,4,355,379.0,112.0,98.0,9,22,4,5
823.4560995685603,166.50753861812584,9.988364506242194e-06,-46.932925526632204,-42.97962809868279,-45.871355595480686,-32.2657039826701,0.0,4,405,1261.0,119.0,256.0,11,47,6,43
745.5832448492924,151.28691009689723,9.06194687818157e-06,-29.046145975757824,-23.59890088616695,-28.34332317586292,-17.369155977837185,0.011001110076904297,4,469,1126.0,155.0,228.0,9,44,5,40
1077.2474858793282,218.39132499559898,7.956707483949644e-06,-34.99220608661214,-32.11290516987845,-34.31060021598084,-24.596908803083068,0.0,4,578,1802.0,168.0,367.0,10,42,4,37
1033.3024071312973,208.88186952597553,7.970676047013736e-06,-45.679408352380115,-40.867010868620234,-44.97693290465291,-32.75873781509408,0.0,4,489,1643.0,133.0,334.0,9,47,6,42
1635.304848618956,335.2128987673356,1.0126444787925318e-05,-86.91745911170257,-79.5395886400034,-85.399531268674,-64.22404599694923,0.01100015640258789,4,544,3222.0,151.0,671.0,9,39,7,35
1696.3599878367013,347.8744535269393,6.311661841057956e-06,-33.0280008944283,-30.06392416909543,-32.57926716911525,-26.618428639948945,0.0,4,874,3442.0,246.0,713.0,12,38,6,34
2034.128527056079,418.24241624923695,5.83980307796048e-06,-52.3641440025332,-43.39119063801592,-50.890772414632345,-39.89414268659224,0.0,4,857,4574.0,236.0,959.0,14,36,5,33
2498.789661182656,522.2030555732129,7.280690895411019e-06,-50.36392710160379,-45.22506631100678,-48.76082763518763,-42.88127544585545,0.010998249053955078,4,1082,6405.0,260.0,1375.0,15,32,8,28
2166.131228711686,445.8306736680792,4.537760161130631e-06,-29.634817423322183,-23.80340193472743,-27.21265806055614,-22.806246984286002,0.0,4,1339,5809.0,307.0,1226.0,27,35,25,31
2481.6568285287417,522.0728417408181,5.607181554245305e-06,-20.769795327416052,-19.190796743433776,-18.957092928512363,-18.3303774764018,0.0,4,1729,7466.0,372.0,1605.0,36,32,31,29
2792.7277753270787,594.8859572080462,6.7818226244651404e-06,-14.038966720900278,-13.091347890783972,-13.195258433220692,-12.712593880015412,0.010999917984008789,4,2141,9126.0,458.0,2003.0,29,28,25,25
2594.924250259212,554.105200225252,5.99140359731103e-06,-7.412044149231832,-7.224373713559272,-6.930104934451953,-7.023852891317665,0.0,4,2622,9149.0,565.0,2001.0,30,30,24,26
771.3383680647427,170.83810621926645,3.4580218305636847e-06,0.8391347379895167,0.81193538813773,0.8515282699576253,0.8386378152957876,0.0,18,5199,6020.0,1129.0,1256.0,29,32,22,28
970.4314586353283,227.7463700938153,5.119573377317192e-06,0.8898846298943306,0.8650478289982724,0.8932647508826574,0.870163450426174,0.0,12,8154,10065.0,1786.0,2172.0,26,27,21,24
918.5287899304161,205.95675251869255,4.850994181463237e-06,0.9040057018556572,0.8962346928532148,0.90722723053311,0.9002714471817302,0.0,13,8345,9815.0,1890.0,2110.0,26,28,23,25
1084.2509146765851,240.53439068758604,5.702853376060053e-06,0.8842281936003893,0.8798393470551931,0.8880330509419818,0.8838749632736367,0.01100015640258789,13,8836,11196.0,1978.0,2438.0,26,28,21,25
1185.5545755828339,272.4370043667244,6.561220593752019e-06,0.8937954323111003,0.8809665364794123,0.8964255541388405,0.8843986038164673,0.0,11,10530,13332.0,2352.0,2962.0,24,25,22,22
1270.7761105233774,292.35070389163434,7.613576515838805e-06,0.9176875998702727,0.9114467616468027,0.9194064789418634,0.9127200323480835,0.010999202728271484,9,13288,16976.0,3046.0,3906.0,22,23,20,20
1507.3377834939276,382.80961887219513,1.1703863038626112e-05,0.9419048478772034,0.929816291785123,0.9427135882591927,0.9304209820501138,0.010999679565429688,7,19927,25538.0,4974.0,6361.0,18,18,15,15
1712.9049179871358,416.1356013484997,1.2714973212826082e-05,0.928385644888323,0.9223624270737867,0.9294979510179996,0.9229688292742706,0.0,7,20470,26949.0,5243.0,6830.0,19,18,16,16
1535.6106692972587,398.6509831707163,1.2866728889659487e-05,0.9496006319498306,0.9385082731673521,0.950238914562349,0.9389282672531202,0.010997772216796875,6,22412,28249.0,5833.0,7280.0,17,17,14,14
1538.0261159464535,410.9031751578937,1.367110443207016e-05,0.9531705623881915,0.9391206465172769,0.9538278481758606,0.9396529231742119,0.0,7,23438,29334.0,5993.0,7603.0,18,17,15,15
1748.7782391679152,473.3606087935991,1.5565830147422887e-05,0.9453332248690616,0.929288068821854,0.9459838468133923,0.9297200809313281,0.01099848747253418,6,25117,31910.0,6623.0,8635.0,17,16,14,13
1705.8624736324346,521.2188145410514,2.0603880706793185e-05,0.9623229387997534,0.9416579485031786,0.9626708559246715,0.9419122376389145,0.009006500244140625,5,30773,38228.0,8718.0,11197.0,14,13,12,11
1790.8122620461188,544.1549992032552,2.2044372312085924e-05,0.9602845017808341,0.9401387437880834,0.9606234974153769,0.9404832493153557,0.0,5,31753,39145.0,9144.0,11646.0,14,12,11,11
1961.8969269773918,631.8401366907086,2.7131061423280025e-05,0.9558828465939103,0.9282188539327257,0.9562209401651701,0.9284568421344992,0.0,4,33587,42179.0,9924.0,13239.0,13,11,10,10
361.6197934295079,73.36779493301766,9.550546123319888e-06,-11.292851661889129,-9.084179234574563,-10.992397046490314,-6.757692508627634,0.011000394821166992,4,368,503.0,117.0,117.0,10,34,5,4
229.75943034690292,46.885832081770715,6.848687145296767e-06,-6.078281115704208,-5.696496656438708,-5.82679393176986,-3.4895179695597323,0.0,4,293,314.0,97.0,82.0,8,27,3,5
1227.6116547996764,249.50419585650258,7.926381844076728e-06,-59.12489054554033,-49.357737873764385,-57.82177327776211,-38.21802748623483,0.01100015640258789,4,518,2111.0,162.0,432.0,8,43,5,39
1998.3097988258312,410.35722496787275,8.658864699228702e-06,-95.12960089034004,-85.63877399500895,-93.77539343831188,-74.5476606546416,0.0,4,636,4202.0,172.0,883.0,12,37,6,34
1420.162380680463,288.6056998744134,4.980364025812602e-06,-50.09496546269648,-40.86291673647177,-49.08672354915971,-33.980734494841386,0.0,4,626,2626.0,182.0,539.0,10,43,4,39
2233.351389075023,465.59792426871206,5.4731337936316564e-06,-32.83067739402204,-28.501727015066134,-30.949497460744276,-27.027514536424672,0.010999441146850586,4,1187,5898.0,279.0,1250.0,17,33,5,30
2573.658491573814,556.2896615073842,6.62096830695954e-06,-3.173357790719993,-3.2014609649387538,-3.000696406650789,-3.123820583703397,0.0,4,3679,10423.0,799.0,2305.0,29,27,29,24
692.421827937911,154.1579804188848,2.947775671863295e-06,0.8927837482221742,0.8741850169110281,0.9002271857039316,0.8897876474352865,0.0,18,5760,6391.0,1224.0,1336.0,30,31,23,28
923.9979039136299,211.34163658948475,4.9138555361396666e-06,0.8985943462461328,0.8828275660508589,0.9020432307772939,0.8893548632495437,0.011001110076904297,13,8035,9704.0,1834.0,2089.0,27,27,23,24
928.7835641800026,211.93290640715003,5.400444947163775e-06,0.9189345395152846,0.9091932790048519,0.9212650616945209,0.9119915574308006,0.0,12,9368,10857.0,2064.0,2354.0,26,27,21,24
1140.098002610107,250.4905853187567,7.001580551561968e-06,0.9195787162568058,0.9210927636766629,0.9213810496396264,0.9230097377562487,0.0,10,11738,14615.0,2765.0,3277.0,23,24,19,20
1363.869890027299,316.06983857550034,8.783938092375104e-06,0.920456546184204,0.915466969116407,0.9219289298414128,0.9169902267429182,0.011002063751220703,9,14602,18864.0,3489.0,4409.0,21,21,17,18
1285.9875582601878,304.96760341130465,8.898229592962203e-06,0.9398792537118769,0.9344218069419079,0.9408534145680515,0.9352983581765999,0.0,8,16155,20292.0,3913.0,4794.0,20,20,16,17
1263.7909069627535,307.11026910753793,9.879491896911344e-06,0.9512484396693953,0.9447223554969308,0.9520122084256946,0.9454700157433032,0.0,8,17791,22129.0,4397.0,5319.0,19,19,17,17
1458.0394444271308,358.26706564039716,1.1224500044998421e-05,0.9425946311852138,0.9347750557210387,0.9433745528836451,0.9354559823683074,0.011001348495483398,7,19182,24558.0,4852.0,6070.0,18,18,15,15
1574.147841065735,404.8760777051076,1.2494765900172362e-05,0.9414697234114435,0.9283481124994859,0.9422163994189694,0.9288369200218785,0.0,6,21118,27041.0,5334.0,6846.0,18,17,14,15
1702.259687166794,443.4928697644584,1.3621568347663598e-05,0.935622671857895,0.9203077128365387,0.9363952330610993,0.9209098440872002,0.0,6,21923,28467.0,5627.0,7391.0,17,16,14,14
1573.8361725009183,414.6418090198262,1.4090046313226238e-05,0.9515572548988409,0.939511635396665,0.9521078533443441,0.9399653297693221,0.011000871658325195,6,23770,29813.0,6183.0,7792.0,17,16,13,13
1722.3173435563185,489.1478586885304,1.6451421272133072e-05,0.9503981597707543,0.9291750232447041,0.9510040438372039,0.9295424360299195,0.0,6,26157,32942.0,6896.0,9021.0,17,16,14,13
1671.4347697333822,540.9024038829148,2.59931725757058e-05,0.9701843924196863,0.951368220337063,0.9704200969821926,0.9516908946840896,0.0,5,34966,42187.0,10479.0,13246.0,13,11,10,10
1697.2018914721568,606.8195692158694,3.301686196524636e-05,0.9721119809918823,0.9473032357748185,0.9722856826033409,0.9475881793107956,0.010998964309692383,4,37426,44995.0,11820.0,15301.0,11,10,8,8
50.91404112161333,11.321531845705922,4.933965656902065e-06,0.7477938422040562,0.7419974839250769,0.755057910686056,0.8224811693708534,0.0,4,342,341.0,128.0,128.0,8,7,5,4
997.9855178057445,202.25605161939325,9.88804081648079e-06,-46.39810642764322,-37.17818448574987,-45.48184327596605,-29.21694668354413,0.011000871658325195,4,505,1645.0,152.0,336.0,8,42,5,38
501.27722286841106,101.74764534540017,7.379702583295183e-06,-10.918039844671352,-9.032197444460333,-10.705566448548232,-7.094645932950446,0.0,4,486,713.0,155.0,155.0,8,40,5,4
1322.208939300694,269.6156600916695,1.058733853135221e-05,-56.46359945425702,-46.30998239262435,-55.4929994146403,-37.620376457480646,0.0,4,549,2414.0,167.0,498.0,10,39,5,35
1364.3503414323854,277.4921920823479,7.580594764903592e-06,-41.003511415869745,-35.5924643774395,-40.38353383891232,-29.563670268048533,0.011000633239746094,4,651,2445.0,182.0,502.0,11,41,6,37
1133.1470373845282,229.69771802668538,5.468183356000153e-06,-27.571105972375996,-22.444399765095913,-27.07584361725843,-18.635715085698898,0.0,4,665,1980.0,200.0,403.0,9,42,4,38
1201.4341430140896,244.5801887929601,6.480860891753839e-06,-46.698483228754036,-40.418758385890996,-45.99907157834113,-33.641865530056826,0.0,4,539,2012.0,162.0,410.0,9,47,5,43
1431.4466859032275,290.8571026581037,5.433073735943489e-06,-41.71413417383082,-37.205499644041055,-41.1250480481146,-31.630434244567958,0.010996103286743164,4,657,2596.0,190.0,532.0,10,43,4,39
2193.858473101672,455.438387710127,6.000002209610064e-06,-42.24757368506322,-36.69758252971462,-40.89529974072278,-33.819295456051236,0.008908987045288086,4,1093,5314.0,267.0,1123.0,12,33,9,30
2059.6193317374614,427.44405091972754,4.938281672159516e-06,-33.61776575348125,-29.536350225575976,-31.334726126528423,-27.886042079796724,0.011001825332641602,4,1084,5296.0,257.0,1114.0,34,36,14,33
2020.7342853733476,418.36823393592715,4.637446499469361e-06,-14.50673094669466,-12.162935900666128,-13.608164816003862,-11.708019978107021,0.011003494262695312,4,1592,5789.0,344.0,1221.0,22,33,17,30
2739.3350527545913,580.9999103557017,6.613697092480775e-06,-26.856581307830062,-25.31939067592109,-24.718006331901915,-24.44959276060174,0.011000871658325195,4,1632,8264.0,358.0,1801.0,35,31,33,27
2869.2999091677398,613.1582772145107,6.775402827356112e-06,-12.559741322173153,-12.021936944504263,-11.674702846805358,-11.65197266697964,0.0,4,2400,9714.0,528.0,2146.0,33,29,28,26
2321.6768118646487,489.06772494546533,5.514457678177903e-06,-4.869879826521642,-4.363828346910994,-4.5675712562524335,-4.248988025118681,0.0,4,2822,8501.0,602.0,1842.0,30,29,29,26
198.1497639346775,53.91379571520681,1.7278716616567807e-06,0.9824254154539478,0.965059634834283,0.9862921621007497,0.9775481575347839,0.0,24,4226,4134.0,902.0,876.0,29,27,29,25
735.9195688148983,162.90921325912134,4.024579906270666e-06,0.8897806194437224,0.8770983676393468,0.8950748896553552,0.8880580781556391,0.010998725891113281,15,5934,6828.0,1297.0,1433.0,28,29,23,26
734.5991202485064,166.53043428205152,3.7068556453882866e-06,0.9137614022652678,0.9003211449449462,0.9181405410126099,0.9062316284573233,0.0110015869140625,17,6710,7571.0,1453.0,1596.0,29,32,26,29
1070.6289835673913,248.95570526063102,6.184444610934001e-06,0.9155637188209467,0.9037752858289692,0.9179443806365738,0.9065431259721013,0.0,12,10466,13086.0,2395.0,2898.0,25,26,21,23
1258.9612149146378,293.76764384701823,7.617365125684672e-06,0.9198600352915445,0.9119443651129698,0.9215268597199324,0.913314463331632,0.0,9,13225,16987.0,3135.0,3905.0,22,22,19,20
1051.9131195641164,257.8604704529607,7.940272448167065e-06,0.950414528292573,0.9397044752307757,0.9514950563805324,0.9408399204242843,0.002034902572631836,10,14066,17083.0,3275.0,3920.0,23,23,18,20
1402.2385441794875,341.89529289586284,1.010490138228988e-05,0.9352294217797471,0.9258818392066436,0.9363106360601685,0.9267406379064013,0.010081291198730469,8,17103,21941.0,4116.0,5306.0,21,20,16,17
1533.0382862462288,384.70811446255374,1.1566850739924007e-05,0.9361190523143669,0.9247131778963184,0.9370717642629437,0.9253777682674946,0.008027315139770508,7,19354,24808.0,4793.0,6180.0,19,18,15,16
1560.4964952949933,393.20737914076926,1.1804961628673474e-05,0.9381533424534452,0.9262463229674538,0.939068964563491,0.9268088316266769,0.0,7,20122,25854.0,5068.0,6480.0,19,18,15,16
1714.9293484609698,463.8012344813056,1.5537230858018764e-05,0.9455938300223028,0.9290333674471976,0.9462470678153774,0.9294583056555267,0.0,6,24622,31317.0,6531.0,8359.0,17,16,14,13
1485.0215880657347,398.21477953272637,1.5033976118411303e-05,0.9614727510424907,0.9514609534253243,0.9618974584511611,0.9518294660417368,0.0,6,25549,31453.0,6761.0,8425.0,16,15,13,13
1838.752855377224,514.1674414961889,1.7944271106130973e-05,0.9459701167356592,0.9282005397594079,0.9465048699906987,0.92854304700635,0.0,5,27184,34764.0,7365.0,9765.0,15,14,12,12
1820.7935170081607,539.310671134922,2.1043525825604326e-05,0.9551681727648509,0.9353412994909648,0.9555734901393385,0.9356416902878384,0.0,5,30092,37962.0,8489.0,11188.0,14,13,12,11
1747.0499542237455,514.3545428444089,2.033943856771523e-05,0.9601897465041104,0.9432493990296618,0.9605965803998998,0.9436616074470746,0.008018255233764648,6,30398,37708.0,8548.0,10980.0,15,14,11,12
1872.6793917183652,638.5882949261337,3.318068563759543e-05,0.9640922121838744,0.9369115680247941,0.9643583620375111,0.9370916177601638,0.008013725280761719,4,36178,44419.0,11268.0,14870.0,12,11,9,9
190.92221365432223,38.45099695283162,8.524751009988754e-06,-2.91792054916532,-2.2418468847429116,-2.7603877541088013,-1.2359293464348307,0.0,4,327,352.0,121.0,121.0,8,9,5,4
801.0456317630517,161.6774695703352,1.1326722226050706e-05,-53.964943004275206,-49.44794148855635,-51.72346446593947,-32.37470033748401,0.0,4,366,1213.0,117.0,246.0,9,46,3,42
544.8033188683784,110.22344729381918,1.3350458633023267e-05,-45.07773287219557,-36.64441597869776,-43.46442621722124,-25.322656360199726,0.0020143985748291016,4,291,787.0,94.0,159.0,8,48,6,43
826.2383761159165,167.28341096275307,8.250464674935561e-06,-37.09971615448676,-34.037461959829585,-36.42884969436056,-26.247589195408544,0.008020162582397461,4,466,1234.0,136.0,250.0,10,47,5,43
1559.7562075796761,318.92555623008116,6.106056810903666e-06,-38.2520561881377,-32.733420564541376,-37.59566407607438,-27.008368465352625,0.0,4,779,3099.0,237.0,640.0,10,38,4,34
1341.74579994374,273.2351322579145,5.680096685433181e-06,-35.402357142679264,-30.0436748219206,-34.7314269080035,-25.20821822091996,0.0,4,679,2499.0,192.0,512.0,12,42,4,38
1948.906635248766,398.9657853960245,6.075758463398619e-06,-52.01846297765451,-42.082549976757456,-50.841520634958016,-38.758864293457,0.002013683319091797,4,854,4212.0,214.0,880.0,14,37,5,34
2527.5657261483825,526.6000221547026,7.193939618753157e-06,-74.49811517107338,-62.347888921497855,-71.71079407714282,-58.05934948684652,0.0020360946655273438,4,929,6338.0,233.0,1361.0,17,32,6,29
2314.752439067009,482.5758144236682,5.8904405924722575e-06,-30.2229954276326,-26.632164346007364,-28.662956525730753,-25.276442490096333,0.008039712905883789,4,1267,6167.0,297.0,1312.0,23,33,6,29
2499.302700671396,527.7711980584011,6.351639472399846e-06,-16.814762103249766,-15.668957360589491,-15.939537890422073,-15.03551517362121,0.008043289184570312,4,1744,7625.0,372.0,1650.0,25,30,19,26
2816.4430637330483,607.0780856556538,7.033054289041083e-06,-8.696927148169792,-8.677669660007833,-8.217899962760013,-8.481564535162118,0.0,4,2595,9912.0,560.0,2195.0,28,27,28,24
2587.7082464509017,557.0630855208411,6.38261604112874e-06,-5.481096404710045,-5.474441805023357,-5.15885849450593,-5.333578945674089,0.0,4,3021,9626.0,650.0,2115.0,29,28,26,25
2591.653592544729,560.9354538031389,6.495613466533405e-06,-2.6983750258272234,-2.751355040546071,-2.5335109753362928,-2.675106494149515,0.0,4,3893,10713.0,832.0,2375.0,32,28,32,25
910.8733840875364,203.99870407521664,5.485036785981144e-06,0.9044327643509089,0.8965758434044183,0.9076431971732422,0.9006089801617166,0.0,13,8253,9858.0,1826.0,2122.0,27,28,24,25
1152.4168058398066,254.1566136650056,5.984858204786758e-06,0.8672094251561631,0.8620095495852639,0.870589241231281,0.8663395318952087,0.0020253658294677734,11,8882,11452.0,1994.0,2504.0,24,26,21,22
1146.1787479369098,253.26071327564583,6.2739196879902655e-06,0.8831625793211506,0.8808566318340626,0.8858999319288297,0.8840778215768581,0.010045528411865234,10,9570,12172.0,2155.0,2675.0,24,25,21,21
1081.5517254535082,242.31201447627512,6.348006644772574e-06,0.9053782546822845,0.9007538109409122,0.9077818792930981,0.9035782652853057,0.008014917373657227,11,10026,12395.0,2269.0,2729.0,24,25,21,22
1089.6814162354467,258.09591240467176,9.7393687501635e-06,0.9162579519735523,0.9005443520681137,0.9181401063665876,0.9032012933167407,0.0,10,10929,13601.0,2466.0,3028.0,23,24,19,21
1190.2214310560262,275.0084713979905,7.504228905120478e-06,0.917393694174439,0.909364281340223,0.9189970372381133,0.9114285271488036,0.0,9,12253,15414.0,2797.0,3491.0,22,22,19,19
1215.0178462338183,282.56918523512866,7.667196727344424e-06,0.9219951761110945,0.9145645289811241,0.9236586702684783,0.9163836269604333,0.0,10,12845,16249.0,3065.0,3712.0,22,23,19,20
1369.7243097728128,324.2557196706489,8.56735482556699e-06,0.9095203953014973,0.8978044715908307,0.911157114774776,0.8991653031067074,0.008025646209716797,8,13565,17917.0,3203.0,4161.0,21,21,18,18
1257.6760445230054,301.26126808528113,8.50600260636287e-06,0.9296967661363531,0.9187423023980388,0.9310242705564405,0.9200158177007745,0.010076284408569336,9,14261,18094.0,3390.0,4211.0,21,22,18,19
1421.7510784354124,364.023956437231,1.2185250845743224e-05,0.9535444240781252,0.9436131416324944,0.9541366768080103,0.9442237053559916,0.008013725280761719,7,21469,26717.0,5394.0,6752.0,18,17,15,15
1673.5395157086366,463.72784112914536,1.6633702391326845e-05,0.9535491328272503,0.9386822573154097,0.9540166999670315,0.9391940520189969,0.0,6,26217,33049.0,7120.0,9083.0,16,14,13,12
1692.110114117244,483.61189820465165,1.8653144720746667e-05,0.9595198020491454,0.9446879895524058,0.9599400728881969,0.9451281399612145,0.0,6,28864,36077.0,8093.0,10259.0,15,14,12,12
1730.2400715690171,529.3766940568183,2.1311051878234696e-05,0.9616813038109306,0.9410888762435101,0.9620015195763665,0.9414364319502707,0.0,5,31028,38307.0,8932.0,11317.0,14,13,11,11
1814.371800720569,586.4159235701795,3.256801844278625e-05,0.966419178946295,0.9471154230016193,0.9666488101333376,0.9473099884245199,0.0020170211791992188,4,36463,44467.0,11379.0,14329.0,12,10,9,9
92.33865432923167,18.56267536393035,7.128531632870136e-06,-0.36111223700573825,-0.09909828215707583,-0.31407240177929463,0.22901741732138803,0.0,4,290,293.0,91.0,91.0,7,8,4,4
80.79410560183211,16.852917650464363,6.350829786342224e-06,0.017627670937230833,0.016199134342315236,0.06852561400717405,0.4170114793103862,0.0,4,293,293.0,107.0,86.0,8,7,3,5
791.2984319037498,160.85219017263438,6.138098398964513e-06,-49.290815019686185,-42.78475593230049,-48.360463525999165,-33.21334280272247,0.008025884628295898,4,338,1135.0,109.0,229.0,11,57,4,52
1268.735394004597,258.44218808726515,5.14580564926502e-06,-20.41351131894274,-17.44676257233561,-20.126617093355264,-15.148967785236284,0.00801396369934082,4,821,2334.0,227.0,477.0,12,40,5,36
1662.671579491873,340.08990845559254,5.299266548699632e-06,-60.029711057313705,-49.11218923850785,-58.35126411435958,-41.263417572258035,0.0,4,661,3337.0,192.0,690.0,12,41,4,37
1638.199837728393,335.17524955859534,4.647594053145092e-06,-27.391907644281964,-22.86763049032924,-26.41575016148269,-20.96799504065491,0.0,4,901,3667.0,232.0,758.0,13,39,7,35
1295.1685178320747,263.1007015700769,3.401455759199077e-06,-14.623198775679285,-11.51065200200806,-13.872446138085285,-10.67495333003592,0.0,4,1044,2980.0,240.0,611.0,17,40,6,37
2292.6571601891696,479.78673647778135,5.347471149194597e-06,-17.828766342248358,-15.995058921419385,-16.570571302849114,-15.491169307651703,0.008020162582397461,4,1676,6804.0,366.0,1453.0,24,32,18,29
2070.163603136235,429.3519341208717,4.616798378247833e-06,-9.272411579875047,-7.8121535283792465,-8.649789456478043,-7.578781188074986,0.008016824722290039,4,1968,6490.0,434.0,1376.0,26,33,26,29
2444.87981342301,523.2785169008947,5.576261370268856e-06,-5.695224570191111,-5.671259990546985,-5.3191469012956025,-5.518354875635284,0.008023262023925781,4,2835,8923.0,603.0,1941.0,32,30,27,27
2460.528210144453,530.3208246743977,6.278157144301389e-06,-2.5555561131615785,-2.6055502039210165,-2.405549959107005,-2.5379829812252503,0.008026599884033203,4,3717,10168.0,816.0,2243.0,30,28,26,25
274.4497209884706,66.32231412314675,1.8270307441394982e-06,0.9708908306905251,0.9565234824512526,0.9757291689403746,0.968873152615873,0.0,23,4455,4322.0,978.0,915.0,30,29,30,24
735.9953173375882,160.793567746261,3.051696606578269e-06,0.862281140310199,0.846633173947247,0.8713446813098766,0.867771255860243,0.0,16,5414,6052.0,1190.0,1262.0,26,29,24,26
850.0588074895031,190.22051739519384,3.882759248498568e-06,0.8356183650793139,0.811049772145366,0.8445703833095265,0.8300037169060214,0.008016586303710938,16,5625,6888.0,1240.0,1449.0,29,31,22,27
885.1236544805083,194.80744816475863,4.518916690917824e-06,0.8853224677174065,0.8775938310094173,0.8898370094982151,0.8851401502294175,0.008018970489501953,14,7165,8505.0,1583.0,1812.0,27,29,21,25
944.2699440693468,216.92764294281923,5.244070257165572e-06,0.9050091725851063,0.8890156507533173,0.907717290379611,0.8939637928557306,0.0,12,8648,10223.0,1901.0,2210.0,25,27,21,23
1124.8241788534478,250.64636442605746,6.216375849886882e-06,0.9018864502564912,0.8979294314380957,0.9041045773770563,0.9004768951590689,0.002026796340942383,10,10350,13015.0,2393.0,2886.0,23,24,19,21
1140.4965132359225,269.2064855610501,7.766651950673351e-06,0.9307734085332455,0.9216365636790336,0.9321716578453978,0.9228668585575668,0.008014917373657227,9,12923,16008.0,3066.0,3644.0,22,23,18,20
1558.3244310021146,389.13232677578395,1.093584861825059e-05,0.9211860316478013,0.9054766808876399,0.9223964069915754,0.906343369781857,0.0,7,17298,22890.0,4171.0,5599.0,19,19,16,16
1538.68017735072,383.3720504056837,1.163361358844404e-05,0.9337965080254825,0.9221075107841666,0.9346949261170129,0.9229541220740152,0.0,7,18970,24553.0,4725.0,6108.0,19,18,16,15
1730.5700081740379,463.695929347689,1.5223194763298101e-05,0.9419858704312672,0.925542500484848,0.9426846193859969,0.9260073655832664,0.002023458480834961,6,23864,30655.0,6183.0,8128.0,17,16,14,13
1806.664459369808,584.9479944832702,3.1859753380116255e-05,0.9665533920161566,0.9473638061553084,0.9667817139615761,0.9475520175449497,0.008030414581298828,4,36389,44296.0,11475.0,14287.0,12,10,9,9
1763.2617296032186,621.6694593324227,3.462139833559059e-05,0.9697084967906798,0.9448024050795726,0.9699026575787087,0.9450574362004163,0.008012771606445312,4,37310,45399.0,11741.0,15357.0,11,10,8,8
449.4375420085272,91.11285355718661,9.86503201410463e-06,-16.514404340342754,-14.474740994081921,-15.947748484191063,-9.306213712564197,0.0,4,381,626.0,133.0,126.0,9,41,4,36
262.46267591792935,53.12897043986454,1.137583718678864e-05,-9.049327384924762,-7.698368221360953,-8.657222803848615,-4.742392725090402,0.0,4,298,368.0,99.0,92.0,8,30,3,5
1368.3614517005367,278.7767363859474,8.84974604987173e-06,-50.070190118664385,-44.014225170622424,-49.21368232397656,-35.27321783807902,0.002016782760620117,4,620,2517.0,182.0,519.0,10,39,5,35
1545.1438343241707,315.21568343490355,7.3927415561972705e-06,-78.03843695468917,-64.4695371319346,-76.94321739514626,-53.92117033668625,0.008241653442382812,4,536,2923.0,160.0,605.0,10,41,7,37
1280.347397518866,260.276315512316,4.83881210156721e-06,-39.583916939176525,-33.549463568049426,-38.7738494270964,-26.986683067753802,0.0,4,627,2277.0,190.0,465.0,11,44,4,40
1667.5141210046768,340.1747712573641,5.438563773193513e-06,-53.123285744095384,-45.45887516795879,-52.114793102629655,-39.19804817681477,0.0,4,699,3323.0,187.0,687.0,12,40,6,36
1872.6578927645417,382.68967247192165,5.226285139468163e-06,-54.67348983193122,-44.68983385465329,-52.69417718683339,-41.360072333706896,0.0,4,791,4117.0,209.0,857.0,13,39,9,35
1788.4456647696438,367.4046219769153,4.5758841365565554e-06,-21.755352785976633,-18.74879858917243,-20.754440214291336,-17.795605774880737,0.0,4,1136,4332.0,255.0,901.0,25,38,15,34
2068.7561958618194,429.42112197701687,4.818269965205667e-06,-18.89441341336759,-16.61447368770182,-17.388690604820223,-15.897938053589229,0.0,4,1444,5890.0,320.0,1244.0,27,35,23,31
2699.080929609806,572.5728301564207,6.575760831871995e-06,-14.944854359413972,-13.985016179974766,-14.064020037847834,-13.585191281248791,0.0,4,2037,8680.0,459.0,1897.0,28,29,28,26
2954.700719827644,637.49286760716,7.816804587320772e-06,-12.610043879052302,-12.097392149823554,-11.849306987776348,-11.799511498165247,0.010077238082885742,4,2396,10068.0,490.0,2241.0,29,27,26,24
2445.5061017609423,521.1306717929135,5.9690863924475535e-06,-7.260669667622615,-7.258508494560202,-6.760283243716207,-7.048494985610981,0.008030176162719727,4,2608,8556.0,570.0,1860.0,35,31,33,28
2794.6517355328315,603.303026402708,6.834759934935367e-06,-5.310809600731217,-5.299362567240707,-4.995568101249109,-5.156963508135852,0.0,4,3182,10519.0,701.0,2339.0,35,28,29,25
454.1133312809246,104.17818446127318,2.2427414270601327e-06,0.9492253965611145,0.9368177355338818,0.9522225694401173,0.9445900696000844,0.0,15,5446,5502.0,1146.0,1140.0,27,27,23,24
904.8564064419668,209.05582318917195,7.814172015292938e-06,0.900197716480922,0.8829813021302412,0.9039064722889444,0.8896728668836675,0.0,14,7922,9468.0,1790.0,2035.0,26,28,21,25
1227.9563283946397,286.49828388084046,7.486253062652737e-06,0.9126286099682779,0.9023638740557708,0.9146242686075917,0.9040851633451339,0.008020639419555664,10,12309,15606.0,2900.0,3548.0,23,24,20,21
1253.670917438372,290.0763067474897,8.791658024022308e-06,0.9316285130960096,0.9274748232596628,0.9328982399494773,0.928704758772371,0.008030414581298828,9,14588,18373.0,3527.0,4277.0,21,21,18,18
1243.9760939110615,300.79598106062224,9.392493311947767e-06,0.9368992162772589,0.9267169157455206,0.9383381631800158,0.927693748161776,0.00801229476928711,10,15103,18924.0,3580.0,4445.0,22,23,19,20
1378.691860899972,353.5780700395646,1.1032889400860947e-05,0.9442785741169937,0.929380134204695,0.9450716837343077,0.9300712349344495,0.0,7,18357,23341.0,4481.0,5738.0,19,18,16,16
1634.0737996784903,415.654077121778,1.273814763618909e-05,0.9313075021772452,0.9167187680127362,0.9322544339117675,0.9175179552142567,0.003993034362792969,7,19928,25990.0,5024.0,6617.0,18,17,15,15
1718.3741336385085,503.2217152874487,1.853964635119725e-05,0.9548123412222387,0.9334796379830758,0.9552385262050662,0.9338314905843025,0.003998517990112305,5,27764,34929.0,7554.0,9840.0,15,14,12,12
1772.6964919668508,524.7539674131006,1.949798486787169e-05,0.9536189805990762,0.9316495174410006,0.9540609147199598,0.93196251246223,0.0039937496185302734,5,28458,35846.0,8020.0,10227.0,15,14,12,12
1692.3980643847751,559.5020107202475,3.4141975564877766e-05,0.9724941576544389,0.9560833500289131,0.9726632316066247,0.9563514114339844,0.003991127014160156,4,37642,45196.0,12176.0,14996.0,11,10,8,8
300.27270591358564,61.13296642020027,1.0100308743976663e-05,-8.247097002712662,-6.847572662456673,-7.959879710068373,-4.62109693918718,0.003980398178100586,4,329,437.0,115.0,115.0,7,29,5,4
55.62851112514158,11.57088659812491,5.323911205362996e-06,0.6263000670569092,0.6064844743395977,0.6422625092699257,0.7458475045479712,0.003999233245849609,4,315,307.0,102.0,102.0,9,6,5,4
1014.7052579033316,205.56796321411565,1.0258153288799928e-05,-43.394573195568604,-36.56910934581279,-42.4136989021365,-28.729150005580475,0.0,4,503,1689.0,151.0,345.0,9,41,5,37
1343.3293721509008,273.8186747953227,8.807939888924155e-06,-84.061709593524,-67.94704003715042,-82.31316253672632,-51.6559437506328,0.0039997100830078125,4,468,2400.0,161.0,494.0,8,42,4,39
1551.5155896735296,317.8179182592867,8.12145215947235e-06,-72.20961429703836,-60.67529702159835,-71.25060872892898,-51.525025897451506,0.003999948501586914,4,559,2982.0,178.0,617.0,11,40,6,36
1148.2313255974743,233.33253720102275,5.634388198407047e-06,-21.87538248617462,-19.057301209666264,-21.552798266049006,-15.708146949112574,0.00399017333984375,4,736,2031.0,223.0,414.0,11,41,6,36
1777.9463515996952,363.4808855588787,8.027049410568112e-06,-76.44679838375257,-64.96787356648467,-75.2394839037424,-53.63036054535077,0.003998756408691406,4,632,3567.0,179.0,743.0,10,38,4,35
1893.2234471486279,391.0518534457206,6.351935777931894e-06,-36.878107423384535,-31.57405349473887,-36.057495574831364,-28.71576142657494,0.003999948501586914,4,934,4294.0,232.0,898.0,15,35,6,31
2556.3173014775243,538.9027335707252,6.86416244330586e-06,-39.26470476865814,-35.559807130723925,-36.416758528081324,-34.1808072056073,0.004000186920166016,4,1312,7151.0,286.0,1544.0,23,32,25,28
852.9385951279397,192.39203236529067,6.911304925630741e-06,0.8791084898474884,0.8612469206294814,0.8845896753901004,0.8708745178189274,0.003997087478637695,15,6703,8037.0,1509.0,1706.0,28,30,25,26
1251.1449201076232,285.02929673982635,1.0534821530132765e-05,0.8835335908819879,0.8742762932723557,0.8861233409380647,0.8770174424990981,0.004022121429443359,10,10732,13899.0,2415.0,3115.0,23,24,19,21
1211.7570576095964,278.5980378011781,7.565712404279746e-06,0.9081359390686315,0.9002708685848673,0.9101329630613277,0.902412596293403,0.003718852996826172,10,11693,14948.0,2729.0,3378.0,23,23,20,20
1290.6556643644517,309.3755497275613,9.169866277641339e-06,0.9297202519746943,0.9203385564863145,0.9310147690629494,0.9216114522989955,0.0039899349212646484,9,14859,18828.0,3626.0,4411.0,21,21,17,18
1456.8273300447165,344.57435936301874,1.0056072446821288e-05,0.9207676720428648,0.9147103845297067,0.9221495962565293,0.9156336217730796,0.0039997100830078125,8,15881,20810.0,4008.0,4969.0,21,20,17,18
1257.291459931782,316.0699048985978,9.927734791245082e-06,0.9466683755757807,0.9343156633539864,0.9476173049689807,0.9349545999712081,0.0039997100830078125,8,17032,21186.0,4133.0,5079.0,21,20,17,18
1445.547124493157,368.7958667126678,1.1421001434070088e-05,0.9395320844515795,0.9246525439104436,0.9404227981840202,0.925586155908753,0.004011869430541992,8,18435,23687.0,4534.0,5864.0,19,19,16,16
1599.9954354988083,404.8019347569608,1.2925409524276323e-05,0.93813232818451,0.9273179221130715,0.93890276135382,0.9277910022572,0.004002571105957031,6,20901,26975.0,5361.0,6884.0,17,17,14,14
1616.815789715186,411.74188878315914,1.3424649107507984e-05,0.9399759470490433,0.9292399992598175,0.940719797876804,0.9296865969540012,0.003999948501586914,6,21726,27779.0,5531.0,7201.0,18,17,15,14
1765.5929941672944,478.91033113011656,1.6981696271307343e-05,0.9465910327472288,0.932323408144346,0.9471025128380891,0.9326677640037643,0.003999471664428711,5,25931,33159.0,7093.0,9152.0,15,14,12,12
388.86893946847096,78.8347427640039,1.0419584677896899e-05,-18.20396037071758,-14.535374187485003,-17.741949688971673,-10.809175074595109,0.003997087478637695,4,308,517.0,109.0,109.0,9,45,5,4
268.05411844750057,54.86745392306809,8.417839403418358e-06,-14.829333191565173,-14.720095394209379,-13.991280120097343,-8.135887001556254,0.003999948501586914,4,243,343.0,90.0,69.0,7,42,3,4
378.58160447914,76.63223864666881,8.524628083170382e-06,-12.905720222955706,-11.932947964446969,-12.402189146169718,-7.639371080266189,0.003999948501586914,4,345,508.0,110.0,104.0,8,41,3,4
742.3661285039883,150.57203425603308,9.991987541014829e-06,-42.08039655289405,-33.7731186081205,-41.184820793845724,-25.398068925634895,0.003999948501586914,4,378,1117.0,128.0,226.0,8,46,5,41
592.1472666631728,120.56974122888379,7.438803272167996e-06,-11.611911769444372,-10.792733679509551,-11.36830626619733,-7.948792399273838,0.004000186920166016,4,528,887.0,159.0,179.0,11,41,6,36
298.67445000088867,60.22950896363011,1.0915009769777221e-05,-12.521423349423378,-11.072713826171487,-11.813606401649364,-6.696295888674446,0.0040018558502197266,4,298,404.0,99.0,87.0,8,35,3,5
940.4410755952052,191.39147817148668,5.6350757941699035e-06,-20.861584575817982,-17.608728198424743,-20.513488536584152,-14.006728079417114,0.003998994827270508,4,653,1556.0,191.0,316.0,12,41,4,37
1323.0052398170362,268.2778604668426,7.837634101894554e-06,-71.88257519459016,-58.538341273385385,-70.63238593746499,-47.057310079488445,0.0039997100830078125,4,484,2318.0,163.0,476.0,9,44,5,40
1357.1227568217007,275.2545602104835,5.211526868551761e-06,-40.64420939406503,-35.386764458736835,-39.9074686578211,-29.305902892071288,0.003999233245849609,4,639,2492.0,190.0,510.0,13,43,3,39
2520.710452927904,531.5897051141353,8.360102264191293e-06,-32.64142485246944,-30.947001534477685,-31.78785538764513,-29.096473779127372,0.0,4,1234,6870.0,311.0,1488.0,18,29,7,26
2195.029244774809,453.597299833968,5.889503015353863e-06,-35.03670035910274,-27.97805409079081,-33.66759727738392,-26.16160613637356,0.004000425338745117,4,1165,5472.0,287.0,1158.0,16,33,5,30
2237.867339492372,465.657577160156,5.551064786397857e-06,-26.61999943187558,-22.31009967073867,-24.9638747311752,-21.316224329858777,0.004011869430541992,4,1350,6155.0,326.0,1310.0,21,32,11,29
2530.185679533553,530.0710054637334,6.498448968997534e-06,-29.198303527014144,-25.141744495891107,-27.297559341016633,-24.298205773923307,0.003999948501586914,4,1394,7271.0,317.0,1569.0,24,31,12,28
2323.119793062051,487.9621847541057,5.609116650689944e-06,-10.857740987781604,-9.723473606501841,-10.15024998053929,-9.439713566974488,0.004000186920166016,4,2056,7473.0,467.0,1604.0,29,31,24,27
665.9105205870917,147.65726079900938,3.4583121384961e-06,0.8949302706683653,0.8777004945367425,0.9015289271647438,0.8929021170837788,0.003999948501586914,16,5524,6177.0,1180.0,1289.0,25,29,22,26
692.0033066905014,155.96315552832644,4.334754092925324e-06,0.9159068539871731,0.9029701422330191,0.9198207489026833,0.9113062911524326,0.0,15,6520,7127.0,1424.0,1499.0,26,29,25,25
741.3352739294772,164.249349579258,3.982161741157502e-06,0.9112424419095821,0.9021249992156389,0.9147317512338905,0.908342435587247,0.0,14,6822,7701.0,1499.0,1627.0,28,29,22,25
989.0320357885745,219.59900759778273,5.201493554110402e-06,0.8706743041279584,0.8591180607045914,0.87501550243522,0.8670467862982798,0.003999948501586914,13,7597,9408.0,1685.0,2025.0,26,28,22,24
1338.6762117853593,310.2635887523615,8.280053129663551e-06,0.9081412914619341,0.9003515417080641,0.9099443370860391,0.90195027411871,0.003991603851318359,9,13136,17254.0,3147.0,3993.0,23,22,19,19
1323.4553712026777,317.5041766243604,9.529529198494302e-06,0.9269078094475309,0.9165079688338221,0.9281495927904262,0.9176340721740769,0.003998756408691406,8,14870,19202.0,3506.0,4528.0,21,20,17,18
1268.686225640696,307.3930001183162,9.250347472521547e-06,0.9373194652855498,0.9276838390567399,0.9383119100644086,0.9286750781421694,0.0,8,15554,19622.0,3728.0,4626.0,19,20,17,17
1613.110596912791,423.11372396113,1.3794789556669011e-05,0.9413434314316382,0.9264288062361065,0.9420492214094984,0.9268762177138897,0.003999948501586914,6,21706,27983.0,5562.0,7284.0,17,16,14,14
1590.517489051511,416.2881699322381,1.5062322453827619e-05,0.951873093056852,0.9423312628087052,0.9523770580632255,0.9429138498507849,0.003997325897216797,6,24305,30677.0,6428.0,8166.0,16,15,13,13
1780.1629700676285,521.3793345792637,1.962071878631502e-05,0.9517068628770223,0.9298678829598364,0.9521844304951204,0.9301543493214738,0.004003286361694336,5,28133,35619.0,7720.0,10212.0,15,14,12,12
1689.2479640983813,510.9325941740982,2.140289578555673e-05,0.9623037114474507,0.943797939373597,0.9626091150429544,0.9441701175516868,0.003998994827270508,5,30517,37776.0,8719.0,11066.0,14,12,11,11
1701.6365095185033,530.1929539526649,2.2444152393910896e-05,0.9636051770939802,0.9429710184119697,0.9638984182005867,0.943347811385042,0.0,5,31365,39016.0,9178.0,11622.0,14,12,11,10
1874.674677332932,601.5172569566618,2.7587908588731198e-05,0.959197035812446,0.9347366898097418,0.9594882205490077,0.9349758271720149,0.0,4,33377,41908.0,9896.0,13220.0,13,11,10,9
1793.4187702309425,611.2200401655692,3.1317406856691836e-05,0.966125827874777,0.9402786415864677,0.9663565436910789,0.9405034948766,0.003998994827270508,4,35637,43513.0,10975.0,14289.0,12,10,9,9
463.5431254658693,94.8943491468275,8.066102241904838e-06,-11.77802442190474,-10.699803714494887,-11.404675263808414,-7.264803669396381,0.004012107849121094,4,445,651.0,137.0,135.0,9,40,3,4
960.7349996660544,194.69096773262663,8.520159659684744e-06,-43.139261963945025,-36.36761216935762,-42.18259104444083,-27.895920531829162,0.004000186920166016,4,484,1522.0,166.0,309.0,9,45,5,40
1243.6345591316874,253.45056224044956,7.648563149982937e-06,-56.39324325819588,-46.09351342269921,-55.25148353935597,-36.20082516884417,0.004000425338745117,4,543,2201.0,182.0,452.0,9,41,5,37
1278.8589600043208,260.6624573402673,7.191385668190279e-06,-33.119923700747194,-29.103255772631847,-32.58476995105442,-24.14412250519914,0.0,4,715,2321.0,200.0,476.0,12,40,5,36
1724.8309880970946,355.17865223011364,6.231028983909188e-06,-31.272976376829995,-28.68135127418234,-30.69779366843809,-25.193768716508835,0.003999948501586914,4,872,3768.0,224.0,784.0,10,36,7,33
1855.936370811241,380.7578107099927,5.787227337700894e-06,-49.60549378718827,-43.60508479267071,-48.528990466795186,-38.914769879736404,0.0,4,815,3984.0,216.0,830.0,13,38,6,34
1731.839947618332,354.1679509780635,5.304111736284288e-06,-30.147217965330654,-24.366134432998486,-29.291490706476264,-22.460321623383,0.003998517990112305,4,951,3859.0,244.0,801.0,18,37,5,33
1824.8470084274645,375.3278566799965,5.006091330410269e-06,-23.437109285181965,-19.96340170199745,-22.426041758939178,-18.701555785306734,0.0039997100830078125,4,1130,4515.0,264.0,944.0,17,35,8,32
1779.4695926736147,367.8485591925025,4.531339603276473e-06,-16.460006458328085,-14.659587369611335,-15.70254770731129,-13.982809569616403,0.004000663757324219,4,1280,4592.0,282.0,958.0,24,36,23,32
2585.6580501070384,544.6740998064806,6.293811863356753e-06,-52.04095532296584,-45.61391551360101,-46.39620126407914,-43.3263865962441,0.003999948501586914,4,1247,7223.0,279.0,1559.0,27,32,17,29
2517.153435265055,531.4699740656412,5.916111846972686e-06,-13.073543471592881,-11.973481723217922,-12.136309138891546,-11.61515715566415,0.004000425338745117,4,2041,8192.0,457.0,1778.0,35,30,19,27
2557.1255081797085,549.1132434814031,6.683868134709709e-06,-3.4348509594730885,-3.3508558632118923,-3.2415059274296443,-3.2691764253417954,0.004001140594482422,4,3470,10205.0,739.0,2256.0,31,28,27,25
2180.7408646489844,463.71379014071454,5.767786842739712e-06,-1.5044924163551117,-1.3927784296012167,-1.4068522715187224,-1.355450444177325,0.004000186920166016,4,3910,9555.0,860.0,2088.0,30,28,28,25
415.0599988333963,92.62083146383772,2.297529410854689e-06,0.9320820423176066,0.9119936950882949,0.9439793201776591,0.9381237695363847,0.0,24,4341,4428.0,967.0,930.0,30,31,28,25
646.9748927931917,149.47587000678644,3.826262147636206e-06,0.9150953718979596,0.8947746629161929,0.9195061117744654,0.9042374587856736,0.003989696502685547,16,5940,6643.0,1308.0,1392.0,28,30,24,26
782.6993741819573,180.2895818768609,4.538563229527467e-06,0.9098358887449167,0.8918224214219558,0.9131252868141642,0.8988830167612935,0.0037262439727783203,13,7325,8205.0,1603.0,1743.0,26,28,22,24
882.1890028682114,196.28541850387506,4.6586831959710344e-06,0.8968709718522268,0.8885548395876917,0.9002467186441252,0.89349828826087,0.003997325897216797,13,7712,8951.0,1688.0,1912.0,27,28,21,25
988.7485131327492,233.14632982552203,6.797519143056438e-06,0.9172386560241292,0.9012981933173131,0.9191254941043191,0.9041745649507074,0.004011869430541992,10,9886,11961.0,2165.0,2630.0,24,24,19,21
1069.6772221331823,244.02196438256044,6.6345287144992585e-06,0.9071532925643493,0.8973996818263444,0.9094556278704493,0.9002967939089128,0.0,11,10115,12548.0,2229.0,2776.0,24,25,19,22
1107.548087744576,264.7412993009507,7.761626112063897e-06,0.9284249069215879,0.9146917185910384,0.9300044646814439,0.9162905986328828,0.0,10,12193,15061.0,2806.0,3408.0,23,24,19,21
1529.7974706068999,375.1844564265503,1.1522781460182923e-05,0.9274755184308887,0.9174114475103752,0.9285433381915379,0.918167224517075,0.0039997100830078125,7,18013,23451.0,4460.0,5811.0,19,18,16,16
1492.9254495283622,385.058897882791,1.2714051495318427e-05,0.9442962474072645,0.9310232942111001,0.9450525181219028,0.9315981770709068,0.003999948501586914,7,20344,25874.0,5133.0,6584.0,18,18,15,15
1463.4631044425125,377.2391073126188,1.3044527128294384e-05,0.9518873765930694,0.9416219321172226,0.9525054702750089,0.9422465228441561,0.003999948501586914,7,21863,27377.0,5636.0,6976.0,17,17,15,15
1560.736814538351,421.68921953535926,1.4620334355929793e-05,0.9516799485882251,0.9367650144379553,0.9522539755249982,0.9371349032825045,0.004281282424926758,6,23601,29820.0,6319.0,7862.0,17,16,14,14
1706.2984916342134,451.7386859961541,1.5993155490531374e-05,0.9445452551677179,0.9321036043286517,0.9452023509376363,0.9324750162885914,0.003990650177001953,6,24200,31150.0,6542.0,8347.0,17,16,14,14
1850.555367564303,534.5602225932522,1.8621215087430112e-05,0.9424364937948086,0.9172304143520731,0.9430049837331131,0.9175866875046844,0.004002571105957031,5,26402,34106.0,7103.0,9612.0,15,14,13,12
1750.0315876848442,546.6686285801337,2.2186474028530588e-05,0.9595939753124014,0.9361556069840317,0.9599438040978558,0.9365075926401748,0.004009246826171875,5,30631,38151.0,8820.0,11371.0,14,13,11,11
1633.1877998177931,510.3892632099543,2.2620893320788307e-05,0.966894204116059,0.947839492713602,0.9671664480667614,0.9481468963833541,0.004004001617431641,5,31791,39060.0,9270.0,11614.0,14,12,11,10
1981.2302601540287,652.4950271202583,3.1830595138207154e-05,0.9565228601948654,0.9274174693220237,0.9568514247284025,0.9276362664291035,0.003999948501586914,4,34413,43316.0,10424.0,14231.0,13,11,10,9
208.7246741124138,42.522053101890556,9.058017922667321e-06,-2.878491548067198,-2.25968005070363,-2.7373448911638656,-1.2663902988363174,0.00400996208190918,4,388,397.0,127.0,127.0,8,10,5,4
233.22619564134158,47.31157804033455,8.613260371081085e-06,-8.467954594779217,-8.022719767663098,-8.108871665208724,-5.167653636672575,0.004000186920166016,4,266,319.0,79.0,82.0,8,29,4,5
454.8068042220418,92.10422085876412,9.434567013518144e-06,-13.177445771296306,-10.298495187365626,-12.86634649897014,-7.668835119093684,0.0039899349212646484,4,400,656.0,132.0,135.0,9,37,5,5
59.10671845625222,12.502499750049987,5.0072619114970354e-06,0.5581108720223539,0.5363503995447751,0.5713876344822638,0.6876542241092389,0.004000186920166016,4,294,304.0,102.0,102.0,9,7,5,4
759.9915980895228,154.019749815838,6.522920118579223e-06,-15.873529328564093,-12.889612310432213,-15.546756263051076,-9.896700160977678,0.003997325897216797,4,597,1209.0,186.0,244.0,9,41,4,36
1684.514791663562,345.9637354550329,7.1890591746294215e-06,-35.45095491712655,-32.03074553143599,-34.979403850533295,-27.960487953951866,0.0039997100830078125,4,840,3462.0,229.0,719.0,11,36,6,33
1768.3564933293287,362.6513620775009,6.4698262771223105e-06,-40.57416327978967,-34.9607823404228,-39.87873133377953,-30.386587531580094,0.0039997100830078125,4,852,3770.0,245.0,785.0,13,36,7,32
1686.38526452785,345.19343912749366,5.928804530799843e-06,-40.01252601403627,-35.52030470256383,-39.17779538211149,-31.414091959632856,0.004002094268798828,4,803,3509.0,212.0,727.0,13,38,7,34
1751.0946308666473,360.0255777950598,5.3913378742210564e-06,-37.24681408851508,-32.94568909477316,-36.21690034105485,-29.348937830784614,0.003998756408691406,4,855,3869.0,220.0,804.0,13,38,4,34
1964.075856159838,406.19749660725387,6.234219084205448e-06,-26.768157327557297,-22.180582583058587,-26.026354487230158,-20.691419822678363,0.003999948501586914,4,1098,4777.0,282.0,1003.0,11,34,5,30
2600.090955941093,548.9145159615779,6.275558740472483e-06,-20.867264945147745,-19.174633160124383,-19.219336249046584,-18.5308417498087,0.003998756408691406,4,1746,8024.0,380.0,1741.0,33,31,24,28
2584.94425310618,551.2027852040179,6.754566090706011e-06,-9.327465042939435,-8.742328537398341,-8.821390216102815,-8.5132338574866,0.0040018558502197266,4,2339,8851.0,519.0,1938.0,28,28,24,25
527.6231658373285,117.59426115423429,2.8289780049081754e-06,0.8859892112467861,0.8497452864196161,0.9043797206559097,0.8943458137890967,0.0040013790130615234,22,4397,4500.0,948.0,948.0,28,30,23,22
645.0164652986225,141.0595080458123,3.3530228902624868e-06,0.8750665350936424,0.8557273921752395,0.8884920364772078,0.8832865154921143,0.003998517990112305,21,5062,5294.0,1110.0,1098.0,29,32,25,29
835.5599361965269,184.55764209540052,4.300378954977808e-06,0.8836909824592066,0.8731807825686944,0.8882835613265739,0.8820372677080579,0.004002094268798828,14,6654,7849.0,1467.0,1664.0,26,28,21,25
896.5871306006019,202.17489867728983,5.158634250656927e-06,0.893820619796293,0.880922142777803,0.8974303972059668,0.887677444547671,0.004001140594482422,13,7536,9250.0,1651.0,1986.0,27,27,23,24
1161.1252109723375,265.41200676181427,7.182997946807253e-06,0.894351638238879,0.8851554035630169,0.8966982585908033,0.887930712191005,0.003999948501586914,10,10359,13119.0,2398.0,2919.0,23,24,19,21
1156.5958815996767,260.09585839754453,7.325026143599679e-06,0.903090248385158,0.8989737144239159,0.9052330906215703,0.9018822819456379,0.004001140594482422,10,10663,13623.0,2451.0,3041.0,22,24,18,21
1323.1381217130865,314.83532617655163,9.007070508403119e-06,0.9155478550217165,0.903588162094614,0.9169636301732619,0.905015968594609,0.0039997100830078125,8,13520,17848.0,3211.0,4164.0,20,21,17,18
1296.9146120194519,310.2953361753507,9.056400769262113e-06,0.9256632847068071,0.915561928391152,0.9268712986791777,0.9166831613421861,0.0039997100830078125,8,14540,18540.0,3439.0,4358.0,21,21,16,18
1434.9809535169873,340.743480590924,9.666542825152766e-06,0.9129864527512168,0.9035220488551017,0.9144710768041473,0.9047293778219881,0.004002809524536133,8,14745,19559.0,3527.0,4644.0,20,20,17,18
1371.304817765112,341.58559751562643,1.1689649214719011e-05,0.9469920876615708,0.9382357216843521,0.9476791330401337,0.9389826083972748,0.004000425338745117,7,18956,23962.0,4791.0,5942.0,19,18,15,15
1602.6744204211723,412.2432276258814,1.3736663389031727e-05,0.9397796039635425,0.9272463669546877,0.9404546280691211,0.9278677682007209,0.004000663757324219,6,21459,27529.0,5438.0,7092.0,17,16,13,14
1787.330087148295,476.9612812690221,1.5524083785425838e-05,0.9326424186300803,0.914497621181026,0.9334400704388777,0.91503037538437,0.003999948501586914,6,22823,29908.0,5947.0,7935.0,17,16,14,14
1582.0085704639139,431.18267590430855,1.5215708699472904e-05,0.9509549098453334,0.9347507793539813,0.9515131596293783,0.9352070152815823,0.004001140594482422,6,23849,30068.0,6315.0,7990.0,17,16,13,13
1730.1760604054143,500.1340662367705,1.9930280873185865e-05,0.9550516546753937,0.9372300615452279,0.955463992447618,0.9375465375330596,0.004000425338745117,5,28307,35641.0,7895.0,10209.0,14,13,11,11
1682.5676712753793,486.95900616397944,1.963044061167399e-05,0.9590371496544935,0.9433991203950179,0.9593986378861044,0.9437064493629108,0.003998756408691406,5,29001,36238.0,8231.0,10421.0,14,13,11,11
1654.4562153230447,543.8603535932053,2.533604243851258e-05,0.968872922059136,0.9474030544460806,0.9691248794866589,0.9477198114826989,0.0026886463165283203,5,33612,41063.0,10150.0,12842.0,13,12,10,10
1857.0374227740629,609.9162083843977,3.007362605681232e-05,0.9618998645675855,0.9372412955791577,0.9621631173633806,0.9374660722657268,0.003999948501586914,4,34473,42826.0,10445.0,14075.0,12,11,10,9
1753.7742722245262,619.2541128244527,3.4691705555916104e-05,0.9691493765393933,0.9434027812880177,0.9693486417211485,0.9436584085830909,0.003998756408691406,4,36649,44856.0,11512.0,15200.0,11,10,9,8
79.42836132851623,16.542558750084584,7.113155042192745e-06,0.022426907817015285,-0.13000231196468603,0.08481877711530561,0.39894298526585525,0.003999233245849609,4,277,298.0,108.0,82.0,7,7,3,5
54.76046323154447,12.08261492117221,6.261079030376229e-06,0.5841612699931913,0.5029789346762181,0.6004340433648346,0.6916241691840241,0.004000663757324219,4,288,295.0,104.0,93.0,9,7,4,4
1195.3645625916806,243.2084154245764,8.338118466169865e-06,-45.40294822695248,-39.16816161126116,-44.66979091132459,-31.679721484982934,0.004001140594482422,4,529,2073.0,176.0,424.0,11,42,4,38
1450.0122161841718,295.9036125441301,7.917239227590983e-06,-59.13789610833212,-56.600035633159195,-58.212587475743724,-45.436933919871564,0.00400233268737793,4,587,2713.0,162.0,560.0,10,40,4,36
1196.6151306219278,241.3277724382339,6.2150322169971185e-06,-45.85877321107641,-38.84611615586156,-45.05093967065798,-30.477438155265876,0.0039997100830078125,4,586,2040.0,160.0,417.0,9,44,3,40
1569.470289487295,319.4534720946594,8.118825047130332e-06,-99.95285281516128,-84.62782655627491,-98.44492857475952,-70.6984890759309,0.003999948501586914,4,506,2931.0,136.0,606.0,13,43,4,39
1189.2016010402385,241.8124919229774,5.786733789910564e-06,-23.91448724830428,-19.444142933868786,-23.518947829453026,-16.360148215044667,0.003999948501586914,4,758,2153.0,224.0,439.0,11,40,6,35
1558.7924112113196,319.2805714936838,4.735962645297242e-06,-19.57847422815819,-17.128692206050108,-19.073668363149952,-15.22351585613697,0.004001140594482422,4,1007,3496.0,278.0,723.0,17,37,4,33
2033.0671231130893,420.95504015670525,6.407219804613819e-06,-26.268529739306878,-22.703806608786042,-25.522756092250802,-20.725362536317487,0.0,4,1216,5043.0,282.0,1062.0,15,33,4,29
2017.7496566926566,418.1384962943897,5.229589900339889e-06,-24.403436748371956,-21.78851431586497,-23.193253905303703,-20.60669520162199,0.003997802734375,4,1242,5259.0,270.0,1107.0,21,35,17,31
2219.0502824969967,463.04074244786136,5.518211098124137e-06,-20.310491500616635,-17.951935800380387,-19.01643977658425,-17.178566307380176,0.004001140594482422,4,1480,6373.0,332.0,1358.0,31,33,19,29
2019.9591502676483,424.5349784371915,5.367812442005539e-06,-8.462066996747723,-7.833240052465323,-7.965938263520368,-7.610410826389629,0.003998279571533203,4,1894,6426.0,406.0,1366.0,28,32,18,28
1874.986641619081,394.5071292131487,4.449623325933322e-06,-8.290873055734055,-7.958792434366741,-7.678114982449596,-7.675459925764155,0.0039997100830078125,4,1910,6005.0,399.0,1268.0,32,34,22,30
2149.2321085099206,448.36088050438417,5.173574223508976e-06,-7.100639099856265,-6.273989562886513,-6.63696452095315,-6.080990497506024,0.0,4,2207,7239.0,490.0,1550.0,25,31,23,28
2522.6795587727743,551.0864742337026,6.935533653789106e-06,-2.5355373008913125,-2.703817011961447,-2.3967967325313397,-2.6424681708432325,0.0,4,3757,10532.0,822.0,2339.0,30,27,25,23
1114.7238739783909,271.01540145550206,9.174074677282904e-06,0.950528160373585,0.9421736957194112,0.9513479424193958,0.9429469622234006,0.004000186920166016,8,15435,18806.0,3703.0,4412.0,20,20,16,18
1412.18938919953,356.1086882532668,1.0941292581306155e-05,0.9320084063929979,0.9151056242800069,0.9330145159148351,0.9159183684153013,0.003998517990112305,7,16982,21940.0,4049.0,5332.0,20,19,16,16
1502.3746722818441,370.3589221050246,1.16219992612044e-05,0.9308793447422883,0.9205843955229862,0.9319008207587292,0.9212600776899512,0.003998756408691406,7,18210,23438.0,4445.0,5810.0,19,19,16,16
1554.1824493995243,389.96820934670467,1.2483411769552047e-05,0.932118505982684,0.9195758010826272,0.9330051706134189,0.9204875196477627,0.00400090217590332,7,19195,24745.0,4686.0,6243.0,18,17,16,15
1516.8044797491975,383.1784485122504,1.2342330036661467e-05,0.9390785914240367,0.9283159879284751,0.9398054207357749,0.9288735042371091,0.00400090217590332,6,19840,25563.0,5086.0,6434.0,17,17,14,14
1630.7961833072095,418.2595269864078,1.3603825031337161e-05,0.9348943301905691,0.9212516735497205,0.9356608141044684,0.9218678881565676,0.004000186920166016,6,20845,26972.0,5304.0,6961.0,17,16,14,14
1671.6102091963191,455.8887508937782,1.4581140716660451e-05,0.9389563027112038,0.9169830288759022,0.9397217115361071,0.9174811269611228,0.003998994827270508,6,22306,28793.0,5636.0,7590.0,17,16,15,14
1657.3789072222633,458.66762418300704,1.655265195304863e-05,0.9496809320026726,0.9324573077549002,0.9501698354317322,0.9328226155245842,0.003999233245849609,5,24878,31630.0,6639.0,8622.0,15,14,13,12
1687.898646869907,516.5065648943364,2.2255898010442252e-05,0.9633232344376174,0.9442982700513279,0.9636145016110754,0.9447284659055794,0.0039997100830078125,5,30871,38436.0,8982.0,11412.0,13,12,10,10
1810.3010454065368,601.0457813261816,3.074461809297739e-05,0.9643698352442872,0.9399826085800789,0.9646097261548943,0.9401967125899007,0.004000663757324219,4,34960,42741.0,10562.0,14191.0,12,11,9,9
1816.9520895811572,605.5093843891549,3.258552373624534e-05,0.9654099662355724,0.9417804214297613,0.9656437157503445,0.9420060199925495,0.003996849060058594,4,35746,43888.0,10986.0,14101.0,12,10,9,9
378.2695109530593,77.18254876157779,1.082832657850267e-05,-17.930825503351084,-16.882264652426272,-17.37074277646635,-11.338329195285642,0.003998517990112305,4,305,512.0,103.0,103.0,8,43,4,39
405.9483623771214,82.70467036389178,9.505880664222204e-06,-9.97963236075905,-9.306083641798043,-9.60787848371187,-5.848015471300995,0.003999233245849609,4,426,590.0,153.0,146.0,8,34,4,4
80.79436345851526,17.170104833692776,8.067053442258242e-06,0.16515498598175682,0.06403281441028563,0.2094837028974088,0.45708502886357893,0.004000663757324219,4,294,315.0,117.0,91.0,8,7,3,5
722.7621280545903,146.61862376019403,6.999716095883289e-06,-26.756922768672055,-22.881228234005878,-26.095881273835175,-16.49613128461189,0.004000425338745117,4,457,1068.0,146.0,216.0,9,45,4,41
835.1257327991597,168.28773103428148,7.597566639051142e-06,-38.08574426241758,-30.725375875943826,-37.154232849954234,-23.571882113588583,0.0,4,431,1252.0,127.0,253.0,10,48,5,43
621.1072605972874,126.12270810603458,5.790829598101176e-06,-13.735188957216863,-10.907041177956,-13.426794312560066,-8.378961472621253,0.004001140594482422,4,493,933.0,169.0,188.0,9,42,5,38
1423.5234711506048,290.8364374237405,8.445797081820269e-06,-45.465114601560224,-38.27911609686204,-44.77755276306969,-31.78512200226873,0.0039975643157958984,4,647,2719.0,200.0,561.0,12,38,5,34
1503.604332789492,306.2453571076629,6.1689193097374396e-06,-29.47059673228352,-25.188355602816436,-29.0680617253595,-22.2500848106693,0.003998517990112305,4,834,2977.0,232.0,614.0,12,38,5,34
1831.3525113514693,380.89960674259913,4.804988199298478e-06,-20.04408089720161,-18.393644695272293,-19.08836798682287,-17.308413582392866,0.00400233268737793,4,1258,4723.0,292.0,989.0,20,35,5,31
2274.086416838639,474.06210036238923,5.892615816858288e-06,-48.83381927404266,-42.10053606270269,-44.7424487136866,-39.88744849186969,0.0039997100830078125,4,1069,5984.0,233.0,1273.0,30,35,12,31
2522.8163598281717,530.882461096616,6.065185700820655e-06,-27.003420325686708,-24.642720121735973,-24.488644054421066,-23.676751374698476,0.0039997100830078125,4,1591,7538.0,354.0,1628.0,33,32,30,29
2766.5869259341916,599.6033584795869,8.312145620844736e-06,-7.492465797047313,-7.467416025284988,-7.16304076057353,-7.3108225172770265,0.003999948501586914,4,2682,9998.0,576.0,2228.0,24,26,23,23
2470.9920747208666,520.6735021424975,5.416809085689531e-06,-8.1822731924483,-7.559402944896918,-7.592681957571449,-7.325702253914372,0.004000425338745117,4,2490,8472.0,524.0,1839.0,40,31,37,28
2603.3992762668327,569.7657687594087,7.565746146465528e-06,-2.498808257171914,-2.658469085619191,-2.37184880563652,-2.604255717147932,0.003999471664428711,4,3975,10999.0,841.0,2461.0,30,26,27,23
765.1547773707836,168.0068025833648,4.516684908721169e-06,0.8824283812224846,0.8705678155190435,0.8887879945980124,0.883729487780897,0.003999233245849609,16,6044,6946.0,1308.0,1460.0,28,30,20,26
1183.8149079411596,266.43666133904037,7.414305075949198e-06,0.9044513500712047,0.9013284466783695,0.90626798245994,0.9036441969585676,0.0040013790130615234,9,11202,14219.0,2565.0,3196.0,22,23,18,20
1358.74956655573,310.5572092542374,7.982317768594162e-06,0.8844383809642811,0.8767876849574398,0.8866536613345685,0.8790811075803877,0.004000663757324219,9,11765,15784.0,2701.0,3614.0,22,22,18,19
1268.2858939117993,303.43497261966303,8.906853978233525e-06,0.9190514519462324,0.9060885474297549,0.9203922411287413,0.907808168265211,0.003998517990112305,8,13367,17245.0,3156.0,4002.0,21,21,17,18
1218.044532649149,286.6764458677842,8.647329857864697e-06,0.9298966958948575,0.922284337678405,0.931165059647882,0.9237425864964022,0.003998517990112305,9,13943,17482.0,3300.0,4048.0,21,21,18,18
1361.0169347859685,327.36829412757737,1.0073945778283845e-05,0.9267659211951333,0.9171229180674247,0.9278452336523919,0.9179803938997342,0.003999948501586914,7,15656,20109.0,3743.0,4794.0,19,19,17,17
1286.427064157875,331.65949632925685,1.0677311239266903e-05,0.9440718155508091,0.9272752876469361,0.9448675459795567,0.9279786744350745,0.0039975643157958984,7,17055,21512.0,4089.0,5194.0,19,19,16,16
1384.40827777426,343.84927305528095,1.135916931663965e-05,0.9395214136145724,0.9286211184033168,0.9403407968027471,0.9294611753887053,0.0039997100830078125,7,17990,22758.0,4346.0,5558.0,19,18,15,16
1409.2678111135797,356.16291427572344,1.2093969096888609e-05,0.9447215974823766,0.9334280242764149,0.9454910737468869,0.9339856090554022,0.003999471664428711,7,19080,24337.0,4808.0,6050.0,19,18,16,16
1405.857894438424,364.2644082802833,1.259960731229394e-05,0.9519011116576789,0.940431976658422,0.952490089374609,0.9411047776724465,0.004000186920166016,7,20766,26089.0,5326.0,6576.0,18,17,14,15
1526.2230637837747,411.894817187024,1.5003716939623463e-05,0.9530037123999224,0.9386421350940746,0.9535137242420542,0.9391060765461815,0.004000425338745117,6,23495,29405.0,6126.0,7810.0,16,15,13,13
1661.3261918688556,503.9940789125874,2.1231132119575023e-05,0.9623671589421902,0.9432810283403982,0.9626949068058787,0.9435747335721932,0.0040013790130615234,5,30271,37501.0,8543.0,11057.0,14,13,11,11
1921.9848003864824,624.1577908803724,2.8425456794393e-05,0.9560089501252604,0.9271543401675606,0.956341772247101,0.9273852475774139,0.00400090217590332,4,32837,41459.0,9752.0,13073.0,13,11,10,10
1886.8101250302498,602.9078063159131,2.9196802496974546e-05,0.9591999549061925,0.9355801622031917,0.9595010446389352,0.9357936019736363,0.004000425338745117,4,33553,42291.0,10158.0,13507.0,13,11,10,9
1653.121696594053,574.1805483324329,3.358856080695574e-05,0.9728278049334711,0.9517765915761905,0.9729986882843672,0.9520141731922805,0.004000186920166016,4,37052,44696.0,11671.0,15109.0,11,10,8,8
143.0351792392347,29.450700331231513,8.180628607855686e-06,-0.7362070090819068,-0.6875450073436784,-0.677805006967469,-0.15183897909425736,0.003999471664428711,4,385,377.0,126.0,113.0,8,8,4,5
339.2162996034634,68.34410484209056,8.44563567164624e-06,-6.299686842756293,-4.758363184930798,-6.052876736613429,-3.0730553574119517,0.004000186920166016,4,442,510.0,149.0,149.0,10,27,5,4
373.6231529451389,75.48785774326005,7.477570315959142e-06,-6.583656641170423,-5.84032666883751,-6.314116563395786,-3.4499237966574645,0.004001140594482422,4,452,574.0,170.0,143.0,10,28,4,5
291.5154548504533,59.50262599247196,6.852325536491447e-06,-6.901221666518163,-5.953926101722656,-6.679170938049274,-3.9701035463828225,0.003999471664428711,4,330,413.0,110.0,107.0,8,30,4,4
1163.0749116028596,235.80348014819458,8.764106523730635e-06,-53.183714287239184,-42.23109967520143,-52.06459212485797,-32.41201159035946,0.0039997100830078125,4,520,1991.0,165.0,407.0,9,42,5,38
1516.4417163764213,311.2841179426495,8.019772223651332e-06,-40.09135662194852,-38.865814175899274,-39.49509107289809,-31.633109739213694,0.0039980411529541016,4,739,2964.0,212.0,613.0,9,38,4,34
1048.1044596476695,212.24190208344817,4.662667891935045e-06,-13.926044218908421,-11.64955511559779,-13.66485960888203,-9.823350304651035,0.003999233245849609,4,839,1954.0,220.0,397.0,11,41,4,36
1909.5460002532889,392.59267748732486,6.377774740615767e-06,-47.991249254107835,-38.727848096486404,-46.96868367221203,-34.122628334782576,0.003998994827270508,4,836,4266.0,224.0,894.0,13,36,5,32
1907.2873188554122,396.3329040507908,5.985336236635535e-06,-21.40882496622279,-20.171218213276433,-20.772410726974964,-18.670856323624545,0.003998517990112305,4,1149,4797.0,286.0,1007.0,22,34,7,30
1941.7834827163404,402.86730135368396,5.29120349992618e-06,-18.326802639878483,-15.943888304190555,-17.371236830163337,-15.069929626364544,0.003999948501586914,4,1396,5193.0,311.0,1091.0,17,34,9,30
2457.013492450404,518.3355573371366,6.765007766410422e-06,-12.005056646759614,-10.587758694032296,-11.313723005299105,-10.289434037702575,0.0,4,2053,7996.0,459.0,1739.0,24,29,24,25
856.4003255762219,187.1494527030705,3.6944534636581194e-06,0.8519133938027502,0.8352761343252608,0.8595185459134275,0.8537112092729556,0.004000186920166016,15,6124,7036.0,1319.0,1483.0,26,28,23,25
1208.6195512981824,277.61769111060346,7.59475172606269e-06,0.8993677629615301,0.8904507493200409,0.9013174656787883,0.8927268256135021,0.003999233245849609,9,11233,14367.0,2551.0,3239.0,23,23,20,20
1236.4981780999294,284.4678072002759,8.392486575763835e-06,0.9131869193505879,0.9070126429533109,0.9150313911932253,0.9089319305672512,0.0,10,12418,15900.0,2962.0,3637.0,22,23,19,20
1470.6468476618152,363.9230835666902,1.2360610991509426e-05,0.9435298639597522,0.9356345709786057,0.9443175528012954,0.936189729318732,0.003998994827270508,7,19927,25361.0,5059.0,6400.0,18,18,16,15
1561.5681527697345,412.29328798702136,1.3715083264223881e-05,0.9409571346130797,0.9242092257291257,0.941628443698753,0.9247973307154235,0.003997325897216797,6,21068,26974.0,5383.0,6962.0,17,16,14,14
1655.6119553834196,438.7759327366716,1.4269587069394014e-05,0.9369256836523948,0.9194415634251866,0.9376458575353391,0.9201189302938663,0.003999948501586914,6,21385,27958.0,5478.0,7239.0,17,16,14,14
1779.6697268993776,510.7820010841993,1.9064309457888208e-05,0.9478099561995457,0.927229700154832,0.9482948576839281,0.9275950353042633,0.003999948501586914,5,26867,34190.0,7308.0,9643.0,15,14,12,12
1787.3926202564921,531.47635487336,2.0586092201670112e-05,0.9526569017311116,0.9293210101419164,0.9531144748759142,0.9296154481837037,0.003999471664428711,5,28571,35882.0,7788.0,10372.0,15,14,13,12
1764.4284721499291,589.3194344609155,3.2047777557246644e-05,0.9676924773877755,0.9456296250611738,0.9679023226962084,0.9458711728115999,0.003998756408691406,4,35834,43972.0,11100.0,14270.0,12,10,9,8
827.7834295575142,167.55021013614595,8.625829160960055e-06,-27.3362267852516,-20.827214162907964,-26.644373651359142,-15.535136878266975,0.004000425338745117,4,520,1325.0,163.0,269.0,8,41,4,37
1104.049407295706,224.2594061572446,9.175154246551205e-06,-36.42182458569046,-30.317226216640197,-35.55011327095902,-22.488065479333837,0.004000663757324219,4,577,1916.0,200.0,392.0,8,39,4,35
173.83085648602975,35.17101079013795,9.279593358544946e-06,-2.767782794968493,-2.0124053519500364,-2.604321615472761,-0.9811907665218929,0.003998994827270508,4,317,347.0,113.0,105.0,9,9,4,4
1350.794160700783,275.02634343519406,8.461806737161928e-06,-67.5342591617214,-61.17157265659783,-66.33544300868172,-47.95626494531837,0.004000663757324219,4,514,2472.0,159.0,509.0,8,42,6,38
1321.0502214147652,269.10830765697295,6.579817211327949e-06,-41.430294231333846,-31.274618365710573,-40.76226403366311,-25.999164073612008,0.004000186920166016,4,662,2423.0,208.0,498.0,10,39,6,36
1893.914481305848,389.9876199958147,6.370212684309123e-06,-37.1498952655709,-30.291577062304185,-36.348994423207614,-27.681621255669082,0.004000425338745117,4,925,4314.0,254.0,903.0,13,35,6,31
1938.88584039477,402.31525263156504,5.172008026175894e-06,-19.457626438956694,-17.287745243330306,-18.6157954308877,-16.352901563604565,0.0039997100830078125,4,1257,5115.0,291.0,1076.0,20,34,5,30
1996.3441665329153,419.4429093055057,4.877937555872847e-06,-6.437717987894492,-5.88814021996438,-6.05357187266538,-5.707992764656206,0.003999233245849609,4,2103,6626.0,469.0,1410.0,23,31,17,28
2408.856871439923,512.4177373003397,6.15082465925575e-06,-8.243423765311762,-7.884687207229309,-7.719380739050932,-7.677392374897961,0.004000186920166016,4,2365,8299.0,522.0,1805.0,30,29,28,26
2121.976235925684,452.01624694251865,5.445788904219547e-06,-3.5925961032317177,-3.611295273714621,-3.346025247948808,-3.5005962937410926,0.003999471664428711,4,2952,8102.0,627.0,1749.0,32,32,32,29
156.6988418177589,41.864162575024814,1.619192177720603e-06,0.986555487448334,0.9719715853437024,0.9905812596688129,0.9853515865067168,0.003998994827270508,26,4043,4045.0,889.0,826.0,27,27,25,26
1353.1042409794309,317.4911159318512,1.0145825751625984e-05,0.9272557937237839,0.9222146953483624,0.9283397542136209,0.9235154237960573,0.003997802734375,8,15526,19929.0,3737.0,4765.0,20,20,15,17
1486.4023066465893,369.7820340256839,1.1443765375891707e-05,0.9258303220252566,0.9111181094840398,0.9268900116904676,0.9119580688696722,0.003998756408691406,7,17164,22349.0,4185.0,5504.0,19,19,15,16
1536.1490078093168,384.3241239605764,1.226367811271257e-05,0.930686383745493,0.9180452450369206,0.9316267718117935,0.918930131018638,0.003999948501586914,7,18594,24136.0,4597.0,6032.0,18,18,14,15
1413.8713421110886,372.05507454491686,1.2819700030891355e-05,0.9520991784058926,0.9385806178224322,0.9527009824779165,0.9392790130736223,0.004002571105957031,7,21011,26323.0,5401.0,6656.0,18,17,15,15
1529.0503096570649,410.43235792284645,1.4010573692946621e-05,0.9469705300549529,0.9300612852459277,0.9476340722739729,0.9307634159454826,0.0,7,21637,27502.0,5732.0,7122.0,18,17,14,14
1643.4888648652811,422.910457803007,1.4711508578969611e-05,0.9406278224740109,0.9305400852934708,0.9413247298061783,0.9309828209609999,0.0,6,22216,28772.0,5830.0,7544.0,17,16,14,14
1669.1530563528065,459.125869266574,1.6245716822524625e-05,0.9463492098694792,0.9289722957910068,0.9469444181354505,0.9294499015895126,0.004002571105957031,6,24175,30955.0,6427.0,8388.0,16,15,13,13
1916.2312186511663,604.2402167874407,2.698089110865659e-05,0.9545764915474068,0.9284992540133846,0.9549250991981847,0.9287362705086736,0.004001617431640625,4,32519,40407.0,9608.0,12712.0,13,11,10,10
1798.654888034389,590.8408203568877,2.9108471150182985e-05,0.9632158769670246,0.9388078847533617,0.9634810800517428,0.9389944272954394,0.003999233245849609,4,33879,42264.0,10293.0,13478.0,13,11,10,9
1724.830770684475,588.452021196291,3.131173520413883e-05,0.9679262672158728,0.943573575743656,0.9681399427373775,0.9437999013544763,0.003999233245849609,4,35077,43005.0,10880.0,14035.0,12,10,9,9
1714.0420642203233,570.0441777470702,3.255970157940776e-05,0.9696174898755789,0.9500063937185996,0.9698122299631822,0.950227579601682,0.003999948501586914,4,35960,44026.0,11261.0,14420.0,12,10,9,8
1585.0913978642789,533.6526940967005,3.511493217380502e-05,0.9763346137709795,0.9613358049312828,0.9764723273951718,0.9615990823536601,0.0039997100830078125,4,38180,45563.0,12581.0,14848.0,11,9,8,8
308.3904789386339,62.47374448518353,1.0199342296905335e-05,-9.364769710630597,-7.089760278809592,-8.992540221040127,-4.489732456034961,0.003999948501586914,4,346,445.0,121.0,121.0,7,30,5,4
220.52385547448907,44.302816878087256,1.1871159925722911e-05,-3.2350945839229004,-2.8635318602511295,-3.081621019791248,-1.4660853226807276,0.003999948501586914,4,368,386.0,134.0,112.0,8,10,4,4
265.7989332496778,53.82281889062792,7.161006531199017e-06,-4.278025426521158,-4.016948541018356,-4.131776494460357,-2.3998917568316127,0.004001140594482422,4,386,413.0,146.0,118.0,8,19,4,4
956.7340278259156,193.66619155133918,8.596925326039218e-06,-41.906578431092456,-33.575042108418714,-40.85422407388642,-24.9926658704684,0.004000186920166016,4,501,1524.0,159.0,310.0,9,44,4,40
1094.6368023991643,221.4012195088365,7.428319397018519e-06,-61.819210201577185,-53.454292178995,-60.39439909989225,-39.90168430653872,0.003997802734375,4,444,1813.0,138.0,370.0,8,46,3,42
821.8144369320851,166.35194242929657,6.695183794076617e-06,-19.285168477938864,-18.522430341794372,-18.831937036361886,-13.284862397555258,0.003997802734375,4,578,1303.0,195.0,264.0,9,42,4,38
882.5576232367682,179.33523078302267,6.658273880250533e-06,-21.339443982342594,-20.733402591551812,-20.960002082664115,-16.120570266459833,0.004000186920166016,4,588,1436.0,165.0,291.0,11,44,4,39
1084.3452805725674,219.74203626070275,5.1361964250166655e-06,-30.884758515622952,-24.81681511036466,-30.342639515886145,-20.127567480452647,0.004000425338745117,4,622,1869.0,190.0,381.0,10,42,4,38
1508.9826733045459,307.469053320818,6.019251664205265e-06,-52.01289990542881,-48.16905524848784,-51.093070177168634,-40.17250530785562,0.004000186920166016,4,647,2874.0,175.0,592.0,10,41,7,37
2057.2163256246695,429.0610145033765,5.317601737922833e-06,-16.19557332252588,-14.350867182884322,-15.287542070077894,-13.79260510447671,0.003998994827270508,4,1542,5858.0,322.0,1242.0,25,32,6,29
2368.208917972962,500.4967740488777,6.285756083409943e-06,-15.832472176027753,-14.684492050291755,-14.987159579606852,-14.071201211020014,0.003999471664428711,4,1707,7223.0,374.0,1556.0,23,30,10,26
1944.092234073099,406.021538324426,4.752205981372032e-06,-7.133701016977199,-6.40498376263715,-6.692749978895486,-6.20757588653092,0.0,4,2038,6360.0,443.0,1349.0,33,32,19,29
2664.1170246130955,577.6402427116726,7.591515492291307e-06,-6.718525394218735,-6.823719003985115,-6.411632953026918,-6.665106574100416,0.0039997100830078125,4,2710,9730.0,598.0,2161.0,23,26,22,23
2341.8045792721477,500.51757586522376,6.530106259090079e-06,-4.245170549305295,-4.020332443345134,-4.0248240582157955,-3.93160236002935,0.003999948501586914,4,3030,8882.0,637.0,1940.0,28,28,21,24
306.7557388759554,69.18162488856576,2.0333506919403716e-06,0.9476020629440933,0.9233108977783154,0.9639481484065425,0.9593801865263476,0.003999948501586914,28,4014,4014.0,852.0,823.0,29,28,28,28
556.631027940253,122.96201945254519,2.710679786760655e-06,0.8818855428083133,0.8570337681299142,0.8997661184409913,0.8951765355398875,0.003997802734375,21,4449,4703.0,982.0,971.0,28,30,23,26
778.4774840557807,180.4808602292523,4.43516760238601e-06,0.9039253401080362,0.881418126595278,0.9071922058553303,0.890162836126164,0.0,12,6936,7941.0,1512.0,1685.0,26,26,18,23
758.3970535999537,168.80674130226822,4.321933640654281e-06,0.9142704373896656,0.905777768978555,0.9170201551863882,0.9115511344514774,0.003999948501586914,12,7135,8131.0,1587.0,1727.0,24,26,22,23
1319.0612962621196,299.3791561229324,8.63574771404189e-06,0.8941019009307063,0.8908967767111343,0.8961432068105313,0.8927545352111858,0.0,9,11984,15784.0,2830.0,3612.0,22,22,19,19
1261.0931420967597,306.49602806136215,8.94736763710067e-06,0.9218696341282272,0.9070552078357033,0.9231209596960906,0.9084132834268973,0.003999948501586914,8,13656,17422.0,3163.0,4054.0,21,21,16,18
1229.131210493288,287.7804869959952,9.400244347387084e-06,0.9353850612735681,0.9305853935805688,0.9364911204032308,0.9314627457730023,0.0039997100830078125,8,14914,18577.0,3528.0,4365.0,21,21,17,18
1439.1242035065213,357.17043610874,1.1073216368734245e-05,0.9264343765166331,0.9125728385976404,0.9274883374932663,0.9135293271525904,0.0039997100830078125,7,16623,21579.0,4155.0,5263.0,19,19,15,16
1529.764427714632,385.19453261565025,1.1850443081431608e-05,0.9226456988721123,0.9053517559881694,0.9237306732370797,0.9061852270326727,0.003998756408691406,7,17466,22826.0,4179.0,5655.0,19,18,17,16
1389.567883633544,352.5885384117794,1.1764009908368081e-05,0.9414312693291821,0.9278082927691887,0.9421872939846286,0.928799344942817,0.0039997100830078125,7,18237,23171.0,4470.0,5734.0,18,18,15,15
1587.411749934398,423.1595820903665,1.5008570462556697e-05,0.9464546394067771,0.9315289304246936,0.9470345450862575,0.9320986425598915,0.003999948501586914,6,22846,28906.0,5951.0,7654.0,16,15,13,13
1623.7476155945346,434.1855177568538,1.574282914216397e-05,0.9462734382596375,0.9327906848410953,0.9468653964721518,0.933227160286724,0.0040013790130615234,6,23417,29872.0,6267.0,8012.0,16,15,13,13
1671.4663811031005,470.8031882913105,2.0067577645411175e-05,0.9587105360451931,0.9461383760799457,0.9590595063833303,0.9464540948666018,0.0,5,28688,35892.0,8127.0,10347.0,14,13,11,11
1635.5302083728077,576.306586158791,3.3792388873246915e-05,0.973527735177587,0.9519660165657734,0.9736876739781679,0.9522212349012442,0.003998994827270508,4,37318,44600.0,11728.0,15116.0,11,10,8,8
1465.332794254147,497.8459224499082,3.37613704374809e-05,0.97993473186541,0.9666490957531972,0.9800445161018237,0.9669704264102292,0.004000425338745117,4,38333,45431.0,12648.0,14879.0,11,9,8,7
295.72810922084045,60.840895648678064,8.816166265622975e-06,-5.1100276654007235,-4.997354517818329,-4.876669368708805,-2.8982782544954633,0.00400090217590332,4,415,462.0,137.0,122.0,8,20,4,4
834.6480483313511,169.16387518222282,1.0235107718307126e-05,-33.60565795970969,-27.5695076183506,-32.656373967312156,-20.42663046445466,0.003999471664428711,4,479,1340.0,154.0,272.0,8,41,6,36
1326.2324339081742,272.29640712527464,1.0006815796355057e-05,-39.717352182244916,-36.13068537703689,-38.9844581415825,-27.933989126063647,0.004000186920166016,4,673,2528.0,205.0,521.0,9,37,4,33
1273.443747939683,259.01876138612045,8.299729042604313e-06,-53.33810765492659,-44.71154447262001,-52.4264956089599,-35.578443947092964,0.004000186920166016,4,559,2262.0,171.0,464.0,9,41,6,37
1085.6655216962542,219.27712679012677,6.803730502047444e-06,-35.64449549417821,-28.13659183201128,-35.031321301428875,-22.982926921143523,0.0039980411529541016,4,575,1802.0,159.0,367.0,11,44,7,39
1277.8974715980412,260.06763943892236,6.228351396200684e-06,-30.710210100541786,-24.943927474219056,-30.2119315163027,-21.029750277154104,0.004000425338745117,4,695,2362.0,212.0,484.0,11,40,6,36
1310.6428050769591,268.32171299890484,5.886491475237863e-06,-23.053203792458405,-20.789942264808435,-22.692590428065085,-17.37925136000894,0.004000663757324219,4,838,2489.0,233.0,510.0,11,39,7,35
1263.028494993944,256.52824324688567,4.629203958139721e-06,-19.892462733016686,-16.405042011597544,-19.55133252252645,-14.195836467037363,0.003999948501586914,4,853,2414.0,229.0,494.0,13,40,5,36
2270.1099987115163,473.4936861599459,7.99604667894058e-06,-42.2045650174472,-34.6643150208011,-41.27170906675118,-31.246385106198858,0.004002094268798828,4,1055,5677.0,287.0,1213.0,13,31,8,27
2643.7870052571684,564.4822941569263,7.591088995009217e-06,-13.525834795627166,-12.64913479972255,-12.810052475368888,-12.313415610375115,0.004000425338745117,4,2050,8704.0,439.0,1912.0,27,28,20,24
880.7726623588068,201.10859421383927,4.904510857701454e-06,0.8722058998733412,0.8486127172303763,0.876746115378775,0.8603211285645496,0.003999948501586914,13,6840,8057.0,1549.0,1714.0,26,27,20,24
1083.5852679724992,254.9684531229542,7.83708604300416e-06,0.9350304389892334,0.9274856335949279,0.9361857216871758,0.9289075201232657,0.004000186920166016,9,12855,15417.0,3002.0,3501.0,22,22,18,19
1293.7944322677513,309.04169497135695,1.0130918722989298e-05,0.9349266852649595,0.9276056761232759,0.9362106663568073,0.9285239418078337,0.00400090217590332,9,15748,19931.0,3813.0,4740.0,21,21,18,19
1446.7642836596149,362.72957135514037,1.1315684457345847e-05,0.9265461611853436,0.9110995580864355,0.9275544989136143,0.9121571789165507,0.0,7,16736,21787.0,4116.0,5322.0,19,18,16,16
1514.4739460728051,363.3181164811918,1.176047905429264e-05,0.9239259239577983,0.9171811887354787,0.9249519651637979,0.9182871039577298,0.003998994827270508,7,17341,22670.0,4319.0,5564.0,18,18,15,15
1412.3914022388694,354.6815018321867,1.2116431011739507e-05,0.9430426669758228,0.9325719432789955,0.9437712367799063,0.9332864767452703,0.00400090217590332,7,18912,24030.0,4761.0,6014.0,18,18,15,15
1405.3325133641076,363.9227290073705,1.2773777717974787e-05,0.9473396626357621,0.9338997307137102,0.9480213529839296,0.9346453864520021,0.004000663757324219,7,19813,24915.0,5011.0,6287.0,18,17,15,15
1593.9418854031514,420.6331094504538,1.4720432170111944e-05,0.9427283950311004,0.9283132081330978,0.9434058952904959,0.9287971136304098,0.004000663757324219,6,22118,28333.0,5824.0,7417.0,17,16,14,14
1657.6179172458496,439.85328791952554,1.5454136482363878e-05,0.9417687960508004,0.9269788404851895,0.9423816073638553,0.9276279044106124,0.004000425338745117,6,22805,29390.0,5904.0,7822.0,16,15,14,13
1763.9853800563744,482.3866651731183,1.6674381447887816e-05,0.9381545962007297,0.9176502550131189,0.9387790802869712,0.9181137398454606,0.004000186920166016,5,23733,30671.0,6288.0,8319.0,16,15,13,12
1585.9878021317309,438.3037904991895,1.6273695927498058e-05,0.9529768578914114,0.9367245325393833,0.9534495797514733,0.9373491248195802,0.004000186920166016,6,24561,30887.0,6616.0,8321.0,16,15,12,12
1754.4822088162168,514.0032152264788,1.9838318079742188e-05,0.9505544822001569,0.9278095624723762,0.951039454064945,0.9281124059210907,0.0039997100830078125,5,27178,34622.0,7438.0,9879.0,15,14,12,12
1738.4403112530133,537.6821013435942,2.5163246062006704e-05,0.9627165610467693,0.9442290171728509,0.9630320701897718,0.9445298263499706,0.003999948501586914,5,32265,40051.0,9482.0,12304.0,13,12,10,10
1816.2493289744116,600.5545354087337,2.857473915432237e-05,0.9614834302255632,0.9337507179446187,0.9617672049697564,0.9339583398821221,0.003999471664428711,4,33359,41544.0,9988.0,13058.0,13,11,10,10
1808.951198208509,618.50018526001,3.1046829087694434e-05,0.9634471073787338,0.9340005700253067,0.9637014164288836,0.9342468109629961,0.004000186920166016,4,34468,42432.0,10468.0,14037.0,12,11,9,9
1662.3845103996448,553.8328004310807,3.215527541521493e-05,0.9717030772755603,0.9530940430402234,0.9718814049832974,0.9533357450723372,0.003999233245849609,4,36203,44025.0,11502.0,14521.0,11,10,9,8
1509.3069912214678,515.7553421116128,3.2802903502428156e-05,0.9777075393598303,0.9620691629148114,0.9778349773181112,0.9623609296332135,0.003999948501586914,4,37627,44319.0,11970.0,14711.0,11,10,8,8
695.0816873456913,141.19220794127887,7.778074603817587e-06,-15.614858061725236,-13.64507026355889,-15.180014404692766,-9.777521937475287,0.003998279571533203,4,562,1074.0,170.0,217.0,9,39,3,35
857.6546750683906,174.0568633138799,7.348059232199032e-06,-34.241779299369014,-30.81392626894039,-33.404867207171556,-22.493009115791192,0.003999948501586914,4,482,1333.0,149.0,270.0,9,45,5,40
2053.1799700911106,424.01236961123357,5.2489192493718454e-06,-98.83659351418689,-77.51617369531031,-89.31460933559246,-70.476152181334,0.003999948501586914,4,772,4820.0,189.0,1012.0,17,38,8,35
1759.5536247393352,363.49472715111926,4.778136255346217e-06,-18.285221485308856,-15.65345050392773,-17.368010646622732,-14.579631247132093,0.0039980411529541016,4,1246,4569.0,286.0,954.0,19,35,7,31
2130.2717989730795,444.58869100176923,5.447317379347148e-06,-14.01493635006858,-12.271393365150995,-13.119639380740518,-11.874168217769514,0.004000186920166016,4,1657,6442.0,364.0,1373.0,28,32,17,29
387.90918842112836,83.73799186779728,2.3415948199814034e-06,0.933160221412958,0.9177704533423288,0.9449795173344278,0.9444489049881682,0.0,22,4237,4250.0,946.0,946.0,25,27,23,22
935.3297546854799,210.330205758815,6.525987142240093e-06,0.8993838907599707,0.8913680439313224,0.9022806292610656,0.8957530062435365,0.00400090217590332,12,8250,9855.0,1883.0,2129.0,25,27,22,23
1279.2988228951317,302.3595074396213,8.882328570503683e-06,0.9135344375951641,0.9028887287088413,0.9149023601173285,0.9045630354002734,0.004000425338745117,8,13035,16907.0,3128.0,3920.0,20,21,17,18
1360.883149154318,325.5073631705754,9.567795272711491e-06,0.9099333669543104,0.8962093445082993,0.9114467219591746,0.8976145718997623,0.003999948501586914,8,13789,18101.0,3228.0,4258.0,21,21,18,18
1408.8917973975836,336.50595546663976,1.0446633134794676e-05,0.9224846138535175,0.9151191623413407,0.923585212762705,0.9160274706614536,0.0039997100830078125,7,15735,20387.0,3819.0,4874.0,19,19,15,16
1298.816354960563,318.9640500391718,1.0432855843549345e-05,0.9401220379957088,0.9304104808347068,0.9410503800622746,0.9313709917195823,0.004000186920166016,8,16552,20883.0,4121.0,5039.0,19,19,16,17
1460.6047650099915,370.43604065351656,1.2048717284677515e-05,0.934848277096859,0.9207004722193147,0.9356883171963674,0.9217020308443037,0.0,7,17997,23373.0,4491.0,5802.0,18,18,16,15
1459.8965348520828,368.33351822113787,1.2299484666025065e-05,0.9388064312650555,0.9273386494858965,0.9396394780265828,0.9280692210648466,0.004000663757324219,7,18844,24222.0,4711.0,6055.0,18,18,15,15
1561.4587185664673,408.4177955778627,1.320053368552373e-05,0.9353350128237041,0.9173493099695545,0.9361312994896451,0.9179072315027406,0.004000425338745117,6,19825,25755.0,5028.0,6540.0,18,17,15,14
1526.8931778601097,407.9909390942141,1.4524736240515417e-05,0.9481916510821334,0.9331041075976347,0.9487921581803405,0.9335450131103894,0.0039997100830078125,6,22230,28147.0,5797.0,7337.0,17,16,14,14
1643.1184997605374,423.0525469097291,1.557699650856014e-05,0.9455532851377717,0.9366939839961345,0.9462244304547951,0.9370830066949365,0.0,6,23529,30002.0,6246.0,7963.0,17,16,14,14
1641.615603444876,517.0278522478262,2.3745631008767902e-05,0.96599531931187,0.9457613010765177,0.9662674401813465,0.9461137319451025,0.00400090217590332,5,31575,38971.0,9327.0,11765.0,13,12,10,10
1728.120070818769,573.1474050509753,2.89653860691911e-05,0.9668462430047072,0.9434925163092949,0.9670723160871484,0.943712995715175,0.004000663757324219,4,34339,42079.0,10350.0,13670.0,12,11,9,9
1654.968557732543,556.7480728899443,3.1383847674839394e-05,0.971887500848294,0.9523808468870294,0.9720560776728469,0.9526967061669698,0.004000663757324219,4,36122,43819.0,11218.0,14502.0,11,10,9,8
1753.1877692268636,588.8282325941921,3.5748942376404766e-05,0.9695574767792225,0.9499870461862223,0.9697445510875341,0.950233448587039,0.004000425338745117,4,37167,45013.0,11865.0,14938.0,11,10,8,8
196.7798050275146,40.04593716387885,8.276250150002707e-06,-2.523227801003975,-2.1561974660707697,-2.3606999959091266,-0.9592519175987408,0.0039997100830078125,4,374,395.0,125.0,123.0,7,9,3,4
153.4227886701755,30.620492865617518,7.605972653246317e-06,-1.3491780600706789,-0.8626855479086037,-1.250424323358494,-0.24946366385983554,0.004000663757324219,4,346,361.0,116.0,113.0,9,8,4,4
193.19425672967955,39.764934301467164,6.1914003129634805e-06,-1.1153433645180146,-1.0950176051174738,-1.028943773595011,-0.32879035259688383,0.0,4,451,465.0,153.0,129.0,9,8,3,4
350.11907200741484,70.56675326714888,1.1200027393145221e-05,-14.604887349886145,-11.68107863452246,-14.040991292076036,-7.7248346645583155,0.0,4,311,480.0,110.0,98.0,9,38,4,5
783.7639485733785,158.30324275474166,7.579748225368498e-06,-26.80432745291764,-22.128248651899778,-26.226339124387724,-16.674958247239232,0.0040013790130615234,4,503,1199.0,167.0,243.0,10,45,4,41
1925.1753843264946,400.643895810232,5.359248627333261e-06,-11.71389923778325,-10.530425405268254,-11.17281872468171,-10.027285389325302,0.004000663757324219,4,1612,5578.0,359.0,1178.0,21,32,10,29
2031.8656913044229,427.2951872925008,5.534451064099872e-06,-13.782453884172106,-12.588827357683995,-12.999216088359837,-12.005927212650036,0.0,4,1613,5968.0,345.0,1265.0,23,32,6,28
2431.8193891953956,516.2671506432821,6.909765147451828e-06,-11.967631744725205,-11.118689943617403,-11.393875659572116,-10.777914328547489,0.004001140594482422,4,2038,7802.0,444.0,1697.0,22,28,19,25
2360.1558520219237,502.8144538495289,6.685989402984936e-06,-7.278399319818472,-6.927221455867284,-6.954975414801752,-6.756596923756662,0.004000663757324219,4,2315,8121.0,498.0,1767.0,26,28,21,24
2143.3247124308223,453.84413624062614,5.814517481494054e-06,-3.304938843938296,-3.059191867596196,-3.130349776759603,-2.9830084322122374,0.004000663757324219,4,2938,8233.0,643.0,1785.0,29,28,21,25
2393.0192683616237,512.4428118499338,6.5146307024316345e-06,-3.629212671956777,-3.5120062527115774,-3.4324803970703437,-3.434057508507358,0.004000663757324219,4,3198,9354.0,689.0,2053.0,27,28,27,24
826.1896848477577,181.35581113534283,4.391177896540782e-06,0.8843379609776463,0.8757020729959398,0.8892092277217972,0.8854414727051535,0.0040073394775390625,14,6687,7851.0,1449.0,1665.0,25,28,20,24
780.2848359973148,174.1204497883082,4.5797012632609204e-06,0.9123662429277148,0.9033787546726751,0.9153328390719425,0.9086676152654717,0.004000425338745117,13,7436,8173.0,1617.0,1739.0,26,28,24,24
921.6645823035228,212.8494452979297,5.496377625571776e-06,0.9053908231569986,0.8903875965483856,0.9080764478875438,0.896019721214268,0.0,12,8457,10136.0,1904.0,2194.0,24,26,21,23
1243.566989407027,302.18741001112335,8.653186038852307e-06,0.9051231950831001,0.882160118963781,0.9068074265068923,0.8855702134091212,0.0,9,11794,15433.0,2706.0,3528.0,21,21,17,19
1111.0817751682866,265.6313861977408,8.247463084597672e-06,0.9290706788641665,0.9178877988093641,0.9305167526277468,0.9195777675221666,0.00400090217590332,10,12383,15290.0,2906.0,3480.0,22,23,19,20
1380.1908587045534,345.1675454161387,1.2917273825426011e-05,0.9346637884441243,0.9213874734286459,0.9355604193800947,0.9222359541942425,0.004000425338745117,7,17069,21808.0,4125.0,5342.0,19,18,16,16
1457.0756653735098,368.3664170419191,1.163248613331332e-05,0.9304272758560526,0.9147785446423983,0.9313766272484711,0.9155997239282371,0.0,7,17501,22696.0,4249.0,5599.0,19,18,16,16
1396.1462396828797,358.82838022042364,1.2208126152917931e-05,0.9448125816188243,0.930893023259781,0.9455093004159341,0.931734529847095,0.003999948501586914,7,18991,24029.0,4680.0,6016.0,18,17,15,15
1532.2519199650426,404.5704478973075,1.3097535815302561e-05,0.9370440546823843,0.9172275174817452,0.9379712708814538,0.917826187400926,0.003999471664428711,7,19542,25405.0,4868.0,6409.0,19,18,16,16
1474.362114665624,388.03094045795905,1.3551354710696006e-05,0.9456636384834401,0.9311215205795361,0.9463612940915382,0.9317830056558812,0.004000663757324219,7,20515,26137.0,5255.0,6651.0,18,17,15,15
1766.3404333015167,507.9022595570509,1.8632374640353212e-05,0.9452216004629256,0.9214073758494645,0.9457282174333345,0.9218573949291651,0.003999948501586914,5,25695,32971.0,6843.0,9194.0,15,14,12,12
1679.3975996982788,492.4687375324534,1.8623777874727228e-05,0.9525599188849994,0.9300631343588379,0.9530897692050573,0.9304680057553089,0.003998517990112305,6,26472,33337.0,7174.0,9312.0,16,15,13,13
1681.5893234174564,495.5609474439839,2.0947459321222432e-05,0.9603376429553176,0.9437230782341115,0.9606743317628409,0.9440763059277069,0.0039997100830078125,5,29395,36720.0,8434.0,10720.0,14,13,11,11
1669.871176878151,519.069085757834,2.331746601361035e-05,0.964530065871518,0.9452842709966673,0.9648102560750331,0.9456428053295325,0.00400090217590332,5,31451,38982.0,9274.0,11775.0,13,12,10,10
1814.0821686415788,570.0480242926906,2.722710807547918e-05,0.9600859327610962,0.9378821133460417,0.9603735758773763,0.9381237942652854,0.004000663757324219,4,32569,40709.0,9772.0,12638.0,13,11,10,9
1651.3581752353625,551.0535364191032,3.1495858520412384e-05,0.9711510433483608,0.9513461125931684,0.9713328074486184,0.9515779901214606,0.004000663757324219,4,35711,43283.0,10944.0,13864.0,12,10,9,8
1540.1431988346624,531.3764359347022,3.372893663641709e-05,0.9770090556415663,0.9600689406580623,0.9771439210954175,0.9603681420489676,0.004000186920166016,4,37714,44486.0,12205.0,14652.0,11,9,8,8
1440.2371657994388,496.8707284931699,3.309142767108174e-05,0.9806126633827128,0.9670769116635071,0.9807156981818906,0.9674756582161588,0.0039997100830078125,4,38527,45344.0,12599.0,15080.0,10,9,8,7
212.95470958242115,43.22169112070157,8.323957272395915e-06,-2.6081444007417556,-2.1919521444787335,-2.4439192711526396,-1.087157404713413,0.003999948501586914,4,410,420.0,128.0,120.0,7,9,6,5
291.10590140588585,58.654177174349655,8.633497545742621e-06,-10.353892814989832,-8.794293371737094,-9.814659245326778,-4.97439513929854,0.003999948501586914,4,308,393.0,111.0,101.0,9,35,4,4
180.9850649915622,37.00295596300382,7.386176025062704e-06,-1.4291810583562214,-1.3444903625540596,-1.3232574865121882,-0.490243437605969,0.0039997100830078125,4,407,418.0,140.0,120.0,9,8,3,4
398.01783617906705,80.26025375821666,1.1510331456123929e-05,-17.847897706196953,-16.627769353218522,-16.927608314779256,-9.906526872139791,0.003997802734375,4,316,553.0,110.0,111.0,8,41,3,35
1957.8745198343704,407.1001745066358,6.277910589778739e-06,-31.826869330993866,-29.128648466552864,-30.838479193656983,-27.016312506868648,0.004000663757324219,4,1025,4722.0,260.0,993.0,13,35,5,31
2120.393932052092,440.66345576868525,6.5578157285168786e-06,-22.439074580440426,-18.8808708578819,-21.804211429382125,-17.66167933812227,0.004000663757324219,4,1263,5613.0,319.0,1193.0,16,31,7,27
1695.690048205548,348.394292911542,4.212503223990407e-06,-28.50096221098408,-23.870545857361424,-26.475784738245608,-22.429496459047417,0.00400090217590332,4,1024,4200.0,227.0,874.0,22,39,17,35
2264.779457162073,482.9228069785067,6.284272339849294e-06,-4.234284194225231,-4.066485356955192,-4.030676300619389,-3.961841945317895,0.003999948501586914,4,2753,8444.0,616.0,1838.0,27,28,20,24
2342.4520961839685,505.92905464435756,6.9497888651494925e-06,-3.2843904297727766,-3.317749586342579,-3.128394631651708,-3.246940481195277,0.004000186920166016,4,3175,9194.0,686.0,2017.0,25,27,20,24
2365.8604517349145,510.61168383289726,6.565780258394287e-06,-2.5652680949565254,-2.5937518089642784,-2.4203431606701504,-2.534478973764569,0.0039997100830078125,4,3672,9808.0,764.0,2164.0,29,28,28,25
431.5424499118822,95.82777272438537,2.5815736985806924e-06,0.9280973131709309,0.910154563733364,0.9379108046967167,0.9318456497714572,0.0,21,4396,4426.0,935.0,935.0,28,29,22,21
635.6248040835608,138.02562185752552,3.4778143692550652e-06,0.8739845264070387,0.8579519231900266,0.885858919378016,0.8842627681668066,0.004000186920166016,17,4794,5320.0,1079.0,1105.0,26,29,21,25
739.0448655210399,166.87236302686156,3.87479829636713e-06,0.876402287248846,0.8531383289978689,0.8841640442174005,0.8712324882451766,0.004000186920166016,17,5684,6538.0,1250.0,1371.0,26,30,24,26
912.5734263208448,209.51085354417557,5.512290364508453e-06,0.8916957409592143,0.8743184238887834,0.8947051195722063,0.8817254217675534,0.0,11,7727,9265.0,1731.0,1992.0,23,25,19,22
1072.1771507995445,242.06378581790045,6.4285390332767316e-06,0.8607238989744026,0.8449370619090448,0.8643419541518244,0.8515451937827513,0.004000425338745117,11,8031,10258.0,1831.0,2230.0,24,26,21,22
1141.6278387557927,258.95688186774777,6.8635006531252314e-06,0.8760277985726335,0.8639388637119081,0.8787294202510456,0.8681283154439356,0.004000186920166016,10,9249,11924.0,2097.0,2634.0,23,24,19,21
1125.8358771251794,275.9355802437309,8.021683005447237e-06,0.92152821182907,0.9008379964571301,0.9230743647641568,0.9033523517088189,0.004000425338745117,10,11814,14861.0,2719.0,3375.0,22,23,18,20
1203.5134073782187,301.6099734540563,9.630599887539973e-06,0.9335028985983396,0.9155483547860425,0.9345024655016634,0.9171676759091897,0.004000186920166016,8,14185,17928.0,3365.0,4195.0,20,20,16,17
1569.9804308307444,405.77923460182456,1.3498006482321614e-05,0.9318429868329108,0.9152393042685046,0.9326204171817214,0.9161167728481353,0.0,6,19262,25296.0,4849.0,6445.0,17,16,14,14
1423.124152995342,353.87181021454103,1.2782170392644434e-05,0.9457041277606633,0.9383977149802263,0.9464015356289723,0.9389770710740618,0.0,7,19787,24985.0,5018.0,6323.0,18,17,14,15
1549.266147485538,425.8283791748012,1.542023737878054e-05,0.9505344728829005,0.9327750802271138,0.9510382243986465,0.9334615060645761,0.004000663757324219,6,23167,29324.0,6173.0,7766.0,16,15,13,13
1745.8993429718319,480.4302457720908,1.7825146036159734e-05,0.9432760267245405,0.9253795788875522,0.943823206472526,0.9257569110792448,0.0,5,24829,32062.0,6689.0,8866.0,16,14,12,12
1681.8702027645797,465.28561686684225,1.793805904814979e-05,0.9501574657921553,0.9345243421039582,0.9506105302322831,0.9349291846208748,0.0,5,25738,32683.0,6914.0,9034.0,15,14,12,12
1724.0633185343831,494.05399236158496,2.0306122528319873e-05,0.9543855766994329,0.937961407538093,0.9547732673067649,0.9382957045304047,0.003999948501586914,5,27977,35472.0,7775.0,10223.0,14,13,11,11
1610.0133572509005,485.4871021106426,2.061730218164682e-05,0.9629737561784197,0.9438856468626455,0.963276255143621,0.9442782669110772,0.00400090217590332,5,29306,36091.0,8190.0,10469.0,14,13,11,11
1667.0605930957133,528.3765602992663,2.3478011332379043e-05,0.9637917539048904,0.9406921202247385,0.9641024571631757,0.9409850358331235,0.004000663757324219,5,31032,38069.0,8926.0,11408.0,14,12,11,11
1871.6479870691496,619.9308429171757,3.135679258658332e-05,0.9596349436901107,0.9311672257492194,0.9599369859324528,0.9313695315906769,0.004000425338745117,4,33646,42215.0,10098.0,13642.0,13,11,10,9
1763.8836649091497,603.121170108738,3.091551644336795e-05,0.9653235299423893,0.9385901665111487,0.9655615016331592,0.9388258938620098,0.008000612258911133,4,34452,42281.0,10597.0,14024.0,12,11,9,9
1520.1435479092097,508.71220170806464,3.240754015491721e-05,0.9776553205547196,0.963368204264003,0.9777791086741104,0.9637242413891383,0.004000186920166016,4,37630,44537.0,12074.0,14359.0,11,9,8,8
1380.9788006760518,461.5941692475473,3.3141391073739886e-05,0.9823631174840124,0.9718700082824332,0.9824550660096445,0.9721957483746387,0.003998756408691406,4,38903,45384.0,12841.0,15106.0,10,9,8,7
587.8889758420944,119.49219814141284,9.990756031346882e-06,-17.709978421844383,-18.821388546790608,-17.029392206320093,-11.314505309910295,0.00400090217590332,4,454,872.0,166.0,176.0,8,41,4,36
386.5937521050575,78.38187768865964,6.772972917355522e-06,-5.6089329958234275,-4.374763634043988,-5.420354399669388,-2.970863756803622,0.004000425338745117,4,493,620.0,172.0,172.0,10,27,5,4
98.37460292168909,20.28109752125527,7.601931183335886e-06,-0.22460914104370167,-0.004826451328334258,-0.15266695005071407,0.3765129472998938,0.004000186920166016,4,325,357.0,123.0,107.0,8,7,3,5
646.5116008239914,130.89726410433488,6.301811590157626e-06,-25.09496879723012,-21.528610634119783,-24.36949627479047,-15.086469149344428,0.004000186920166016,4,412,938.0,147.0,189.0,8,48,4,43
726.7565144186875,146.8546971783107,7.662517132934453e-06,-24.735330483974476,-21.72610529254988,-24.17225937233431,-16.171085506468085,0.003998994827270508,4,474,1055.0,136.0,213.0,11,48,3,43
1775.9570102013543,367.00414393664096,8.205978293054581e-06,-53.12562278075474,-47.29736615711826,-52.367334253331876,-40.58062934099754,0.003999948501586914,4,729,3771.0,208.0,790.0,10,36,4,32
1471.1438222802465,300.1924209291989,6.104876619797314e-06,-25.00197572616853,-21.539555205852775,-24.588780734441194,-18.55425339837911,0.0,4,871,2979.0,237.0,614.0,10,37,6,33
2036.6763058964475,428.7592443123919,5.950726086269592e-06,-16.88364007362765,-16.24190483316249,-16.0971412093147,-15.480889110732846,0.00400090217590332,4,1421,5755.0,318.0,1221.0,22,32,8,29
1947.7328594205794,405.07732029412193,5.522618368434797e-06,-9.326259991915377,-8.273485953124448,-8.900052927376494,-7.97617805772224,0.004000186920166016,4,1828,5932.0,373.0,1258.0,26,32,23,28
2212.69028136565,469.09832613571893,6.577118333111066e-06,-5.937450143974893,-5.669411577713401,-5.677405490867173,-5.536248206869014,0.004000186920166016,4,2379,7662.0,511.0,1657.0,28,29,22,26
2410.5763790360734,514.0688082186405,6.206143365081964e-06,-5.554646922407134,-5.283653322355139,-5.226349657453664,-5.150497926885224,0.003999948501586914,4,2749,8837.0,612.0,1933.0,31,28,24,25
2046.3245226706672,433.15310755359167,5.749603519404485e-06,-2.0670234061717494,-1.9367926449275599,-1.9527019802284742,-1.8925486595621486,0.0039997100830078125,4,3353,8437.0,712.0,1829.0,31,29,25,25
770.8833754670213,170.02975930000915,4.104013545576495e-06,0.8841547927169597,0.8693757843491889,0.8903044952006415,0.883684143209127,0.0039997100830078125,16,6202,7042.0,1319.0,1485.0,27,29,24,26
1130.3987988512924,257.1387649586201,7.094114787021925e-06,0.8884445548155085,0.8786852161622096,0.890850195641116,0.8823051713342116,0.003999948501586914,10,9698,12453.0,2190.0,2761.0,24,24,19,21
1096.687411151317,252.19672656259615,7.364979810521838e-06,0.9082920409633105,0.8986411844540123,0.9102738009571032,0.901425072954519,0.004000186920166016,10,10439,13170.0,2367.0,2937.0,23,24,19,21
1236.0636297146264,288.40800235807575,8.531934714115389e-06,0.9042634268465221,0.8929258819302923,0.9060552405605098,0.8950486342391477,0.004000425338745117,9,11830,15255.0,2729.0,3478.0,22,22,19,19
1338.0196782337168,310.03390456210104,9.132556047943733e-06,0.9040922559442199,0.897199392861984,0.9058720936484393,0.8987724712250874,0.00400090217590332,9,12985,16975.0,3083.0,3941.0,21,22,19,19
1426.834239229126,348.6573941487885,1.0609332752555547e-05,0.9188236105284586,0.905998137476116,0.919988813100978,0.906949479553044,0.004000663757324219,7,15670,20351.0,3740.0,4883.0,19,19,16,16
1302.334784648075,320.8309523721176,1.0493522843387874e-05,0.936819671495923,0.9259259383645206,0.9378345434079833,0.926925897017994,0.003999948501586914,8,16052,20460.0,3959.0,4926.0,20,20,16,17
1609.4078764458552,419.8424983303326,1.3981212016708191e-05,0.9320721459078557,0.9145193944381307,0.9328623598517933,0.9151592135669181,0.003998517990112305,6,20002,26173.0,5186.0,6751.0,17,16,14,14
1775.9175389817956,500.77036443337664,1.904052304698903e-05,0.9446162006796142,0.9246746838583246,0.9451226469037022,0.9250894246386556,0.003998756408691406,5,25756,33129.0,7047.0,9272.0,15,14,12,12
1794.5716333901028,512.1138442511433,1.9652782014228087e-05,0.945781795969598,0.9253152552085856,0.9462782196759217,0.9256915658812951,0.0,5,26328,33875.0,7282.0,9572.0,15,14,12,12
1797.443520206778,575.5759524887513,2.633128946377798e-05,0.9591043644672713,0.9334290753852981,0.9594039836093428,0.9336380235517827,0.004001140594482422,4,31810,39682.0,9530.0,12445.0,13,12,10,10
1631.6724357235432,575.1876324296272,3.302078355126731e-05,0.9729448940636252,0.9500066770237154,0.9731120651205083,0.9502983387009504,0.004000425338745117,4,36518,44052.0,11384.0,14781.0,11,10,8,8
163.30065574475404,33.377886891373656,7.883504652444598e-06,-1.540203434543454,-1.3738235086717427,-1.4369915927549237,-0.49099030714104774,0.003999471664428711,4,356,374.0,128.0,116.0,8,8,4,4
118.71503871315826,24.09270290634352,7.389255567998969e-06,-0.43373084444136767,-0.19933279526499859,-0.3826527120923955,0.1765813615754125,0.0,4,343,362.0,114.0,114.0,10,8,5,4
451.0874476381122,91.57112445161593,8.573402806336164e-06,-13.843653299639167,-11.926260988892889,-13.418769134982089,-8.169229444422742,0.004000663757324219,4,387,620.0,124.0,124.0,8,42,3,4
439.9969578493318,89.5635249417976,7.06640317510093e-06,-7.582365104475052,-6.810104720294421,-7.333001543861254,-4.367692842692842,0.004000663757324219,4,487,664.0,166.0,148.0,9,33,4,5
679.7226303181811,137.60609543185214,7.149614741575532e-06,-30.65158950794905,-29.40171787858163,-29.689273543845342,-19.463528006060034,0.004000425338745117,4,397,963.0,130.0,194.0,9,49,5,44
890.9681941105791,180.7944274583705,7.71756240519673e-06,-23.924662642742145,-21.412406672922753,-23.33034007923465,-15.258683511901253,0.003999948501586914,4,592,1424.0,191.0,289.0,9,42,5,38
781.407350820727,158.65469580192072,5.674825737189475e-06,-16.652250685880794,-15.342604968732406,-16.299220764496916,-11.470308494407664,0.003999948501586914,4,590,1244.0,177.0,251.0,10,44,3,38
1233.8294596161443,251.23020237091984,8.889618446019438e-06,-21.00584924627753,-18.561824313860484,-20.715575669000575,-15.797215372458712,0.003998517990112305,4,808,2343.0,216.0,480.0,10,38,5,34
1354.0525631414757,277.39754114507457,4.7080661328678744e-06,-43.588570920877224,-36.09913361582424,-42.29271283701857,-30.83216828055861,0.003999948501586914,4,678,2658.0,191.0,545.0,9,42,5,38
1469.2766077223173,299.48043550455844,5.187012382832431e-06,-19.07414587711866,-15.296645698896079,-18.670568136280266,-13.592038001094108,0.0,4,989,3186.0,259.0,658.0,13,36,4,33
2059.3153342393516,428.19666675099967,6.162238795207294e-06,-18.068477232154322,-15.898569675115553,-17.412282902226288,-14.957229097522081,0.004000425338745117,4,1340,5681.0,327.0,1206.0,14,31,6,28
1981.7991142309722,410.6783767946234,4.948546971494639e-06,-23.20646991101635,-20.298351687742574,-21.48924362770612,-19.53245132601646,0.003999233245849609,4,1279,5413.0,280.0,1142.0,23,35,15,32
582.8273525595434,125.53619935858178,2.9776382897984496e-06,0.8944253582386008,0.8798935947329075,0.9039302471401773,0.9027380999958455,0.004001140594482422,17,4779,5206.0,1062.0,1079.0,24,28,21,24
800.6387331077487,176.36029139506542,4.526297162822116e-06,0.8348928816110743,0.8121212698784854,0.8453206651974621,0.8369419045632884,0.003998756408691406,16,5324,6257.0,1171.0,1311.0,28,29,22,26
1071.9681573335463,246.7072595407609,6.73683769391727e-06,0.8836206289165077,0.8671521437830955,0.886394066479679,0.8721453043852352,0.0039997100830078125,11,9000,11272.0,1993.0,2477.0,23,25,22,22
1149.9295923732593,252.07462779408817,7.009643703808643e-06,0.8729857427538033,0.8726068192829444,0.8760401456094355,0.877789392262637,0.0040018558502197266,11,9252,11809.0,2100.0,2606.0,24,25,21,21
1078.7794234432006,251.6888511193489,8.368053779271355e-06,0.9205202957210991,0.9098755380731057,0.9222733150961523,0.9118031823879462,0.003998756408691406,10,11258,13909.0,2569.0,3125.0,23,24,20,21
1145.4384992462735,268.67065753859725,7.976286472431161e-06,0.9192705894223261,0.908202358125612,0.920909612925142,0.9105326007647381,0.0,10,11846,14952.0,2757.0,3397.0,22,23,18,20
1228.4333164822087,297.2602614603544,1.2552320932807737e-05,0.9241616380240839,0.9098319932835524,0.9254846165459535,0.9111300354564906,0.004000186920166016,8,13460,17301.0,3176.0,4030.0,21,21,16,18
1370.3829148574982,350.75951385406466,1.1194630939344026e-05,0.9328225913516245,0.9136945380109848,0.933744224638761,0.9148628159964471,0.0,7,16579,21333.0,4017.0,5188.0,19,18,16,16
1557.4132365437574,388.97861342511834,1.2655692193228198e-05,0.9228299360105932,0.9089043337133131,0.9237534841572761,0.9097470795044574,0.0,6,17904,23616.0,4411.0,5881.0,18,17,15,15
1446.1330862772647,372.0392365710734,1.2675308511935711e-05,0.9379530645542666,0.922195290621337,0.9387220040525236,0.9232324458509907,0.0020215511322021484,7,18505,23770.0,4527.0,5950.0,18,17,15,15
1572.413810512157,403.00855278395926,1.3790899902364061e-05,0.9358499086057968,0.922258566418788,0.9365667993619121,0.922969312655989,0.004000663757324219,6,20198,26136.0,5144.0,6697.0,17,16,13,14
1637.5464229248716,437.6212415592161,1.5841148150553087e-05,0.9414585383228081,0.9254327071444837,0.9421092861353745,0.9259347934870649,0.004000663757324219,6,22563,28954.0,5883.0,7699.0,16,16,13,13
1658.073677237817,450.67372733568385,1.610354844196488e-05,0.9432952385757915,0.9256361397592551,0.9439420972524244,0.9261966433395749,0.004000663757324219,6,23376,29854.0,6116.0,8028.0,16,15,13,13
1577.0439869712275,465.6451212536951,1.973000023876826e-05,0.9614161432691046,0.943715742333711,0.9617385143067715,0.9441158912499076,0.0,5,27905,34718.0,7936.0,9911.0,14,13,11,11
1794.9753406897294,539.9885476368432,2.230579233519578e-05,0.9534657178753183,0.9306183498059968,0.9538735131885331,0.930989702998742,0.004000186920166016,5,29048,36753.0,8325.0,10878.0,14,13,11,11
1799.7982496889292,577.6099372269606,2.8238131103843564e-05,0.9612489135182745,0.9375313680402407,0.9615269032059561,0.9377577554117934,0.00400090217590332,4,32932,41032.0,9739.0,12967.0,13,11,9,9
1697.869734525198,575.4159908275055,3.185655860912818e-05,0.9696069839130779,0.9473991869326931,0.9697980692578663,0.9476827489140958,0.003999948501586914,4,35447,43446.0,10947.0,14183.0,12,10,9,8
39.2762650973842,8.793345021473153,5.857983250594519e-06,0.6904996911817886,0.5667359581405726,0.7128215653528446,0.7895184557692444,0.003998517990112305,4,242,244.0,97.0,74.0,9,6,3,4
69.5865767707154,13.944831778595729,5.937601143030288e-06,0.39664769302096725,0.46671999085870997,0.4328699550896591,0.678542468710497,0.004000425338745117,4,347,335.0,115.0,99.0,7,7,3,4
210.02006352568637,43.154277501386424,9.927221114575986e-06,-4.849701859711061,-4.084327612745893,-4.612868712225822,-2.3274946764365985,0.004000425338745117,4,307,334.0,104.0,104.0,7,14,5,4
513.4980627194875,105.26999018397092,5.314752063597813e-06,-10.245921261839982,-9.226697522782352,-9.973761247958914,-6.671879929688556,0.003999948501586914,4,505,766.0,162.0,154.0,10,40,3,36
1442.3572286365122,294.3409835264762,5.178671168495621e-06,-46.878601560428336,-39.12445145936785,-45.709765969777486,-34.056482221483854,0.004000425338745117,4,654,2833.0,171.0,583.0,12,42,3,39
2240.2232473386816,484.4930232555814,7.019805343902165e-06,-2.100635501598236,-2.187253793810938,-1.9898459895506218,-2.137497778824334,0.003999948501586914,4,3538,9399.0,766.0,2065.0,28,27,25,24
563.5635636233968,122.4761300785765,3.424062832622159e-06,0.8901402687415473,0.8705692603880743,0.9024458656285803,0.9000355157782062,0.004004955291748047,18,4637,4801.0,998.0,992.0,26,28,23,24
669.8852052667637,153.78789824644468,4.207861522309775e-06,0.8889659009207951,0.8623705180223075,0.8956204063207933,0.8804165295469113,0.0,15,5456,6148.0,1219.0,1286.0,25,28,22,25
1020.3253783856294,233.89603578418246,6.333743139474415e-06,0.8949213300251309,0.8816594073485164,0.897240530840724,0.886293763762407,0.0,10,9027,11068.0,2066.0,2422.0,24,24,19,21
1126.3399033052935,259.398042483833,6.980040870347296e-06,0.8957274209724074,0.8832663776908323,0.8979529244026526,0.8870095717194748,0.004000425338745117,10,10114,12802.0,2309.0,2850.0,23,24,20,20
1043.2155277614677,248.56376456544317,7.49614640829476e-06,0.9216509929635148,0.9066980471806318,0.923088575132752,0.9088681570381123,0.004000186920166016,9,10802,13314.0,2498.0,2974.0,22,23,20,20
1413.6944088877306,344.5736183961617,1.082121574748938e-05,0.9209712629515937,0.9094166696267038,0.9220551932881521,0.910639928304645,0.004000186920166016,7,15587,20376.0,3824.0,4916.0,19,19,15,16
1609.8231467555022,407.76238126446646,1.3344109557548351e-05,0.9237588712417456,0.9093379929623702,0.924642924471567,0.9101504043781298,0.003998756408691406,6,18780,24716.0,4735.0,6289.0,17,17,14,14
1771.4309945411512,491.5867113102653,1.786004364259822e-05,0.9391525125362216,0.9182563587937516,0.9397355595468567,0.9186682138974461,0.004000425338745117,5,24250,31572.0,6508.0,8713.0,16,14,13,12
1608.3821526416446,463.0714870596759,1.8122831825645986e-05,0.95510193262918,0.9364125476866951,0.9555498778214376,0.9370092145498209,0.004000663757324219,6,25914,32634.0,7011.0,9072.0,15,14,12,12
1918.518028865857,585.7268187901251,2.3280028847379886e-05,0.9454284092533659,0.9147668079921358,0.9458573240537499,0.9150779115717245,0.004000186920166016,4,28692,36868.0,8033.0,10963.0,14,12,11,10
1845.5653972202304,577.5073322045357,2.5210294675092515e-05,0.9536295441998521,0.926307839928953,0.9539753266319219,0.9265687219888297,0.003999948501586914,4,30522,38417.0,8794.0,11810.0,13,12,10,10
18.560711193270585,4.631189552012168,4.6608726012123365e-06,0.9551908676372391,0.9301591967798833,0.9573557886293347,0.9585533821969968,0.003999948501586914,4,298,308.0,118.0,90.0,7,6,4,5
105.0377908183526,21.549603631312262,6.714010367115238e-06,0.11995279713434315,0.1555562571031699,0.14789574629210933,0.45038667475246674,0.0039997100830078125,4,366,386.0,145.0,118.0,7,7,4,4
619.1763430154612,124.29161777851313,9.613433262040087e-06,-34.91837686719368,-24.360230580403623,-33.53349084345069,-16.91765293192619,0.004000663757324219,4,374,887.0,137.0,179.0,8,45,5,40
190.72124619454436,38.74798381851629,6.057420272403195e-06,-0.7549538073264708,-0.6410874355696086,-0.69693998649314,-0.1438726487657429,0.004000425338745117,4,492,492.0,158.0,158.0,8,8,4,4
750.4782502955476,151.344495274853,7.229078482185532e-06,-13.692051300697045,-11.670901226549752,-13.354614131236668,-8.376990946656488,0.004000425338745117,4,653,1207.0,196.0,244.0,8,38,4,33
748.3846562764365,151.4746265880857,4.83466337901314e-06,-27.088042816990058,-23.225229688034865,-26.533698382932354,-17.55209973004981,0.003999948501586914,4,434,1125.0,151.0,227.0,12,50,4,45
918.5509194740739,185.5739407891097,4.413631352034314e-06,-15.095533868072984,-13.410961163230525,-14.789540331761687,-10.086967632267209,0.0040035247802734375,4,706,1581.0,226.0,320.0,8,41,4,36
1449.3485282187994,296.1197322593233,6.492014390932573e-06,-25.22724081888686,-21.70843279998051,-24.83867360345108,-19.356415776829074,0.0,4,861,2932.0,227.0,604.0,14,38,6,34
2204.5004134535034,459.61597421107984,7.680923196356456e-06,-34.3591578135009,-30.479646704374314,-33.56866954591044,-28.105170968237456,0.0,4,1139,5572.0,292.0,1189.0,14,31,6,28
2113.057332792148,441.99052591656306,6.385904130358513e-06,-19.62618238939501,-17.612759225866494,-18.88622739690886,-16.74509297057338,0.00400090217590332,4,1373,5814.0,313.0,1237.0,19,31,11,28
1945.5731187536146,407.5791078633284,5.483369047421409e-06,-7.688780221422078,-7.09460328617911,-7.36079772884902,-6.83336239565195,0.004000663757324219,4,1906,6074.0,421.0,1290.0,22,31,22,27
1835.042052197533,382.01929216118566,5.094240998595662e-06,-5.352201063092538,-4.73897337484342,-5.050841102517609,-4.581953869340104,0.0,4,2100,6160.0,447.0,1305.0,29,32,25,28
883.3305828536965,198.06946162371165,4.7115121997667635e-06,0.8758714286785063,0.8593832688465703,0.8809961573394582,0.8695213708154989,0.00400090217590332,14,6876,8335.0,1516.0,1778.0,27,28,22,25
937.262885165678,217.08416361151058,5.628355350703851e-06,0.8877495423577436,0.8667273229612867,0.8909628733418389,0.8744276783060855,0.003999948501586914,12,7770,9387.0,1785.0,2024.0,23,26,21,23
1053.5859085364925,243.16174315326276,6.428756466440368e-06,0.8904163430028633,0.8738788976220359,0.8928433864091736,0.8778967515923499,0.003999948501586914,10,9017,11423.0,2033.0,2513.0,23,24,18,21
1102.9462591393337,255.80530027415705,7.824185600974436e-06,0.910122148390886,0.8996098406691688,0.9118129119606866,0.9024375995988512,0.0039997100830078125,9,10660,13532.0,2470.0,3033.0,22,22,19,19
1348.1011081614342,321.8225442693535,9.84193829340937e-06,0.903292708603575,0.8886540075946823,0.9047620756995217,0.8908587042875404,0.00400090217590332,8,13030,17285.0,3062.0,4034.0,21,20,16,17
1282.3608493033803,315.43834235249045,1.0050791078367857e-05,0.9259125792624173,0.9103882180820859,0.9269976269799003,0.9121848787045831,0.004000425338745117,8,14508,18418.0,3437.0,4351.0,19,20,16,17
1592.011836693447,388.52891839618263,1.6366718942953248e-05,0.9005325513251701,0.8845142860949092,0.9019493383852705,0.8859211672885678,0.003999948501586914,7,15745,21187.0,3803.0,5193.0,19,18,17,16
1331.6065199273557,332.29437904939965,1.2040323859441345e-05,0.9472150988493973,0.9387066957126738,0.948021921536861,0.9394144826325435,0.0039997100830078125,8,18602,23273.0,4649.0,5768.0,19,19,16,16
1492.9732440760222,377.4430100113812,1.3130297279205103e-05,0.938151951648526,0.9269449911238472,0.938936401548833,0.927713619110848,0.004000663757324219,7,19215,24866.0,4841.0,6287.0,18,17,15,15
1624.537060080338,437.5713680391572,1.5404444654889718e-05,0.9398720201366885,0.9211452069340806,0.9405181464071867,0.9217949444527008,0.004000425338745117,6,21739,28140.0,5679.0,7448.0,16,16,14,13
1789.4613950042415,514.5241951244092,1.944809954556875e-05,0.9443486178938747,0.9208482758635179,0.9448799596303457,0.9212236056395752,0.004000186920166016,5,26005,33427.0,7076.0,9442.0,15,14,12,12
1600.4273606890458,477.7429610597159,2.003981676652472e-05,0.9606312470910954,0.9407034401418463,0.9609613792983756,0.9410914309152668,0.003999948501586914,5,27978,34877.0,7752.0,9992.0,14,13,11,11
1838.7766710053002,610.2033643248235,3.052867456682876e-05,0.9597222497937927,0.9310492904854178,0.9600219298112427,0.9312470626677325,0.0039997100830078125,4,33007,41523.0,9949.0,13226.0,12,11,10,9
1674.627592307217,550.1250520714965,2.899578799084727e-05,0.968096092633098,0.9468158794935058,0.9683051125389386,0.9470564432667649,0.0,4,34037,41475.0,10315.0,13439.0,12,11,10,9
1784.1230076006532,597.4240624687515,3.187939525466076e-05,0.9651004143959354,0.9400242185340921,0.9653408208363669,0.9402378189462646,0.004000663757324219,4,34817,42511.0,10739.0,14069.0,12,10,9,9
181.91501564375235,37.71687288204047,8.429378621739597e-06,-1.674270085497425,-1.8862242571795473,-1.5723362930920182,-0.8663441433315566,0.004000663757324219,4,382,382.0,127.0,117.0,8,9,4,4
134.24375373426753,28.439995311767078,6.916771085873304e-06,-0.15166849206216626,-0.26785009647229807,-0.10891920039837322,0.20147463102344298,0.004000425338745117,4,417,430.0,157.0,138.0,8,7,4,4
523.4869168215508,106.15839188056056,9.11807998505216e-06,-11.389633391276632,-9.857731394886423,-11.057007911871196,-7.110789576273728,0.004000186920166016,4,515,784.0,167.0,167.0,9,35,5,4
1231.162158457068,251.12005346049128,7.291894574074191e-06,-34.199296504243904,-29.234368328046404,-33.663822466782605,-24.18157371987866,0.0039997100830078125,4,655,2200.0,196.0,450.0,9,41,5,37
1290.3814520004023,262.67282009501224,6.345336118443291e-06,-35.3348376518311,-30.507007806535547,-34.7426800420644,-26.170457377697694,0.003999948501586914,4,674,2403.0,185.0,493.0,12,41,5,38
1687.8954629212083,347.8362132527319,6.994268560335234e-06,-38.68667554613575,-35.36852585541666,-38.06672462130767,-31.629406934140484,0.004000186920166016,4,818,3538.0,194.0,736.0,14,38,5,34
1977.6186700591868,412.45293923468813,5.33452371414096e-06,-8.245901543615943,-7.340586558504551,-7.788823477551652,-7.103507877523967,0.0039997100830078125,4,1958,6298.0,416.0,1340.0,26,31,25,28
2414.6970565683805,514.1358952164301,6.875061633495845e-06,-8.205875313455676,-7.699121101370233,-7.807608308967895,-7.506405980571591,0.004001140594482422,4,2280,8305.0,496.0,1813.0,25,28,19,25
2484.5263612172307,539.4809137031634,7.4413075304861234e-06,-6.546630205197072,-6.850010681952175,-6.222969048643889,-6.688392875825411,0.003997325897216797,4,2598,8945.0,553.0,1969.0,28,27,20,24
1866.3092170779203,394.4063577073777,5.170013696274105e-06,-2.047144233464227,-1.9370291383572011,-1.9163014714162885,-1.8856323398373172,0.004000186920166016,4,3118,7522.0,685.0,1615.0,25,31,24,27
479.25208658909355,108.51992904531407,2.867453082514054e-06,0.9029901902279037,0.8646088408328367,0.9195784378753907,0.9095639267649288,0.0,20,4227,4370.0,902.0,900.0,26,27,22,23
551.7030870824417,119.72530287348681,3.1633916799137106e-06,0.9043310419378936,0.8924323298836012,0.913683806630648,0.9123967937935463,0.0,19,4889,5141.0,1078.0,1066.0,27,30,23,26
773.7487672118805,172.32492841252235,3.896817217885199e-06,0.8558015509018722,0.8345407093157975,0.8640740119846948,0.8536142309952546,0.004000425338745117,16,5476,6440.0,1190.0,1352.0,28,30,24,26
1067.9955866171488,239.47271196376613,6.514776443908863e-06,0.8676587556767686,0.8568156417953442,0.8710507047373448,0.8619994881718214,0.004000186920166016,11,8239,10493.0,1803.0,2288.0,24,26,20,22
1175.0898773201222,261.0919167860028,9.948466670940811e-06,0.8788894155708142,0.8761471803739317,0.8811888526425429,0.8797911273807901,0.003999948501586914,9,9710,12673.0,2249.0,2823.0,23,23,19,20
1293.196397720363,317.13395443399787,9.6619750581883e-06,0.9229543074457678,0.9072268456863453,0.9243713429796935,0.9086607562558193,0.003999948501586914,9,14138,18213.0,3339.0,4278.0,21,21,17,18
1380.3057710179207,351.6231640014144,1.1384262441497406e-05,0.9324395339827137,0.9149358353339235,0.933391501145791,0.915811825105004,0.004000425338745117,7,16779,21518.0,4056.0,5265.0,19,19,15,16
1246.6057788017572,320.0266621957131,1.1649252585238398e-05,0.9500029353267682,0.9368082756252192,0.9506283294136064,0.9378076141086504,0.004000186920166016,7,17790,21988.0,4405.0,5386.0,18,18,15,15
1598.765647537087,402.02582747560734,1.30545253533061e-05,0.9203755206445361,0.9059124222621846,0.921317178038133,0.9068129639471842,0.004000186920166016,6,18285,24100.0,4516.0,6073.0,18,17,15,14
1726.9395817888176,440.7384156887504,1.444553462256591e-05,0.9215127809637089,0.9073808534512974,0.9224793174619192,0.9080292591768543,0.0039997100830078125,6,19998,26576.0,5233.0,6906.0,17,16,14,14
1590.1303639853197,422.1781160862411,1.5722808611314306e-05,0.9455197441516737,0.9323386498364985,0.9460964089740308,0.9328549343365765,0.00400233268737793,6,22524,28931.0,5952.0,7698.0,16,15,13,13
1734.345795059943,496.8279168357676,2.0674716067877637e-05,0.9479757720814389,0.9277552439839697,0.9484253147565436,0.9282382870232107,0.003998994827270508,5,26075,33428.0,7238.0,9444.0,14,13,12,11
1593.5665460978105,452.00267814763174,1.938775470342427e-05,0.9587991916856234,0.9441988100724882,0.9591614542148345,0.9444692808319742,0.003999948501586914,5,27082,33784.0,7494.0,9531.0,14,13,12,11
1829.645205756397,537.485911688072,2.1784511694497073e-05,0.9471696996831159,0.9249364222700294,0.9476300084053498,0.9253341633161304,0.004000186920166016,5,27563,35548.0,7825.0,10386.0,14,13,11,11
1620.817288965825,477.9057934032826,2.0681972796240487e-05,0.960640231346357,0.9439748607380622,0.9609478451943037,0.9443728465348061,0.0,5,28637,35462.0,8096.0,10227.0,14,13,11,11
1615.0904032054416,497.0439353660907,2.244513500577834e-05,0.9649956330814813,0.9456579342275142,0.9652670022349099,0.9460939838391069,0.00400090217590332,5,30315,37492.0,8810.0,11115.0,13,12,10,10
1769.2620136420344,579.7686320133805,2.951240343816726e-05,0.962664279114591,0.9382386645018805,0.9629172362366889,0.9384809575117884,0.004000663757324219,4,33087,41176.0,9882.0,13304.0,12,11,9,9
1732.8122403817058,573.4852148631791,3.1881877973493944e-05,0.9669029137928199,0.9455039178999587,0.9671244491089548,0.945716594998034,0.004000425338745117,4,34981,42629.0,10925.0,13901.0,12,10,9,9
1666.7491375428997,561.7941404553807,3.3028621695334423e-05,0.9706908738717807,0.950661447860038,0.9708697740283171,0.950930654935952,0.003999948501586914,4,35689,43528.0,11266.0,14403.0,11,10,9,8
1493.9432685290742,507.76192953325415,3.4273020534009784e-05,0.9786989732663862,0.9642338434007888,0.9788164357832325,0.9645837848584311,0.0039997100830078125,4,37957,44958.0,12319.0,14696.0,11,9,8,7
1422.8848007656838,524.1403179652054,3.6384486297790084e-05,0.9813290280715428,0.9643155542350869,0.9814333030355811,0.9646331846039085,0.0,4,38958,45817.0,12907.0,15518.0,10,9,8,7
197.6007917915985,40.255305033415574,9.271726335148888e-06,-4.0079020783729895,-4.038119453345778,-3.8344858458991204,-2.3577019813133155,0.003999948501586914,4,316,310.0,98.0,98.0,9,15,5,4
300.36952935786724,60.791138334464506,8.08342288492895e-06,-4.683758698259954,-4.379385440156253,-4.466676260318699,-2.441472825504929,0.0,4,430,476.0,149.0,126.0,8,20,4,4
265.6799060900165,53.67038677582514,1.0408791595378076e-05,-10.290216116244517,-8.131521186147713,-9.870971681215016,-5.310538589631857,0.004000186920166016,4,284,364.0,99.0,99.0,7,33,5,4
879.2493898680473,178.2487435673344,7.92931421544863e-06,-28.040054202879556,-24.0113190373642,-27.371284339020974,-17.52871537777112,0.003999233245849609,4,527,1401.0,164.0,284.0,9,43,4,38
937.456193420969,190.78186169025608,5.513878836238689e-06,-10.315134913937367,-9.058280033373537,-10.131188484334345,-7.320422345048852,0.004000663757324219,4,849,1728.0,247.0,351.0,13,38,4,34
2094.148785405819,432.58340958709914,7.077772777882258e-06,-28.46898777223843,-24.206062678050685,-27.60556104278738,-22.95713670965093,0.004000186920166016,4,1130,5364.0,276.0,1139.0,16,32,6,29
2111.0588896136146,439.93625248437985,6.541151493506276e-06,-19.50330350540149,-17.584295995248706,-19.012913306606944,-16.41553849791931,0.004000425338745117,4,1327,5695.0,323.0,1213.0,14,30,5,27
2371.733729872868,508.5357042529069,7.187279337875904e-06,-7.138941093890427,-7.0587687826318835,-6.862347884156528,-6.865597429541362,0.004000425338745117,4,2377,8217.0,515.0,1795.0,22,27,14,23
1904.1321158426306,402.9377795226785,5.586618899640281e-06,-2.4827252138325537,-2.302702281810481,-2.3492351595257683,-2.2378922989993835,0.003999948501586914,4,2896,7481.0,628.0,1606.0,26,29,22,26
579.3266278811565,121.91084104605694,3.197170857109899e-06,0.8930176951471085,0.8842925268470656,0.9045906574042308,0.9067533548293959,0.003999948501586914,21,4736,5022.0,1035.0,1040.0,30,31,25,28
654.3825648475596,145.01127745191164,3.6988160590485227e-06,0.8982615154242879,0.8850023230204775,0.9041050395740479,0.8994096441613355,0.00400090217590332,15,5616,6118.0,1227.0,1279.0,26,28,21,24
904.7189850226782,203.39587931157857,4.703894397994097e-06,0.8411700253393539,0.8143084489555406,0.8481391756081135,0.8324720423379601,0.004000425338745117,14,6199,7548.0,1345.0,1601.0,26,28,18,24
873.0714560915736,201.28598190541712,5.308275343048909e-06,0.8994354838863086,0.881689210250549,0.903085367933142,0.8892506495745411,0.003999948501586914,14,7632,8915.0,1729.0,1912.0,25,28,22,24
1033.1697145633475,238.4393624078343,7.843915018514006e-06,0.8802032154158581,0.8595143532189294,0.8836805313023025,0.8670397925455371,0.003999948501586914,12,8386,10504.0,1899.0,2291.0,24,26,19,22
1247.7808078522623,288.6444371733346,8.319661065941289e-06,0.9047947719901808,0.8969269920003231,0.9067688958317842,0.8992181960125807,0.0,10,11940,15559.0,2808.0,3568.0,23,23,18,20
1363.6450323282627,326.64217046621786,1.048909213114694e-05,0.9173337049152896,0.9068361198013186,0.918456909978083,0.9081796815407078,0.004000425338745117,7,14632,19078.0,3506.0,4535.0,19,19,16,16
1453.7893401907218,353.43494573905,1.1496817803160345e-05,0.9276020856585399,0.9195041067791786,0.9286961304063729,0.9206692168902988,0.003999948501586914,8,16915,22061.0,4306.0,5411.0,19,19,16,16
1610.2271380678606,419.0703871209491,1.5308732496156192e-05,0.9407243993986416,0.928765476837761,0.9413297550218701,0.9294572186879275,0.003997087478637695,6,21871,28223.0,5694.0,7459.0,16,15,14,13
1801.5848140193855,489.0045097198141,1.73104791103749e-05,0.9307685543701005,0.9097989441362556,0.9314369364506416,0.9103096037670746,0.004000425338745117,5,22905,30016.0,6080.0,8168.0,16,14,12,12
1756.4606037801072,492.01983271965133,1.8016543083722583e-05,0.9413233180237869,0.9191937504410078,0.9418795293147203,0.9196109064171929,0.004000663757324219,5,24383,31713.0,6567.0,8768.0,16,14,12,12
1640.260361232807,474.8025406751516,1.99204187503862e-05,0.9562024278872053,0.9385982942740814,0.9565688341284555,0.9390578323063614,0.004000186920166016,5,27042,34191.0,7568.0,9735.0,14,13,11,11
1625.833486651013,485.4976069104661,2.1063232453628664e-05,0.9608447547249507,0.9425456123598275,0.9611677243435321,0.9429353949399828,0.004000663757324219,5,28707,35719.0,8162.0,10369.0,14,13,11,11
1649.6421717259905,518.3509479716979,2.3754522358333925e-05,0.9635430214029732,0.9412677124005371,0.963850710246377,0.941585118500152,0.0,5,30668,37722.0,8936.0,11264.0,14,12,11,11
1844.9532457942305,580.3899999856418,2.7889311060072455e-05,0.9576047943118202,0.9343003288315997,0.9578987315431329,0.9345625245120515,0.004000186920166016,4,32087,40418.0,9488.0,12719.0,12,11,9,9
1766.7265074377906,580.3751839686693,2.9101471266273192e-05,0.9629910955210937,0.9380488715630548,0.9632445748536322,0.9382894475102133,0.004000425338745117,4,33189,41114.0,10034.0,13223.0,12,11,9,9
1612.2600241327907,577.3277791543841,3.515600953319739e-05,0.9739637579643825,0.9509784723378907,0.9741288588073167,0.9512031668903548,0.004000425338745117,4,37052,44330.0,11685.0,15163.0,11,10,9,8
1471.3240493967783,505.01646012778633,3.423096080682493e-05,0.9794620387813465,0.9648239173730401,0.9795780675165694,0.965117276100781,0.003999233245849609,4,37993,44905.0,12436.0,14497.0,11,9,8,8
1346.852310327058,481.32990678604904,3.447182958563587e-05,0.9832361295615275,0.9701118094998472,0.9833222733759394,0.9705284803933516,0.004001140594482422,4,39202,45464.0,12991.0,15560.0,10,9,8,7
95.6896023609671,19.929824802708797,7.0847042284495464e-06,0.10441164559102889,0.04244367590406173,0.15000248851976272,0.4525768554473276,0.004000425338745117,4,353,369.0,140.0,109.0,8,7,4,4
399.8356302907483,80.47689885923786,8.63671309137756e-06,-11.543701837732021,-9.690808149684932,-11.066530028729376,-6.2449452352908565,0.003999948501586914,4,382,552.0,125.0,123.0,9,38,3,4
486.339012846663,98.96500854679226,7.43350867171641e-06,-8.319371973880264,-7.160140293893576,-8.04430243636874,-4.6807078598055725,0.0039997100830078125,4,538,747.0,177.0,156.0,9,34,3,5
600.033028604815,122.45003232611523,6.300077047264617e-06,-11.422784266301374,-9.485997490823932,-11.134383331102564,-6.795677086718223,0.004000663757324219,4,548,934.0,179.0,188.0,9,38,4,33
1045.6278865271972,212.130831288932,7.243678158540818e-06,-34.9365673402541,-33.17795417834186,-34.35487597027587,-25.996530094129593,0.004000425338745117,4,535,1756.0,162.0,358.0,13,44,4,40
1088.8720176555798,220.41641461863347,6.657760206248864e-06,-27.805363737722633,-24.002211333479153,-27.23525181806376,-18.298734382848245,0.004000663757324219,4,639,1869.0,197.0,381.0,11,42,4,37
1709.490896436714,350.2523048936771,7.196968636570813e-06,-34.95702679198091,-29.97223830220841,-34.3478703275003,-27.127485449644432,0.003999948501586914,4,840,3685.0,215.0,767.0,14,37,5,34
2112.9168203181434,442.06634824424265,7.626052059261963e-06,-30.02299515873144,-26.69262661670104,-29.336287921959688,-24.544262656685287,0.004000186920166016,4,1152,5354.0,289.0,1138.0,13,31,6,28
2018.2654707487484,420.23795342638914,6.932248039645687e-06,-22.309896052040692,-20.18855846370836,-21.65324581438548,-18.913847115218587,0.004000425338745117,4,1233,5303.0,291.0,1124.0,19,32,6,29
1996.7984427160727,418.318820299382,6.572144926242841e-06,-12.527953449461993,-11.68654295765259,-12.170838246383978,-11.066204977466738,0.004000663757324219,4,1533,5689.0,339.0,1208.0,21,31,21,27
1848.6127343677654,384.5689822168883,5.466674109942796e-06,-13.647139635023178,-11.958928889412155,-13.004103789078453,-11.32776573551659,0.00400090217590332,4,1436,5188.0,317.0,1091.0,20,33,5,29
2343.7881308009332,494.121716617812,6.48572218516544e-06,-18.433459969614702,-16.978586382886128,-17.26761033024503,-16.417836403942292,0.003999233245849609,4,1633,7099.0,354.0,1531.0,25,31,24,27
2379.847622923227,510.0846335004941,6.687513659615294e-06,-5.631204153809693,-5.493335860754956,-5.3449898144410986,-5.351286410543786,0.004000186920166016,4,2703,8731.0,583.0,1915.0,28,27,21,24
2236.282771792661,481.3748106552038,7.2539600368392045e-06,-2.2468036413623587,-2.239883792954498,-2.1380754105954987,-2.194563868077039,0.00400853157043457,4,3562,9365.0,756.0,2060.0,29,27,24,24
404.63478183006794,84.91328910521996,2.7171502616053184e-06,0.9171393164988484,0.8981668217616438,0.9423384816320025,0.9446079086067961,0.004000663757324219,25,4024,4052.0,892.0,892.0,28,27,26,25
627.6685079036174,139.4386586814565,3.908583941738123e-06,0.911975828707821,0.9003665518221307,0.9165521374141223,0.9123677855495846,0.0039980411529541016,14,5785,6133.0,1314.0,1281.0,25,27,23,23
989.1109332133818,216.12311826176997,5.531759536320097e-06,0.8582844361496773,0.8515570648543833,0.8621198183769366,0.8596252578941875,0.004000425338745117,11,7245,9101.0,1627.0,1959.0,24,26,21,22
1117.9827070815243,256.3651692410652,6.736572624154628e-06,0.8771573645667867,0.8626377150563049,0.8797964275061098,0.8670341449435551,0.0010068416595458984,10,9089,11694.0,2068.0,2582.0,24,24,18,21
1183.707490143668,268.1819863036624,7.904960521985707e-06,0.8899353796382895,0.8830285249180596,0.8921478355486502,0.8869438591799467,0.0,10,10484,13213.0,2365.0,2958.0,22,23,18,20
1304.423298359987,314.35550008673715,9.52383329201879e-06,0.9127082269129131,0.8975456190366091,0.9140812242817894,0.8991951519379184,0.004000425338745117,8,13367,17366.0,3135.0,4060.0,20,20,16,18
1236.094687015852,305.1715716970423,1.0129024204096871e-05,0.9377527677993434,0.9260900112847199,0.9385903969415975,0.9272202295867107,0.00400090217590332,7,15346,19315.0,3743.0,4595.0,18,19,15,16
1453.3227006898453,372.19039682582047,1.3196205745277856e-05,0.9395565213330184,0.9253805598837078,0.9402463188484691,0.9261628430308277,0.004000663757324219,6,19047,24459.0,4895.0,6189.0,17,17,14,14
1630.7374196708965,430.02118948286176,1.5067954700202257e-05,0.9335417797204837,0.915353245718743,0.9342356284747305,0.9162684480270219,0.004000186920166016,6,20702,26950.0,5302.0,7062.0,17,15,13,13
1645.0813289765854,461.20770523531047,1.8497677513742133e-05,0.9515154216944508,0.9346451770206148,0.9519460334222393,0.9350224376408901,0.0039997100830078125,5,25525,32408.0,6920.0,8988.0,15,14,12,12
1690.5984552347447,500.26960099951157,2.011764245979012e-05,0.9533810834472568,0.9313179723806922,0.953779793106965,0.9317077551527587,0.0039997100830078125,5,27011,34269.0,7601.0,9777.0,14,13,11,11
1658.855540806118,503.29570673814874,2.25105060253196e-05,0.9612491960980968,0.9416144615562444,0.9615633197796873,0.9419761858753022,0.004000663757324219,5,29564,36691.0,8551.0,10752.0,14,12,11,11
1782.6586359984908,568.1614170579812,2.7481149532588782e-05,0.9601118488609749,0.9369768378313416,0.9603937243923437,0.9372173330889871,0.004000663757324219,4,32052,40282.0,9576.0,12517.0,13,11,10,9
1673.8537495850705,569.4503288991352,2.9749582068279514e-05,0.9686506341395934,0.9437579872844242,0.9688498912994938,0.9440259153735892,0.004000425338745117,4,34192,41709.0,10426.0,13484.0,12,10,9,9
1650.9844727212508,563.9551917779756,3.289055689393181e-05,0.9713668261076985,0.9502909011260139,0.9715463760978265,0.9505260179797078,0.003999948501586914,4,35739,43564.0,11179.0,14298.0,12,10,9,8
1474.7642396328981,493.44525405560444,3.4299946556380347e-05,0.9791528118902181,0.9663201864582405,0.9792665061783883,0.9666185057313332,0.003998517990112305,4,38067,44890.0,12455.0,14544.0,11,9,8,7
1325.5240826744719,481.25046536774033,3.390877074455345e-05,0.9839363968127337,0.9700670320804813,0.9840190228223745,0.9704965266034894,0.003999948501586914,4,39183,45388.0,13104.0,15520.0,10,9,7,7
456.4069478911702,93.10354898355558,6.707651002673588e-06,-5.24920083566423,-5.2016832243033155,-5.0804615525419035,-3.294451109703748,0.0039997100830078125,4,575,729.0,193.0,165.0,8,31,4,5
868.7615526809797,176.5303916232745,7.275425502663286e-06,-26.80617035944495,-25.12792217173296,-26.275790532303372,-18.7066977566948,0.0,4,543,1393.0,157.0,283.0,9,44,4,40
1141.8608122636197,232.85398679573143,7.58650553461878e-06,-53.35982306402384,-48.342029054198164,-52.30481639351993,-36.72311070607442,0.00400090217590332,4,486,1960.0,147.0,401.0,9,44,4,41
1770.722954403088,364.4367943599182,6.0584598780762804e-06,-27.244459630628544,-23.766852188416138,-26.614869246653555,-21.17583945493275,0.0039997100830078125,4,1026,4096.0,252.0,856.0,13,34,3,31
1985.6674937746584,411.1195335098216,7.032945411534672e-06,-23.740269814667794,-21.054383350911543,-23.277795872218388,-19.11582114040602,0.0039997100830078125,4,1179,4948.0,308.0,1045.0,13,32,5,28
1964.1267620751976,408.36825956073847,5.755327660707344e-06,-13.132502826383984,-11.444333734786294,-12.59255870631506,-10.967506615769159,0.003999948501586914,4,1493,5680.0,341.0,1204.0,25,32,18,28
2023.8024339511667,424.81857647314183,5.9280120612294784e-06,-7.149713315227109,-6.4146420602821035,-6.765537867950685,-6.224151577863342,0.0039997100830078125,4,2078,6704.0,460.0,1434.0,26,31,24,27
2427.8862334343426,520.0899862043107,7.257568403783253e-06,-3.8725454118897105,-3.7207070411541174,-3.7105944026717257,-3.6415297248463787,0.003999948501586914,4,3070,9453.0,662.0,2091.0,28,26,21,23
705.7746918547382,155.17471691962044,3.99159244938945e-06,0.8577523677634985,0.8394637267480133,0.8693630732630028,0.8666616165611722,0.0039997100830078125,17,5090,5664.0,1141.0,1181.0,26,29,21,26
867.1489683631835,193.6362569355233,6.0118323366535115e-06,0.8941188091994106,0.8827557309429865,0.8975894547705775,0.8904989599790402,0.0,13,7373,8639.0,1678.0,1848.0,25,27,22,23
1132.5072136145045,254.3815594294873,6.773386245435655e-06,0.8589513386162615,0.8478174760707691,0.8621285272288417,0.8536845100618058,0.003999948501586914,10,8553,11097.0,1931.0,2437.0,22,24,18,21
1072.8281797989773,244.4886891067225,7.762168462201003e-06,0.8833648139820467,0.8713710022972359,0.886282015347854,0.8756970069328349,0.004000663757324219,11,9062,11345.0,2034.0,2495.0,24,25,20,22
1156.6891411398178,270.7313253937389,8.520312218034166e-06,0.9155587444102922,0.9049205804530959,0.9170308578454001,0.9074100942520882,0.0039980411529541016,9,11807,14932.0,2777.0,3400.0,21,22,17,19
1365.8483149915357,321.4566371460036,9.709456858732926e-06,0.8938999948797287,0.882499944775295,0.8955815941417267,0.8843892037839749,0.00400090217590332,8,12607,16777.0,3037.0,3912.0,20,21,17,18
1186.5301623165576,288.33400770634046,9.734006053470942e-06,0.9373916850228521,0.927055595754363,0.9383414422295616,0.9282281751209852,0.004000425338745117,8,14730,18177.0,3471.0,4267.0,20,20,18,17
1555.3946478750331,422.05798986455716,1.6307361785994675e-05,0.9501844073786906,0.9341373167103331,0.9506774986791393,0.9348422413801917,0.004000425338745117,6,23181,29418.0,6211.0,7822.0,16,15,13,13
1635.9528947021092,471.7521985556668,1.956172412297579e-05,0.9544639887063425,0.9358492534416638,0.9548676287768243,0.9362110172503552,0.004000186920166016,5,26581,33268.0,7351.0,9341.0,15,14,12,12
1565.599686684744,458.3028876650302,2.03945736254482e-05,0.962243215670389,0.9465219240560165,0.9625406228692298,0.9469352193642078,0.004000425338745117,5,28234,34831.0,7841.0,9978.0,14,13,11,11
1844.5524355517791,576.4941998840925,2.6117909934633512e-05,0.9541092798249056,0.9284780677006101,0.9544443350064993,0.9287488057922799,0.0039997100830078125,4,30746,38662.0,8889.0,11850.0,13,11,10,10
1682.775217187057,526.9829518864414,2.5321580421492607e-05,0.9634891241604786,0.9433941632452308,0.9637721704329809,0.9437742383392355,0.0,5,31320,38894.0,9353.0,11959.0,13,12,10,10
1772.724709545544,564.6822115136973,2.713797375949969e-05,0.9607202161467591,0.938298498339379,0.9609845354718812,0.9385762994640319,0.003999948501586914,4,32176,40231.0,9510.0,12622.0,12,11,10,9
1685.0255623679225,579.8325548524045,3.1034616996641056e-05,0.9678171513120299,0.9418510130249997,0.9680352400662972,0.942065735446127,0.004000663757324219,4,34526,41836.0,10302.0,13828.0,12,11,9,9
1465.2612608337122,497.789624657512,3.283931142111131e-05,0.9793910214897203,0.9656419764189009,0.9795021837902159,0.966014034438223,0.004000186920166016,4,37866,44850.0,12364.0,14624.0,10,9,8,7
215.43243817184697,43.56986726320535,8.39764368081321e-06,-3.542002522368266,-3.5248539221690702,-3.3674560261608066,-1.9107617685880505,0.004000186920166016,4,349,365.0,109.0,100.0,8,11,3,5
144.3871748113384,30.633247188852398,6.640080856835279e-06,-0.26913432260133874,-0.28411856066567864,-0.21225015464498975,0.21566244248458277,0.003999948501586914,4,448,446.0,176.0,144.0,9,7,3,4
779.0041586324598,158.1155300194555,6.986244085433798e-06,-15.59571997679231,-14.707365871672812,-15.298742700326986,-11.238649093420557,0.003999948501586914,4,589,1243.0,184.0,251.0,10,42,4,36
1297.7644961625356,264.7130718658727,7.641059985525028e-06,-34.98229274258865,-31.034596556059277,-34.3998881058529,-24.68653247014684,0.004000425338745117,4,663,2409.0,204.0,494.0,10,40,5,36
1425.9374401892017,290.2911792493875,4.823170726346715e-06,-12.851402012134978,-11.352708160239853,-12.550599251737887,-10.264659977417827,0.004000425338745117,4,1122,3244.0,271.0,669.0,15,37,4,33
1792.8328927287116,369.48240824158324,5.115999804917486e-06,-17.138095796009452,-14.69574180749187,-16.361762503042737,-13.962083036009405,0.003999233245849609,4,1258,4760.0,277.0,998.0,24,35,13,31
2105.2851251869265,444.31448837882084,5.8273925353404336e-06,-8.252657337566509,-7.687232527082697,-7.81677359627068,-7.452691103808183,0.003999948501586914,4,2047,6891.0,450.0,1478.0,24,30,20,27
2084.088824682544,441.67138755338607,5.902688035741502e-06,-3.8933100134930667,-3.6715435149746822,-3.7137198918858934,-3.574207865663145,0.00400090217590332,4,2647,7706.0,581.0,1665.0,30,28,26,25
2359.4004490901216,509.6947513790321,7.388411509049243e-06,-2.2498816993768562,-2.274673203014869,-2.1347283615612302,-2.2271284312818325,0.00400090217590332,4,3742,9974.0,832.0,2208.0,28,27,25,23
2402.573138845101,523.5238772014128,7.238057062444948e-06,-1.9844081471837298,-2.1061612524883784,-1.8751889139236768,-2.0586949230227725,0.004000663757324219,4,3987,10396.0,842.0,2312.0,31,28,29,25
846.6933150600883,189.67358742703703,4.541190811712596e-06,0.8487807388471016,0.8226968578149568,0.855668917789568,0.8408654109793947,0.004000663757324219,14,5940,7040.0,1289.0,1487.0,25,28,22,25
834.8370616714557,187.6359889994883,4.933292362249634e-06,0.8768640201699891,0.8580905096272335,0.8815773166335846,0.8701675803752746,0.0039997100830078125,13,6594,7594.0,1481.0,1610.0,26,27,21,23
894.354535116113,197.09245744474646,4.826994464746389e-06,0.8688525113213114,0.85814403477671,0.8735089584714636,0.8685873966479851,0.0,13,6796,8082.0,1553.0,1720.0,26,27,22,24
1043.1077863445294,233.44048636463492,6.298130122371354e-06,0.8806359870653468,0.8712232695283448,0.8836234046526796,0.876831040411482,0.004000663757324219,11,8575,10734.0,1918.0,2346.0,24,25,20,22
969.5234740152848,224.99348138705412,9.012787178964993e-06,0.9111151100494959,0.8975125138919785,0.913007839116271,0.9016785057691142,0.004000425338745117,10,9380,11337.0,2096.0,2487.0,23,24,20,21
1071.5438032214186,261.2270191912689,8.109547371540995e-06,0.9217436451814155,0.9018649153033189,0.9233056962158612,0.9044085632656741,0.004000186920166016,10,11328,13875.0,2554.0,3126.0,23,23,18,20
1500.1205006543696,354.5163397712934,1.1582227235336559e-05,0.8803601576432605,0.8674507149901037,0.8825051736442109,0.8700503967509948,0.0039997100830078125,9,13075,17872.0,3150.0,4219.0,21,21,17,18
1570.0328902910744,407.36211607981085,1.4148052104035624e-05,0.9333641700847509,0.9181993200279386,0.9341598829054399,0.9187907545463918,0.003999948501586914,6,19823,25769.0,5088.0,6652.0,17,17,14,14
1676.924048953156,457.74060061000546,1.6794077225344933e-05,0.9414397586349343,0.9222044771065662,0.9421068518823977,0.9227551577782487,0.004000663757324219,6,22996,29817.0,6256.0,8065.0,16,15,13,13
1741.7041110723474,503.26598596724074,1.931569138230784e-05,0.9455162701770055,0.921844031552611,0.9459884651736459,0.9223290275592438,0.004000186920166016,5,25622,32613.0,6932.0,9140.0,15,13,12,11
1731.549178595496,513.5404150548785,2.2048827939166027e-05,0.9535971512075837,0.9326935461488436,0.9540193788530209,0.9330017098204366,0.004000186920166016,5,28043,35678.0,7885.0,10436.0,15,13,12,11
1555.7604131606815,488.2498713180632,2.2539763616467563e-05,0.9667228472586229,0.9465937304613199,0.9669761133580848,0.9470332604869525,0.0039997100830078125,5,30016,37009.0,8738.0,10943.0,13,12,10,10
1775.6368106494451,577.7590147861534,2.7886557007172774e-05,0.9595382710868388,0.9325124990746168,0.9598318170810594,0.9327289982067642,0.0039997100830078125,4,31774,39727.0,9236.0,12316.0,13,11,10,10
188.60800398357082,38.19372221539381,8.370487685008118e-06,-2.0371160047691084,-1.7725543856537573,-1.8842796276398994,-0.7540811781569605,0.004000425338745117,4,387,413.0,138.0,123.0,8,8,4,4
190.82471778222722,38.9045305844962,8.534453243026891e-06,-3.9696680362748697,-3.435180165585665,-3.7708377221524954,-2.00935974629769,0.004000425338745117,4,293,319.0,98.0,98.0,9,11,5,4
23.120157150561642,5.506624798065205,5.2317392845581244e-06,0.889654042876493,0.8409245248757509,0.8964810893103976,0.9170909194477475,0.004000186920166016,4,244,242.0,91.0,69.0,8,6,4,4
93.03869042858818,19.684755099653472,5.595207922032496e-06,0.41421347563688427,0.3787965843330834,0.4386620622268126,0.6100689200746634,0.003999948501586914,4,420,424.0,145.0,145.0,8,7,5,4
610.2311379032266,123.45267311808198,8.480527474455824e-06,-17.865685041170305,-15.39174270930695,-17.369851518416183,-10.838575254678888,0.003998517990112305,4,481,900.0,153.0,181.0,8,41,4,35
138.54440473484786,28.34497309929928,8.430309192036192e-06,-1.4730708136374968,-1.2880797352130386,-1.359273446355128,-0.44798000875208466,0.004000186920166016,4,325,336.0,113.0,95.0,7,8,4,5
1027.1395809479839,209.61072551279432,7.310728029495407e-06,-20.616452974617303,-17.809090714839815,-20.264711148061956,-14.068799608446618,0.003999948501586914,4,733,1824.0,198.0,372.0,9,38,3,34
1435.3730315089988,294.0157308716661,8.230420133457142e-06,-66.26781500481927,-58.405246482961246,-65.33529059192045,-49.14133537763708,0.0,4,560,2732.0,176.0,565.0,11,40,5,36
1503.983242509703,306.8017648525945,7.027742779697206e-06,-44.807921891522206,-40.37370220908892,-44.10198956548254,-33.08257064651072,0.004000425338745117,4,694,2953.0,199.0,611.0,10,38,6,34
1172.8781239966922,239.86812783277398,5.7448896093425805e-06,-22.885293679050392,-20.614292427755906,-22.489652298595004,-16.675945181169055,0.004000663757324219,4,742,2162.0,223.0,442.0,9,40,4,36
1746.8039356445627,361.38332314870314,6.408207196181999e-06,-24.669413633005764,-22.66315335999726,-24.24702449156421,-19.637442780737207,0.004000186920166016,4,1101,3948.0,283.0,824.0,12,34,5,30
1789.9990543526367,368.54422224476673,7.017797089119261e-06,-22.17230193216569,-18.513369888269995,-21.72308258882196,-16.854345850299616,0.00400090217590332,4,1128,4275.0,286.0,896.0,14,33,6,30
2405.9641323698074,504.86664906025766,7.2931581910704735e-06,-25.694472693494586,-22.34638630468439,-24.341741173193395,-21.55550978192822,0.004000663757324219,4,1431,7032.0,312.0,1523.0,25,30,20,27
2140.7215391856394,450.8710320036096,6.013360257087311e-06,-17.085189731453816,-16.23820623185251,-16.035631753962665,-15.692284877699969,0.003999948501586914,4,1574,6329.0,323.0,1351.0,25,32,22,29
2254.830303574233,475.3286691858592,6.426797006890535e-06,-7.664673440477538,-7.010727913424647,-7.247418239540206,-6.858475789198665,0.004000425338745117,4,2333,7690.0,513.0,1665.0,27,30,21,27
2116.916131132738,457.41383523748675,6.870841335579471e-06,-2.7439121935879656,-2.863958915612072,-2.6239480578302783,-2.7898407177341373,0.0,4,3062,8441.0,657.0,1841.0,27,27,23,24
631.9149665896513,140.60280936026848,3.6202927150112764e-06,0.8628092377160497,0.8324121466304547,0.8798598183364126,0.8720197900481457,0.004000425338745117,20,4664,5029.0,1060.0,1043.0,27,30,23,27
855.278088808197,187.1415347350462,5.087160921002089e-06,0.8812090346577923,0.8722334907285298,0.885630471911305,0.8823673348492065,0.003999948501586914,13,6902,8100.0,1493.0,1725.0,25,27,21,23
1163.042203304191,269.2047960609584,7.372668965607157e-06,0.8834136689724092,0.8685067571603244,0.8858847365251412,0.8719114137113395,0.004000186920166016,10,9862,12712.0,2187.0,2835.0,23,24,21,21
1170.6897891489368,271.88944100841456,7.94437636220452e-06,0.9064887698907867,0.8955415721224068,0.9081289363688707,0.8983941693417155,0.0,9,11308,14387.0,2596.0,3260.0,21,22,19,19
1312.6831383617032,305.7340063007314,9.144444782703626e-06,0.8931152474467009,0.8836460294387718,0.8947875479369323,0.8860673136413324,0.004000425338745117,8,12092,15824.0,2795.0,3650.0,21,21,16,18
1286.0192351276398,320.9137659267522,1.0933803373109363e-05,0.9380600951726492,0.9259254575836872,0.9389203949318261,0.9267415043218652,0.00400090217590332,7,16228,20580.0,3998.0,4975.0,19,19,16,16
1340.6236097590845,339.50737969824047,1.1937699772312254e-05,0.9414574084686375,0.9283340483113969,0.9423147328254194,0.929318588251355,0.00400090217590332,8,17514,22228.0,4372.0,5473.0,19,19,17,16
1651.9755645763792,428.38866822528087,1.5353037773941754e-05,0.9280779400494155,0.9121876526258692,0.9289387788521708,0.9128534985102217,0.004000425338745117,6,20333,26594.0,5293.0,6932.0,17,16,14,14
1471.7246613152217,418.43056568309197,1.6673868491491144e-05,0.9580495796862972,0.9396950531003125,0.9584795621751612,0.9401845731662055,0.003999948501586914,6,24181,30239.0,6400.0,8138.0,16,15,13,13
1574.4021120813818,470.9685540960972,2.0248973575215055e-05,0.9609239776065417,0.9413387642795916,0.961233252243159,0.9418010416143063,0.003999948501586914,5,27727,34429.0,7805.0,9852.0,14,13,11,11
1857.147922554905,577.2520932544694,2.4531475227939997e-05,0.9492025310965885,0.920099113831241,0.9495848284632565,0.9204104155794117,0.003999948501586914,4,29123,37294.0,8233.0,11296.0,13,12,10,10
1769.765662453648,577.2815062861446,3.0171396971289458e-05,0.9629931742961959,0.9392449721086927,0.9632500538300672,0.9394696770604825,0.00400090217590332,4,33387,41354.0,10029.0,13450.0,12,11,10,9
1733.027186505355,576.0067093069895,3.02988821367042e-05,0.9658172532030623,0.9427457723050366,0.9660291846662545,0.9430479775269809,0.00400090217590332,4,33979,42011.0,10481.0,13275.0,12,10,9,8
1654.0385109885844,583.0502050995838,3.452507065182606e-05,0.9715645602912861,0.9477157154095216,0.9717434685997688,0.9479519373154107,0.004000425338745117,4,36085,43832.0,11431.0,14735.0,11,10,9,8
131.95315614515124,26.840578731962292,7.765302587654764e-06,-0.615990375537,-0.4216999303000095,-0.5490199450947282,0.08682057357861384,0.004000663757324219,4,337,390.0,121.0,116.0,9,8,3,4
261.87761534095785,53.375048789985506,6.985262323637071e-06,-3.1259818691534935,-2.5763939742650903,-2.9552962012156008,-1.2690430609108314,0.004000425338745117,4,435,492.0,172.0,136.0,8,12,4,5
350.8634735667612,71.42004562212675,6.283535236935359e-06,-3.196940534301161,-2.730122943844131,-3.0734783701245814,-1.6499107774604527,0.004000425338745117,4,567,622.0,186.0,164.0,8,18,4,5
151.25926280176475,31.33604819798863,8.609162186726177e-06,-1.0498403806226864,-0.9156653820955272,-0.9612240850485267,-0.2301328590987839,0.004000186920166016,4,376,394.0,130.0,122.0,7,8,4,4
937.0133903792411,190.11490494785866,8.108305439510031e-06,-43.30887546918663,-38.286536022177835,-42.53111764541344,-29.439568325379973,0.003999948501586914,4,462,1474.0,134.0,299.0,12,48,6,43
625.3502352015762,126.8574495250476,6.249087799518279e-06,-8.949498597602581,-7.720558096488556,-8.732413206912646,-5.629514619167342,0.003999948501586914,4,641,981.0,191.0,198.0,9,38,3,34
1073.4373865841765,218.08830875740833,5.8092618531224225e-06,-28.7178961368832,-24.982359412957283,-28.159043430307317,-19.525800219454293,0.0,4,632,1864.0,180.0,380.0,9,42,4,37
1695.9883764096576,347.62064752159546,6.4663644931129115e-06,-35.173822752826055,-28.336605698631974,-34.48367268008867,-24.764103206005025,0.004000663757324219,4,855,3678.0,239.0,765.0,12,36,4,32
1612.7785095397735,330.08756729591215,5.022165271398073e-06,-16.31057097029991,-13.751640128270672,-15.779778976311452,-12.259586096832793,0.004000425338745117,4,1186,3969.0,325.0,826.0,16,34,4,31
2185.922991076462,466.0298296067896,6.768946188823593e-06,-2.826425742291962,-2.7004478263330443,-2.6921910031332335,-2.6399005181665554,0.003999948501586914,4,3116,8674.0,670.0,1896.0,26,27,23,24
2233.830927931506,481.952506736919,6.923597538325491e-06,-1.8641176863923068,-1.8989298023320802,-1.760294989720566,-1.8586491612787097,0.004000186920166016,4,3790,9612.0,800.0,2119.0,30,27,24,24
495.14215777921436,112.74324131201152,2.6795697465433757e-06,0.8992390670370288,0.8619706192700258,0.9159866378366749,0.9049879033103999,0.003998517990112305,22,4398,4493.0,987.0,939.0,27,30,24,22
970.8632963656032,217.49662436275972,5.3246940157127825e-06,0.8464230718683995,0.8260380931768297,0.8520533396353134,0.8399288537142199,0.004000186920166016,13,6767,8543.0,1508.0,1829.0,24,27,20,23
1024.6530787628474,229.34479303203963,6.365117210528958e-06,0.8855084073742425,0.878426571158677,0.8886416650798765,0.8837234569072293,0.003999948501586914,12,8514,10522.0,1926.0,2293.0,23,26,18,23
1067.8965097590476,251.793676559908,7.525047015807252e-06,0.9128616233259841,0.8976636273274857,0.9146554619157072,0.9007535241376491,0.0039997100830078125,10,10572,13141.0,2393.0,2940.0,23,23,18,20
1315.793079694307,308.65936628523747,8.735740895814335e-06,0.8817699719770079,0.8657818701584696,0.8838682857393971,0.8689962459415246,0.0,9,11385,14960.0,2617.0,3420.0,21,22,16,19
1500.1141658681508,398.299537128272,1.5383309970724518e-05,0.950383988762417,0.9374028041286727,0.9508758039576783,0.9381096113719237,0.004000663757324219,6,22342,28333.0,5836.0,7448.0,16,15,13,13
1598.888551463172,445.80608245950924,1.747366854927681e-05,0.9497120460625029,0.9319167746030874,0.9501784168470923,0.9323059725667364,0.004000186920166016,5,24067,30799.0,6566.0,8424.0,15,14,12,12
1595.0195379103634,465.88992375091306,2.0940587280007156e-05,0.9611976111458077,0.9454682555632385,0.961495087594199,0.945950015724791,0.004000186920166016,5,28249,34964.0,7906.0,10041.0,14,12,11,11
1740.9861010837124,578.0896610820851,3.0542303365761893e-05,0.9643471499864222,0.9397452300177616,0.9645811946621338,0.9399830652998497,0.003999948501586914,4,33531,41198.0,10062.0,13512.0,12,11,9,9
1681.7850171023645,557.3088143779294,3.262787530199584e-05,0.9694926884773166,0.9497785855462073,0.9696798320895705,0.9500408830480427,0.0,4,35119,43057.0,11002.0,14148.0,11,10,9,8
1622.5703053591649,556.6390306263717,3.562473356790236e-05,0.9725886519350202,0.952807007061312,0.9727684145451378,0.9529770633353722,0.004000186920166016,4,36336,44025.0,11662.0,14672.0,11,10,9,8
1403.9237871052687,465.7022810587611,3.359670768375161e-05,0.9812506116092726,0.9702828900661528,0.9813503530073456,0.9705873229508343,0.004000186920166016,4,38225,44872.0,12589.0,14722.0,10,9,8,7
99.58193862342709,21.158873237170894,6.783516889265123e-06,0.19349944120092766,0.19653406116802508,0.22810498618686703,0.482830238264618,0.003999948501586914,4,381,413.0,134.0,134.0,7,7,5,4
62.68738575928441,13.679744758827434,7.060728250853067e-06,0.5542247468353152,0.5589100732975938,0.5712196469446404,0.7076064319098142,0.003999948501586914,4,344,332.0,120.0,120.0,8,7,5,4
582.9977040406477,118.6607120462933,8.177699289752928e-06,-11.268332492314975,-9.695725645983975,-10.979830467695207,-6.990174033363408,0.0039997100830078125,4,531,902.0,166.0,182.0,11,36,5,32
65.17420565939668,14.356328453565927,6.480826512866154e-06,0.6138266780588013,0.5663674125380821,0.6327251983566922,0.733029257084352,0.004000425338745117,4,369,385.0,124.0,116.0,8,7,3,4
1116.4500520623392,227.88296521094625,7.060574045984852e-06,-25.70347390600962,-22.119632557548385,-25.262414292014494,-17.48701933153448,0.004000186920166016,4,703,2033.0,211.0,416.0,10,38,4,34
764.3668335622629,155.92175521716013,3.5931806994755833e-06,-9.535266658337862,-8.378291967478805,-9.346207270881816,-6.765024010089717,0.003998517990112305,4,716,1328.0,197.0,268.0,10,43,4,38
1806.1033792855453,373.0229690202289,5.3267956493133355e-06,-19.515407185943758,-16.727506452322075,-18.69258001282348,-15.721113019357293,0.004000425338745117,4,1236,4717.0,293.0,990.0,17,34,5,30
2135.5817684142494,445.73146811355673,6.331035711223611e-06,-21.131544717416094,-18.613906907730293,-20.019064959382952,-17.85065895601815,0.004000425338745117,4,1367,6004.0,291.0,1279.0,28,33,20,29
1994.8398484172442,416.8846762994933,5.774933599065666e-06,-5.338892049645708,-4.679053270550859,-5.052490103410752,-4.546740878751053,0.004000186920166016,4,2294,6930.0,514.0,1485.0,26,30,25,27
411.0965162574506,95.7328458669112,3.0830715674846643e-06,0.9343125287205819,0.9084524749248533,0.9437768421739925,0.9339845444561804,0.0039997100830078125,19,4383,4490.0,966.0,926.0,25,27,22,23
838.120460898518,182.11190017691462,4.42378930357682e-06,0.8329564765878223,0.8161443713017568,0.8423824661073792,0.8400376704576127,0.0,14,5669,6580.0,1211.0,1384.0,25,27,19,24
902.6147119240957,196.36214225020797,5.648397810066344e-06,0.8822655832877428,0.8800746864274491,0.8857503177079794,0.8860436275769011,0.004000663757324219,12,7350,8749.0,1685.0,1876.0,25,27,21,23
1114.9805528946831,251.966730608097,6.945662183621763e-06,0.8680762306022243,0.8560910521199888,0.8708636653555395,0.8614981500610368,0.004000186920166016,10,8723,11255.0,1987.0,2475.0,22,24,18,21
1339.7421474817945,308.68770274516436,1.2367141422004124e-05,0.8906197647817679,0.8828551322631403,0.8923100734178311,0.8852330799885489,0.003999948501586914,8,12162,16148.0,2918.0,3745.0,20,21,18,18
1354.1608559015115,336.7866495451207,1.1021110370232771e-05,0.9226709301099573,0.9060464159065165,0.9236685228914877,0.9074513554289673,0.0,7,15060,19643.0,3618.0,4733.0,19,18,16,16
1327.7506518462949,319.43921650836523,1.1069487996960392e-05,0.9296054079667573,0.920995614099054,0.9306416469765045,0.9223553012437957,0.00400543212890625,8,15521,19984.0,3762.0,4788.0,20,19,16,16
1513.5938966152605,371.5427441798429,1.1789762688059022e-05,0.9143813655830093,0.9012466880135782,0.9155476853622104,0.9024418041924387,0.004000663757324219,7,16054,21574.0,4051.0,5277.0,19,18,15,16
1368.8292226790802,358.45305326897335,1.2214670333993807e-05,0.9371250964337189,0.9164611588488157,0.9378856004501751,0.9175928702651053,0.003999948501586914,7,17290,22138.0,4207.0,5474.0,18,18,15,15
1379.1301216611573,351.06011493913013,1.253278136587603e-05,0.9398873185154114,0.9268104984375074,0.9406396071351996,0.9277402630431612,0.003999948501586914,7,17928,22885.0,4565.0,5710.0,18,18,14,15
1488.2966954755495,376.9371043624669,1.3569047668089853e-05,0.9371469492257061,0.9261367472956638,0.9379344004980186,0.9269309736124958,0.004000186920166016,7,19183,24801.0,4934.0,6282.0,18,17,15,15
1540.4542470433983,400.7313261334592,1.4717663295724811e-05,0.9381270550339019,0.9236867677066006,0.9387586451364162,0.9245656210504007,0.0039997100830078125,6,20241,26177.0,5238.0,6783.0,16,16,14,13
1647.485382093124,490.037452918813,2.1117403593156214e-05,0.9567395683526592,0.9362974459166622,0.9571141262116263,0.9366666810518954,0.0,5,27556,34738.0,7712.0,10028.0,14,13,11,11
1684.0715949276341,484.70471749086033,2.1501493691696034e-05,0.9564144293732829,0.9411483853023285,0.9567635470100658,0.9415776852481748,0.004000425338745117,5,28180,35305.0,8142.0,10259.0,14,13,11,11
1603.0928265469581,498.40455983383407,2.4072361523254664e-05,0.965915700535851,0.947182002197024,0.9661869231378064,0.9475241825540891,0.004000425338745117,5,30881,38049.0,8994.0,11451.0,13,12,10,10
1799.6118331462483,564.0404647127131,2.8321495570413528e-05,0.9585476697345202,0.9363989121054143,0.9588396743405831,0.9366239822784739,0.004000186920166016,4,31832,39949.0,9482.0,12458.0,13,11,10,9
1680.682800853074,550.2632987185923,3.117097361520179e-05,0.9680692387180645,0.9485497760491366,0.9682703808397889,0.9488251640494947,0.004000186920166016,4,34433,42150.0,10435.0,13368.0,12,10,9,8
1371.8419377185307,457.5053733746377,3.2800332854560684e-05,0.9820907752738594,0.9715760705813551,0.9821835521784926,0.9719377714664187,0.003999948501586914,4,38344,44816.0,12662.0,14826.0,10,9,8,7
1388.3361482064302,503.4442620588698,3.6503029003271226e-05,0.982450336775928,0.9676652454420162,0.9825455517736339,0.9679909572949794,0.0,4,39399,45832.0,13032.0,15579.0,10,9,7,7
264.38996214556505,54.05090193512038,9.218093230055626e-06,-5.039115826332033,-5.157097487084171,-4.807185920265225,-2.734204981576223,0.004000663757324219,4,371,410.0,140.0,112.0,7,21,4,4
193.91613844649444,40.19211676436065,7.746028386599125e-06,-1.8216754947167355,-1.7440831358034705,-1.6928701671808848,-0.6856671390289786,0.003999471664428711,4,404,420.0,149.0,123.0,9,9,3,4
256.4524809784456,52.741112995461144,7.422939395680513e-06,-2.090734204620954,-1.948401985348538,-1.96327635659663,-0.910981178728937,0.003999948501586914,4,516,517.0,176.0,159.0,8,10,3,4
388.33508136230324,78.92704965134999,7.357993850970968e-06,-9.766249462669757,-8.420323433257353,-9.386668293939442,-5.241673836925559,0.0039997100830078125,4,400,546.0,137.0,124.0,8,38,4,4
713.8929804249374,145.42989433629754,7.225974157613211e-06,-14.387291030486185,-13.897177656036,-14.065177986813682,-10.022833611991516,0.004000663757324219,4,568,1127.0,188.0,228.0,11,41,4,37
1573.0125919977036,320.51813521234646,6.203443994885407e-06,-22.036083677229367,-19.168593778531857,-21.699805148513335,-16.474719733226085,0.004000663757324219,4,998,3379.0,261.0,700.0,13,35,5,31
2197.5188779052614,458.8158899093768,7.80516544882862e-06,-31.848418051017475,-28.35858609948585,-30.98477267758063,-26.08062549242303,0.004000425338745117,4,1187,5764.0,275.0,1235.0,17,30,7,27
2004.0906681709787,421.1391421885804,6.220198446058956e-06,-3.761859647071697,-3.4130582062162187,-3.5968681857970513,-3.3242886647581233,0.003999948501586914,4,2652,7382.0,570.0,1590.0,26,29,20,25
650.1394567729388,141.96321430873377,3.9691743180109245e-06,0.8671450538233955,0.8467919067973009,0.8796047079231837,0.8757524528041394,0.004001140594482422,17,4751,5366.0,1085.0,1116.0,26,29,21,25
1247.5260881678348,274.1633827475151,7.575989848332152e-06,0.8560252044274933,0.8566186987467155,0.8587253869309834,0.8610612490056908,0.0039997100830078125,9,9626,12562.0,2243.0,2801.0,22,23,19,20
1161.3097285884958,267.34079168936955,7.676225016962842e-06,0.8895552957513434,0.8786272959883188,0.8915792594678181,0.8817224477758961,0.003999948501586914,9,10161,13086.0,2352.0,2932.0,21,23,18,20
1247.5439695834195,293.0812999009803,9.115945296649412e-06,0.9055754770746363,0.8939520499825804,0.9072128880285945,0.896476045006426,0.00400090217590332,9,12092,15731.0,2837.0,3619.0,22,21,17,18
1359.2226589338259,324.21057142489343,1.0666430832767913e-05,0.9156868221769144,0.906086133355004,0.9168329078880884,0.9074113489700328,0.004000663757324219,7,14437,18937.0,3507.0,4514.0,19,19,15,16
1466.4039989621015,356.67587165289837,1.1956223764201196e-05,0.9200063301811999,0.9096131405780605,0.9210894856775849,0.910465674733315,0.004000425338745117,7,16286,21441.0,3969.0,5267.0,19,18,16,16
1572.7879467785588,391.1029684301739,1.2710315720783129e-05,0.914844049943083,0.901730329955554,0.9158466558179768,0.9026562007506794,0.003999948501586914,6,17207,22979.0,4267.0,5705.0,17,17,14,15
1560.206515926794,422.872912350744,1.517043563627615e-05,0.9380139419018416,0.9155753889500644,0.9387109184179484,0.916207411220239,0.004000186920166016,6,20517,26661.0,5237.0,6922.0,17,16,14,14
1608.2191154827924,434.77195049378497,1.5984358032907844e-05,0.9403420027937389,0.921541090527914,0.9409614364305696,0.922349530321415,0.004000663757324219,6,21861,28235.0,5674.0,7492.0,16,15,13,13
1682.451228666705,467.0776899200524,1.7029164052063318e-05,0.9387285793094132,0.9160897396481181,0.9393150132201322,0.9165940294087158,0.004000186920166016,5,22780,29520.0,6037.0,8007.0,15,14,13,12
1809.1310183805556,559.3622857028053,2.5485452914168434e-05,0.9540634142991323,0.9298821521597119,0.954400180645857,0.9301315340519553,0.004000425338745117,4,29964,37945.0,8807.0,11672.0,13,12,10,10
1706.9202956885051,567.6548797464882,3.010126024286782e-05,0.9659543689097609,0.9425797153550706,0.9661760225539021,0.9428517870648494,0.003999948501586914,4,33668,41186.0,10337.0,13393.0,12,10,9,9
1607.5737347008378,538.5801453049181,3.1579231454961436e-05,0.9716393332044262,0.9513842352937237,0.9718152660623244,0.9516402847344472,0.0039997100830078125,4,34850,42324.0,10684.0,13628.0,12,10,9,8
1656.7865105880921,555.1033030737011,3.455697128430287e-05,0.9715201176865849,0.9527662411432348,0.9717020750912967,0.952984215675931,0.004000663757324219,4,36378,43820.0,11482.0,14742.0,11,10,9,8
1291.8618306859805,448.15810547171856,3.465831713637713e-05,0.9848324268870089,0.9746157707820307,0.98490948625438,0.9749957955640013,0.00400090217590332,4,39583,45587.0,13395.0,15222.0,10,9,7,7
100.23591962631626,20.605419998954968,7.232563977625524e-06,0.04004172108949067,0.13259293742102818,0.08314250651852995,0.45473752956236235,0.003998279571533203,4,352,372.0,124.0,117.0,8,7,3,4
56.02213104360335,12.608281008924253,5.6284010878710264e-06,0.7228625235816306,0.6733791922630612,0.7355434720594753,0.7974268793465413,0.003999948501586914,4,387,379.0,130.0,119.0,8,7,4,4
153.66694911398483,31.62376479801227,7.411872074940311e-06,-1.1969625643339428,-0.9187448994887004,-1.1121620110690786,-0.2458003903523467,0.0039997100830078125,4,360,377.0,128.0,110.0,9,8,4,5
396.0303018709553,80.12178230668611,7.763434686800845e-06,-7.059408850145848,-5.991214616363702,-6.836930485592131,-4.069608900936509,0.003999471664428711,4,474,590.0,153.0,153.0,8,31,5,4
155.42237478346973,31.041303129862317,9.75629171938575e-06,-6.245708129677107,-4.860878426361765,-5.742240855475665,-2.253589863088382,0.004000186920166016,4,211,226.0,90.0,70.0,9,11,3,4
1052.1171413709915,214.05745432009604,7.896352208064993e-06,-25.229764018746533,-23.515099555261635,-24.757272592722046,-18.596026086176725,0.004000663757324219,4,633,1834.0,176.0,374.0,12,41,4,37
1893.082916061347,389.50133718212913,8.745880167012934e-06,-57.864204459210676,-49.23281978542651,-56.936470057249,-41.4831060460501,0.004000186920166016,4,765,4156.0,211.0,874.0,11,35,4,32
1767.6900475385005,363.5296010414191,7.947096526156282e-06,-46.73297734649873,-43.33962487805895,-45.96070904404617,-37.18619658226678,0.003999948501586914,4,770,3757.0,202.0,784.0,11,37,4,33
1433.0564000880543,293.11040297698975,5.184323488141519e-06,-25.975688704976193,-21.80283286156509,-25.45444681402289,-19.59667690842224,0.0039997100830078125,4,844,2957.0,232.0,609.0,11,39,7,35
1767.1643599280742,363.8802744951513,5.2085225852822494e-06,-19.960200608835045,-15.968050443616185,-18.970829894342202,-15.103721280028985,0.004000186920166016,4,1217,4592.0,281.0,963.0,23,34,5,31
1735.773755778673,361.75938711616965,5.463457451964732e-06,-5.993582923054561,-5.359033841475938,-5.78874356634621,-5.055129514476201,0.003999948501586914,4,1893,5342.0,404.0,1127.0,18,31,15,27
1750.8114844741756,362.19419572470605,4.6565738040483544e-06,-11.98833319401424,-9.92518292465884,-11.268961093513434,-9.532631166006883,0.0,4,1464,5061.0,322.0,1062.0,27,34,8,30
2074.200792373615,434.7761277370228,6.126710162710619e-06,-8.466506237759202,-7.8079581533690465,-8.068330925316754,-7.591025372277425,0.0,4,1940,6713.0,405.0,1438.0,30,31,22,28
1942.5107544747339,418.6707014468531,6.142658205356941e-06,-1.4131335027083312,-1.456436435042011,-1.3264589748373607,-1.420689986285292,0.004000425338745117,4,3581,8453.0,764.0,1837.0,27,29,25,25
971.0671262257639,211.68807455567946,5.287003623539939e-06,0.837133107686169,0.8286089207644529,0.8426254782115659,0.8430571600888098,0.004000186920166016,12,6586,8217.0,1475.0,1755.0,25,26,20,23
883.8366302031665,199.78449500510405,6.044614351583525e-06,0.8990999077637224,0.8887777369304231,0.9015360822664613,0.8942438899650352,0.003998279571533203,10,7804,9289.0,1745.0,2002.0,22,24,20,21
914.3693511622246,213.42424427880027,5.4737128138234045e-06,0.8983256468336714,0.87815504943036,0.9015521596128094,0.8838025339950376,0.004000186920166016,13,7947,9675.0,1839.0,2094.0,26,27,22,24
974.4142685052732,221.91259540638967,6.808041607504515e-06,0.9102063667088812,0.9015239138273788,0.912149258618287,0.9046307966619053,0.0039975643157958984,10,9377,11214.0,2098.0,2460.0,24,24,19,21
1170.5485564797912,269.6609389177861,7.433058443238951e-06,0.887764479150972,0.8768182290808426,0.8897869821821283,0.8797940219222795,0.0039997100830078125,9,10296,13108.0,2371.0,2937.0,22,23,19,20
1267.6197951495335,291.32456127144513,8.060931050812081e-06,0.878305340410374,0.8675642795592378,0.8805592697679422,0.8707728235204861,0.0039975643157958984,9,10810,14054.0,2441.0,3182.0,22,22,19,19
1242.950382024123,301.1115458488403,1.0553392292126604e-05,0.9229630461465451,0.910323413980608,0.9240786865820377,0.912209942905716,0.004000663757324219,8,13701,17417.0,3296.0,4078.0,19,20,16,17
1470.4305967249682,365.6828639535182,1.2838669331638434e-05,0.9272281591390634,0.9157803914381416,0.9281253954249811,0.9170375079587916,0.003996372222900391,7,17373,22607.0,4454.0,5632.0,18,17,15,15
1774.0229690555987,491.31798043093926,1.76574286262957e-05,0.9313987018448954,0.9068348451588366,0.9320654155903948,0.9073313276881609,0.0039997100830078125,5,22777,29819.0,6010.0,8140.0,16,14,13,12
1571.955572818986,560.5102307273258,3.343025921112401e-05,0.9744996913756968,0.9522385848155116,0.9746482082305588,0.9525540882984388,0.0039997100830078125,4,36418,43434.0,11655.0,14729.0,11,10,8,8
98.19962661164587,20.846162716432968,6.266438636558562e-06,0.40952860454537166,0.3629866142074195,0.4356059874231286,0.6181186664342805,0.0,4,428,437.0,156.0,125.0,8,7,4,5
594.1216906773673,120.36052612879357,9.071514755042734e-06,-17.48197262741037,-14.446642630152889,-16.907846515584687,-10.198379313002059,0.004000425338745117,4,468,876.0,144.0,177.0,10,41,5,37
393.14988659966997,80.24435338389861,7.475250482713946e-06,-4.976716938715183,-4.575769306260802,-4.77025810417088,-2.724185920414495,0.004000663757324219,4,540,635.0,198.0,158.0,9,24,4,4
489.5638896848228,99.35264423590681,7.4764001660278005e-06,-11.682864551147254,-10.613455119049505,-11.24007770079899,-6.33884468285345,0.004000663757324219,4,455,710.0,179.0,143.0,10,39,4,34
946.1086475224009,192.6194705025083,8.561649177212605e-06,-19.90703351191432,-17.59692129301669,-19.505746933449398,-13.51860386464982,0.003999948501586914,4,648,1624.0,194.0,331.0,9,39,5,35
1231.2366369833217,251.3767507812394,7.3341748209505155e-06,-27.88983445435745,-24.20585139857567,-27.36692852154627,-19.37893276251532,0.004000186920166016,4,740,2325.0,211.0,477.0,9,38,4,34
1635.0550162762108,335.28908546705384,6.933217958427837e-06,-38.91094167422399,-34.32744089937294,-38.283665766970216,-28.74918422824364,0.00400090217590332,4,843,3407.0,220.0,708.0,12,36,4,33
1419.3927398715268,289.8448040187484,5.4603776296299345e-06,-22.474323586901953,-19.341061112095304,-22.047809259646336,-17.019893477671925,0.003998517990112305,4,902,2992.0,228.0,617.0,14,37,6,33
1821.4928973235114,376.80635776218,6.446158926196414e-06,-17.2949654781383,-14.495750952373356,-16.822886895830223,-13.522899613290111,0.003998756408691406,4,1295,4713.0,303.0,992.0,14,32,7,28
1971.089596623316,413.122749615656,6.908474495468217e-06,-15.746253784317368,-14.856102538367011,-15.353121688803345,-14.03639505188264,0.004000663757324219,4,1352,5342.0,309.0,1132.0,21,31,10,27
1831.8967259601,378.1604735426483,5.770014220994247e-06,-18.65579302402447,-15.311650429489621,-17.93404797309278,-14.45165011784144,0.003998994827270508,4,1212,4843.0,300.0,1019.0,20,33,5,30
2262.7684716404374,473.533734718728,6.718637904998014e-06,-29.71261624742599,-26.303544757176187,-28.229442324642463,-25.268044750977534,0.0039997100830078125,4,1297,6264.0,283.0,1343.0,24,32,13,29
2148.6630630076306,463.9557495063511,6.563825116402822e-06,-1.6396830758028975,-1.6862810691417307,-1.5450405327939691,-1.6490178609547343,0.004000425338745117,4,3796,9370.0,846.0,2060.0,28,28,28,25
950.6246391428399,214.7696440375129,6.077335084448428e-06,0.8807019433426914,0.8683391671220049,0.8842014865916868,0.8752733161700333,0.003999948501586914,12,7698,9317.0,1741.0,2008.0,23,26,19,23
1168.4553671642511,268.9404117178098,7.575700460732475e-06,0.8814375117691741,0.8668404846303523,0.8836121282497417,0.8714272034180462,0.003999948501586914,9,9961,12709.0,2259.0,2841.0,21,22,18,19
1260.1903222734447,278.2314239526608,8.258906183617098e-06,0.8817474480070392,0.8822969711861872,0.8838759655020115,0.8864188045677492,0.0,9,10712,13988.0,2502.0,3161.0,21,21,19,19
1213.911831552279,292.7411863300295,9.369360008974881e-06,0.9222351778781623,0.9094140126872823,0.9233556259253086,0.911554247778815,0.004000425338745117,8,13236,16802.0,3179.0,3913.0,19,20,16,17
1315.669795529853,312.523355648961,1.0212208874500315e-05,0.9144065156331594,0.9040690145894072,0.9157290528828959,0.9055907647814307,0.004000425338745117,8,13577,17891.0,3310.0,4213.0,19,20,16,17
1345.5750467817613,328.2167066462936,1.05662103934945e-05,0.9157509407805259,0.901210335348506,0.9170569481174492,0.90263273992371,0.003998994827270508,8,14229,18610.0,3348.0,4418.0,20,20,18,17
1434.2133398679985,352.5921337267147,1.281425428139401e-05,0.9353835820953351,0.9270993045894644,0.9361004930064469,0.9279147591430073,0.004000663757324219,6,18108,23303.0,4621.0,5844.0,17,17,14,14
1637.5143293868816,453.2182697111845,1.6642583014437018e-05,0.9386994478920914,0.9159668862200446,0.9392871146797774,0.91645477500987,0.0,5,22072,28634.0,5775.0,7619.0,16,15,13,12
1705.5775437941063,488.38569744996033,1.872934120058273e-05,0.9437943717016877,0.9193540703012756,0.9443038259795328,0.9198384220312446,0.004000425338745117,5,24341,31435.0,6483.0,8698.0,15,14,12,12
1712.3381675358405,482.53142793746446,1.9352739019778204e-05,0.9461327457070907,0.9263334786901476,0.946631979805344,0.9267330427006526,0.004000425338745117,5,25353,32356.0,6880.0,9060.0,15,14,12,12
1683.9242013194873,504.32197317941535,2.1658818001967853e-05,0.9553823875260953,0.9331162523085403,0.9557608815778803,0.9335041869774249,0.00400090217590332,5,27649,35012.0,7798.0,10186.0,14,13,11,11
1779.3089160542079,544.4445277069098,2.3900025879595374e-05,0.9521443265200926,0.92707329938238,0.9524951591169523,0.9273791927766877,0.004000186920166016,4,28597,36547.0,8224.0,10960.0,13,12,10,10
1681.2477199488876,558.8115737885178,2.7947661064077856e-05,0.9645198872356993,0.9384752334929226,0.9647509779637305,0.9387925102024127,0.004000186920166016,4,32148,39830.0,9602.0,12603.0,12,11,9,9
1776.6685174318065,571.0218727567857,3.02796030513081e-05,0.9612958236323615,0.9387463113804904,0.9615604414580142,0.9389848944735388,0.003999948501586914,4,32606,40757.0,9927.0,13228.0,12,11,9,9
1590.6688779147803,535.8742953498205,3.265088979490054e-05,0.9727060790159765,0.9544485769330746,0.9728710657203866,0.9546956278511083,0.004000663757324219,4,35342,43014.0,11109.0,14159.0,11,10,9,8
1465.4237264070302,492.83604229331013,3.358629106747983e-05,0.9787192618776194,0.9654150042189277,0.9788346224314408,0.9657445941345093,0.004000663757324219,4,37182,44316.0,12249.0,14330.0,11,9,8,7
1394.9771727523,472.2525696947909,3.4486642919745045e-05,0.9815499957739796,0.9698468396381642,0.9816472338693137,0.9701430868062972,0.004000425338745117,4,38374,45012.0,12640.0,14986.0,10,9,8,7
65.4938769402657,13.457494813919366,8.400468404087126e-06,-0.12146631765743066,-0.26763233364117966,-0.06648807391456657,0.25867209948956427,0.0039997100830078125,4,219,210.0,70.0,60.0,9,7,3,5
462.25626460510694,93.69264912467787,6.542665140838534e-06,-6.040618557632801,-4.866167639661045,-5.859218389590075,-3.327881561861963,0.004000186920166016,4,556,733.0,191.0,191.0,8,30,5,4
1126.1415088330004,230.59666718464658,9.022380280658128e-06,-27.43541905794166,-27.091398603899947,-26.869584490102266,-20.007807746807174,0.0039997100830078125,4,645,2044.0,211.0,419.0,10,39,4,35
886.6041311750507,180.67079869198565,7.2090316847885e-06,-16.406296190021017,-14.809785679690023,-16.090837521127977,-11.491600847393578,0.003999948501586914,4,638,1488.0,186.0,302.0,13,41,5,36
1592.2921207858394,327.6832025752922,7.118212135913758e-06,-28.691143860844157,-25.33024484115163,-28.212710393944104,-21.55065024969166,0.004000425338745117,4,897,3434.0,242.0,713.0,14,35,4,31
1831.1501337956972,380.95617092608785,6.631784895233118e-06,-15.610675955871447,-13.697428114911354,-15.247933457535037,-12.673088100449974,0.004000186920166016,4,1317,4695.0,362.0,988.0,13,31,5,28
1992.9560514262894,414.07194171625133,6.183244238497336e-06,-18.492097401576515,-15.934418026906197,-17.858960247019233,-14.939520843123198,0.004000425338745117,4,1326,5398.0,308.0,1144.0,18,32,9,28
1822.3251630814957,385.07909090211587,6.066661954635826e-06,-4.601335290930382,-4.43065940145121,-4.438272752816207,-4.27249518045738,0.003999948501586914,4,2161,6057.0,474.0,1289.0,24,29,21,26
1902.2705648995711,401.651356900484,5.911280872897566e-06,-4.163633108211173,-3.948178463016677,-3.9749543220987187,-3.8505790050166233,0.003999948501586914,4,2417,6777.0,510.0,1450.0,28,30,28,26
284.40119367020765,65.62219690983171,2.4670337702851216e-06,0.9590441201995719,0.938228906610592,0.9705208499986493,0.9657040175865658,0.0,23,4065,4060.0,865.0,847.0,26,25,21,23
527.4153057713672,119.57434427804239,3.6292366027957844e-06,0.914937542474102,0.8913313136240639,0.9223712406217013,0.9131131292183883,0.004000425338745117,16,4883,5034.0,1064.0,1042.0,23,26,20,22
613.8913021571469,132.9410432772901,3.7539292900061324e-06,0.8993132829436185,0.8884112323413756,0.9075652641211829,0.9051277344205626,0.004000425338745117,19,5202,5593.0,1143.0,1164.0,30,31,24,27
1176.885506115822,270.4960441302421,8.440988391819039e-06,0.9100071886818477,0.903372509447628,0.9115559420164436,0.9061445558134544,0.004000186920166016,9,11631,14812.0,2725.0,3374.0,20,21,16,18
1245.4494223918784,299.6771339548358,9.045693438454502e-06,0.9083799692916364,0.891287867916515,0.9099466808585461,0.8940609803917273,0.0,9,12272,15871.0,2890.0,3659.0,21,21,17,18
1415.4532354345472,357.34589000908204,1.2799468911046923e-05,0.9338691782336593,0.9198890104565423,0.9346027889078656,0.9207483148513118,0.004000186920166016,6,17665,22833.0,4366.0,5676.0,17,17,14,14
1557.3972011356843,452.72126895963373,1.8791038055467984e-05,0.9564731700465687,0.9359714092354491,0.9568394419518745,0.9364259432396281,0.004000425338745117,5,25522,31917.0,6897.0,8876.0,15,13,12,11
1780.2293761139174,538.9886826270102,2.3503870268983944e-05,0.9521644467336655,0.9278081008417544,0.9526260561877578,0.928100802271222,0.003999948501586914,5,28341,36276.0,8062.0,10763.0,15,13,12,11
1606.868572885261,485.8124069400061,2.277599959053468e-05,0.9630448952622773,0.9450761193676741,0.9633419397069777,0.9455156868940621,0.004000186920166016,5,29448,36470.0,8299.0,10737.0,13,12,11,10
1764.5050356497522,558.0156434485805,2.700529021928604e-05,0.959010715928508,0.9352057895190486,0.9592956833716534,0.9354537370196134,0.00400090217590332,4,31114,39082.0,9264.0,12000.0,13,11,10,9
1702.6034354286185,555.8643419636365,3.227745238519132e-05,0.9675273800482584,0.9479463842271941,0.9677389064845664,0.9481624657628545,0.0039997100830078125,4,34516,42362.0,10723.0,13528.0,12,10,9,9
1496.5917251096462,526.1407843914022,3.3739927395064304e-05,0.9771279729001481,0.9585964520323905,0.9772588353452085,0.9588749686999933,0.003999948501586914,4,36652,43428.0,11639.0,14483.0,11,10,8,8
70.31158332735795,14.107474378262514,6.131699252966758e-06,0.43086701777596204,0.5073613404931876,0.46671246121631726,0.7115540377226205,0.003999948501586914,4,350,339.0,117.0,97.0,8,7,3,4
172.6480041394436,35.32188297170278,7.612966655805871e-06,-1.459276252726557,-1.6611842356501048,-1.336456366454612,-0.5270213019044516,0.004001140594482422,4,389,391.0,138.0,105.0,8,8,4,4
243.99605102678746,49.86178814148833,6.529073833117101e-06,-1.8529773161463186,-1.7717135891119202,-1.7435410122123498,-0.8289832638548309,0.004000186920166016,4,470,524.0,164.0,145.0,9,9,3,5
310.88370347017764,63.135931396735835,1.014772494086947e-05,-4.888862923004699,-4.719702159567339,-4.676704859238749,-2.748552060910175,0.003053426742553711,4,427,499.0,147.0,128.0,9,23,4,4
540.0189618584394,109.09709933510301,7.1782584984469915e-06,-14.807634752300512,-12.558465117538134,-14.335039966348718,-8.667977070846018,0.0039997100830078125,4,456,777.0,149.0,156.0,8,42,3,36
799.7302084140626,162.81239203451315,6.875377358958491e-06,-17.443772017641553,-14.25016050972082,-17.04145524234646,-10.73545733657697,0.004000663757324219,4,605,1295.0,187.0,262.0,9,40,5,34
870.3828719305085,176.29372979963486,7.235363009896196e-06,-14.853767830781878,-12.973964857314098,-14.610587932829475,-10.560489159225035,0.00400090217590332,4,662,1454.0,181.0,295.0,11,43,7,39
1267.9454879515392,260.2215202156296,4.394227381290044e-06,-13.061066538136929,-11.447658307693239,-12.621439304095345,-10.503991539871842,0.004000186920166016,4,973,2925.0,255.0,601.0,15,39,6,35
1740.123780319473,364.83583637027766,5.920322000580208e-06,-11.403939212441449,-10.616516530109733,-11.08321361213121,-9.649843499007998,0.0,4,1456,4714.0,350.0,990.0,18,31,4,28
1782.8171264181865,377.61019363006255,5.566047513321737e-06,-5.0658679683204335,-4.840041472197965,-4.862935676192355,-4.630401876939378,0.004000425338745117,4,2031,5883.0,441.0,1247.0,21,30,17,26
2272.454402274481,474.70127668180265,6.010060289036729e-06,-17.504579210220786,-15.146415135379176,-16.34494146173502,-14.62603891660569,0.00400090217590332,4,1662,6908.0,361.0,1485.0,30,31,20,28
484.7914801445867,112.78579859023193,3.5006878620607306e-06,0.9110063174748035,0.8730887712195395,0.9245938870936988,0.9086314805093191,0.00400090217590332,23,4456,4554.0,945.0,942.0,30,31,25,23
825.3504470618019,186.53673495687676,4.92807167781727e-06,0.8690436716756833,0.8433378295457259,0.8749911133828125,0.8594525549234984,0.0039997100830078125,14,6240,7317.0,1361.0,1549.0,25,27,22,24
1096.2534248195402,251.0614390021816,7.836375135641447e-06,0.9050318178339735,0.8974623787825149,0.9067188717234625,0.9005366394123634,0.003999948501586914,9,10417,13016.0,2436.0,2913.0,22,22,18,19
1323.242716100975,302.7225727360879,9.140754413525108e-06,0.8848355553916184,0.8788190679680316,0.8869747221226929,0.8816268342669997,0.003999948501586914,9,11595,15363.0,2733.0,3534.0,21,22,16,19
1323.5343739889927,323.3723792351071,1.075555512270911e-05,0.9201603772001239,0.9061285057694984,0.9214291479507013,0.9074846014588909,0.004000663757324219,8,14458,18742.0,3449.0,4459.0,20,20,16,17
1385.8174521749565,347.72076610808807,1.23880508109551e-05,0.9329157714006275,0.9194581738707532,0.9337265558925769,0.9206027627696767,0.0039997100830078125,7,16943,21875.0,4223.0,5417.0,18,17,15,15
1466.3217369220893,372.3854957524642,1.3697617637842017e-05,0.9342761448947275,0.921385332911024,0.934955766414893,0.9222734710344228,0.004000186920166016,6,18618,24039.0,4686.0,6078.0,17,16,13,14
1440.1859236305763,363.0464883292111,1.317912784534078e-05,0.9384813383222681,0.9278250116526445,0.939242694305014,0.9286391611446432,0.0039997100830078125,7,18711,24040.0,4793.0,6052.0,18,17,15,15
1614.7692910003877,442.36536459071215,1.7386689275578125e-05,0.9466327739956348,0.9302244812326207,0.9471126604737282,0.9306761286989722,0.003999948501586914,5,23613,30259.0,6331.0,8238.0,15,14,12,12
1704.3884688155981,492.156190441077,1.9170683304255654e-05,0.9439356340233086,0.9193490822042247,0.9444425178509794,0.9198174508336515,0.003999948501586914,5,24527,31706.0,6562.0,8821.0,15,14,12,12
1626.5590415934719,464.971544120826,1.937039403019391e-05,0.9517333235730394,0.9329073321606234,0.9521251410706503,0.9334046698665206,0.00400090217590332,5,25331,32273.0,6913.0,9049.0,14,13,12,11
1784.7065001469196,592.0516235937539,3.136975244750204e-05,0.9627757271204535,0.9375822675697068,0.9630222297191758,0.9378226124551218,0.004000186920166016,4,33514,41311.0,10379.0,13637.0,12,10,9,9
1636.1877152647655,541.2756152522176,3.1833331004223805e-05,0.9701535636102989,0.9509920622203231,0.9703342886609739,0.9512693727620872,0.004000186920166016,4,34745,42334.0,10783.0,13711.0,11,10,9,8
161.05650535345248,32.71037679391664,8.504952570113043e-06,-1.0152432415308104,-0.9773438772080814,-0.9222970245307096,-0.1824650234773133,0.003999948501586914,4,393,411.0,143.0,117.0,6,8,4,4
205.71141801076575,41.98275935825721,7.323894384035123e-06,-2.2897888152282047,-1.9463593860191368,-2.147227568270985,-0.8637785561650475,0.0,4,405,437.0,142.0,125.0,8,9,4,5
684.6883795445439,138.47100328227566,8.303367872179772e-06,-23.258557383708553,-19.78130644869942,-22.65186268103384,-13.825834053593129,0.003999948501586914,4,461,1016.0,152.0,205.0,9,44,4,39
158.7745715891979,32.05220351239521,8.645657343166845e-06,-2.1980341263854566,-1.9461634373898251,-2.004704566501007,-0.7199003059460685,0.0039997100830078125,4,318,331.0,107.0,106.0,7,9,4,4
813.6694340557882,165.46679551096247,7.352719051488418e-06,-13.892630845781152,-11.871455497198452,-13.584213062503869,-8.901067265399679,0.003999948501586914,4,648,1359.0,216.0,275.0,10,38,4,33
1188.0458087759075,243.3558565489367,6.877569576208317e-06,-25.667554921656528,-22.749427314799586,-25.277738578436377,-18.731469935629733,0.00400090217590332,4,737,2221.0,205.0,455.0,10,39,4,35
1493.8425703533824,305.48765659733834,5.911592036581191e-06,-24.550430619941196,-22.026616311627226,-24.177679119288626,-19.368532345638055,0.004000425338745117,4,916,3115.0,230.0,645.0,13,36,5,33
1311.457538390016,268.9826899634993,5.178702437110123e-06,-17.202234341067157,-15.15425015588115,-16.893345856332882,-13.326583368597545,0.004000186920166016,4,907,2738.0,243.0,562.0,10,37,5,33
1465.1341271080496,302.86788924105724,5.860991464126046e-06,-13.64446844994838,-11.448339133901232,-13.372132426780862,-10.179811231137423,0.003999948501586914,4,1183,3384.0,329.0,701.0,13,33,5,30
1677.4480276350341,349.2161758853676,5.551581151487784e-06,-8.873926605278003,-8.058303604809879,-8.59439109351955,-7.519836238529356,0.004000186920166016,4,1523,4722.0,363.0,991.0,16,32,5,28
2093.19819843145,440.73347955425396,6.245497322671237e-06,-9.746466850159809,-9.219254938312512,-9.31785707231937,-8.93632352210236,0.003999948501586914,4,1879,6603.0,413.0,1417.0,26,30,23,27
2049.9918673619172,434.2530824108602,6.301109475379861e-06,-5.9322278673688995,-5.6176885607453,-5.690993400446906,-5.44599322179937,0.00400090217590332,4,2238,6936.0,493.0,1491.0,20,29,20,25
2025.5517381074224,425.01123759652916,6.259082093244475e-06,-5.265563634467051,-4.731004402801752,-5.031391513208578,-4.616536814063271,0.004000663757324219,4,2315,7051.0,493.0,1517.0,26,29,22,26
466.8388174536062,102.50709099230016,3.2925841120306787e-06,0.912413744144543,0.8887208119020971,0.9261020303401816,0.9227152538232996,0.004000425338745117,19,4424,4474.0,986.0,986.0,25,26,20,19
591.2028094526969,133.8926809052683,3.4007039710523153e-06,0.9054445077076514,0.8822296343296425,0.9128990933859207,0.9032681736636472,0.003999948501586914,16,5263,5601.0,1140.0,1166.0,26,27,23,23
854.7443929460592,193.01109836200894,5.4501002313328274e-06,0.8865852871814153,0.8687823320437118,0.890184382638781,0.8778234277696249,0.0,12,7073,8302.0,1553.0,1775.0,25,26,20,23
927.8148509952148,212.93596988937136,6.241251917987704e-06,0.9044321967386908,0.8902554689686941,0.9070677178947117,0.8959907492703181,0.004000663757324219,12,8576,10042.0,1934.0,2181.0,24,25,19,22
1159.5514953332906,265.65872927415813,8.000715614830637e-06,0.8958653188400705,0.8862563092890426,0.8976916992732494,0.8897020679771389,0.004000186920166016,9,10575,13396.0,2431.0,3012.0,21,22,17,19
1138.5108453831017,266.8367612283906,7.906046755229188e-06,0.9076506021968638,0.8952205051172129,0.9092957517846273,0.8980742527144074,0.004000186920166016,9,10966,13981.0,2515.0,3160.0,21,22,17,19
1172.5770439135517,284.34543444014804,9.258699799228812e-06,0.9225660271769529,0.9072418195739578,0.9237011546754024,0.9098385564004111,0.0039997100830078125,8,12752,16005.0,3025.0,3695.0,20,20,16,17
1321.8025406700272,316.3350933809713,9.842191796901422e-06,0.9063859401035033,0.8931188883878015,0.907821414530274,0.8953541424682833,0.0,8,13212,17189.0,3142.0,4024.0,20,20,16,17
1296.721710951187,306.05856927406387,1.0253396348989145e-05,0.91826210110847,0.9107618927097071,0.9194283112813317,0.912605530445078,0.004000425338745117,8,13981,17910.0,3348.0,4222.0,20,19,16,17
1274.8795557700462,324.13388313095004,1.1025151891958946e-05,0.9300267474642933,0.9099340103927993,0.9309078516240757,0.9114508521625572,0.0,7,14983,19111.0,3648.0,4577.0,19,18,15,16
1565.298601790073,407.60071200322,1.4990906730373358e-05,0.9344679228820295,0.918697510380344,0.9351274939654317,0.9197467570238991,0.00400090217590332,6,20066,25945.0,5145.0,6747.0,16,15,13,13
1569.19638836672,429.64537396371566,1.741198109338804e-05,0.9482820432393417,0.9317425171129671,0.9487449742282562,0.932234000254905,0.004000663757324219,5,23331,29785.0,6202.0,8090.0,15,14,12,12
1650.749290792709,458.07142628518903,1.8072624892081896e-05,0.9447314408239973,0.9262776263877711,0.9452148835133725,0.9268081944790986,0.004000663757324219,5,23832,30618.0,6400.0,8368.0,15,14,11,12
1722.729040612139,516.334907634672,2.2533348102052472e-05,0.9534681603938724,0.9305870890530828,0.9538919651404267,0.9309217977919163,0.0039997100830078125,5,27844,35362.0,7784.0,10379.0,15,13,11,11
1789.5765502393763,570.5669877411416,2.5901121846237945e-05,0.9543150945510713,0.9246668854351376,0.9546444205931912,0.924943558250986,0.008000373840332031,4,29851,37542.0,8651.0,11543.0,13,12,10,10
1601.6023916854745,492.13327249306855,2.4081117125870304e-05,0.9647707579629284,0.9471044623538545,0.9650511505751733,0.9474457030955429,0.004000425338745117,5,30390,37596.0,8789.0,11289.0,13,12,10,10
1768.3122102492723,573.5703331617957,2.92737258589057e-05,0.9609638604732426,0.9358505863813331,0.9612241963777123,0.9361220214419643,0.0039997100830078125,4,32099,40082.0,9695.0,12851.0,12,11,9,9
1741.7440343661292,571.2845631411138,3.0449494740702317e-05,0.9634797217397102,0.9393241683267339,0.9637243203357395,0.9395569803342212,0.003999948501586914,4,32969,40784.0,9906.0,13271.0,12,11,9,9
1544.8493285484726,513.9688605191304,3.380243705663238e-05,0.9752042962214129,0.9606094156897456,0.9753438921730571,0.9608914141425173,0.003999948501586914,4,36372,43415.0,11821.0,14420.0,11,10,8,8
1544.8908571211969,497.77458921349796,3.540941810968238e-05,0.9764840313422412,0.9646787334803449,0.976618497970479,0.9649467665932686,0.0039997100830078125,4,37385,44463.0,12264.0,14453.0,11,9,8,8
88.58629267556014,18.081413108493486,7.17926591652352e-06,-0.2166578392913463,-0.12294427310928313,-0.17131522382353936,0.2610974865872929,0.004000663757324219,4,288,286.0,97.0,91.0,8,7,4,4
110.94377329680712,23.826412165214187,6.120783568201398e-06,0.29758997305542256,0.2625028985211024,0.3231539708177604,0.5055870146079494,0.004000663757324219,4,452,459.0,149.0,142.0,8,7,3,4
850.9225569443241,171.8399206626136,6.403556911383303e-06,-13.823496357230376,-11.987780774101456,-13.515346967167114,-9.001856220432478,0.004000186920166016,4,719,1465.0,220.0,297.0,11,39,4,35
1250.981002553596,254.78596000695694,6.405847494512062e-06,-19.84359526735051,-18.03873460036783,-19.54776763633627,-14.781090845074418,0.003999948501586914,4,831,2416.0,237.0,496.0,13,37,6,33
1358.8181943941827,276.2222082551172,7.2177255051146e-06,-42.631712563678995,-37.543834588329034,-41.94074863112891,-30.614395221159494,0.0039980411529541016,4,636,2527.0,192.0,519.0,11,41,4,37
1188.7641078728223,242.7001965731933,4.874785630442335e-06,-18.064096519650434,-15.506849133872805,-17.708917253289602,-12.719944339203218,0.0,4,848,2348.0,244.0,480.0,12,39,3,35
1459.422195882101,298.47982902255444,5.119161149707549e-06,-19.837231180085926,-16.256353356695588,-19.383763014736733,-13.978530707269927,0.003999948501586914,4,1005,3198.0,272.0,661.0,11,36,4,32
1557.5968636278558,323.83647493758326,5.338032877051075e-06,-14.698950686286246,-13.222382223445516,-14.248142239298717,-12.083228651530082,0.004000663757324219,4,1181,3898.0,284.0,811.0,18,34,5,31
1859.4105864941896,388.8872881911501,5.85495064792922e-06,-7.9935046904487415,-7.184070045354574,-7.684266525636611,-6.898022521812478,0.004000186920166016,4,1785,5726.0,380.0,1215.0,26,31,25,27
1778.3374843750366,373.4906151208265,5.297069992053695e-06,-6.328846876440116,-6.092543139346588,-6.03980409398072,-5.89734375010623,0.003999948501586914,4,1889,5661.0,415.0,1197.0,21,32,21,29
2027.2643872552326,432.53459640048834,6.5456714224215215e-06,-2.82258233872779,-2.7252553985809174,-2.7029060817037958,-2.65221378511979,0.003999471664428711,4,2913,7893.0,670.0,1712.0,26,27,18,24
2282.8932688768728,492.48036128357444,7.825367277358753e-06,-2.725748550202472,-2.685486968751017,-2.6214564925249766,-2.6236178025007866,0.0,4,3214,9266.0,720.0,2046.0,22,25,20,22
2050.505242617048,438.66270499097595,6.411430014050767e-06,-1.8930709721613965,-1.845307043959242,-1.802968567912691,-1.8026178756437061,0.004000425338745117,4,3386,8607.0,754.0,1878.0,27,27,20,24
498.0389919474177,113.79295892101584,3.475082062699292e-06,0.8998254729783237,0.860979565296714,0.9166471801631391,0.9051558359243672,0.004000425338745117,20,4351,4479.0,918.0,924.0,28,28,22,24
708.5399901537378,159.93175014950083,4.2567375731848015e-06,0.8716625415257457,0.840359516239704,0.8802008508114106,0.8662921619186923,0.003999948501586914,15,5352,6028.0,1155.0,1262.0,25,27,20,24
718.5376080050696,160.69250870199636,4.129312932243989e-06,0.8820227577610735,0.8597839782199799,0.8886368502480911,0.8773926297129312,0.004000425338745117,15,5733,6295.0,1244.0,1320.0,25,28,20,24
799.5792572574427,186.46419958606725,5.384620279989948e-06,0.8859827458270777,0.8576212343778278,0.8899589888631559,0.8696981857450221,0.004000186920166016,12,6440,7616.0,1424.0,1617.0,25,26,19,22
882.0062879333815,203.64937752302913,5.741349759644814e-06,0.8842788650781965,0.8623041016450987,0.8882531113271975,0.8711293179634954,0.003999948501586914,13,7156,8714.0,1575.0,1870.0,26,27,22,24
1172.1612181557257,254.61839699811097,6.838174284094399e-06,0.8303849880112274,0.8288154596582439,0.8346300495225949,0.8383151525811983,0.0,11,8064,10508.0,1791.0,2303.0,24,24,18,21
1106.355870012498,250.51125501439827,9.954269078386678e-06,0.8885061901100807,0.8802769635008868,0.8907943105965705,0.8836156098531566,0.00400090217590332,10,9657,12229.0,2155.0,2717.0,24,24,19,21
1201.6262498982137,276.0952532893112,7.924280520057194e-06,0.8852698298501597,0.8749362989977695,0.8876171859530814,0.8782047554437553,0.004000663757324219,10,10393,13431.0,2385.0,3026.0,22,23,18,20
1395.8860869504845,345.7807901528216,1.1573380716826211e-05,0.9214033454708601,0.9061868092582895,0.9223633310339141,0.9077869148455358,0.004000186920166016,7,15667,20364.0,3786.0,4937.0,18,18,15,15
1448.3406756581676,376.3268441355483,1.3769962666857308e-05,0.93640587283124,0.9197325704066203,0.9370906007043139,0.9205504008011545,0.00400090217590332,6,18565,23946.0,4674.0,6075.0,17,16,14,14
1525.1571422350676,398.8492889791192,1.4376628349581297e-05,0.9331913093555106,0.9153748825057151,0.9339487976177889,0.9160995573064225,0.003996849060058594,6,19249,25005.0,4917.0,6426.0,17,16,14,14
1523.197845790019,389.38582740085076,1.4426413936390537e-05,0.9361614847434,0.9243776382679815,0.9369225340494985,0.9253380489532816,0.004000186920166016,7,19585,25312.0,5096.0,6518.0,17,17,14,14
1561.6734681989687,415.1894338220167,1.5626821300742096e-05,0.93874238769981,0.92211770222174,0.9393756045414003,0.9229716434518722,0.003999948501586914,6,20681,26944.0,5401.0,7084.0,17,15,14,13
1664.1657748901669,454.3841639197526,1.7049408072082655e-05,0.93416170774513,0.912057534895524,0.9347892888998981,0.9125562278792215,0.0039997100830078125,5,21670,28396.0,5678.0,7557.0,16,15,13,12
1630.42532390849,455.4948610259534,1.7294733445331996e-05,0.941075424875127,0.9173072358089231,0.941629412449646,0.9177774386217612,0.0039997100830078125,5,22459,29006.0,5870.0,7849.0,15,14,12,12
1554.4026354813896,424.7218113321667,1.7119364948257703e-05,0.9486285083840839,0.9327128222791716,0.949149273161115,0.9333362661838432,0.0039997100830078125,6,23047,29390.0,6216.0,7892.0,16,15,13,13
1616.1055202651771,456.8293013000762,1.896052191400053e-05,0.9500290465075156,0.9321338903331519,0.9504518053888278,0.9326318759966574,0.0,5,24684,31428.0,6804.0,8727.0,14,14,12,11
1649.7171783130138,475.1346955836507,1.9808894201544506e-05,0.950644034815699,0.9305634053961825,0.9511112996160852,0.9308875627233416,0.003999471664428711,5,25722,32617.0,7084.0,9208.0,15,14,12,12
1531.6140506015215,463.7714500642928,2.1241157753002e-05,0.9641037273173444,0.9450601281981718,0.9643766933996003,0.9455817783044158,0.004000186920166016,5,28072,34761.0,7932.0,10006.0,13,12,10,10
1760.5486345843565,532.5757667866809,2.3481911009850546e-05,0.9537050600487343,0.9306865515966499,0.9540816576893579,0.931139942704052,0.0039997100830078125,5,28581,36164.0,8124.0,10652.0,14,12,11,10
1546.246116271059,527.564125249244,3.406105149936693e-05,0.9754422165065045,0.9581496474511617,0.9755841729739564,0.9584293903137497,0.0,4,36643,43540.0,11665.0,14570.0,11,10,8,8
1453.4741211433156,495.8007307208546,3.417419124894256e-05,0.9792080462801864,0.965139450016767,0.9793191349879183,0.9654787790984802,0.004000663757324219,4,37433,44395.0,12251.0,14419.0,10,9,8,7
200.36258799153765,41.315478334396666,8.337683647973203e-06,-1.927523991050958,-1.8610933079392615,-1.812941447636844,-0.8513603972309074,0.004000663757324219,4,406,418.0,137.0,137.0,9,9,5,4
507.3793678468476,102.83319827111606,8.487191232767194e-06,-18.503163222851562,-17.19175574217603,-17.832686564242287,-11.19672427373618,0.004000186920166016,4,392,717.0,128.0,144.0,9,44,4,38
736.2933561088271,148.70972844213432,8.111085024030284e-06,-15.58091810001774,-12.862079491484337,-15.162633895705657,-8.978092845707431,0.0040013790130615234,4,602,1175.0,213.0,238.0,8,38,4,34
619.2921614633921,125.40849918034529,7.341502550372288e-06,-14.756772974962029,-12.76979489622734,-14.298396305490547,-8.732659039649779,0.004000186920166016,4,521,921.0,173.0,186.0,11,40,5,36
881.8507763032625,178.84499224188525,6.0178879406648255e-06,-14.024262165051521,-12.388679152044636,-13.75929035903835,-9.720734831014086,0.0039997100830078125,4,692,1486.0,204.0,301.0,11,40,5,35
1495.731558747536,305.61786801494446,7.121262246810319e-06,-24.757523568007944,-22.4533626396573,-24.369442551046873,-18.185761236568112,0.003999948501586914,4,872,3094.0,267.0,642.0,13,34,4,31
2063.609567703316,433.1867380241459,6.423524075853679e-06,-8.746925515749673,-7.813233234552213,-8.3504571724471,-7.539895188925275,0.004001617431640625,4,1903,6637.0,425.0,1424.0,24,30,18,26
1964.5364964370942,421.43869413790975,6.547691270193428e-06,-2.0200229140669843,-2.064573170381007,-1.9232349963716762,-2.016453288776918,0.0,4,3191,8046.0,669.0,1744.0,27,28,23,25
398.86253897802936,86.4418156912498,3.1015830784480176e-06,0.9302843175481598,0.9136871453104253,0.9415735048266985,0.9402858373195011,0.004001140594482422,20,4173,4286.0,943.0,943.0,27,26,21,20
521.5586975595364,116.49683472094854,3.259622860320953e-06,0.9050229997195783,0.8817805233569843,0.9173333150590894,0.9108558653714156,0.004000425338745117,20,4634,4780.0,1002.0,1000.0,28,29,23,20
734.7412669857089,160.56840213661556,3.827909637500927e-06,0.8627285622633565,0.8442051643986483,0.8714725398941049,0.8668775093863563,0.0,15,5416,6063.0,1178.0,1269.0,25,27,22,24
726.9473401107659,160.46615915916388,3.964857691539478e-06,0.8824317161485987,0.8654936054045899,0.8889567341584652,0.8825537088974845,0.004000663757324219,15,5819,6406.0,1265.0,1345.0,25,28,24,24
1071.9351129446393,237.4624850753942,7.349998201996744e-06,0.8694962614227943,0.8614338862004889,0.8731808025889723,0.868496896271287,0.0,12,8371,10554.0,1834.0,2309.0,25,25,20,22
1036.875429140625,236.6542485004935,9.658098408837368e-06,0.8919794873344654,0.880159182870206,0.8943494842532249,0.8851344370446729,0.003999948501586914,10,8967,11310.0,2035.0,2487.0,23,24,20,20
1056.4287185431099,243.91157648389128,7.440833527397062e-06,0.906833302082524,0.8957418057833579,0.9084859745317141,0.8997245961784269,0.004001140594482422,9,10109,12395.0,2321.0,2755.0,21,22,18,19
1323.818519483495,297.1690050836688,8.467759849522824e-06,0.871486983295116,0.8687988832601078,0.8737567599972424,0.872027238793014,0.004000186920166016,9,10979,14586.0,2573.0,3327.0,21,22,16,19
1294.8245474563928,304.19957336390627,9.467614009169307e-06,0.9030359163230743,0.8929919358966353,0.9045110737365123,0.8951161553653626,0.003999948501586914,8,12550,16377.0,2932.0,3799.0,20,20,16,18
1370.7384315857228,315.38320376550064,1.0081099883767475e-05,0.9045110795913608,0.9019305157274463,0.9060796476595063,0.903395681054712,0.003999948501586914,8,13510,17832.0,3394.0,4190.0,20,20,16,17
1322.1050696587588,319.5268751029301,1.0772846448564134e-05,0.9208534571397535,0.9095518776064193,0.9220593859249516,0.9110211167244507,0.0,8,14399,18718.0,3499.0,4459.0,19,20,17,17
1251.0066294614596,304.2729752677041,1.0822779360919826e-05,0.9355239500991742,0.9255796361780481,0.9364599626285425,0.9269722070003846,0.0,8,15265,19383.0,3736.0,4622.0,19,19,16,16
1738.7183210629605,470.766273442062,1.6949045060434323e-05,0.9245719261920134,0.8997934502226855,0.92529799266814,0.9004460555556815,0.004000663757324219,5,20941,27883.0,5454.0,7399.0,16,15,12,12
1572.8508437215987,431.724621646913,1.6700244914154152e-05,0.9415065715026669,0.921444604462646,0.9420748272624552,0.9222143380493826,0.003999948501586914,6,21645,27978.0,5718.0,7424.0,16,15,13,13
1655.3326394922626,458.3765402282047,1.7960473544554857e-05,0.9421606335616113,0.922211047306716,0.942698170472759,0.922632153435844,0.003999948501586914,5,23322,30067.0,6240.0,8228.0,15,14,12,12
1708.6625979649143,470.81738553956967,1.8329563822118276e-05,0.9404271582836878,0.922366060052034,0.9409700016900275,0.9228116803516087,0.003999948501586914,5,23786,30899.0,6537.0,8529.0,15,14,12,12
1565.2834584391283,464.7068685571696,2.0832841125831766e-05,0.9602942926702518,0.9412640732709815,0.9605977389748355,0.9417837904107563,0.004000663757324219,5,27365,33957.0,7685.0,9711.0,14,13,11,11
217.5058667791132,44.24646878565565,7.850871838867603e-06,-1.9925057141345595,-1.6083502776751764,-1.8732532037078942,-0.6977515523472941,0.004000425338745117,4,418,473.0,151.0,141.0,8,9,4,4
112.40963963705842,23.488915825696736,6.248758285556839e-06,-0.2434960526617589,-0.31237993423047805,-0.19764720898654442,0.22093288014492285,0.004000186920166016,4,346,342.0,125.0,98.0,8,8,3,4
170.73011109155095,34.16793696825529,8.824503954924765e-06,-0.28293676413142177,-0.0705279647471615,-0.23563184575322516,0.2639592758502002,0.004000425338745117,4,505,539.0,176.0,169.0,8,8,4,4
681.7851185796495,137.96991670892126,7.877014166962722e-06,-12.322712032144446,-10.991234238063806,-11.96751002806984,-7.534514628952582,0.003999948501586914,4,607,1060.0,193.0,214.0,9,38,4,32
78.34439194990283,16.54570689534499,7.037098421258417e-06,0.3558722600722335,0.2680805832667067,0.38903221195985604,0.5809428077262405,0.0,4,349,351.0,128.0,122.0,8,6,4,4
367.84800699473686,74.86898278548556,5.792135224885479e-06,-8.516314751353251,-7.981456754681711,-8.258363566469264,-5.211553305612024,0.004000186920166016,4,391,525.0,129.0,117.0,9,39,4,4
1181.7959761171412,240.7186506068859,5.216953067110289e-06,-20.12845020728171,-17.94829618224923,-19.761964670114523,-15.117668762206655,0.004000186920166016,4,826,2266.0,209.0,463.0,14,40,5,36
1619.9646633234524,333.78546940113097,6.135880495037653e-06,-19.55485916380383,-17.226671975014128,-19.19214216614599,-14.865662292518303,0.004000186920166016,4,1062,3698.0,277.0,769.0,15,34,4,30
1614.3877612736044,331.70836211949796,4.910175169577138e-06,-12.706333365712274,-10.343995942815255,-12.196351807612446,-9.75869978131251,0.004000186920166016,4,1362,4255.0,311.0,887.0,18,34,5,30
1958.5064542273024,409.06938337727826,6.238031394285938e-06,-9.97382944960958,-9.011378691246213,-9.639579379402768,-8.542639688647776,0.004000663757324219,4,1671,5843.0,363.0,1243.0,23,30,10,27
1971.9353437676398,416.02212230841764,6.149789162400225e-06,-4.867035908867172,-4.53197407123807,-4.668081479732009,-4.398919705448654,0.004000425338745117,4,2299,6863.0,515.0,1474.0,21,29,19,25
2158.213287362952,462.66086166507176,6.950929882950444e-06,-4.259648297646907,-4.253170801207496,-4.087096156869022,-4.151668425330968,0.003999948501586914,4,2636,7962.0,565.0,1734.0,22,27,20,24
1781.4838209107222,374.97094331872347,5.3999010969185e-06,-1.9320140216265531,-1.7238654277604488,-1.8220927462776881,-1.6753452249030572,0.003999948501586914,4,2996,7135.0,658.0,1530.0,26,30,23,26
2041.0195343463358,435.49373321170384,6.368081434389894e-06,-1.6241332027985078,-1.5132684278607709,-1.5487234489781114,-1.4773007460951937,0.0,4,3494,8735.0,752.0,1911.0,25,26,18,23
2585.411060966257,564.6645482791826,8.506536964161604e-06,-2.483521229887735,-2.5135172942205606,-2.36814900972236,-2.468008665107582,0.0039997100830078125,4,3952,11074.0,868.0,2497.0,27,26,27,23
950.6794726773661,210.31823178386045,5.60673229697946e-06,0.8492386070022262,0.8374992965816443,0.8544329146712506,0.8483463773773836,0.0,13,6836,8385.0,1510.0,1796.0,25,27,22,24
1195.2791940163402,267.99688369518344,7.72005877658108e-06,0.8792679001620135,0.8746634624957428,0.8814486181724568,0.8789011757789287,0.004000663757324219,9,10043,13059.0,2336.0,2931.0,22,22,18,19
1109.060378463194,259.59050593045725,8.027323468916763e-06,0.9065163878888154,0.8938724382471163,0.9081309198563622,0.8970591393317243,0.0,9,10649,13323.0,2490.0,2993.0,21,22,17,19
1207.7905856981577,280.29062625217273,8.791551339257212e-06,0.9055471680864585,0.8968259951276225,0.9071655962401897,0.8998678052187893,0.003999948501586914,9,11730,14985.0,2735.0,3423.0,20,21,18,18
1289.435902110754,311.2925717350019,1.0311693155579834e-05,0.9207438377805444,0.9086828145677256,0.9219566515621415,0.9101249153027613,0.003999948501586914,8,14215,18171.0,3408.0,4304.0,20,20,17,17
1485.6296880085808,372.02231404922156,1.2764461810223258e-05,0.9179690222886098,0.9017862103398089,0.9189590175445348,0.9033993750925768,0.003999948501586914,7,16439,21647.0,4033.0,5361.0,18,17,14,15
1276.5582466104895,325.2470194420142,1.1776750530758843e-05,0.9435684913695026,0.9303343632075536,0.944246221896566,0.9315531655811826,0.0,7,17036,21422.0,4273.0,5250.0,17,17,15,15
1448.5825537033147,384.9256076234151,1.465733924105933e-05,0.9442934355128063,0.9279339179523403,0.9448622616608555,0.9286489340834052,0.004000425338745117,6,20007,25690.0,5169.0,6598.0,16,16,13,13
1744.5490672138365,564.0814251211137,2.715887517757607e-05,0.9587589371926156,0.9311441608437498,0.9590399676454555,0.93142264942587,0.004000425338745117,4,30775,38488.0,8976.0,11755.0,13,11,10,9
1494.9630569571498,499.90475134436025,3.502148575725279e-05,0.977919356971219,0.9646196840941913,0.9780364716039327,0.9649625727632559,0.004000186920166016,4,37360,44577.0,12406.0,14654.0,11,9,8,7
1345.0155900583457,481.12014481831875,3.358634742508516e-05,0.9829519612948441,0.9692115994652949,0.9830372513019824,0.9696749133442949,0.003999948501586914,4,38441,44806.0,13060.0,15224.0,10,9,7,7
256.8658858885962,52.27870025163212,9.595805015909169e-06,-4.657932108437725,-4.437560109036578,-4.411998050135632,-2.488795124138417,0.0,4,365,418.0,126.0,122.0,7,15,4,4
77.62469806704564,16.94261146734273,6.258661936948211e-06,0.44781747793959503,0.45951553855643046,0.46864582106179087,0.6447233678218667,0.004000663757324219,4,349,380.0,135.0,135.0,7,7,5,4
177.2853749373215,36.71483578428027,6.943331262045639e-06,-1.0271846975814718,-0.9671959193471868,-0.956745616390207,-0.3212087253724434,0.004000663757324219,4,438,437.0,136.0,136.0,8,8,5,4
355.1922601446527,72.38971496927815,6.881557317725346e-06,-4.1626911428937365,-3.434468362876814,-3.9966555042656964,-2.164951483821482,0.003999948501586914,4,532,621.0,170.0,164.0,9,20,4,5
236.98644036456318,48.729375979313886,6.138378725280117e-06,-1.6263388082752264,-1.3606871447729745,-1.5366984262628698,-0.6065075830185493,0.003999948501586914,4,462,523.0,172.0,172.0,10,9,5,4
522.8932132854661,106.12590792701532,7.810525341620977e-06,-16.102383191481557,-13.149254512619635,-15.659579317038961,-9.63157904052266,0.0,4,417,739.0,137.0,149.0,10,43,5,39
824.5813205297987,167.6903147670332,8.016774321196847e-06,-14.473087348347562,-14.158010289026842,-14.14120897766272,-10.11387451664133,0.00400090217590332,4,652,1379.0,205.0,280.0,10,38,4,34
731.894801183886,148.66226404168611,5.478470108210251e-06,-11.472270936393842,-10.0609118274819,-11.245927547762482,-7.6741441414627385,0.004000186920166016,4,643,1216.0,189.0,246.0,10,40,3,36
1018.1124436508311,207.96591768043788,5.814875666921674e-06,-14.696957925425432,-13.682524470974313,-14.453395424512607,-10.701102345863626,0.003999948501586914,4,809,1851.0,231.0,377.0,11,38,4,34
1391.5574794991403,284.90032979388894,5.798666337019622e-06,-31.82954165262327,-28.29228531057385,-31.146109840439784,-23.717846913131606,0.004000425338745117,4,774,2805.0,216.0,578.0,14,40,4,36
1526.3291031917067,314.7532763927963,5.956189846536635e-06,-14.595548355427136,-13.479159223773951,-14.321861207354928,-11.712033770570898,0.003999471664428711,4,1191,3535.0,293.0,734.0,13,34,4,30
1725.7181204501505,360.49614248976366,6.089431091293031e-06,-9.573253544606022,-9.089800645383018,-9.328651196569737,-8.429481865722016,0.00400090217590332,4,1585,4746.0,352.0,997.0,18,31,5,28
1887.4045284905583,396.11233150037964,5.695861645718021e-06,-7.298855163137421,-6.780753845623138,-6.9455024413393005,-6.56178307435644,0.004000663757324219,4,1933,6079.0,405.0,1293.0,24,31,15,28
2356.4429430287505,503.0038104560773,7.442236170518804e-06,-8.468902700401188,-8.149346426340253,-8.094115065852472,-7.936410758180527,0.003999948501586914,4,2239,8033.0,480.0,1755.0,22,28,17,25
2259.6089493907275,483.8120330596722,7.162767598317516e-06,-2.614198567206311,-2.473897714417989,-2.493720703399913,-2.4226222867444034,0.004000186920166016,4,3367,9280.0,730.0,2047.0,27,26,24,23
533.393089100337,117.93324382887126,3.6691401302115306e-06,0.8871025804766194,0.8557365577568448,0.9083801979099067,0.9045346996628627,0.0,20,4403,4505.0,961.0,932.0,25,27,25,23
734.3516628331977,163.0284349070287,4.342904727000708e-06,0.8433779869872267,0.8110200443889328,0.8550674006417215,0.8451846726380849,0.004000663757324219,15,5105,5755.0,1103.0,1202.0,23,27,20,24
923.0881716971963,200.82675709087263,5.0192085901491085e-06,0.8358313100960133,0.8255413657133036,0.8417155830358971,0.8403423885409125,0.004000425338745117,12,6234,7860.0,1372.0,1674.0,25,26,20,23
1272.80922184646,308.29346197357506,1.0172270619257623e-05,0.9169776586458096,0.9024428341863453,0.9181731959930419,0.9042413270119509,0.0,8,13492,17415.0,3229.0,4093.0,20,20,16,17
1335.6634008724307,333.8033836328373,1.2694887167467945e-05,0.9230774867020978,0.9054455915946618,0.9240997693029473,0.906621794817264,0.003999471664428711,7,14996,19482.0,3630.0,4695.0,19,19,15,16
1348.7227649795911,332.91207790181363,1.1616652823124355e-05,0.9269298281119139,0.914118393735698,0.9278408764276851,0.9155085877303785,0.004007101058959961,7,15679,20224.0,3914.0,4882.0,18,18,15,15
1420.9035289947299,350.4827086066559,1.2540870978916057e-05,0.9299792640421145,0.92001199001267,0.9308235475118284,0.9211225611710184,0.0039997100830078125,7,17029,22110.0,4320.0,5484.0,18,17,14,15
1653.3586613792831,454.53273867381193,1.8276416127406593e-05,0.9424356443429576,0.9251327522116253,0.9429461785541318,0.925647363954526,0.0,5,23282,30221.0,6341.0,8266.0,15,14,12,12
1646.1364815195227,474.4100380583513,1.8995765776581856e-05,0.9466964201293773,0.9237215383978296,0.9471381469415309,0.924323485094065,0.004000425338745117,5,24177,31052.0,6555.0,8622.0,15,13,12,11
1567.9407480749023,467.0647199602845,1.9849124828983233e-05,0.9564793862425987,0.9345090199481039,0.956836697326361,0.9350000899312085,0.004000186920166016,5,25842,32593.0,7245.0,9189.0,14,13,11,11
1642.9185295494242,511.65428295203185,2.2962915855547767e-05,0.9587263284547864,0.9336875384626224,0.9590678889005029,0.9340541221762201,0.004000186920166016,5,28266,35328.0,7928.0,10406.0,14,13,11,11
1711.97266515853,550.0522702434743,2.8749636103590115e-05,0.9634953304933942,0.9412815027590931,0.9637331425022679,0.9415562312588944,0.0040018558502197266,4,32237,39952.0,9734.0,12750.0,12,11,9,9
1550.171516048036,516.5554483789712,3.0885891616017136e-05,0.973696978544446,0.9562034157995896,0.9738451011982311,0.9565766963684076,0.004001140594482422,4,35013,42106.0,10890.0,13816.0,11,10,8,8
1506.0063599633304,538.9089479370951,3.332147397000535e-05,0.9760991432771453,0.954851509845594,0.9762348373337714,0.9552062718009601,0.004000186920166016,4,35963,42828.0,11397.0,14450.0,11,10,8,8
1319.739447138462,475.2218999232534,3.384246671800098e-05,0.983645524331119,0.9698899087564632,0.9837287258343742,0.9703340703443454,0.004000186920166016,4,38679,44857.0,13024.0,15199.0,10,9,7,7
1341.8002637936343,419.8611749733476,3.498281890415382e-05,0.9836648917529273,0.977853447011286,0.983747993156481,0.9782144884379026,0.0039997100830078125,4,39614,45581.0,13592.0,15062.0,10,9,7,7
313.38787202655647,64.15143217419234,7.446935915411758e-06,-3.5756699944901156,-2.9996056030103255,-3.4318334991715505,-1.873327939344903,0.003999948501586914,4,508,544.0,157.0,153.0,8,16,6,5
160.73026706255422,32.951036908317974,6.771379254626758e-06,-1.0002290674418788,-0.861978454823066,-0.9095731969911947,-0.17690283308470578,0.004000186920166016,4,375,403.0,139.0,121.0,10,8,4,4
783.6907739450979,159.67727870092642,7.037730282607884e-06,-14.569708322324898,-12.763476009211464,-14.14261244208318,-9.150867341338058,0.0,4,640,1289.0,204.0,261.0,9,38,4,34
596.3931519280437,120.5242887001067,5.760180142716975e-06,-5.305552618641604,-4.499556556204269,-5.165360614771266,-3.1557205101790275,0.004000186920166016,4,751,1047.0,243.0,219.0,10,31,4,4
885.2377270164966,179.3076964326964,4.591502736225961e-06,-11.140897206029733,-9.617708600928225,-10.914452658842512,-7.491344029780615,0.003999948501586914,4,776,1590.0,242.0,322.0,12,38,4,33
1469.6793726297358,301.85338949562913,6.051447864094772e-06,-22.63651710155148,-21.085363759853355,-22.28712719619645,-17.751939060713415,0.003999948501586914,4,926,3059.0,264.0,633.0,10,35,6,31
1222.2322815242608,248.5504853143522,5.267086940236508e-06,-20.449676323957867,-17.79033962547111,-20.075782080463725,-14.721827836504708,0.004000425338745117,4,794,2384.0,233.0,488.0,14,39,4,35
1763.021146356447,363.31018657156676,7.1862105963775e-06,-22.082114001088545,-18.60182003777984,-21.704970899547416,-16.280674455489294,0.0039997100830078125,4,1114,4127.0,306.0,864.0,12,33,7,29
1772.1664178343974,370.0973407992371,5.622285866532074e-06,-6.50446333208894,-5.823215848262033,-6.249176547505635,-5.56020262631393,0.0039997100830078125,4,1913,5593.0,405.0,1184.0,21,30,18,27
1970.9920170437017,423.01935534913764,6.122070405825014e-06,-2.847491780414659,-2.9095699777731654,-2.7247562120716835,-2.827630093144258,0.0039997100830078125,4,2848,7607.0,613.0,1645.0,27,28,25,25
808.1843422354103,174.50975666825565,4.6796847905714766e-06,0.8804972862509771,0.8727721955060589,0.8853839483989066,0.88536129677797,0.004000663757324219,13,6481,7346.0,1407.0,1556.0,24,26,22,23
1099.5645905943356,250.07412234508925,7.045002215323632e-06,0.8867291003984279,0.8760962668369574,0.8890098193020953,0.8804118954623736,0.004000663757324219,10,9478,11800.0,2199.0,2615.0,22,24,19,20
1000.5238682755205,235.96086004362562,7.970963575347422e-06,0.9169881312935428,0.9032864638432758,0.9184558114067751,0.9062915771878249,0.004000425338745117,9,10042,12369.0,2344.0,2752.0,21,22,19,19
1330.1608925239082,305.15147699633286,9.702316709754938e-06,0.8883510744907455,0.8820963125500835,0.8901202839958681,0.8842510778191441,0.004000186920166016,8,11999,15957.0,2830.0,3701.0,21,21,16,18
1489.1423849159594,375.39902175140907,1.3174985031773189e-05,0.9235502185230307,0.9086895395710818,0.9243801986794032,0.909908601898439,0.003999948501586914,6,17291,22604.0,4291.0,5664.0,17,16,13,14
1377.7124409297003,353.28356821382516,1.2754501225572476e-05,0.9385574661719371,0.9238008851797043,0.9392740435756284,0.9249775926018492,0.003999233245849609,7,17603,22715.0,4397.0,5640.0,18,17,14,15
1464.679971650749,380.49837155063904,1.3978772866141757e-05,0.9352699176345279,0.9187420873198413,0.9360489345262755,0.9198074149619184,0.004000186920166016,7,18499,24020.0,4747.0,6052.0,17,17,14,14
1569.2987829641513,418.3418636636991,1.5005281403177517e-05,0.9304338932199792,0.9085591877578932,0.9311818653901072,0.9093691023823028,0.003999948501586914,6,19382,25473.0,4941.0,6554.0,17,16,14,14
1743.9857043112781,497.54412658048415,1.9064490712005185e-05,0.9366447675762231,0.9090906774298395,0.9372466008880208,0.909545661665572,0.003998994827270508,5,23430,30620.0,6354.0,8483.0,15,14,12,12
1784.7713438981477,562.671214683436,2.723711963250703e-05,0.9563317105211161,0.9317223364177416,0.9566213803805856,0.9320730990694663,0.003999948501586914,4,30435,38622.0,8903.0,11967.0,12,11,10,9
1536.4667463046508,516.4789847289691,3.4802062529682885e-05,0.9761118917920621,0.9605511498227448,0.9762502730346507,0.9608254383883125,0.0,4,37033,43680.0,11803.0,14365.0,11,9,8,8
88.7127856249218,18.925291719460144,6.636469134300139e-06,0.3473344561028232,0.3533579267264203,0.38013815513117555,0.5890750172334174,0.004000425338745117,4,378,398.0,129.0,127.0,8,7,3,4
169.96289423479075,35.14493799491851,1.1204465982754764e-05,-1.8689487721156772,-2.12124585553858,-1.711890617709174,-0.7001937408735883,0.004000663757324219,4,338,355.0,135.0,98.0,8,8,4,4
199.65230193180008,40.29603992122964,6.8772660096419045e-06,-1.7378604638517272,-1.4344913078702572,-1.6329047147348623,-0.5742476267420724,0.004000663757324219,4,403,436.0,141.0,123.0,8,9,4,5
448.09426324156397,90.8764614738052,9.871668923896208e-06,-8.586305925904085,-7.365585509794776,-8.385951084694277,-5.239731704263009,0.004000186920166016,4,479,659.0,162.0,162.0,8,36,5,4
47.04607670500627,10.430324379743263,7.544217751657622e-06,0.7307413605876885,0.6904915959953176,0.7441155333781524,0.8239392694996868,0.003999948501586914,4,303,337.0,118.0,100.0,6,7,4,4
513.2133754589801,104.73642513471614,5.857451950044472e-06,-5.834249049339199,-5.5841567089939,-5.669513001363583,-3.7819880733309645,0.004000425338745117,4,617,822.0,196.0,170.0,9,35,4,4
753.4508043550909,151.81403097210745,4.3241165316161036e-06,-15.034336621755163,-11.84331101737549,-14.642694347249943,-8.808827696665098,0.004000425338745117,4,608,1224.0,193.0,247.0,10,41,3,36
1257.2851208059371,255.10665661640428,7.200757394455619e-06,-38.79091328622921,-33.41524629202473,-38.21801015843563,-27.21060378127985,0.004000425338745117,4,612,2277.0,176.0,466.0,11,42,4,38
1142.1124069022278,233.2540192579755,4.702158317711749e-06,-12.374075413090122,-10.215724863208667,-12.123323148697834,-8.675231266878956,0.003998994827270508,4,963,2349.0,253.0,480.0,12,37,4,33
1675.8542722046766,346.5114536346526,6.5383832290343895e-06,-24.68055672766194,-22.881409129951063,-24.20348858003082,-20.20430145663452,0.003999471664428711,4,992,3791.0,242.0,790.0,17,35,4,32
2030.2869255354033,424.21207599108567,6.074362408436464e-06,-17.821473140740494,-15.777357421614017,-17.022879905503576,-15.237516135287756,0.003999948501586914,4,1421,5727.0,326.0,1218.0,24,32,17,29
2262.5387059304276,486.37391308882235,7.61783842193892e-06,-2.230098249101987,-2.134445532233511,-2.127613994199413,-2.094812350662305,0.004000186920166016,4,3542,9538.0,793.0,2110.0,27,26,23,23
785.9804892055303,169.9723160849852,4.576795678102076e-06,0.8288116782718733,0.8083785276873701,0.841363586149636,0.8407123260197132,0.003998756408691406,15,5236,5906.0,1179.0,1236.0,25,27,22,24
989.229531841153,224.3490831519289,6.106685236205325e-06,0.8871636938172802,0.876365698569062,0.8896679714718814,0.8820217863789787,0.0040013790130615234,10,8466,10133.0,1919.0,2203.0,22,24,19,21
1055.3957242814,235.78163102347455,7.3963881472224905e-06,0.882650349779502,0.8748179143263902,0.8854130649364998,0.8811947236137092,0.00400090217590332,11,8834,11019.0,1990.0,2423.0,24,24,21,21
1084.7079669783816,261.8042008074728,7.901466439768692e-06,0.896078119591146,0.8697541795184132,0.8979274030339789,0.8737917007136045,0.004000186920166016,9,9725,12337.0,2247.0,2751.0,22,23,18,19
1081.0745631597808,256.65138482644767,7.82225965544604e-06,0.9111577027107483,0.8954321754832009,0.9129896757503827,0.8987558533077182,0.0,10,10579,13281.0,2475.0,2983.0,22,23,19,20
1330.8897481531408,308.71388188671597,9.277775290476098e-06,0.8786233889078096,0.8673244605657517,0.8805232763756365,0.8702325765754031,0.004000663757324219,8,11359,15242.0,2704.0,3509.0,20,21,16,18
1336.215829099283,330.50090690097295,1.0980006960516307e-05,0.9230835383393332,0.9079120336259929,0.9240378918101432,0.9094729041320782,0.004000663757324219,7,14939,19471.0,3596.0,4677.0,18,18,14,16
1473.0332181258261,381.3430353871667,1.3700210897898872e-05,0.9310527458457485,0.9133870966225638,0.9318333467360616,0.9141552419558896,0.003999471664428711,6,18141,23484.0,4682.0,5932.0,17,17,14,14
1594.5415741143117,425.00894108242005,1.6886951487784877e-05,0.9407059285582521,0.9261244715961477,0.9412505773806148,0.9266097560760728,0.0,5,22016,28326.0,5849.0,7612.0,15,14,12,12
1694.5994620682804,482.45964107182886,1.8730888966378352e-05,0.9403770406365682,0.9152745003048949,0.9408977458808702,0.9158371176003218,0.0039997100830078125,5,23381,30467.0,6345.0,8368.0,15,14,12,12
1606.0478494543188,470.57359176132894,1.9098291654188528e-05,0.9497767184342767,0.925110743737143,0.9501989157771077,0.9256343068443807,0.004000663757324219,5,24455,31038.0,6550.0,8612.0,15,14,12,11
1884.924208246404,541.2415896190289,2.2788076676350473e-05,0.9383585290623696,0.9164958464567537,0.938824470165676,0.9168194040366349,0.004000186920166016,4,26432,34491.0,7360.0,10054.0,14,12,11,10
1781.4798418964313,562.549164518089,2.671280322410265e-05,0.9553070973045736,0.9282309465058788,0.9556189238461572,0.9285276591763919,0.004000186920166016,4,30111,37812.0,8755.0,11502.0,13,11,10,10
1775.4255827829,571.9097758096698,2.7675791956691173e-05,0.9573991874655785,0.9298306193505919,0.957706828109948,0.9300780454274598,0.003999948501586914,4,30659,38614.0,9024.0,11901.0,13,11,10,10
1786.841186866738,592.6354978680685,3.154444058760318e-05,0.9601602540083911,0.9329757289552111,0.9604369708234163,0.9332294668537473,0.004000186920166016,4,32527,40562.0,9814.0,13296.0,12,11,9,9
1589.777251168645,525.3799617102528,3.095443102192333e-05,0.9712078990812555,0.9521998034415978,0.9713795083899163,0.952483838532316,0.00400090217590332,4,34343,41638.0,10566.0,13284.0,12,10,9,8
1558.349490780764,530.5889907294849,3.258783013200447e-05,0.9737251030082238,0.9543488808181464,0.9738769043006348,0.9546497761141606,0.004000186920166016,4,35364,42400.0,11052.0,14082.0,11,10,8,8
1533.6691502732915,515.9120766500173,3.2234919582215995e-05,0.9749580635405011,0.958728151738358,0.9750951513488366,0.9590902619186068,0.00400090217590332,4,35702,42584.0,11466.0,14278.0,11,10,8,8
269.2987807869418,55.51960989896573,7.554441541793351e-06,-1.7478573691450645,-1.666965086057818,-1.6518424041922293,-0.7268826585471537,0.004000425338745117,4,540,581.0,192.0,167.0,9,10,4,5
1114.9146034188748,226.97967052873554,5.268296482711929e-06,-18.435500844481336,-16.310645794948016,-18.122430333043454,-13.562707558195207,0.003999233245849609,4,788,2128.0,216.0,435.0,11,39,4,36
1050.9100570061487,215.45267268397174,4.8347520783860716e-06,-10.62923664710336,-9.473006385589363,-10.419879442140722,-7.774870402330901,0.004000186920166016,4,915,2124.0,262.0,433.0,11,37,4,33
1835.510084644956,380.87217617375694,5.627429825386668e-06,-7.61846737414071,-6.5321043356237665,-7.3134317786125855,-6.243966893754735,0.003999948501586914,4,1780,5706.0,397.0,1210.0,22,30,14,27
1981.1264603965426,422.74558937182695,6.365475520154309e-06,-3.995076600571669,-3.9676234821023177,-3.819117506461869,-3.8662678236784176,0.0039997100830078125,4,2531,7224.0,543.0,1556.0,24,29,20,25
2000.7603268299445,429.994452483595,7.097480510096097e-06,-1.301678683110008,-1.2806282142642003,-1.236450479084351,-1.2488921743572332,0.0,4,3678,8838.0,793.0,1936.0,28,26,20,23
626.55327961405,139.3466024334863,3.6353789748201317e-06,0.8508421016767633,0.8111671295056653,0.8721989021372865,0.8654792658349117,0.004000425338745117,18,4478,4953.0,1011.0,1027.0,25,27,20,24
801.6524184458,174.51148622233842,4.447668859145207e-06,0.8396749755001502,0.8186241361319113,0.8502427902313847,0.8468589797430587,0.003999948501586914,15,5485,6302.0,1189.0,1324.0,25,28,20,24
787.0878865644361,174.13426192587886,4.54304209506185e-06,0.8657867865904262,0.8489089910060721,0.8727659833006914,0.8658348966377329,0.003999948501586914,15,5828,6770.0,1283.0,1427.0,25,28,19,25
814.6992334040158,182.63513054473094,5.2864484741912314e-06,0.88685069903924,0.8712410292324496,0.8908992488650158,0.8834638053410053,0.004000425338745117,12,6790,7662.0,1498.0,1627.0,23,25,22,22
1052.2151765574272,241.14799513069886,6.332964630143253e-06,0.8679692837804144,0.8506408385714177,0.8708543754643264,0.8574242130453539,0.004000186920166016,10,8309,10382.0,1890.0,2267.0,22,24,18,21
1169.5904749615906,276.46582365339776,8.182510097082607e-06,0.8775594185407796,0.8530916437452778,0.879789077946991,0.8584890842804206,0.004000186920166016,9,9596,12648.0,2220.0,2833.0,20,22,19,19
1332.5236518008585,316.4077927364429,1.3942763879175922e-05,0.9006403297638479,0.8881179033522124,0.9021487702291804,0.8901684845169404,0.003999948501586914,8,12822,16900.0,3054.0,3952.0,20,20,17,17
1269.7696810881698,326.06586180794693,1.0777361814386942e-05,0.9269504647340501,0.9040947808393335,0.9278637804454574,0.9058053807719608,0.0,7,14481,18698.0,3511.0,4464.0,18,18,15,16
1393.0701628860638,360.02582649676793,1.357147427253588e-05,0.9393208902919336,0.9247694772532818,0.9399275429029238,0.9257490097967488,0.004000663757324219,6,18382,23504.0,4673.0,5899.0,17,16,13,14
1604.8891320947341,451.00388608431956,1.8693733601552568e-05,0.9491297729720408,0.930742612093977,0.9495542452641419,0.9313159620984159,0.004000186920166016,5,24250,30818.0,6686.0,8521.0,14,13,11,11
1562.5584789056695,458.9562758672058,2.1361014903607033e-05,0.960746969481839,0.9440250732046028,0.9610443984257941,0.9445152745973846,0.004000425338745117,5,27498,34159.0,7862.0,9810.0,14,12,11,11
1606.163048025357,496.05127069476873,2.2924102721263532e-05,0.9605232284665817,0.9385434614758732,0.960834621290344,0.9389842856460537,0.004666566848754883,5,28390,35395.0,8230.0,10332.0,14,12,11,10
1621.9477841728856,520.7749033891706,3.1518276661198256e-05,0.9699230509053319,0.9533747149693843,0.9701040397115833,0.9536305115936092,0.004000663757324219,4,34179,41782.0,10654.0,13413.0,11,10,9,8
1411.9919329620832,468.6381088679551,3.2751219801315073e-05,0.9799493205385917,0.9677464471481387,0.9800561990555163,0.968094437911661,0.004000663757324219,4,37065,43614.0,12142.0,13937.0,11,9,8,8
1300.6037980812348,486.7238586543024,3.439434304337219e-05,0.984200604281029,0.9689135610579951,0.9842804359640124,0.9693536641214974,0.003998279571533203,4,38881,44904.0,13091.0,15331.0,10,9,7,7
1316.4956837820118,409.6864909090039,3.693230417334229e-05,0.9844294853894608,0.9793068515809517,0.984510040762983,0.9795802210606375,0.004000663757324219,4,40032,46024.0,13919.0,15157.0,10,9,7,7
271.161948074086,55.606129758028175,8.533465432749461e-06,-3.251681651840439,-3.067360920800219,-3.0402844711387482,-1.5213721532251139,0.004002571105957031,4,455,493.0,154.0,154.0,7,11,5,4
309.66440167811777,62.864934582006846,7.853411200412615e-06,-4.67396585219666,-4.5675075131996925,-4.455470668186048,-2.425035460788023,0.003999948501586914,4,458,496.0,166.0,132.0,8,21,3,4
603.9543994927652,122.41302184272172,8.338005396613612e-06,-16.377560279655537,-14.6173294433237,-15.852939675024349,-9.934988222437967,0.003999948501586914,4,495,897.0,151.0,181.0,9,40,5,35
753.6637319344306,152.4452087363413,6.672478106603986e-06,-20.42649233468618,-18.174637178053015,-19.90810460731303,-13.150592511931928,0.0,4,513,1167.0,158.0,236.0,8,43,3,39
1309.682062245134,266.09561251550167,4.868725475924229e-06,-16.21793795587458,-13.220875848185896,-15.881982797198955,-11.880873663211842,0.004000186920166016,4,969,2773.0,234.0,570.0,14,38,5,35
1626.2752848405873,336.4192572767895,5.049916494302926e-06,-7.453654670575288,-6.659215755509975,-7.180517902079069,-6.286734234170037,0.004000186920166016,4,1617,4751.0,354.0,995.0,22,32,17,29
1861.6587865395743,394.84540751202024,6.034395112540966e-06,-4.114958752276871,-3.933583088920626,-3.9443054055360687,-3.788814772313019,0.004000186920166016,4,2365,6572.0,498.0,1404.0,24,29,20,25
1769.1042195369196,379.2050072190503,6.299869611520383e-06,-0.5738138005630924,-0.5669818308436481,-0.5285983640712877,-0.5457648290946955,0.004000425338745117,4,3909,8378.0,839.0,1818.0,26,27,20,24
615.1907298930482,133.95881238139634,3.7904478305859908e-06,0.8814819164874824,0.8614752210953953,0.8933333252528813,0.8894532869528466,0.003998756408691406,18,5002,5235.0,1097.0,1088.0,26,29,24,25
678.9165212727871,149.7577408763265,4.3338894516426076e-06,0.8833993549108924,0.8664306230539659,0.8912844687830674,0.8864199807080849,0.004000425338745117,16,5424,5970.0,1230.0,1248.0,27,28,23,24
987.2348476651564,225.85506660491615,6.433248512155663e-06,0.8975457111892274,0.8861212267665811,0.8997907423540801,0.8901112084037155,0.004000425338745117,10,8858,10803.0,2007.0,2367.0,23,24,19,21
1315.1754071789633,307.61584077304195,9.582528670292404e-06,0.8935807494829845,0.8835730915668207,0.8953916697691612,0.8861228017920256,0.003999948501586914,9,12045,15855.0,2824.0,3667.0,20,21,17,18
1257.1041212799878,299.010160507894,9.921222068769496e-06,0.9131277689906756,0.9015749807881925,0.914397234183628,0.9041491033738913,0.0039997100830078125,8,12878,16713.0,3137.0,3903.0,19,20,16,17
1312.165140079064,321.5264834658142,1.0377061486387344e-05,0.9142249553521035,0.8977988762203973,0.9153322413485305,0.8995261407784039,0.003999948501586914,7,13782,17992.0,3295.0,4263.0,19,19,16,16
1330.8095280692876,312.7430533062315,1.0683745707159575e-05,0.9155721940185203,0.9101146097261192,0.9168110918065667,0.911573767950085,0.0039997100830078125,8,14136,18286.0,3429.0,4346.0,20,20,16,17
1303.5559348446914,322.6284357072106,1.2048547187712867e-05,0.93788858065816,0.9275511531511363,0.938624914516755,0.9287881535298569,0.0,7,16723,21076.0,4169.0,5170.0,18,18,15,15
1502.024143241952,379.26536231741943,1.3516915459840374e-05,0.9264473608662211,0.9125594579926956,0.9274261137642388,0.9134148960626725,0.0,7,17734,23236.0,4433.0,5850.0,19,18,15,15
1468.2857677389238,379.7329688867882,1.4750171655758282e-05,0.9402214804516538,0.9270435327156047,0.9408365922127521,0.9277995574900203,0.004000186920166016,6,19670,25272.0,5069.0,6482.0,17,16,13,13
1623.5243909213889,530.2388121560574,2.8676139956886603e-05,0.9665791776951768,0.944338104384254,0.9668022093448478,0.944564274233892,0.003999948501586914,4,32100,39543.0,9696.0,12514.0,12,11,9,9
1458.54575119649,530.6071208216741,3.434879516169933e-05,0.9778734501361711,0.9569909362539276,0.9780028741345802,0.9572627647644488,0.003999948501586914,4,36482,43087.0,11762.0,14521.0,11,10,8,8
1154.7423819839644,367.3265321890048,3.0364476016680767e-05,0.9881228949422032,0.9831712074926188,0.9881830639411346,0.9836836465952569,0.003999948501586914,4,39986,45342.0,13662.0,14442.0,9,8,7,7
200.8410181793882,41.3500050382907,8.6844076786844e-06,-1.4584174294471532,-1.5022756365009529,-1.3572801290538585,-0.6019696429665902,0.00400090217590332,4,441,457.0,146.0,130.0,9,9,4,5
217.27955782815832,44.19205245290153,7.961232930120312e-06,-2.7477965761580405,-2.25177731208659,-2.611875871525032,-1.113810835115494,0.003999233245849609,4,386,420.0,141.0,126.0,7,9,3,4
215.67918401335504,43.431939092485074,7.325222218450313e-06,-1.6506216724241072,-1.2546100360502654,-1.541779862497303,-0.46574474844542646,0.004000425338745117,4,469,491.0,157.0,157.0,8,8,5,4
178.30460243639254,36.944073724121615,6.419455400155126e-06,-0.623064662055659,-0.6911348933222141,-0.5600258519717618,-0.06993211250655351,0.003999948501586914,4,479,475.0,163.0,138.0,7,8,3,4
316.0931593955596,63.924353079766604,8.215412823729553e-06,-7.813585793881073,-6.6255907827662845,-7.449204318201755,-4.043046003025413,0.0,4,362,446.0,122.0,120.0,8,29,3,4
490.0642921257033,99.56849610527753,7.947208143798574e-06,-6.655818415939372,-6.221396163110293,-6.435852156082925,-3.9843347429550855,0.0,4,591,782.0,194.0,168.0,10,31,3,5
570.6309829916353,116.01647691886987,7.436346044540474e-06,-8.359132559609703,-7.423988760565493,-8.090434258309037,-5.010793856122731,0.003999948501586914,4,623,915.0,190.0,184.0,10,34,3,28
141.11224846435786,29.522943055641772,8.692194636237914e-06,-0.7856262481872407,-0.7911783279281595,-0.7129047312871379,-0.14182534032396732,0.003998994827270508,4,360,378.0,121.0,112.0,7,8,4,4
856.0018070950551,173.5157593707269,5.636479347203355e-06,-14.243959349008243,-12.871531101578778,-13.94599448907331,-9.56758377231467,0.004000425338745117,4,680,1469.0,214.0,298.0,12,41,4,36
1887.3333342532085,392.0987465975036,6.5416922720905964e-06,-15.09457236233898,-13.311795201675233,-14.685745200773818,-12.226365085381486,0.004000186920166016,4,1370,5091.0,353.0,1078.0,13,30,8,27
1617.0774080884316,336.7410911961889,5.126888527880406e-06,-11.856135825412315,-10.572343766608586,-11.342195053353738,-10.027913556559609,0.004000663757324219,4,1337,4410.0,296.0,921.0,19,34,5,30
1975.2971321845903,412.4761356733259,6.332477320701666e-06,-12.595071419011049,-11.186002220369705,-12.071962022031881,-10.68789733073208,0.004000186920166016,4,1648,5819.0,360.0,1238.0,21,31,15,27
1950.1173575796236,411.6223871260325,6.583711799698356e-06,-6.748210880716331,-6.289545845529458,-6.502851109681786,-6.040468261344447,0.004000425338745117,4,2042,6362.0,435.0,1361.0,23,29,18,26
2007.3609878187497,426.3713292620256,6.284250580535294e-06,-5.804494154133993,-5.664316915877507,-5.542218320686908,-5.499225952559423,0.004000425338745117,4,2208,6884.0,469.0,1480.0,24,30,22,26
1991.6511627708971,423.42948793157996,6.3769902527286515e-06,-4.273525250258386,-4.070237214788258,-4.070826350816429,-3.956178060394384,0.0039997100830078125,4,2468,7218.0,540.0,1554.0,27,29,22,25
2214.1645362867685,480.1770398335736,8.002439277379536e-06,-2.238313562235553,-2.2644791310372745,-2.15254789744867,-2.213635942117226,0.0,4,3462,9278.0,732.0,2052.0,27,25,21,22
2071.612247039328,445.1460668514699,7.0373226229307025e-06,-1.4180457783629583,-1.35604621933778,-1.3531243391645282,-1.3230648106826415,0.0,4,3740,9141.0,797.0,2010.0,25,26,17,22
559.6370919612059,123.21716552298253,3.2963735272301805e-06,0.8892456662699878,0.8657450309324927,0.901196825868154,0.8974152739747454,0.0,17,4699,4816.0,1025.0,997.0,25,27,22,23
839.7976085080345,188.7594137495393,5.150491444261344e-06,0.8545909002574252,0.8315474385762822,0.861999605376334,0.8518022121105525,0.004000663757324219,14,6094,7116.0,1374.0,1506.0,24,27,20,23
1018.0568054342101,228.40678424886835,6.564509431867044e-06,0.8482475425952062,0.831003452687477,0.8528977126597984,0.8423700635325867,0.004000186920166016,12,7354,9018.0,1673.0,1945.0,24,26,21,22
1157.898834575418,261.07487218973966,8.07852363838235e-06,0.8431012390205814,0.829251970154183,0.8465055592320727,0.836284301524949,0.003999948501586914,10,8283,10956.0,1888.0,2411.0,22,24,20,21
1108.3998893029272,253.0249576889267,7.051760357190652e-06,0.8696886431605116,0.8556515642549032,0.8729251815296148,0.8621771130925417,0.0,11,8795,11148.0,2014.0,2456.0,23,24,19,21
946.4944092104647,218.65833317453664,6.845853339196691e-06,0.9181902070932481,0.9073072964258476,0.9198463983612031,0.9113909212670965,0.004000425338745117,10,9646,11520.0,2200.0,2540.0,22,23,19,20
1096.045522100635,251.42758691256248,7.721057862381998e-06,0.8990459822722721,0.8890554687297992,0.901363924427355,0.8932315809977864,0.004000425338745117,11,10042,12573.0,2302.0,2806.0,23,24,18,21
1014.2522173698022,241.65014216588247,7.96779476333404e-06,0.9252945822284518,0.9117428631994191,0.9265739821466015,0.9143371533559965,0.003999948501586914,9,10925,13312.0,2525.0,2987.0,21,22,18,19
1492.635736159434,352.8874748308207,1.1029063677954942e-05,0.8770844247167564,0.8635390585212986,0.8787260142333995,0.8655976912177418,0.003999948501586914,7,12976,17868.0,3057.0,4236.0,19,19,17,16
1498.5760333261621,378.604731287383,1.3665991425373557e-05,0.928524896626495,0.9152353920376939,0.9293389568210275,0.9159672580763629,0.004000425338745117,6,18175,23644.0,4608.0,5989.0,17,17,15,14
1694.1825117084416,439.53032233887933,1.536221814703423e-05,0.9145252883782728,0.8944063775227774,0.9154589438447527,0.8954717328537162,0.004000425338745117,6,18666,25260.0,4816.0,6497.0,16,16,13,14
1515.3512337745753,391.51511478662354,1.5157374491659995e-05,0.9366571016486296,0.9229343145046479,0.9373257906575264,0.9236248479942378,0.004000186920166016,6,19672,25546.0,5050.0,6575.0,17,16,13,13
1707.8179799473887,469.17091487902474,1.7779940894454925e-05,0.932768589468107,0.909543565960431,0.9333862129955701,0.9101290740016945,0.003999948501586914,5,22012,28931.0,5816.0,7856.0,15,14,12,12
1708.0998368454868,485.97803719054934,1.8817896275377205e-05,0.9369896455098433,0.910153911451804,0.9375560591078808,0.9107028329655424,0.004000186920166016,5,22915,30044.0,6052.0,8272.0,15,14,12,12
1622.8835415622664,470.0771717159014,2.053909029847492e-05,0.9531206373942642,0.9341845117122969,0.9534997624497765,0.9346812506081592,0.004000425338745117,5,25998,32917.0,7164.0,9358.0,14,13,11,11
1604.9109862183045,468.83627486744126,2.120604097166118e-05,0.956743616413552,0.9391832887781615,0.9570669423996877,0.9397646209026012,0.003999948501586914,5,26816,33590.0,7560.0,9591.0,14,12,11,10
1762.9290701131456,531.5438697009558,2.3566153245513733e-05,0.9497604519136773,0.9253556691162141,0.950130046007286,0.9256438756360079,0.004000186920166016,4,27550,35446.0,7889.0,10516.0,13,12,10,10
1708.2544331373279,541.5128307190267,2.763043194993906e-05,0.9610471686494928,0.9380726524359139,0.9613116957729209,0.9383393391568849,0.0039997100830078125,4,30906,38812.0,9384.0,12070.0,12,11,10,9
1642.5798813654899,520.821656535773,2.8741341468622907e-05,0.9664939284827232,0.9487404926223182,0.9666958212302458,0.9490546035896421,0.003999948501586914,4,32533,39880.0,9866.0,12622.0,12,10,9,9
1447.480397103878,482.63057386922077,3.7088557294379665e-05,0.9797357648121064,0.9675876327722768,0.979849800954202,0.9678092619821886,0.003999948501586914,4,37858,44770.0,12572.0,14658.0,11,9,8,8
1322.056439478537,456.3684321174432,3.424298029946178e-05,0.983766385683528,0.9726041313179031,0.9838483133731546,0.9730246034915411,0.003999948501586914,4,38937,44924.0,12982.0,15224.0,10,9,7,7
262.21204444113545,53.586962033688756,8.309082931807198e-06,-4.6496612994065,-4.451795842767527,-4.442875679760067,-2.539235156993139,0.004000425338745117,4,382,427.0,121.0,117.0,9,16,4,5
202.82355837854078,42.93684800572425,6.965894260256117e-06,-1.0145645589228836,-1.125162745290564,-0.9307329562322477,-0.32416801340755375,0.003999471664428711,4,490,505.0,168.0,141.0,7,8,4,5
591.0126461562957,120.03515110166688,8.607059158137372e-06,-14.302978747893349,-13.365043098971856,-13.878387291325934,-9.037068384508082,0.004000186920166016,4,507,890.0,160.0,180.0,9,38,5,35
682.7597948766462,138.462427214028,8.324402346670951e-06,-16.81827212979365,-15.563932084092883,-16.317044101502837,-10.38858266274345,0.004000186920166016,4,535,1044.0,184.0,211.0,9,41,4,36
450.1113288213632,92.09952723367621,5.757242692331955e-06,-4.512209408935452,-4.164408122882821,-4.350591643945695,-2.610767523609247,0.0039997100830078125,4,634,773.0,217.0,191.0,9,27,4,4
1369.8490906848097,278.8752147765496,5.752696979737607e-06,-18.33127746872106,-15.514436757964354,-17.990396767922256,-12.844776310817581,0.003999471664428711,4,957,2851.0,278.0,587.0,13,35,4,31
1598.790206687544,332.03389949923286,5.709700384259239e-06,-12.189919161103301,-10.073615382339193,-11.859706346237635,-9.302777191565422,0.004000663757324219,4,1286,4123.0,337.0,860.0,16,33,8,29
2077.6687381333595,433.7782291486438,7.039370491550387e-06,-13.582329219980542,-12.066125002540153,-13.145758926135716,-11.594764903219788,0.004000425338745117,4,1583,6022.0,347.0,1288.0,19,30,18,27
2056.922162175808,429.2786342614006,6.02542570995612e-06,-10.90340289662596,-9.377681388822214,-10.351557333244902,-9.077175127651106,0.003999948501586914,4,1788,6398.0,381.0,1369.0,25,30,22,27
1984.394271559964,420.3048992497391,6.819736216557248e-06,-2.4993225904342724,-2.3314636244815024,-2.3938134193570257,-2.283819974823847,0.004000186920166016,4,3026,7836.0,667.0,1698.0,27,28,21,25
2307.496043243267,497.85750345856997,7.969916278301218e-06,-2.6433397409868578,-2.567294193247913,-2.538312639303631,-2.5176915473135844,0.0039997100830078125,4,3327,9511.0,726.0,2111.0,26,25,19,22
2001.539173361341,440.6031850391763,6.70164108442374e-06,-1.3520504024193931,-1.5921028368415575,-1.2797175256753635,-1.5591877160024477,0.00400090217590332,4,3655,8898.0,772.0,1950.0,29,27,22,24
844.4443542601612,189.6454157656605,5.4564849199891196e-06,0.8576096690457689,0.8312903215372065,0.8643828973502149,0.8513992310587638,0.003999471664428711,14,6115,7121.0,1398.0,1507.0,23,27,21,24
898.3432503812883,201.08313446505684,5.97951023364002e-06,0.8949255154033987,0.8859642939175997,0.897561508253235,0.8920108059869172,0.004000186920166016,11,7814,9231.0,1779.0,1990.0,23,25,20,22
1127.3395448746585,254.43497657234704,8.139051602937783e-06,0.8652154559171779,0.8538885472397996,0.8685267162404917,0.8590398417763878,0.004000425338745117,11,8810,11264.0,2066.0,2484.0,24,25,20,22
1148.8661347626169,265.49923946001456,7.9620112958098e-06,0.8828883134273116,0.8679702892554374,0.8849439792392332,0.8729604872002438,0.003999948501586914,9,9789,12486.0,2285.0,2790.0,20,22,18,19
1272.8588884868582,306.64444429565543,9.401811100566894e-06,0.8869754217330241,0.8646253190415246,0.8887002053502041,0.8672633358425921,0.004000425338745117,8,11308,14983.0,2631.0,3447.0,21,21,17,18
1292.533390368462,304.98472876950524,9.778094699601715e-06,0.9003490290132217,0.8875805534630207,0.901821048949301,0.8901216306117694,0.003999948501586914,8,12474,16240.0,2887.0,3775.0,20,20,17,17
1436.616642094921,344.94899108652703,1.1502776647562645e-05,0.9048494277741386,0.8935206605751017,0.9060424145939763,0.8952552415922236,0.003999948501586914,7,14447,19222.0,3457.0,4613.0,18,18,14,16
1385.238976316136,350.1059133142918,1.20418026912705e-05,0.9202778640699678,0.900506456589417,0.9212482329986058,0.902004682642472,0.003999948501586914,7,15254,20112.0,3650.0,4876.0,19,18,16,15
1371.1055895278118,338.3585297043004,1.2272402175545764e-05,0.9308467853659914,0.9198266251496718,0.9317052042596199,0.9210258864720623,0.004000425338745117,7,16366,21289.0,4044.0,5236.0,18,18,14,15
1634.7950063435958,422.74540902423036,1.560873650815331e-05,0.9250061868303747,0.9091147651731208,0.9258142813786177,0.9098973721245384,0.004000663757324219,6,19557,25866.0,5066.0,6696.0,17,16,13,13
1710.0964885058386,482.4319968440602,1.9065288672580578e-05,0.9392027673546028,0.9162553794617831,0.939756554245055,0.916711352050375,0.004000186920166016,5,23543,30649.0,6424.0,8480.0,15,14,12,12
1793.9818317084485,540.1280615897184,2.3555581078690123e-05,0.9462787850941528,0.9187194670387827,0.9466790271847381,0.9190369874051251,0.004000425338745117,4,26973,34838.0,7522.0,10277.0,13,12,11,10
1771.6590124089905,555.4896394923431,2.5134002464220495e-05,0.9499877542078514,0.9193710862839005,0.9503532908878999,0.9196778288446845,0.0039997100830078125,4,27929,35859.0,7864.0,10811.0,13,12,10,10
1516.4663111710286,503.961814442986,3.474371974205486e-05,0.9767433489347351,0.9626331097292065,0.9768723828753815,0.9629420299437773,0.003999948501586914,4,36742,43808.0,12084.0,14168.0,11,9,8,8
1392.190244572678,455.0136902702306,3.299282599222176e-05,0.98120234583397,0.9712056411348443,0.9812990880856999,0.9716072040135956,0.003998279571533203,4,37794,44338.0,12417.0,14726.0,10,9,8,7
1340.4454872044096,479.80166258222437,3.524296751139556e-05,0.9832679324660438,0.9697779785422095,0.9833547533913571,0.9702122513207475,0.003999948501586914,4,39018,45079.0,13153.0,15268.0,10,9,7,7
137.51465830957804,28.0178514522438,7.67092618904312e-06,-0.9775762697862986,-0.8479816820287092,-0.8756847114462512,-0.10411580557305955,0.0039997100830078125,4,342,363.0,121.0,116.0,7,8,3,4
100.3813042852104,21.120191760493086,5.620292099602353e-06,0.4836275994989776,0.4434750212271915,0.506371216775011,0.6414267867805707,0.0039997100830078125,4,485,474.0,151.0,141.0,8,7,3,4
390.13535311478756,79.18280537254705,7.786543111447737e-06,-5.61107810714686,-5.3952747380815635,-5.393376297432008,-3.3447253963084336,0.004000663757324219,4,514,614.0,160.0,160.0,9,29,5,4
898.6719368045271,182.35722154606327,7.226955342604169e-06,-16.033323953455543,-13.916411282533154,-15.650576762501675,-10.335084394459216,0.004000425338745117,4,690,1541.0,226.0,313.0,9,38,4,34
883.9596875235129,179.71192225336637,5.890312134930483e-06,-13.650884295034025,-11.002717638519236,-13.361680300651102,-8.501692341808546,0.004000186920166016,4,730,1553.0,218.0,315.0,9,39,5,34
870.6826643980764,176.5397736111233,5.571905315290001e-06,-8.657594254926243,-7.651203935448795,-8.486185367762902,-6.034206663011436,0.003999948501586914,4,859,1625.0,256.0,330.0,11,36,4,32
1395.9909786599626,286.2765453484911,5.434386756256671e-06,-13.205335175022391,-10.97221985115488,-12.917916856968944,-9.66300848208041,0.003999948501586914,4,1137,3224.0,288.0,666.0,14,34,4,30
2049.12413453895,428.6461122923353,6.337711547993255e-06,-13.391836082015582,-12.106191130246557,-12.75338560173511,-11.727866695468432,0.004000663757324219,4,1543,6152.0,332.0,1313.0,22,32,19,28
2055.3435159967785,438.46922402452225,7.0226695807902266e-06,-2.368787964302266,-2.2345170092717304,-2.274671381050237,-2.1761519518316215,0.004000425338745117,4,3168,8324.0,691.0,1818.0,26,26,18,23
629.4619750618623,138.2226464802349,3.741147497380422e-06,0.8637127832000058,0.8367020007284087,0.8781143807487379,0.8723164511423419,0.004000186920166016,18,4734,4979.0,1043.0,1032.0,27,28,22,24
757.9527325813834,171.80796550653363,5.120258382878976e-06,0.8878289247550758,0.8649076855730031,0.8927695569696645,0.879897659792013,0.0039997100830078125,13,6179,7111.0,1381.0,1502.0,24,26,21,22
960.9733346976908,209.8837340485961,9.596721912353982e-06,0.8429225369189572,0.8346692592384914,0.8479305566329126,0.8465371863018457,0.0,12,6691,8263.0,1460.0,1768.0,25,26,21,23
845.3139008138285,193.38245196313116,5.781012228776236e-06,0.8928843542004912,0.8756970636822423,0.8959684540558518,0.883530269339563,0.004000425338745117,12,7359,8276.0,1641.0,1767.0,24,26,20,22
1165.43915029635,284.2600233405415,9.648482134268617e-06,0.9222578654556068,0.9054485635329509,0.9233705047322068,0.9079883252758725,0.003999948501586914,8,12658,15988.0,3032.0,3704.0,19,20,16,17
1431.563402086526,354.499799050552,1.1299940034985e-05,0.8997740645630942,0.8788420485789977,0.901103230413075,0.8803596737820236,0.003996610641479492,7,13912,18733.0,3345.0,4491.0,19,19,15,16
1401.3805460268843,360.9291752757283,1.2517366431055418e-05,0.9243507132308144,0.9016728645915297,0.9254709449439866,0.9031287179626546,0.004000186920166016,8,15983,20917.0,3958.0,5133.0,19,19,15,16
1407.9507176759616,356.1011092372502,1.3441545742056115e-05,0.9336232230917961,0.9207731953412244,0.9343902997803323,0.9214913472264628,0.004000425338745117,6,17699,22812.0,4416.0,5692.0,17,17,15,14
1531.318386228024,412.57961191776405,1.4471247373867419e-05,0.928091798223249,0.9014511553100596,0.9288786800368768,0.9023456022999448,0.003999948501586914,6,18445,24313.0,4581.0,6226.0,17,16,13,14
1406.696904400896,373.71904625254905,1.4120756992128558e-05,0.942378551140722,0.9244578194539115,0.9429759356134368,0.9253292302083851,0.003999948501586914,6,19060,24464.0,4801.0,6200.0,16,16,13,14
1567.0223825358785,436.7491873278976,1.866585877998258e-05,0.9519749014347201,0.9358924448522462,0.9523644194398361,0.9364641519122581,0.003999948501586914,5,24371,30868.0,6745.0,8531.0,15,13,11,11
1607.3785949080016,475.31176472312416,2.0415012922083556e-05,0.9531306810496241,0.9294020958886484,0.9535345786869663,0.9298526084633371,0.003999948501586914,5,25602,32344.0,6925.0,9155.0,14,13,11,11
1575.6082701777848,475.9536908035,2.1744759982248645e-05,0.9590179854041275,0.937813681871051,0.9593308381690692,0.938395746879536,0.00800013542175293,5,27102,33767.0,7584.0,9684.0,14,12,10,10
1744.3878313752364,550.8704853835126,2.7138698587693115e-05,0.9573771849581681,0.9330999167437225,0.957658841164196,0.9334304323231738,0.004000425338745117,4,30129,38069.0,8890.0,11747.0,12,11,9,9
1430.9832720895097,478.8071114760097,3.446996405388453e-05,0.9800224320774127,0.9680938592222096,0.9801265966561022,0.9684815177414169,0.004000186920166016,4,37693,44494.0,12581.0,14873.0,10,9,8,7
36.1416484128768,8.397048092435023,1.1097144912054796e-05,0.8566365882197744,0.81170983639238,0.8650140924783665,0.9000029545588843,0.004000186920166016,4,340,342.0,128.0,116.0,7,6,3,4
95.782250878403,19.98827781475933,6.824267542402415e-06,0.19425152176767035,0.1383107560211041,0.23520568467811886,0.49280169835724874,0.004000663757324219,4,386,364.0,128.0,115.0,7,7,3,4
97.33650822447522,20.400418704853422,5.94096143467525e-06,0.3646855334242838,0.36643539132214475,0.39660852331143925,0.6191677586374036,0.004000663757324219,4,434,445.0,148.0,128.0,7,7,3,4
570.5344259989927,115.92005147226831,7.4880007796290834e-06,-8.960847760929708,-8.15559863931295,-8.652385036264837,-5.346780086438492,0.003999948501586914,4,597,899.0,202.0,181.0,8,35,3,29
130.90713152205777,26.620206923813846,8.000939796997322e-06,-0.7240629887767629,-0.4762930820123643,-0.6254385644233971,0.07824579317282154,0.003999948501586914,4,367,383.0,131.0,117.0,7,7,4,4
795.7772144262489,161.58382757359516,7.078533951719109e-06,-18.0631773116141,-16.741369055409056,-17.60362969721622,-11.773370438424156,0.0039997100830078125,4,554,1265.0,183.0,256.0,8,41,3,36
852.456102242221,172.40981942259938,6.5866951172308105e-06,-12.403502959470915,-10.540175148912887,-12.156809384619113,-7.927841177813496,0.004000663757324219,4,732,1482.0,232.0,301.0,10,37,4,33
734.6437132492639,148.83226016783684,5.5803137078115436e-06,-8.14495597985299,-7.392898695989299,-7.951178230155758,-5.401018624360445,0.0,4,773,1288.0,236.0,261.0,10,35,4,32
1552.8026107386174,318.96569499451397,5.75347853331989e-06,-15.023148643344477,-13.15529787447327,-14.708109505398877,-11.47435000252375,0.00400090217590332,4,1164,3682.0,313.0,765.0,13,33,4,29
1793.5875884662003,370.75035120235106,6.079077139937871e-06,-14.600420547028373,-12.779003701719526,-14.242301302809315,-11.715811013116825,0.004000425338745117,4,1333,4705.0,321.0,991.0,16,32,12,28
1881.0610425590482,393.7893631118037,5.89833297843707e-06,-7.893974313488167,-7.01167536474583,-7.546631590940892,-6.738431884036515,0.004000186920166016,4,1881,5940.0,409.0,1264.0,21,30,11,27
2247.7125803247177,482.75546993276004,7.198490198497029e-06,-2.8549635332160044,-2.783908629621824,-2.72291888490938,-2.7284725346782346,0.004000425338745117,4,3250,9130.0,683.0,2013.0,28,27,27,24
471.675020538506,103.8681856970651,3.934677924354617e-06,0.9150615062409998,0.8936101334311544,0.9283586327692965,0.925140074768281,0.004000425338745117,20,4552,4523.0,986.0,958.0,26,27,25,21
680.7512919037109,151.83175212181723,4.857537517512556e-06,0.8673727136536706,0.8435578845946136,0.8782112124440986,0.8717725270977564,0.004000186920166016,16,5149,5614.0,1128.0,1172.0,24,28,24,24
1126.8904462181663,251.17762639216096,7.425547924325874e-06,0.8432098310149506,0.8323574607671541,0.8466840735794045,0.840730863708024,0.004000425338745117,10,8026,10529.0,1811.0,2310.0,23,24,18,20
979.1759857712561,221.47921899005433,7.059153682660978e-06,0.894821377554389,0.886292828279442,0.8971390024229522,0.8918417508276387,0.004000425338745117,10,8703,10489.0,1983.0,2292.0,22,23,17,20
1130.020894595415,260.78190121248826,7.781142005017082e-06,0.8737164532517792,0.8552635050667938,0.8763288880683133,0.8609884112948313,0.004000425338745117,10,9171,11815.0,2099.0,2624.0,22,23,18,20
1260.7765421082495,297.5659773387496,9.523358284149443e-06,0.896330615380981,0.8829517001022955,0.8979195107271517,0.8850400528400914,0.003999948501586914,8,11780,15410.0,2733.0,3556.0,20,21,18,18
1372.997074921114,333.2583517817041,1.1142856430886891e-05,0.9078982522563559,0.89354684400285,0.9091130945834431,0.8951817144298897,0.004000186920166016,7,13950,18422.0,3409.0,4401.0,18,19,15,16
1404.3713092318385,340.268774220729,1.1798780430833698e-05,0.9159136585101134,0.9046553146662089,0.9169629167032937,0.9063223517387654,0.004000425338745117,7,15105,19891.0,3652.0,4804.0,18,18,14,15
1391.686850668131,344.9365221328053,1.2181294338953837e-05,0.9245557870487905,0.9112092098712018,0.9254754566280481,0.9125070288979129,0.004000186920166016,7,15983,20815.0,3967.0,5091.0,18,18,14,15
1357.6083176255297,354.8577785687566,1.3192454661838587e-05,0.9393805892223116,0.9211982417833015,0.9400756825793506,0.9224069211272189,0.003999948501586914,7,17754,22637.0,4401.0,5619.0,17,17,14,15
1443.645286338011,396.16566489608005,1.4810089702328927e-05,0.9408161777349465,0.9168437058492783,0.9414342281039173,0.9177110735865811,0.0,6,19395,24961.0,4928.0,6387.0,16,16,14,13
1678.7081624680454,460.550688678353,1.806562294250496e-05,0.9355133230372188,0.9147255457745631,0.9360764998898837,0.9153527973678027,0.004000663757324219,5,22268,29121.0,5928.0,7909.0,15,14,12,12
1645.112666114551,466.9024467025656,1.9890342749110365e-05,0.9477013830875085,0.9279812318711975,0.9481227575707918,0.9286440936156337,0.004000663757324219,5,24604,31606.0,6727.0,8867.0,14,13,11,11
1600.2412087919088,479.57368129357735,2.0454032371753147e-05,0.9534244762520052,0.9283079223392936,0.9537889284260317,0.9289552349622419,0.003999948501586914,5,25612,32382.0,6923.0,9163.0,14,13,11,11
1558.4195604251731,475.98823514872714,2.3486638071159296e-05,0.9648233421915536,0.9468376273069152,0.9650902286766636,0.9472903280571008,0.003999948501586914,5,29421,36322.0,8539.0,10798.0,13,12,11,10
1750.5092622100956,558.7725853004363,2.9250729261399284e-05,0.958924841199591,0.935178016227225,0.959209912195972,0.9354152460278429,0.0039997100830078125,4,31093,39212.0,9406.0,12359.0,12,11,10,9
1615.7267424444024,539.4138311630505,2.9013623267036765e-05,0.9668712525939156,0.9427614885766719,0.9670811679234945,0.9430678172115166,0.0,4,32135,39374.0,9634.0,12593.0,12,11,9,9
1801.4663038064298,608.5063852034203,3.452160283183762e-05,0.9612349184737261,0.9336346869515307,0.9615127206446715,0.9338341555332274,0.004000425338745117,4,33414,41423.0,10122.0,14001.0,12,11,10,9
1545.856797890197,512.7623312347869,3.3653281358107315e-05,0.9751341264791613,0.9596875041038997,0.9752699380932168,0.9600569255166327,0.004000663757324219,4,36179,43040.0,11659.0,13984.0,11,9,8,8
1583.4807387524486,521.4998701661711,3.754514997012456e-05,0.9747230431154814,0.960190086440747,0.9748768163674203,0.9603900645542882,0.004000425338745117,4,37048,44197.0,12056.0,14550.0,11,10,8,8
1307.4788717222164,444.6076922411487,3.444772886742359e-05,0.9841049645708478,0.974210975134925,0.9841863728854481,0.9745924451261364,0.004000425338745117,4,39064,44992.0,13143.0,15235.0,10,9,7,7
252.34409378201556,51.6969333390934,8.57749188428949e-06,-3.0813432232791715,-2.802908131503276,-2.9192008042221658,-1.5228633166743282,0.003999948501586914,4,433,475.0,135.0,134.0,8,11,3,5
262.33721142834463,53.759882812372275,1.0019497939269605e-05,-2.435571911007391,-2.586717638109489,-2.299082167479263,-1.3079157487475213,0.004000186920166016,4,486,489.0,167.0,127.0,8,11,4,4
387.84222790975195,78.31806145455849,7.080328503081039e-06,-3.8729345752910396,-3.260082892039282,-3.718443862179371,-1.9350458542191324,0.004000186920166016,4,566,679.0,195.0,177.0,8,19,3,5
711.3151185773199,145.1659969368401,7.517051494769255e-06,-10.753423238629026,-9.901280001697412,-10.48293188142565,-7.191236501271652,0.003999233245849609,4,656,1170.0,197.0,236.0,12,37,5,32
1136.5562339438673,230.5903429244165,5.361072038459991e-06,-11.291838642048281,-9.900119201632668,-11.089025188727623,-8.01167534281553,0.003999948501586914,4,1007,2311.0,272.0,473.0,11,35,3,31
1835.5871562890534,379.22118655651786,6.189020370937434e-06,-23.72446444208384,-20.46460682141338,-22.947492613112072,-19.3589186477688,0.003998517990112305,4,1128,4629.0,251.0,974.0,18,34,6,31
1974.3242303802754,411.50188588065225,6.394384391435947e-06,-14.640129049105068,-13.075578384949608,-14.087207513980877,-12.506930308985794,0.0,4,1461,5637.0,329.0,1199.0,22,31,9,28
2296.850889896135,496.1100243393596,7.769676175639929e-06,-2.2776703369203184,-2.212608160152793,-2.1740337397828524,-2.1706565812226026,0.004000663757324219,4,3564,9735.0,778.0,2159.0,24,26,24,23
971.9392926702592,215.67944964692393,8.044939949892122e-06,0.820019996495837,0.7977542710310974,0.8267147266204821,0.817859139716991,0.003999948501586914,12,6349,7777.0,1447.0,1659.0,22,26,18,22
995.4170036903906,225.32298914714016,5.684388875313472e-06,0.8617869460582352,0.8449618865201037,0.8653807827858924,0.8544217394235003,0.004000425338745117,11,7512,9234.0,1701.0,1995.0,23,25,20,22
1033.8449995749206,233.70705758287434,6.86267604218236e-06,0.8672759629691187,0.8528588817626531,0.8705098780471772,0.8609916899036446,0.003999948501586914,11,8093,9998.0,1826.0,2181.0,23,25,21,21
1061.1284424746004,242.52998002059707,7.781792395791591e-06,0.8797441196349167,0.8649268982096023,0.8819352551767982,0.8697303569947396,0.004000663757324219,9,8869,11113.0,1999.0,2448.0,22,23,17,20
1132.153408624176,258.0982647863296,7.755427227428632e-06,0.8754308866887331,0.864247344743263,0.8776798538158138,0.8692712002933813,0.004000425338745117,9,9388,11774.0,2143.0,2613.0,21,23,16,19
1261.5149270266727,286.37479327312,7.905686452541023e-06,0.8557252105999645,0.8457350304305762,0.8586463245928014,0.8515531389303005,0.004000186920166016,10,9618,12769.0,2232.0,2867.0,21,23,19,20
1375.4372520797167,336.3144330079552,1.1239319983086926e-05,0.9082453161623043,0.8923847496972338,0.9094872902848193,0.8938851687469473,0.004000186920166016,7,14183,18581.0,3425.0,4445.0,19,19,15,16
1285.7388361711369,312.9830116658057,1.1170281628855026e-05,0.9262665782581891,0.9146621140723853,0.9271738965652432,0.9163989503407084,0.004000425338745117,7,14696,18957.0,3578.0,4525.0,18,18,16,15
1491.2352726172594,391.2281806844979,1.436261482065529e-05,0.9281609911106818,0.9067411955414955,0.9289096768948715,0.9078282461445655,0.0,6,17959,23584.0,4462.0,5970.0,17,16,13,14
1464.1218085298663,391.32881912894055,1.4898906231636942e-05,0.9384530073317366,0.9187405167043664,0.9390933770667069,0.9196727813121647,0.004000186920166016,6,19286,24866.0,4917.0,6358.0,16,16,13,13
1395.9927833136637,369.02068499942766,1.5429072499507717e-05,0.9504831532240637,0.9381437790250271,0.9509452737984397,0.9389422835278824,0.004000186920166016,6,20858,26293.0,5471.0,6843.0,16,15,13,13
1730.479783542703,537.9233313555628,2.6196551724253304e-05,0.9569398773015705,0.9327548275709903,0.9572386884798095,0.933041661902196,0.004000186920166016,4,29665,37130.0,8617.0,11265.0,13,11,10,10
1651.1650085369017,526.7452835574326,2.8253104610571506e-05,0.9637518042173746,0.942720376873374,0.9639934979480329,0.9429892899548384,0.003999948501586914,4,31219,38907.0,9360.0,12205.0,12,11,9,9
1208.0569324677265,406.4679799812034,3.1651016441301546e-05,0.9864085121154943,0.978266169754753,0.9864748348154416,0.978787057998794,0.0039980411529541016,4,38961,44313.0,13145.0,14779.0,10,9,7,7
1171.8736022213886,357.20691657637315,3.2355598369086e-05,0.9877392339464802,0.9842763573028006,0.9878009067888643,0.984708707592211,0.0,4,39940,45532.0,14013.0,14587.0,9,8,7,7
234.16994363068886,48.22268224946984,7.287254280134701e-06,-2.0224348821733473,-1.9945744205917424,-1.9127654197311634,-0.9446425703035135,0.004000425338745117,4,449,472.0,149.0,131.0,7,10,4,4
1158.5026255185326,236.26887049856285,6.9061378067707356e-06,-17.639640508040902,-15.625914245870284,-17.335635400196775,-12.523861677724142,0.00400233268737793,4,837,2199.0,242.0,450.0,10,37,5,33
1833.0536055536766,377.7276355612158,6.40296677122577e-06,-18.214716778412892,-15.626425177810887,-17.815935115757895,-14.07779254074892,0.004000425338745117,4,1264,4659.0,301.0,982.0,15,31,5,28
1608.8647880570945,333.2962896083103,5.418586228186259e-06,-11.127040259435699,-10.17956640808609,-10.856152736134664,-9.370167862238437,0.004000425338745117,4,1374,4146.0,297.0,865.0,17,33,13,29
2058.3920023690016,435.7494860390926,6.604043488964527e-06,-7.936493538208408,-7.463452167637916,-7.555925313297379,-7.251351818125798,0.004000425338745117,4,2030,6792.0,441.0,1460.0,26,30,21,26
1880.6822842167326,402.0293962096138,6.899654503387525e-06,-1.1544939197324853,-1.1360835564895808,-1.0997473006668095,-1.1089655738608695,0.004000186920166016,4,3634,8287.0,790.0,1805.0,24,26,20,23
1912.721577578225,411.35896479433467,6.842121342795925e-06,-1.1358206339341868,-1.1595773000718923,-1.071633382347641,-1.1317020392623292,0.004002809524536133,4,3716,8582.0,798.0,1873.0,29,27,24,24
629.0298803407082,145.36692253973976,3.87510853563248e-06,0.8929059432502185,0.8590276616768946,0.9019450071812191,0.8850770783185272,0.004000663757324219,17,5296,5594.0,1149.0,1166.0,27,28,24,24
854.8548979515319,189.97062688863184,5.203566856859633e-06,0.8587760145411059,0.840489857158163,0.8646821098170696,0.8574652660482115,0.004000425338745117,13,6268,7332.0,1383.0,1554.0,24,26,21,23
1120.7272315209118,248.1974577266617,7.2979492223450525e-06,0.8763611388957628,0.8739765395972294,0.8786451511839508,0.8784546142239321,0.003998994827270508,9,9228,11704.0,2161.0,2593.0,21,23,16,19
1104.2606247949473,249.05079141270903,8.121966623629264e-06,0.894698946739678,0.8894783089877222,0.8965327885632413,0.8933971365143142,0.004000186920166016,9,10036,12480.0,2333.0,2787.0,21,22,17,19
1125.714459551997,256.5245277421505,7.75124147580018e-06,0.8957778076278269,0.8885627928714946,0.8979381983230474,0.8914639736694843,0.004000663757324219,10,10250,12853.0,2374.0,2880.0,22,23,19,20
1222.6122322018828,283.6648502242519,8.8138498214764e-06,0.8920579961928912,0.8801393861297779,0.8939397157863304,0.8834165126433949,0.004000663757324219,9,10948,14280.0,2597.0,3253.0,21,22,18,19
1360.6738060687944,335.9878523942819,1.1191215855108746e-05,0.9098685690645525,0.8912238676876973,0.911157657801508,0.8934857814496993,0.004000663757324219,8,14047,18385.0,3373.0,4372.0,19,19,15,16
1398.8079641001862,335.83434856699716,1.2278842996285592e-05,0.9230250586176661,0.9165599755847484,0.9239503598604536,0.9178615633192295,0.003999948501586914,7,15776,20688.0,4063.0,5057.0,18,18,15,15
1443.8603361173011,389.69110789761174,1.547518249410399e-05,0.9445917936277247,0.9258251092028836,0.9451228188485847,0.9268311637657616,0.0039997100830078125,6,20244,25837.0,5131.0,6724.0,16,15,13,13
1641.9373473526873,447.88385477534354,1.811010421146306e-05,0.941542735621371,0.9243942379259007,0.9420469502255507,0.9249527176724892,0.003999948501586914,5,22838,29634.0,6142.0,8051.0,15,14,12,12
1550.769273755942,434.07688798282163,1.8152449818875427e-05,0.9508222306317751,0.9330207019113177,0.9513019244213164,0.933733420906816,0.003999471664428711,6,23486,29979.0,6326.0,8202.0,15,14,13,12
1643.5130985979874,488.86511970395054,2.047767925054858e-05,0.9507973641207158,0.9254923787852828,0.951196926048946,0.9260208086234964,0.003999948501586914,5,25459,32484.0,6851.0,9215.0,14,13,11,11
1593.9583327887422,530.6335541124402,2.9982806803046137e-05,0.9688752930973122,0.9473933549249175,0.9690671733758276,0.9476769523241048,0.003999948501586914,4,32903,40142.0,9930.0,12899.0,12,10,9,9
1495.035280380812,507.2137123540727,3.161704991706192e-05,0.9756625308705609,0.9588407960141353,0.9757952427522423,0.9592396269464623,0.003999948501586914,4,35349,42012.0,11358.0,13967.0,11,10,8,8
1470.6253453038269,500.749282325996,3.41483688573924e-05,0.9773838490944842,0.9621719349085953,0.9775080707133521,0.9624632445301989,0.0,4,36268,43020.0,11860.0,14131.0,11,9,8,8
