rmse_I,rmse_Inc,rmse_Beta,r2,r2_Inc,time_predict,fraq_people,actual_peak_I,predicted_peak_I,actual_peak_Inc,predicted_peak_inc,actual_peak_day,predicted_peak_day,actual_peak_day_Inc,predicted_peak_day_inc
6.041052426051682,2.715034779258287,1.6675098921243934e-06,0.9723890209457936,0.9193618108716711,0.0312502384185791,4,105,106.7363228509953,38.0,37.500000000001464,9,7,6,5
46.57047694350013,10.030445321558224,2.598516492077545e-06,0.2806011780193771,0.5092685970337494,0.031248807907104492,4,171,201.20532511331157,55.0,60.29999999999825,10,11,8,5
21.717993448655452,5.760696028311515,2.4299028093561305e-06,0.8911531785305519,0.8826965284861089,0.031248807907104492,4,187,189.5835318904376,64.0,59.10000000000332,9,10,6,5
7.647269973731801,3.493744022708375,1.3839777590282713e-06,0.9862786148135031,0.943558115833713,0.015624761581420898,4,186,164.17173826692908,56.0,56.0,11,10,5,4
42.70135159256967,10.157077599150838,2.0210164946364658e-06,0.3776966261451118,0.5143678889761796,0.027996301651000977,4,162,181.64085946585953,57.0,51.59999999999806,7,11,7,5
20.5911322970722,5.918141162179647,1.2775991257355047e-06,0.9352855167355673,0.9026651201901996,0.031127214431762695,4,273,213.74044793917935,78.0,71.40000000000236,9,7,8,5
22.684108441744677,5.759857300048216,1.7773820488787675e-06,0.936151245748649,0.9228917908684645,0.046892642974853516,4,267,246.22065116391204,74.0,68.0,10,11,6,4
13.547469741240343,4.4875342450566835,2.0782975513021546e-06,0.964215852247361,0.9235934680350375,0.03379464149475098,4,212,182.42064975824272,64.0,62.0,10,8,4,4
62.20424813290367,14.603188452201703,1.4046158384973165e-06,0.09985660034857469,0.05177882838509329,0.028999805450439453,4,221,255.26454862768412,62.0,62.0,11,15,5,4
97.91403354030747,22.226361576242883,1.9967843835114752e-06,-0.02052599806955624,0.026513306932139158,0.04200387001037598,4,316,414.98146488811227,90.0,89.30141981757635,9,16,6,12
41.45559443408334,11.506632236113871,1.9094917409283953e-06,0.9222768154232011,0.8782813353006066,0.04100775718688965,4,482,432.17775752601574,130.0,103.80000000000325,12,14,8,5
30.973265909525573,9.373338337144661,1.5950483525738987e-06,0.9544175008042072,0.9138641124338925,0.0384516716003418,4,456,468.97095466357035,127.0,111.00000000000352,14,15,9,5
48.85928981423422,11.589174850357551,2.3703114869779774e-06,0.7739704907633349,0.750944684447303,0.06244254112243652,4,319,384.6613215425509,94.0,89.0,14,16,4,4
46.31548465199436,10.500138025591054,2.703898970107346e-06,0.8175206898960903,0.7971520082751864,0.06587958335876465,4,396,435.03994691965397,103.0,107.09999999999815,13,15,6,5
58.7406518821282,12.794981306640274,2.169236148561958e-06,0.8380326705432423,0.8293393561625311,0.046874284744262695,4,454,473.9970511078837,104.0,104.0,19,17,5,4
140.2638840756139,30.603909643549965,1.7124804202684974e-06,0.5495951114922395,0.544514799596356,0.06255722045898438,4,701,976.8979237583752,182.0,207.73215815005517,18,21,10,17
115.25638279086505,25.027233498724986,1.7319028820623037e-06,0.02921044583195187,0.00681475006352672,0.062499046325683594,4,392,651.104670076676,96.0,137.98053363484945,12,20,5,16
199.5435054313055,40.11920356251091,1.644155026479715e-06,-0.2145973047577583,-0.002080654924688785,0.06249690055847168,4,614,583.746658620732,148.0,125.100000000004,17,18,10,5
205.80411614577972,42.84257348047169,1.736501068089888e-06,-1.0936728931977657,-0.7647815805654963,0.06249880790710449,4,534,538.6677215004842,141.0,141.0,16,16,5,4
750.6262151911235,151.37982331550626,1.8657647511952374e-06,-1.1167040786314355,-0.9608532385430955,0.07793927192687988,21,1594,1303.7441476406798,330.0,273.0,44,26,41,21
1020.2077350474906,206.50393549552385,1.9537674077943757e-06,-0.53554269481995,-0.41564331264089227,0.046895503997802734,13,2421,1715.0426150660157,520.0,362.73443312289237,40,23,40,19
1308.7453201483092,264.4690635061326,1.9894535565215883e-06,-1.0260754985059277,-0.8805880795108527,0.0522763729095459,22,2659,1481.1608108626147,579.0,311.48212446084244,62,29,50,26
1508.0808730712395,305.2431662960586,2.0659522817285998e-06,-0.2308314818679289,-0.1614056497125278,0.06249547004699707,11,3792,2103.4547824919596,817.0,444.54408470908766,45,23,41,19
1894.645785282746,382.6514768785875,1.9853495741697e-06,-0.18230771916380428,-0.12276167789954018,0.06251120567321777,11,4982,2160.20395134511,1042.0,456.15568670032235,43,23,39,19
2420.8149421647427,496.7682149411098,2.1941611515277014e-06,0.1463961226360878,0.18604712731823347,0.0625002384185791,9,7599,3174.8111668714773,1648.0,672.281393994534,39,25,33,21
2873.824503152441,592.234904579379,2.021179662578913e-06,0.1377167524375662,0.1703526686462944,0.04686927795410156,9,9234,3260.288544253847,1962.0,689.7686268980401,38,25,37,21
2849.6075419239405,599.9779422061803,2.1590100040706754e-06,0.4013124987074306,0.424861730506931,0.0625464916229248,9,11046,4763.547382161384,2436.0,1013.9977007314105,35,26,29,22
3002.8521906254837,641.1151623409789,1.6317867234371901e-06,0.5685009256059597,0.5840853890626603,0.046875,7,13534,6699.0192859479985,3085.0,1437.1759931460574,30,25,27,21
2648.3298893542783,635.4330629543412,3.64288733799676e-06,0.840174878288945,0.8222133316911466,0.0312504768371582,5,19896,12796.79627523691,4850.0,2828.4117820964493,23,22,19,18
14.840792094091864,4.583555940586541,4.225754691941791e-06,0.9071675603559504,0.867428972573802,0.0156252384185791,4,154,137.86663137984613,53.0,53.0,10,6,5,4
10.09644627736337,2.4703020695686453,2.7048123743556883e-06,0.9518415102088964,0.9492436013866662,0.015622615814208984,4,131,118.47779497462768,40.0,40.0,8,7,5,4
34.25487748232921,8.514016803187445,4.724264273630729e-06,0.6550770810687799,0.634392019505515,0.0312504768371582,4,179,132.79649113306138,63.0,44.999999999998636,10,7,9,5
14.440224402117789,4.612706396616412,1.5924214329506204e-06,0.9522367121162938,0.9264924032483789,0.015626192092895508,4,199,173.35057541926878,65.0,65.0,8,7,5,4
15.690515687309572,4.199848360387471,1.8035458192055214e-06,0.9268430309784186,0.918727615329908,0.031252384185791016,4,191,193.26305104842893,63.0,63.0,8,8,5,4
12.877616040104428,3.321554111175978,4.781231780922223e-06,0.9479037635991721,0.9330767466092884,0.015623807907104492,4,181,145.3884937044373,54.0,49.0,8,7,6,4
19.893437006138914,5.823867822181389,2.1073400751988553e-06,0.959573138081158,0.9374073377538318,0.03125119209289551,4,268,230.15114054557748,77.0,69.6000000000017,11,10,6,5
8.625840526071055,3.936003786190227,1.3217611473288635e-06,0.9843308580419076,0.9540659935645679,0.018999576568603516,4,203,199.23096905253453,76.0,76.0,9,8,5,4
12.51044121583136,3.4795657181168087,4.177786703917236e-06,0.9504780991847653,0.93058291088711,0.021999359130859375,4,182,180.04712437955473,60.0,56.70000000000206,7,7,4,5
7.322058467672115,3.763907117769638,3.7903211562987253e-06,0.9860430210070485,0.9434024453476685,0.015645742416381836,4,173,179.0568285064017,65.0,58.0,11,7,4,4
40.009534186144656,10.50878969023522,1.5482260501937212e-06,0.8203088008178228,0.8110697336277606,0.01562666893005371,4,277,271.3137457790465,93.0,76.49999999999872,9,11,6,5
15.57082537896753,4.938375551405634,1.6282396392211635e-06,0.9598160570087072,0.9286270917012823,0.021883726119995117,4,228,199.0783013421059,67.0,61.20000000000016,12,11,8,5
48.13134759156969,10.8756096500807,1.7505908543060642e-06,0.6478825818771499,0.6428301160999028,0.015625476837158203,4,252,282.82886738443136,78.0,78.0,12,13,5,4
10.792071779633918,3.436977899171402,2.2062009823800774e-06,0.9801662632725444,0.9605187139030196,0.031252384185791016,4,266,269.72985417093236,84.0,90.00000000000139,9,7,4,5
25.59332722405442,6.891120450560201,2.744080860524449e-06,0.8778684560715345,0.8259447344957657,0.015621662139892578,4,240,242.54206638335447,82.0,72.00000000000026,7,9,6,5
44.446486710795995,9.033336639235515,2.1759061509964863e-06,0.8395450001402609,0.8831978235524917,0.031247854232788086,4,352,355.8610910174152,104.0,104.0,10,12,5,4
72.01756280882068,16.989293705142092,1.976192996195922e-06,0.4877704902752149,0.4830754659137354,0.031252145767211914,4,336,404.7846265051532,97.0,94.0,10,15,9,4
61.39120561246236,13.424418842899458,2.6086593122681413e-06,0.6931552859766312,0.7064395246756558,0.04686903953552246,4,366,494.5366876702137,104.0,105.26454700965331,15,17,9,13
42.37971706176649,9.580076936989428,2.1629946884202512e-06,0.8295535791513238,0.8073527778257481,0.07393407821655273,4,323,313.8023187074436,88.0,74.0,15,14,4,4
69.61186238485288,15.041312140370506,2.3481426829104952e-06,0.6905190163398619,0.6780587085156307,0.0625004768371582,4,403,396.02024182587746,124.0,110.39999999999651,14,11,4,5
468.08005588121796,93.39727955672576,1.893861580164071e-06,-1.5175139172562333,-1.2655517301867736,0.06250143051147461,4,998,757.9046966495852,218.0,160.1957824523388,40,18,23,14
448.91372360239114,90.72744601420113,1.7712353138144846e-06,-2.3836168060252954,-2.1070935967154627,0.0468752384185791,4,883,833.27303440471,194.0,176.13939235754265,52,21,44,17
630.3475379469921,129.05994346420337,2.0090969213315614e-06,-1.4504162904002067,-1.285918213924572,0.046875715255737305,37,1370,1268.1267371043014,288.0,266.0,47,40,51,37
1577.1145557389038,322.0937883114492,2.21878474053744e-06,0.050219670019283735,0.09256997570430814,0.0468754768371582,10,4549,2623.3331755569593,972.0,556.293796389635,44,24,38,20
1931.2600653696647,398.8233581604065,2.171101347244729e-06,-0.19768304399974745,-0.1435623110199098,0.04687166213989258,11,4971,2200.5914119008285,1106.0,464.97326745237456,45,23,38,20
2747.9316095472554,563.5072986772481,1.9851973319668583e-06,0.1755409754588646,0.2163721939175548,0.04424452781677246,9,8900,3470.3081522659063,1872.0,735.82782689758,37,25,34,21
3219.3539366977247,671.7432560984583,2.1369712475087483e-06,0.19387849761692388,0.23828242277879708,0.02617669105529785,9,10364,3965.053697522818,2296.0,841.6788317825121,35,25,32,21
3140.9907140868377,687.5634038159321,1.7430397981901452e-06,0.6595393090977454,0.6631167348074043,0.04692196846008301,6,16200,8249.98559731378,3718.0,1782.3278611387632,28,24,23,20
2780.625840291472,627.475039409753,1.0913667709496335e-05,0.7506571315023105,0.7388907879171857,0.04909396171569824,6,17637,9581.989725990343,4181.0,2086.3755063388508,25,24,22,20
9.60881396223689,3.9212455549350045,2.311888067739488e-06,0.9686897040848054,0.9280068637658193,0.015623331069946289,4,160,148.12674770452765,50.0,45.59999999999948,12,9,6,5
37.727993046155156,8.09071158427848,2.3865696103278714e-06,0.3680788022412973,0.5289449821033545,0.015620708465576172,4,135,161.40677511301197,41.0,47.09999999999894,10,10,6,5
9.219437479240074,3.231207913167561,6.714834155892777e-06,0.9609457588372962,0.916539386409843,0.031250715255737305,4,139,138.56717814706093,46.0,43.79999999999937,8,8,4,5
24.19835629569266,6.420828694689821,1.9697975822315425e-06,0.9363431594689868,0.9155564921183033,0.015578031539916992,4,279,227.42837752220595,68.0,75.89999999999856,13,8,6,5
4.509275498956596,1.9573994398674854,2.4090225834313456e-06,0.9914136674052181,0.9690729398864522,0.015625953674316406,4,160,159.82562429585815,63.0,49.19999999999996,6,6,4,5
22.515186348396057,5.118722926128338,5.120119153042677e-06,0.8521502805884622,0.8642309684796622,0.031246662139892578,4,174,192.71459751724734,65.0,58.79999999999936,8,8,4,5
43.492235538348915,9.467781230628997,1.8253875233197618e-06,0.5489650604945298,0.6350368948846021,0.03129267692565918,4,218,239.29594336200046,72.0,72.0,9,11,5,4
24.118067574637493,6.337668485416967,1.5405416925772573e-06,0.6831058079414207,0.6780553369302773,0.01563429832458496,4,140,147.11463730028848,54.0,54.0,9,9,5,4
6.3702656443836,2.9091531423814887,4.290712151727974e-06,0.9896682341074176,0.9640935368646432,0.031282663345336914,4,218,201.3242317793392,73.0,67.80000000000106,8,7,6,5
12.136753450958025,4.702722963224831,1.3064678816035245e-06,0.984798548692347,0.9577673721994631,0.031238317489624023,4,293,268.0615539768432,80.0,80.69999999999843,13,10,5,5
31.830069019426418,7.566272469556372,5.868779333284018e-06,0.7111418127848593,0.6783739719567012,0.04687690734863281,4,213,228.45425966966963,59.0,54.0,10,14,7,4
50.401955374654584,11.529779278728451,3.7990596363896185e-06,0.7486450273593801,0.755960290163385,0.03120589256286621,4,343,378.27207122775496,114.0,98.40000000000231,13,13,6,5
9.16903650522563,3.922827132696321,2.1019104621946026e-06,0.9926434993044266,0.9748155613668781,0.031255483627319336,4,316,306.8664327556456,109.0,95.40000000000225,11,9,6,5
64.70392933115146,14.392533127282066,3.5272149158320416e-06,0.7633154205498026,0.7689262789224478,0.04682803153991699,4,472,560.1537258772117,137.0,130.80000000000007,13,15,8,5
75.96726885613575,15.97732483494829,2.7343474266503063e-06,0.8469707810515794,0.8559832708036372,0.04687333106994629,4,657,503.7870180366185,160.0,128.10000000000338,16,14,11,5
44.94588352114599,10.062578212945343,2.3754466745703508e-06,0.9013156906785142,0.8978485862519272,0.05986785888671875,4,495,474.91900194771716,138.0,138.0,11,12,5,4
242.48923883644133,49.7734213441913,1.956248987849126e-06,-7.537966440469029,-5.05781863909351,0.05515623092651367,4,409,439.7714435873915,110.0,93.13177400158747,18,16,4,12
444.1180183181299,89.58730200389202,2.018148705671717e-06,-9.460607793102227,-7.4412161983188305,0.06250452995300293,4,724,865.3638267337881,167.0,183.21590561272774,67,22,53,18
1179.6684333015755,236.7863559156232,2.070666657730952e-06,-0.788015849030437,-0.676815051757774,0.04687237739562988,18,2649,1434.4994194414712,539.0,302.70000000000107,51,24,47,19
1228.204707877635,248.30995944485377,1.9693757620197783e-06,-0.40366035273917,-0.3165245250885218,0.07812380790710449,11,2933,1807.045610490955,603.0,382.6306268504345,49,21,37,17
1689.8929692094157,342.2233577026964,2.0778964388029555e-06,-0.05029156914228605,-0.0009298841376805811,0.056635141372680664,10,4657,2442.9272854897495,973.0,517.8542219996557,44,23,34,19
2283.9557402784735,471.98787636936873,4.0545698405014765e-06,0.3529476864528661,0.37345221524750216,0.05078887939453125,8,8560,3949.7114847073885,1859.0,840.2879097790174,37,24,32,20
2427.9226340792543,508.84268497140033,3.671127238336308e-06,0.4205764751965302,0.4408927214656938,0.04129672050476074,8,9470,4662.691019473116,2065.0,995.2834212939606,36,25,31,21
2775.378537396276,577.2509124728317,1.7858820182103548e-06,0.4433549325978873,0.4689680478557853,0.062499284744262695,9,11003,5228.639826018211,2378.0,1118.0074135413101,33,26,32,22
2918.1154399458064,613.4338707828,2.138110661361682e-06,0.4832678256808922,0.5064242981817233,0.046872854232788086,7,11944,5649.181690146496,2685.0,1208.9583357665033,31,24,27,20
2588.262647420861,556.766754825039,6.317763597822509e-06,0.6762982577624728,0.6817587231468345,0.04687666893005371,7,13926,7486.395129723637,3125.0,1615.0306854140117,29,24,26,20
3007.571671206211,758.1062818221336,1.8763709041500433e-06,0.838987122482704,0.8083832610252882,0.046875715255737305,5,22816,14550.748370857937,5652.0,3249.049797820431,21,21,17,17
4.305910061372512,2.793729502911222,1.8508806979168347e-06,0.9854335171729384,0.9157053837291066,0.015625,4,107,103.60591151227968,36.0,36.0,9,6,5,4
7.265971547863237,2.624762915429624,1.7627622807582104e-06,0.9788892407032821,0.9463178523454666,0.031441688537597656,4,153,136.94391882195364,48.0,41.699999999999875,10,7,4,5
12.202489461547739,3.552973443355913,1.7668015793871545e-06,0.9618479900507744,0.9427870799777884,0.02119922637939453,4,174,168.77629767439214,53.0,54.600000000001444,9,7,6,5
24.05394159416795,5.6021392518686195,2.053607598462745e-06,0.7162370446758755,0.7867430483468647,0.01562643051147461,4,138,149.0982079410574,52.0,48.299999999998875,8,7,6,5
16.433811758541427,4.63805474277846,2.1054346413533584e-06,0.9043726432510949,0.8581406502439345,0.03144550323486328,4,160,149.96554729616176,44.0,41.0,10,10,7,4
6.245709122391414,2.472366688323825,2.674460435061147e-06,0.9841710466812522,0.9582398228637597,0.028997182846069336,4,151,160.546352756477,59.0,51.899999999998556,10,7,4,5
8.394068573844791,3.66671141368204,5.46585916101591e-06,0.9899128033369103,0.9656167064764389,0.03011775016784668,4,250,234.5433526391722,83.0,74.40000000000197,14,8,6,5
10.731096258997805,4.049659609962497,1.353053500056588e-06,0.9573895849787549,0.8997046336162569,0.029947519302368164,4,160,149.51788216760824,48.0,44.70000000000073,11,10,6,5
19.05287412113693,5.983157484252138,2.662343180167334e-06,0.9273019423713307,0.8735814895230978,0.030215024948120117,4,224,178.31826026841733,65.0,57.60000000000073,12,9,8,5
35.08117265838708,7.365513880016267,6.357062160077104e-06,0.8317786047688974,0.8829699688045344,0.04499387741088867,4,281,329.36103797581734,96.0,90.6000000000036,11,13,6,5
24.209148673215964,6.211998238619136,3.549106583422061e-06,0.9568281372742765,0.942781067447189,0.025713205337524414,4,379,332.7194103412488,111.0,103.79999999999649,10,9,6,5
29.725145830620896,7.177283005911177,1.4032351355413324e-06,0.927892302300509,0.9164972415249406,0.015620708465576172,4,355,285.9793449110655,100.0,91.80000000000001,11,8,7,5
39.23658139556797,8.325827832906851,2.2246587054639526e-06,0.8796964725072038,0.8759643514760491,0.0312497615814209,4,374,295.2408007499969,112.0,112.0,12,8,5,4
68.06158141066884,14.02785852491822,1.8732975124774316e-06,0.7252636274757168,0.7383997775163305,0.04687094688415527,4,424,430.3085589248033,114.0,112.2000000000009,13,13,7,5
270.8877056942713,55.538167403788904,1.993794759459771e-06,-2.8437147487427477,-1.9002285562349606,0.046872615814208984,4,573,959.477010047402,168.0,203.833109235464,35,20,5,16
361.7591341866285,72.63110513412228,1.9639044694170197e-06,-0.22603190288814745,-0.06185438340039573,0.04687190055847168,4,1030,1026.9798860547244,230.0,218.04047546845834,23,18,18,14
639.3980330378009,128.8375537196761,2.116538316483576e-06,-0.5550344588406428,-0.49156343248652923,0.046877145767211914,18,1544,1348.7475046133713,343.0,314.0,39,23,31,18
684.4784062948604,137.02300027592074,2.139926908351495e-06,-5.909054871020084,-5.916632564097365,0.05324578285217285,4,1122,579.0275377984291,229.0,122.30152472321305,76,19,72,15
815.1457672736385,162.0516820906565,2.0809703927932906e-06,-1.0005173961585738,-0.7909391532278276,0.03617501258850098,23,1698,1373.9641690522903,371.0,290.9999999999993,46,28,39,24
942.0015477910248,191.3434384161558,2.0377535530136594e-06,-0.7289860563779957,-0.5866165766208313,0.05610513687133789,15,2041,1449.6355331102066,430.0,307.0,46,22,42,15
1240.070745558533,248.07030660496352,2.146044851356266e-06,-0.6542923488548034,-0.550948074798935,0.046823740005493164,17,2755,1625.344567743911,598.0,344.8524577965079,49,26,48,22
1313.732595314053,264.212165261812,2.1747188330000493e-06,-0.1594212821295522,-0.08112329859923473,0.0468747615814209,11,3493,1994.1743571868294,736.0,422.99200623970887,39,22,39,18
1429.1190756738567,289.27562998679156,2.241447350813026e-06,-0.16061117693331162,-0.10902658483266525,0.07808184623718262,11,3758,1981.686201939479,787.0,420.1194873368995,44,22,40,18
2123.673385215028,436.5978691430737,2.142162107181592e-06,0.18582733809514496,0.22530425615195437,0.04681706428527832,8,6672,3246.195351885497,1440.0,690.0018465601788,36,23,32,19
2868.3505359927817,594.7567999522926,3.5799325664086667e-06,0.12215180909637136,0.15218134591187038,0.05212998390197754,12,9113,2990.8124733417862,1963.0,633.5769434213453,39,27,35,23
2489.0649613753053,515.1765980783667,5.067678306668435e-06,0.5381846906576905,0.5648493507252029,0.04687356948852539,7,10835,5838.71025991211,2362.0,1254.3026957196143,31,24,26,20
3308.4370325570194,750.4936148466185,2.3060445409092884e-06,0.6622003783388037,0.6520192816421954,0.046878814697265625,6,17378,8533.402671209584,4096.0,1849.751762934393,26,24,23,20
3188.194519156831,771.5239778259086,1.5823827191566494e-06,0.800191665598434,0.7777193936581815,0.01562356948852539,5,21640,12901.585415525133,5238.0,2856.446023096667,22,22,19,18
3675.620744389079,923.2986292315393,1.7907154071610616e-06,0.7761175772703478,0.7386955200314482,0.03124833106994629,6,23936,13670.676455157462,5921.0,3043.8829541992272,22,22,17,19
12.74348123195084,3.3617564810091287,2.547556500778046e-06,0.8537146289036368,0.8453563870754269,0.015620946884155273,4,96,90.93677689966951,33.0,31.799999999998974,10,6,3,5
12.245675921216575,4.469185071951162,5.173582240326785e-06,0.9310583278482496,0.8716607439858766,0.031248092651367188,4,138,130.21527658644442,53.0,53.0,11,6,5,4
20.18597007077685,6.064175277382278,2.982525884462719e-06,0.8701459827527629,0.7837446527796859,0.015619277954101562,4,173,139.3321633656747,48.0,48.0,9,6,5,4
17.788485910564358,3.4477773277225583,2.5084285793028655e-06,0.7877540646736148,0.8769382541571079,0.015630006790161133,4,107,119.4028529776905,45.0,38.69999999999985,7,7,4,5
13.202028166656953,2.6723510370152064,1.7080599153043033e-06,0.8607810290359602,0.9160003653263414,0.015627145767211914,4,99,111.58442483342583,41.0,33.0,9,7,3,4
12.668278885192475,4.557167275498114,2.890270622662707e-06,0.9546754668070021,0.9037441370547107,0.03099966049194336,4,181,182.33510246221553,60.0,58.50000000000091,9,9,8,5
11.117786598129937,3.8449165630122555,1.7621326068019883e-06,0.9779897443382255,0.9546368655268405,0.03132224082946777,4,216,192.92353517746233,70.0,64.19999999999868,10,8,6,5
17.27632675644172,4.755247023238983,2.7014963180261618e-06,0.9577661860842183,0.9399536862930307,0.03125166893005371,4,251,221.61358916193075,72.0,72.0,9,7,5,4
20.19885192136933,5.010985474963208,3.2788294792545878e-06,0.9150830126080014,0.9090112635193228,0.03132319450378418,4,225,235.37567024509798,75.0,75.0,8,8,5,4
5.693079756862129,2.808373448893514,2.8112090459481542e-06,0.9916111209164907,0.9616608178997212,0.015621662139892578,4,186,184.5083298407613,66.0,54.0000000000033,9,9,6,5
32.94046157003421,8.248501290500004,2.9306775413192775e-06,0.911228403941339,0.8883553328883032,0.015627384185791016,4,348,271.90372797182596,98.0,84.0,10,8,7,4
28.10521877050573,7.185464804475095,1.62154203083568e-06,0.8630143898646061,0.8055194394604593,0.031247615814208984,4,227,245.99453609440334,62.0,62.0,13,14,4,4
24.73289053867935,6.7173961695234725,4.484805481942073e-06,0.9166119869649691,0.8774100979535594,0.04688262939453125,4,265,305.8872038275441,82.0,71.39999999999975,12,15,6,5
18.990320815031275,6.083110894045163,1.8175380920722327e-06,0.979691098853347,0.9595368346848612,0.031247377395629883,4,429,404.9304771437021,112.0,104.0999999999965,12,13,10,5
42.41900671198555,11.159086309239367,3.723965605575474e-06,0.9140352331009847,0.880753689025874,0.03125333786010742,4,446,487.88251433088965,130.0,118.49999999999636,12,15,6,5
34.86560127335236,9.164508354808053,2.3530161731598998e-06,0.9709549298216973,0.9586028830265937,0.03119945526123047,4,624,634.3235721505006,156.0,145.0,16,15,9,4
464.233306465065,93.5124758134712,2.0824216844733183e-06,-0.22448969735150448,-0.21896141726183593,0.04691123962402344,23,1304,1270.9734324641336,283.0,260.69999999999914,31,25,26,24
894.8750925972835,182.59052879194732,2.1960346620103664e-06,-0.4059564009214023,-0.3239240576494329,0.04691815376281738,11,2144,1644.4917231994136,464.0,349.53238665077106,39,19,30,15
1141.6903070192225,228.97100629301025,2.2580761642804204e-06,-0.6083910496982872,-0.4855023348794134,0.046831369400024414,16,2639,1567.3315870412446,559.0,332.0266739246456,50,24,47,21
1547.5367437017624,310.8462365367742,2.458106522571935e-06,-0.3333504772383862,-0.2571133728481645,0.046875,14,3755,1809.6114361260754,784.0,383.65959404238083,48,24,37,20
1793.4378766928755,364.5124403690951,2.507311957631013e-06,-0.12950656690843454,-0.07222242295290737,0.046875715255737305,12,4756,2121.4386470893915,1032.0,449.89315901067084,46,24,41,20
1634.8253389063163,337.4781718608463,2.246451311795138e-06,0.347216560532019,0.37042395431599595,0.04687643051147461,8,5728,3673.0043837839607,1268.0,784.2257954332222,39,23,31,19
2016.302173011314,412.72698559556073,3.0229145359332615e-06,0.1716324293134931,0.20174451161811668,0.0741567611694336,9,6475,2948.562690842708,1387.0,626.7218897332468,37,23,37,19
2556.1847617036483,533.9375613830675,5.3189325795819495e-06,0.47143258880121686,0.49553797936990107,0.035466670989990234,8,10402,5206.506445400362,2282.0,1115.729799882111,33,25,28,21
3514.065355894262,781.1115499405109,2.2689956798053495e-06,0.5652988807758391,0.5663447408242571,0.039618492126464844,8,16160,7202.123030559565,3710.0,1551.351542542,29,25,25,21
4.78558408597444,1.7351693435245847,2.322994341225008e-06,0.9794099845507817,0.96029576741898,0.015623092651367188,4,97,94.66072186706506,35.0,34.0,8,6,3,4
16.214819647898604,4.23798301378477,2.181857451660696e-06,0.9449632045826761,0.9339586374908374,0.031249046325683594,4,217,166.75656740029356,55.0,55.0,10,8,5,4
9.033501984349497,3.047646278215884,1.4956932325209074e-06,0.9758736148083469,0.9490926395415119,0.03126096725463867,4,168,173.31587582140975,63.0,63.0,8,6,5,4
30.12929858724226,7.167858810361139,1.762764529216827e-06,0.8739700850564694,0.8842816353150824,0.015625715255737305,4,267,206.01788219065543,78.0,76.0,10,7,7,4
10.369822910905222,4.31394178225571,1.9093701949692013e-06,0.9767988441843556,0.9283101346338426,0.015622615814208984,4,196,178.92744367347808,63.0,55.19999999999652,9,7,4,5
7.5769162084591475,3.4691467457896854,5.91369129184105e-06,0.9911258619615639,0.9630571598234501,0.015623807907104492,4,239,220.49254164192303,66.0,67.80000000000302,11,9,7,5
14.874347539485854,3.2420523910765593,1.784647497603326e-06,0.9194872061816421,0.9394049536109202,0.015581369400024414,4,155,160.56761224492848,55.0,55.0,9,8,5,4
44.082783325736415,10.245656931708131,1.9270293816108193e-06,0.7579130173601045,0.754387301044243,0.031087398529052734,4,283,313.5236237025956,85.0,87.60000000000275,8,11,5,5
40.736150981734966,9.171177923951374,6.701399595557699e-06,0.7842238589379065,0.7923728533642899,0.031246185302734375,4,273,300.3127894245386,83.0,76.20000000000005,10,13,6,5
24.26411776943236,6.944413344170625,1.5432235681441142e-06,0.9640010069434222,0.9424535495063304,0.0312497615814209,4,389,345.93769304219023,108.0,114.90000000000248,12,8,7,5
26.825120070386507,6.490135404413054,2.2287872613829343e-06,0.9578430737360059,0.9520035958862076,0.031252145767211914,4,412,379.2387178694873,119.0,125.10000000000161,11,8,5,5
13.83733609928667,6.415206593105332,2.822534181531208e-06,0.9886906751964103,0.9498934498951823,0.015622854232788086,4,379,356.5490742518386,103.0,100.0,15,12,8,4
47.99636760964645,11.902311041983483,1.5913936525885307e-06,0.907259397120185,0.8914678162886738,0.03125190734863281,4,503,422.47580384490334,149.0,132.30000000000302,12,10,7,5
23.222856297624965,6.136479558316806,4.784008387857809e-06,0.9588650980364526,0.9365660584038484,0.04688405990600586,4,365,376.337253434257,103.0,103.0,13,13,5,4
33.23806092672961,7.435136557751246,2.621504307356161e-06,0.8919686752530154,0.8875003155231411,0.046875953674316406,4,337,347.2054379713878,91.0,86.10000000000144,14,13,9,5
52.81105726178499,12.961445637114473,2.2550572378507e-06,0.8940866956549447,0.8607305281517869,0.06062936782836914,4,558,567.7870152949702,144.0,135.0,11,16,11,4
88.76436417502637,18.825406946641206,2.0736911683099652e-06,0.3407462094685385,0.3922736097109639,0.047847747802734375,4,378,515.1485486308168,109.0,109.99165244189544,12,18,10,14
131.86136136933635,25.85365263124522,2.0122705072020017e-06,0.29081696880944874,0.44950525950702125,0.05220770835876465,4,545,549.6733338123721,131.0,129.0,17,16,8,4
180.79265449199093,36.20223643115958,1.9414925580237587e-06,0.4348332656585181,0.5285564179868274,0.0625,4,776,736.086373206994,186.0,160.79999999999802,20,16,9,5
350.2862499249856,69.5503533105729,2.0514046549079614e-06,-0.7082995853198244,-0.4807388094090508,0.06249356269836426,4,864,856.73184089448,200.0,200.0,23,16,5,4
462.362250565931,93.33859415451604,2.064742513326566e-06,-1.1392077467792148,-0.8998428977116975,0.04685497283935547,4,1007,722.7696975401232,221.0,174.0,37,15,40,4
568.8122431618018,113.24586118012903,2.1136206322423445e-06,-1.48791088187834,-1.2217287505200165,0.04688262939453125,4,1182,853.1456856405171,260.0,181.14270371386613,45,19,44,15
623.5804645778076,126.44253263492558,2.1170802267400083e-06,-0.22638489092704606,-0.16191855317683923,0.04687356948852539,12,1597,1431.9660901956483,347.0,313.0,33,18,27,12
1146.6567722785614,230.5460107878725,2.154866291128603e-06,-0.4744466575081743,-0.3612107784341714,0.046874046325683594,14,2724,1644.1139002503892,565.0,348.68221282848117,44,22,37,19
1317.5501529165358,264.57705858694396,2.496368183099075e-06,-0.4438662849566557,-0.3563136048105482,0.046875,14,3055,1668.943995870362,651.0,354.2842284352273,43,23,46,19
1758.0739778654777,362.7180725890906,2.8805057539413715e-06,-0.08839010198608444,-0.050528025454620984,0.04687309265136719,11,4698,2144.698009358175,1018.0,455.1513326658642,45,23,36,19
2362.0529930985895,485.53809691799336,4.352084349803099e-06,0.2506599137035084,0.28427080525559345,0.031247377395629883,9,7895,3651.478090772378,1699.0,778.5627331362402,37,24,33,20
2798.9913412119586,583.7774892455918,3.0982824343768357e-06,0.2882528273500633,0.3217430750154834,0.06249856948852539,7,9750,4023.788973367639,2122.0,857.650713373002,33,23,29,19
2721.7418144719495,582.2892340576103,2.0612511988254707e-06,0.571928481644062,0.5833931227772772,0.04720807075500488,7,12289,6316.437595596177,2778.0,1360.742674955115,30,24,26,20
2916.343010074292,616.2347877391154,4.192731664128272e-06,0.571006670896641,0.5878138933294511,0.03109598159790039,6,13264,6585.59036722369,2942.0,1419.6220242449745,28,24,27,20
3517.572715788107,770.4120356594004,2.2772656167033368e-06,0.5128053868871602,0.5233398920803751,0.046875953674316406,8,14937,6574.867857056646,3447.0,1414.5811529990615,29,25,25,21
3560.4482192556325,779.9940754816057,2.600283176845817e-06,0.5602324632203253,0.5662367304624414,0.046939849853515625,7,16166,7183.841742952121,3658.0,1548.5520815654127,27,24,24,20
2506.6897588425545,558.0698892489149,4.4349368717587815e-06,0.8168364774609057,0.8143284304391916,0.04687237739562988,5,17890,11174.901789056732,4088.0,2464.381787475835,24,22,20,18
3434.940237378716,816.6957712466651,2.7079882871813304e-06,0.7448301477813759,0.7242248103835334,0.031218767166137695,6,20547,11261.787162804625,4944.0,2476.6081330031666,24,23,20,19
3246.270698216408,830.0843475889782,2.05997797873289e-06,0.8218549503085562,0.7841898327643104,0.03899836540222168,5,23968,14542.43781438761,6129.0,3253.7028617473334,21,21,17,17
3097.347418877194,841.3119480785521,1.7722595178989086e-06,0.8616411464782054,0.8170681756298332,0.03705883026123047,5,26021,17117.273555903972,6527.0,3895.052040588038,19,20,16,16
25.886419480089167,6.004211523337101,2.2716375931994787e-06,0.8367413960184865,0.8331575518941687,0.032796621322631836,4,182,168.96905079080187,54.0,54.0,13,6,5,4
12.400612884362738,4.212508517508061,1.6347432626041613e-06,0.9264360597360686,0.8693328210254312,0.0156252384185791,4,141,131.47094427311083,51.0,44.0,8,6,3,4
8.42333606517091,3.812437928470139,5.628087021268849e-06,0.972882216558931,0.9201811162932195,0.015627384185791016,4,154,135.47871741471428,53.0,53.0,9,7,5,4
11.533812538107163,5.3312418436650155,1.3650332077757478e-06,0.9830732734450424,0.934953938643812,0.03125119209289551,4,258,260.6458491396512,94.0,87.0,8,8,6,4
15.969414384539878,4.012480924386596,4.001528624901921e-06,0.9489873576140152,0.9395462132958231,0.0468754768371582,4,230,238.9721959413666,70.0,68.0,11,10,7,4
7.334981630711493,4.120934066433864,1.6014756951171729e-06,0.9953202887331521,0.9721995827944053,0.0312502384185791,4,302,297.46916414557114,97.0,93.59999999999764,9,9,6,5
8.587942207283053,3.9848934521039676,3.0095249075691756e-06,0.9934802275048187,0.9730108725170254,0.03125452995300293,4,328,297.4422804327798,96.0,91.0,11,8,6,4
29.94245900952404,7.207303509628006,4.861055831691638e-06,0.8889800040063067,0.8826324850095054,0.05253005027770996,4,314,345.9334107282988,107.0,97.0,8,11,7,4
13.976518851994554,5.664949656928085,1.7346742303500239e-06,0.9895102410251192,0.9675222717276679,0.03199911117553711,4,413,400.884180477368,141.0,122.70000000000346,10,10,6,5
9.226704400160008,4.133146038071148,3.0475306518955514e-06,0.9941937405703952,0.9766112103529504,0.0533292293548584,4,372,366.4713905715577,122.0,122.0,11,10,5,4
20.860969341642537,5.730584445535975,4.334084012740023e-06,0.974845552185604,0.961248512133077,0.046874284744262695,4,432,450.2560209068643,123.0,115.4999999999992,11,13,6,5
32.76122903023592,7.726927755031987,3.1273498544332517e-06,0.9572342221509841,0.9535532633985075,0.046874284744262695,4,576,528.7387272025937,167.0,167.0,11,12,5,4
27.987145768416646,7.124819200876802,4.7822040724431965e-06,0.944308162663528,0.9270901009060285,0.046920061111450195,4,384,381.6476194295808,143.0,132.0,9,8,4,4
215.34202166698378,44.092490457771845,2.2342880631905315e-06,0.40252303420575797,0.4742439545089082,0.06249356269836426,4,896,657.7017488062012,214.0,178.80000000000098,20,13,12,5
765.092257496202,152.18447777952642,2.149769545670166e-06,-0.7824844452099999,-0.6269960017690475,0.04686856269836426,20,1651,1351.9748411659557,363.0,284.70000000000164,40,25,37,21
1147.7144074191317,227.24998378043642,2.288758687679249e-06,-0.3424770881320811,-0.26294515976416655,0.0468747615814209,14,2760,1592.913452100916,590.0,338.07233093016293,41,22,39,18
1453.9717107656031,296.7777896533659,2.4888084459162243e-06,-0.3722159324893295,-0.31375075801464325,0.046875953674316406,17,3490,1642.459083059814,778.0,348.35733963355324,47,25,47,22
1571.946177439168,318.60526695946453,2.5097024821178305e-06,-0.2640903912918502,-0.20337344043771188,0.04687094688415527,13,3894,1768.4169735089852,847.0,375.36063395160727,45,23,36,18
1533.167461623494,314.6014043910996,2.2968692237308605e-06,0.13552914701758334,0.1705283683076766,0.0468754768371582,9,4688,2598.3862944711527,1016.0,553.6425847870291,37,23,35,19
1995.3894983537605,412.728435976713,2.9130442228276863e-06,0.0762309970476539,0.10819681064785669,0.04687356948852539,10,5926,2501.71802539789,1276.0,531.5467454271377,39,23,35,19
1971.0620642600193,409.96456500725753,2.460948200301357e-06,0.6437568955079107,0.6620102145253086,0.04687070846557617,6,9650,6176.886964016306,2157.0,1335.2752251687416,30,23,26,19
2473.248744449517,513.7491256006714,2.5246616288133772e-06,0.49000581513209085,0.5191265804547968,0.05067849159240723,7,10192,5306.614740916094,2230.0,1140.052975167795,31,23,27,19
3061.31188613662,648.7344295205542,2.417696837569589e-06,0.47879914047050154,0.5032728959914361,0.03600025177001953,7,12550,5789.193775667485,2765.0,1244.4406259576353,29,24,25,20
2865.5538085136905,609.436557189823,2.23819197790422e-06,0.604097389792229,0.6199633198958385,0.025852203369140625,6,13484,7051.803900906409,3018.0,1524.722723331558,28,23,24,19
2989.577613355912,656.5312167991765,1.9778539722837133e-06,0.5952216493784509,0.6009469540694555,0.07101106643676758,6,14157,6996.755815147588,3264.0,1511.4164117453383,28,23,24,20
2803.073208846431,610.1679668038274,3.030380109481958e-06,0.6860411606515677,0.6898674556935409,0.04687309265136719,6,15180,8231.324902865555,3447.0,1789.0431326710432,27,23,24,19
2897.8414720019828,663.4281168567657,2.586109034926273e-06,0.7678442966485676,0.7578703691311331,0.031267404556274414,5,18303,10465.905001389709,4240.0,2297.440482510213,24,22,21,18
2992.0410339130517,698.186508938358,3.4908995027868894e-06,0.7784278834548577,0.7649338863859245,0.031207561492919922,5,19165,11182.580470598781,4490.0,2463.421395345281,24,22,21,18
3166.4863483726085,755.1169505726044,1.768612462942415e-06,0.7856941176947956,0.7670187464984215,0.03125190734863281,5,20752,12041.67173228156,4957.0,2665.9891342247392,22,21,18,18
3473.415334670577,901.8789748106816,2.0402099450981304e-06,0.8152271081207624,0.7766465288150636,0.031249284744262695,5,24590,15059.340813000494,6255.0,3389.9175792289807,20,21,16,17
11.651225801904738,4.263405076169812,2.4281086159741714e-06,0.954084023094723,0.9199367859889479,0.015575170516967773,4,162,145.55103225506107,57.0,57.0,10,6,5,4
4.7981246815244685,2.861954529579798,2.3803439252540327e-06,0.9897967243146046,0.9356365123354428,0.01560068130493164,4,150,143.79968541045676,49.0,46.499999999998636,8,6,4,5
15.1935668435213,4.762035469988024,2.7755376701106843e-06,0.9507481849083955,0.9214889617601282,0.01562643051147461,4,199,171.83883646296846,65.0,58.0,10,7,6,4
9.247407259236034,2.727605169768455,1.8088441986975524e-06,0.9486866229762471,0.936652945895187,0.015626192092895508,4,132,145.3312130491596,49.0,50.40000000000029,8,7,5,5
11.400241337838125,4.2099216675803515,1.5050588630927024e-06,0.9860163668308098,0.9672750193696078,0.015627622604370117,4,282,276.0344382377625,101.0,101.0,9,7,5,4
9.046514502896844,3.7062368396817695,1.910142088370491e-06,0.9874006040823933,0.9616569178902246,0.03125286102294922,4,258,237.40884753535337,85.0,85.0,10,7,5,4
21.509619535262303,6.653821956575695,1.5618717725838015e-06,0.9768163266125984,0.955671425828403,0.031247615814208984,4,454,382.46678438520576,121.0,111.29999999999973,14,10,8,5
27.380245746043357,6.453096842480774,3.248563000633518e-06,0.9287458577893009,0.9189814215595488,0.031250715255737305,4,322,268.18149164326695,89.0,78.0,11,9,8,4
28.923799045459962,9.424482466315466,1.849761481040181e-06,0.9718049959798708,0.944650364575636,0.03125143051147461,4,547,490.1355075055652,151.0,138.6000000000028,14,12,7,5
65.18908253978026,15.643129960853717,2.1060260992603556e-06,0.8834734081203581,0.8740262180025599,0.046874046325683594,4,596,496.99775041961306,173.0,158.0,11,10,8,4
81.45455129910756,16.53477347817923,2.597749116033766e-06,0.7731041304635327,0.7969201080323363,0.07453083992004395,4,521,461.86324581071017,142.0,124.20000000000107,17,13,8,5
247.049123048879,48.70050677653195,2.114259174977845e-06,0.0018126818433460423,0.1667536424787479,0.05051565170288086,4,788,618.5180811688914,169.0,152.3999999999965,22,15,7,5
212.31331468411796,41.780717415436555,2.152443335050845e-06,-0.46494203590386496,-0.13270987385209065,0.05730009078979492,4,600,679.1115048090962,166.0,149.7000000000004,15,16,6,5
332.7660553958312,66.92013218612578,2.2379675098109195e-06,0.2767247767313086,0.20762942446549426,0.0624995231628418,23,1278,1262.0,276.0,270.0,25,23,19,23
561.1993998977873,114.13426065469045,2.3225832368915345e-06,-2.0446701421959124,-1.8110050580957289,0.0468752384185791,4,1089,747.0333991833962,243.0,158.71642262271075,36,18,36,14
637.7520711526245,129.79067733122477,2.308925846418085e-06,-0.47925781403529943,-0.4437801413769529,0.0468745231628418,18,1488,1304.7005480831017,322.0,276.89999999999975,42,21,24,19
1261.7235021205454,258.4693063405761,2.6088141094043538e-06,-0.19769287671853597,-0.147363867825967,0.046874284744262695,11,3263,1867.5485579971037,714.0,397.226233304438,40,21,36,17
1524.9526247833828,308.93659244844963,2.6960713657190676e-06,-0.13650964562311318,-0.07949139429364793,0.04687857627868652,10,4046,2011.134084773003,842.0,427.52283409172264,41,21,31,17
2130.0319503675473,438.0345284603053,4.848994095541574e-06,0.37710115931275245,0.4031115814329215,0.04687380790710449,7,8015,3993.0620947425064,1713.0,854.3308047679297,34,23,29,19
2066.9302634662795,426.8645322558456,1.994173841348122e-06,0.6075238728178594,0.6314783422467745,0.046868324279785156,6,9625,5947.422559509482,2114.0,1285.2425363804005,30,23,28,19
3187.8285822789558,665.2978472882032,2.0071672186187676e-06,0.23802335339362135,0.27821666815974455,0.03124856948852539,8,10610,4046.744152239412,2343.0,863.4386228545809,34,24,28,20
3358.202901124938,715.0118856199676,2.0859125860702257e-06,0.23060676200728114,0.26103036520687883,0.031249046325683594,8,11407,3969.8191350784687,2467.0,845.9073041850929,33,24,30,20
2757.4937321129655,585.4968700631163,2.6205267130604036e-06,0.5719664961234976,0.5879426792324912,0.03125190734863281,6,12435,6528.153416521099,2744.0,1410.2521151647006,28,23,26,19
2688.5067088946903,581.7914447694823,1.7687778624568568e-06,0.6232527907880687,0.6288497108127378,0.0312504768371582,6,13207,6886.8576159535505,3005.0,1489.6139580044692,28,23,25,19
2924.5024820013064,728.8073041581687,1.7440039671011246e-06,0.8485674892087958,0.8236937979127646,0.03125119209289551,5,22798,14674.478239538206,5623.0,3296.744809883954,20,20,16,17
23.162453803187244,5.707101161783488,3.617689139375455e-06,0.7750431816274042,0.8032940781099193,0.031248092651367188,4,148,122.08694078802529,46.0,41.69999999999885,9,6,4,5
12.900219695095716,4.679766772679395,1.8872134671941202e-06,0.9609870861554546,0.9184153445916632,0.015641212463378906,4,192,181.39478134249373,63.0,63.0,9,7,5,4
37.121136973678944,9.361940058161716,4.064772896029169e-06,0.7624561038159235,0.7583839287763547,0.025000572204589844,4,229,188.86702688225438,70.0,66.59999999999852,11,6,7,5
15.922866600624582,4.7309544074823995,3.3065921046014887e-06,0.9565696609816873,0.9340390650151047,0.02178025245666504,4,218,201.83927267673036,73.0,65.69999999999996,9,7,6,5
15.902614495133687,4.538622928933026,1.7371957111853053e-06,0.9756747987389339,0.9642390527696677,0.03125166893005371,4,305,285.0677723675008,93.0,93.0,9,8,5,4
27.857262177095294,6.732151997439712,1.73858137787005e-06,0.919547636906966,0.9147316972652271,0.055077552795410156,4,306,263.5997606597864,103.0,84.30000000000328,9,7,6,5
9.393934953887564,4.984347304134877,1.8032853704989295e-06,0.9908652513337575,0.9532231170252426,0.031249046325683594,4,301,267.89812509432466,93.0,81.89999999999986,11,9,6,5
35.415847471142136,8.568997693570207,3.220797349434687e-06,0.9390487203063398,0.9271204491547826,0.0625009536743164,4,471,403.3639333005544,137.0,137.0,12,9,5,4
78.90708303840182,16.262039956417176,2.2433455279489944e-06,0.8218956710593058,0.8408853958964229,0.06249856948852539,4,618,588.4557963217172,146.0,140.09999999999957,13,15,9,5
150.0329302953736,30.64847697729986,2.226218183708774e-06,0.5076849199695882,0.5588176165147763,0.06249856948852539,4,698,665.8871893944781,191.0,160.79999999999933,18,15,6,5
147.09997659556936,31.130830044184048,2.237117115114589e-06,0.5985559198299644,0.6188930802200089,0.04686903953552246,4,732,818.5806758438505,176.0,175.3462891539075,14,17,11,13
492.3179171656688,98.37392608446878,2.2633800183058127e-06,-0.664142565175182,-0.46863611371234026,0.04687380790710449,4,1132,949.0318359603541,255.0,202.65942826293679,33,17,19,13
539.5076288692859,108.20611728016344,2.319889244719061e-06,-0.7857123420594254,-0.558412441795767,0.04687356948852539,4,1214,1231.4514663953596,286.0,262.92404681276025,28,17,28,13
1463.4134466478201,295.34900736861164,2.5654530920147904e-06,-0.24897035217058727,-0.18015577229950464,0.06249666213989258,13,3671,1831.2112510694624,767.0,389.5566417755124,47,23,35,19
1715.271025467429,350.7601178990205,2.8648931302955545e-06,-0.12030012785472133,-0.07047016079804891,0.06250214576721191,9,4617,1978.225429196814,1011.0,420.4646780598787,40,20,39,16
2065.462277281059,424.2861577332073,2.6435451463199665e-06,-0.12957821499629651,-0.08100057969573338,0.05121588706970215,16,5518,2034.4921186935653,1188.0,431.8537855674733,44,27,44,23
2244.7673573737293,462.88413788284515,4.196506278305245e-06,0.4964539639753127,0.5197138505251222,0.046874284744262695,7,9413,4873.562752233622,2044.0,1047.2816571080361,32,23,28,19
3175.508816839022,672.3226467269849,1.8346108872725072e-06,0.40833003298579285,0.43144530820452087,0.031319379806518555,7,12306,5110.486992716264,2702.0,1095.9806754522087,31,24,26,20
2590.8999966190577,560.0691245812184,1.5688298608886422e-06,0.6854420029194815,0.696306666504992,0.03124856948852539,6,13648,7894.646695244117,3130.0,1717.8407998097418,27,22,23,18
2687.731883641929,605.1855594454436,2.197696403364207e-06,0.7480355950082787,0.7387461754603926,0.031249284744262695,5,16902,9277.671814066984,3953.0,2027.3938369362077,24,22,23,18
3056.8213148432833,682.2677598650379,2.256525049053772e-06,0.7272676611688573,0.7239396198131658,0.046865224838256836,6,17878,9627.304054293954,4191.0,2108.497319646932,24,22,22,19
3335.632961902704,766.6387015728931,2.4237043750079266e-06,0.7094447177018868,0.6987486377483803,0.04687380790710449,5,18769,9821.952849067167,4343.0,2148.6373539398764,24,22,20,18
13.6218862518164,4.3806658977286075,2.05293541627029e-06,0.9413113629824847,0.8898015734772048,0.03125119209289551,4,161,164.02620823698638,51.0,53.40000000000134,7,6,6,5
6.723233020863403,2.7714785104104034,2.0024320386779995e-06,0.9845487483428567,0.9595096302039459,0.03125357627868652,4,156,143.22564607814752,50.0,50.0,8,7,5,4
31.5214856828613,7.601104459321716,2.2266553385255875e-06,0.8870568949991633,0.896795197252351,0.031246662139892578,4,268,255.33895948631184,92.0,92.0,10,6,5,4
25.188023977530897,6.222876907021193,2.257852111681733e-06,0.9449607370769936,0.9322796016214574,0.03125309944152832,4,330,292.77319861061244,101.0,99.29999999999842,13,7,7,5
70.46345188205754,15.181838332469113,2.236284051140956e-06,0.5698989861499781,0.6937250031844888,0.015630483627319336,4,320,266.3663680764673,110.0,110.0,10,6,5,4
29.350565664716513,6.8545946935184086,3.892477787975999e-06,0.9094788372482554,0.9245501237825252,0.031249523162841797,4,305,290.7861821038134,103.0,103.0,8,9,5,4
39.31103757830552,9.279351583254199,4.571150798353654e-06,0.8534630416985034,0.850097072524204,0.031249046325683594,4,299,256.43190411966737,95.0,90.60000000000349,11,7,8,5
23.390328009218873,5.297794739648488,1.0398313623292132e-06,0.9421587777516942,0.9428254988360752,0.031244277954101562,4,300,273.84902472877366,83.0,73.79999999999814,12,10,4,5
19.28365686059238,5.169795576626247,1.3222228369094312e-06,0.9135143618509118,0.8787167505513156,0.03125190734863281,4,200,215.3438117413477,63.0,57.0000000000033,9,11,4,5
19.672113463866612,6.32889229378143,2.4116288051915575e-06,0.9782672925674966,0.9524452671565252,0.046874284744262695,4,432,424.2543391856096,130.0,120.29999999999939,10,11,7,5
49.84380975576938,11.327263522647781,1.445623021315557e-06,0.8695788391692243,0.8703706025967387,0.041915178298950195,4,440,479.6156874284488,129.0,125.0,11,13,6,4
37.090850214225505,9.751470527198052,3.3120171381043256e-06,0.9600341402825104,0.9424774312549381,0.04415392875671387,4,629,622.5877568492234,166.0,152.69999999999868,11,14,7,5
93.50221941152937,20.14978248598373,3.311864398850914e-06,0.6366816603045302,0.6780145572276222,0.046875953674316406,4,527,454.4699485183761,145.0,143.0,12,9,4,4
68.1579607517069,14.968490420233715,2.314112827259613e-06,0.7679900468124121,0.7410843379172318,0.061231136322021484,4,459,408.87925879993185,120.0,106.49999999999778,13,13,6,5
200.00711869175004,40.837865957380934,2.2547035528996764e-06,0.1517457322225496,0.22810040615168314,0.04687356948852539,4,674,567.3753638607319,184.0,182.0,10,9,4,4
191.709636811447,39.05117377797477,2.357626274317367e-06,0.33758276272238696,0.407656943684536,0.0468745231628418,4,741,745.756912785044,182.0,170.09999999999775,19,16,8,5
428.69202916025546,88.66668970252357,2.247697601607503e-06,0.07464890520838419,0.04083613913726136,0.031247854232788086,41,1332,1264.5,290.0,260.0,48,42,45,41
700.6018170317876,142.32643938137906,2.4261783886788166e-06,-0.24180702093894713,-0.19189028662841867,0.04688858985900879,15,1747,1405.2365783486766,409.0,297.0866331724418,40,20,37,17
806.2190978332741,161.8077090584792,2.3888163339897594e-06,-0.22365535088853417,-0.15411913106256714,0.04692816734313965,16,2014,1544.2562284973894,431.0,328.1695727980075,43,23,33,20
1812.694010843393,368.88217581091163,3.3480011760229203e-06,-0.10811003688828835,-0.06062106810096046,0.04687356948852539,14,4943,1941.0014604457851,1063.0,412.6494661163149,42,25,37,21
2197.423469908092,449.7032583495792,2.5751437436801277e-06,0.08411639067110921,0.12937897026573597,0.03125286102294922,10,6594,2700.4183878740123,1402.0,575.3599764882756,37,23,33,19
2389.7374835605992,500.3807398439956,2.2406592028628547e-06,0.2796775336248082,0.30243234629564886,0.04687833786010742,9,8528,3408.9701059422428,1843.0,727.5756117822475,35,24,32,20
3095.471904786846,648.8127557935668,3.0766154865062796e-06,0.20802851190361704,0.23804705240809398,0.03125309944152832,8,10541,3477.4443708153494,2254.0,740.8233076197039,33,24,32,20
2923.802489441796,622.8268899646795,2.3377222394979202e-06,0.3729236749917577,0.3938570231550971,0.03125262260437012,7,11012,4485.217101640156,2420.0,960.0643996207759,32,23,27,20
2660.5049370754273,576.8929746309417,1.825197788937467e-06,0.6742415331685596,0.6825564229434968,0.03125262260437012,6,13757,7692.3176056777065,3210.0,1673.8406308532985,27,22,23,19
2913.5242734125527,635.0005410261583,6.035032800932804e-06,0.644111547131204,0.6491258920040792,0.0468752384185791,6,14931,7489.7466415430945,3358.0,1626.3190798648502,27,23,24,19
3650.248535368434,819.2149692296875,1.93936308280157e-06,0.5333303697325992,0.5327671975229993,0.04399919509887695,6,16163,6850.3146306723465,3780.0,1477.4715235750427,27,23,22,20
3623.329567308695,873.6550133644571,1.9036633392623553e-06,0.7437058381397369,0.7185372486980246,0.023878097534179688,5,21897,11791.586629249377,5347.0,2608.4113761542994,22,21,18,18
5731.218835601374,1449.655977598429,3.05381180578166e-06,0.5750061895106111,0.5244133470804007,0.038683176040649414,4,27183,11863.248787993896,6959.0,2613.707632957143,18,21,16,17
6146.023733945794,1603.7310254121371,3.502608218227478e-06,0.5532874521590521,0.4896191381235647,0.031245708465576172,4,28866,12086.462843470075,7768.0,2660.3386090176355,17,20,13,16
20.4454485301694,5.3118105633275094,3.3075974409586307e-06,0.8721669440329833,0.8534462114792021,0.015624523162841797,4,164,158.2347243160457,60.0,50.399999999999125,9,6,4,5
15.207063652388486,4.604946469582823,2.044181469749082e-06,0.9205684487266231,0.9081596895989592,0.015624523162841797,4,157,168.59581374677012,73.0,73.0,7,6,5,4
7.535496311029924,3.2542267109361065,2.304782269218401e-06,0.9823020276721923,0.9382490539190445,0.031250715255737305,4,172,155.20094967925488,49.0,48.2999999999999,9,7,3,5
41.91315912224558,11.230678937428426,2.584962755718523e-06,0.7958980063222,0.756711677727625,0.03124856948852539,4,272,228.30074702703953,82.0,77.6999999999986,11,6,7,5
20.641233479664187,5.260251856150505,1.985340147024645e-06,0.9367498722733291,0.9178666702022421,0.03125476837158203,4,244,215.80127694442376,79.0,66.60000000000159,11,7,3,5
11.429037358283722,4.300364525300046,1.9915730206233753e-06,0.9786783762988868,0.9541297197138793,0.03119373321533203,4,239,229.06505219708606,76.0,76.0,9,8,5,4
16.167213689861097,6.1531414302843705,1.7372881038797208e-06,0.9747368522553328,0.9414479008482012,0.01567864418029785,4,313,268.1686892488117,82.0,82.0,10,9,5,4
37.6661357262013,9.46987068675535,2.356733842217846e-06,0.8884873143380523,0.8754800709561361,0.015620946884155273,4,353,269.0829860416064,96.0,89.70000000000022,10,7,6,5
74.15097919033269,16.324515443742328,3.3325026170350557e-06,0.7918554283792428,0.7746371679230374,0.04687619209289551,4,527,444.4029550119614,145.0,131.69999999999868,13,9,4,5
50.022069578344215,11.132596380319315,2.8386799144684768e-06,0.8944591475741652,0.8927155080095336,0.031246662139892578,4,506,435.15877867272064,134.0,126.29999999999916,15,11,9,5
108.03371481074586,21.13598155156761,2.199987762189769e-06,0.7060066265716208,0.7508399722150602,0.04687237739562988,4,650,665.0667827084549,175.0,161.099999999999,19,15,6,5
134.9151587714132,27.463838776870972,2.3229579615733036e-06,0.5071512781850347,0.5581559683958204,0.04687333106994629,4,649,613.7117007647875,164.0,148.20000000000346,15,14,7,5
420.7942102911677,85.17248734150253,2.3757457765356374e-06,-0.03270967721281015,0.053063359025388834,0.0468747615814209,4,1240,864.1744303291434,263.0,232.0,22,14,12,4
620.2857373109476,123.3469170328212,2.381712239457946e-06,-0.3388983074665104,-0.3222537641780401,0.031252384185791016,18,1519,1292.0029472739598,320.0,292.0,44,22,44,18
811.779027236037,164.51854168463356,2.4255324993078153e-06,-0.17471971120391183,-0.11969889210796025,0.04636645317077637,12,2119,1559.66530240628,455.0,334.03572097959795,37,19,36,14
1175.2041439418945,238.017992950699,2.3652749971074612e-06,-0.3151647515910798,-0.25138300460462726,0.03477311134338379,15,2864,1593.385020350176,606.0,338.07127960553225,45,22,39,19
1240.3837330451697,252.44151063101032,2.588728717746682e-06,-0.19066886346554335,-0.14217060462464515,0.04694104194641113,12,3149,1780.0102362789983,673.0,379.2016198840199,41,21,36,17
1740.0184744630592,353.1401029752806,2.6037126260332706e-06,-0.001612330043384791,0.03997869488339323,0.046949148178100586,8,5016,2240.5606310419294,1046.0,477.36792184544584,38,20,34,16
2264.679464391564,468.68899974376393,5.9679728549426726e-06,0.12092219303108409,0.14811221504692218,0.04687905311584473,9,7206,2591.6437740870297,1604.0,551.7529083877946,35,22,33,18
3003.833931298437,629.8518349480431,2.01399920909297e-06,0.3140524319442741,0.3498939041005037,0.04687666893005371,7,10643,4335.705219512392,2396.0,928.7394078007987,30,23,28,19
2461.7217634576855,529.9508976462089,1.9420445749083792e-06,0.6820059166410054,0.6910318751057545,0.04688119888305664,6,12918,7438.9199228257075,2981.0,1618.5322585701597,27,22,24,18
2674.4945249650837,578.174940273305,2.394277194697623e-06,0.6547843345811324,0.6623155329549669,0.04682612419128418,6,13827,7322.165869371649,3111.0,1589.8046754043035,27,22,23,18
2420.4337116822917,527.1367332850834,6.216489316177923e-06,0.7508697025345197,0.7545600616555125,0.041715383529663086,6,14575,8711.645686823515,3305.0,1906.9309479820267,25,22,21,18
5839.160199498233,1425.476961806123,3.1716033325503394e-06,0.503306312657659,0.46362244360373894,0.0312345027923584,4,26244,9784.066992612741,6566.0,2130.945886025236,19,21,16,18
6873.709619751679,1788.7849733217479,3.985433662747511e-06,0.494708144018282,0.43997491943494316,0.03125357627868652,4,29772,11742.679362013187,8097.0,2580.1682384262913,16,19,13,16
11.614906750165089,4.491070378239683,2.6277574152365774e-06,0.9120059944589819,0.7899595526326137,0.0156252384185791,4,120,109.28112775973759,34.0,36.29999999999943,8,6,4,5
36.61079093473321,9.638649139857025,2.2029683449268695e-06,0.9016425574851837,0.8835097213802705,0.031243562698364258,4,352,309.8045443110145,114.0,114.0,8,6,5,4
12.748786100535156,4.631275343280881,2.7536197188865114e-06,0.9791864245143863,0.9479329013035085,0.031245708465576172,4,277,257.0281367517207,102.0,86.0,9,7,4,4
32.21514989813869,7.940384561929431,1.9629151731588777e-06,0.9280493643512152,0.9225561912822587,0.03125119209289551,4,351,322.17712439632174,103.0,107.0999999999965,8,7,5,5
32.41782514274672,9.383520287977406,2.083478548268539e-06,0.9658662446758532,0.9467527489803349,0.031249523162841797,4,550,442.5453021626292,149.0,144.0,11,9,6,4
59.31933550056527,13.989311169184095,2.2233621832827814e-06,0.825183521966704,0.8096578248986785,0.046874284744262695,4,463,531.3536057074762,133.0,131.0,11,13,6,4
46.16386048240278,10.26832662272472,4.11673721804142e-06,0.9242651690174856,0.9191484899518197,0.07686114311218262,4,556,549.8113425044204,155.0,155.0,11,12,4,4
122.83726308021699,25.355460264256347,3.19295106806765e-06,0.7952784744701806,0.8098225450495313,0.06676626205444336,4,875,761.3741423349978,219.0,200.09999999999854,13,13,13,5
215.07268424989357,43.54200638861818,2.205361570919736e-06,0.4090166486138367,0.5002678247025585,0.06249880790710449,4,869,776.9704517107116,215.0,215.0,14,13,5,4
614.206266232258,122.83234485271223,2.5443757260398126e-06,-0.4260441015539942,-0.3737546793140474,0.0468592643737793,17,1474,1321.0684111217754,334.0,282.8999999999975,39,21,33,18
981.3747602203824,199.1541279870751,2.4959319910926275e-06,-0.5044452280342295,-0.42243628874317585,0.03129100799560547,19,2261,1442.2242562992478,482.0,306.50008397000295,48,25,38,22
1107.9813928480519,224.99880571108466,2.8125347998125743e-06,-0.04799643939772569,0.00490840206226828,0.031269073486328125,10,2940,1836.4461149508668,625.0,392.19146782888447,36,20,27,16
1302.51238440775,260.8765458562671,2.8542326369372487e-06,-0.11140489662607855,-0.06446651902234168,0.03124856948852539,10,3499,1849.0509084720225,719.0,394.773732378912,42,20,38,16
1712.9078443170247,351.33880729344673,2.708134687265482e-06,-0.023923937062865885,0.013303816594115947,0.04687619209289551,9,4830,2083.0424640267493,1029.0,443.773962482486,39,20,36,17
1815.8434786026353,368.24364888139985,2.5138776279304865e-06,0.14619477432977845,0.18956800387390293,0.04686880111694336,8,5645,2702.594618685919,1209.0,577.5158469854093,37,21,35,17
2618.932842307051,542.9135079804646,1.9778598155247947e-06,0.1596563257759318,0.20054320224860056,0.0312502384185791,10,8301,3236.5722605715428,1809.0,691.1502733152615,35,24,32,20
2955.5984412193816,620.6718252363203,3.0622150368262336e-06,0.28948461787843316,0.3255495680131453,0.03125286102294922,7,10267,4215.418752139395,2240.0,903.14425983722,32,23,28,19
3260.498981788013,700.6897447723475,3.0368542013386555e-06,0.44351491279504907,0.4586539733343461,0.04867124557495117,7,13231,5211.138108108596,2961.0,1118.8426009653153,28,23,25,19
3301.9988953563006,729.7480296100033,2.3720107909901e-06,0.6032637547557773,0.6051677773459507,0.03200364112854004,6,15995,7368.806202980637,3695.0,1596.9788249285039,26,23,23,19
3072.098161306923,747.6865790191399,1.9910180219148728e-06,0.7836012041678404,0.7562199611410289,0.031000375747680664,5,20614,11668.984163882236,5008.0,2581.849735526788,21,21,19,17
5582.710277366914,1408.564325987545,2.949132541536731e-06,0.5696181659682755,0.5185843754893551,0.015626192092895508,4,26986,11108.444288126106,7042.0,2434.9708102396517,18,20,15,16
11.68883713572329,3.3821552131075876,2.7844724154636135e-06,0.9619648350664988,0.940704256234779,0.03125,4,193,177.13887474862946,61.0,60.0,7,6,4,4
16.551219864142247,4.351058772342374,3.2826591851058723e-06,0.9492775148979222,0.9379553249852302,0.01900005340576172,4,217,193.00278848840262,62.0,62.0,10,7,5,4
13.972818534141645,3.621247149791781,5.357474235823424e-06,0.9285695153530771,0.908361868509318,0.02200007438659668,4,156,145.8277343750847,54.0,54.0,8,6,5,4
27.15062676111441,7.971138119773726,2.9594585237752374e-06,0.929388495247897,0.8919846296858018,0.010083913803100586,4,296,275.93523490019044,89.0,93.89999999999921,10,7,5,5
34.38265185999314,9.30780039539505,2.2848824030712128e-06,0.8898419627596945,0.8596388833075683,0.01563739776611328,4,300,273.5447935019985,96.0,96.0,9,6,5,4
6.958440648644057,3.384206752279875,4.460935898661175e-06,0.9891779240591685,0.9548661717023194,0.023919343948364258,4,204,189.49223594089784,67.0,58.499999999998636,11,7,6,5
15.675158247882115,4.608564007669247,4.376936951357299e-06,0.977190503826694,0.9626062211618464,0.015624284744262695,4,342,325.37278178200927,114.0,108.29999999999643,9,7,4,5
13.999527859578693,3.886521182295269,1.3889153895432784e-06,0.9852142662084757,0.9793156656213698,0.015622138977050781,4,356,338.6544436155894,110.0,110.0,10,9,5,4
24.560862608538834,5.696173949653793,4.794642017351204e-06,0.9543473003276973,0.9501246751859419,0.04687666893005371,4,415,380.99644386212117,128.0,116.09999999999974,10,9,6,5
15.344819173586776,5.2696130932636445,1.9092638679355987e-06,0.9887282891391584,0.9737486821752904,0.03125143051147461,4,425,423.84634721369343,131.0,131.0,10,11,5,4
251.18313496419452,54.04349022474355,2.309301425064529e-06,0.3527328312725262,0.3833599402228137,0.046874284744262695,4,971,770.6710234079142,242.0,220.0,16,12,7,4
359.2247079110223,72.77935358744774,2.534758353950522e-06,-0.40370757945346014,-0.2469659510716249,0.04687380790710449,4,941,676.1085864364447,210.0,188.6999999999971,20,13,18,5
431.85613851349797,85.03870291785928,2.4010054593003163e-06,-0.2160893746957171,-0.0648595567229382,0.04777240753173828,4,1141,911.1808455556983,251.0,221.09999999999945,24,14,15,5
719.2926421963479,146.25784383187434,2.7860396545171404e-06,0.019894867691248153,0.04910919484229537,0.03125119209289551,11,1985,1630.2657951846782,438.0,353.0999999999981,34,19,34,12
1083.2852177057594,216.438276628922,2.6631085636300996e-06,-0.5120903075549923,-0.43013503142056675,0.031236886978149414,19,2484,1451.762007186428,538.0,307.1909087167045,45,26,45,22
1329.4489291464506,273.18483909635114,2.8743658082395744e-06,0.38178698350791895,0.4096830100716281,0.03125,8,4726,2997.2195899872004,1024.0,643.5212907942519,33,21,26,17
1635.5569373445053,333.90711252052165,3.5513979195952073e-06,0.0648963782640718,0.10240946696039754,0.0468747615814209,9,4776,2232.7201231581166,1013.0,476.55038896951305,38,20,37,16
2027.029403066514,423.34926471759445,2.1725367221134503e-06,0.6150980675640526,0.6328979234303571,0.031253814697265625,6,9718,5677.627563614216,2184.0,1229.6747438965813,29,21,26,18
2590.4108256785253,549.6763286064896,2.8403832971365475e-06,0.48816166391026383,0.5059627561031269,0.031249284744262695,6,10736,5226.9173741779,2390.0,1126.7721395615722,30,23,25,19
2713.573104275882,586.5853719721872,2.4833854611085925e-06,0.599264688315972,0.6146653630943817,0.0312497615814209,6,12548,6665.950959283673,2900.0,1445.9549398200415,27,22,24,18
2987.969893312415,654.8975014134422,2.1466102435121914e-06,0.5869608520627909,0.593201479949867,0.032999515533447266,6,13936,6730.653363149293,3186.0,1457.2206780060578,27,22,23,18
3503.20039728766,770.6080748023107,8.80455791278205e-06,0.4745191642927342,0.48158408297918187,0.03078484535217285,7,14677,5838.688310956259,3350.0,1257.455233164087,28,24,24,20
2569.864812327056,576.7037572697925,1.3301244353579748e-05,0.7533843256553997,0.7435245059479751,0.03124690055847168,5,16615,9101.392597449152,3978.0,1995.908406627771,25,21,19,18
5092.8274947803475,1178.317074161492,2.5266472837682955e-06,0.4693246649286492,0.4569728340611314,0.04160332679748535,4,21702,7640.428415939241,5172.0,1650.905982029497,21,21,18,17
5538.658016223234,1308.1384102657291,2.7146077567075868e-06,0.43517215208898774,0.41831910073219924,0.015625,4,22483,7719.179878947045,5607.0,1666.6061117946774,20,21,17,18
3443.285379818269,862.1000309181633,3.935336776461926e-06,0.7832102947285461,0.746522497066878,0.03124833106994629,5,23350,13090.901199071182,5794.0,2920.5725016659962,20,21,17,17
6406.624919578842,1654.029395765074,4.092166090403651e-06,0.5246628118877311,0.4659619716215314,0.015622615814208984,4,28798,11961.3257460355,7796.0,2637.726841424408,17,21,14,17
5993.296005775299,1636.499713041435,3.7579344227639604e-06,0.6201397255182743,0.5409973875871776,0.031250953674316406,4,30286,14412.4586780212,8385.0,3220.561784712063,16,19,13,15
10.810132967393459,2.841956463574086,7.56669874693253e-06,0.9565721281097312,0.9489590682552002,0.03125166893005371,4,165,159.90926287318666,64.0,64.0,7,6,5,4
7.811603052371697,2.920830954503017,8.233558561334101e-06,0.981829776520564,0.956395853475264,0.03124713897705078,4,185,184.52708698685007,63.0,63.0,8,6,5,4
12.108858716239403,4.39960041280368,2.2097054498847614e-06,0.9700014258528985,0.9358371931149785,0.03124856948852539,4,218,188.13897286564935,59.0,59.0,9,7,5,4
25.30505133221363,6.560446265262627,5.887623900706512e-06,0.9190460968479393,0.8929682066586656,0.03125286102294922,4,260,215.87256881266507,69.0,66.00000000000085,11,7,4,5
23.294571706818708,5.336043109289514,2.53650111931211e-06,0.7775089629389491,0.7813777943473886,0.015624284744262695,4,147,151.24339968058084,51.0,43.0,7,9,4,4
33.692494851768565,7.391095125709659,9.059437302839608e-06,0.9277924758199543,0.933625572124364,0.031249046325683594,4,376,312.9659644353785,110.0,110.0,10,7,5,4
45.839138824529385,10.50880747935857,2.4757948255270026e-06,0.8543076299720377,0.8646057228369803,0.0468747615814209,4,374,310.31695742364576,120.0,120.0,9,6,5,4
17.4359811380199,5.392399480295856,5.324530964110059e-06,0.9780742892059445,0.9616254721621812,0.03124856948852539,4,376,337.52220045854335,119.0,104.70000000000192,10,9,6,5
28.231123752834982,6.583962596703449,1.591597005605949e-06,0.9532828570309695,0.9499137531428433,0.031250953674316406,4,388,320.6462194058953,106.0,103.0,11,9,6,4
20.88483601693809,5.459706021522002,1.5587566909673593e-06,0.941768532850447,0.9302361044171809,0.031252384185791016,4,275,244.89357903950344,88.0,88.0,10,7,5,4
34.81561815716385,8.014694263860324,2.7353827161398893e-06,0.9136572999723225,0.9085143634241528,0.046874284744262695,4,399,337.73011066532877,115.0,115.0,11,8,4,4
210.3182213193485,43.78251112952445,2.4839958867484963e-06,0.48519477203960737,0.5329991248802513,0.06716203689575195,4,945,811.6395443486863,220.0,212.69999999999936,14,13,6,5
288.10379490765024,59.6559771811144,2.625351082181169e-06,0.2974201101275824,0.34176119877931277,0.06540679931640625,4,1059,789.4317838574676,240.0,219.30000000000337,19,13,10,5
278.0905952462886,57.23752505747144,2.378218741757506e-06,0.30161724873914775,0.39055420112016304,0.0520014762878418,4,1015,895.5866331948414,267.0,235.0,12,13,7,4
494.47558076717183,99.65017533472462,2.2674844833121613e-06,0.0975360566967044,0.08579824569214278,0.05166172981262207,17,1445,1292.9760413417143,315.0,273.0,32,20,30,17
586.4079811067477,116.93897630581145,2.2798202186416893e-06,0.2807212967632301,0.30503544010301553,0.06551194190979004,10,1906,1690.8767571693893,390.0,364.378547568547,31,18,24,13
922.5957470422542,186.05438388637023,2.449562281011846e-06,-0.44323655959633723,-0.3544854130281758,0.0625002384185791,23,2160,1430.6348217389764,448.0,308.69999999999686,52,29,50,24
1037.6368882607915,211.44844127644976,2.7494940931802234e-06,-0.2575718038604806,-0.19990750238974875,0.08169007301330566,13,2567,1593.1871606912766,568.0,339.5431640131749,40,20,36,17
1226.9979319982158,248.79802691206336,2.373679474836043e-06,0.11422609335037259,0.15728335626210654,0.0624995231628418,8,3659,2183.7743836229156,775.0,467.5481368581843,34,19,33,15
1430.5408768272302,288.94212393092226,2.4513172462764663e-06,-0.0037821069360719495,0.047859435287810004,0.0625007152557373,11,3977,2106.96934746743,860.0,450.62149222198127,41,21,34,17
1598.3122210860836,327.62190418497636,5.880823187030695e-06,0.2495271290721437,0.2739376721094252,0.0468752384185791,9,5331,2698.741052528583,1142.0,577.6814036648548,35,21,30,17
1948.9834315525675,397.90832108788175,4.5408372454229855e-06,0.22724235665731107,0.2559091774318243,0.06249880790710449,8,6560,2868.2925287618405,1421.0,613.6314483010492,35,22,33,18
1814.0741451000572,371.1993421967046,2.4725331873538275e-06,0.5269693203485016,0.5501750120287978,0.0541231632232666,6,7762,4563.180258099873,1692.0,984.9644536769902,30,21,28,17
2199.3507382049365,454.9394585473301,2.3112900366241172e-06,0.38399153624346405,0.4182636785847714,0.029109477996826172,7,8066,4152.5852542181865,1748.0,893.1490549505252,33,22,28,18
2762.92143001081,572.025928569288,6.276822366129107e-06,0.18851469540954668,0.22575541475643446,0.04687094688415527,10,9162,3220.8497894943825,1963.0,687.6797632365465,36,24,31,20
2700.84981200753,577.1042052770788,4.744858267893645e-06,0.5388652963218128,0.5506714133262348,0.041808366775512695,6,11995,5651.849656327147,2757.0,1220.386312405497,29,23,25,19
2381.901521821782,518.1060278020663,8.33867046432905e-06,0.7374829618237648,0.7419664817499905,0.031244754791259766,5,14063,8261.487736720865,3163.0,1808.1234609162875,25,21,21,17
2685.990498107409,630.2989407531503,1.6339796762577999e-06,0.8012497381980498,0.7884699564304827,0.03124523162841797,5,18134,10992.974800825052,4339.0,2439.174191170534,23,21,19,17
2838.3864968523626,664.6473451431538,1.9003858026082347e-06,0.8010691247132354,0.7882256865832635,0.031243085861206055,5,19445,11525.841802000461,4589.0,2561.135505398188,22,20,19,17
3605.0749749361794,887.0072556321168,2.9892706533955996e-06,0.7418084498377249,0.7106826116325551,0.031247377395629883,5,21692,11653.102634297913,5377.0,2578.129037071074,22,21,18,17
5688.022536704367,1396.480577234487,3.1188540433836773e-06,0.49804765930868167,0.4608918795028565,0.03125357627868652,4,25038,9323.321947236534,6413.0,2027.8491921840068,19,21,15,17
6237.336593382167,1581.1057658560192,3.467856431253708e-06,0.5154191290589287,0.4667725380256357,0.0312502384185791,4,27727,10953.469573989914,7175.0,2398.9787855124778,18,20,14,16
5809.245751351746,1597.4596296669608,3.7755852686085286e-06,0.6352922960190432,0.548784144065454,0.03125166893005371,4,30987,15014.298121695261,8472.0,3361.2192189749785,16,19,13,15
32.266076514700416,7.98581137866189,3.3351200977047615e-06,0.8196403392991377,0.8287129812862083,0.015622854232788086,4,222,207.26659242605916,74.0,67.19999999999942,10,6,4,5
13.230362997061425,3.8026978581198523,1.8938914664054265e-06,0.976726454652887,0.9649259356457005,0.01562809944152832,4,250,258.4410376178906,87.0,87.0,8,7,5,4
8.756645570874523,4.081807384487275,1.5046085494578719e-06,0.986888262129182,0.9510151114521589,0.015623331069946289,4,218,205.9572506252746,67.0,67.0,9,7,5,4
53.929414263544274,11.622413623566892,2.0914839741620026e-06,0.8381244495515283,0.8551360714360728,0.0312504768371582,4,422,368.71421613617605,122.0,120.59999999999809,11,8,6,5
73.98546460782205,15.340660817596037,3.158227906759943e-06,0.7941891214857226,0.8097809209194059,0.03124833106994629,4,538,426.63972224044994,137.0,131.6999999999996,15,9,4,5
56.36761266871684,11.724826263719953,3.74235222106417e-06,0.7446506846075177,0.7770656022588049,0.04688549041748047,4,345,343.0343736591855,103.0,100.0,11,12,6,4
271.5627892765543,54.07259831760973,2.431995723874302e-06,0.09574622153271051,0.22561507283229065,0.0468747615814209,4,864,802.8406451803751,216.0,202.49999999999818,16,14,6,5
594.7517651653482,120.7077559233599,2.4732148491556985e-06,0.08247750240186158,0.09923422078846134,0.0468752384185791,11,1689,1499.9493977464551,382.0,332.0,28,17,26,11
819.3485141147453,168.6520528590885,2.5476624884054396e-06,-0.24496487960515334,-0.17139764981446315,0.046872854232788086,11,1988,1516.1434085382198,430.0,325.7609496963694,40,17,30,13
986.3395965021531,200.44659689298595,2.6775912645775126e-06,-0.15767662430195717,-0.09673441639307856,0.04799675941467285,10,2540,1703.8253367945304,551.0,364.8106840453629,35,18,31,14
1546.6044391389478,318.40523294184203,3.6385518034955883e-06,0.03368380873546484,0.07392195300203142,0.04694652557373047,10,4449,2211.3593195807493,962.0,472.7929770712881,37,21,35,17
1729.3254770995675,360.0168973849812,6.866264159357922e-06,0.14843718436408992,0.17174551173361374,0.056281089782714844,9,5383,2469.0693694580746,1164.0,527.8280670826607,34,21,32,17
2040.6833614118643,418.1096593562999,2.7307972900581898e-06,0.23105784074382674,0.26538546157997345,0.04687833786010742,8,6831,3046.2802954786666,1475.0,652.4169180464751,34,21,32,17
2211.145631319474,462.2769477701152,5.5066303038257515e-06,0.15043135236539018,0.18718556766446737,0.04687619209289551,8,7031,2847.6004495397137,1541.0,608.6115351453743,34,22,31,18
1829.411293132417,378.5011696616344,4.518843563913469e-06,0.5352971659022134,0.5510153352415859,0.046880483627319336,6,8141,4362.122369871986,1783.0,940.1524641713045,29,21,26,17
2260.2661020275655,475.9121227247382,2.970022353061282e-06,0.40210116989607936,0.42503652058037134,0.031250715255737305,6,8599,4194.6247065277075,1920.0,902.0856387238155,31,21,27,17
2415.802628870004,501.817637628928,4.370113010239282e-06,0.40456371538271907,0.43531978918652303,0.05099678039550781,7,9291,4388.654579713997,1999.0,944.3469419484318,31,22,27,18
2731.2466500248975,586.5169013776058,3.539544324254028e-06,0.5812121753943708,0.5947726006985157,0.04693865776062012,6,12526,6227.420908456478,2822.0,1349.2170156031843,28,22,23,18
2709.4579649910247,589.3241101776258,1.89116313689729e-06,0.6727869458897082,0.680281783450168,0.046875953674316406,6,14332,7663.549661697977,3313.0,1672.4622022468166,26,22,21,18
2797.448702171252,637.9733866968728,2.5198113612307653e-06,0.7463059576976205,0.7380703967593909,0.04687666893005371,5,16760,9438.098043925416,3981.0,2073.9595932437105,23,21,20,17
3157.4123711995976,731.6239834665149,1.8526562158041097e-06,0.7406342913744182,0.7327692825109328,0.031245708465576172,5,18433,10334.252015128102,4384.0,2280.8262557337193,22,21,19,17
4806.634010826787,1134.3697168250155,6.912545734161614e-06,0.5302019709558288,0.5015870603658845,0.046875715255737305,4,22712,8298.324526661898,5624.0,1800.2867129308188,19,20,17,17
5408.020360934142,1309.5537365676814,2.820954657380941e-06,0.509019900488981,0.48094983568390204,0.031233549118041992,4,23804,9075.680243920071,6069.0,1977.217797451428,19,21,16,17
3573.1564858932215,906.2994459751237,2.006193638970832e-06,0.7852169241117588,0.7446051950581443,0.031246662139892578,5,24767,13842.412179668267,6273.0,3105.05170819074,20,20,17,17
5741.027766216792,1414.8585221543697,1.530809716126079e-05,0.5125222211123892,0.4714094830540685,0.037008047103881836,4,26037,9744.50319466009,6686.0,2126.6169087907892,18,20,15,17
5762.450166396397,1499.471905594917,3.281446728139434e-06,0.5908165907187876,0.5280264893110194,0.04694342613220215,4,28495,12488.203687772686,7556.0,2762.771492121754,17,20,14,16
6772.973054522384,1840.0684924498648,4.827536368353634e-06,0.5512592939696801,0.4771665303423246,0.036678314208984375,4,31387,13552.351142092042,8738.0,3012.2765728192826,15,19,12,15
13.862921470332369,3.661155763350867,2.9389049908971837e-06,0.9388351591045647,0.9377727707942487,0.031247377395629883,4,170,165.26294235836906,54.0,55.20000000000047,7,6,4,5
12.885024681962927,4.067549051132684,6.663173801132419e-06,0.9637754991150635,0.9282637146226602,0.031241178512573242,4,206,193.65123441682414,61.0,62.40000000000106,9,7,4,5
25.105919603053223,6.764298330121089,2.4763416759714168e-06,0.898572798495744,0.8738225931407233,0.03125190734863281,4,231,217.25803917880535,72.0,72.30000000000115,8,6,4,5
25.984740019376297,5.322033375745756,1.2871628039790161e-06,0.9160962902459706,0.9297390613649918,0.0312502384185791,4,265,245.96831957987774,98.0,91.0,9,6,4,4
25.72191938929579,5.80314911663692,3.3683353363217085e-06,0.9122067808946656,0.9214879932737022,0.015627384185791016,4,243,225.28260102277608,74.0,74.0,10,7,5,4
20.430881780891212,5.118134477621452,3.4523988841647517e-06,0.9128282040534557,0.8862965562601823,0.015579938888549805,4,203,193.46600846715813,60.0,65.40000000000109,7,6,3,5
18.6026147760338,6.05074528371206,2.0292529468017666e-06,0.983246950125779,0.9676602358986901,0.03124833106994629,4,433,406.6227207704052,133.0,133.0,10,8,5,4
50.782074817583435,10.267534897421076,1.7850743074730623e-06,0.7543378680797003,0.8162777566402089,0.03124833106994629,4,313,289.66227767512515,117.0,100.0,9,6,6,4
50.72215100315686,11.316714690732805,2.007651252454376e-06,0.908897262533251,0.9111389619921519,0.031250715255737305,4,499,448.5500102843067,166.0,150.0,12,9,7,4
85.73799670664799,18.365546173495034,3.3478257604668268e-06,0.7707484740487267,0.7821579047170998,0.04687380790710449,4,609,483.4254568888231,165.0,158.0999999999989,11,7,7,5
76.47721147594639,16.511392001975036,2.2017178144903402e-06,0.7807912154860159,0.7864679591051317,0.031249523162841797,4,506,432.21383218147963,150.0,137.40000000000123,12,8,7,5
70.71877495455533,14.508390353923414,4.534569677776392e-06,0.8416933051628741,0.8575841099509086,0.046875953674316406,4,580,475.7833255457283,166.0,146.39999999999924,12,11,6,5
79.95586852709027,15.408250144979057,3.07482903461883e-06,0.7383490529331416,0.7804308859192044,0.0468592643737793,4,509,443.864779926394,166.0,166.0,12,8,5,4
92.72789167623645,18.873049124112274,2.685044927201292e-06,0.7685174692700996,0.7994065139491853,0.04687142372131348,4,595,524.635764795398,170.0,167.0,10,9,7,4
393.45944860442484,79.24940459447855,2.722926138655273e-06,-1.3781465444127696,-1.0397478200061894,0.052558183670043945,4,867,585.6630764954903,193.0,164.69999999999737,25,12,8,5
1016.0459860102427,203.00500927715635,2.691460116171875e-06,-0.2067778602105108,-0.14438372579140601,0.046000003814697266,12,2542,1625.2989262113897,533.0,347.5919273698405,40,20,31,16
1214.2797810648192,245.52126822559572,2.984303018105697e-06,-0.24330816438429492,-0.19038007835574766,0.046877145767211914,12,3119,1605.7386335012118,656.0,343.217539839329,42,20,35,16
2163.948047582035,453.6934075834271,2.806104872509421e-06,0.30006279585321693,0.32141302540778727,0.04162716865539551,8,7546,3326.982837513542,1706.0,713.2274095582775,32,22,30,18
2377.1345215041733,513.168988191751,1.7844978469959744e-06,0.6884071842083934,0.699097239339171,0.03126096725463867,5,12610,7299.670011876344,2894.0,1594.213940636012,25,21,21,17
3169.702112372952,682.7684566009603,3.3273636207429193e-06,0.4654263987735613,0.4823087487039387,0.046872615814208984,7,13018,5417.727852299367,2906.0,1168.2821167932825,29,24,25,20
2695.2079282365894,598.6564454815892,1.858298638105287e-06,0.6882841162752069,0.6857960053827472,0.046801090240478516,5,14792,7781.180227254063,3507.0,1697.5898869305365,25,21,21,17
3357.9642121338807,784.9017836287812,2.0959614067095543e-06,0.7056438077688008,0.6900111558359875,0.031253814697265625,5,18955,9712.468355350218,4483.0,2132.4036015677175,23,21,20,17
3681.192397605624,909.2688900662301,1.9779869002246313e-06,0.7461941973964639,0.711594517351283,0.0312504768371582,5,22885,12148.457586695631,5661.0,2697.453234014338,21,21,18,17
5946.309197519929,1548.7563442611959,3.4665008763245364e-06,0.5512087152699066,0.48415268332363925,0.03816938400268555,4,28559,11708.907598236092,7695.0,2580.7718533266907,17,21,14,17
6186.916413052445,1642.3834828325737,3.769129929101138e-06,0.579592234478816,0.5086725081631707,0.046875,4,30290,13064.974085552334,8330.0,2895.9350271051135,16,19,13,15
25.088067379188093,5.255168644573226,3.0455684428692466e-06,0.8574728372524633,0.8985273461092534,0.015630245208740234,4,214,175.9913064496198,74.0,60.000000000001506,9,6,6,5
9.914799104547367,4.359823238794307,1.5048665444304096e-06,0.9864230284363643,0.9584907960199331,0.01563096046447754,4,257,241.05141687622483,82.0,82.0,9,7,5,4
19.360818018976683,4.898146562649708,9.694804030836328e-06,0.9742057821692949,0.9649872148847495,0.04688096046447754,4,440,391.4340208422963,138.0,120.00000000000193,8,7,6,5
18.27526988575095,6.738294973599048,3.907699167644169e-06,0.9806055357424889,0.9533379679343944,0.031246185302734375,4,409,376.06217300793054,139.0,125.39999999999748,8,8,6,5
22.07616390650273,5.645954997050305,2.6536264737646582e-06,0.9623630024113394,0.9490413807848109,0.03124856948852539,4,360,375.6916887960868,114.0,114.0,11,10,5,4
35.69880453693492,7.211752830845371,4.2030890167506935e-06,0.9421820092055735,0.9482703771062713,0.0312504768371582,4,487,416.8914667191687,131.0,129.3000000000003,10,8,6,5
33.72554209724656,8.54788257747783,6.301342844694003e-06,0.9614299074578107,0.9472848274394764,0.0510561466217041,4,542,544.4828733289469,147.0,151.50000000000256,16,11,5,5
166.740095267145,33.54238511032117,2.9823851452064806e-06,0.6538161323428102,0.6993279241008428,0.06256842613220215,4,885,659.7913055284972,227.0,206.09999999999843,13,9,9,5
169.9727944873517,34.16681649257244,2.8335985547097597e-06,0.4484020077631937,0.4950468006755132,0.06784462928771973,4,700,579.1647459731911,175.0,156.30000000000086,17,12,4,5
425.38370298536773,85.12265651778759,2.586608427947574e-06,-0.4177380251918923,-0.19572458369947499,0.06406164169311523,4,1116,894.5894700633265,259.0,254.0,17,13,17,4
563.4492521456337,113.79646250127271,2.769622122261443e-06,-0.07270013361606642,-0.0533066875441377,0.06554150581359863,14,1491,1318.6994887140368,323.0,292.0,32,18,23,14
694.2416113586023,138.4511135767544,2.6617643610520047e-06,-0.431872062501075,-0.35011246210487657,0.06256842613220215,26,1640,1322.076165045219,338.0,278.70000000000346,48,30,46,27
855.9724196711524,170.57970904463573,2.60811122507813e-06,0.018727460829082165,0.0638945702423418,0.046869516372680664,10,2381,1732.3713529339632,516.0,371.61422989923653,35,18,33,14
908.6721273816395,184.76931175267677,2.641980265145282e-06,-0.1477680439403326,-0.10962445322843872,0.04687929153442383,18,2311,1500.7206307704926,477.0,328.0,44,24,44,18
1020.8287228998378,208.5088940237388,2.8316812190163194e-06,-0.13808997366613873,-0.0894401167041623,0.04686617851257324,12,2589,1645.2870674172414,564.0,352.0,39,20,32,12
1152.7946645136235,235.09971752060542,2.9002859809342087e-06,-0.15297305198465927,-0.09074303265446582,0.04687070846557617,11,3083,1700.5737581797418,671.0,366.5999999999965,38,19,34,12
1730.9668651718948,357.1509103855462,4.5258609064072174e-06,0.03180046444694906,0.06762568035795369,0.0468752384185791,11,5058,2113.1897779341143,1081.0,451.60609749111745,40,22,34,18
1980.9731957502472,407.8902582452527,3.3855353362679736e-06,0.1912026946339117,0.23010177286839462,0.031242847442626953,8,6437,2834.6778606676125,1361.0,607.4058820845657,34,21,29,17
1836.8035002064314,381.3107059232059,5.464409987976521e-06,0.6382174702527456,0.6528101400430015,0.06100010871887207,6,9571,5411.02358710477,2098.0,1173.11192737776,28,21,23,17
2522.7377992207557,546.7895996609973,5.0183924185035225e-06,0.5708230574363691,0.5739274463156941,0.0531308650970459,6,11836,5672.190033903356,2707.0,1227.0456235185993,28,22,25,18
2842.2281615082757,617.8128089942045,2.116714877824429e-06,0.5649655995531664,0.5795488374243658,0.03125,6,12732,6264.054663283439,2931.0,1358.696507932158,27,22,24,18
2777.3762501874194,635.5520428018888,3.9175897505005345e-06,0.7134022274680893,0.7015396055053664,0.03125,5,16104,8506.591886417187,3759.0,1861.9062516470103,24,21,20,17
2745.5346085052097,628.0409474293358,4.485822288191718e-06,0.7443630654496605,0.7341690758939379,0.046872615814208984,5,16548,9229.947892815122,4020.0,2030.0307791828936,22,21,20,17
3120.8816066117256,773.926148380212,1.8865940757032498e-06,0.7972502521808571,0.7679623471365473,0.0312504768371582,5,21272,12400.822598777722,5292.0,2767.42050512644,21,20,17,17
5321.659392413471,1263.5838728922872,2.768140302881689e-06,0.49231811413174253,0.47392908592947447,0.045601606369018555,4,22744,8551.085521911722,5665.0,1859.4226120180747,20,20,16,17
5723.636062098163,1378.0218118484154,2.9808380559898833e-06,0.4458390148397927,0.42562570976961933,0.033035993576049805,4,23437,8291.039624848143,5852.0,1799.122435013971,19,21,16,17
3980.955990716495,1049.869523421707,2.3773398825126478e-06,0.7732579690456837,0.7247228578011127,0.0312497615814209,5,25772,14682.011055680465,6585.0,3307.837402055702,19,20,16,16
5612.318631866866,1491.290888255134,3.3417036768882863e-06,0.6349240773175231,0.5672410588550183,0.046872615814208984,4,29402,13792.195881125946,7929.0,3075.216747306302,16,19,13,15
16.237553355358806,4.334655501826891,3.1697334535866754e-06,0.9232246372527678,0.9012234255683874,0.015623092651367188,4,168,156.69459145900157,53.0,53.0,7,6,5,4
11.598259758773638,4.4509569398080435,3.2581001204541628e-06,0.9688724979033103,0.9261792173683987,0.015624284744262695,4,187,189.37556680277092,68.0,68.0,10,6,5,4
34.05282986146244,8.472866481317567,3.073738354616477e-06,0.9026036228159924,0.8841456138548793,0.03125119209289551,4,318,298.94432518653775,96.0,93.30000000000024,10,6,6,5
57.28770537445397,12.82271907952125,2.783158724245339e-06,0.8631442128055831,0.8577179465957734,0.031249046325683594,4,508,412.2596580350963,150.0,139.19999999999874,11,7,8,5
26.269175452613123,8.14950953320294,4.375500396551681e-06,0.9591068374487942,0.9307423159992912,0.031252145767211914,4,390,357.2852835868924,117.0,117.0,10,7,5,4
15.668741403943725,4.730792774287445,5.481835407741428e-06,0.981945760979168,0.9693190089605943,0.015624761581420898,4,358,355.4085673301098,108.0,115.79999999999899,9,8,5,5
15.276103161131148,5.3222914332948426,1.355307777529321e-06,0.9703892628520403,0.9312931779239866,0.04826855659484863,4,257,269.43935420737625,78.0,78.0,8,10,5,4
11.324231433677708,5.475412349909115,1.2836951991912504e-06,0.9944010025587635,0.9770021093634385,0.03099346160888672,4,459,428.91226674364884,141.0,141.0,11,8,5,4
39.111546763724945,9.18359497310469,1.961060985588377e-06,0.910797890763629,0.8969863058349288,0.04694533348083496,4,422,366.96230303039056,123.0,123.0,10,8,5,4
62.11411151423417,12.531670770967903,2.448884934773283e-06,0.8259314987794578,0.8438690475557298,0.041555166244506836,4,481,422.68033481077146,130.0,119.70000000000152,12,10,4,5
116.03543301359174,24.149390559011792,4.243997819132826e-06,0.7578924249561606,0.7751250704915423,0.04687666893005371,4,759,621.9053133540945,204.0,185.99999999999886,13,10,6,5
346.6478354044803,67.78580135554716,2.6215029325814024e-06,-0.16565027076772876,-0.015257536190866672,0.046872615814208984,4,972,811.8312478153626,206.0,185.1000000000006,24,15,24,5
634.0256564921779,128.855249132418,2.744129702623852e-06,0.041829579306433384,0.06057057902870433,0.04687786102294922,11,1777,1435.1436900931692,407.0,306.36182597464347,38,17,32,14
689.9182538160861,138.04205215848182,2.5800002732722634e-06,-0.12862883888060117,-0.09763250167404514,0.03125,16,1806,1403.140449709211,375.0,300.0,37,22,33,16
846.5006268287302,174.16436847652025,2.5661355705798004e-06,-0.08027458755494932,-0.04146178544859125,0.03125190734863281,12,2247,1557.0504094059456,498.0,332.64110323222053,39,19,27,16
1319.7347818858043,268.6625014827834,2.754800075702235e-06,0.23702151234023405,0.27227329686433854,0.03901863098144531,8,4301,2532.9110168041952,922.0,544.31464059668,34,20,31,16
1528.821161694324,313.1448725560704,3.04862130638715e-06,-0.10326821952633991,-0.0522032891486488,0.031247854232788086,14,4190,1861.3471675005626,914.0,398.0031925717026,45,24,38,20
1527.9419855383144,314.48631932614023,2.3866678606415303e-06,0.24262664517266574,0.27513692305915227,0.03125190734863281,7,5132,2785.882415098504,1070.0,598.3896414284154,35,20,32,16
1868.1866440437666,384.91942780532816,3.007209962753146e-06,0.38079445531157063,0.4188121432031101,0.0312502384185791,6,6718,3950.948352200397,1447.0,852.5942833757322,32,20,27,17
2112.73747515232,433.713223385367,2.0016461640380667e-06,0.3285905945532793,0.36885180650938143,0.031245708465576172,7,7463,3775.8984474388917,1601.0,813.210279515788,31,21,27,17
2128.522713413413,448.4482457616563,4.089122505440144e-06,0.3121853421810049,0.32892038724475126,0.046816349029541016,7,7610,3267.5456159962923,1696.0,700.735109612252,33,21,29,17
1979.3105550478276,415.4085195808203,2.4267706384530773e-06,0.6045373851199616,0.6239273068004213,0.05067896842956543,6,9162,5563.062125804578,2015.0,1209.107597874579,28,21,25,17
2288.211771219881,490.5822755089915,6.491233037606704e-06,0.5485138154134632,0.5596183377854147,0.03794431686401367,6,10220,5234.189454414633,2317.0,1132.0222696117144,28,21,25,17
2478.184642638574,533.0388871726734,2.3905706352911895e-06,0.6677532766351915,0.6807737059319314,0.03193998336791992,5,12639,7249.561294206451,2870.0,1584.4357190994515,27,21,23,17
2426.3746256448626,529.6643280666333,2.584651574775974e-06,0.7061412892522261,0.709568653304942,0.033951520919799805,5,13489,7691.121294988364,3188.0,1684.0612523672826,26,21,21,17
2964.498500380172,641.9183648389875,4.6656714942546674e-06,0.5919207086790634,0.6015107190847383,0.03131461143493652,6,14192,6604.01157646353,3205.0,1434.0987864134677,27,22,23,18
2935.979487222243,659.5613288485383,5.604037543708073e-06,0.6865054849303431,0.6852169994417237,0.04158163070678711,5,15843,8258.142403433378,3662.0,1807.9512741879944,24,21,20,17
3363.05458892975,762.692300488259,1.980021554004774e-06,0.6555787688766199,0.6507680029859589,0.03124856948852539,6,17355,8448.127198898985,4155.0,1848.3904437222873,24,22,19,18
3663.088657599043,837.0770171259803,2.1854895105070203e-06,0.6304557233096839,0.6275603747040165,0.03125596046447754,5,17922,8655.526811319773,4242.0,1894.87638971242,24,22,19,18
3247.082985610884,786.9676563774067,2.391812545369884e-06,0.7660478894530559,0.7394930000905531,0.03125119209289551,5,20948,11445.398841712988,5132.0,2544.2519811477505,21,21,18,17
4952.625440201946,1185.1713363395506,2.896211506875086e-06,0.5250849044768289,0.5012305567393414,0.015623807907104492,4,22060,8592.11226227293,5454.0,1871.0068203243363,20,20,16,17
5220.679360800768,1291.2152371166032,2.8386089090532486e-06,0.558439754636864,0.5149758703008093,0.03125119209289551,4,25142,9946.928088483659,6391.0,2177.404929770837,18,20,16,17
5641.942370640762,1462.146441174123,3.211191264568168e-06,0.5847381032028657,0.5214661079104371,0.031247615814208984,4,28141,11865.502991375513,7377.0,2620.1692445866374,17,20,14,16
6209.526425474714,1673.9992150096145,4.298193646285436e-06,0.5979889988322705,0.5203296374271367,0.0269773006439209,4,31144,13964.899584010296,8587.0,3117.240602354699,15,19,12,15
45.706327629925525,10.282763972627897,3.6904564008843586e-06,0.7666714665081544,0.8073107227890683,0.015626192092895508,4,260,232.27774472936085,77.0,78.30000000000177,11,7,6,5
9.028169298047395,3.458846135633476,1.6317514134020408e-06,0.9775669538121637,0.9485839208512659,0.031247854232788086,4,178,175.31079214824297,65.0,64.0,7,6,4,4
39.802394989994504,10.904684030246345,2.118530967833636e-06,0.8804189343165874,0.8604521705646855,0.015624523162841797,4,351,315.58343788670834,108.0,109.80000000000143,10,7,4,5
54.45760374578145,13.580875366964547,2.1050714873171825e-06,0.8536674502848147,0.844277534221437,0.03125476837158203,4,427,359.72010461900726,137.0,137.0,10,6,5,4
16.034107123182167,3.534754661603081,3.783947851799516e-06,0.9278193856925119,0.9314928266281299,0.03125166893005371,4,204,197.66598452180415,66.0,57.0,10,9,4,4
44.34275035553583,9.840048958701447,2.6916863119895835e-06,0.8929684941778415,0.9125340146625038,0.031245708465576172,4,406,391.3971378076731,139.0,139.0,10,7,5,4
120.85470007587861,24.965262199676722,3.1195559023759247e-06,0.6032748266347607,0.6211239564589779,0.04687762260437012,4,627,489.79509875040446,164.0,164.0,14,8,5,4
105.71220331072011,21.812674597366534,3.0439495116908e-06,0.7377002802458461,0.7673185408667587,0.04687380790710449,4,665,583.271468645408,174.0,168.90000000000333,12,10,6,5
182.54089691323338,37.98387253443443,3.1717694304202534e-06,0.09794283932919134,0.15589056263502488,0.04800057411193848,4,623,509.38086548398695,177.0,177.0,11,7,5,4
276.00620985155837,55.47589333257563,2.7238522046334715e-06,0.3399345211052568,0.4138717398426318,0.04693794250488281,4,1019,841.6383180031646,260.0,238.0,15,12,7,4
618.1125022974686,124.65749214860405,2.7442075390622877e-06,0.0013663509224460801,0.015955429696934087,0.04157066345214844,17,1701,1377.329602044055,371.0,300.2999999999986,34,22,28,18
892.7347654970888,181.1389211492843,2.8740917160700388e-06,-0.1493114732107459,-0.10017174076836288,0.031247377395629883,14,2298,1557.0931826764595,493.0,332.8696038531832,42,21,33,17
1238.9316616845983,248.4791132745329,3.0758780303805446e-06,0.0406407800987576,0.08868140720112683,0.04687619209289551,8,3546,2050.20211296494,754.0,439.825032321301,36,19,28,15
1423.1290089525298,289.47204172329754,2.3269309277605744e-06,0.24444124194997596,0.2818422396719369,0.03129434585571289,7,4646,2699.767238926481,1014.0,580.8172140820252,34,20,28,16
1715.169366290911,354.78242864838984,2.2938961485280397e-06,0.10194354897485058,0.13748360809475135,0.03123641014099121,9,5158,2369.1678689607534,1168.0,507.4360440676453,36,20,31,16
1598.8392757202098,330.7219882762268,2.7442080940378207e-06,0.4451787955012928,0.46770378567825877,0.05032801628112793,6,6249,3739.3076801315174,1380.0,807.6487493794734,30,20,26,16
1775.355111525806,366.30555321740735,6.460950634651762e-06,0.4497561948898695,0.4746770730111929,0.049813270568847656,6,7009,3819.308151031244,1531.0,823.5457585454928,32,20,23,16
2350.7180556439084,502.4976689439248,2.913673154026953e-06,0.5821522101407091,0.5964490897936492,0.031249046325683594,6,10654,5706.840999640819,2397.0,1238.6608181219772,28,21,24,17
2640.182149874347,571.0222496543229,3.2449863799913768e-06,0.5762347292822092,0.589431779255043,0.03125166893005371,6,11951,6135.48826422514,2694.0,1332.308993773302,26,21,24,18
2767.332411315863,604.4211487743636,2.0095966493125533e-06,0.5953680024993042,0.609703692795925,0.015625953674316406,6,12757,6604.52556993231,2931.0,1437.6034752812993,26,21,23,18
2594.2186824786245,568.1558883888198,1.8998688392263473e-06,0.7251229330472831,0.7331806013367589,0.015624761581420898,5,14560,8543.268801257222,3314.0,1880.7545099951067,24,21,20,17
2741.9629216814997,629.4058153671436,1.827776317456128e-06,0.766119675273825,0.7594488247411072,0.015625476837158203,5,16890,9883.7206596431,3958.0,2185.3114334848915,23,20,19,17
3482.403690887324,818.6936359304594,2.0856194928316656e-06,0.7094630380222622,0.6945913195237575,0.03125190734863281,5,19474,10162.741783717902,4794.0,2242.5528622429447,22,21,19,17
4726.4407699050125,1128.5600164478624,2.7185400126605724e-06,0.5441834362703861,0.5211232077232228,0.0312502384185791,4,21601,8604.211661184061,5257.0,1876.6585555571382,20,21,17,17
6014.328835312654,1421.0851200664101,3.076230834592371e-06,0.3764873885397708,0.36811013079351584,0.03129768371582031,4,23423,7305.1258054700465,5830.0,1576.4287117533586,19,20,16,17
5813.512566643341,1418.5858506170796,3.097811762461252e-06,0.4598644278668158,0.43316117265287146,0.01562356948852539,4,24192,8709.35966264554,6193.0,1893.7088763942293,19,20,16,17
5296.089281796437,1327.3650162105928,3.0126963136304323e-06,0.5889866845646021,0.5475861313490258,0.02458500862121582,4,25446,10964.002258579229,6506.0,2412.622119257254,18,19,14,16
5395.277879243743,1378.6786785742381,3.110969195914186e-06,0.5866685267006956,0.5318129492278163,0.027999401092529297,4,26591,11222.221103419603,6961.0,2474.2048932064117,17,20,14,16
5727.862824870393,1488.1341143752238,3.364631216244387e-06,0.5758912849359279,0.5171993243405604,0.021095991134643555,4,27671,11746.20412425151,7390.0,2591.0466538985365,17,19,14,16
28.104335324263825,6.492110860457816,2.903046912637221e-06,0.8423019509185622,0.8621275748766837,0.015628576278686523,4,217,186.60296375996145,64.0,64.0,10,6,5,4
10.221503302162677,3.9375967272523305,4.92321000758887e-06,0.9887520248806186,0.970615473784357,0.03361344337463379,4,303,288.4909439891618,89.0,88.49999999999983,10,9,6,5
26.92416604703917,6.768315442185145,1.4623196440974044e-06,0.9737410066632841,0.9688807419450437,0.01561594009399414,4,508,439.4680623598929,153.0,130.50000000000267,12,10,6,5
19.82705673840218,6.296183253055654,2.16303123858687e-06,0.9795171926048519,0.9598789490705847,0.015624284744262695,4,412,392.6992971525429,121.0,117.89999999999907,13,9,6,5
62.79957828452592,14.177497265289137,2.33348696525001e-06,0.8986822873610731,0.8984506112089375,0.031246185302734375,4,612,524.0950774173631,168.0,168.2999999999966,11,9,7,5
97.12411838573841,20.749221041971758,2.96569446856903e-06,0.6977109943151738,0.7120521509537368,0.04687333106994629,4,576,472.5710210201377,160.0,156.0,9,7,4,4
93.88992408514727,18.735108363379982,3.33048497154045e-06,0.7643373943936813,0.7869796295749117,0.0648202896118164,4,661,549.058808955487,163.0,163.19999999999789,14,9,4,5
90.40328369678093,19.277357003389177,3.1348454858950692e-06,0.816805118869151,0.8232890513146774,0.0711050033569336,4,678,599.6561285375266,186.0,186.00000000000256,13,9,5,5
217.1283066606752,43.97430169497498,2.868716849278307e-06,0.3932444894535988,0.4697823515549555,0.07000231742858887,4,841,808.621714579439,226.0,226.0,19,13,5,4
451.47000149092014,91.90271063390803,2.8782425079898905e-06,-0.2072019590957921,-0.12260323816236673,0.06256675720214844,4,1185,895.2602451495668,257.0,254.0,31,13,18,4
532.6720837935648,107.34863242197412,2.7304157417823e-06,-0.5365538146981739,-0.41326922235211616,0.06250405311584473,4,1202,773.0267256123535,276.0,220.19999999999743,28,11,17,5
640.2992462604935,130.5627882324695,2.7683307901477623e-06,-0.09796755953590974,-0.06362249856597213,0.0625002384185791,14,1704,1452.4931038544537,367.0,333.0,39,20,30,14
740.55005653209,151.23040704144782,2.6971124256978163e-06,0.004877402954313159,0.027832699563407837,0.046875,12,2085,1523.4012069932987,439.0,324.84446106766814,40,19,31,16
893.604276513243,182.14291938140784,2.8025752028086553e-06,-0.2680570252533587,-0.22722719097931976,0.08824992179870605,13,2200,1435.0025302487647,456.0,318.0,36,19,33,13
1046.9055678568257,213.20020635109097,4.74726729593872e-06,0.05454732763147052,0.09661628926390065,0.06785845756530762,9,2939,1888.5770835701082,640.0,405.40272769099215,34,19,29,15
1176.2334594604924,241.12934362712517,2.779999247204621e-06,2.9921811811939314e-05,0.03973296274714955,0.0624997615814209,9,3298,1892.903190343998,702.0,405.99697504737924,38,19,34,15
1250.498707688817,250.0099924816803,2.74985058510758e-06,0.485270868260942,0.5188206181447313,0.06249594688415527,6,4986,3504.6945829395636,1058.0,758.5055588529885,31,20,23,16
1419.6006978169778,291.8827112760722,2.2604993878701254e-06,0.37740321546059363,0.40190698005422665,0.062496185302734375,7,5332,3142.3641180650584,1144.0,677.4644788275377,34,20,29,16
1727.344457530939,358.4675708315847,2.2513991741202456e-06,0.4927317116398032,0.518323449735669,0.046874046325683594,6,6980,4311.947636513492,1564.0,934.0818458138688,29,20,27,16
2051.288478189154,437.4978928955281,9.53775936485099e-06,0.6178546010304673,0.6221606949169287,0.048188209533691406,6,10465,5336.74028587447,2398.0,1155.9518783133426,28,21,23,17
2650.0301359400873,563.8744826689959,4.562609824223401e-06,0.5946136671048132,0.6084007103890974,0.0468754768371582,5,12686,6169.724428901451,2884.0,1340.023465358221,26,21,22,17
2652.004200393675,587.3134388371105,2.0793221604184106e-06,0.6488087712154569,0.6491378554382627,0.031250715255737305,5,13567,6922.883672398344,3161.0,1507.1792485955739,25,21,21,18
3226.0217134829013,725.187932834792,2.3123090628972924e-06,0.6136934301052426,0.6143040169261946,0.03125143051147461,6,15541,7396.560972343701,3663.0,1612.8625704304686,25,22,21,18
3135.618515105295,738.2845773047004,1.9638162400804785e-06,0.7486128621202581,0.7332061477366074,0.03124833106994629,5,18965,10410.94489174912,4556.0,2306.625035855335,22,20,18,17
4489.321438932459,1157.1180781995488,2.5217190795524266e-06,0.7144664049952673,0.6681534477357906,0.031249523162841797,5,25578,13518.151319648261,6697.0,3031.8094430350684,20,21,16,17
6396.1960079966475,1618.4697303969797,3.590299849998765e-06,0.4824464725428157,0.4331654938074563,0.015623092651367188,4,28185,10369.389412044238,7449.0,2268.4525806546344,17,20,14,17
5608.891402600473,1643.0093858526934,4.256289548839336e-06,0.7104555760909879,0.6166533983767312,0.015671968460083008,4,33229,17445.50570487814,9556.0,3963.32971221144,14,16,11,13
32.70015006207357,7.1454294060680015,2.322386159705859e-06,0.8159338002894432,0.8657520527730004,0.015630722045898438,4,228,227.34033928956575,92.0,92.0,6,6,5,4
17.750416066847997,3.9804810179301957,2.387816988061941e-06,0.9622653461052033,0.963280910427636,0.031249523162841797,4,278,248.15165785938925,88.0,88.0,9,6,5,4
21.953693165751123,6.702186330443491,1.4008255043847672e-06,0.9702204705345733,0.9537587331840006,0.026000022888183594,4,384,330.58806718799866,120.0,111.0,9,7,6,4
8.582007267935673,3.371029986678207,3.3321010350971427e-06,0.9864442913470365,0.9595896549510391,0.019761323928833008,4,237,222.61876198966394,76.0,65.0,9,7,4,4
23.635108656392365,5.735720236430678,5.582333647616781e-06,0.9639703111520526,0.9545314871094015,0.046880483627319336,4,455,412.6400491426022,145.0,133.0,9,7,7,4
56.552233133810205,15.25712614326137,4.028223275424666e-06,0.9137190099492783,0.8870798936707877,0.03132200241088867,4,574,489.1693659273466,171.0,164.70000000000084,9,7,7,5
29.360067664982555,7.4393886195067624,7.3566279614404776e-06,0.957315676117107,0.947494622539091,0.06249880790710449,4,484,481.8640353295156,160.0,160.0,10,8,5,4
20.176879817903117,6.034184539683773,1.5312417672162977e-06,0.9841014787899574,0.972059219918404,0.031248092651367188,4,497,472.8070450209508,134.0,139.1999999999968,12,10,6,5
46.13217156016289,9.957131939674591,2.09632166631375e-06,0.9078046416720024,0.914293822262392,0.031250953674316406,4,458,433.93123162268705,137.0,139.4999999999966,9,8,6,5
52.96368759951542,12.169702356232657,1.800005626638932e-06,0.8814564847144498,0.87799855974575,0.03125333786010742,4,476,423.37340785242804,151.0,151.0,11,7,5,4
53.977640453022,11.621212863980219,3.428638679492617e-06,0.8941123074458628,0.896741144596864,0.0468747615814209,4,528,507.3553848740754,145.0,135.60000000000173,17,12,6,5
228.14508967016124,46.36097460380227,2.992978002945753e-06,0.6788386491892107,0.6316555302564937,0.04687309265136719,13,1268,1262.0,321.0,278.0,20,13,7,13
397.6943059204177,79.9454255692247,2.6829066176475384e-06,0.16120264892705627,0.24893757356448765,0.0781252384185791,4,1238,1000.7524569225687,275.0,251.10000000000014,20,14,8,5
497.87593131166824,99.9564344773977,2.5086692422051533e-06,0.22003626112134766,0.23302650644987077,0.046878814697265625,11,1508,1397.3394663911909,333.0,321.0,29,16,11,11
1331.558596859092,271.0819317542857,2.8553852713176995e-06,0.02052343760628972,0.061755576458162764,0.06248664855957031,9,3843,1983.5959315615605,838.0,425.2797638767572,37,19,30,15
1939.5347047919852,401.73640303931217,3.1082051994357617e-06,0.361378696135335,0.3870106566292987,0.07812070846557617,7,7081,3474.77822375907,1578.0,748.5132686511706,31,21,28,17
1990.2313991342396,413.84510328963705,7.509425707648804e-06,0.4046727957125137,0.4286988619895383,0.05278897285461426,7,7706,3724.309382040678,1742.0,802.8002924949583,29,21,26,17
2321.415363485221,485.18482390099615,4.715352297346988e-06,0.3472102343449388,0.36927294604894445,0.036783456802368164,6,8709,3645.6679319213795,1882.0,783.8176915988838,32,21,26,17
2045.6877223867714,432.3411329879259,2.060666567961339e-06,0.6676849622791432,0.6860542782371695,0.04791545867919922,5,10408,6354.257518484767,2308.0,1388.377256236672,26,20,21,16
2572.4918167269466,553.8592327891758,4.38638802302276e-06,0.5194442621817474,0.5294408509519187,0.04688882827758789,6,11352,5067.519693919684,2542.0,1094.7093945717106,27,21,21,17
3221.3640794215876,696.7195091812813,2.2189161750201682e-06,0.3885760697184981,0.4157162606155037,0.03126049041748047,6,12093,4976.016994307094,2718.0,1073.9637771322537,28,22,23,18
4286.178511127282,952.414373966956,2.5304803988305315e-06,0.36554962157548365,0.3824728157790136,0.031248092651367188,4,16135,5350.682056892017,3803.0,1151.557048193733,22,20,19,16
3253.271909192202,760.3702696465522,3.1597359883558793e-06,0.7203542718113088,0.7096351336438553,0.03125286102294922,5,18355,9891.721031477033,4421.0,2186.769047174741,22,21,18,17
5184.848776942564,1180.22530241169,2.753265049360022e-06,0.33679019111986397,0.3447056455869123,0.015627384185791016,4,19613,5743.808915642404,4765.0,1234.4951786993079,21,20,17,16
5362.2367816234755,1261.985388032859,2.9368877792006723e-06,0.46792601957719937,0.4559509279063073,0.06111884117126465,4,22389,8111.1455713715095,5553.0,1761.558915803942,20,20,16,16
5406.809205275456,1307.9420495181628,3.0038023656876603e-06,0.4945462946046637,0.4702593131097236,0.03794360160827637,4,23040,8765.548437309662,5859.0,1909.3625462778873,19,20,16,16
3948.093420291928,1012.1213324730543,2.273072736402811e-06,0.7406452643421924,0.69695737595333,0.046942949295043945,5,24048,12833.182639622126,6156.0,2869.5592917542435,20,20,17,17
5594.828845202891,1389.7465424207735,3.195681657567098e-06,0.5160858691054858,0.4757899467178429,0.06248903274536133,4,25210,9479.45599692838,6555.0,2071.5935410181482,18,20,15,16
6009.035827688896,1623.7840288589775,3.969379079222426e-06,0.5967483103668495,0.5163629468533666,0.04687356948852539,4,30719,13494.72834109507,8473.0,3004.54052220182,16,19,13,15
28.57497692737094,5.4064260862345765,2.5810388888786666e-06,0.9106169561902732,0.9330062948293752,0.0312502384185791,4,288,253.85030359836318,84.0,84.0,10,6,5,4
17.543631429687075,5.543174449618627,1.8556630875577694e-06,0.9781103348750871,0.9593278289830747,0.06250452995300293,4,372,383.10617725811255,126.0,118.0,10,9,4,4
36.551013150462836,10.22481767273655,1.7075088055727387e-06,0.956341885813668,0.9389033064938517,0.031248092651367188,4,530,476.2823230884652,146.0,154.5000000000034,11,8,7,5
64.80616880622874,13.412414372865735,3.884557346562514e-06,0.7409198060334428,0.7652537806692447,0.07736873626708984,4,432,366.9935346821446,130.0,130.0,11,7,5,4
84.8777401033199,16.765443378762722,5.466106796285917e-06,0.8358334048113581,0.8686074889416884,0.04687047004699707,4,728,644.3461696694364,216.0,216.0,10,9,5,4
98.72713493706095,21.57792479528685,4.093530806470981e-06,0.7507784806346434,0.757566535312478,0.05221223831176758,4,611,532.1340855574036,176.0,165.59999999999826,12,9,7,5
175.51230418031508,35.705063925099516,3.0934267207413307e-06,0.544784690316233,0.5747732535179617,0.04687166213989258,4,809,659.7885043450406,219.0,198.29999999999905,13,9,8,5
897.1749117026028,183.0669684549901,2.748597700767543e-06,-0.0953093772546485,-0.052809131546744714,0.0625,11,2382,1593.9705071655376,501.0,341.1499408774671,35,19,31,15
1023.4712991819483,210.70803510130222,2.948317842223008e-06,0.10373451134755396,0.13005189248924487,0.04687094688415527,10,2968,1900.4953444071234,635.0,408.73695061878334,33,19,33,15
1173.686576004214,238.87537889029193,2.956282237865397e-06,-0.05365026515910443,-0.006398462267456884,0.06249713897705078,11,3156,1781.8054676616136,692.0,383.36112695489896,38,19,34,15
1675.937511569004,346.8942020654691,2.400209691807673e-06,0.30409191498844546,0.3343208212503166,0.06250309944152832,7,5762,3027.388405906847,1220.0,652.0800879998706,33,20,27,16
1815.8907695602802,373.8990038307548,3.148987053074934e-06,0.425712490084739,0.4581893725151547,0.06383728981018066,7,6817,3802.9420449094237,1545.0,821.6737546818704,29,20,26,16
1982.7002146779885,410.5868753103849,2.381698180632869e-06,0.3867763527567357,0.4147083171461079,0.031249284744262695,6,7251,3702.0029809946436,1595.0,798.5509848574648,30,20,26,16
1853.6264874016827,389.7430666796762,2.3145111577862026e-06,0.5478340352696169,0.5710932228976917,0.04687833786010742,6,7944,4679.211074625821,1744.0,1015.1112393708122,28,20,26,16
2225.5547050768455,472.5374443850379,3.6923081260791457e-06,0.4598560419220816,0.4754335885680797,0.04687070846557617,6,8971,4328.119447458916,2031.0,934.8194519252106,29,21,25,17
2487.1636210682277,542.6106486542935,2.1085540177777367e-06,0.6674732734685576,0.6749083667568382,0.031247377395629883,5,12888,7072.4098040307335,2939.0,1546.364358954247,24,20,23,16
2453.051880453014,538.6572246112983,5.414108652566869e-06,0.675670166459102,0.67494634078644,0.03125,5,13467,6930.174648531696,3047.0,1512.0713234700606,25,20,21,17
2838.4103287478515,637.0178026473355,1.9804832414036104e-06,0.6611700786542147,0.6590130681665783,0.03434944152832031,5,14701,7489.833347745636,3482.0,1637.5722764070733,24,21,20,17
2971.1682417313255,660.2229985406132,2.3860889477348406e-06,0.6767076716536695,0.6818659996153487,0.020194530487060547,5,15607,8217.344823742813,3608.0,1803.570049585086,24,21,21,17
3039.8289358557554,699.814430735832,2.097749561810196e-06,0.7196276858692248,0.7152485592938675,0.03125572204589844,5,17021,9374.781524778547,4092.0,2066.9777773130227,22,20,20,17
2786.491996469741,649.3337582246769,1.781872580935052e-06,0.768658642847467,0.7541408492611628,0.04160881042480469,5,17888,10061.603879970244,4290.0,2225.2427390473767,22,20,19,17
4691.629259557005,1070.1600944676163,3.0388759257245148e-06,0.4091797685489579,0.40707919487946176,0.031248092651367188,4,18767,6105.067126010843,4530.0,1315.4388049799445,21,20,17,16
3763.304268793245,900.8345681749167,2.1825792242266746e-06,0.6882610737995959,0.6671229207218331,0.03124690055847168,5,20331,10240.606300166377,4976.0,2259.958737611433,22,21,18,17
5504.559254933023,1291.5775721426453,3.278851523579143e-06,0.37032736646457964,0.36167532973950045,0.03153181076049805,4,21587,6444.986909696132,5427.0,1388.4194219924102,19,20,16,16
6157.090128477648,1557.7857545877255,3.6136408057308036e-06,0.5117067459957967,0.46363839557980524,0.031247854232788086,4,27641,10503.684634225148,7177.0,2300.9894812459897,17,19,14,16
6114.593356351853,1608.0790336790683,5.0846240428846905e-06,0.556226557150674,0.4961718995559764,0.031247854232788086,4,28478,11854.055418320266,7739.0,2618.75827161656,16,19,13,15
5911.48086875979,1602.2809105402027,3.797202784241783e-06,0.6260280780035002,0.5556109376024033,0.02574324607849121,4,29818,14324.255630030266,8259.0,3213.537836427182,16,19,13,15
6175.412136875451,1731.6421198968596,4.354329765142106e-06,0.6535935935135091,0.571781755573243,0.11397743225097656,4,32535,16196.533246909647,9181.0,3656.242855895369,14,17,11,13
22.22237723222346,6.068915278265866,2.6200002213279167e-06,0.9086035225628568,0.8927881644979438,0.01900172233581543,4,222,200.69220759570646,70.0,69.0,9,6,4,4
20.465021867384078,5.254178711037002,2.2108381425454445e-06,0.8919959047895494,0.8764343396342275,0.012180328369140625,4,192,171.33698439223826,68.0,51.0,8,6,4,4
39.57447812058091,8.650920160875522,2.5795120489694937e-06,0.8431239079637662,0.8661682824686926,0.0156252384185791,4,288,272.7977068339906,98.0,89.10000000000014,11,6,4,5
40.03097645328208,9.813085026063465,2.7430287452098294e-06,0.8993443806342181,0.8696985629001879,0.03126358985900879,4,404,370.5474544978955,124.0,115.50000000000153,10,6,4,5
43.38956493417061,8.962000450351615,2.9297070819613475e-06,0.8814550781961106,0.9000168641700248,0.031252145767211914,4,375,343.0923787040852,134.0,134.0,11,6,5,4
19.509354743845687,5.23698724780354,1.945724613166597e-06,0.9732335248765343,0.961141778720303,0.03150606155395508,4,386,336.06230993802245,108.0,108.0,10,8,5,4
75.64955316653237,16.21440949131989,2.6785118702736e-06,0.5943350390896607,0.6185308739286262,0.04199528694152832,4,384,324.0288007521627,117.0,107.0,12,7,4,4
64.96673949139573,12.262328206219646,3.2019291518520175e-06,0.8794343227259698,0.9070743681116193,0.04689621925354004,4,604,593.0010820089341,164.0,156.59999999999968,12,12,6,5
141.00990868037303,28.92941629141295,2.9310838343911596e-06,0.667083794562413,0.69975163678905,0.04694223403930664,4,786,664.2392844905366,205.0,189.30000000000314,17,11,7,5
298.4391997288727,60.562059314873636,2.938250792465434e-06,0.36360233626297567,0.4104336075865479,0.046880483627319336,4,1164,852.725896761242,254.0,244.0,16,11,9,4
337.8046776140705,67.5836692880624,2.7543660568368897e-06,0.25657945678878524,0.32965300736977654,0.046872615814208984,4,1171,852.4866950441514,269.0,233.70000000000255,16,13,8,5
456.0537839579548,89.74398182425514,2.969666721831843e-06,-0.5065235015841423,-0.32570658679128695,0.04687333106994629,4,1082,723.6243523987758,245.0,225.8999999999985,19,9,12,5
591.0541405132398,120.38793771958062,2.624432314433221e-06,0.03966259283852658,0.06075214702211118,0.048125267028808594,16,1631,1359.088997714938,359.0,297.0,34,20,27,16
1149.0919438405435,233.44089189406674,3.332318789347203e-06,0.22484304778192465,0.2582794473910621,0.06257462501525879,8,3610,2268.4035994252445,769.0,488.442619667964,36,18,27,14
1470.276896480565,301.82953558612894,3.2829403129529337e-06,0.03609852894619525,0.0670085383142518,0.04687762260437012,10,4368,1994.109344073299,910.0,427.54021831413866,39,20,39,16
1411.7288309097776,293.53255203587054,2.5502957361549373e-06,0.45155106994632,0.4721677378358604,0.031252384185791016,6,5489,3476.672476957511,1201.0,751.9304223905897,31,19,28,15
1885.8277778890042,390.78978993080796,2.9123634576787357e-06,0.20408036939879726,0.23094793511680456,0.046878814697265625,8,6305,2584.968750957475,1371.0,554.5713486133584,34,20,30,16
1802.9228348655624,381.9385068570017,3.583508942070703e-06,0.6316738518655414,0.6416013355920304,0.03125143051147461,6,9002,5206.007216583069,2019.0,1132.1214184881756,28,20,24,16
2684.5556027725306,589.4988968957899,5.843712607650962e-06,0.5792121036137807,0.581163764751317,0.031248807907104492,6,12581,5904.673614686452,2890.0,1282.294335706396,27,22,23,18
2507.851972034568,556.6566768401233,1.1014526736254503e-05,0.7528727330238079,0.7561570852766307,0.015624046325683594,5,15054,8925.453233054857,3557.0,1970.9615854553522,23,20,19,16
4919.557191040836,1125.612268239146,2.835063790713071e-06,0.4026461549511553,0.40282937183567535,0.01562190055847168,4,19437,6344.117296405906,4688.0,1369.30972597435,20,20,17,16
5437.049298150278,1323.647441521933,3.6296440920739293e-06,0.5018678222441837,0.47083999365939533,0.027735471725463867,4,23935,8898.762411933905,6082.0,1940.2955898379332,19,20,16,16
5792.948260980834,1422.228739250065,3.191603823139483e-06,0.47600287072633485,0.4428365022795997,0.02499699592590332,4,24784,9031.184764761534,6342.0,1970.910254168094,18,21,16,17
5513.346272015232,1386.0745156964538,3.1521948726645983e-06,0.5309354697052491,0.4826088604458113,0.01562643051147461,4,25187,9879.83766550183,6515.0,2165.109485937518,18,21,15,17
6257.907545967963,1631.752558225492,3.7650455851250174e-06,0.5340288039136287,0.4750938840973977,0.01562643051147461,4,28917,11427.557374902934,7715.0,2517.1703312749523,16,19,13,15
6064.667825350585,1785.0738325985926,4.704850985789715e-06,0.6841277116473039,0.5889027784625447,0.01569199562072754,4,34302,16920.61278575758,10173.0,3822.9092892576973,13,15,10,12
13.557449624282976,3.784696839662429,1.95243217338781e-06,0.9621333713297315,0.9500637443659864,0.015625715255737305,4,216,220.9700834790823,79.0,71.0,7,6,4,4
8.353360145519956,3.2201617700594514,3.4074221189108007e-06,0.992093515998611,0.9812281437250105,0.031246185302734375,4,288,293.12755654705387,107.0,96.29999999999842,9,7,6,5
38.15545472062859,9.6240809096281,2.8242696827691696e-06,0.8917343840496524,0.8755917227309798,0.031244993209838867,4,357,318.50963802516526,112.0,102.00000000000068,9,7,4,5
98.96209717120121,20.78942812126622,2.9769138593649643e-06,0.7578158467147692,0.7899746740737132,0.03129768371582031,4,591,515.4339940478693,170.0,170.0,12,8,5,4
78.53642790378791,14.737830682852778,2.078626052685554e-06,0.8287759250492682,0.8722721048985724,0.031246423721313477,4,573,512.5183577814673,163.0,160.20000000000294,12,8,6,5
73.52693393052768,15.232142193728473,2.3986655493296016e-06,0.7167101869833659,0.7481636349911175,0.046370744705200195,4,465,382.8474307354383,132.0,132.0,10,7,5,4
96.30870837153049,21.355624928916644,5.119215555889065e-06,0.7824137857781592,0.7805551822599839,0.039721012115478516,4,698,586.9907413065717,212.0,212.0,12,8,5,4
94.40892162525009,19.9147412279426,3.193833326151537e-06,0.7541247898038312,0.7682389965476567,0.04687023162841797,4,639,540.027926548519,163.0,159.0,16,10,7,4
178.1971534637463,37.00848855746609,3.0803896766745546e-06,0.3320209763695393,0.407735676240345,0.062499284744262695,4,706,591.9908789345518,179.0,179.0,14,11,5,4
250.13769126735684,49.73897914472913,2.895459641545492e-06,0.06969471113971204,0.17900568143913276,0.06250143051147461,4,833,659.0999527532304,188.0,174.60000000000042,17,13,7,5
288.41943399009045,57.89224026073302,2.68258606126819e-06,-0.5775965361236495,-0.40585361215178084,0.06250309944152832,4,687,513.8888841014649,157.0,143.0,17,11,17,4
402.70855179837275,81.29011373071378,2.958772844015039e-06,-0.21493965267973625,-0.09517769840152712,0.06392216682434082,4,1068,755.3880068332828,241.0,203.70000000000095,25,12,22,5
390.3233265854402,77.71843996047907,2.762918333710109e-06,0.31560464183550574,0.3005065086394203,0.0489349365234375,14,1369,1291.87064890637,305.0,287.0,25,17,19,14
724.1628437596985,146.92743541782215,2.8450428573714174e-06,0.11295394044567442,0.12974981570649102,0.038434505462646484,11,2067,1604.3814044416781,478.0,344.26462617004336,31,17,31,14
1025.3270549223203,207.58635596532466,5.278407355617248e-06,0.1556277797313087,0.1908828723178586,0.05214262008666992,10,2988,1984.8153132255707,630.0,427.7394383249848,39,19,31,15
1171.6529827922056,237.98649905040816,3.5822390170186603e-06,0.18039188468757839,0.21150401935429164,0.04686927795410156,8,3679,2087.408109042175,754.0,449.4583522940418,35,18,32,14
1299.653992835403,261.00524323945746,2.368357840628873e-06,-0.03965522817592282,0.020665733772730732,0.04687786102294922,10,3548,1886.738023989602,783.0,405.7370916395939,37,19,35,15
1287.877775046783,260.3265879976955,3.3101966204321673e-06,0.26357819918314807,0.30146446528443094,0.046874046325683594,7,4207,2503.6081912964983,886.0,539.6579980944093,34,19,28,15
1462.070871988861,300.35386753524597,2.3916837015832427e-06,0.2593625335013715,0.30428489670697056,0.04691791534423828,7,4716,2789.9645930888373,1038.0,602.0017974036109,30,19,27,15
1506.5148086344464,311.3271238786615,2.5888961638857157e-06,0.5324163607800834,0.5530631840482894,0.0312502384185791,6,6409,3958.1659188902245,1380.0,858.5223564169751,30,20,24,16
1819.3627450307083,372.678148782237,2.743728505352228e-06,0.5098432710010325,0.5408969715248491,0.031246185302734375,6,7530,4308.075203567716,1679.0,934.4711732970304,28,20,24,16
2180.1939480460273,454.6515085651295,7.596657765528717e-06,0.49466124759129926,0.5163125814434344,0.04687142372131348,6,9239,4473.938892766015,2030.0,967.8870394881569,29,20,25,16
2294.3213442862116,495.40270749203177,2.6144092725297895e-06,0.5783040780609819,0.5922129298513825,0.04687952995300293,6,10414,5521.058869485035,2352.0,1201.0486627216933,27,21,23,17
2469.1412203222785,532.7094668301552,2.3393762791863058e-06,0.544774222321509,0.5595818974452657,0.031249523162841797,6,10787,5430.243111203306,2496.0,1178.8760398584923,27,21,23,17
3745.1730015236503,809.2800656978054,3.9857506084625795e-06,0.28585297094319595,0.3123166945869128,0.031249284744262695,4,13338,4108.69815785361,3069.0,881.2729340046094,24,19,20,15
4598.48881455258,1038.7331622720721,2.8403028983154027e-06,0.35936091171139395,0.37763714442490637,0.031250953674316406,4,17160,5772.980522170938,4122.0,1245.3698344471522,22,20,19,16
4523.238179100617,1066.312662903431,2.7084460686154516e-06,0.4963264300430168,0.47949473516111785,0.062499046325683594,4,19542,7246.294571412039,4867.0,1572.9601483434626,20,20,16,16
5262.148673544903,1333.3609400313921,3.2476807265812827e-06,0.5885698371393024,0.5376895934364601,0.05189228057861328,4,26119,10908.495860434616,6822.0,2402.515593033355,17,19,14,16
5792.253769655429,1554.3124113133981,3.687388511349516e-06,0.6106250605881152,0.5400147540573583,0.025107383728027344,4,29326,13161.161091485224,7979.0,2929.1610183943794,16,18,13,15
6093.79892038313,1679.3733828226498,3.9777433063856365e-06,0.6062876200496137,0.5270081633140649,0.01567697525024414,4,30416,13896.889016204575,8424.0,3104.316313557043,15,18,12,15
5677.910917171755,1652.552453046464,4.253354936873524e-06,0.7085814199053042,0.6182659406488575,0.02293848991394043,4,32988,17665.03824132584,9290.0,4042.530456071221,14,16,11,13
6512.221726061754,1885.0630953531079,5.0240077809882185e-06,0.6223082518832255,0.5219136197972964,0.0312504768371582,4,34248,15916.977758542918,10051.0,3583.263576198384,14,17,11,13
12.729872034543904,3.9663322994905816,1.0323671335647022e-05,0.9763921323389803,0.9569698225746045,0.03125476837158203,4,297,255.08254349493765,91.0,84.60000000000153,9,7,6,5
24.896407218160014,6.586189785166807,2.2517352419913947e-06,0.9415286350697362,0.9286475110752943,0.015625715255737305,4,310,284.45868296886835,96.0,87.60000000000014,8,6,4,5
9.703155251973175,4.678075654530794,3.897808688359632e-06,0.9881277275802266,0.9524833062155689,0.031249046325683594,4,286,253.2644357952409,90.0,79.80000000000092,8,7,3,5
46.095144445026186,9.931292690615905,2.1771338306731248e-06,0.8533675521693753,0.8642567469017842,0.031240463256835938,4,373,317.30414586344034,107.0,98.09999999999832,10,6,4,5
18.464678622747588,4.3097140314312306,1.8500402862729323e-06,0.9680365169155131,0.9640220002418127,0.03124856948852539,4,313,282.143685674213,96.0,96.0,10,8,5,4
43.86888471298515,9.23125795295575,4.1162647943726274e-06,0.9052083864451428,0.9177630540049617,0.06509280204772949,4,469,464.44598380006033,152.0,152.0,9,8,5,4
97.49105398807792,19.208964139678805,3.951600840815235e-06,0.8449664777864156,0.8683587698567297,0.06250143051147461,4,759,688.9904005742949,227.0,227.0,13,10,5,4
228.48273004299742,46.35939055748983,3.0187718082054864e-06,0.40809320428002516,0.4597903131052411,0.06255745887756348,4,908,670.400940381872,247.0,244.0,15,8,7,4
618.1357405168175,124.51769946269371,3.095268630815886e-06,-0.012735704978097395,-2.6095002223502917e-05,0.06250286102294922,16,1634,1334.7972765921465,359.0,288.6000000000025,36,20,28,17
737.6060765087869,151.27172669571786,2.8427295325244657e-06,0.06275770607948061,0.10286171688426915,0.06250333786010742,9,2095,1636.1674972104995,455.0,352.6609693736848,36,17,25,13
1197.469126974072,245.1514607494171,3.770457786409528e-06,0.30275179554006415,0.32772443038758636,0.04686570167541504,7,4108,2467.5002707604376,860.0,532.3586162189672,33,19,27,15
1460.6486601754214,298.55673490993655,9.411971296513055e-06,0.22124747903624353,0.2556864016649879,0.05627012252807617,9,4833,2449.1257846970825,1017.0,527.1352754610166,35,20,27,16
1562.959800521373,326.20430369697226,4.814488623231203e-06,0.20674201577203855,0.23187750678274477,0.03316664695739746,8,5013,2460.850204837967,1100.0,529.0237667313079,31,19,27,15
1824.6177499628031,374.06340364186417,2.526802885687819e-06,0.08449272801210383,0.130825324988318,0.04161500930786133,9,5424,2358.9286134032814,1172.0,506.3035588515572,35,20,29,16
1522.5911746422382,314.84185222434803,2.4406855170077364e-06,0.5545979093208384,0.5742459934880864,0.04687333106994629,6,6664,4288.37514247853,1457.0,932.5495373391022,29,20,25,16
2614.6346674133156,546.4562724187531,2.064427745043772e-06,0.2649502377218814,0.30203694883265686,0.0468754768371582,8,9034,3337.8447718511684,1990.0,716.9446124447513,32,22,26,18
2310.3046152834745,492.26851579380264,4.97742438083733e-06,0.5646224775950688,0.5763355505391403,0.04687309265136719,5,10642,5232.991381815047,2413.0,1135.4560193899142,26,20,23,17
3061.9210138949265,675.9455568261016,2.015422226768313e-06,0.5864773095591809,0.5928298642953858,0.0468754768371582,5,14324,6628.607851934927,3347.0,1443.8086130036554,25,21,21,17
4269.981907332515,939.3371109975405,2.57872591022116e-06,0.30457441885687797,0.3321489384367845,0.031252384185791016,4,15286,4777.236389250167,3582.0,1027.0133828475336,22,19,20,15
5618.785895658211,1440.3984005564428,3.4291214835947688e-06,0.5853872873354966,0.5389403695109316,0.01562666893005371,4,26854,11638.816903057437,7103.0,2575.0546089597556,16,18,14,15
17.73485973623683,5.899520504200398,2.0585301188373726e-06,0.9582366889114593,0.9231796905406846,0.015625715255737305,4,259,237.2670431503507,77.0,78.00000000000011,9,7,8,5
28.24610721718435,6.94435105632086,3.2777637903869737e-06,0.915351750648901,0.9160801816050992,0.03125452995300293,4,294,274.9202874923616,91.0,91.20000000000118,9,6,5,5
58.66480963397482,11.781409808395818,4.288151925281313e-06,0.8354052093150841,0.8555466560080861,0.08974981307983398,4,513,450.3342577834772,146.0,143.0,9,8,4,4
81.73505162874015,17.42666362804176,2.8629938345090056e-06,0.8564460848755,0.8741680762514262,0.04904985427856445,4,693,598.1259167931447,211.0,196.50000000000148,9,8,6,5
151.7825627273491,31.379779268182016,7.445117068073831e-06,0.6222147477068549,0.6382884871111885,0.08635306358337402,4,801,616.4177231428611,204.0,195.6000000000023,15,7,4,5
140.93630744912596,27.835686586259065,3.331547982637189e-06,0.6854882339533053,0.719662079290105,0.05978250503540039,4,806,656.6911486099023,201.0,190.0,16,10,8,4
284.30353093024075,56.117562237932155,3.0549200831814123e-06,-0.01142388114079984,0.10575091692035066,0.05718350410461426,4,840,671.6020840415537,195.0,193.0,24,12,7,4
412.167528090826,82.24794450113855,2.9289125527215503e-06,0.39021942707670043,0.3767871894209338,0.06249809265136719,10,1555,1385.7692864277699,328.0,316.0,24,15,8,10
647.7053789495992,132.1187640597428,2.698836287944594e-06,0.028575805594935777,0.04822308241541595,0.04686570167541504,12,1785,1410.119129529703,377.0,313.0,31,17,30,12
1481.56014874702,302.2900808743779,2.540376876257013e-06,0.1549068142142378,0.20035256867848028,0.04686999320983887,8,4520,2436.205239148115,979.0,524.8444803552281,33,19,29,15
1935.5208086584219,397.0770161059396,2.172445709222273e-06,0.10628664829223688,0.15780039353443198,0.0468754768371582,8,5779,2513.2005926003226,1242.0,539.8485653268649,34,20,29,16
2595.29365457347,545.4953723710663,2.635995999955863e-06,0.5140298883584373,0.5451937234132747,0.045807838439941406,5,10900,5293.017048360939,2417.0,1148.8070698818706,27,20,22,17
2694.1476751370806,605.2647508151026,1.9207311069487494e-06,0.6519588972910182,0.6515349837747669,0.03131914138793945,5,13522,7051.7716905580055,3200.0,1543.8398434564888,23,21,20,17
4758.6212931020345,1102.2295814984159,3.051804251051983e-06,0.3914510721327962,0.3905654637462126,0.031244993209838867,4,18596,6042.6150553320485,4491.0,1303.5557402010245,20,19,17,15
5201.132426591549,1272.7391096487422,3.2170661165608506e-06,0.54079424189781,0.5052263395758949,0.03125429153442383,4,24261,9313.948061268115,6074.0,2037.004402746752,18,19,15,15
5674.981529258338,1624.5683813870319,4.148250355809543e-06,0.680783770295313,0.5878804353727749,0.015622377395629883,4,32386,16220.697074665182,9059.0,3670.9071141430613,14,17,11,13
49.407998243228974,10.735011184958877,3.7027775263625953e-06,0.7821790921265216,0.8349442448592113,0.01562356948852539,4,315,260.8321622726543,91.0,87.60000000000139,9,6,6,5
10.720441266187388,3.4570827761056604,1.5017350363412844e-06,0.9827181703023296,0.9683422696919819,0.01563096046447754,4,243,233.22630081831105,85.0,74.0,7,6,3,4
29.6726837986765,5.587318263065432,1.9356494284574205e-06,0.9099646675761671,0.9302129427124136,0.031247615814208984,4,303,261.8298874028061,91.0,77.39999999999856,9,6,4,5
46.870606468179346,9.5614703011913,5.998788654063044e-06,0.91103724732348,0.923077392588316,0.031247615814208984,4,498,447.2784674087621,155.0,155.0,8,7,5,4
28.944584049625252,6.241244846738517,4.908776260892413e-06,0.9397118686254488,0.9369497425915381,0.04687833786010742,4,383,376.37111487912637,130.0,112.50000000000227,10,7,4,5
48.073485041932095,12.118443865008732,2.7038705320251106e-06,0.891966804568834,0.870627821306702,0.03491330146789551,4,479,415.2289280150917,146.0,130.49999999999898,8,7,7,5
48.15443184484825,9.786237413910841,2.911600911456584e-06,0.918973597542355,0.9272494594715688,0.03199934959411621,4,534,449.92280390132305,145.0,137.09999999999735,10,9,6,5
188.34154226357657,38.28493177033389,2.935533832995891e-06,0.09866298402582452,0.24838101718395422,0.04689502716064453,4,633,535.4243956304107,179.0,153.89999999999645,12,10,10,5
406.0882617120318,81.45871560260032,2.869653118602434e-06,-0.261475161110849,-0.12601184413031508,0.04045867919921875,4,1039,755.2507104216049,232.0,210.0,34,12,24,4
371.35303692512315,74.07750467897338,3.024674041449317e-06,0.24567311759890376,0.17157153416138793,0.04687833786010742,26,1282,1253.0,277.0,274.0,37,26,29,26
633.5818349184422,129.06419115336357,3.091622880411976e-06,-0.021293863080083186,-0.021884160445118983,0.046872854232788086,18,1724,1371.3586928347795,382.0,288.55063169125515,38,23,36,20
744.093549915051,151.1652609474807,3.0427359993623793e-06,-0.016644701852583266,0.027827314829405703,0.04687833786010742,12,2026,1475.4539096675467,434.0,326.3999999999987,35,18,32,13
929.0831874066758,191.17392151796835,3.4537512933898885e-06,0.24745527273870338,0.2688873010642059,0.0468752384185791,8,2989,1964.921509370647,663.0,424.48951204102764,33,17,27,13
962.5745889695792,196.75999070852626,3.1155013076169016e-06,0.29323912942580777,0.32587950086853323,0.046877384185791016,7,3242,2178.87461341021,693.0,470.7656425553496,29,18,27,14
1092.2600542431294,220.49835633881108,4.168344894073286e-06,0.20945405194491507,0.24526088522550393,0.04968738555908203,8,3399,2150.630939832929,707.0,464.1288993514088,33,18,28,14
1746.872627487666,357.32110607038607,3.940485849564821e-06,0.1658882092487559,0.20927586042772928,0.031248092651367188,7,5559,2520.430353255394,1215.0,542.1226272059221,33,19,27,15
1880.5349620240836,386.9036458431661,4.618556037385308e-06,0.26713175227304975,0.3003178949913766,0.03125190734863281,8,6494,2847.4450785861027,1444.0,612.6595332558663,31,21,29,17
1893.0824511390585,391.24013506119223,2.007751985833735e-06,0.4397380778991776,0.46993814394036737,0.03125143051147461,6,7405,3821.5351716483847,1604.0,827.0500406653955,29,20,26,16
2484.7655389752763,527.5151725997933,2.3374740985932364e-06,0.3905204868621214,0.4070500682204201,0.04687786102294922,6,9568,3969.8976995879916,2156.0,856.2852195589371,28,21,25,17
2149.809232090411,459.33925463741906,1.4306873932687756e-05,0.6450156998785491,0.65929561632861,0.03125262260437012,5,10737,6086.00153987148,2366.0,1330.6798566260586,26,20,24,16
2796.7611305296136,599.6159128545,2.0227000493648063e-06,0.43810200534247357,0.46797683953217517,0.03125166893005371,6,10980,4945.031641395317,2446.0,1071.138783265625,28,21,24,17
3090.3918039080827,686.9660423981071,2.172543682931206e-06,0.5956001001984748,0.5992085897261892,0.07062840461730957,5,14621,6830.792173834478,3415.0,1490.5179323652683,24,21,21,17
3303.1877680748257,773.0958669453144,2.05625605266451e-06,0.6762611727368671,0.6602517087293138,0.030951261520385742,5,17905,8725.42394844602,4292.0,1918.5877851850373,22,21,19,17
5454.854142401287,1337.5149576712558,4.784514351755728e-06,0.5112581185810521,0.48084192117566227,0.016783952713012695,4,24072,9199.857434352316,6138.0,2012.661632444525,18,19,14,16
5554.362053985845,1466.5279756791342,3.6979648419805663e-06,0.6070992688230535,0.5433421327499809,0.03751230239868164,4,27889,12123.35600864685,7646.0,2686.71186113528,16,18,13,14
5603.710523746995,1519.9388936201717,4.3463216898743705e-06,0.6352306675574124,0.5627066010064292,0.0468752384185791,4,28974,13780.654224659473,8038.0,3088.1775724220242,16,18,13,15
6084.668081031256,1667.4898560486824,4.1179126396220625e-06,0.6140735079411269,0.5428005473821644,0.03125,4,29856,14160.736826698938,8201.0,3171.8875703632402,15,18,12,14
6505.591768872241,1833.6793965200402,4.7537976479720725e-06,0.6075755314013613,0.5249109787538132,0.031250715255737305,4,32517,14538.291936712172,9323.0,3256.512635053099,14,16,11,13
8.766818753239225,4.452517446822368,2.208663068277803e-06,0.9866178602556924,0.9446080593740181,0.03128767013549805,4,217,210.88304693491614,80.0,67.79999999999848,8,7,6,5
34.63782786175935,9.913848498369816,3.5543432463802843e-06,0.848347833598903,0.8047282291157724,0.031247615814208984,4,265,243.41837472519035,88.0,82.80000000000132,9,6,6,5
32.604890075539515,8.050752392865878,1.922875991773275e-06,0.8912088110914143,0.8768445696525266,0.0312502384185791,4,307,283.54282390905496,97.0,92.0,11,6,3,4
46.870363921711636,11.391288831313487,1.923022471462036e-06,0.8759168312918133,0.874724599101088,0.01562643051147461,4,403,346.7350063619199,125.0,125.0,10,7,5,4
23.162990674611834,5.477859317881632,1.8279547912301386e-06,0.9621990146396291,0.9578606918344339,0.015624046325683594,4,361,320.9498527472467,100.0,102.29999999999939,10,9,7,5
31.547771780520463,6.490653778520291,3.024185516042048e-06,0.9461258361021689,0.9534223852014465,0.0312504768371582,4,481,447.8416896977601,137.0,137.40000000000163,10,9,5,5
29.11316791226412,6.3994291742169205,3.319802078901178e-06,0.955740382591809,0.9592202959005595,0.031248807907104492,4,476,464.9801462286474,146.0,146.0,10,10,5,4
84.67330607612406,16.66592479006873,5.581685590079957e-06,0.7801120247049591,0.8089350959765438,0.0469205379486084,4,595,500.05110617542715,143.0,140.0999999999966,11,10,4,5
114.64009348734109,21.802674251122784,2.5193277630483522e-06,0.6660313509459399,0.7185224380120989,0.04687929153442383,4,614,542.5663088522515,157.0,162.59999999999707,12,9,6,5
184.83063412450088,37.343215894458794,2.9343231453127246e-06,0.5665602408136905,0.612944922907053,0.06250190734863281,4,893,704.7085788802784,238.0,236.0,15,7,7,4
192.7212368012304,39.42051601196885,3.920781715897643e-06,0.5632933508304291,0.6068833490069898,0.054940223693847656,4,926,733.4626459801871,239.0,233.39999999999964,15,8,7,5
378.4129336828495,77.207222221083,3.178438172924488e-06,-0.15503144301995264,-0.03649202648910688,0.038823843002319336,4,1088,745.5587057915454,247.0,223.0,16,9,6,4
476.8412455111934,96.26904575347123,2.91983296810331e-06,-0.5109597432962767,-0.3951883238707614,0.046877384185791016,4,1149,798.6270090329726,249.0,185.0,29,14,28,4
864.4017100004179,178.5334631445309,3.422094725404417e-06,0.3638997471175417,0.3870750256024905,0.04693865776062012,7,3024,2248.2766928589367,667.0,486.7430500760031,31,17,26,13
1137.9435307830765,236.15149952088618,3.3007499243265844e-06,0.1188267984021486,0.14156146912276624,0.046874046325683594,9,3414,1944.6740264342943,745.0,418.8406387931002,35,19,30,15
1261.7059369845133,256.936126375375,3.1399988335215037e-06,0.5057601085807417,0.5375980126248472,0.04692435264587402,6,5207,3440.7275946291365,1127.0,747.134775196073,28,19,26,15
1916.411382898988,398.32150660419995,2.2425484976432514e-06,0.38201977121762354,0.41795210083760226,0.046842336654663086,6,6997,3699.551653169068,1511.0,800.8438272079102,31,20,25,16
2114.275859828697,441.9308353372983,7.978934763413513e-06,0.3633000431807226,0.38689236826857853,0.049086809158325195,7,7843,3532.5628481880776,1737.0,762.126056230999,31,21,27,17
2014.454837342477,423.20323722024546,2.113807892330996e-06,0.6073936680783263,0.6299600225553368,0.04556393623352051,5,9420,5370.061762454141,2070.0,1171.4055456626265,27,20,21,16
2642.909605931135,585.0507778578805,2.0974616178598653e-06,0.603006972909033,0.6107412867419381,0.031249523162841797,5,12501,6296.495977882147,2883.0,1372.769471611301,25,20,21,16
3262.0118131649647,757.1646145661946,2.018785189663463e-06,0.6681752051955585,0.6565904618532352,0.046872854232788086,5,17265,8433.806038868268,4142.0,1854.8513743042604,22,21,19,17
3084.226294064693,734.9537310617144,2.0242655116423493e-06,0.7622892573902765,0.7449006554202863,0.031247377395629883,5,19129,10712.781429275015,4579.0,2387.546792169953,21,20,17,16
4931.030687628711,1179.8409790583185,3.577697772376824e-06,0.4696583046199637,0.4496930714844366,0.03130388259887695,4,20939,7356.656456285095,5181.0,1597.1060649431902,19,19,15,15
4655.364806099021,1118.150985994783,2.8113207511209835e-06,0.5418367835575568,0.5118802517861694,0.03124260902404785,4,21643,8336.87209652918,5433.0,1819.342075242137,19,20,16,16
4787.392274470113,1171.4869046687274,8.379092859340641e-06,0.5583127878058518,0.5219622044301963,0.03125286102294922,4,22992,8937.26381824692,5910.0,1955.1848208692345,18,19,15,15
5104.172248592237,1246.423242606258,3.025346062251239e-06,0.5242628133827218,0.48960640229553654,0.01562190055847168,4,23459,8800.022846923755,5896.0,1920.5184747458861,19,20,16,16
5059.318871717589,1271.620965189619,3.1802316098825578e-06,0.5771415947234138,0.5322318382041044,0.028994321823120117,4,24427,10056.71220559048,6209.0,2210.724018126616,18,19,14,15
5679.119317003367,1515.3405794033872,4.222165374328543e-06,0.6026901357059753,0.5357504222285043,0.02400040626525879,4,28048,12665.50360054915,7520.0,2816.8439665992883,16,19,13,15
5803.891216228237,1764.6547844960462,5.137432116867743e-06,0.7285826164926795,0.6309395806445313,0.01562952995300293,4,35652,18629.64600062555,10697.0,4276.612008897733,13,14,10,11
15.642859989329045,3.9487571927729577,1.8488529817405613e-06,0.9523980339448984,0.9379455272340498,0.02103900909423828,4,215,210.9133310412929,83.0,77.0,7,6,4,4
51.70573280999817,12.843048762525312,1.8775434337140834e-06,0.8767564587355748,0.8494098114573769,0.01562976837158203,4,425,416.70916881007633,142.0,132.6000000000015,8,6,4,5
54.43449368940015,12.018529671182932,1.907800876181582e-06,0.8423928512288161,0.8536825849527613,0.015623807907104492,4,399,374.5832633843342,126.0,126.0,9,7,5,4
12.159531308987981,4.110642523305241,6.800864579032706e-06,0.9819687855710574,0.9578760650578316,0.04688382148742676,4,292,286.190977877334,94.0,90.0,9,8,3,4
126.93740938387799,26.435814155071085,2.4624216205088245e-06,0.561882731231482,0.6121994081474104,0.031248807907104492,4,612,493.4829623193375,166.0,159.59999999999764,11,7,4,5
203.11036196064683,41.698351836240526,4.496697800828179e-06,0.5859017751719922,0.6203933362734899,0.04687309265136719,4,1034,795.2709707167098,268.0,257.6999999999997,12,8,6,5
187.45691761207362,38.778393769304905,2.8406971488616947e-06,0.576849756824074,0.6121592883803835,0.04687190055847168,4,909,731.391403852634,241.0,241.0,14,8,5,4
220.31039452103207,44.23439746723529,2.9710040951048205e-06,0.37079589392818435,0.45488520962433476,0.046875715255737305,4,879,710.3526602172163,213.0,204.9000000000019,17,11,9,5
346.92728887806356,72.28611661701812,3.2605761910536573e-06,0.05194304842883335,0.13584008720918817,0.04686856269836426,4,1027,789.1763824656948,258.0,239.0,18,9,6,4
536.7761031384288,108.34632030502065,2.892241600228009e-06,-0.4335267567234773,-0.3176764505276899,0.046874284744262695,4,1239,753.9246134353523,273.0,207.30000000000098,22,12,18,5
511.0482961472258,104.12772400251457,3.2391227145990586e-06,0.3074429514423447,0.30703946780945035,0.04686999320983887,11,1669,1428.2169189928168,368.0,333.0,23,17,18,11
638.4355212813008,130.36299585137886,3.071294673374027e-06,0.2548434903511926,0.27413623648660057,0.03124523162841797,9,2031,1677.5933833234562,445.0,365.0,32,16,28,9
763.504920095088,156.19260604063965,2.6972093013036515e-06,-0.11649723040307758,-0.06944887231365593,0.07702255249023438,11,1940,1480.9172288090795,422.0,343.0,34,17,22,11
916.1977272790215,187.98284889465899,3.269210640896382e-06,0.11610240394601723,0.13047457648041794,0.04794645309448242,10,2639,1720.78906252144,569.0,370.3729373340193,33,18,33,14
1226.3088803580013,250.1566808738565,3.380905883030862e-06,0.28181960143768514,0.3132211593461113,0.039441823959350586,8,4146,2422.545938397784,881.0,523.1650240421541,32,19,25,14
1586.7957374156852,321.1902729338796,2.934497747941464e-06,0.3578804606369759,0.3975974676725864,0.072906494140625,7,5662,3072.6604445368266,1212.0,664.3607923669142,29,19,29,15
2022.72705224936,418.08671369410325,2.357052153863707e-06,0.10870443751079362,0.1704693232895892,0.04687237739562988,8,6090,2696.3057971166977,1299.0,580.8012169416506,33,20,27,16
2368.675280813662,496.8436993753161,2.308762017485812e-06,0.1361816389273226,0.19101660627320283,0.03124856948852539,8,7249,2955.222410432273,1611.0,635.703087108739,33,21,26,17
2203.835398377496,470.6681127644043,2.610109642298387e-06,0.3615382788660745,0.3847359638977761,0.04692411422729492,7,8061,3638.254866767379,1782.0,785.2300134898533,31,20,24,16
2349.954806952817,502.5793674573244,1.9727202093410973e-06,0.5443374084786003,0.5679892907479128,0.07960200309753418,6,10268,5289.302963136306,2379.0,1150.9381886039332,26,20,24,16
2850.2555744544393,651.7234131453409,3.5292263136875126e-06,0.6694208777915459,0.6602197380380628,0.03125190734863281,5,15116,7563.285459575975,3587.0,1659.3406217548236,23,21,20,17
2580.9024889944194,599.9688117830336,1.9512190875356873e-06,0.7675392496660746,0.7578856056749234,0.03125572204589844,5,16011,9329.474078266274,3793.0,2070.3781920914525,22,20,20,16
2782.861516737937,658.5332026704043,3.394405443336282e-06,0.7650265125288669,0.7489744015290181,0.04687857627868652,5,17394,9848.04033282091,4187.0,2186.9095628793493,22,20,19,16
3195.9228159873796,743.7884039555112,2.1413588780791536e-06,0.7300453429608855,0.7211891083881901,0.04687380790710449,5,18548,10002.786657959814,4415.0,2218.3376594732727,22,20,18,16
5151.659697853126,1188.5392655051064,3.1640662424062125e-06,0.36713497933791295,0.37576231110592495,0.04687047004699707,4,19426,6256.873330043792,4805.0,1352.1015371260055,20,19,16,15
4768.3889338348445,1114.5164145806123,2.6990459369917054e-06,0.4741386270340937,0.46267896759621574,0.031248092651367188,4,20229,7274.493512207765,4988.0,1581.2851861530362,21,20,17,17
4987.123678896703,1210.2640557618747,2.9637402070507592e-06,0.5156726398324285,0.49071705281077527,0.031250715255737305,4,21831,8467.382246172605,5423.0,1850.838763203854,19,19,15,16
5155.806953331015,1310.9337939824068,3.2066411159937353e-06,0.5789321909447361,0.5249163077555811,0.031314849853515625,4,25752,10390.594163474412,6753.0,2285.364089436832,17,19,14,15
5685.723460344351,1479.0505458328364,3.58043199969763e-06,0.5737327087194772,0.5129294771379589,0.02798771858215332,4,27758,11552.785450587106,7451.0,2555.718450896373,16,19,14,15
5510.026830755292,1544.138273875737,3.917995033821729e-06,0.6591442219294028,0.5682648406890399,0.03132295608520508,4,31862,14685.248404828073,8951.0,3294.6561001245736,14,17,11,13
5795.397247613442,1683.8774358839673,4.349049216505778e-06,0.6825697385071287,0.5878400975271558,0.031255245208740234,4,32707,16440.09972337659,9527.0,3734.043256733936,14,16,11,13
5544.974704351327,1673.5952373201355,4.99622675493413e-06,0.7272518642929089,0.6278217015293012,0.01569390296936035,4,34136,17976.052203938543,10100.0,4098.911523645929,13,15,10,12
7.079230688443222,3.096138041684031,1.6262007761293475e-06,0.9797913625909546,0.9332309682094868,0.015622138977050781,4,142,147.6561493001701,58.0,50.0,10,6,3,4
18.584046071080014,4.345726192754139,7.413777077714444e-06,0.9692969551191364,0.966268641433205,0.03125476837158203,4,322,313.4657432929876,112.0,106.0,8,6,4,4
68.39563262176932,14.157777680769742,2.3866944798247563e-06,0.8185953383261404,0.8433634511615663,0.03124713897705078,4,503,451.25838001595895,154.0,144.0,10,7,4,4
44.82433916626244,9.188794810338054,4.378914488441916e-06,0.8915481544451542,0.8989879053181885,0.031250953674316406,4,450,390.6784477751756,128.0,128.0,11,8,5,4
42.42514493456304,9.433176887066368,3.7340311987879215e-06,0.9440966116963572,0.9413455901158121,0.031244754791259766,4,560,524.6425902265175,160.0,154.49999999999875,11,9,6,5
208.53251242485024,42.07347708918077,4.2963694705395046e-06,0.45426892818390285,0.4994849211605369,0.046874046325683594,4,881,673.4803206486647,218.0,207.00000000000318,15,9,6,5
238.61466797234425,49.20891472778616,3.5687057708838096e-06,0.42500691406638236,0.46676288629512475,0.046874284744262695,4,948,744.0116110168756,254.0,254.0,15,8,5,4
300.8948461692453,60.78117282884238,2.9341888117809775e-06,-0.6090708641796259,-0.4573935173674448,0.06249690055847168,4,741,525.2631757895841,167.0,142.0,22,13,22,4
433.0646778391505,88.30962151331454,3.5068000672190257e-06,0.5272852853944572,0.5257415310071624,0.04687356948852539,8,1754,1724.3583240151318,381.0,374.27682111094396,24,16,15,12
673.7892653572029,135.49834099685384,3.014524718614751e-06,0.3482097852202891,0.38468239680567795,0.046872854232788086,8,2289,2002.7679504592222,495.0,434.2901634343177,26,17,26,12
1021.162619225939,204.64876950818262,5.830200834077139e-06,0.23256932418711584,0.2765179338384104,0.046877384185791016,8,3218,2083.7128941782457,694.0,450.4176160800407,34,18,27,14
2306.32901551229,508.86550789535323,2.1894626864698643e-06,0.732310280545388,0.7363722887122252,0.046868324279785156,5,13231,7697.7656420898265,3075.0,1697.5906954138345,23,20,18,16
5587.768009897661,1377.1335027209436,3.343071774510594e-06,0.49551117587779125,0.46587816080634425,0.05488443374633789,4,24157,9043.072868701436,6125.0,1977.7138198033708,18,19,13,15
5866.488344955954,1456.667526994962,3.5006828538091318e-06,0.4739501147166745,0.44012225693937657,0.03200101852416992,4,25045,9033.670858017005,6502.0,1972.5274133816793,17,19,14,16
5840.707602214599,1523.2820331824714,3.73073808912807e-06,0.5688290101271822,0.5110958386238689,0.03100109100341797,4,27961,11405.354173138587,7450.0,2520.66219421148,16,18,13,14
5413.87956664364,1628.5722244588526,4.380648173026745e-06,0.7249215571826717,0.6185342208346973,0.03397512435913086,4,34078,18470.360015905382,10045.0,4239.692080284289,14,16,11,13
5448.870438945623,1694.9382820668172,5.000026614170656e-06,0.7561343258619466,0.6539976109308222,0.03131365776062012,4,35503,19342.24498575007,10744.0,4462.086188699966,12,14,9,10
11.855294654435166,2.4877855135508082,1.6021251052681056e-06,0.9242621708234252,0.9223144196981109,0.0156252384185791,4,128,119.04412316371179,51.0,33.29999999999893,7,6,3,5
11.092236783821356,3.7602265864589817,2.6318923010662537e-06,0.9727359285913806,0.9471397287013087,0.03125429153442383,4,203,216.4143753703334,79.0,64.19999999999857,7,6,4,5
36.93949241849693,7.936233520151286,2.51386884854303e-06,0.859319974711221,0.8670188142109838,0.015694618225097656,4,294,265.32615455474104,105.0,81.00000000000085,9,6,3,5
12.164321214715244,3.942527523332401,2.1938153963657044e-06,0.9801230377423161,0.9605415048990804,0.03127121925354004,4,264,249.1242974360138,85.0,75.29999999999882,9,6,4,5
38.39011202983612,10.405741337671323,2.3901777081376755e-06,0.9200886816890661,0.896833693720614,0.039751291275024414,4,426,375.498384720315,143.0,126.29999999999927,8,6,4,5
32.878732013294986,9.309581210932103,4.397563219272556e-06,0.9585106962265507,0.9347321594822091,0.036997079849243164,4,501,451.68894508455514,154.0,148.0,9,7,6,4
43.721283634200404,9.435524614553879,3.234264427301249e-06,0.8862339201649678,0.8916469642146859,0.03376269340515137,4,407,405.5179195018537,148.0,135.0,11,6,4,4
62.87813055066426,13.040587906871805,2.7677011219328e-06,0.7907658685712666,0.8095925802797994,0.0312502384185791,4,418,373.5391873319751,127.0,124.0,11,7,4,4
42.377557055132456,9.223423263452174,3.5675974361383543e-06,0.9142622683119352,0.9060723535718114,0.04687166213989258,4,473,431.91954447274827,119.0,128.69999999999948,12,10,7,5
86.23226878004901,20.035652300978878,3.913577694029183e-06,0.8777106005457289,0.8709048935630403,0.062499046325683594,4,816,700.6314091475614,228.0,224.9999999999991,10,7,6,5
188.47672608360145,37.87371174303795,2.8974935362798326e-06,0.42242262889585025,0.48313356845867017,0.062497854232788086,4,774,610.3157812056266,194.0,184.50000000000284,14,7,7,5
486.9652351189605,98.93883835719383,2.6192415677045658e-06,0.4835281043389009,0.5067459075159426,0.046823740005493164,8,1862,1739.2696200452187,412.0,380.0,20,16,20,8
552.5122720687662,112.47020303008041,3.5476678052822355e-06,0.363448247303236,0.38059359844685137,0.048961639404296875,9,1833,1718.4036917546714,399.0,378.0,19,16,24,9
968.4149970314425,198.1420724866239,2.792503192267692e-06,-0.06538601066458893,-0.024827440213072594,0.060028076171875,10,2505,1623.1732530104277,554.0,352.34337222492945,41,17,25,13
1041.9113225802746,210.2847659726411,3.4294318944204235e-06,0.49893234254972585,0.5298685860666568,0.06252670288085938,6,4214,3051.8922438796044,931.0,663.3503691783521,29,18,25,14
1366.3335414476592,278.48173896905087,2.7345786855403203e-06,0.2046379684607248,0.2377836149877165,0.04686427116394043,9,4377,2214.890436203378,917.0,477.65312017458973,34,19,28,15
1297.1468971781396,267.33716409856527,3.338082865399725e-06,0.4224479834704117,0.4496962011683523,0.04682111740112305,6,4922,3023.025484332242,1056.0,655.1043304608847,29,19,29,15
1798.6303020809057,371.51046226733916,2.4476428637046038e-06,0.43329024239340275,0.4649634120622812,0.046875,6,6936,3737.5107381424455,1508.0,810.3858319128008,29,20,28,16
2019.73460575553,417.7384647380901,2.0534162988132814e-06,0.4134707745056776,0.4558473054286446,0.031250953674316406,6,7485,3946.5379531248655,1631.0,856.0170914207097,28,20,23,16
2026.3621837361482,425.0424740834142,2.0756595002715337e-06,0.4918863467230259,0.5196730102332516,0.031247615814208984,6,8293,4308.994198285964,1805.0,935.9491972763253,27,20,21,16
2157.7223102314015,469.36968125269016,2.047726186312946e-06,0.7148695749955598,0.7209923305988957,0.03124380111694336,5,12256,7005.780899576831,2861.0,1540.2487104187703,24,19,20,16
2849.413389062952,642.8237375316223,2.2533482436349934e-06,0.6780624245379311,0.6769709267308712,0.03125357627868652,5,14962,7801.291458538586,3460.0,1716.0373316892628,23,20,20,16
2685.322503426935,617.3359280781517,1.9078684942383994e-06,0.7324071496737428,0.7241858519068809,0.0312504768371582,5,15828,8628.774177827343,3823.0,1908.1757575524398,22,20,19,16
3343.5074424538197,792.456446439524,2.9384469769815264e-06,0.70832764046618,0.6927449724629806,0.031250953674316406,5,18667,9729.042371926469,4565.0,2152.631703451166,21,20,17,16
5041.179476789218,1185.7689850739744,2.9056891764677385e-06,0.4439227920707953,0.43673069796913977,0.031235933303833008,4,20554,7236.597591246336,5142.0,1572.4886759510919,19,20,17,16
5118.976694694101,1224.9901635656634,2.995796502855412e-06,0.45132603310023567,0.430618289748255,0.031249284744262695,4,21528,7308.582798568119,5462.0,1587.1413089546295,19,20,15,16
5664.117245863081,1438.442729026824,3.4897485447603736e-06,0.5387741448540384,0.49104797803495304,0.03125500679016113,4,26294,10253.551442624504,6836.0,2254.7243576497467,17,19,14,15
5645.2670115047,1476.0130055771867,3.684049683822983e-06,0.5668436499127387,0.5083610449518067,0.03125500679016113,4,26755,11066.90843895933,7141.0,2442.545366537026,16,18,13,15
5493.075418931262,1465.9182228081866,3.7096454686857153e-06,0.6203356852872977,0.5493874833928947,0.03827548027038574,4,28990,12481.214281206487,7852.0,2772.947375226713,16,17,12,14
6111.458412393635,1716.6153870581793,4.355750351677549e-06,0.6341488182193502,0.5468075570252638,0.025000333786010742,4,32210,15090.597390501509,9101.0,3392.2716052356227,14,17,11,14
5638.6366111072275,1670.9530493409218,4.386860637641395e-06,0.7131662487922228,0.6172982343213558,0.01564168930053711,4,33105,17865.847004398656,9436.0,4091.1615290683167,14,16,10,13
41.760937298398794,9.046049082165696,2.370226914252455e-06,0.8595520514993029,0.8727141496374337,0.0156252384185791,4,328,304.2923168543311,110.0,110.0,8,6,5,4
27.65628881670874,7.443368041422419,2.2309064260372744e-06,0.9348976313964663,0.915821349623596,0.016772031784057617,4,333,286.86911626135884,99.0,90.0,8,6,4,4
49.86903413875625,10.694538952499267,2.2002265709219633e-06,0.7833999247129757,0.826891879049411,0.0156252384185791,4,329,318.22138431348486,104.0,107.09999999999934,10,6,5,5
38.203071558713006,8.062485003077157,2.828005956607564e-06,0.9348221920013953,0.9413820233753142,0.015625,4,458,411.75547906068687,137.0,137.0,8,7,5,4
89.80708201041864,18.560005763855795,3.214883927071442e-06,0.731175317831126,0.7408103723076431,0.03125143051147461,4,549,467.41259427182655,164.0,149.40000000000322,9,7,4,5
108.48964666322465,22.423526926052517,3.5358864649843657e-06,0.7892531031303216,0.8014265194726398,0.04687929153442383,4,796,646.4411783939935,210.0,198.60000000000275,13,8,4,5
264.1328743835655,53.14694790866662,3.169442342266758e-06,0.4683956518141176,0.5202689373725695,0.0468754768371582,4,1116,851.9729283060426,268.0,244.0,16,10,8,4
392.2157287427544,79.45789160675493,2.5595500428368464e-06,0.4736975011459309,0.4533531324149338,0.04694485664367676,10,1483,1432.1550441366878,331.0,321.59999999999764,21,15,14,11
359.685524927549,70.69980620886338,2.722940875367785e-06,0.29218534631179305,0.22163493747233887,0.04686784744262695,28,1251,1251.0,269.0,240.0,29,28,22,28
914.4093974322739,187.05471089759803,2.770555952539381e-06,0.11642579005366294,0.16855012226221433,0.0468754768371582,8,2589,1898.9042982406395,562.0,411.06649123575426,35,17,27,13
898.480147956646,184.0914778055295,4.845334906645432e-06,0.36289934585982764,0.3874909573519699,0.04687237739562988,7,3225,2258.394486186421,664.0,489.5999949616803,32,18,25,14
1073.3825553529825,218.0815047421261,2.6957751995073715e-06,0.23082432362349226,0.27020632147902235,0.04687857627868652,8,3392,2202.9172626747372,745.0,476.9852274170496,31,18,30,14
1281.8037713367535,264.2307835946396,4.0872749368531845e-06,0.1984108381624191,0.22222469642456477,0.046874046325683594,7,4080,2194.751815486327,875.0,473.7645538177492,36,18,29,14
1297.2233523533732,268.5716008543817,4.2329937285158414e-06,0.46902062981049353,0.4834143945312216,0.06250262260437012,6,5125,3272.3313025811726,1111.0,710.4372366344828,32,19,23,15
1664.8721509827901,340.7909078182672,2.3323220821563237e-06,0.2563321451509246,0.29494468862415446,0.054000139236450195,7,5622,2728.542851995583,1222.0,589.1767443641238,33,19,28,15
1723.8120794891324,350.5223156237814,2.708200409311265e-06,0.28239459566766256,0.33339871337610283,0.05400228500366211,7,5879,2948.6370634940686,1325.0,636.8760397506549,33,19,28,16
1969.4347409952704,419.2814606344707,2.4680634714497066e-06,0.43183329308255236,0.45168372555292546,0.046874284744262695,6,7688,3794.3989914073,1718.0,821.9808953164074,29,20,24,16
2052.956038683067,443.51946472867127,7.54166495940967e-06,0.6865216037300295,0.6944351934136063,0.04687380790710449,5,11044,6321.0933852306425,2508.0,1385.6072685754434,25,19,21,15
2358.0514387371327,522.0755150648937,2.525284874649068e-06,0.6417298053610585,0.6402499944760589,0.0468745231628418,5,12023,6139.9126688484575,2773.0,1341.020822103449,25,20,20,16
2284.111938450044,504.72171265209516,8.945284976750771e-06,0.7133378093468926,0.7123462622128487,0.03124547004699707,5,13108,7193.64581911077,3093.0,1582.4465434367494,23,20,20,16
4419.454026129066,1019.0471676591436,2.733610493882498e-06,0.42323443028076957,0.42571880795073347,0.03125,4,17527,6128.945069180289,4258.0,1327.5470072264425,21,19,18,15
4672.455770847902,1085.513010643398,3.6091293293725317e-06,0.4682935115354123,0.4654014921875185,0.031255483627319336,4,19402,7123.444403719245,4785.0,1548.8201662227766,19,19,16,15
4709.645039589608,1104.7073524430514,2.7247309986488915e-06,0.4820439209071007,0.4702209079479641,0.031246662139892578,4,20238,7302.747680128472,4880.0,1589.3761784525905,20,20,15,16
5494.951611603904,1371.9559110260425,3.505966530235749e-06,0.5301952826691593,0.4953495503225359,0.015621185302734375,4,24485,9731.18767174853,6280.0,2138.9009959854175,17,19,14,15
5813.418168288196,1455.0942571907242,3.555682980283366e-06,0.49399132815978575,0.4567228306675897,0.03125119209289551,4,25366,9429.267456124602,6523.0,2064.0744903368286,17,19,14,15
5739.65018051513,1456.8668618763413,3.5901235498862018e-06,0.5533296811094891,0.5094325759450624,0.01563572883605957,4,26451,10883.99078077408,6937.0,2404.6678111929023,16,18,13,15
15.108007110539607,4.341065950764408,2.633955468190287e-06,0.9700700932184656,0.9563863020930843,0.01562047004699707,4,261,243.79318414731318,88.0,79.0,8,6,4,4
56.33163814188332,13.102989151682456,2.461434191148507e-06,0.8789842510236057,0.8718446303966118,0.015626907348632812,4,506,443.252423691213,156.0,140.09999999999854,10,6,4,5
38.43093680957357,8.610829299657357,5.629804677807957e-06,0.909540344547252,0.911193039206029,0.031249523162841797,4,398,358.2589986520296,119.0,115.0,10,7,6,4
11.832400137836895,3.496103794056885,1.2814532801751402e-06,0.979053407734826,0.9675900704823044,0.031248092651367188,4,272,257.3243359811601,89.0,79.0,8,7,4,4
55.06920514063301,12.912999505010248,4.070513334282074e-06,0.8560431822970527,0.8237147799842568,0.03125262260437012,4,473,416.27190887444715,161.0,136.0,10,6,4,4
50.52283255297447,11.175233531969155,2.3552863366314983e-06,0.8512537200543485,0.8647943977839327,0.032019615173339844,4,410,389.45145201408485,132.0,132.0,9,7,5,4
74.48377155240459,16.20980263746606,2.52970710821028e-06,0.8448703006270964,0.859087387022911,0.027999162673950195,4,578,533.6514968681477,184.0,184.0,12,7,5,4
85.83855596890525,17.755415320399866,3.5799489121875096e-06,0.8309446996107626,0.8506057810519,0.03132057189941406,4,658,561.8201977683468,189.0,182.10000000000264,11,7,7,5
91.62300768125039,19.73624817218057,3.752926313049785e-06,0.8142345145500761,0.8301308992403191,0.03124690055847168,4,697,623.6530505095072,207.0,196.19999999999754,10,8,7,5
99.02982473689478,20.000420389478062,3.715286026173916e-06,0.8551177901208585,0.8704087111273076,0.04689478874206543,4,851,747.7546741855365,252.0,252.0,11,8,5,4
142.49147621206222,28.946343870134978,2.4050687894261874e-06,0.6415216289476744,0.6802543408164241,0.04687142372131348,4,701,606.0469939721148,208.0,208.0,13,8,5,4
145.70529744619228,30.503260791370604,4.261546658516669e-06,0.48949476841658945,0.5085164112125472,0.04687666893005371,4,657,524.3560225799115,177.0,171.0,16,7,4,4
295.7305128426536,57.30565444031461,5.294232867595834e-06,0.16486353681231003,0.26497896287761014,0.04692578315734863,4,925,709.5826453035318,226.0,220.0,17,9,6,4
333.8015855344328,67.39242046700683,2.906679873667758e-06,-0.05530051064801689,0.0562017913978502,0.04687094688415527,4,996,677.68952433192,253.0,224.70000000000005,18,8,8,5
447.74419655221203,90.63036219960841,2.8574316716474772e-06,-0.5816377083400757,-0.46217410251488733,0.042706966400146484,4,1027,641.8763237908139,226.0,171.0,33,12,36,4
611.409139539097,122.49844948634801,3.0359568767169427e-06,0.26845890780213477,0.2961714882844696,0.04687976837158203,9,1950,1591.4838811783875,424.0,347.0,29,16,29,9
1303.6552464856818,263.97047972209714,2.5935102044361567e-06,0.1405343697173842,0.18694499414114196,0.04687643051147461,8,3905,2247.7092497376257,818.0,485.96058311994943,34,18,30,14
1571.328078349461,330.7014606656196,3.2174243598216277e-06,0.4702608815568854,0.4908278773619239,0.031249284744262695,6,6204,3665.5762935973307,1354.0,796.1397471124415,29,19,24,15
1800.151810094751,368.6774093361063,2.9422724207004692e-06,0.5302221020841416,0.5618556755614244,0.03125,6,7594,4289.819365597759,1616.0,933.5815921488438,28,19,23,15
2427.6007001411444,515.8271496723029,7.140695314136652e-06,0.44256811988231537,0.46966028401038473,0.03125,6,9533,4455.648060519367,2161.0,966.0099170925328,27,20,23,16
2718.497261589678,601.6180417930976,3.580146190334044e-06,0.5877212397035118,0.5890132643019622,0.03125,6,12826,5949.057058972153,3044.0,1296.6106791052716,24,21,20,17
2254.3002962101195,500.5777396430954,9.499745806869104e-06,0.7498455087379743,0.7467638524405761,0.031247854232788086,5,14026,7844.467559385029,3332.0,1731.311929624887,22,19,19,16
4257.778012700285,956.2020234028046,1.4816013408751448e-05,0.3682917611284289,0.37881391162002076,0.03100132942199707,4,16501,5155.1558681115675,3892.0,1111.586382573024,22,19,19,15
3102.31672788415,734.3678101475042,2.0452765336192374e-06,0.6886659726749874,0.6733544082787926,0.015697479248046875,5,16670,8582.124501671042,4102.0,1891.1573449430307,22,20,19,16
3367.9499419962517,786.4311053198951,2.222094508827719e-06,0.6290364678211773,0.6101493484402759,0.031245946884155273,5,17386,7736.071400860006,4252.0,1693.4944082872998,23,21,19,17
5145.907562404499,1189.4461075179347,2.9860442749380087e-06,0.3206189555813109,0.32526219924783517,0.018775224685668945,4,19179,5514.463893396288,4650.0,1187.8038249118786,20,20,17,16
4817.495622545125,1146.1696592476642,3.030211968332804e-06,0.4863721118688381,0.47419769728098937,0.031248092651367188,4,20320,7631.077357901706,5007.0,1663.7828710907388,19,19,16,15
5232.960356408466,1306.7892410370835,3.2742634795651145e-06,0.544325126089708,0.5079519000041033,0.03124690055847168,4,23854,9491.289932890288,6089.0,2081.7193426137055,17,18,14,14
5632.656251636946,1404.929592312167,3.39836480921124e-06,0.5286885171543796,0.49580858944613526,0.015627384185791016,4,25071,10115.734597382423,6531.0,2226.243541203299,17,19,14,15
5504.13510581483,1391.24808257162,5.659011102081729e-06,0.5370789338572188,0.49059275028149996,0.031247377395629883,4,25306,9891.59570094616,6755.0,2171.6835338380406,17,19,14,15
5969.424421157467,1807.3274851946205,5.057193695043237e-06,0.7148375969432026,0.6197369132576541,0.03125286102294922,4,34829,18369.84366739673,10402.0,4217.958585555443,13,15,10,11
29.380902898160816,5.715998037191013,5.264071958911926e-06,0.8987231701033047,0.9266164409181323,0.03124403953552246,4,268,261.981252001079,92.0,90.29999999999848,8,6,3,5
13.164338867259271,4.241281901791555,1.9259013351722674e-06,0.9741556074309202,0.9530070948180283,0.01562643051147461,4,247,244.61935872317267,88.0,87.0,6,6,3,4
31.298767403698236,7.849007897658417,5.1310375206023305e-06,0.9285671195647474,0.9094282562051027,0.015626192092895508,4,377,375.6090172229914,125.0,125.0,8,6,5,4
12.547812972305945,3.759390385819737,3.3457266499756253e-06,0.9768313257704943,0.9620123573845069,0.015625476837158203,4,246,262.34109891679304,89.0,76.19999999999823,10,6,4,5
53.62100424929998,11.102781089924495,2.474873739588898e-06,0.862634938919969,0.8902361173531685,0.0312504768371582,4,454,418.8953220758912,142.0,141.0,9,6,4,4
45.707684725612054,8.121297911421538,2.4644565163323928e-06,0.8769118128041583,0.9131333332355352,0.03125166893005371,4,415,372.2939380586562,128.0,128.0,10,6,5,4
96.0232963215131,20.83122835564302,2.316865698633463e-06,0.7087474450924881,0.7244821088447625,0.015626192092895508,4,539,480.5668264237071,178.0,157.0,9,6,4,4
69.51376571001678,15.133716453276016,3.2823998165078186e-06,0.8467598021651331,0.8591969027665839,0.03124523162841797,4,546,494.78973835881095,172.0,172.0,10,7,5,4
203.17319598611266,42.016418843376194,3.4665670888323704e-06,0.4758992926731088,0.5264039299449695,0.06250858306884766,4,884,719.5694830919311,242.0,242.0,12,8,5,4
134.3782237849876,27.461499595492246,2.9741216644272276e-06,0.5970731955775632,0.6429423602623248,0.06250619888305664,4,685,621.3278731150201,181.0,173.0,11,11,6,4
161.45782107262323,32.854332043012434,3.7213935541372657e-06,0.579056028641411,0.6320303683506268,0.05716538429260254,4,810,740.1282331232229,215.0,202.5000000000033,11,10,6,5
338.0875773287586,68.71633704937315,3.1337693932222756e-06,0.2212123600620335,0.2893641667239518,0.046877145767211914,4,1097,811.0591669262666,274.0,238.4999999999984,18,10,9,5
371.00283142682787,77.57490727714854,3.3597541671509958e-06,0.3334305168499607,0.2571591165320618,0.03132271766662598,19,1267,1253.0,274.0,251.0,30,19,6,19
721.5053033892408,142.22020976643546,3.04761186955016e-06,0.28325762598867155,0.3314497639238483,0.04687356948852539,8,2337,1879.6482182362352,506.0,409.0,28,17,24,8
996.2380803660574,206.5670526207415,3.573213599424982e-06,0.418380464534027,0.4372109566504041,0.046831607818603516,7,3748,2550.149619498268,805.0,553.6173525714842,28,18,24,14
1189.820322320856,246.48746798308488,7.180451418579717e-06,0.20814881001940644,0.22821133260253712,0.04687619209289551,8,3806,2136.7369007030484,814.0,461.61207482989994,37,18,33,14
1639.408723190719,337.5667045165934,5.337397059957628e-06,0.3995007098081167,0.4243643426229249,0.04691123962402344,7,6379,3091.4088952325455,1362.0,668.5668070669917,30,19,24,15
2081.453885110664,433.96017234180266,2.5591802984962998e-06,0.15221256403594352,0.18977112268050322,0.046913862228393555,9,6583,2546.2315865560117,1421.0,547.7422654114848,32,21,28,17
2377.5078127078573,500.2937093140501,2.079215089353418e-06,0.3767475465080874,0.4233425996166513,0.03126049041748047,6,8732,4185.301155152361,1928.0,908.1281911451138,28,20,23,16
2094.019139751144,447.8559979673484,2.112383575230162e-06,0.5646315522842245,0.5794312119472151,0.03125452995300293,5,9426,4922.610409908114,2141.0,1072.3375735055215,25,19,23,15
2153.5232572533805,459.9963252142945,8.142918900185463e-06,0.5644447262798327,0.5767410549590698,0.031247615814208984,5,9975,4875.888241906227,2255.0,1060.9423972204513,26,20,22,16
2688.262784130061,578.0893464935526,2.52759679029947e-06,0.5079612412496914,0.5261238943923406,0.031242847442626953,5,11539,5188.321948717562,2658.0,1128.1733246781746,26,20,22,16
2352.5988374719027,515.2381054619169,2.1796544170074753e-06,0.6730668307720381,0.6856723622989448,0.031250715255737305,5,12049,6821.8165045955575,2740.0,1499.0958952058463,23,19,19,16
2535.0406953053925,576.3031714587951,1.8368921823991287e-06,0.7433250176969051,0.7348881633499793,0.0312502384185791,5,15515,8478.489215267186,3674.0,1875.1819942188295,23,20,20,16
4465.074336466323,1005.0869264521574,3.115365099497587e-06,0.33604002585031867,0.35559835294752173,0.015624046325683594,4,16384,5199.418641486018,3906.0,1121.744227134181,21,18,18,15
4305.385555722733,985.0688625819172,2.6444260639660024e-06,0.4348922590732873,0.44122360083107937,0.031252145767211914,4,17136,6187.28189479391,4166.0,1341.9369530067179,20,19,16,15
5211.943506609423,1185.653026043864,3.2044990989553107e-06,0.26320204663246816,0.28630303309517857,0.031245946884155273,4,18295,5100.32188403542,4405.0,1096.9646704676024,20,18,16,14
5070.893064821116,1232.3681698272953,3.1120911562338407e-06,0.5192533569407425,0.4966575382202598,0.031223058700561523,4,22254,8716.477409220839,5625.0,1908.9345940748644,18,19,15,15
4903.955452764962,1203.6825300108894,2.9776216278663384e-06,0.5411942689650526,0.5035966549159556,0.029999732971191406,4,22920,8777.016898345422,5972.0,1918.8539488368606,18,19,15,16
5226.410925862847,1310.5598404026903,3.6237156488531504e-06,0.5429842730857126,0.5041468043378243,0.031321048736572266,4,23967,9429.083547314973,6241.0,2068.200922181857,17,18,14,14
5869.413764947676,1653.5539645117315,4.561275072094622e-06,0.6295192454932466,0.5348617712929449,0.03124690055847168,4,31598,14888.133464009295,8933.0,3355.4030190882586,15,18,12,15
5526.563128669088,1634.2063182659942,4.371731170817895e-06,0.7156409342207402,0.6214749752839313,0.015694618225097656,4,32607,17196.131975276065,9448.0,3924.1531949032706,14,16,11,12
5588.167640564726,1714.7868940689154,4.8402695455468004e-06,0.7390884026737875,0.6394931343253535,0.015624761581420898,4,35022,18478.586905526456,10395.0,4243.41040364039,13,14,10,10
13.92972723684813,4.040710370180615,2.9831695532194955e-06,0.9810097545029509,0.9698786718530847,0.031244754791259766,4,290,281.14476281360896,88.0,92.40000000000032,10,7,4,5
20.187519870436077,4.8460354557695435,5.758184203054627e-06,0.9628586696650883,0.9600915530581177,0.015626907348632812,4,317,311.1100605282917,114.0,114.0,9,6,5,4
41.64238501377893,9.231557984717355,4.906124497876164e-06,0.922291894840967,0.9301581623310923,0.01563405990600586,4,437,415.86915120911294,148.0,135.0,7,7,6,4
88.4274071754826,18.196910160690535,2.387179552295725e-06,0.7122268203315535,0.7580213451439889,0.015621185302734375,4,515,484.1140311859236,172.0,161.40000000000043,10,6,6,5
130.78306334120794,27.19860509643684,6.0361851054325725e-06,0.706827072839736,0.7203273033341132,0.04688096046447754,4,776,636.6612817785578,197.0,195.90000000000282,11,9,7,5
181.92801540392446,37.462462174704896,2.9178532829885834e-06,0.5299721397876734,0.5739283471002037,0.04686927795410156,4,806,663.0518577575875,211.0,211.0,13,9,5,4
383.5259009983228,76.65236246858152,3.2793069410021317e-06,0.2106413732720136,0.2892665474275514,0.06250286102294922,4,1235,886.351330686766,310.0,291.0,16,8,6,4
346.6240927563303,70.20071000458877,2.9244781279368355e-06,0.45693302642636924,0.437090037939435,0.0468747615814209,12,1359,1319.3352636759255,309.0,284.0,21,15,21,12
736.7656024286622,151.97226159465524,2.8719287654263977e-06,0.27415454089755287,0.3063461040372195,0.04687380790710449,9,2312,1906.163499101142,505.0,414.0,34,18,30,9
921.191956168846,184.1309699737042,2.9327316617689584e-06,0.27112978543196364,0.31264579334844667,0.04687929153442383,8,2982,2027.1921066157904,631.0,439.76206070112494,33,17,25,13
1045.1646404895405,212.5364737426538,6.530211661347292e-06,0.5391298713296062,0.5620480851182954,0.04687094688415527,6,4449,3168.0009669931887,939.0,690.3020857268016,29,18,23,14
1211.5499881364465,253.20380026000433,2.885173191540315e-06,0.4017779605818712,0.42601953737671727,0.03125309944152832,6,4410,2868.990580421273,973.0,622.6355536027709,29,18,26,14
1884.4425240923,389.03562304862436,2.3441630975489373e-06,0.4035417948567026,0.4422888347197128,0.04036140441894531,6,7059,3606.393902585037,1577.0,781.9700675468403,27,19,23,15
3514.253017623744,764.7436645126226,2.6776214033527e-06,0.21362252649929514,0.25300668776408375,0.025156736373901367,4,11668,3575.0691270595757,2659.0,768.8390270404379,23,17,20,13
4599.973336833248,1041.6701549456159,2.861953217281329e-06,0.33097868987347623,0.35169624227399665,0.04200553894042969,4,16704,5361.843706948828,3970.0,1157.7940108683224,21,19,16,15
5694.227825404666,1442.3930231108748,3.5353230781180615e-06,0.5148779172865502,0.46512559800322895,0.033945560455322266,4,26028,9796.736365901448,6943.0,2152.3255729412194,17,20,14,16
5924.2319622918285,1644.2700199856363,4.204260277718427e-06,0.6278674604868223,0.5473574595315225,0.031232118606567383,4,30663,14032.5499285786,8594.0,3144.8165444853785,14,17,11,13
5521.666399972902,1594.3824922981803,4.169555726808262e-06,0.6883336983485762,0.5965378966777166,0.03126692771911621,4,31808,15782.19965975704,9089.0,3569.6625771527397,14,16,11,13
5749.988372963082,1808.232907152037,5.367839372952888e-06,0.7495004107784422,0.6505113677420143,0.031204700469970703,4,36399,19388.287326458445,11444.0,4652.0999999999985,12,13,9,5
17.93841703900374,4.319784159617844,4.020030765548747e-06,0.9681704754587716,0.9638281218225598,0.015640735626220703,4,295,281.913913810371,91.0,89.10000000000056,8,6,4,5
24.33843966624147,6.433426957609755,1.0822161850477338e-05,0.956717269184185,0.9451760804350615,0.031245946884155273,4,375,360.97562763524286,122.0,120.29999999999848,9,6,4,5
15.315052594303243,4.7600796972543025,4.971142092932545e-06,0.9562385812933532,0.9184374335053815,0.03125190734863281,4,253,231.6867921469602,91.0,71.0,8,6,4,4
48.60131759161458,10.046090388035017,1.8325860338870448e-06,0.831395431262443,0.8468700641762507,0.015625715255737305,4,359,335.1198027263729,126.0,99.00000000000011,10,6,4,5
44.047809031634124,9.614821073164087,2.429171614879667e-06,0.920568741027212,0.9248298397388337,0.015624523162841797,4,457,461.2384200405405,161.0,161.0,8,6,5,4
64.06385469454828,13.409932841358478,6.724336944798628e-06,0.8647520137215607,0.872498187935903,0.04688429832458496,4,612,543.5686389112184,195.0,176.39999999999714,11,7,6,5
71.01346972535,15.313068120736293,2.879996146406093e-06,0.8264569308436333,0.8394128816605007,0.0468754768371582,4,561,503.2410003420887,160.0,153.30000000000098,10,8,4,5
108.77787671490042,23.112144146868484,2.7837346656415974e-06,0.8017530700460198,0.810579376014014,0.046877384185791016,4,791,712.4258128276288,210.0,211.20000000000152,14,9,6,5
259.2984464276887,53.47350911072018,3.3943042688461576e-06,0.345249393544684,0.41121132024922236,0.05456709861755371,4,1004,755.0073509430632,262.0,230.69999999999686,16,9,7,5
745.1371272399621,150.79380293937788,3.0396761444680185e-06,0.4249344004495701,0.4464481183945873,0.046808481216430664,7,2715,2127.5411232247543,580.0,462.7001046930702,29,17,29,13
967.0764326458878,196.06542548413987,2.380943153118388e-06,0.32469213252714024,0.3759692079119269,0.04058718681335449,6,3270,2452.9962322704773,720.0,533.6643971432118,27,17,27,13
975.3140724552163,200.74733128578674,2.995227156776894e-06,0.36493452184211095,0.39038674509677085,0.04686760902404785,7,3422,2344.213574052187,732.0,508.81133552383585,31,17,23,13
2115.982020903772,444.93911326672946,2.9086575436060466e-06,0.35452755984885687,0.3859901337021282,0.03125786781311035,7,7706,3478.9371097528756,1683.0,752.8547752905101,30,20,25,16
2009.1984536356047,428.54607078208716,1.9638229886331306e-06,0.5441500333035718,0.567785342122999,0.0312502384185791,5,8613,4813.522424094918,1904.0,1050.6899839348403,25,19,22,15
2051.639828048725,436.37576266702246,1.9695228077090748e-06,0.577392963868764,0.5997582863271793,0.031252145767211914,5,9156,5038.081771645577,2034.0,1100.1263729577581,27,19,22,16
2281.543981008752,496.1690074113058,7.94171808757982e-06,0.6177564322129162,0.6253404029161436,0.0468752384185791,5,11081,5655.357141728381,2507.0,1236.334583143922,25,20,21,16
2699.4663201063427,579.6283623136785,1.994493085310455e-06,0.5426357778646929,0.5656986977026968,0.0312502384185791,5,11799,5627.381222588731,2678.0,1227.5923125323811,25,20,21,16
4041.166305155211,903.3616833445661,2.687404095408851e-06,0.3056677608377879,0.3242019670366194,0.03125643730163574,4,14642,4425.540385819114,3491.0,952.9045210180079,21,17,18,13
4958.591042470516,1126.003613500598,3.03863944515202e-06,0.2860125294400442,0.30962256105709585,0.031249284744262695,4,17632,5180.970753857216,4227.0,1116.3700906821687,20,19,18,15
4478.342022821968,1030.4159091154306,2.717562134465536e-06,0.4454565745665138,0.44311569343716495,0.015618562698364258,4,18408,6379.00297603336,4569.0,1383.6108340978672,20,19,17,15
4811.176898110982,1130.2336485554022,2.8870302362166995e-06,0.4535037564433486,0.44207569945770286,0.015625,4,20027,6982.108767750515,4950.0,1517.305326050111,19,20,17,16
4777.153240858994,1157.5504875822332,2.9283182239679415e-06,0.5145273958013202,0.48375790419855336,0.03125166893005371,4,21779,7948.303523719451,5536.0,1733.6884931767363,19,19,15,16
4993.341012847464,1217.505563435306,3.107237841872254e-06,0.5375391767344281,0.509374631452248,0.0312504768371582,4,22552,8911.96912126119,5690.0,1953.6140091348298,18,19,14,15
6297.786269612058,1734.0005479755089,4.515733024588389e-06,0.5904057547204178,0.5110322222348607,0.031255483627319336,4,30853,13638.684232626496,8704.0,3054.2764955607254,15,18,12,14
4956.6378516583245,1483.2220941730475,4.009318767095958e-06,0.7436671668958506,0.6433002307457107,0.03125286102294922,4,32767,17711.847337897463,9467.0,4048.773739766786,14,16,11,12
5616.860948903175,1669.0391130325606,4.658008689507306e-06,0.7041883576928691,0.601898791159988,0.01562666893005371,4,33905,17057.50859630618,10018.0,3880.1401322174497,13,15,10,12
5105.206145322911,1619.177584652189,4.959553991158841e-06,0.7741339177151922,0.668780205085175,0.03124523162841797,4,36535,19422.612002479607,11366.0,4717.199999999997,12,13,9,5
26.51887737619469,5.87401452877769,2.693354197608847e-06,0.9173352418900271,0.9245343899912343,0.015628814697265625,4,272,258.385110217063,91.0,83.0,8,6,4,4
17.675506122137215,5.717286529941128,2.6130346856248547e-06,0.9666666198297068,0.937951119002525,0.043999433517456055,4,297,296.63230367840157,115.0,93.60000000000076,8,6,4,5
20.814844639649674,6.027011255476615,2.6164412897612897e-06,0.9521824962290613,0.9151005901668684,0.015691757202148438,4,279,261.0751940340711,97.0,79.19999999999942,8,6,4,5
32.02998125875603,7.018031647356023,2.5742139396127056e-06,0.9395183670192329,0.9330977145870818,0.031247854232788086,4,412,354.80235739878515,118.0,103.1999999999988,9,6,3,5
67.81853568784936,13.830685449610916,3.4913416621336424e-06,0.8259230696066151,0.8476349150305132,0.04216265678405762,4,532,457.1965644841646,161.0,145.0,10,6,4,4
19.976433015461367,4.732988004817751,1.8850709050689571e-06,0.9634962519197185,0.9663291684469605,0.03400015830993652,4,331,342.5103811332859,131.0,131.0,9,7,5,4
131.9152909494338,27.400829152790795,5.664705706187215e-06,0.7483638215676982,0.769694967164836,0.05047893524169922,4,882,717.0493326672306,259.0,234.0,13,8,7,4
152.45175902189655,30.153888882225523,2.8303617428072694e-06,0.6747043535833016,0.707388208892396,0.04688668251037598,4,859,707.964275789501,237.0,237.0,15,7,5,4
169.76924160722825,34.53814352518154,3.3774797751283186e-06,0.5651847395838145,0.6164099262730602,0.04683256149291992,4,812,685.7855149838754,227.0,227.0,13,10,5,4
216.97387420405866,44.63482652202851,2.7415468090053564e-06,0.5572023204359966,0.5879622692493115,0.04691624641418457,4,1030,795.6979245465745,253.0,242.09999999999832,12,9,7,5
300.91038157565583,61.5148390128161,3.0869079485445296e-06,-0.20922304427309957,-0.12388566362613473,0.06250405311584473,4,781,594.2781941553069,185.0,171.0,15,10,6,4
400.23624478767465,81.24383498154067,3.3422450581992553e-06,-0.1784760845084088,-0.07796736776633906,0.04692387580871582,4,1076,775.4163309352948,242.0,226.20000000000334,20,10,18,5
409.8789948979823,83.02771987540937,3.375220645990497e-06,0.3490771012645123,0.3191657031562667,0.04687237739562988,11,1438,1331.2705024015456,331.0,290.70000000000255,20,14,7,12
1149.1901584303694,236.5422274663618,4.115826007728442e-06,0.17578912868145102,0.2015749530935499,0.04687070846557617,9,3469,1995.5203702103893,744.0,431.31933475087476,35,19,33,14
1582.101414281448,329.7016885766016,2.4615426150312472e-06,0.400538746489447,0.4363443898113234,0.04687213897705078,6,5864,3426.669784159923,1287.0,745.0397052713579,28,19,25,15
1614.2484931529114,334.95259674225144,2.3781474098717084e-06,0.5175655485374453,0.5466358753870655,0.03124403953552246,5,6647,3995.4119954009084,1445.0,871.1486964240485,27,18,22,14
1865.1145231168507,394.7472463171763,2.155468555567857e-06,0.517304755916707,0.5363792353870578,0.04139518737792969,6,7852,4216.849823957554,1743.0,917.7433562132082,26,20,24,16
2002.5252684306838,423.9640841571812,5.872711360579719e-06,0.5627850408913333,0.5792261705043104,0.03899645805358887,5,9116,4691.309280664338,2013.0,1021.3229875061124,27,19,20,15
2384.4862219989286,525.8856118745828,1.967376254951624e-06,0.5234412422105867,0.534767793399082,0.03131890296936035,5,10130,4888.430065383429,2338.0,1063.8860642885265,24,20,22,16
2716.9308897895053,602.9843775424222,2.535702816146717e-06,0.5997166318734899,0.6119569858613683,0.03125333786010742,5,12624,6331.774047540343,3006.0,1387.6133343458769,23,20,20,16
3849.579754288794,853.3913381127842,2.6153819356052963e-06,0.3155940006200917,0.3367900883253273,0.031250715255737305,4,13873,4393.905336622068,3321.0,946.3710226144917,22,18,18,15
4524.361006934739,1020.2423475797564,2.811462140470735e-06,0.3281864603490775,0.3497983454159981,0.03125286102294922,4,16388,5231.731904131227,3900.0,1129.7216982295627,21,18,17,14
4743.864281816834,1095.071224473949,2.959200406691473e-06,0.3944060353847991,0.4059507558262315,0.031249284744262695,4,18126,6275.222543389027,4352.0,1362.1660510995134,19,19,16,15
4778.765983925217,1125.1366132059982,2.9911807652325735e-06,0.45956663946339815,0.45414612549353883,0.031249523162841797,4,19612,7125.691202159797,4739.0,1551.5332096363227,19,18,16,15
5084.181208025454,1195.719125693507,4.147710493726511e-06,0.3925505653757191,0.38331593433897193,0.03125119209289551,4,20317,6229.935505347199,5093.0,1347.085397935166,18,18,16,14
5270.627187282501,1265.072559615378,3.1361485850709414e-06,0.42401063697962116,0.4126820377504543,0.015624046325683594,4,21245,7296.840175477348,5393.0,1587.4546172673,19,20,16,16
5632.746730840659,1358.2974593737638,3.4114503357016103e-06,0.38731481770575105,0.37561744969393596,0.03130626678466797,4,21951,7088.93780568094,5745.0,1537.9682613731966,18,19,16,16
5347.102757983492,1366.6933586451573,3.572894265079185e-06,0.5707958680317398,0.5225092033522494,0.031249046325683594,4,25284,10530.246941837286,6682.0,2325.4353204980443,16,18,14,15
5325.436705865541,1391.453675710585,3.5706479097807605e-06,0.6125397903578277,0.556447309104397,0.015581607818603516,4,26567,11812.842105802894,7128.0,2628.707189671337,16,18,13,14
5139.372604741428,1410.8310084067566,3.6816173811840894e-06,0.6613906300013259,0.5800548256905997,0.01563429832458496,4,29178,13360.505452064404,8291.0,2990.663511912853,15,17,12,13
5721.572993972866,1609.7374422953922,4.19241536083567e-06,0.663656261294372,0.5793100932464036,0.0312504768371582,4,31134,15377.405609059226,8731.0,3475.0579159675835,15,17,12,13
5236.165923233041,1557.7155249185744,4.147499643749593e-06,0.7339027175595163,0.639860649260798,0.031246185302734375,4,32047,17435.017619925282,9245.0,3992.786749497689,14,16,11,12
40.949626142617014,7.867101547340478,2.096937744524941e-06,0.9121735344696262,0.9357582758452089,0.015617847442626953,4,426,378.70870426517195,136.0,136.0,8,6,5,4
65.13089047121404,15.876382537790533,2.709857634547594e-06,0.8500982869768092,0.8201227654202166,0.03125262260437012,4,534,460.41965362366057,153.0,153.0,10,6,5,4
98.55694007911364,20.335645289151827,2.440590549029505e-06,0.74064362517082,0.7625132043075997,0.03125500679016113,4,606,536.3178408128805,175.0,165.30000000000206,9,7,4,5
313.73432418480445,62.58059295927625,3.2005932246846477e-06,0.28357088859229074,0.35830852475212693,0.05651664733886719,4,1039,902.930531898481,238.0,225.29999999999677,19,13,8,5
616.9377779427629,125.64758294068953,3.5169798601984214e-06,0.3465586376633314,0.35330364557497795,0.04010581970214844,8,2067,1737.7714825071719,447.0,377.94853058709054,28,16,28,12
728.1927456584032,147.4158002493663,3.5113332554647752e-06,0.03737516413652675,0.06035745721711383,0.04686903953552246,11,1956,1467.0927766773118,421.0,326.0,29,17,24,11
936.4500593582233,193.52803820089616,2.6108581496722502e-06,0.29494218527883975,0.31661874721066463,0.03959059715270996,7,3132,2163.8087540342513,668.0,469.4658621783392,32,17,32,13
1009.0838394843098,206.94265172119233,3.856142754469223e-06,0.3931070272692897,0.4153432671858819,0.046860694885253906,7,3599,2473.1972687451885,763.0,537.2983155798488,32,18,27,13
1276.7927244919258,263.6947030752075,2.7523207526123385e-06,0.05023261008717095,0.08565835339026584,0.04687666893005371,10,3663,1893.529389788275,786.0,409.0520198509648,37,19,33,15
1549.473797485133,317.11660523259627,3.4575418875519584e-06,0.2506251960727379,0.29092691903521073,0.0468745231628418,7,5164,2603.82610331621,1118.0,563.0740892753547,32,19,26,15
1625.9404913445278,338.810623701697,3.4111262147551255e-06,0.4395052191391894,0.46271055343279,0.03124713897705078,6,6304,3391.0390015354424,1378.0,735.9980630524942,29,19,25,15
1861.9402775163064,386.8001906624234,6.799379337030124e-06,0.28217885020753575,0.3041813609114544,0.031253814697265625,9,6518,2697.340072011712,1429.0,581.6870102077874,33,21,30,17
2329.1472147078025,486.664039964579,2.448579814847027e-06,0.3390152443369596,0.37453128593913143,0.046875,7,8386,3546.034253457785,1826.0,766.6940491913642,30,20,24,16
2103.3954133282527,458.38568717567927,2.659763910666886e-06,0.6852138859664787,0.690584881139215,0.03125190734863281,5,11387,6291.664588681808,2617.0,1380.9045015956253,24,19,21,15
2598.380453091234,573.9110204344887,2.0399041621602686e-06,0.5826042572526086,0.588140962744184,0.031244277954101562,5,12001,5771.699307869521,2779.0,1261.192240150608,24,20,20,16
2410.9766569271465,540.1050628013741,1.8992126801090195e-06,0.6954276550922056,0.6967866991768574,0.015624046325683594,5,13030,7160.654482971091,3039.0,1577.83503335767,23,19,19,15
4162.92821824761,916.4400823764151,2.759821743013147e-06,0.2653618735605906,0.30595198583487293,0.01562809944152832,4,14327,4486.747816939363,3332.0,967.0757398148749,22,18,17,14
3977.677260121168,893.577408946984,2.7235661024215943e-06,0.4008781856486884,0.4062973914972433,0.031249523162841797,4,15834,5129.920449776405,3802.0,1107.8641420525737,21,18,17,14
3027.3760445100547,722.7596386111815,2.3243902289891836e-06,0.7110496035841147,0.6922024298369618,0.0312497615814209,5,17048,8874.089963808348,4155.0,1965.742699779068,21,20,18,16
5256.263172193946,1266.1833273042278,3.3224051068801577e-06,0.449274416771156,0.4385723761254767,0.031248807907104492,4,21400,7674.583562494796,5456.0,1671.7078386580888,18,18,14,14
5252.984778304448,1275.9620599625136,3.214502041746933e-06,0.4706701045494369,0.4475338743407097,0.015621423721313477,4,22207,7965.874018863367,5604.0,1737.013082377057,18,19,15,15
5197.254241148291,1278.2223973625314,3.996333521450742e-06,0.5168960905321122,0.4849429453961318,0.015626907348632812,4,23136,8707.908455076338,5977.0,1905.5205989793567,17,18,14,14
5354.878445811917,1360.9821338078427,3.5683465081237493e-06,0.554923389411406,0.511082860589589,0.036841392517089844,4,24979,9914.781748404414,6570.0,2182.153860063917,16,17,13,14
5379.472767256322,1474.5199561318254,3.886922669855615e-06,0.6404499181894655,0.5604726366555393,0.028000831604003906,4,29247,13022.857795204785,8103.0,2908.4074052127435,15,17,11,13
5493.3303293733925,1563.1294539773655,4.163547971899399e-06,0.6812331155823004,0.5932662587890425,0.015687942504882812,4,31408,15100.770346245918,8815.0,3398.226207692236,14,16,11,12
5179.83728118593,1520.092532130553,4.173562531052406e-06,0.7254967671254486,0.6307843353762097,0.03125405311584473,4,32107,16926.77454000031,9301.0,3854.4211646869753,14,16,11,12
5319.291653704833,1696.8687603245785,4.9571012212003525e-06,0.7777897582622886,0.6765571522582383,0.02187514305114746,4,36044,20386.24350586838,10896.0,4771.569189194035,12,14,9,10
5225.008762632188,1690.4295694328534,5.553231654566552e-06,0.7877654582764777,0.6907951540948198,0.015627145767211914,4,36637,20162.390688661155,11454.0,5357.399999999994,11,12,9,5
17.251043439646352,3.574949167336799,3.0171435489210817e-06,0.9769910219062177,0.9796028101969004,0.0280001163482666,4,327,331.9647812556155,110.0,104.0,7,6,4,4
30.230701247962454,6.515887950749128,1.972619257747169e-06,0.9020308875768137,0.8983122493052459,0.029943466186523438,4,296,282.79640624637864,107.0,87.90000000000151,10,6,4,5
27.30222631228215,7.068642696956327,7.087979816409864e-06,0.9580997731115756,0.9419313796548364,0.020122289657592773,4,416,409.35458536094063,136.0,132.90000000000123,10,7,4,5
33.17669293700902,7.946814852256997,5.582574227779626e-06,0.9306114611707628,0.9225208194984883,0.06249880790710449,4,405,378.86313651413275,134.0,134.0,10,6,5,4
33.89839550107624,8.23188267739037,1.7001200147755065e-06,0.9420390461654822,0.9346920889774666,0.031250953674316406,4,433,391.2968987724796,134.0,126.89999999999827,10,7,6,5
36.11758117923238,7.98337167532335,3.3440806041104775e-06,0.938996711097717,0.940104118308489,0.03125190734863281,4,493,435.5762702145287,133.0,132.30000000000018,10,8,4,5
75.61824351009687,15.449272656750809,2.095485298743865e-06,0.8059860649148135,0.8381087397195245,0.046898603439331055,4,536,486.6789490774082,155.0,153.0,10,9,6,4
681.6926182418345,136.14261603591197,3.4726960086693023e-06,0.21371618902535883,0.2370663579354555,0.046872854232788086,9,2120,1589.4937346264148,446.0,343.1368959496683,30,16,23,12
1099.740630065103,227.30397754032995,2.8563574615952317e-06,0.4404615208170989,0.469532471717219,0.04687762260437012,6,4145,2870.390822664103,920.0,624.7746822395789,31,17,23,13
1383.3084763819352,285.0555772057555,3.457436142770676e-06,0.19697186022825297,0.2316266546804745,0.059770822525024414,8,4339,2319.0449733105115,927.0,501.6660173561763,31,18,31,14
2422.677907897145,515.6770214650987,1.7849505940911911e-06,0.5821631549279659,0.6093487486986324,0.03804421424865723,5,11049,5724.721463094971,2467.0,1253.1589384873005,25,19,21,15
2340.5098093928627,522.7117022211465,1.7972645786326775e-06,0.6669335143147423,0.6704734893641502,0.03132271766662598,5,12029,6573.999025397707,2824.0,1444.5309844185786,24,19,21,16
4635.923978425482,1053.5319682265458,2.925911658564772e-06,0.30121726735500287,0.30931993138730773,0.03131890296936035,4,17338,4682.288350294231,4177.0,1006.7563172979476,21,19,18,15
4726.01373637036,1111.1879787353955,3.010239642699987e-06,0.4253876069535093,0.42085556783926725,0.031252384185791016,4,18764,6513.928321804656,4721.0,1414.236517509682,19,19,16,15
4550.037659468291,1068.4233971240653,2.802535071048138e-06,0.4648981721846568,0.4484577511430001,0.03124856948852539,4,19568,6645.616430535252,4856.0,1441.9058237330673,19,19,16,15
5306.349480064185,1274.1868963993343,3.399147880525316e-06,0.41662798624274167,0.4022001144144367,0.031252384185791016,4,21450,6971.589778919963,5383.0,1512.2110374799822,18,18,15,14
5266.221707672248,1396.8251176617905,6.118775003982728e-06,0.6185640892884816,0.5578051364053167,0.031243324279785156,4,26363,11959.65045806245,7007.0,2659.463260646842,16,18,14,14
5342.326392331204,1515.665033625449,4.079007916618218e-06,0.6891203285298826,0.6040439499865748,0.04682731628417969,4,30794,15212.590433277475,8618.0,3445.874709169211,14,16,11,13
14.108337922430104,4.231436786402139,1.8189383403040306e-06,0.970347347051508,0.9504834477379673,0.03124833106994629,4,239,232.48737138646635,83.0,83.0,9,6,5,4
26.767493851979616,6.419817716199093,4.424386690023418e-06,0.9527607227426956,0.9478547495389377,0.03123307228088379,4,396,359.4733917883753,119.0,117.0,10,7,6,4
42.59424059147861,7.928449478430039,1.6214366077779265e-06,0.8740729506926526,0.9112655854296475,0.015623807907104492,4,355,322.3108960713847,112.0,98.69999999999933,9,6,4,5
49.47089563497596,10.283683533746272,5.241175161839729e-06,0.8555072652398458,0.8703969237249497,0.031249046325683594,4,405,346.33690286357955,119.0,117.90000000000009,11,7,6,5
59.06820796632569,13.598657884298232,5.094316760819255e-06,0.8391487874571373,0.8455747171775722,0.0313107967376709,4,469,429.9621574188446,155.0,155.0,9,6,5,4
75.735896494577,16.17711307235396,3.717278389325404e-06,0.8271242856247665,0.8248032922490905,0.031203746795654297,4,578,511.7784001232942,168.0,168.29999999999984,10,6,4,5
45.71881109809498,9.335979111673213,1.5706403213641472e-06,0.9181303848299621,0.928885681373808,0.031249046325683594,4,489,428.32130748419473,133.0,135.900000000001,9,7,6,5
93.21319273888612,18.636284273193652,1.9015348647044008e-06,0.7315627128101204,0.7847025224221613,0.03125190734863281,4,544,473.84558855156837,151.0,149.0999999999989,9,7,7,5
140.24253525798682,27.400054631797413,3.282840506053058e-06,0.7466582006898177,0.7813351408188864,0.06254696846008301,4,874,718.9284495722068,246.0,226.49999999999795,12,8,6,5
195.5303655912931,39.961054640436565,3.6903837850461318e-06,0.504158775228168,0.5530430438727134,0.04754352569580078,4,857,707.5044035797441,236.0,236.0,14,9,5,4
261.6970644394631,53.288380301859796,3.0980088258763496e-06,0.44098763241327854,0.4867349121267073,0.06250238418579102,4,1082,800.7754486319864,260.0,246.0,15,9,8,4
353.216071535404,74.28631218906604,3.3029377331683018e-06,0.3640197903964334,0.295173811789053,0.046942710876464844,18,1339,1270.2795924503127,307.0,265.0,27,20,25,18
588.5251154555297,118.84221227502336,2.8601362345160293e-06,0.13113521103813608,0.1337659781397198,0.06250214576721191,13,1729,1352.887178122213,372.0,310.0,36,17,31,13
597.5178825439168,121.97039889278244,4.5075574955936485e-06,0.41588768524475006,0.43202339946251833,0.06250214576721191,8,2141,1871.3458439779497,458.0,406.30301873488474,29,16,25,12
834.6387018434604,167.95833150912244,3.4341669662494147e-06,0.2493688561458468,0.28922837547473434,0.04687905311584473,8,2622,1829.7436140404752,565.0,396.9045520266552,30,17,24,13
1394.3505006844407,285.2087503411568,2.2692974745142756e-06,0.4209729384940568,0.4617281293378701,0.04686999320983887,6,5199,3256.6864231486047,1129.0,709.1310825666105,29,18,22,14
1894.4993199353646,387.864594414644,3.021595623297598e-06,0.5405800673727754,0.5774285497018589,0.03125500679016113,5,8154,4453.283121047974,1786.0,972.2764268979836,26,19,21,15
2031.8365183785245,430.77398484674484,2.0927413459050274e-06,0.4868753357618494,0.5115709764413237,0.0468747615814209,6,8345,4239.4943813773325,1890.0,922.5103958501509,26,19,23,15
2227.2130848538163,478.0875858082369,2.0942723490743275e-06,0.4759900122797972,0.5008588902332787,0.031248092651367188,6,8836,4412.6072568807795,1978.0,960.5535899661054,26,20,21,16
2204.0519560896096,473.4319812972716,2.229736179419905e-06,0.6151363042619342,0.6316383451675434,0.03125429153442383,5,10530,5574.485644579209,2352.0,1220.6177874266168,24,19,22,15
2332.5338855036157,520.3808447110662,2.8167504622530832e-06,0.7203162903897622,0.7211473249949618,0.031249284744262695,5,13288,7463.109067082824,3046.0,1648.5308430051136,22,19,20,15
4218.631051295187,1012.9454443790277,2.7274628639877478e-06,0.5623455697757443,0.5350727484464014,0.031241893768310547,4,19927,7906.716950950204,4974.0,1731.4564534234778,18,19,15,15
5306.586452419705,1264.33619296294,3.3136583346064192e-06,0.3672106995508718,0.35793132067085764,0.03125309944152832,4,20470,6227.643363902032,5243.0,1346.3448546305453,19,19,16,15
5283.14977502256,1303.1330616562516,3.3865943037106226e-06,0.48891123751268317,0.4643201812922001,0.04687047004699707,4,22412,8410.312157541042,5833.0,1839.0305483631964,17,18,14,14
5649.5038087632765,1374.2559478966627,3.527948151515905e-06,0.43418910927269916,0.41070754290401223,0.04829668998718262,4,23438,7807.104563433384,5993.0,1698.4144674562813,18,19,15,15
5173.808188503833,1332.68803584888,3.5006916826870122e-06,0.5896628347087401,0.5392738272898854,0.02579641342163086,4,25117,10718.746948171667,6623.0,2371.9879263465864,17,18,14,15
5668.65843798187,1588.5949994941193,4.174730742358469e-06,0.6584253223628493,0.575498180436838,0.031202316284179688,4,30773,14796.752882924491,8718.0,3341.2297762039307,14,17,12,13
5249.6964844458325,1523.440839576974,4.12212138083992e-06,0.7113642093588579,0.6187404850740259,0.03125762939453125,4,31753,16168.534176335668,9144.0,3667.478981309545,14,16,11,12
5276.4981945666495,1582.219190268632,4.447901977165871e-06,0.7275625429372848,0.6273094643960482,0.03130626678466797,4,33587,16979.00211589996,9924.0,3871.436327437672,13,15,10,11
31.98685363865466,8.37014535899388,1.5590419874031946e-06,0.9294754927420241,0.9164194032691934,0.03125,4,368,346.3700124153329,117.0,117.0,10,6,5,4
16.812188971599298,4.853851273296948,2.090969863296285e-06,0.9698286781159077,0.9494099226975875,0.03124856948852539,4,293,266.1735153990243,97.0,82.50000000000085,8,7,3,5
48.66606026466897,9.95259894042583,1.9072295206118073e-06,0.9101547459337898,0.9267879106512892,0.06249833106994629,4,518,497.78562913122937,162.0,162.0,8,7,5,4
102.22372136428298,21.147961916974158,2.275866140831181e-06,0.7498142528689802,0.7728420608522801,0.031240463256835938,4,636,517.3060246114612,172.0,165.0,12,8,6,4
85.55955485475896,18.361996990161185,4.5451475662183506e-06,0.7963837163651575,0.7984646704979242,0.06249642372131348,4,626,574.1213526808308,182.0,178.0,10,9,4,4
402.03144425600635,80.92606461303404,2.8743772076931613e-06,0.11685270379190205,0.2033582742661174,0.06250166893005371,4,1187,934.7927624174877,279.0,279.0,17,10,5,4
1050.4992397642266,214.18412978518577,2.3037446764944736e-06,0.34395909905881106,0.3889203278180611,0.031245946884155273,6,3679,2546.715833741648,799.0,554.513936103805,29,17,29,13
1533.6351432475758,314.7516403634059,2.4666863080462e-06,0.4022711177071183,0.4360153464822025,0.03125572204589844,6,5760,3209.4084624880834,1224.0,697.5222032431493,30,19,23,15
1737.0107833094671,363.0968131388975,4.604702359700305e-06,0.5885729895282419,0.6096145222757064,0.04687190055847168,5,8035,4559.042624297454,1834.0,996.2644747930681,27,19,23,15
1987.6295239040016,420.5848604836282,1.9558165291006293e-06,0.5758488578027622,0.5907053016692614,0.0468747615814209,5,9368,4745.662826692942,2064.0,1035.3051252042887,26,19,21,15
2267.5527249347583,508.2187259298315,1.8552340104453868e-06,0.6792604410191789,0.6828587931925928,0.03836631774902344,5,11738,6597.114034717873,2765.0,1452.1084819258485,23,19,19,15
3927.6643753108315,886.0133357728968,2.778261246725306e-06,0.36091833494368264,0.3786179239073243,0.027118921279907227,4,14602,4977.000021223899,3489.0,1076.5481305106628,21,18,17,15
3932.5339807617147,902.5384143154039,2.850700284015576e-06,0.442999872433832,0.44096305831361493,0.03125309944152832,4,16155,5635.89587376906,3913.0,1221.2734296403596,20,18,16,14
4265.817090493588,994.6154510205444,3.0256081067197593e-06,0.4780671717370969,0.4734314223094622,0.04064130783081055,4,17791,6644.862002292533,4397.0,1447.7234063827282,19,19,17,15
4168.442039515516,996.1746490824006,2.7334371882078104e-06,0.5560583196191924,0.5342475899154702,0.03125429153442383,4,19182,7710.630803985826,4852.0,1687.0213706915983,18,18,15,14
4771.031578455147,1157.7915102068434,3.1298690398923762e-06,0.5259084241831764,0.5031693924621816,0.03124833106994629,4,21118,8238.524304273613,5334.0,1804.438999336875,18,18,14,14
4676.1382422660745,1157.6174727449095,3.1578206412718695e-06,0.5681180810498049,0.5341065302831416,0.01562356948852539,4,21923,8932.119476374754,5627.0,1964.3131500526397,17,18,14,14
4773.004247492091,1202.1643149042366,3.182013848747722e-06,0.5923213264941839,0.5466580424042421,0.03125405311584473,4,23770,9730.611619694944,6183.0,2146.281315919092,17,18,13,14
5206.711738653783,1336.134194303182,3.4874595251078744e-06,0.5930319869894659,0.5374489152054864,0.031252145767211914,4,26157,11001.992195929137,6896.0,2438.290391363518,17,19,14,15
5548.535603858542,1697.4293918307337,4.8664775802728415e-06,0.7263444286082448,0.6179914509131361,0.031252145767211914,4,34966,18243.884234914,10479.0,4184.389207739767,13,15,10,11
5046.636768404523,1653.7305959962625,5.4571263291685925e-06,0.818488477166335,0.7331019184774086,0.03125572204589844,4,37426,21720.788680183236,11820.0,6244.799999999996,11,11,8,5
37.76464441519746,7.733944026493633,1.336142699209659e-06,0.8934244609188697,0.921066499551973,0.015627384185791016,4,342,331.7006853336893,128.0,128.0,8,6,5,4
31.18277690406774,8.522541552599824,2.027649957131723e-06,0.9623449798408993,0.9501865489675959,0.01562809944152832,4,505,456.5471293816138,152.0,152.0,8,7,5,4
43.66092340486152,10.125609179304414,2.8303283090357265e-06,0.924444019933341,0.9237544084683282,0.031252145767211914,4,486,433.7545650925861,155.0,155.0,8,7,5,4
55.76636708241704,13.492387618026076,1.9097200771415333e-06,0.9144235141156362,0.9088486808591308,0.0312497615814209,4,549,514.8020594393108,167.0,167.10000000000161,10,7,5,5
81.22700583035521,17.09400222173724,3.456627565874707e-06,0.8560346673180176,0.86792677658787,0.031243324279785156,4,651,574.0226709564224,182.0,183.30000000000183,11,7,6,5
123.36941682630516,25.943381972413775,3.3006174844796338e-06,0.6553361813781331,0.689797722667565,0.031246662139892578,4,665,593.8593495047143,200.0,195.0,9,7,4,4
69.38672968509509,13.545053917352018,6.3518923373233326e-06,0.8116779241717904,0.8379475083459085,0.046829938888549805,4,539,474.20872053105404,162.0,162.0,9,8,5,4
106.2544831713829,21.849942297836904,3.322147118109185e-06,0.7482071146987687,0.762864977863159,0.04687857627868652,4,657,554.1311000014949,190.0,184.0,10,7,4,4
229.2203245424133,45.61737359159936,3.2698967602995154e-06,0.5406039937392151,0.596444902210258,0.04687833786010742,4,1093,899.7961020524099,267.0,265.5000000000018,12,10,9,5
436.88867796870113,87.35798256986746,3.220526054959277e-06,-0.1958863813640621,-0.08805378504024253,0.04913663864135742,4,1084,733.2322733613115,257.0,218.0,34,9,14,4
465.641051558811,95.75654218702634,3.104870257562478e-06,0.33888268262586485,0.32617284996003615,0.046874046325683594,10,1592,1410.8036939437502,344.0,334.0,22,15,17,10
528.2183009004667,107.86391519096072,3.71861584557474e-06,0.24183900650150825,0.22388252646419726,0.04162716865539551,11,1632,1423.135116968896,358.0,323.0,35,16,33,11
757.9231307572527,154.9903409223946,3.3624954380887595e-06,0.2196910990325427,0.24480254194571238,0.04688000679016113,10,2400,1681.786020244027,528.0,364.40171798547567,33,18,28,14
858.5217550512065,175.10860314108928,3.744966837523216e-06,0.28700256249579315,0.32533652880648534,0.04687237739562988,7,2822,1968.281820073979,602.0,427.15793008580954,30,16,29,12
1110.92809220246,225.92139984968685,2.6334400174545393e-06,0.44763036357983854,0.48376284668376646,0.12966418266296387,6,4226,2930.516608295941,902.0,639.1571701556941,29,18,29,14
1560.6840419056591,323.76332224533417,2.079363277398071e-06,0.45546543692291186,0.4965203666666437,0.03288698196411133,5,5934,3731.784219899662,1297.0,814.6450384766849,28,18,23,14
1995.3939215686446,412.1825384074951,2.949426108274297e-06,0.2685193961187182,0.30409659406756473,0.04687070846557617,7,6710,2907.9816191837344,1453.0,628.8453180187221,29,20,26,16
2430.510676422212,521.3038309295752,2.8136894117492727e-06,0.5360476231473863,0.5579011854241624,0.0312497615814209,5,10466,5099.828800639849,2395.0,1113.151215285959,25,20,21,16
2144.331463779612,480.53280392792743,9.184858009765063e-06,0.7386961868347945,0.7327465361021412,0.031244277954101562,5,13225,7303.264161429962,3135.0,1611.104215181711,22,19,19,15
2551.764739291652,571.0756602934761,2.9594132243189156e-06,0.6881409734473443,0.685348683180183,0.03125643730163574,5,14066,7207.102870504337,3275.0,1588.0397821428942,23,20,18,16
4566.895616365712,1051.6983370200758,3.1800390956748876e-06,0.36575040893668653,0.3776779426044995,0.03124690055847168,4,17103,5652.4055092056415,4116.0,1224.3579624505546,21,19,16,15
4199.421179183688,999.4457663248155,2.6935727004064005e-06,0.5240853774454516,0.5000616919590857,0.03124690055847168,4,19354,7129.90166062168,4793.0,1554.2734447155108,19,19,15,15
4546.835057553379,1083.62253918555,3.8349588610894885e-06,0.5159360825988917,0.4972821984369131,0.04298210144042969,4,20122,7649.081759691217,5068.0,1671.2696192919138,19,19,15,15
4736.60835904093,1208.4300497744484,3.1759848507368666e-06,0.6157308010584812,0.5627247339500697,0.025847911834716797,4,24622,10496.903945946848,6531.0,2323.515834103988,17,18,14,15
5275.7078171333205,1363.5663341949798,3.5314470864161842e-06,0.57807791368031,0.5255975172490959,0.025933265686035156,4,25549,10508.268876504706,6761.0,2323.553798012983,16,18,13,14
5249.055998962626,1415.6909662568723,3.7991856571207873e-06,0.6318233854851187,0.5651074247779018,0.03125500679016113,4,27184,12228.921787035686,7365.0,2725.280054852761,15,17,12,13
5677.159622575927,1596.1232608332857,4.361776297015931e-06,0.6445641476236256,0.5610333434853687,0.031245946884155273,4,30092,13993.69184202316,8489.0,3150.4790158063297,14,16,12,13
5234.032347840345,1503.6145429869753,4.009346065935177e-06,0.6937414416778473,0.6007746793822419,0.03125452995300293,4,30398,15718.380526397443,8548.0,3577.6912195840796,15,17,11,14
5546.138989347819,1753.3740719166158,5.197879495051399e-06,0.7500264759601627,0.6407124816281677,0.031247854232788086,4,36178,19574.2110324953,11268.0,4532.12740160228,12,14,9,11
26.932920915856933,6.451967539959896,2.72092308143836e-06,0.9215721634135289,0.9235178530716445,0.015624284744262695,4,291,263.131332258929,94.0,84.89999999999986,8,6,6,5
18.08075591956626,5.409644707740832,2.1921999180715123e-06,0.9758828686235639,0.9619467690881035,0.015676498413085938,4,327,328.6591895628428,121.0,121.0,8,6,5,4
18.070309854493054,4.847129369351109,8.47427965681299e-06,0.975297417912063,0.960994641311828,0.03129982948303223,4,366,356.4657902286457,117.0,107.0,9,6,3,4
31.36356953153784,6.353291263910162,5.074142683129276e-06,0.9433892157263489,0.9475286501113164,0.031247854232788086,4,466,404.8403954953668,136.0,136.0,10,7,5,4
128.35948246484688,26.763191027902565,3.7088531611976717e-06,0.7060304461945024,0.7229183058228443,0.046875953674316406,4,779,682.0000532994935,237.0,214.79999999999723,10,7,4,5
147.24411357770308,30.184981480064327,2.262093097305018e-06,0.5610533719234092,0.621931429288135,0.031249523162841797,4,679,602.4320194708339,192.0,186.59999999999775,12,8,4,5
180.7348526727864,38.540763853377285,2.7650076785796245e-06,0.5506803212282401,0.5832137350544857,0.046874046325683594,4,854,674.7269848876643,214.0,214.0,14,8,5,4
224.18414201274692,46.14291695327353,3.5775639612482593e-06,0.45846800839967017,0.5074376236868754,0.06249856948852539,4,929,778.0950452038333,233.0,226.0,17,10,6,4
250.50732761700831,51.30899954925379,3.3403668801713357e-06,0.601754951967902,0.5132935894877498,0.046875953674316406,20,1267,1254.0,297.0,243.3000000000011,23,20,6,21
464.6085089656137,94.86871631276533,3.028838509088224e-06,0.4594509447265943,0.4491064112919999,0.04611778259277344,9,1744,1593.7716123533482,372.0,353.1000000000031,25,15,19,10
755.5632493844213,153.20935126607483,3.408913296999393e-06,0.36986121675849215,0.39103284644167036,0.0468754768371582,7,2595,1978.9130090879275,560.0,430.44588443758994,28,16,28,12
842.1204336536032,168.5212989006074,4.093963995592624e-06,0.3724152917252944,0.41114457953946804,0.057253360748291016,7,3021,2220.236182176848,650.0,483.5710094341482,29,17,26,13
1234.5036584982872,253.49834496028353,3.279990076573135e-06,0.20503547923600396,0.23836971890015746,0.046875953674316406,8,3893,2138.4204463312117,832.0,463.29777859103933,32,18,32,14
1809.23950983066,382.0999860079636,8.39460515401865e-06,0.5557795863394537,0.5700977135468026,0.0423893928527832,6,8253,4306.373658468558,1826.0,938.9131549188505,27,19,24,15
1882.8734989219079,402.58201078867074,1.853096650793903e-06,0.6107833981629232,0.623137732816994,0.034000396728515625,5,8882,4877.1759406233095,1994.0,1066.1867717819473,24,18,21,14
3090.317734821484,664.3643504567806,4.854885368580281e-06,0.09449817181546272,0.13771536345908764,0.03129696846008301,4,9570,2653.765972212559,2155.0,654.0000000000009,24,15,21,5
2000.4339047152862,435.5040709133435,1.7764679437320077e-06,0.6503343061424622,0.6576000908605939,0.031248807907104492,5,10026,5572.806114175217,2269.0,1222.235723345852,24,19,21,15
3140.314279152866,671.1332117657595,8.359628497601423e-06,0.2807567342815446,0.3216189976206455,0.031201839447021484,4,10929,3710.5145763408127,2466.0,801.2008297652005,23,17,19,13
3607.485771360923,787.5744013196573,2.657983349670378e-06,0.23829954005100273,0.27542198033505383,0.031249284744262695,4,12253,3777.376254922009,2797.0,814.4256159989477,22,17,19,13
3592.2637979939104,789.913963273712,2.748147125337867e-06,0.2724473493730213,0.29343557720934466,0.03130173683166504,4,12845,3696.1548175160387,3065.0,795.1789972925253,22,18,19,14
3825.7505243891374,842.660105893873,2.8327335570048574e-06,0.2901589431909506,0.3153917271805695,0.031247615814208984,4,13565,4094.7728324397217,3203.0,882.7329640724115,21,17,18,13
4011.8029720820036,884.9549663464347,2.7103546141801582e-06,0.2772614111816343,0.30340222922789506,0.015624761581420898,4,14261,4136.709706549425,3390.0,890.7002424628231,21,18,18,14
4675.834840371774,1141.1983373181877,5.060777765691465e-06,0.5475113141418599,0.5197397501136596,0.015621423721313477,4,21469,8498.9246483889,5394.0,1863.848612849063,18,18,15,14
4895.3270522693665,1310.0441896747948,3.681329691542054e-06,0.6461160020639267,0.578482621490648,0.03124856948852539,4,26217,11898.110867090629,7120.0,2647.8569071576585,16,17,13,14
5744.537381177145,1559.9148311731178,4.103364553333595e-06,0.5897792166985134,0.5111351488899397,0.03125262260437012,4,28864,12186.801068427832,8093.0,2711.8824544608924,15,18,12,14
5650.482345435175,1614.4100561666805,4.403571877738612e-06,0.6779035483854372,0.594813812388837,0.015622615814208984,4,31028,15360.568824985086,8932.0,3471.288958460722,14,16,11,12
5233.791260335889,1681.6429678576847,5.135794992665647e-06,0.782448409764283,0.679352470167393,0.03129696846008301,4,36463,20328.436614659273,11379.0,4756.415589087919,12,13,9,10
25.499933990067984,7.370993117484165,2.4221189699419618e-06,0.9279411909434161,0.9008708324618476,0.01562643051147461,4,290,276.41027051929456,91.0,91.0,7,6,4,4
14.315013531896787,3.755581465809814,1.8254723610783058e-06,0.9774149076485069,0.9680921401521879,0.015625476837158203,4,293,281.0693460630049,107.0,86.40000000000114,8,6,3,5
34.05970608251436,6.811911846133295,6.2790896846968955e-06,0.899631954995105,0.9124229231776164,0.03999972343444824,4,338,331.85416755803305,109.0,104.0,11,8,4,4
148.60336303635117,31.073679468534763,3.7377762759908664e-06,0.6913599556206049,0.7127949734150457,0.032759904861450195,4,821,699.9199779861799,227.0,227.0,12,7,5,4
191.39377471095185,39.391318707768804,3.889569022852776e-06,0.2325627431423971,0.29969306076607116,0.04169917106628418,4,661,563.6831976101572,192.0,175.79999999999643,12,6,4,5
285.7555052550721,58.023487486877144,3.6685216860445376e-06,0.23183788279612816,0.30270042649571527,0.046872854232788086,4,901,746.7585692801897,232.0,227.0,13,8,7,4
342.0490233693935,70.57026961713208,3.3352682904765535e-06,0.10467053219748301,0.16431260358201627,0.04687333106994629,4,1044,795.3345479900219,240.0,234.0,17,9,6,4
529.1019354343601,107.1240862951523,3.169485236391196e-06,0.24289427574494937,0.24009917094400635,0.04687380790710449,11,1676,1389.1579530201795,366.0,300.00000000000057,24,16,18,12
576.4251171260419,118.76229545107532,3.2684210279746186e-06,0.3517447194454527,0.3677598129761973,0.046874046325683594,10,1968,1626.6199757216923,434.0,361.50000000000136,26,17,26,11
915.358351556451,184.99406638914866,5.309363624124009e-06,0.18884777986985601,0.22108604044307767,0.0468752384185791,8,2835,1785.7249521383403,603.0,386.92903872899774,32,16,27,12
1167.5084953155742,240.28699245747225,3.0029246445698513e-06,0.24299383239308636,0.27643769722452904,0.0312042236328125,7,3717,2260.668332731595,816.0,490.7827824244664,30,17,26,13
1274.9758326381695,262.5047320826372,3.227543257916866e-06,0.3380668023605755,0.37474302857581987,0.03125166893005371,6,4455,2731.305172800717,978.0,593.7986379988629,30,18,30,14
1253.4689622051908,261.63614934072933,2.586103869806461e-06,0.5601591370676174,0.5871037697171595,0.03124856948852539,5,5414,3722.937129628873,1190.0,815.2263432121863,26,18,24,14
1361.5173137619552,279.40652966862075,4.683747247543234e-06,0.5056488716752492,0.5350179791958689,0.031244277954101562,6,5625,3420.577487330192,1240.0,745.8725798897758,29,18,22,14
1730.923449254725,364.6651900417541,2.0300447510548194e-06,0.5076877643055382,0.5302334497247658,0.046875,5,7165,3951.1937443907173,1583.0,861.175059844667,27,18,21,14
1887.848579380574,394.33998624141634,2.012835943036219e-06,0.5858099582441447,0.6097533602859837,0.03125333786010742,5,8648,4753.429243840691,1901.0,1040.1011734577723,25,18,21,15
1765.1826733550697,383.9080928628214,4.435236497564448e-06,0.7208172573001453,0.7217721089565667,0.0468747615814209,5,10350,6028.597082264562,2393.0,1327.7937432828749,23,19,19,15
3840.302384375384,838.9984460936248,2.6929118731722885e-06,0.20789516647081552,0.24548058947883822,0.015625476837158203,4,12923,3621.235460568101,3066.0,779.0767023235899,22,17,18,13
4233.787217092261,980.182260973656,2.9447523306286046e-06,0.45624489288846737,0.45416527626410985,0.015628337860107422,4,17298,6243.818808941845,4171.0,1356.609165417426,19,18,16,14
4629.6284469012335,1096.5825409977056,3.0832667862494023e-06,0.4740291473384588,0.4715942206851069,0.02359771728515625,4,18970,7292.941133465962,4725.0,1592.7934196083006,19,18,16,14
5105.11859593812,1280.1122892086667,3.423039804212242e-06,0.5447450400056969,0.502179229826523,0.026160717010498047,4,23864,9208.797782834408,6183.0,2021.4809230664696,17,18,14,14
4691.422386108494,1567.1805084773519,4.8244243365764365e-06,0.8225183436026984,0.7182220273674876,0.015624046325683594,4,36389,21884.641796772485,11475.0,5180.874960894071,12,13,9,10
5019.947671222163,1671.0234710992074,6.493721300282115e-06,0.8176403017681353,0.7244798835851607,0.03125286102294922,4,37310,21882.569468510894,11741.0,5809.499999999993,11,12,8,5
22.431832763314187,6.131711986857141,7.78283556745265e-06,0.9442597838953859,0.9194646797457645,0.01568913459777832,4,298,284.2765251581485,99.0,92.09999999999832,8,6,3,5
40.16102814524207,9.93952249183632,4.182939497592191e-06,0.8962956094126445,0.878154594832299,0.031246662139892578,4,381,343.4185215547029,133.0,118.19999999999925,9,6,4,5
69.34898725394243,14.758274668231605,2.7497385280257944e-06,0.8812079182758735,0.8913335476154747,0.015624523162841797,4,620,558.1341917357595,182.0,182.0,10,7,5,4
48.696683706020465,10.912419333356102,5.590548214285117e-06,0.9097640488191633,0.9055605078726892,0.031248092651367188,4,536,492.6059312377974,160.0,148.80000000000155,10,8,7,5
98.39425007099831,20.280173479806383,4.914788991648521e-06,0.7266761317218982,0.7424040326046472,0.0468747615814209,4,627,551.3592657041527,190.0,183.0,11,7,4,4
131.5525425411188,27.137767553826038,3.1900217212263207e-06,0.6412078905743326,0.6653779148891494,0.0468745231628418,4,699,597.6406283681437,187.0,185.09999999999957,12,8,6,5
203.57030608426305,42.258671836962854,3.327452690321502e-06,0.40899638034603636,0.4457597244038013,0.04687857627868652,4,791,665.7181675387036,209.0,194.9999999999966,13,10,9,5
359.608624157198,72.60772781250049,3.1272376884856605e-06,0.17003226682802042,0.23664638112182446,0.046874284744262695,4,1136,793.9506598509342,255.0,250.0,25,10,15,4
460.094617661856,94.47300953786609,3.1973558122735636e-06,0.291078173599443,0.25838407464739643,0.046874046325683594,15,1444,1351.371159308741,320.0,291.5999999999983,27,19,23,16
595.7140965928465,123.14000568676148,3.183360804747296e-06,0.33253144329579987,0.3297652248434487,0.04687356948852539,9,2037,1620.37366395722,459.0,352.1282441098165,28,16,28,12
707.1529641274,143.57480622786738,2.7840357813136966e-06,0.3354080461174431,0.35968598606570745,0.04686927795410156,8,2396,1874.9220840668154,490.0,409.0268382249578,29,16,26,12
859.9872758181297,173.73794285159593,3.992404245549184e-06,0.14700629338007243,0.16938738336961645,0.04687619209289551,11,2608,1617.4471734847505,570.0,350.2083437635206,35,18,33,14
1036.119429842743,215.11360869896043,3.2969831876522446e-06,0.20655371539442524,0.22567261250996373,0.046875,9,3182,1945.742187590725,701.0,421.9952208079187,35,18,29,14
1129.187369820794,231.30371389234773,9.403943782495434e-06,0.6283251594937636,0.6475170780972961,0.04685211181640625,5,5446,3843.6667344362268,1146.0,842.396626252917,27,17,23,14
1806.324695409416,379.00034083443416,8.14645748458773e-06,0.5404045013436924,0.5623985238972974,0.055234670639038086,6,7922,4179.901044264886,1790.0,911.7588779655848,26,19,21,15
2514.5668998161723,553.1698725099112,2.0265268800546214e-06,0.6178973879379612,0.6238886137300739,0.0247957706451416,5,12309,5983.805355461389,2900.0,1310.8510450872354,23,19,20,16
4317.099995067672,966.0083102545673,3.0539318239246902e-06,0.22457051415805274,0.2615067761115013,0.031249523162841797,4,14588,4229.3639200838625,3527.0,911.2718410880943,21,18,18,14
2972.2360526336965,670.8524925828768,4.171670612594331e-06,0.6153024848084758,0.609789674932626,0.03131437301635742,5,15103,6716.329410109731,3580.0,1470.908271133765,22,20,19,16
4728.139714288931,1091.5551351082217,3.1281655666169557e-06,0.4028508703928594,0.40876908451051497,0.015622377395629883,4,18357,6181.0126781821355,4481.0,1341.6351956615936,19,18,16,14
4885.212108520225,1150.8493697694996,3.1678332161188e-06,0.4131956437527887,0.40168136817804134,0.03129410743713379,4,19928,6271.933199260391,5024.0,1359.2403974453846,18,18,15,14
5040.801698914123,1364.9149748795287,3.6883993135175838e-06,0.6709818571385819,0.6025243810880563,0.03125643730163574,4,27764,13179.565522959218,7554.0,2963.2242748982844,15,17,12,13
5788.321016172712,1567.2278886784845,4.20550763149738e-06,0.5979137404770817,0.5297136029353346,0.031249046325683594,4,28458,12331.051634877891,8020.0,2747.985671363178,15,17,12,13
4520.787190348777,1517.5197180268067,5.150532707682707e-06,0.8421973422401645,0.7518961473311518,0.01562666893005371,4,37642,22373.20743266994,12176.0,6447.5999999999985,11,11,8,5
34.340296629894475,6.958873351547277,1.9329010673020684e-06,0.9123373174972073,0.9375858144005841,0.01557302474975586,4,329,340.71619257239905,115.0,115.0,7,6,5,4
7.97508939422017,2.719279911972324,1.2865750202966173e-06,0.9939280481691292,0.9841004096813574,0.11333894729614258,4,315,303.953989507403,102.0,102.0,9,6,5,4
47.96226045817123,11.341528815973005,1.786185854947626e-06,0.9210761604632982,0.9193906093914137,0.0260007381439209,4,503,467.90147553995234,151.0,151.0,9,7,5,4
41.89220757101465,9.169750722234483,2.269012455261441e-06,0.9218896278264772,0.9302060583651349,0.029171466827392578,4,468,449.9037766599926,161.0,148.0,8,7,4,4
69.51073148286112,13.109347060163781,4.538212010911325e-06,0.8456197987912469,0.8865114309841566,0.04688549041748047,4,559,512.7452146302376,178.0,167.99999999999852,11,8,6,5
90.39482429481656,18.21998453612236,4.927131086452024e-06,0.8365553997645314,0.8529852592069785,0.06248044967651367,4,736,643.1289852609685,223.0,204.0,11,7,6,4
72.77254775955922,16.307328360802902,4.6522609887886095e-06,0.8676043730661956,0.8630272918248245,0.050501346588134766,4,632,552.8023667181552,179.0,176.0,10,8,4,4
186.09691779749443,37.7064700843382,4.108349858432156e-06,0.6151515179803224,0.6530823210125221,0.06512188911437988,4,934,787.7609033767604,232.0,245.70000000000164,15,9,6,5
324.2763362064395,63.60095603075523,3.5323635329061322e-06,0.45754852089437115,0.42296162071409604,0.05413627624511719,19,1312,1255.7,286.0,251.6999999999964,23,20,25,20
1863.6172082629203,384.3627295102083,5.974805615361336e-06,0.3658394648505202,0.4145239975064584,0.04687094688415527,6,6703,3442.7896613067733,1509.0,748.6873641590287,28,19,25,15
3071.553031458349,659.8109593296904,9.411620621201527e-06,0.24211992716208985,0.2764706359432725,0.046875,4,10732,3244.0333654370716,2415.0,699.1670263038964,23,17,19,13
3410.3892277022387,741.7138085522485,2.5824336081025253e-06,0.24640157527472606,0.28140005149420166,0.046877384185791016,4,11693,3597.9424105631015,2729.0,775.4370545200472,23,17,20,13
4100.474685045025,920.1718580332463,2.832370537291352e-06,0.28877599394547915,0.30625452183203494,0.031250953674316406,4,14859,4223.066951328181,3626.0,909.7478057456674,21,18,17,14
4115.999115400113,946.7082199902179,2.762239746217686e-06,0.3989114956630023,0.40532306660401196,0.015627384185791016,4,15881,5456.899686232215,4008.0,1183.0806440123847,21,19,17,15
4176.927873408968,952.1989588012206,2.741572219695771e-06,0.4312376771859985,0.4342651070403395,0.03125262260437012,4,17032,5815.3054554385035,4133.0,1261.795723139625,21,19,17,15
4598.761788350972,1073.0719232348472,3.1218548155225946e-06,0.43409371485025583,0.43135769400449675,0.03125143051147461,4,18435,6417.055983172371,4534.0,1396.0283605728428,19,19,16,15
4394.524762846699,1074.762836947543,3.319888931206753e-06,0.5651958134278274,0.5325663538297607,0.04687809944152832,4,20901,8291.850414784463,5361.0,1819.0607363240133,17,18,14,14
4774.193251149911,1178.2746537908336,3.2934855321076925e-06,0.5400167304006254,0.5101322005435209,0.03125,4,21726,8545.609128823104,5531.0,1875.3338134998885,18,18,15,14
4831.703738980711,1291.9169918609844,3.707303187622872e-06,0.6548037398701289,0.5905171251946008,0.031205415725708008,4,25931,11853.297534548292,7093.0,2647.2233751769036,15,17,12,13
13.139629171103222,4.098997483605165,2.187190823552285e-06,0.9819556494307693,0.9659837817114956,0.031200647354125977,4,298,287.09292613202837,99.0,87.00000000000136,8,6,3,5
15.64025934778468,5.909899600129687,2.1461073517792256e-06,0.9781679317021915,0.9481611936244474,0.015625,4,308,286.5559001315495,109.0,109.0,9,6,5,4
11.762901063803787,3.480786216196292,2.7967176537657913e-06,0.9743490393919123,0.951394449830319,0.031249523162841797,4,243,241.24310278862382,90.0,69.30000000000115,7,6,3,5
36.48288644882708,9.337064332260427,1.7939363166499844e-06,0.9016439759763524,0.8722439856405269,0.015670061111450195,4,345,323.1632621022714,110.0,104.0,8,6,3,4
45.66957735166925,10.357441444553375,1.8373971242985632e-06,0.8658489508684,0.8789193281732043,0.01562643051147461,4,378,365.7894845741762,128.0,128.0,8,6,5,4
80.15508277565826,14.776549156144126,2.0152739258005382e-06,0.795954757612016,0.8522063355825378,0.02516627311706543,4,528,478.5912474654721,159.0,155.99999999999852,11,6,6,5
82.83101864152859,17.70610387529893,3.6570363650010833e-06,0.7915988895646164,0.7946956676934913,0.05640888214111328,4,653,571.5227691336166,191.0,190.0,12,6,4,4
34.86875781312361,8.800427775409435,2.230319499893895e-06,0.9477109708927597,0.933063839432126,0.0530705451965332,4,484,451.6522644238371,163.0,163.0,9,7,5,4
116.04322717264873,23.69135117192904,2.452907919343681e-06,0.6915246339410923,0.7179067344778133,0.04694032669067383,4,639,579.2400803540484,190.0,187.0,13,8,3,4
342.0600467939697,68.03629746186702,3.974916987292915e-06,0.3866658053019124,0.446495871338187,0.04687213897705078,4,1234,933.1916121826589,311.0,290.0,18,9,7,4
317.61653828273853,65.620791195927,3.0716705058926425e-06,0.2976444245633183,0.3669505906571041,0.0468747615814209,4,1165,850.1940956869746,287.0,287.0,16,9,5,4
370.1129550554748,75.45689763402613,2.8504295190557863e-06,0.39489739555436787,0.3684770413872762,0.046878814697265625,11,1350,1331.3034959067134,326.0,287.0,21,15,11,11
393.7234662900812,80.60497493966548,3.1470131083813035e-06,0.4064027450944566,0.38981549342329824,0.04950594902038574,13,1394,1360.3702862934583,317.0,297.6000000000031,24,17,12,14
621.8082590483275,126.32011794469503,3.1845614532384887e-06,0.31514653298963613,0.33507333140235485,0.046878814697265625,9,2056,1696.1579049246177,467.0,369.21255736739704,29,16,24,12
1408.0656263273245,288.2834344526593,7.552139084450129e-06,0.47214430934371576,0.5060620465012198,0.04687643051147461,5,5524,3300.4565095167827,1180.0,719.8424822319275,25,17,22,13
1629.9958157484273,339.4528308004789,3.5179044591767313e-06,0.4823084662577318,0.5145482511730404,0.04687857627868652,5,6520,3766.1049268084043,1424.0,822.2637082492638,26,18,25,14
1562.7681297212628,325.6881191133291,3.1304397066883337e-06,0.5405954217077831,0.5587950878070049,0.031247615814208984,5,6822,3932.69552921833,1499.0,858.4217078012111,28,18,22,14
1896.1559834376287,399.14816547688326,2.4040872187972854e-06,0.48773703857474704,0.519122303926413,0.031250715255737305,5,7597,4155.516604606484,1685.0,907.4606992361532,26,18,22,14
3765.325194318499,827.6470892377624,2.995651395589963e-06,0.2504758341824588,0.276611014753228,0.031252145767211914,4,13136,3722.704966194712,3147.0,801.3876250234721,23,17,19,13
4629.043750931239,1031.767788391838,3.2082397505543314e-06,0.16445301859008976,0.21005107156617964,0.01562356948852539,4,14870,4005.122654973881,3506.0,862.2210766490139,21,17,17,13
4230.800951573913,957.137482890833,2.911765448031001e-06,0.3333371578774774,0.3492867955043981,0.015617847442626953,4,15554,4877.921652325354,3728.0,1054.274871598744,19,17,17,13
4780.155241886436,1180.5049233080445,3.2045033665580983e-06,0.5507325311395073,0.5205986425226365,0.02600836753845215,4,21706,8792.588417907515,5562.0,1933.4440204434895,17,18,14,14
5036.859538100234,1306.6021273867864,3.5881039377456467e-06,0.5861245888916357,0.5356748384394998,0.034780263900756836,4,24305,10143.150451367877,6428.0,2240.993720260527,16,17,13,13
5292.703890980742,1441.8271303916201,3.831668908068147e-06,0.6446084985812902,0.572756989307513,0.03125357627868652,4,28133,13047.545968186034,7720.0,2924.596714338659,15,17,12,14
5130.4219743461945,1478.8613986673033,4.1200613001201994e-06,0.7059157473968984,0.6175291187481278,0.019803285598754883,4,30517,15250.578138506737,8719.0,3456.055811813456,14,16,11,12
5084.016682734988,1507.8941898606272,4.355126892757227e-06,0.7344129663135184,0.6414412547749635,0.0312504768371582,4,31365,16853.361182906887,9178.0,3859.288849550647,14,15,11,12
4620.688719259823,1447.5421237052499,4.239075804955204e-06,0.7903495307100684,0.6906496886717988,0.03125429153442383,4,33377,18859.023769754946,9896.0,4370.35091678967,13,14,10,10
4746.214976692214,1529.3668894606815,4.689291572978788e-06,0.8017118784007202,0.6982660740960083,0.03125452995300293,4,35637,20393.960015129007,10975.0,4786.208796810162,12,13,9,10
36.433400277465424,6.905565043158809,3.0336594728541453e-06,0.9316483111540023,0.9491568577614822,0.046849966049194336,4,445,398.79471178708445,137.0,135.0,9,6,3,4
52.777094576543504,11.695483903808702,3.933888949011771e-06,0.8813739904016907,0.8860087236550901,0.031250953674316406,4,484,433.02013730109354,166.0,166.0,9,6,5,4
37.760279977975436,7.87554422142159,9.105963226487472e-06,0.9324505497606584,0.9384642673562055,0.06250524520874023,4,543,504.2923817152421,182.0,182.0,9,7,5,4
91.6655452314878,19.062117662222995,2.425710582985665e-06,0.827726015941203,0.8436226413985749,0.04687309265136719,4,715,604.6710946231369,200.0,200.0,12,7,5,4
179.19444935475323,35.087604604662786,2.5377916641356184e-06,0.6501304188501638,0.69967766941634,0.04687213897705078,4,872,784.8355604324996,224.0,231.30000000000098,10,9,7,5
163.55798372896393,33.07537402043361,4.702384413446854e-06,0.587427636425957,0.6190326112642079,0.06250381469726562,4,815,658.4118215295387,216.0,202.0,13,9,6,4
229.72030462637102,47.822848945122075,3.461416786571913e-06,0.4543779742436541,0.4936477873048797,0.06249666213989258,4,951,761.7937846524013,244.0,244.0,18,8,5,4
344.4985721273187,70.63155429815465,3.2347768513730222e-06,0.2243229587150467,0.27114584201235326,0.04687786102294922,4,1130,846.7446550580274,264.0,258.3000000000002,17,9,8,5
231.5782903285345,46.01124124747924,3.7865876490687133e-06,0.6856040312090776,0.6469431967793221,0.058416128158569336,20,1280,1266.3991741018178,282.0,263.69999999999663,24,22,23,21
515.1537661235969,101.95092641929914,3.3348412977754714e-06,-0.3503321040694798,-0.1945613050856425,0.04694485664367676,4,1247,838.9414202952972,279.0,228.90000000000146,27,12,17,5
684.9481014095355,141.2500060042855,2.9334710598230163e-06,0.19468259806540167,0.19840737527901964,0.039579153060913086,10,2041,1588.06785023007,457.0,350.6999999999996,35,16,19,11
1076.8057644665482,221.94009461837533,2.338156947696963e-06,0.2659284334330828,0.30244847868622904,0.031250953674316406,8,3470,2151.027515129396,739.0,467.8441478997604,31,17,27,13
1133.5362051234492,231.62251404207754,2.7358447137476036e-06,0.34983183905220006,0.39248809445750654,0.03125143051147461,7,3910,2514.8533648528905,860.0,547.6137526070193,30,17,28,13
1180.418874833321,242.76253837907666,3.637691858365577e-06,0.39328052005041103,0.41562625770196093,0.0468752384185791,6,4341,2673.501336569324,967.0,581.7569251333753,30,18,28,14
1599.759257063765,326.8298343183872,2.6035065954365523e-06,0.41204058268319643,0.44961393992477594,0.031255483627319336,6,5940,3273.3794560455904,1308.0,712.852532166261,28,18,24,14
1578.5977561260427,325.81352776239504,9.042046520477292e-06,0.5848650723056993,0.6105044161780839,0.0468745231628418,5,7325,4279.781838926356,1603.0,937.1289662037398,26,18,22,14
1820.2489733737475,384.26395586132907,2.423512520927581e-06,0.515130461622731,0.5371789568000434,0.04687070846557617,5,7712,4120.990582947613,1688.0,899.9432985901253,27,19,21,15
3004.9619673963334,636.2221328967964,3.3562967313649e-06,0.17505506332571497,0.2167755342350406,0.0468287467956543,4,9886,2878.7186041584337,2165.0,680.4000000000033,24,15,19,5
2264.710181481703,485.6506554439935,2.046155215983745e-06,0.5650343236247166,0.5854444560519931,0.046874284744262695,5,10115,5156.307953316232,2229.0,1128.9372748197088,24,19,19,15
2435.306427609891,528.9607849213113,4.551234471432514e-06,0.630513587889354,0.6381965461062598,0.04692363739013672,5,12193,5997.26697047658,2806.0,1315.553684794142,23,19,19,15
4463.708028699912,1045.293899319326,3.402572761116407e-06,0.4309805057375493,0.4276093775313844,0.03124690055847168,4,18013,6195.343440566321,4460.0,1345.904417252803,19,18,16,14
4828.5786230802905,1162.6284321078128,3.174478211364552e-06,0.4887873733271082,0.47409888243075193,0.015671253204345703,4,20344,7725.376668912947,5133.0,1691.972299703355,18,19,15,15
4495.859678002578,1111.5163767272495,3.424332191969726e-06,0.5731423626357155,0.5351135521807064,0.04682278633117676,4,21863,8714.373912429493,5636.0,1914.608448629826,17,18,15,15
5065.410928743991,1279.4468651099053,3.4271755497698883e-06,0.5646968119135547,0.5243198814307979,0.031244516372680664,4,23601,9774.903917637339,6319.0,2156.078940903115,17,18,14,14
4843.928318939511,1259.2726727762233,3.4058517716029616e-06,0.6061462499459545,0.5500274637870485,0.027005672454833984,4,24200,10494.280848692571,6542.0,2327.9747709695075,17,18,14,15
5153.868582519411,1369.1144166690406,3.7207740973293696e-06,0.6266435058568779,0.5656265289669502,0.019169092178344727,4,26402,11857.790688100908,7103.0,2642.3275565858767,15,17,13,13
5348.912567754203,1556.2307134337004,4.331627132143155e-06,0.6955877788952162,0.6048263187958745,0.01563096046447754,4,30631,15551.987233226844,8820.0,3525.01170936999,14,16,11,13
5497.84282825332,1617.6199004652517,4.496100901256164e-06,0.705647609310329,0.6142603538246907,0.015629053115844727,4,31791,16542.19211392247,9270.0,3777.8276493788453,14,16,11,12
5022.420311223703,1578.9868764328085,4.684421508675128e-06,0.7678474779790359,0.6597414088541109,0.015692710876464844,4,34413,19358.83286409733,10424.0,4504.15099042186,13,15,10,11
34.180068179077345,7.985173803990801,2.0182139223384014e-06,0.9270287895377745,0.9318729660349767,0.015624046325683594,4,388,362.4216427915607,127.0,127.0,8,6,5,4
10.528371690877067,3.9944778000840078,3.6977219594264395e-06,0.9846465510393378,0.9521720620908742,0.03125429153442383,4,266,259.89702616712316,79.0,82.20000000000104,8,6,4,5
51.503485480058316,12.663406886457675,1.9951716125325905e-06,0.8591944584514823,0.8540387233013822,0.015619993209838867,4,400,396.5666706464982,132.0,135.00000000000045,9,6,5,5
35.39500030729776,7.592699457615331,2.004020292365329e-06,0.8704538974969345,0.8706770377721589,0.03125262260437012,4,294,292.2424041636043,102.0,102.0,9,6,5,4
82.24848371341943,17.656743647875434,2.169677662550614e-06,0.8101013919584159,0.8295614933679778,0.031245708465576172,4,597,556.903754390101,186.0,175.7999999999982,9,7,4,5
132.43258517780734,25.761200735063444,3.991334591510154e-06,0.7673655060172353,0.8073743284453274,0.03126335144042969,4,840,708.6921714380708,229.0,227.0,11,8,6,4
162.0752263945307,33.61368770436275,2.692779538753548e-06,0.6391319210281157,0.667835351073459,0.031246185302734375,4,852,716.1117168457727,245.0,225.5999999999999,13,7,7,5
180.4333422145411,36.49025844336214,3.1043316939572833e-06,0.5249224827800762,0.5673262668503913,0.046827077865600586,4,803,657.5730685581109,212.0,205.4999999999967,13,7,7,5
222.878486338199,44.583617029677384,2.6423880105520853e-06,0.41520299175731323,0.4771472349625957,0.06249833106994629,4,855,732.1935877535846,220.0,205.79999999999893,13,9,4,5
304.4615552809393,62.622044715937314,3.397866983162277e-06,0.35850718937669257,0.4257797798744065,0.04317831993103027,4,1098,864.4789708264581,282.0,282.0,11,8,5,4
594.2016690801377,121.80548249196225,3.3342791058596126e-06,0.17299797847741827,0.16885606700611833,0.05817222595214844,12,1746,1448.7930627776905,380.0,311.6073791696965,33,17,24,14
642.8438943321703,131.0465405666766,5.957468008343146e-06,0.4280452567590821,0.4528191369525413,0.06383562088012695,7,2339,1921.4519190700244,519.0,419.20605966290987,28,16,24,12
1143.4162939146531,232.62890614137214,6.99314617719539e-06,0.43926972445148915,0.4783669717947082,0.039972782135009766,6,4397,2947.4058554560875,948.0,644.1549999811937,28,17,23,13
1435.1187652101314,298.1086157331016,2.195781835272356e-06,0.31582912468794766,0.3489340719291226,0.031250953674316406,7,5062,2687.990567287905,1110.0,584.1361191460451,29,18,25,14
1569.561280960835,328.4886726806434,2.244037896549052e-06,0.5319435865257423,0.553986514129466,0.04695749282836914,5,6654,3822.4250773454787,1467.0,834.9756776141708,26,18,21,14
1878.330548240323,392.3065854445396,2.138614518211995e-06,0.4910650531707147,0.5265570981115064,0.03128814697265625,5,7536,4113.761871607083,1651.0,898.0833824480815,27,18,23,14
2104.0622071444623,457.6162479248168,1.7821327394806587e-06,0.6416243153421617,0.6549942697619304,0.031207799911499023,5,10359,5636.9953058405,2398.0,1238.7104816932988,23,18,19,15
2955.957001372739,645.3105433948446,2.385363541049305e-06,0.32189692649390167,0.34363763676160763,0.03119659423828125,4,10663,3635.7043207811216,2451.0,785.6310355311662,22,17,18,13
3762.753331563678,832.859406426555,3.990067975090277e-06,0.3267405637517814,0.34953029644235156,0.031208276748657227,4,13520,4382.860604789232,3211.0,947.7589141076969,20,17,17,13
3528.3661907464857,795.2154034607795,2.881891476753534e-06,0.4563498356181006,0.46255323410553095,0.031243562698364258,4,14540,5343.247091564466,3439.0,1161.3829794045282,21,18,16,14
3619.1775455431666,818.0083981454902,2.7181021275867724e-06,0.4419336142677832,0.4460989396252053,0.031248092651367188,4,14745,5246.243713271533,3527.0,1138.0451725689359,20,18,17,14
4293.368366595515,1025.8082580326804,2.95118408591323e-06,0.5152401977121959,0.49517830948265995,0.0312497615814209,4,18956,7132.716900552871,4791.0,1558.8227091842382,19,18,15,14
4564.892475106808,1123.3694781778597,3.147646716000195e-06,0.5542656985698956,0.5212110567642065,0.03125143051147461,4,21459,8332.311338511754,5438.0,1828.2466918581877,17,17,13,13
5046.941476893176,1260.6313700298838,3.4835777277692094e-06,0.5151786074903166,0.4754515547887088,0.01562356948852539,4,22823,8415.353975288752,5947.0,1842.695487574968,17,18,14,14
5105.493776760969,1293.0387190917274,3.5416705893995203e-06,0.567339416817086,0.5262103740158129,0.015621423721313477,4,23849,9860.792428155979,6315.0,2179.2192287556836,17,18,13,14
5326.123265767505,1474.8344064005792,4.034253924598246e-06,0.653956379794616,0.5798500509391273,0.015620708465576172,4,28307,13325.263504532133,7895.0,2996.7616407212354,14,16,11,13
5373.678894354837,1494.9564706218496,4.106036732076157e-06,0.6453147953533747,0.5645460046614406,0.015620946884155273,4,29001,13003.78753723641,8231.0,2903.0557809934508,14,16,11,13
5786.6081357766725,1768.5415733124653,5.057020795971391e-06,0.7101332216132772,0.6069937262006913,0.015617847442626953,4,33612,17977.514968304906,10150.0,4130.020613495548,13,15,10,12
4439.353827333494,1439.791214003321,4.385233173225084e-06,0.8146900415515226,0.7113079453572464,0.015626907348632812,4,34473,20454.812721663857,10445.0,4803.746810904035,12,14,10,10
5137.395975890467,1690.922447193753,5.605773983478174e-06,0.799628144938577,0.7009041767279056,0.015630245208740234,4,36649,20933.82141339238,11512.0,5361.299999999996,11,12,9,5
24.18820661934605,5.4282956851239685,3.695288557150488e-06,0.9347450036700754,0.9245260668380955,0.019002199172973633,4,277,286.1607352837789,108.0,82.50000000000048,7,6,3,5
23.006614480375678,4.497130688163824,1.2284608895591848e-06,0.9451552065199244,0.9555310978071293,0.02000880241394043,4,288,288.15763247159356,104.0,93.0,9,6,4,4
78.5893293442771,16.22283363560862,5.264443862563666e-06,0.8063197472058413,0.8305102074608509,0.016113996505737305,4,529,493.4829917039747,176.0,174.0,11,6,4,4
51.47579914554599,10.267668269781355,6.343173114688767e-06,0.9109876465633195,0.9159546091326471,0.040518999099731445,4,587,519.0755447944744,162.0,153.30000000000177,10,8,4,5
56.156318457583204,13.90891879246547,2.917467816841738e-06,0.8934548790988972,0.8618841071105474,0.0312502384185791,4,586,503.06054566822377,160.0,155.70000000000232,9,7,3,5
63.080228571837935,13.954656118670657,7.155792521271492e-06,0.8302456010488052,0.8254271316610508,0.031296491622924805,4,506,434.19269561519644,136.0,135.0,13,7,4,4
87.54515717697844,18.409583284238536,4.4091358351388485e-06,0.8379079847664633,0.847735126610911,0.07812261581420898,4,758,678.2612662995582,224.0,217.50000000000045,11,7,6,5
254.70213110706814,51.704063853664394,3.91621736542e-06,0.44708572938174396,0.4857437383551788,0.06698012351989746,4,1007,834.0220311289652,278.0,269.0,17,8,4,4
297.1133230209508,61.111610078660256,4.920475858010613e-06,0.4147535729377071,0.45050844954989344,0.06256771087646484,4,1216,882.7324532411031,282.0,273.5999999999997,15,8,4,5
419.09584758154045,84.52170127338464,3.434860465957874e-06,0.04594486386133356,0.11206466408949345,0.06250214576721191,4,1242,832.1093757117635,270.0,246.0,21,9,17,4
465.3332930022261,93.54951824616387,3.407133644388262e-06,0.2638644038689454,0.26167960162314474,0.0468592643737793,12,1480,1315.352791976914,332.0,282.3000000000019,31,15,19,13
615.9896277023266,124.06751110521581,2.5481287009927964e-06,0.2586087629285766,0.27785447718250134,0.04687666893005371,9,1894,1557.6521526903637,406.0,347.3999999999985,28,15,18,10
674.4693133946863,134.10125154499465,3.0695300205187552e-06,0.09216019823724408,0.11772731653622415,0.06250238418579102,10,1910,1425.4973374189208,399.0,315.0,32,15,22,10
686.8430842724939,141.62667934216984,3.430641960796856e-06,0.30151376588303924,0.3176756616487616,0.04687142372131348,8,2207,1750.3102305598077,490.0,380.34101690347256,25,16,23,12
1055.3060271211466,211.50800364814248,4.012580010794395e-06,0.38751427646759584,0.423945752401648,0.05299973487854004,7,3757,2451.8724349172608,822.0,534.1642542946306,30,17,25,13
3954.4353682951296,890.3629422220507,2.670539929904616e-06,0.38935545388441317,0.40030581869227444,0.029999732971191406,4,15435,5071.309076182889,3703.0,1098.7544564951586,20,18,16,14
4709.6962929419005,1060.869344445248,3.133980551584021e-06,0.2891891992465554,0.3098641955726956,0.020780324935913086,4,16982,4765.220894979598,4049.0,1028.4774733637119,20,17,16,13
5107.782826877767,1187.2195577814746,3.377910799307035e-06,0.28997390403135026,0.30901783794424453,0.03243303298950195,4,18210,5372.867429032345,4445.0,1161.300181769478,19,18,16,14
4775.652251928844,1130.3423981421995,3.2837521899362093e-06,0.4286839111520713,0.4246222431930955,0.03131508827209473,4,19195,6601.386095532056,4686.0,1437.3689843238853,18,18,16,14
4594.388241055633,1111.911508682918,3.4074841640651768e-06,0.500605188474923,0.47989546687033313,0.031247854232788086,4,19840,7395.761639499454,5086.0,1616.2769741387656,17,17,14,13
5026.400911650624,1218.8046797084742,3.5110155413881447e-06,0.46827258916263825,0.45412125964777816,0.015625715255737305,4,20845,7581.580009614072,5304.0,1657.15534537057,17,17,14,13
4842.858251586893,1186.2846659406498,4.281397365998968e-06,0.5336287392204389,0.5009253479446723,0.031250953674316406,4,22306,8466.752573180509,5636.0,1855.9085298100263,17,18,15,14
5012.553319424446,1312.0714505711405,3.5959250091337915e-06,0.6236373781228595,0.573554542115962,0.03124690055847168,4,24878,11219.320998437051,6639.0,2501.737931878346,15,16,13,13
5511.121826319193,1606.7109226036682,4.569119837986168e-06,0.6949733304174297,0.6077937128977895,0.015601396560668945,4,30871,15588.615066268021,8982.0,3531.780065380908,13,15,10,11
4607.611867995202,1490.301052067042,4.559943420371305e-06,0.810235416782927,0.7084024258232868,0.03124856948852539,4,34960,20460.825832238464,10562.0,4818.110571381678,12,13,9,10
4719.3697998616135,1523.2241313838651,4.811873239615069e-06,0.8066496813860426,0.70598891787845,0.035749197006225586,4,35746,20618.589296750983,10986.0,4841.2833146289195,12,13,9,10
35.38453894050594,6.941768571186568,2.592098303306567e-06,0.8725644438647727,0.902247765556411,0.015624046325683594,4,305,279.2716404028041,103.0,94.0,8,6,4,4
53.68179717752035,10.040740396091218,2.2886873129413182e-06,0.8582721646308383,0.9045521699895255,0.015625953674316406,4,426,401.45101180598004,153.0,146.0,8,6,4,4
17.481893761493104,3.0270996857793873,7.651248952553415e-06,0.9601275314063574,0.9701998377072726,0.03124547004699707,4,294,302.99196424508085,117.0,91.2000000000001,8,6,3,5
43.5923230763069,10.073768849417245,2.6388018883096237e-06,0.901145129580621,0.8905125630809513,0.03124856948852539,4,457,431.7137578961051,146.0,140.99999999999972,9,7,4,5
24.328535290872974,7.8797582686506145,2.7508084442303e-06,0.9694506219972997,0.9382290232123824,0.03125,4,431,420.9186771071461,127.0,127.80000000000052,10,7,5,5
74.77244803552871,16.118165633992152,2.649156043400956e-06,0.7955645688578711,0.8207594727813974,0.015624523162841797,4,493,487.29367381064833,169.0,169.0,9,6,5,4
111.01163804127548,23.050597416488305,2.515259874086942e-06,0.7214338016782151,0.7590366158695643,0.0312497615814209,4,647,581.9476513659561,200.0,200.0,12,7,5,4
150.40575437043464,31.326493083167037,2.8914733958073096e-06,0.689631504446119,0.7167108392096098,0.031247615814208984,4,834,690.7634201106357,232.0,232.0,12,7,5,4
250.69678524998804,50.5800875064414,7.731000875204983e-06,0.5791534070373062,0.480877486468792,0.04685831069946289,19,1258,1258.0,292.0,256.0,20,19,5,19
412.9633212205928,83.02265062775251,3.3797326797946534e-06,-0.15284249101566671,-0.052092695481273044,0.058538198471069336,4,1069,754.2108726226998,233.0,222.0,30,11,12,4
542.841721849097,109.91473592739833,3.2636979974028497e-06,0.11012792834056151,0.12009879769706078,0.03411364555358887,16,1591,1313.6372428761651,354.0,305.0,33,19,30,16
629.0076509991134,128.30958624260043,4.718528553235039e-06,0.5716276534424044,0.5863082509953979,0.07269430160522461,6,2682,2325.68690411094,576.0,509.7127253367257,24,16,23,12
848.9988083189493,175.23336986081745,3.6442750047015567e-06,0.11673185453523083,0.1380151113398087,0.046920061111450195,11,2490,1651.7946406401109,524.0,357.855569691091,40,18,37,14
1077.625072271245,218.28001840856678,3.656175841140415e-06,0.40013426692879006,0.43239767854390776,0.06249666213989258,7,3975,2475.7401582851912,841.0,539.4422090239291,30,17,27,13
1555.1091009970505,324.66148645105835,5.747389236630802e-06,0.44495843927873024,0.4709827523743163,0.06250381469726562,6,6044,3259.118194046906,1308.0,709.7049747139913,28,18,20,14
3375.1299154301123,740.8029897138886,3.0163990384593135e-06,0.20724126643556062,0.23979210819473995,0.0468754768371582,4,11202,3313.83771567908,2565.0,730.7999999999975,22,16,18,5
3623.0677386851544,789.7456648185085,3.413429485208453e-06,0.1652740941307902,0.207239431825463,0.04687380790710449,4,11765,3254.4808814799103,2701.0,704.4000000000033,22,16,18,5
3816.0139093680623,841.2132668241845,3.030901125158857e-06,0.29550267278878095,0.33259573087641836,0.03125119209289551,4,13367,4343.682470492012,3156.0,939.516332154486,21,16,17,13
3632.367622544418,811.7846254968483,3.7470142321546854e-06,0.37079938263486767,0.3835326502820129,0.031249523162841797,4,13943,4554.65931392117,3300.0,985.6266683314016,21,18,18,14
3930.0413800641677,895.1157283887514,2.8772914566507355e-06,0.42332186803688854,0.43076957412037864,0.031244754791259766,4,15656,5493.9278121478155,3743.0,1194.0450152756848,19,17,17,13
4261.201799895506,969.7345548205908,2.8739264937930367e-06,0.4138912031276655,0.41856988956969843,0.0312502384185791,4,17055,5628.321191496734,4089.0,1221.5822801429467,19,17,16,14
4029.48514123563,944.460781414074,3.146056806712891e-06,0.5172574614249545,0.5064082966001265,0.03124856948852539,4,17990,6796.310424069129,4346.0,1485.741782896539,19,18,15,14
4618.793318219534,1093.6256043836977,3.0537375291219738e-06,0.467468065877784,0.45960643383214395,0.031249523162841797,4,19080,7001.756414196163,4808.0,1529.3598775374749,19,18,16,15
4878.964944029516,1189.4436306214213,3.4857006317211065e-06,0.499319245999002,0.4816311674591536,0.03124856948852539,4,20766,8001.998270857171,5326.0,1754.5688393053315,18,18,14,14
5573.535778841455,1396.4271261762822,3.83862275628178e-06,0.48777097896888755,0.4621406011633792,0.03589367866516113,4,23495,8918.065895878522,6126.0,1958.256678175555,16,17,13,13
4572.154470589232,1322.8960369510437,4.11640917115355e-06,0.7390467649037238,0.6491261589060371,0.03800010681152344,4,30271,15770.009014361192,8543.0,3590.5001729380074,14,16,11,13
5529.71573188681,1660.4939939713956,4.864636168733099e-06,0.7139537737680728,0.6166360464138917,0.015620946884155273,4,32837,16847.221965483033,9752.0,3851.5509836906385,13,15,10,11
4995.587030177888,1552.4685500154053,4.579592570634348e-06,0.7622244226437686,0.6578848172280117,0.01562356948852539,4,33553,18334.43425428724,10158.0,4234.421874599215,13,14,10,11
4642.900272518741,1550.8694309780697,5.1572679906389075e-06,0.8276129467329044,0.7294388903774127,0.03127026557922363,4,37052,21710.543963486074,11671.0,5671.799999999996,11,12,8,5
32.77044502204339,6.53797689380042,1.6256029832267728e-06,0.9365916170991715,0.9499284840072657,0.015622377395629883,4,385,353.75621154630227,126.0,113.0999999999998,8,6,4,5
30.551889840468657,8.813814183864753,2.1687881094422925e-06,0.9571358005301849,0.9388614246736288,0.031256914138793945,4,442,411.51173065565524,149.0,149.0,10,6,5,4
40.73904761495297,10.130788845213813,5.04280469186032e-06,0.9210851690785574,0.8964088114021576,0.031249523162841797,4,452,444.84312358070576,170.0,143.7000000000009,10,6,4,5
24.130172021697916,5.547640318335303,2.0772733619933382e-06,0.9534779778976713,0.952055486601417,0.031294822692871094,4,330,332.79283126068844,110.0,107.0,8,7,4,4
46.76675351504251,11.013331000058441,2.72762378414177e-06,0.9178016778012168,0.9140774820852868,0.031239032745361328,4,520,482.12778746912556,165.0,165.0,9,7,5,4
136.7177240330982,27.270000774122693,3.193628970535338e-06,0.6589770720108148,0.6849190490892696,0.044152259826660156,4,739,592.5684540022887,212.0,197.69999999999902,9,7,4,5
197.60479326894634,41.38572939326697,2.6059377657196354e-06,0.4698461123227681,0.5146230977984558,0.04117536544799805,4,839,699.8167146323988,220.0,227.40000000000236,11,7,4,5
199.6454256357492,42.356331885997264,4.0425390963634536e-06,0.42860213998863594,0.46308269418270376,0.046874046325683594,4,836,666.3599704455014,224.0,224.0,13,7,5,4
352.30008372799335,70.35515876471032,4.2802557331307156e-06,0.24257314635019378,0.29076360630257847,0.06249809265136719,4,1149,843.8428571795989,286.0,268.80000000000155,22,8,7,5
319.24228532351464,63.62553195092594,2.8598915440059747e-06,0.5415909453507313,0.5134010895001928,0.06249856948852539,13,1396,1316.3097721613963,311.0,282.90000000000055,17,16,9,14
621.4146988614195,127.04221772536899,2.507957291098902e-06,0.30551655811747247,0.33840692409570383,0.04619741439819336,8,2053,1758.9505692462283,459.0,384.9922262928126,24,15,24,11
1285.1782305117013,267.88735503635394,6.022879729264413e-06,0.6005071393185284,0.6143044392746502,0.055001258850097656,5,6124,3732.839411995217,1319.0,817.4388338951749,26,18,23,14
3134.431515407611,681.958823806249,4.7601584318191235e-06,0.2880912913706053,0.31250555090172516,0.046941518783569336,4,11233,3530.7687619649214,2551.0,762.1469738123637,23,16,20,13
2389.477336865777,537.5322605134675,1.9026931425020209e-06,0.6697304158250837,0.6686480074496899,0.031252145767211914,5,12418,6528.511939481479,2962.0,1438.2897740720346,22,19,19,15
4571.497853989462,1097.991140702076,3.3561305859906713e-06,0.5039189623420932,0.484671961635338,0.031248092651367188,4,19927,7469.7818220495155,5059.0,1634.940223625883,18,19,16,15
4744.698273300424,1158.4453035092586,3.304570455710961e-06,0.5270398994533476,0.503759959140457,0.015639066696166992,4,21068,8192.1279524086,5383.0,1797.0784844501522,17,17,14,13
4556.96962795483,1129.32723295671,3.2408998874408128e-06,0.5700140189360883,0.5354165108957578,0.015624284744262695,4,21385,8708.88807525729,5478.0,1914.8312832008442,17,17,14,13
4777.15048894819,1297.5659860369485,3.6317068918734883e-06,0.6621321482992923,0.5881969713093991,0.0156252384185791,4,26867,12173.401866936765,7308.0,2725.458418672444,15,17,12,13
5204.060568254537,1427.1383549991488,3.921317034810063e-06,0.6587816221713342,0.5826102947972146,0.015629291534423828,4,28571,13439.014132113802,7788.0,3020.1239476543888,15,17,13,13
4991.7616177068085,1630.5065402502412,5.388955205608666e-06,0.8087083149111416,0.7147907363129398,0.031248807907104492,4,35834,21075.14977322062,11100.0,5065.4856182359545,12,13,9,6
27.398184972095645,7.806541791322548,1.9507198317187065e-06,0.935998683333584,0.9176676005693015,0.015625476837158203,4,317,318.1179707321688,113.0,105.0,9,6,4,4
56.2688076741365,13.76423611450184,3.33050487061147e-06,0.8807896142593556,0.871178962387295,0.03124690055847168,4,520,502.75398737011653,163.0,164.1000000000015,8,6,4,5
50.96092415686732,13.218664081403976,3.196514615267553e-06,0.925053408990541,0.899528481321526,0.046875953674316406,4,577,545.8214008594297,200.0,186.0,8,6,4,4
67.04075654800151,13.17633614836207,2.640647685445156e-06,0.8334552465633343,0.8604897955230779,0.04688215255737305,4,514,463.30424370092754,159.0,148.0,8,7,6,4
84.07669398305327,18.581435009564473,4.029494795219013e-06,0.817933326245694,0.8320210611349125,0.04687380790710449,4,662,604.3310626029227,208.0,197.39999999999918,10,7,6,5
209.8803587949112,43.253413305669255,3.215663995527618e-06,0.5205761321467293,0.5763447584411188,0.04687213897705078,4,925,781.5984548574768,254.0,250.49999999999966,13,8,6,5
294.48505240925414,59.10439647450122,3.2407613595036764e-06,0.5542781897600331,0.5197822211318229,0.04687023162841797,12,1257,1288.5016327715164,291.0,290.0,20,15,5,12
633.1964170884589,127.79992749324275,3.345713168887489e-06,0.35024125610045187,0.37946346764141203,0.05333256721496582,7,2103,1772.6565600819995,469.0,386.8244698742608,23,15,17,11
781.7481785921196,155.30627361352663,3.641848716051623e-06,0.18314287590686373,0.23210371942207342,0.040807247161865234,9,2365,1661.834920567661,522.0,374.9999999999984,30,16,28,10
990.8890230624113,201.68273183898327,2.669924375506424e-06,0.12189748599038419,0.15184455584860523,0.053479671478271484,10,2952,1722.7792629149897,627.0,372.7880996717563,32,18,32,14
1041.9876371411353,214.77878029730923,3.2345394607497136e-06,0.44467939026796954,0.4721051159151064,0.04686784744262695,6,4043,2665.2213869943416,889.0,582.0453400712613,27,17,25,13
3738.998198174414,860.0559399232599,2.8088190635984634e-06,0.44679323320047737,0.4429098560986171,0.03125,4,15526,5398.253304907637,3737.0,1172.2262296983909,20,17,15,13
4624.834916300927,1056.932047330694,3.254875581698111e-06,0.3396723221314405,0.3553222173680729,0.015620231628417969,4,17164,5312.404017526692,4185.0,1150.5083478401266,19,17,15,13
3994.780332823782,949.4110449298927,2.838572221653827e-06,0.5484815449569875,0.5276875494373894,0.0312502384185791,4,18594,7235.657019412034,4597.0,1583.8968793635295,18,18,14,14
4456.023365317845,1077.840135740984,3.5930769568850357e-06,0.5314583049620272,0.4997267854041293,0.03124833106994629,4,21011,7662.032197651584,5401.0,1675.6280822962399,18,18,15,14
4840.857952105836,1195.8732760749585,3.316663580274039e-06,0.5400263547773917,0.5126497579654135,0.03262615203857422,4,21637,8780.150791968335,5732.0,1931.6263488208679,18,18,14,15
4876.010556934228,1237.7006326778455,3.477551401019721e-06,0.5464849705576452,0.5043462643686665,0.02849864959716797,4,22216,8855.088903161626,5830.0,1948.1095191115892,17,18,14,14
4992.063164469382,1298.5363495930646,3.5979233172470406e-06,0.5947216441443216,0.5427319144128364,0.04687666893005371,4,24175,10466.839865239861,6427.0,2323.090077571911,16,18,13,14
5010.106665411335,1509.7637797124423,4.3659869374716895e-06,0.7430733562562437,0.6452255150353885,0.031248807907104492,4,32519,16936.001691301117,9608.0,3883.6606003598354,13,15,10,11
5006.5941604156405,1586.4758807647381,4.731726480183419e-06,0.7787631853111782,0.6767481301373828,0.031247854232788086,4,33879,19598.87637377712,10293.0,4577.57035587224,13,14,10,11
5199.609685890428,1656.7847137324916,5.107985540603956e-06,0.7767574464975662,0.6776624748990511,0.03124856948852539,4,35077,19526.02473657519,10880.0,4551.201694797757,12,13,9,10
4398.371051596331,1476.2234359071047,4.764001309139161e-06,0.837333219637425,0.7388029958500828,0.031258344650268555,4,35960,21779.118625101153,11261.0,5294.442474495179,12,12,9,6
4106.879030484936,1425.4934147420322,5.446130341075148e-06,0.8759886176620765,0.7958936307809715,0.015622854232788086,4,38180,24330.68196169586,12581.0,7215.000000000004,11,11,8,5
24.04674752720642,6.008979948375076,1.9978758044305137e-06,0.955935670573799,0.958008792755018,0.01562809944152832,4,346,342.3322274620057,121.0,121.0,7,6,5,4
23.930914819703524,6.183052016606525,1.3005998378677146e-05,0.9570582902998976,0.9371264343852259,0.031248092651367188,4,368,352.3032999140559,134.0,112.0,8,6,4,4
45.96989225520418,9.97960476385514,2.081671249115324e-06,0.874222077560707,0.8770462824163454,0.0384676456451416,4,386,358.2691590506879,146.0,118.0,8,6,4,4
29.21310586494994,8.412099872620239,1.8573461602509692e-06,0.9652382133159982,0.9475921439630365,0.02315998077392578,4,501,457.2991502595569,159.0,143.0,9,7,4,4
54.8897806186965,12.838272857885679,3.599321795802543e-06,0.8405698034428885,0.8146057179676304,0.031245946884155273,4,444,406.6532132712886,138.0,128.0,8,6,3,4
71.6999028794523,14.429812352928876,2.3292155596008965e-06,0.855940299029223,0.869892226518845,0.03132176399230957,4,578,538.0981778058231,195.0,161.09999999999945,9,7,4,5
98.83779857408362,18.86008008422689,2.1637148342183244e-06,0.727968646610502,0.7761628241927884,0.04687190055847168,4,588,521.619160382819,165.0,158.7000000000004,11,7,4,5
86.45860653606125,18.481213888761467,3.4787481878409142e-06,0.7816009682495553,0.7959863722982531,0.046875953674316406,4,622,565.5036008582911,190.0,186.0,10,7,4,4
81.68475357687149,16.655577583902037,7.1427082460531436e-06,0.8388775757917301,0.8439032172585141,0.031249523162841797,4,647,588.6998711523281,175.0,173.0,10,9,7,4
401.62127756846525,80.54209412750075,3.0555640976744094e-06,0.4524333054660995,0.4374570437056683,0.031249284744262695,11,1542,1418.5250259345114,322.0,312.0,25,15,6,11
484.6473925663306,97.62931358461913,3.9627279840750734e-06,0.4006774676123912,0.407203588074337,0.0312504768371582,8,1707,1571.6732023542295,374.0,344.86203853713346,23,15,10,10
638.2344230052275,129.33497126591502,3.5725171541889682e-06,0.27117965077501993,0.29101991382106496,0.046877384185791016,9,2038,1592.6730210324763,443.0,381.0,33,16,19,9
709.322504539452,142.99183935511965,3.597379486138374e-06,0.4831303470576751,0.5056056617912368,0.03125190734863281,7,2710,2190.1582055084286,598.0,479.2362309689415,23,16,22,12
758.4856902696356,153.79796783885502,3.735667389775465e-06,0.47071416694203005,0.5023137543961536,0.031244754791259766,6,3030,2275.2134923722597,637.0,497.4026799815183,28,16,21,12
1179.4630386728625,242.8291865203324,3.2919090177248105e-06,0.2857517975064363,0.31605756372643057,0.03124690055847168,8,4014,2220.539177264068,852.0,482.84186737872346,29,18,28,13
1193.5959536246355,248.72517875779099,2.5370848095626913e-06,0.4323522112844824,0.46884315247946307,0.0468297004699707,6,4449,2967.738712209677,982.0,648.629719317818,28,17,23,13
1355.7380153486574,276.61412025691465,2.42073993254475e-06,0.6665267509566437,0.6909915981287567,0.031230688095092773,5,6936,4453.778055432103,1512.0,979.6051053041624,26,17,18,13
1407.96649858195,296.13130538881313,3.99366344397074e-06,0.6598781980798138,0.6724055669911961,0.04686594009399414,5,7135,4571.665990303945,1587.0,1004.9461182639748,24,17,22,14
3846.893773612107,850.819713251299,2.91172630891679e-06,0.12320451629019358,0.17615936183361725,0.03125166893005371,4,11984,3358.5668483371983,2830.0,723.6295156526617,22,17,19,13
3859.5472464641616,856.0328618792147,2.8348905658311923e-06,0.29853927010354486,0.32793153696923094,0.05930829048156738,4,13656,4344.3847561283055,3163.0,940.3243758777926,21,17,16,13
3990.775439395448,902.1832647698011,2.8303907158190846e-06,0.35544773742543645,0.37762068676106575,0.021770000457763672,4,14914,4975.813493097129,3528.0,1078.5791008515407,21,18,17,14
4208.133816737449,970.817895229724,3.0686978567446747e-06,0.42366849277132435,0.43107314412423725,0.03125357627868652,4,16623,5861.994207183477,4155.0,1275.914325113662,19,17,15,14
4376.227653178416,1006.1393272507006,4.612400073538006e-06,0.3998071805801229,0.40095474070187564,0.03131413459777832,4,17466,5564.167388560723,4179.0,1207.1231869151384,19,18,17,14
4230.471778510642,988.8387126014867,3.5716817095197454e-06,0.4830929352982506,0.47357701839514665,0.0312504768371582,4,18237,6504.11546588043,4470.0,1418.167149950531,18,17,15,13
4656.340194616408,1179.7459214209066,3.388530618035066e-06,0.605585186191683,0.5661316921251626,0.031249523162841797,4,22846,9908.116291045497,5951.0,2193.928561638213,16,17,13,13
4997.086680621234,1291.8139561478802,3.579425527478676e-06,0.5715116401630631,0.5247786272503108,0.031248807907104492,4,23417,9788.059870161773,6267.0,2166.1958578151307,16,18,13,14
4907.373812765754,1405.8784078900767,3.9492748085051185e-06,0.7048154949495393,0.6201383198666681,0.015624761581420898,4,28688,14382.451383735837,8127.0,3250.1789350349936,14,16,11,12
3987.551964845734,1379.8394180081625,4.7067024319373065e-06,0.8666358494808482,0.7738279257592435,0.015625953674316406,4,37318,23265.39851242712,11728.0,6141.4397698961,11,12,8,6
3852.0552311617535,1334.9072863881458,5.090905283987453e-06,0.8879412756979248,0.814303400872608,0.041037797927856445,4,38333,24853.94870577533,12648.0,7929.5999999999985,11,10,8,5
37.07090669402366,7.2771409759904335,2.212425271774216e-06,0.9272825379880342,0.9418029978286037,0.019087553024291992,4,415,391.5477344560457,137.0,122.0,8,6,4,4
28.38959312567309,7.668414345022144,1.7311490873155061e-06,0.9681060440888274,0.9584691108314486,0.015624284744262695,4,479,465.22112268253767,154.0,146.69999999999834,8,6,6,5
76.69020035847775,14.369289577366501,5.646068646065086e-06,0.8644492177783194,0.8973163299828297,0.031249523162841797,4,673,608.0990561606749,205.0,188.39999999999884,9,7,4,5
61.63643543590965,13.386892483762622,2.8817837845450277e-06,0.8715114017052945,0.8762857047367955,0.03124690055847168,4,559,496.7426165492102,171.0,161.0,9,7,6,4
56.154605979023074,14.153183831400383,3.279937277251689e-06,0.8972500696209008,0.8708007527701461,0.06250286102294922,4,575,508.9205323294834,159.0,158.0,11,7,7,4
119.00512966906098,24.750205563841806,2.7404384951720727e-06,0.7171453959702955,0.7530101433812897,0.03125143051147461,4,695,633.4768544334488,212.0,204.59999999999854,11,7,6,5
157.07564861970963,32.20145203722238,4.5170047050533975e-06,0.6363062138523472,0.6591677546785366,0.031241178512573242,4,838,667.1765341612319,233.0,216.30000000000132,11,7,7,5
121.46360840776931,25.98290350602771,2.5255344778948486e-06,0.8022147180815862,0.8100060488714098,0.031250953674316406,4,853,761.1560887773547,229.0,229.0,13,9,5,4
238.18359928074472,49.36581319922063,3.819562434066751e-06,0.489236758774128,0.5422391304137465,0.06506609916687012,4,1055,840.1247697741203,287.0,281.0,13,7,8,4
578.46011511485,117.11258576886567,3.9883123454333715e-06,0.40021905630854215,0.4207601091138774,0.06443572044372559,8,2050,1724.8827932382644,439.0,378.1522620192163,27,15,20,11
1529.2939140771487,316.1726405462937,2.172350118788136e-06,0.5769474473096456,0.6090136229926937,0.05611872673034668,5,6840,4129.535800187347,1549.0,906.1463118844263,26,18,20,14
3498.0712273604836,776.2894403900934,2.7343533176237224e-06,0.3208678288503536,0.34251957894071605,0.0312497615814209,4,12855,4114.508334295484,3002.0,889.9968653450114,22,17,18,13
3169.126571694483,734.9250229680348,3.767475590252224e-06,0.623432113800654,0.614365664442529,0.03124833106994629,5,15748,7220.974317390701,3813.0,1590.9972123747611,21,20,18,16
4306.745924260096,994.5140959393759,3.1179533948564432e-06,0.4017283009024196,0.4086811231778049,0.03124856948852539,4,16736,5662.902381467902,4116.0,1230.8454998788393,19,17,16,13
4420.43556471152,1036.546369481892,3.1485999032396243e-06,0.40529629514243415,0.4059930633798712,0.03124833106994629,4,17341,5821.446823251455,4319.0,1265.3124580669728,18,17,15,13
4235.114764869216,1017.3424885198294,2.9584137656674384e-06,0.5410223347148292,0.5243458138557808,0.015625,4,18912,7654.768474340401,4761.0,1681.1645121196425,18,18,15,14
4733.179899264168,1130.9525325244765,3.277466946972582e-06,0.466998165227248,0.4546634155271354,0.01562666893005371,4,19813,7088.797648722986,5011.0,1548.4760818132472,18,18,15,14
5128.285965348389,1270.3140352767198,3.6048477349699674e-06,0.4883743501100438,0.4597174072037974,0.015634775161743164,4,22118,8047.860703451034,5824.0,1763.2577371368334,17,18,14,14
4683.006985496034,1187.3923675431447,3.3874622272100892e-06,0.5807820351807231,0.534930019902454,0.03125786781311035,4,22805,9200.35073051201,5904.0,2028.5775461601343,16,17,14,13
5158.240714099367,1309.4687812359405,3.726968883960763e-06,0.5625748165457246,0.5254156149714995,0.01562190055847168,4,23733,9725.531073346103,6288.0,2148.1167417858705,16,16,13,13
4971.074577423129,1288.7812536093945,3.7241729861968186e-06,0.6048202867269861,0.5541150423947807,0.015619516372680664,4,24561,10522.024482291614,6616.0,2336.5975753946677,16,17,12,13
5239.533732928223,1418.272963124037,3.994202420094034e-06,0.6379352496368877,0.5707058057337695,0.015619754791259766,4,27178,12580.000030173156,7438.0,2819.08751107239,15,17,12,13
5282.915740852941,1594.3207075592575,4.5703524155644155e-06,0.7121554483260912,0.6069960631126528,0.031244754791259766,4,32265,16574.369100560358,9482.0,3783.002917499278,13,16,10,12
5300.491849079407,1615.2967331182554,4.740597498333278e-06,0.7427714290091069,0.6441312312767421,0.03124523162841797,4,33359,18069.80113449993,9988.0,4175.82256277767,13,15,10,11
5003.425843836152,1573.1254117734168,4.7890201385221494e-06,0.7794457302311653,0.6805234920886629,0.031255245208740234,4,34468,19382.383042454505,10468.0,4523.6530736107,12,14,9,10
4879.75923242096,1612.8420166383478,5.259767517016109e-06,0.8168981571396493,0.7213051115550884,0.03125476837158203,4,36203,21284.823410906625,11502.0,5459.0999999999985,11,12,9,5
4532.188711508081,1523.2010550602915,5.231019672472142e-06,0.8429816058757154,0.7549076635109925,0.031226396560668945,4,37627,22324.35475915296,11970.0,6736.5,11,11,8,5
69.09896499670057,14.766980715310591,2.2926112562518433e-06,0.8514433485150021,0.8609327738031093,0.03600668907165527,4,562,526.5856398508287,170.0,165.0,9,6,3,4
37.92771969418428,8.572690548465568,5.6520736423821605e-06,0.9166409897332792,0.902797803356616,0.051162004470825195,4,482,449.1253494574047,149.0,149.0,9,6,5,4
287.8425183934594,57.58990946223162,3.483167110732699e-06,-0.19734469866149618,-0.04973455617319189,0.06250166893005371,4,772,619.8750113040696,189.0,175.2000000000004,17,10,8,5
429.2700581543442,86.99914719930055,5.461939417892937e-06,0.03230774182502061,0.10185936094698589,0.06254744529724121,4,1246,899.7521043673132,286.0,270.3000000000027,19,8,7,5
516.0850584461189,105.13262479590307,3.6163017279545507e-06,0.29450618853864996,0.299418423050691,0.061525821685791016,10,1657,1462.6531244342887,364.0,321.0,28,16,17,10
1116.296252361554,232.13730009578146,2.3175649368523103e-06,0.4305091493368808,0.46203349707814245,0.06233954429626465,6,4237,2744.035063142605,946.0,599.6568416318628,25,17,23,13
1892.6982058037984,405.51095382123293,5.129438753000327e-06,0.5522195879976042,0.570221544900883,0.0468754768371582,5,8250,4395.712607467553,1883.0,961.7321644986191,25,18,22,14
3677.709440809313,816.6336282680519,2.8429371155526466e-06,0.30106471470346696,0.3273178053127139,0.04687666893005371,4,13035,4179.116325354823,3128.0,903.4416779931162,20,16,17,12
3768.0117443999306,834.3109887344588,3.549045539527634e-06,0.32624694300375245,0.35050092543598055,0.03124833106994629,4,13789,4425.710340757296,3228.0,958.3311208446316,21,17,18,13
4198.28343240983,967.6871306469607,2.994380291952865e-06,0.363604558923056,0.37483185956524934,0.03124690055847168,4,15735,5180.714034121946,3819.0,1123.798525693871,19,17,15,13
4086.7997355827883,946.7785459789227,2.918111257588574e-06,0.4396883448176503,0.43863650538731946,0.04687976837158203,4,16552,5834.462174493092,4121.0,1269.1471464032538,19,18,16,14
4268.891716690011,999.6597311658722,3.032680789688111e-06,0.4402104185977379,0.4260328462689704,0.046874046325683594,4,17997,5819.153499949119,4491.0,1263.4998110315546,18,17,16,13
4259.547446901151,1016.0503443480744,3.1127643120790504e-06,0.49574259322649894,0.4738610508025618,0.05590415000915527,4,18844,6707.063162073905,4711.0,1462.7631451463385,18,18,15,14
4949.672528655646,1174.978089846003,3.500873627702197e-06,0.4298746478459007,0.424576874369355,0.029808998107910156,4,19825,6794.592367785167,5028.0,1480.58971659062,18,17,15,13
4954.501551324975,1225.8545253614795,3.471395175948653e-06,0.5197607947218525,0.48796744198398634,0.031252145767211914,4,22230,8355.816508898924,5797.0,1835.1123208969666,17,18,14,14
5595.7532747563055,1417.039404876148,3.904899168290512e-06,0.47041010014955364,0.4368031842428335,0.01878523826599121,4,23529,8604.757745121704,6246.0,1885.6541942490976,17,18,14,15
5268.619212351448,1547.588738479187,4.487944341221182e-06,0.7094764083254737,0.6146259136502232,0.031249046325683594,4,31575,16049.73296511006,9327.0,3655.533914081345,13,15,10,12
5232.226781870157,1633.9486843378954,4.961537963119466e-06,0.7702576724917057,0.6759020341177456,0.031247854232788086,4,34339,19020.835995303758,10350.0,4433.09506808777,12,13,9,10
4638.293457858776,1533.567079033875,5.105384062497305e-06,0.8343901903100547,0.7469703278720614,0.015642642974853516,4,36122,21653.947224651136,11218.0,5948.4000000000015,11,12,9,5
4393.160312408263,1523.381774369009,5.353934106612651e-06,0.855606929304414,0.7632650668515285,0.03125452995300293,4,37167,23229.609179629348,11865.0,6116.468235680266,11,12,8,6
21.614954275081466,6.413567342881883,3.045300932938587e-06,0.9585701106199329,0.9353136616872684,0.015636682510375977,4,311,303.87312358194094,110.0,98.10000000000005,9,6,4,5
20.5690460226457,4.83569997761722,4.209483177232887e-06,0.9723484636474028,0.970817614236326,0.015584945678710938,4,374,368.63230459208665,125.0,123.0,7,6,3,4
28.9439241847571,8.146072853209361,1.788767228335727e-06,0.9448467316121146,0.9251479103213902,0.01567983627319336,4,346,338.5151314865111,116.0,113.0,9,6,4,4
39.00795822393953,8.287489662672693,2.4992168484869405e-06,0.9304989995953272,0.9353947449803657,0.019997596740722656,4,451,438.1761397319536,153.0,129.0,9,6,3,4
47.03507733817409,11.51570856342175,4.912745986298549e-06,0.906903575417472,0.8903362617703038,0.026999711990356445,4,503,457.50735850913225,167.0,149.0,10,7,4,4
390.85114643282935,79.30636313582205,3.653609281553146e-06,0.5248731915452847,0.5150630705490199,0.03131294250488281,9,1612,1463.7375711293257,359.0,359.0,21,15,10,9
455.6604517462417,89.43123166785631,3.7809809202255498e-06,0.3924916903852639,0.4063661343010413,0.03125166893005371,9,1613,1467.165975877123,345.0,344.0,23,15,6,9
499.22752538383145,100.02204814857754,3.7053679965474286e-06,0.5034201230546587,0.5207955195543397,0.031248092651367188,8,2038,1697.872917589642,444.0,374.5428740742889,22,15,19,10
617.5743586383596,124.79795089699599,2.8385914037867285e-06,0.4771988207633985,0.5011780575274005,0.03124690055847168,7,2315,1999.8026830129081,498.0,438.20994209135074,26,15,21,11
818.1721136582911,168.05734934140955,4.734775256413802e-06,0.399996555419587,0.42396247157196165,0.046872854232788086,6,2938,2154.0579609650445,643.0,470.31609699800924,29,16,21,12
963.1455171399799,195.66246275517983,2.6074199897256694e-06,0.3028122901694944,0.35055619589516906,0.0468747615814209,7,3198,2176.4884467115885,689.0,474.77978551928163,27,16,27,12
1457.5517630569668,306.1206274140513,3.8713633956883415e-06,0.5904609455171205,0.6097811164036959,0.0312504768371582,5,6687,4118.270950304763,1449.0,903.5504809900513,25,18,20,14
1773.3819660763895,373.1524561300687,2.452872739368632e-06,0.5063523365306151,0.5317983791260872,0.03400135040283203,5,7436,4016.013701022479,1617.0,878.8212137943942,26,18,24,14
1765.3614127744836,373.00507493204003,2.2656771858315012e-06,0.6252743689964153,0.649249601943197,0.02119159698486328,5,8457,5004.738479330924,1904.0,1101.0241841861657,24,18,21,14
3589.1595803790556,773.9484241097699,2.7576990207930318e-06,0.2305759378366231,0.2871109781026957,0.03124690055847168,4,11794,3877.1257652177505,2706.0,838.3873093620464,21,16,17,12
2665.643679828585,595.7887886423979,2.083624929742625e-06,0.6027600764970231,0.6169067573405134,0.015690088272094727,5,12383,6245.217870023415,2906.0,1375.5438140206907,22,19,19,15
4428.068581282665,1021.110037014262,1.0107843057428247e-05,0.3794860006286971,0.3865909216410349,0.015621185302734375,4,17069,5495.054121252384,4125.0,1192.9710010978529,19,17,16,13
4341.801396744275,1011.8722752026802,3.4706631603532545e-06,0.44571855023716644,0.44776679945545017,0.03125166893005371,4,17501,6345.374355378974,4249.0,1384.048097263796,19,18,16,14
4006.9130797391367,953.2682505719929,2.805166273368852e-06,0.5598391370593675,0.537107022694035,0.03124856948852539,4,18991,7447.026061100197,4680.0,1633.4139308728472,18,18,15,14
4687.18753342823,1108.3876023413113,3.257885572508233e-06,0.4679339565400764,0.4567160698613779,0.03120279312133789,4,19542,7048.098349905062,4868.0,1539.1256228723314,19,19,16,15
4867.7633896247335,1188.3748580340034,3.4108198345310606e-06,0.4829732846934738,0.46316433691781045,0.015624761581420898,4,20515,7638.805431523696,5255.0,1671.9588743229451,18,18,15,14
5031.210766607146,1333.8102562225301,3.812639948598074e-06,0.6359824824180835,0.5799111342324508,0.03965163230895996,4,25695,11701.119940440534,6843.0,2612.6949000507266,15,16,12,13
5336.916404156265,1408.6122079277898,3.914385466867964e-06,0.5806745654580941,0.5153877671565017,0.03481435775756836,4,26472,10973.72998165169,7174.0,2434.1069876175125,16,18,13,14
5332.815215067877,1524.8303853697332,4.325360708538346e-06,0.6775011680750137,0.592658416624241,0.015624284744262695,4,29395,14301.35964170238,8434.0,3225.4624380664936,14,16,11,12
4955.260178809347,1476.8810951172854,4.877777225243415e-06,0.7344333970438737,0.637555130434452,0.031248092651367188,4,31451,16505.18563321344,9274.0,3766.352817430343,13,15,10,12
5344.732522274724,1600.7576096388698,4.716689368395374e-06,0.7231548174665113,0.6279373228124809,0.015622854232788086,4,32569,16416.557957606303,9772.0,3751.8807533862455,13,14,10,10
4964.8248117225085,1603.4579504540088,5.081626814390719e-06,0.8022703285237962,0.7072534081522961,0.031249284744262695,4,35711,20481.22241664707,10944.0,5006.100000000002,12,13,9,5
4980.117457588611,1652.8972815490852,5.706780697445521e-06,0.8267042207182862,0.7442861571176824,0.015625,4,37714,22117.10733169543,12205.0,6782.100000000002,11,11,8,5
3868.1700471314225,1345.7217681789352,5.369618626445098e-06,0.8959556969797333,0.832520167289873,0.03125357627868652,4,38527,25579.260295086126,12599.0,8700.900000000001,10,9,8,5
35.845567759240296,9.214574669265948,3.675737497756896e-06,0.8923711217824793,0.8608478607148587,0.01562356948852539,4,316,306.101138700029,110.0,91.0,8,6,3,4
20.697838741810997,5.68629197810413,2.0862148135164723e-06,0.9754892972303261,0.9649546715828276,0.01562786102294922,4,410,385.7837825695043,128.0,120.30000000000149,7,6,6,5
9.860199994928202,3.739617446128593,5.29000655524615e-06,0.9895613760339166,0.970049985161748,0.031249523162841797,4,308,300.58191301223394,111.0,101.0,9,6,4,4
37.741770649281115,8.856160669741412,1.524097959561818e-06,0.9241761566352262,0.9210846130638611,0.015624523162841797,4,407,390.52142808695396,140.0,120.0,9,6,3,4
295.866045570593,58.077231737197984,4.262334222475834e-06,0.267358789147765,0.34243756466232955,0.056055307388305664,4,1025,751.9912909351185,260.0,260.0,13,7,5,4
209.7607556138479,42.507135235073086,3.6842748761367195e-06,0.7249313491885581,0.6898605805986326,0.03985953330993652,14,1263,1263.7,319.0,281.0,16,15,7,14
380.3066746134865,76.86673400921835,3.3133915602008376e-06,-0.15537712058480713,-0.03655394242787802,0.0468754768371582,4,1024,767.5288327546048,227.0,209.6999999999981,22,11,17,5
724.2345181966649,148.15797096276606,2.550625637169292e-06,0.48777103386358556,0.5099928410349304,0.04694247245788574,6,2753,2251.003512355225,616.0,492.9556669805231,27,16,20,12
833.2679172033891,169.19863563767274,7.317897932426235e-06,0.4690271760807695,0.4929318768282941,0.04683184623718262,6,3175,2321.774267188267,686.0,507.7917510109471,25,16,20,12
1060.0020056450546,218.07083516258803,3.557731412419454e-06,0.309168739538322,0.3330674400055259,0.04687333106994629,8,3672,2151.954539405727,764.0,468.22361936513676,29,17,28,13
1179.5095852678517,242.52006333134085,4.593095003666775e-06,0.39928645207346203,0.42050696315525904,0.03125,7,4396,2468.0370711531614,935.0,538.0001787091069,28,17,22,13
1123.574309053026,234.3702987500908,4.808428081921537e-06,0.5605488474137659,0.5805758300895909,0.031252384185791016,5,4794,3289.735712180158,1079.0,721.1834268086795,26,17,21,13
1369.1347995961917,282.8153109491641,2.8994973269861375e-06,0.46789566836553687,0.4894736848996455,0.046875953674316406,6,5684,2981.896624300716,1250.0,649.7967154304524,26,18,24,14
2375.5209746076284,500.49290739275597,2.540731997035286e-06,0.19967222235707383,0.24587794718829326,0.031249046325683594,4,7727,2679.9092967814277,1731.0,646.8000000000002,23,14,19,5
1590.6418228742332,334.84885412133195,7.502806340510243e-06,0.6476565925464169,0.6616730383189321,0.03125,5,8031,4656.001348154487,1831.0,1023.079714605648,24,18,21,14
2708.368623168522,577.0866586428185,3.360546403142836e-06,0.22487246807727246,0.2553022245103629,0.03333473205566406,4,9249,2850.4705778440157,2097.0,669.2999999999972,23,15,19,5
3699.996590033329,796.2087443521689,2.948145589899635e-06,0.14534303812393,0.19391180532722607,0.031249523162841797,4,11814,3228.7929941256043,2719.0,695.1788128475641,22,16,18,12
3647.0045807188853,809.7838918912703,3.7925881178045118e-06,0.38731701218964165,0.40228078001024115,0.0312502384185791,4,14185,4716.439401005658,3365.0,1021.7348935717328,20,16,16,12
4714.979656750587,1131.5220432567337,3.373644012806865e-06,0.46963946229082354,0.46193512628529554,0.01562666893005371,4,19262,7158.024439143634,4849.0,1566.0580277637928,17,16,14,13
4560.5796139427885,1106.5871841399126,3.2341425358699383e-06,0.48772686707091584,0.4633343599893389,0.0312504768371582,4,19787,7098.561989563489,5018.0,1549.8595668679536,18,18,14,14
4647.918745323012,1174.1276526333415,3.4287807900825485e-06,0.5987710300449948,0.5544372391314392,0.03125,4,23167,9581.340422663192,6173.0,2119.7075427134296,16,17,13,13
5029.209377146731,1322.6677193459243,3.852670414711259e-06,0.6133568541674029,0.5599583903000587,0.015627145767211914,4,24829,10945.584394429497,6689.0,2439.347986605213,16,17,12,13
4432.329064676093,1201.03060007874,3.5843115159634204e-06,0.6954103003868533,0.6280610736252743,0.015625715255737305,4,25738,12364.464215390855,6914.0,2768.6063983192544,15,16,12,12
4821.652149103617,1365.183772431713,3.901379309455184e-06,0.7016117743705814,0.6208211111036186,0.024997234344482422,4,27977,13950.480493922407,7775.0,3146.768371103408,14,16,11,12
5361.278114742643,1507.1858861209357,4.448198370335749e-06,0.6780837184005043,0.6039369217755975,0.018170833587646484,4,29306,14261.518711313081,8190.0,3220.027973319775,14,15,11,12
5190.733807087403,1508.5592154419933,4.36359040395712e-06,0.7106041236562337,0.6193162114081224,0.015621185302734375,4,31032,16030.136497135441,8926.0,3652.0701284656316,14,16,11,12
5577.311496513388,1690.574246530139,5.087899305079003e-06,0.7170018946832782,0.6161841497988654,0.015624284744262695,4,33646,17460.644267504005,10098.0,4013.335714873956,13,15,10,11
5056.242748091385,1611.7135575686148,4.92813898724989e-06,0.7774228097214981,0.6761251401824324,0.01568913459777832,4,34452,19168.50859666743,10597.0,4473.365040571003,12,13,9,10
4487.7435840510725,1496.3914939227286,5.359147132788811e-06,0.8546519666244867,0.7793924816081194,0.031243324279785156,4,37630,23025.678783481002,12074.0,7498.5,11,10,8,5
3559.278227647449,1281.8258516167427,5.159350402137242e-06,0.9104616661299617,0.8438918611712412,0.015624046325683594,4,38903,26474.76702504045,12841.0,8740.5,10,10,8,5
13.157242401383137,3.2282791552577077,4.0186851414942975e-06,0.9831236675849334,0.9820503064905186,0.031248092651367188,4,325,341.23728946031184,123.0,107.40000000000043,8,6,3,5
44.90559595796657,8.052493958402614,5.077426375608497e-06,0.903840778957876,0.9235132719675143,0.015623092651367188,4,454,428.11606132502834,166.0,142.0,8,6,4,4
40.15106203238001,10.026342948428997,5.846816463536759e-06,0.9287121098485274,0.9120545946783086,0.031250953674316406,4,493,499.6517720363689,172.0,172.0,10,6,5,4
27.92888514975206,6.51999519849363,3.0762054117741433e-06,0.9457624192700429,0.935596075978685,0.03124713897705078,4,412,404.6385126764934,147.0,134.0,8,7,4,4
40.135510357340216,9.753320239042422,6.059662118973848e-06,0.9244725109778107,0.9046784187378364,0.042380571365356445,4,474,412.3697322577058,136.0,128.0,11,7,3,4
121.71538279197733,23.41895168589484,3.841393293491175e-06,0.7267540243783912,0.7806131700905143,0.02977776527404785,4,729,626.8230145943438,208.0,203.09999999999968,10,7,4,5
176.05847497939433,37.46827675753501,2.9642191647663658e-06,0.6145470049350303,0.6261165640772439,0.03129458427429199,4,871,733.9357888677596,237.0,225.0,10,7,6,4
390.85158833055306,75.63117253578648,3.1317174092798592e-06,0.4247097210597254,0.42727210238615054,0.03125166893005371,11,1421,1343.8273284614643,318.0,305.0,22,14,8,11
484.32549834864454,98.7887163067447,4.184052749225476e-06,0.4287859588371872,0.42700645988021724,0.04687643051147461,9,1828,1487.9587847289308,373.0,336.0,26,14,23,9
614.2270647414994,125.37256731449607,5.020347967675973e-06,0.4833355870692969,0.49196439489930055,0.04687666893005371,8,2379,1815.8813917453729,511.0,396.9860657936208,28,16,22,12
810.4721469385084,166.77600282403154,3.402469934679863e-06,0.329702956917297,0.34988545762119994,0.0468745231628418,7,2749,1988.7630010471235,612.0,433.5462450898781,31,16,24,12
1005.8772706173826,208.6572467441842,3.6088411753258392e-06,0.29373891016947995,0.31355280283284204,0.03124833106994629,7,3353,2129.487267617542,712.0,464.26819063653284,31,16,25,12
1588.0721517948834,330.95471386300835,4.249684514159669e-06,0.45513173865912815,0.4871654892138856,0.046874046325683594,6,6202,3507.3848854892894,1319.0,766.4801915681028,27,18,24,14
2978.5356043461957,640.6005011256818,2.661594022918946e-06,0.20004270892895215,0.24612426804599374,0.0299985408782959,4,9698,3165.8736501734597,2190.0,683.6603205109095,24,16,19,12
1996.880558090681,433.61885434479626,3.5588005039538776e-06,0.6811388565526706,0.6918420705011283,0.019119739532470703,5,10439,5911.0102249353695,2367.0,1303.3808152790998,23,18,19,14
3640.711994074582,793.5088414290926,2.8715036347413175e-06,0.1577884170066597,0.19511897821689117,0.03999686241149902,4,11830,3148.0326496681737,2729.0,712.8000000000025,22,16,19,5
3295.6846076816873,736.4498645160261,2.4765675246027627e-06,0.4033552465469319,0.4124993780771046,0.03904843330383301,4,12985,4486.852806827743,3083.0,972.71327636767,21,18,19,14
3963.0823360456675,907.3672195237866,3.370212293677736e-06,0.4067822008135371,0.41224530665927006,0.03447437286376953,4,15670,5256.221006579659,3740.0,1141.9156535832512,19,17,16,13
4046.047777681253,929.1407894133621,3.2450295848196204e-06,0.4071456997852706,0.40945268337881546,0.04687356948852539,4,16052,5306.378971239354,3959.0,1151.303601871275,20,18,16,14
4457.471091251524,1078.5404501125697,3.1944948871877053e-06,0.5268016294770994,0.5028105573427999,0.037930965423583984,4,20002,7606.955573575018,5186.0,1667.0984627300531,17,17,14,13
5196.039221752072,1387.2915677678832,4.017469550118716e-06,0.6120677074487565,0.5523880489532695,0.031250953674316406,4,25756,11269.166168536933,7047.0,2506.8650243230495,15,16,12,13
5204.210899454632,1403.796062047416,4.068382933458005e-06,0.622982741077234,0.5573941126421074,0.031194448471069336,4,26328,11674.087452405445,7282.0,2603.978679391821,15,16,12,13
4663.534430473705,1414.110383445171,4.268697522452471e-06,0.7648766423912755,0.6670505745617205,0.03126239776611328,4,31810,17441.93677447016,9530.0,4021.71027945324,13,15,10,11
4878.473823119748,1601.6676258367465,5.300223953811165e-06,0.8170845579853724,0.7254036551163205,0.03125262260437012,4,36518,21173.683555291856,11384.0,5716.199999999997,11,12,8,5
29.95860716491949,6.207923873190123,2.58873363280532e-06,0.9366889219907987,0.9459156859558159,0.031252145767211914,4,356,352.3591635430376,128.0,116.0,8,6,4,4
19.524355035210924,5.03917241754858,6.922786891056012e-06,0.9666072956292611,0.9573322141640063,0.046875953674316406,4,343,345.0390711779224,114.0,114.0,10,6,5,4
27.512992808958565,6.378508307248362,5.20103419280033e-06,0.9557595580538353,0.9559129987082441,0.03124690055847168,4,387,372.1845898996259,124.0,124.0,8,6,3,4
57.76529184249375,13.105249317741631,2.848821624210365e-06,0.8695383247301192,0.8598625883063767,0.031246185302734375,4,487,469.7101710917707,166.0,148.20000000000152,9,6,4,5
17.294881128967397,3.872332509407262,2.9300739650522387e-06,0.9821150029366088,0.9804153564879413,0.023946285247802734,4,397,381.1073366754515,130.0,130.0,9,7,5,4
67.87280321701815,13.947506293584736,1.8192071719098554e-06,0.8661010742762006,0.8806593522189281,0.024728775024414062,4,592,539.915192519038,191.0,191.0,9,6,5,4
98.89555705032717,19.63404692647103,3.4418085399541246e-06,0.7093986605285783,0.7389940003150752,0.03125143051147461,4,590,519.6778698467215,177.0,175.0,10,6,3,4
131.8647224954853,27.064806509738037,7.333891269552327e-06,0.7428245460582259,0.7647106820650825,0.046939849853515625,4,808,674.5395824334812,216.0,216.00000000000023,10,7,5,5
149.64049578658782,29.123319130694405,5.415144542744221e-06,0.5024033379519388,0.5798126768499089,0.046871185302734375,4,678,611.4597274877767,191.0,191.0,9,8,5,4
213.42985660321182,45.14502230960299,2.8395457649401677e-06,0.566936107130775,0.5983784256699021,0.046874284744262695,4,989,840.1640594205767,259.0,261.9000000000018,13,8,4,5
316.31120260433573,65.50069493816937,3.5673321284026183e-06,0.5645230454296084,0.5221826293802059,0.0625007152557373,9,1340,1338.7742732664487,327.0,311.0,14,13,6,9
371.017793481822,75.41330264875273,3.163530710595684e-06,0.3304394549610544,0.2782747982231756,0.06508970260620117,18,1279,1276.0,280.0,274.0,23,18,15,18
1048.9283504279913,217.82218291833487,4.1028224557258706e-06,0.5985683123152064,0.6119067360471329,0.03247785568237305,5,4779,3342.151790328003,1062.0,733.0353579834177,24,17,21,13
1344.18524966034,278.4428487135563,3.2290319552906707e-06,0.4885905768526311,0.521607771144555,0.04687333106994629,6,5324,3304.398398851736,1171.0,723.3143883650182,28,17,22,13
1809.9401392899188,383.66379587305823,2.1184719925517113e-06,0.6343896137041816,0.6515834564432339,0.06250238418579102,5,9000,4988.0779259437095,1993.0,1097.3647977194664,23,18,22,14
2005.5408627781544,440.36784546738363,1.9920901411294174e-06,0.6011709652182808,0.6163369068058678,0.031245946884155273,5,9252,5085.767842155071,2100.0,1117.787793161031,24,18,21,14
2093.559931637188,455.2462238819891,5.76916191317214e-06,0.671251214516372,0.6765708439193154,0.04686903953552246,5,11258,5899.627440123208,2569.0,1299.751835616521,23,19,20,15
2090.555143112947,461.590858336472,2.940423956074719e-06,0.7068486544463394,0.7072105838423604,0.046874284744262695,5,11846,6440.958609457039,2757.0,1423.3442158342032,22,18,18,15
3446.0383759426577,756.7983746958747,1.0421350296165802e-05,0.37879927556475157,0.39527217566487605,0.04687190055847168,4,13460,4347.978696509831,3176.0,941.8741394040794,21,17,16,13
4103.054981867795,938.0395395374873,2.9980412258161034e-06,0.4540566002421449,0.4663908596032139,0.03493857383728027,4,16579,6172.540592713747,4017.0,1347.8283019965365,19,17,16,13
4320.491994769876,1016.1020188871444,3.122869302168991e-06,0.4603346847940757,0.45382863910990656,0.02102351188659668,4,17904,6354.175613821217,4411.0,1385.1122163313048,18,16,15,13
4454.478920998934,1053.4806169329258,3.210705359734991e-06,0.4693900504616556,0.46210351628001045,0.040575265884399414,4,18505,6725.552499850821,4527.0,1468.418276991676,18,17,15,13
4348.338581390523,1057.2398361870564,3.247530858494123e-06,0.5459736033783595,0.5177181332807612,0.031250953674316406,4,20198,7740.407000162695,5144.0,1699.1349346532425,17,17,13,13
4718.296679427511,1198.3273589519658,3.431933607218322e-06,0.5818268736761508,0.5398195917098139,0.031205177307128906,4,22563,9452.741892074118,5883.0,2092.720253340095,16,18,13,14
4881.686203582633,1239.1273102351433,3.559953742651262e-06,0.5660289322806045,0.5213390089275131,0.031248807907104492,4,23376,9336.098093794868,6116.0,2062.3349704261473,16,18,13,14
5271.030435937864,1454.2748854754573,4.293414349169958e-06,0.6477044363380324,0.5748493006615839,0.015627384185791016,4,27905,12693.728315748096,7936.0,2844.8142498579564,14,16,11,12
5267.649310373285,1508.593376031498,4.368002259918762e-06,0.6877080247715577,0.6068059848127829,0.015619993209838867,4,29048,14776.741434626954,8325.0,3348.1109868304684,14,16,11,13
4756.478938804479,1469.8925901862522,4.456515091285087e-06,0.7766811607545727,0.6793560458440759,0.033753156661987305,4,32932,18125.43570127344,9739.0,4199.61468061346,13,14,9,10
4742.2555664201045,1554.513647897563,5.06595327009313e-06,0.820135066223793,0.7274045216947072,0.03132033348083496,4,35447,21007.821626172634,10947.0,5275.500000000004,12,12,9,5
21.758180527300844,5.152218909305751,1.9845409255290423e-06,0.9522866766576663,0.9502466263617835,0.015702009201049805,4,307,296.06959811738284,104.0,104.0,7,6,5,4
18.417828759148822,4.658292484188722,3.0120133650487648e-06,0.9500637186728836,0.9197755641163622,0.015619516372680664,4,242,239.7,97.0,74.0,9,5,3,4
12.18324758204782,4.642956571241919,3.155868426530141e-06,0.9849721536283998,0.9548703662301707,0.03362417221069336,4,347,326.05822024785834,115.0,99.0,7,6,3,4
48.18413516398128,9.381745827818609,2.6670757620440104e-06,0.9009793993495884,0.9187742796466364,0.031249523162841797,4,505,472.6852507448643,162.0,138.90000000000083,10,7,3,5
140.35037263118156,28.371742749836617,3.853135917722175e-06,0.5491376793223564,0.589030642219974,0.046874046325683594,4,654,563.7511185213456,171.0,165.60000000000235,12,9,3,5
1046.0834060238567,211.9440462637498,2.3682534434473283e-06,0.34744672299614554,0.3890534887793975,0.03124833106994629,6,3538,2385.128012832917,766.0,521.2249157157269,28,16,25,12
1181.4204538803735,245.29942493810864,2.1628056112741464e-06,0.4862534592762462,0.5196799149035156,0.03125357627868652,5,4637,3056.183564137702,998.0,669.7335576090236,26,17,23,13
1323.8752544505119,270.44060232601436,2.7166085468562112e-06,0.5301788430710563,0.5774978469892864,0.04687857627868652,5,5456,3761.7290509615796,1219.0,826.9760703016154,25,17,22,13
2880.3676042682096,614.9298723515388,2.953419716022332e-06,0.13373764153661272,0.18720562212329916,0.03800177574157715,4,9027,2862.168842066216,2066.0,701.699999999998,24,14,19,5
2936.2622582191443,630.4716022824514,3.0709396202852212e-06,0.2471608809627237,0.2830872924195238,0.04694414138793945,4,10114,3206.439372437624,2309.0,692.6501537249114,23,16,20,12
3225.5989495447507,694.9452025695243,2.660627853232127e-06,0.25246897682144476,0.29686409726488516,0.036524057388305664,4,10802,3613.909508587253,2498.0,781.872062550573,22,16,20,12
3789.0500685577786,874.6921547536001,4.414842813418089e-06,0.45050130204489747,0.4476189731713569,0.031205415725708008,4,15587,5498.4030080840175,3824.0,1196.9490429154189,19,17,15,13
4312.045681217705,1036.476838298537,3.2086328375948514e-06,0.5016271657586373,0.4829147157086836,0.0468752384185791,4,18780,6923.710988234551,4735.0,1515.0973284234205,17,17,14,13
4893.263533521679,1280.4889397024474,3.695228696486317e-06,0.6153847426367949,0.5636063325667757,0.0312502384185791,4,24250,10694.71445630442,6508.0,2382.4568674329876,16,17,13,13
5217.299886821532,1407.2433741562352,4.031924475134977e-06,0.6178354978148534,0.5556749452374624,0.031234264373779297,4,25914,11800.345828453326,7011.0,2637.3099982770345,15,17,12,13
4941.100815493121,1376.1368988104389,4.077539713753178e-06,0.7007697333921266,0.6274805563948995,0.015622138977050781,4,28692,13936.951284260953,8033.0,3147.8132086283367,14,15,11,11
4604.365254130597,1359.5269333709878,4.050279550697647e-06,0.7607898228061488,0.6746010372444096,0.01562190055847168,4,30522,16377.152183371189,8794.0,3765.024236880916,13,15,10,11
35.754908211114675,6.647935230165646,2.1997621235251677e-06,0.8829048863857615,0.9157209477431719,0.015622615814208984,4,298,302.8104979646354,118.0,90.30000000000084,7,6,4,5
46.314810716389786,9.982560454905078,4.5773853351795975e-06,0.8719167322059848,0.8801544471039039,0.015624284744262695,4,366,369.1546527998605,145.0,118.0,7,6,4,4
8.809513642919239,5.989043489228108,2.626978880007699e-06,0.994320514701649,0.9575743960514674,0.01558065414428711,4,374,365.398942965683,137.0,137.0,8,6,5,4
21.566210408396557,5.5265495645137115,2.357180833801097e-06,0.9819319331821054,0.9750290613066935,0.031249046325683594,4,492,470.4977815580024,158.0,158.0,8,6,4,4
62.353358842000226,14.769045735009154,2.4167832139267988e-06,0.9081016509950354,0.8948801781172713,0.03124856948852539,4,653,600.6767548651438,196.0,196.0,8,6,4,4
61.708803630690674,13.08146213909333,3.001347240491023e-06,0.8069497134964829,0.8147862308821247,0.0312502384185791,4,434,427.18150748852554,151.0,129.0000000000033,12,8,4,5
105.99366790613442,21.904244973800676,5.717648630999158e-06,0.7468907597084253,0.7487758734166727,0.0468289852142334,4,706,645.525361482314,226.0,196.50000000000318,8,7,4,5
203.21027099088357,41.639323955815904,2.6334237050274324e-06,0.4846524994341824,0.5549442393196204,0.0312504768371582,4,861,698.3402646130041,227.0,234.00000000000045,14,7,6,5
241.38448404184507,49.013984724851255,4.086980082437874e-06,0.5501030116489624,0.5896423458528245,0.04682612419128418,4,1139,859.5391247732709,292.0,279.0,14,9,6,4
291.0743884309561,58.16562856905453,3.5268680355702487e-06,0.6213344797389087,0.604388541845417,0.04687666893005371,10,1373,1347.8035525249577,313.0,313.0,19,14,11,10
476.57961647040776,96.32510016500112,4.922152407836485e-06,0.5168357730968143,0.517892868514511,0.055918216705322266,8,1906,1647.3086461543514,421.0,375.0,22,14,22,8
633.6093057733224,129.24032764211773,4.103051847446723e-06,0.340351347679288,0.3546404287059908,0.045780181884765625,8,2100,1653.5415082208463,447.0,361.70404013926327,29,15,25,11
1694.2839352307772,352.44224416890427,2.487233478664869e-06,0.4941635573835208,0.5242679047665424,0.031203269958496094,6,6876,3721.5386868810415,1516.0,813.4549952567581,27,18,22,14
1684.3394128210666,353.4616944285005,3.162216519004642e-06,0.6053714125687603,0.6292249496944198,0.04155397415161133,5,7770,4576.144001645723,1785.0,1005.8392031810736,23,17,21,14
2844.0037350822026,601.1446984080283,3.7944948489285436e-06,0.15448014231570784,0.20187704519125915,0.0468745231628418,4,9017,2791.986970277866,2033.0,668.0999999999967,23,15,18,5
3100.310986343989,672.0558353145434,4.271933565279637e-06,0.25922144076828657,0.29296952510596574,0.04687809944152832,4,10660,3402.8778199183826,2470.0,769.2000000000035,22,15,19,5
3334.9236152950425,738.9925593693499,2.5686500246871818e-06,0.38006361681520284,0.3922925768239681,0.04686903953552246,4,13030,4287.982413879341,3062.0,928.8276933991897,21,16,16,12
3699.9805749135853,831.3959298105799,2.7661410813548377e-06,0.39775161236505285,0.4104106357513865,0.06249547004699707,4,14508,4908.1306718225605,3437.0,1065.553923430975,19,16,16,13
4107.467608373657,936.9271598249571,1.4432368001540768e-05,0.38517611001107954,0.3986066376104943,0.03394722938537598,4,15745,5292.3313425934775,3803.0,1150.2836378826319,19,17,17,13
4705.353579354054,1116.3682922861185,3.349946695963282e-06,0.3969752786693408,0.3893911152292002,0.03125286102294922,4,18602,6007.738284634082,4649.0,1305.7534392743537,19,19,16,15
4571.706397795205,1107.7673396775224,3.420060154195702e-06,0.4913254381919562,0.4753540298914307,0.03124833106994629,4,19215,7331.968943153253,4841.0,1606.244128118742,18,18,15,14
4495.9820823183245,1130.704130693144,3.308219657751808e-06,0.5976129146577092,0.5586663805865644,0.031248092651367188,4,21739,9304.37840422542,5679.0,2057.9968373855154,16,17,14,13
4729.445332143341,1268.6174636123285,3.6775773386596255e-06,0.6607173794560531,0.5930958500587028,0.031249523162841797,4,26005,12011.224604557001,7076.0,2692.0434044851663,15,17,12,13
5352.704457965665,1466.3293136959728,4.279556966621329e-06,0.6481674163120781,0.5803711139968797,0.0312502384185791,4,27978,12919.350148836245,7752.0,2900.1258186960313,14,16,11,12
5355.7316749890915,1659.0612899774185,4.980140282352328e-06,0.7428792660961772,0.6431792670085907,0.015623331069946289,4,33007,18330.16031128263,9949.0,4256.878808631689,12,15,10,11
5216.801775280878,1638.3362176214303,5.047319441550711e-06,0.7701309750103702,0.675277232670789,0.015624761581420898,4,34037,18837.46660687463,10315.0,4383.852512833786,12,13,10,10
5114.319477246235,1630.9896700152876,5.165433380693951e-06,0.7835906410995935,0.6850954937190108,0.015622615814208984,4,34817,19724.204268788784,10739.0,4623.41122955484,12,13,9,10
34.396211209047706,6.2900493249428,1.3553824502053937e-06,0.9307571886326061,0.9493630783716096,0.01562356948852539,4,382,359.10635681444626,127.0,117.0,8,6,4,4
60.81595344256191,11.61753474751046,2.1442661546245638e-06,0.8317950819000812,0.8731603153505305,0.03238034248352051,4,417,408.2919383835399,157.0,138.0,8,6,4,4
46.69970971845214,10.733876197355725,2.113174626945995e-06,0.921740786112236,0.9182043672087224,0.02300095558166504,4,515,480.4973665993427,167.0,167.0,9,6,5,4
94.00797089881154,18.9038906388375,2.651268900397676e-06,0.7966437882857387,0.8315512768872075,0.03131532669067383,4,655,581.4218052420616,196.0,196.0,9,7,5,4
126.11089046099286,25.596997138838628,2.6337169097433063e-06,0.6495713620434391,0.6930762505354747,0.047060251235961914,4,674,572.0777470544809,185.0,185.0,12,7,5,4
165.47818184825107,32.95334814680262,6.766459433998981e-06,0.5688153566130869,0.6015131380380048,0.07813882827758789,4,818,615.6898392966281,194.0,194.0,14,7,5,4
560.5166165674543,114.14408647999632,3.3085900181253426e-06,0.3545358418147806,0.36647211975407323,0.05899786949157715,8,1958,1582.8855312425235,416.0,347.0806874366783,26,15,25,10
613.683631857446,123.94835134041176,5.984402681680118e-06,0.456863442531372,0.48708958990764273,0.04909157752990723,7,2280,1916.0991437617986,496.0,420.7013781644548,25,15,19,11
701.6689090913028,139.23457633120583,3.475627173558683e-06,0.43774015461228233,0.4681872696977497,0.06249713897705078,7,2598,2010.9838628453651,553.0,439.6597394205901,28,16,20,12
937.0397050472119,190.82486405392558,2.7984242954585827e-06,0.2952603761016054,0.33227755162937145,0.06249499320983887,8,3118,2068.5325719776934,685.0,451.8119726544287,25,17,24,13
1040.158147839209,210.2646256307952,2.3825147849686244e-06,0.5333237319628905,0.5763196594192808,0.04688572883605957,5,4227,3107.531084121958,902.0,682.5497283677369,26,16,22,12
1320.1828889218664,276.41142681355143,2.728567410700236e-06,0.4001672948447592,0.4323894253056073,0.046872615814208984,6,4889,2882.7131655179974,1078.0,629.5752343885788,27,18,23,14
1473.174084564791,305.2886134636488,2.5541432222148687e-06,0.42132523916863185,0.4598506624378129,0.03125739097595215,6,5476,3147.571917197695,1190.0,687.7803586909072,28,17,24,13
1849.339860474134,391.839831380225,3.575590559014267e-06,0.5780244458610709,0.6022389325397768,0.046878814697265625,5,8239,4534.739529834684,1803.0,995.1664471410418,24,18,20,14
2679.4551911774424,582.801960274107,8.222941981143866e-06,0.31993437193989627,0.34245508166068506,0.04500889778137207,4,9710,3366.3398785031586,2249.0,775.7999999999979,23,15,19,5
2719.8949579331183,616.5792310547334,2.5234066833689193e-06,0.6696798902242611,0.6698172846397258,0.02207016944885254,5,14138,7173.96474307243,3339.0,1587.050462758295,21,19,17,15
4369.3819449269495,1003.1755242773525,3.264487490714862e-06,0.3908868082919831,0.40431529589208703,0.05207991600036621,4,16779,5690.297897040791,4056.0,1238.526577291579,19,18,15,14
4707.811930530839,1097.4335227246536,3.3571652983798756e-06,0.37830560326549634,0.39419437657810497,0.015618324279785156,4,17790,6022.637263117631,4405.0,1312.4693616820414,18,16,15,13
4124.291324663761,985.3113260028737,3.1693236493361205e-06,0.5163278695255982,0.5007145545635303,0.031248092651367188,4,18285,6904.386021952582,4516.0,1512.3103857848,18,16,15,13
4501.497880413419,1107.2927754322222,3.3408789833474806e-06,0.5215602855802162,0.49319263333084695,0.031248092651367188,4,19998,7634.355498325319,5233.0,1674.7409219318351,17,18,14,14
4387.2014786748305,1132.276702691828,3.327794367261712e-06,0.62100892158302,0.5670761574633141,0.03120899200439453,4,22524,9704.853444942819,5952.0,2149.1686113844016,16,17,13,13
5166.0002093657,1397.350496740246,1.2077276955175714e-05,0.628908269435924,0.5681871549366984,0.01561880111694336,4,26075,11670.861762132181,7238.0,2603.849460019572,14,16,12,12
5091.181494395356,1410.960576517008,4.1091704406442904e-06,0.6655616047050277,0.594252546321844,0.031250715255737305,4,27082,13124.942960973902,7494.0,2955.841409599914,14,16,12,13
4863.5983240978985,1379.6033649376473,4.117518394044728e-06,0.6925739517406806,0.6121740464232759,0.039655447006225586,4,27563,13712.583153316464,7825.0,3091.9488397511304,14,16,11,13
4680.925878643106,1338.707023237659,3.9769077281194326e-06,0.7105940621653262,0.6242885702035771,0.03199958801269531,4,28637,13947.083997645932,8096.0,3142.6290553625586,14,15,11,12
5426.687197797112,1555.7272636776943,4.915311191896481e-06,0.6868169247736244,0.6040691649472048,0.03720498085021973,4,30315,14836.388647346546,8810.0,3359.9102546846243,13,15,10,11
4723.919786158485,1496.9463831267517,4.613059075837123e-06,0.7898186911079552,0.6916358007680508,0.02500295639038086,4,33087,18893.098208788077,9882.0,4416.326033625188,12,14,9,10
4895.061069591485,1611.5487524339178,5.113017365425045e-06,0.8026324595125149,0.7009807262683819,0.013169050216674805,4,34981,20543.419897274558,10925.0,4841.382952086464,12,13,9,10
4499.425239625036,1524.1330193740284,5.055500142018104e-06,0.83682775540482,0.7394089077783401,0.046874284744262695,4,35689,21801.659921157458,11266.0,5384.0999999999985,11,12,9,5
4173.203950910969,1418.8705853813583,5.352210794494618e-06,0.8737699299183664,0.8009886709658616,0.0312504768371582,4,37957,24053.6945032639,12319.0,7728.9000000000015,11,10,8,5
4401.692256752358,1513.3796062223641,5.918395842370424e-06,0.8684825477225981,0.796478446210525,0.0312504768371582,4,38958,24491.26842896799,12907.0,8236.8,10,10,8,5
10.929144369245495,3.7474490233606184,3.1493783414468187e-06,0.9865723326065925,0.9729064993678034,0.015624523162841797,4,284,279.76882345585915,99.0,99.0,7,6,5,4
34.86972236610784,6.777749601411657,1.9064663705622705e-06,0.8933281066318529,0.9192587552865453,0.015625715255737305,4,316,278.6857446558623,98.0,98.0,9,6,5,4
39.700786781614426,8.718752207876621,2.7252208394217035e-06,0.9233955456407646,0.922007995658776,0.05042290687561035,4,430,405.24860180402277,149.0,126.0,8,6,4,4
42.643053423403344,10.459020539958527,2.9296008425930736e-06,0.9363960318398878,0.9222390802089524,0.02915215492248535,4,527,507.357835665017,164.0,154.49999999999886,9,7,4,5
177.179394343712,37.061887822749405,3.1920760915022974e-06,0.5805390773876358,0.5965422633767421,0.041722774505615234,4,849,725.4963432791085,247.0,238.0,13,6,4,4
314.5658537534773,65.75234208734477,2.7802974430022764e-06,0.3551847159374333,0.3934818054213398,0.0625002384185791,4,1130,854.1350014090378,276.0,269.6999999999988,16,9,6,5
247.37487234195297,51.044507183707296,4.561039859234784e-06,0.6913173573600269,0.6417689492723814,0.06251120567321777,10,1327,1312.7536289026618,323.0,296.0,14,13,5,10
516.4219413251429,104.76851543361552,2.8716590686762683e-06,0.6253834433670891,0.6362266254985403,0.031244993209838867,6,2377,2203.0415637962133,515.0,485.20234859571224,22,15,14,11
808.2203952944125,162.86230382508327,6.8286072681913395e-06,0.3985780980551502,0.4355577003273975,0.0468745231628418,7,2896,2111.191739326199,628.0,462.78793493387684,26,15,22,11
1398.0536839407432,291.2334273002458,4.359444577663262e-06,0.29387702700551066,0.31528186127395164,0.0468754768371582,7,4736,2405.8517616345725,1035.0,523.1513210289636,30,18,25,14
1215.5042498813289,254.54898131956628,4.469004948505129e-06,0.5899018591984031,0.607311172007132,0.04690432548522949,5,5616,3636.797590070367,1227.0,798.4917187207375,26,17,21,13
1513.8439133728784,312.1876436538168,2.348502994092628e-06,0.5129491566138449,0.5506784887657519,0.03125286102294922,5,6199,3689.303812274623,1345.0,808.9649627904951,26,17,18,13
1963.4608447709988,413.20645473244525,2.3913995566315094e-06,0.44822978199967534,0.482852116604115,0.04687190055847168,6,7632,3771.4698449735424,1729.0,823.4761723470001,25,18,22,14
1617.9305827657738,339.6812735097514,6.2283770928264e-06,0.6570279580390919,0.6728598835523383,0.031249046325683594,5,8386,4838.496329287707,1899.0,1064.6925430908223,24,18,19,14
2276.9198024148563,508.8595632860427,2.460715563593583e-06,0.6661232087354754,0.6670803927260405,0.031250715255737305,5,11940,6224.6274518467735,2808.0,1373.1655023650746,23,19,18,15
3806.337066883201,864.9995704751211,2.8621160298398197e-06,0.39713234793287455,0.410854996609875,0.03124523162841797,4,14632,5107.129057454413,3506.0,1109.4438007018202,19,16,16,12
4033.0841056090644,950.8432148486041,3.7841565421228992e-06,0.45018080824936946,0.43606614717438685,0.0312502384185791,4,16915,5743.718777132704,4306.0,1248.7684925541953,19,18,16,14
4647.313569198281,1174.7329599058417,3.452897395784852e-06,0.554258488269681,0.5109821487782074,0.031250953674316406,4,21871,8449.337921105544,5694.0,1859.6398899983005,16,17,14,13
4666.428982991763,1193.3045079851277,3.562647491311046e-06,0.597411918702329,0.5515526840552643,0.030587434768676758,4,22905,9555.92648805823,6080.0,2110.7859023410347,16,16,12,13
4158.297159918113,1098.0787944718218,3.30608332203325e-06,0.6971529195054211,0.6364722795056073,0.03100895881652832,4,24383,11691.467981297168,6567.0,2621.2220589921835,16,16,12,13
5196.929796356766,1428.548012363775,4.211606112378724e-06,0.6454832203943608,0.5777553464221749,0.01562190055847168,4,27042,12326.03007447826,7568.0,2753.2734921514475,14,15,11,11
5169.791394290254,1472.5434702402063,4.304152199942207e-06,0.6846594823413081,0.6044754046095615,0.031244754791259766,4,28707,14061.005625533267,8162.0,3178.7558042135825,14,15,11,12
5170.288118237225,1479.712406824765,4.2886408818771885e-06,0.6903585057346324,0.5992432753802805,0.017789363861083984,4,30668,14899.557833735516,8936.0,3371.9207115676327,14,16,11,12
4651.939047880924,1443.1344587716526,4.508686054140735e-06,0.7830283522065611,0.6881425922135233,0.01562952995300293,4,32087,17923.54376045573,9488.0,4159.870550315649,12,14,9,10
4931.437533178327,1527.731658035833,4.729862151473443e-06,0.7683099654687735,0.6711896597149969,0.015624284744262695,4,33189,17898.953127188914,10034.0,4153.839547638889,12,13,9,10
4832.3083227510715,1608.4779170070972,5.404846235917808e-06,0.8184883873408564,0.7209065558153385,0.01562047004699707,4,37052,21432.430375634853,11685.0,5634.181540283527,11,12,9,6
4309.366688632315,1462.8413789268693,5.439486562887864e-06,0.8662974415088209,0.7896594025379076,0.03125190734863281,4,37993,23785.64703136144,12436.0,7427.4000000000015,11,10,8,5
3578.3418683815976,1270.2187227262013,5.4136628843051775e-06,0.9045512146031401,0.8392484712317025,0.015622854232788086,4,39202,26216.672330008856,12991.0,9345.600000000002,10,9,8,5
26.970366117822596,5.809311359846661,1.6797511971582218e-06,0.9493872395594308,0.9503618089973144,0.015625715255737305,4,353,355.40537879866076,140.0,109.0,8,6,4,4
28.865305674543823,8.287495157907879,4.809490521393867e-06,0.9459945875086788,0.9110359824389906,0.026233911514282227,4,382,364.8569249764853,125.0,123.0,9,6,3,4
70.12667458711299,15.900269518012852,3.643001521945312e-06,0.8316264224707831,0.8302300598336811,0.031260013580322266,4,538,501.0975309370368,177.0,156.90000000000157,9,6,3,5
61.1892789013224,13.26610786409044,2.2578099355650497e-06,0.8765360582459718,0.8858379340788614,0.0468597412109375,4,548,532.641760809451,179.0,176.0,9,6,4,4
79.20305325083287,15.314175991594658,2.4975825088778528e-06,0.7974029123846635,0.8267377468277216,0.03125405311584473,4,535,489.76321560339164,162.0,149.09999999999968,13,7,4,5
100.1436867952014,22.036111181773098,3.204655251518805e-06,0.7532697287990501,0.7456562258297542,0.03125143051147461,4,639,563.4506918870841,197.0,175.0,11,6,4,4
189.94039760657174,39.266069308211115,5.146274111941099e-06,0.5570066466771489,0.6040760363971065,0.046875953674316406,4,840,683.8319927794101,215.0,215.0,14,9,5,4
259.5006213454332,51.178540487356734,4.6114508709592365e-06,0.5128893093542956,0.5743862474940153,0.0468745231628418,4,1152,900.25873023144,289.0,276.29999999999995,13,8,6,5
374.87790105813133,75.72514966841098,2.9752467149693112e-06,0.2366395605659103,0.3038104774307038,0.031246185302734375,4,1233,887.9860810348963,291.0,276.89999999999736,19,8,6,5
376.55530718983545,75.37324447018102,2.435745640106164e-06,0.5354002246394247,0.5205370444800164,0.06995201110839844,10,1533,1401.4829239232795,339.0,323.0,21,13,21,10
376.63642293704834,74.73824751239712,2.9994439407652555e-06,0.45914982237599444,0.44790017458016385,0.04249000549316406,12,1436,1337.8234403366434,317.0,291.8999999999994,20,15,5,13
485.17660313519434,96.95367425046071,3.1987913328616164e-06,0.32467492207024906,0.33205283539681407,0.057348012924194336,11,1633,1433.8668398931661,354.0,315.0,25,16,24,11
687.9349628958987,140.09409494215117,3.6029366008648177e-06,0.4752511092757604,0.4968138755621808,0.0625007152557373,6,2703,2179.4015280742124,583.0,477.71509959254286,28,16,21,12
1037.0404668800293,214.20829108197373,4.701797573361297e-06,0.32627442159986164,0.36213040243432026,0.046830177307128906,6,3562,2333.8475396722797,756.0,510.50397742154587,29,16,24,12
1104.3271028713323,230.59651789412732,2.427882853512028e-06,0.4319637838885291,0.44935925813512834,0.031248092651367188,6,4024,2604.532699528612,892.0,569.1608879679789,28,17,26,13
1333.7301973365213,281.1455429463273,2.21730174294213e-06,0.5679132966717185,0.5925110800069209,0.03124547004699707,5,5785,3740.9534273565678,1314.0,822.1595703522726,25,17,23,13
2140.119347889866,453.5297847622847,2.5561157990182237e-06,0.24727421813795802,0.27471494440885436,0.031247615814208984,4,7245,2590.2540448686796,1627.0,596.9999999999984,24,14,21,5
2979.8371850122057,635.4428642005657,3.4444743017201047e-06,0.08547912885606057,0.1393181649948516,0.03125119209289551,4,9089,2639.03344461203,2068.0,672.9000000000033,24,14,18,5
3146.9403286852544,688.3263130283458,2.6875430585814223e-06,0.2145622887439651,0.25560174633779764,0.03125143051147461,4,10484,3336.013105977854,2365.0,721.2379525407359,22,16,18,12
3577.524424131969,791.6674235702038,3.402624961418968e-06,0.34422389221417615,0.3637394608378053,0.046869754791259766,4,13367,4227.412735668152,3135.0,916.3669886525072,20,17,16,13
3909.8198752834483,894.2575668914725,3.0376401922353346e-06,0.4155716909020237,0.42597721991431736,0.046875953674316406,4,15346,5371.542914738114,3743.0,1167.429556470404,18,16,15,12
4507.724766473428,1075.4985794454133,3.275436343049578e-06,0.49755980077939266,0.49051957899742427,0.03125143051147461,4,19047,7339.754008682108,4895.0,1610.9743223103587,17,17,14,13
4445.385817046643,1098.6150848054108,3.4369207468153346e-06,0.5699787079707421,0.5410464319021079,0.04687786102294922,4,20702,8489.153824482426,5302.0,1871.2272404714513,17,16,13,13
5088.344397750382,1357.8246398721865,4.042494596578174e-06,0.6210227837184708,0.5618999318345537,0.031247854232788086,4,25525,11266.208925102685,6920.0,2506.839927703184,15,16,12,12
4698.832311313242,1308.9564491279018,3.863880295362712e-06,0.7006084173215494,0.6269228487749874,0.031249046325683594,4,27011,13479.019174701243,7601.0,3040.425770533826,14,16,11,12
4943.862895427909,1433.3600835360796,4.262662503148329e-06,0.7180000125872761,0.6309154679770081,0.0312497615814209,4,29564,15222.325535401254,8551.0,3466.5135766610074,14,15,11,12
4697.613978598185,1450.871878368574,4.433835657482933e-06,0.7714082155245379,0.6739757489811782,0.02794504165649414,4,32052,17523.691571744726,9576.0,4046.9399252747353,13,14,10,10
4901.919547759488,1555.3781689724206,5.0091007047821215e-06,0.7989598881414693,0.708090104606502,0.011089324951171875,4,34192,19765.3461147735,10426.0,4687.199999999995,12,13,9,5
4660.546254691177,1554.2476562895101,5.116946362619716e-06,0.8241321326436226,0.7257049501272079,0.031248092651367188,4,35739,21312.529826095946,11179.0,5228.100000000002,12,12,9,5
4346.479473497536,1503.9640409260458,5.7362866538468815e-06,0.8700200804070801,0.7935426745747493,0.0156252384185791,4,38067,24137.603568949435,12455.0,7631.100000000002,11,10,8,5
3625.234249618846,1243.3298382250027,5.348939401625784e-06,0.9040184066961304,0.8474958158334724,0.015686988830566406,4,39183,26470.91242525041,13104.0,9590.399999999998,10,9,7,5
77.4573480567196,15.092939684135034,2.0363541386248303e-06,0.8393225247310467,0.8611511813122599,0.03125143051147461,4,575,532.6271912649804,193.0,165.8999999999994,8,6,4,5
62.291175519797335,12.177379241117672,5.048077817155221e-06,0.8556910090115452,0.8740000115007838,0.046871185302734375,4,543,478.8167121042135,157.0,152.99999999999903,9,7,4,5
61.28627538462559,11.268906423927515,2.3718194980652483e-06,0.8464735694990198,0.8898462000473477,0.047055721282958984,4,486,455.3725759987589,147.0,138.0,9,7,4,4
231.29699548059378,47.17593559204202,2.9061831329167103e-06,0.5001352253248779,0.532474090542981,0.06500053405761719,4,1026,802.9002420466476,252.0,244.800000000002,13,8,3,5
256.2957638683941,52.70320172908284,5.900973149435044e-06,0.5545312081560261,0.5797214396339738,0.0625002384185791,4,1179,913.0731263785467,308.0,308.0,13,8,5,4
370.9968150436709,75.35376628793176,4.553225847537201e-06,0.5312622678451902,0.5211891538318387,0.04688072204589844,11,1493,1422.6809745158585,341.0,310.800000000002,25,15,18,12
619.989317357224,125.23761800892888,4.4140749106230694e-06,0.33748537994129446,0.3678594875937333,0.0468747615814209,8,2078,1672.0549157084592,460.0,379.0,26,15,24,8
749.9264689206196,156.60042284519707,3.1201203030336967e-06,0.5231558080977199,0.5307430191136593,0.04687643051147461,6,3070,2313.617006455144,662.0,507.049620063068,28,16,21,12
1269.6430569924055,267.97593315190323,2.629795936739272e-06,0.4853456583813237,0.5090558450314344,0.03949475288391113,5,5090,3087.4933468331014,1141.0,675.5955520423822,26,17,21,13
1541.13291032519,325.70937922342415,8.989170519504493e-06,0.5916130453444692,0.6023369647841296,0.035184621810913086,5,7373,4017.954976410332,1678.0,880.7765257699557,25,18,22,14
2687.2043955124504,573.5838956468734,2.6670876670799367e-06,0.1752152509336622,0.22674443637523534,0.03748917579650879,4,8553,2887.3863079100274,1931.0,657.6000000000031,22,15,18,5
1896.7463823965616,405.42897807953835,5.677473927954089e-06,0.6002474712855211,0.6169358496608659,0.031247615814208984,5,9062,4737.058525141669,2034.0,1039.5463196777291,24,18,20,14
3581.621711838575,783.9763902375024,2.894511045941213e-06,0.20295150816641738,0.247404038408077,0.031247377395629883,4,11807,3530.248831251796,2777.0,767.6999999999989,21,16,17,5
3532.494470483559,786.3255778953926,2.7955274069772565e-06,0.29019774893625294,0.31035262565988986,0.031252384185791016,4,12607,3818.224161181023,3037.0,825.3448234516509,20,16,17,12
3888.8351279654225,878.5251494162621,3.0114388630746475e-06,0.35975511928319914,0.3781883877032962,0.015579462051391602,4,14730,4813.623136147722,3471.0,1045.1759702633922,20,17,18,13
4703.933845055578,1203.219362512012,3.588199690128717e-06,0.614427624557919,0.5713788229858678,0.04687023162841797,4,23181,10188.116763331758,6211.0,2267.059165378054,16,16,13,13
4758.520549513942,1316.3354118872305,3.821978103596707e-06,0.6884801831980603,0.618772836644991,0.04776406288146973,4,26581,13114.024556711916,7351.0,2957.707040674737,15,16,12,13
4884.09310533312,1388.2760208106574,4.1485349374533195e-06,0.7026184523461407,0.6249027452100984,0.042783260345458984,4,28234,13963.738689662196,7841.0,3154.774216738795,14,15,11,11
4500.061290630177,1368.4755160295317,4.172883876067413e-06,0.7791852549143854,0.6895055931624172,0.031245946884155273,4,30746,17060.309246379933,8889.0,3935.0391694840473,13,14,10,10
5435.598006110145,1644.4307818038792,5.05180083493785e-06,0.7131553740558101,0.6183974915015149,0.03125143051147461,4,31320,16676.232198872967,9353.0,3820.7989121383125,13,15,10,11
5031.492442856123,1568.464987120448,4.848721395791683e-06,0.7636752119095748,0.6706551244684275,0.0312497615814209,4,32176,17585.949280904497,9510.0,4073.45512790027,12,13,10,10
4756.440266132236,1524.137168714523,4.744003920048993e-06,0.7981605013864136,0.6997809091551402,0.03125119209289551,4,34526,19848.59822109953,10302.0,4671.436055131711,12,13,9,10
4054.454676339564,1423.0925583960427,5.986031489279504e-06,0.8875802678336755,0.8172560019449165,0.031249284744262695,4,37866,25001.966785827037,12364.0,8000.4000000000015,10,10,8,5
27.581388347445863,7.4276250409170705,3.346865048538356e-06,0.9408267428587214,0.9010704639697955,0.03125953674316406,4,349,329.26217716135056,109.0,100.79999999999887,8,6,3,5
47.2549845840088,8.763058632429923,1.4710112138184385e-06,0.8983883531661677,0.933883306682165,0.015626907348632812,4,448,424.1853007730962,176.0,144.0,9,6,3,4
90.4714367287872,17.80372126912031,2.527825300552641e-06,0.7906132235591019,0.8204425630027913,0.0312502384185791,4,589,539.2449014028236,184.0,168.2999999999994,10,7,4,5
103.00756521987377,20.685762900254986,2.0410497819398085e-06,0.7744519292049565,0.8063422079898612,0.03299903869628906,4,663,588.4845573907994,204.0,204.0,10,7,5,4
280.4016871433452,57.91636127620409,6.737908776943506e-06,0.43659655665481134,0.45012051357152594,0.04694104194641113,4,1122,834.7536090725456,271.0,259.19999999999675,15,8,4,5
224.86088953291295,45.35827911985426,4.725357124363449e-06,0.6852546697676004,0.6318290875846377,0.03353524208068848,22,1258,1257.0,277.0,251.0,24,22,13,22
588.5806061543246,117.4886878759918,5.70621275601877e-06,0.3687427018183307,0.3989000388261926,0.04687309265136719,8,2047,1641.8344379723758,450.0,369.0,24,15,20,8
712.7743143313369,145.68070583761022,1.3339690363047947e-05,0.44612971638464605,0.4662909660640725,0.046874046325683594,6,2647,2037.9176490352506,581.0,445.8503750275738,30,15,26,11
1042.2086488987675,213.22627256145776,2.3305496154229397e-06,0.38178101313457824,0.41395592165321515,0.031291961669921875,7,3742,2423.038068379179,832.0,529.95081620717,28,17,25,13
1303.5723939394975,268.25115637719665,2.7932520522980854e-06,0.15183534443173752,0.1872660776418128,0.031249046325683594,8,3987,1981.4310845933435,842.0,430.5690053127962,31,17,29,13
1335.7290843377411,274.38260463317664,2.7740122229449158e-06,0.5808887086694061,0.6107998668919583,0.0468752384185791,5,5940,3810.079519937786,1289.0,837.9048121515111,25,17,22,13
1421.139945899632,295.55516921944445,1.9999482909018573e-06,0.6033775198027368,0.626836342807122,0.03661942481994629,5,6594,4019.541402577714,1481.0,884.0839065148575,26,17,21,13
1428.3414997746468,302.214512275762,4.1593571167696804e-06,0.6004258330375705,0.6115004323530493,0.06250190734863281,5,6796,3866.549538355346,1553.0,847.5507546780777,26,17,22,14
1659.5495144308213,354.0601461472856,2.560098146978384e-06,0.6621466409539931,0.6744831237674392,0.046875953674316406,5,8575,4944.0592768052975,1918.0,1089.1114227203184,24,18,20,14
2575.905229689032,550.621083104018,7.854859068951036e-06,0.3141759620667558,0.3437877108637337,0.046872615814208984,4,9380,3275.897463612823,2096.0,724.1999999999975,23,15,20,5
3549.265743707831,761.0015404134728,2.7949232682554184e-06,0.13919635672674546,0.19598369446383257,0.0468754768371582,4,11328,3166.394657237336,2554.0,682.9336856311934,23,16,18,12
3381.3701883458193,759.939901874167,8.462824939509835e-06,0.3831381889997322,0.39421515420699127,0.046872615814208984,4,13075,4377.975256529401,3150.0,949.7560620647387,21,18,17,14
4745.4424203726485,1159.0999459151603,3.503680522394619e-06,0.47726832473682346,0.4590966485754464,0.0312497615814209,4,19823,7318.250871050874,5088.0,1601.8181151859571,17,17,14,13
4694.9907747174475,1194.3163601123356,3.777066491110553e-06,0.5921783497720858,0.5451570232764114,0.047321319580078125,4,22996,9642.896117744942,6256.0,2138.089269553362,16,18,13,14
4662.469503641471,1257.304705701035,3.743684734767623e-06,0.6716083542474813,0.60755559705825,0.03081512451171875,4,25622,12019.197316238206,6932.0,2690.7396232227147,15,16,12,12
5133.694435285346,1437.039303796407,4.180651008140573e-06,0.659381959281299,0.5781436392787982,0.031249523162841797,4,28043,13207.140543147645,7885.0,2979.6657588024664,15,16,12,13
4691.912630220662,1381.1032816212567,4.160037818804473e-06,0.7485879536740392,0.6612745383112233,0.03961539268493652,4,30016,16071.694849845218,8738.0,3686.766796223479,13,15,10,11
5201.164575811814,1561.3778897575366,4.779208066033847e-06,0.7294763629649237,0.6376041833973856,0.031249523162841797,4,31774,16491.61125608706,9236.0,3781.38040974089,13,14,10,11
6.134058674871578,3.4162294675841007,2.6793418471624438e-06,0.9963261716088185,0.9769705582961559,0.015624523162841797,4,325,318.2068580370861,113.0,95.10000000000144,7,6,4,5
21.313771942874876,5.357294732694271,3.476400070660389e-06,0.9720394207759698,0.965077462597563,0.015625,4,387,385.5934149535813,138.0,123.0,8,6,4,4
22.275034020332754,4.456222518177651,2.067052376113826e-06,0.9480659743622402,0.9601066815335935,0.015625,4,293,289.0341023312601,98.0,98.0,9,6,5,4
16.648848495981582,3.7059261502152663,3.6560322758716267e-06,0.957136970202405,0.9520037591239732,0.0312962532043457,4,244,238.1670670823416,91.0,69.0,8,6,4,4
23.980810302894124,5.302949517763982,1.9079863572253533e-06,0.9705687433789157,0.9698915274081268,0.0156252384185791,4,420,414.59229948083095,145.0,145.0,8,6,5,4
38.09352864210448,9.388695388058888,1.9572644410927886e-06,0.9387820976179269,0.9272079257403293,0.031249284744262695,4,481,447.64706227846125,153.0,145.0,8,6,4,4
90.79282855802967,19.27689025577868,3.0543927643279618e-06,0.8281083702742129,0.8368242525399333,0.03214287757873535,4,733,635.3363809804471,198.0,204.59999999999923,9,7,3,5
88.27397948052896,17.41383164445718,3.2612093932801565e-06,0.7334297962395415,0.776575366291063,0.03131556510925293,4,560,479.70977628954864,176.0,176.0,11,6,5,4
104.10144164098942,21.88115173355157,4.146852937307152e-06,0.7558596236157689,0.7570873165716082,0.04687309265136719,4,694,580.4101869107451,199.0,180.0,10,7,6,4
114.32524983079844,21.923495393144066,2.8984112547649716e-06,0.7682249379139818,0.811841312805586,0.03125119209289551,4,742,661.4751687611032,223.0,216.0,9,7,4,4
196.40448720129308,38.933501166270716,3.259527052395034e-06,0.6514390516580923,0.6881558766539639,0.031247854232788086,4,1101,840.2424650568996,283.0,283.0,12,8,5,4
275.2088227426476,57.39139713532197,2.8538669555614473e-06,0.45997993021004113,0.517461634208834,0.0468752384185791,4,1128,882.5321949485793,286.0,285.0,14,8,6,4
391.32579844738757,80.02457574226808,2.754580527244605e-06,0.3992128687661963,0.37543718419617234,0.03124833106994629,14,1431,1288.381087606478,312.0,275.4000000000001,25,16,20,15
434.1057563218083,86.28544439982362,3.825730243710413e-06,0.3859724171573624,0.3669302677443631,0.06250262260437012,13,1574,1399.938784024407,323.0,308.6999999999982,25,17,22,14
634.2066968294226,130.164395384085,4.76240627696066e-06,0.3920115598926932,0.4022030242201565,0.06397056579589844,9,2333,1716.061303654636,513.0,373.944040772835,27,16,21,13
808.7320900602163,161.91531791693626,2.498293959267215e-06,0.46194388655428986,0.49165746769337504,0.054883718490600586,6,3062,2310.745537016388,657.0,507.5754633015597,27,15,23,11
1186.4537399728495,246.8024426752136,4.07073142494958e-06,0.45553561389018227,0.4793180864945351,0.04920339584350586,6,4664,2786.5679261802557,1060.0,609.0322565946399,27,17,23,13
1584.0625629778367,333.15214003499324,2.8458018051873476e-06,0.5544593199572199,0.579364960768049,0.0468752384185791,5,6902,3952.8288815523288,1493.0,867.4736418079578,25,18,21,14
2761.4580285524266,590.6208627444408,2.8220081699028284e-06,0.2896953059820915,0.3231850854166681,0.046875,4,9862,3252.775748291857,2187.0,703.7543158487601,23,16,21,13
3387.8262383889487,738.6695604023927,3.4457973601895993e-06,0.19493532413792536,0.22720570704697807,0.03127789497375488,4,11308,3179.4212686436,2596.0,764.6999999999998,21,14,19,5
3507.1993266847953,778.5289097711441,2.921253821043562e-06,0.25786236180827804,0.2938613448491687,0.031267642974853516,4,12092,3819.9828931615757,2795.0,859.7999999999984,21,15,16,5
3811.5218511475996,884.9480425454581,4.106275677034922e-06,0.4832558351758135,0.47831675513530236,0.031249284744262695,4,16228,5958.559080735187,3998.0,1301.1005722943983,19,17,16,14
4042.03864157652,944.7095014334294,2.9389376404201424e-06,0.47231731345910255,0.4590111041690881,0.031250715255737305,4,17514,6028.179006640381,4372.0,1312.7667970500097,19,18,17,14
4926.383708764254,1198.0293565566672,6.495015451174514e-06,0.4382132777812565,0.4211543137273116,0.03129434585571289,4,20333,6819.790644178032,5293.0,1488.565250123429,17,17,14,13
4600.662740758107,1187.5554422189095,3.694404737816626e-06,0.6371443927233438,0.5847047326119539,0.031249284744262695,4,24181,10785.891570188554,6400.0,2403.619744877099,16,17,13,13
5430.355961073334,1498.0384300008789,4.661844274911435e-06,0.6398083223724242,0.5740735443743079,0.015622377395629883,4,27727,12722.831272956317,7805.0,2853.2622729460763,14,15,11,11
4745.746760339587,1366.1143114703184,5.333989099865852e-06,0.7224502429285986,0.6391693622598473,0.031248807907104492,4,29123,14541.031069312561,8233.0,3302.9934689533147,13,15,10,11
4655.334094503851,1480.9509421791483,4.684538907138072e-06,0.7961912814602605,0.6972430699934264,0.015622138977050781,4,33387,19236.80566774672,10029.0,4507.695645619629,12,14,10,10
4012.1094141493977,1326.6303250244637,4.405668885574354e-06,0.8481984227919404,0.7576181945044874,0.0468745231628418,4,33979,20856.77341264942,10481.0,5021.100000000002,12,12,9,5
4478.188214430721,1512.1427574019765,5.894769986288019e-06,0.8366373188097774,0.738626494362784,0.03129434585571289,4,36085,21999.346303129372,11431.0,5408.013241863744,11,12,9,6
36.19850397686258,7.283788800728953,2.2278708840426898e-06,0.9188139854492375,0.940007680212082,0.015622615814208984,4,376,369.89770481055973,130.0,122.0,7,6,4,4
35.85791321608957,8.037428490748507,1.8551056085473805e-06,0.9145046777971912,0.9224078787826359,0.015625,4,337,368.0161309759825,121.0,116.0,9,6,3,4
46.79531968797984,10.975512462781635,2.810225388042055e-06,0.8888015740291646,0.8806207388613086,0.0312497615814209,4,435,443.12881205012275,172.0,136.20000000000118,8,6,4,5
59.035336680454975,13.068172682557057,3.1495145326365858e-06,0.8937795038661325,0.8928269612126093,0.03399777412414551,4,567,538.932385037321,186.0,164.09999999999877,8,6,4,5
61.66194440233453,12.695202736441017,5.757921365729568e-06,0.8126848671875038,0.8313099375981625,0.03131580352783203,4,462,387.75260771043014,134.0,122.0,12,7,6,4
82.90833766398723,19.378352510163158,1.7658327996322273e-06,0.8400055869718442,0.8268224071215027,0.015628814697265625,4,641,568.3968866013329,191.0,180.0,9,7,3,4
60.37220359993176,12.270450190593259,3.000011555646738e-06,0.9010101565293199,0.9110659192464147,0.03345203399658203,4,632,583.9913783421324,180.0,170.10000000000127,9,8,4,5
154.58235913463045,32.69024346952156,7.046684840850855e-06,0.67767693873622,0.6957643647062004,0.04688262939453125,4,855,749.4416530061155,239.0,228.30000000000257,12,8,4,5
335.9141889398497,69.79945285556802,4.8708430751808615e-06,0.2856146114517313,0.3131625860490306,0.04687213897705078,4,1186,907.4051961696223,325.0,283.5000000000016,16,8,4,5
829.2703195043912,172.5806539024202,3.0190002950992703e-06,0.4595409086824499,0.47304577142413473,0.046875715255737305,6,3116,2318.262332920507,670.0,508.14209994203725,26,16,23,12
1143.8003113275101,231.8314230532843,2.4289905914821174e-06,0.2778459173903859,0.32599471566315197,0.03124833106994629,7,3790,2265.224448422466,800.0,494.3720636246817,30,17,24,13
1193.8890647237854,245.5031982591093,3.0518281681017374e-06,0.388064256982962,0.42661962286099453,0.158036470413208,7,4398,2628.4468663105204,987.0,575.0164658359442,27,17,24,13
1597.7382409736626,332.888009944613,2.3635346924365175e-06,0.5475216068444729,0.5802357955012796,0.04300069808959961,5,6767,3975.7752762477317,1508.0,872.253313043238,24,17,20,13
1746.0687387042408,378.1652757985237,4.174527333581007e-06,0.6152127314157175,0.6208375622632981,0.046942949295043945,5,8514,4605.080444469775,1926.0,1011.2042983466781,23,18,18,14
3128.9784591172074,672.4556611927214,2.9916011215555427e-06,0.23891183190058196,0.2838821890290586,0.04687213897705078,4,10572,3434.0178622846897,2393.0,743.6986305364212,23,17,18,13
3260.1413606762853,713.638553336263,2.920486219906488e-06,0.2820203713843372,0.31556736493840876,0.03124856948852539,4,11385,3738.20587576926,2617.0,809.3103165717839,21,16,16,12
4441.011253815071,1131.7609067880783,3.4392351113516093e-06,0.6133454668674427,0.5677059436392726,0.03400158882141113,4,22342,9524.318584573248,5836.0,2110.01626115251,16,16,13,13
4490.736331084167,1180.131931705856,3.544598863227901e-06,0.6504107486686679,0.5921411889995145,0.02877950668334961,4,24067,10790.905883470547,6566.0,2401.3560068987545,15,16,12,13
4443.032022904211,1285.8234825749087,3.8701885165754e-06,0.7428895064038787,0.6593733144086003,0.0366208553314209,4,28249,14687.640274002162,7906.0,3342.3174011518895,14,15,11,11
4704.323677492709,1516.9277204510306,4.7994913039425154e-06,0.8032526771309204,0.7073209207750883,0.03125143051147461,4,33531,19712.63833457799,10062.0,4635.732827732405,12,13,9,10
4731.930953569606,1562.3926729891957,5.534452800941663e-06,0.8185842826724428,0.7232870209597773,0.031245946884155273,4,35119,20777.02922255871,11002.0,5286.5999999999985,11,12,9,5
4912.787256186737,1648.9497710914607,5.505096839406634e-06,0.8084224805667013,0.7030085189067465,0.031249284744262695,4,36336,21394.242370924865,11662.0,5073.418785763693,11,13,9,6
3815.1338297241386,1356.2230966256489,5.272373908615768e-06,0.8978569522463374,0.8273046949120626,0.015677213668823242,4,38225,25557.400289275905,12589.0,8080.200000000001,10,10,8,5
27.92151236579289,6.3090535585310255,1.757560377340441e-06,0.9449357604036893,0.9399903600453406,0.031252145767211914,4,369,373.4637215301222,124.0,116.0,8,6,3,4
35.957232817870626,8.334991769765313,1.4720547008483688e-06,0.9217470697817528,0.9213024128070014,0.015620946884155273,4,381,397.27716158508366,134.0,134.0,7,6,5,4
13.001639341759077,3.4711930003387184,6.331342355857702e-06,0.9842216691498668,0.9784599391910961,0.03124523162841797,4,344,325.0831522823503,120.0,120.0,8,6,5,4
64.13194623963186,13.521840912036373,3.0895080666624463e-06,0.8766798239539574,0.8953825601573617,0.015627145767211914,4,531,521.2744040644237,166.0,167.99999999999994,11,6,5,5
93.22232846231881,19.246268190389006,3.2277474421870503e-06,0.8058076311807585,0.8247508935928503,0.04685235023498535,4,703,610.7296046849542,211.0,193.8000000000004,10,7,4,5
117.35455667227117,24.040332040015432,3.5300691271274994e-06,0.7266245314921127,0.737799165216181,0.046868324279785156,4,716,634.7238214446485,197.0,186.0,10,8,4,4
357.22053072296114,72.82733484209206,3.3996162121327825e-06,0.2878586199406731,0.34158704422985675,0.06946229934692383,4,1236,944.7368608055205,293.0,293.0,17,10,5,4
359.58607038091617,72.87213885011137,5.051602426323125e-06,0.4663654059385841,0.4436234572868175,0.056505680084228516,12,1367,1310.316716849157,291.0,290.0,28,16,20,12
651.3464397904422,133.62761648057008,4.92497014372506e-06,0.3919016226817731,0.4138218640548821,0.06250238418579102,7,2294,1828.275488984355,514.0,399.55207104156966,26,16,25,12
1071.5111832626692,218.85776480399352,4.189306613553417e-06,0.5278381303380619,0.5632271683571375,0.04687356948852539,5,4383,3091.4121526806716,966.0,678.8708670948158,25,16,22,12
1048.4907565569554,218.69770093693668,1.18539972357857e-05,0.673788223383941,0.6835986532186796,0.04687166213989258,5,5669,3762.1115814339414,1211.0,828.5341000611625,25,17,19,13
1676.151075944907,358.8113768171838,2.9227631450504953e-06,0.5598830910638259,0.5787421826427603,0.04394388198852539,5,7350,4130.290084956557,1685.0,906.3789786267498,25,18,21,14
2484.6136588297163,530.6301112377855,2.9472744554331937e-06,0.29037060922967783,0.3232291899222389,0.03132224082946777,4,8723,3118.67296852287,1987.0,684.8999999999996,22,15,18,5
3342.35334873192,740.9837138568564,9.81286308472328e-06,0.3082931662686852,0.3277298022219921,0.03125143051147461,4,12162,3787.2425111310035,2918.0,845.0999999999967,20,15,18,5
3994.1619369567225,906.8918849276511,3.0673838940129586e-06,0.3726168148914254,0.38800887201347845,0.03131532669067383,4,15060,5011.92094714777,3618.0,1088.4712966446964,19,16,16,12
4200.267084946524,964.3279618695425,3.1117230897303618e-06,0.35221347803241243,0.3711272368025056,0.03125166893005371,4,15521,5120.923686461352,3762.0,1112.7558080356166,20,17,16,13
3894.2186771644883,904.2810491725834,3.818225914188994e-06,0.4555118991461301,0.4509146162453742,0.031252145767211914,4,16054,5678.48422010932,4051.0,1237.5107422859592,19,17,15,13
4119.717102538225,954.4575364923525,3.0835887125030924e-06,0.4733533620782272,0.4715855113055981,0.031229734420776367,4,17290,6265.013973180755,4207.0,1369.8175452955884,18,17,15,13
4429.606037279903,1050.9037091820096,3.2524944941956205e-06,0.4444576546081779,0.43908836424009934,0.031261444091796875,4,17928,6337.514602400231,4565.0,1383.8082045120427,18,17,14,13
4714.525687321659,1152.0840197258813,3.524465195688266e-06,0.4649682239900319,0.4537022560975378,0.031246662139892578,4,19183,7279.2023498765575,4934.0,1596.5419086011852,18,18,15,14
4121.388789488079,1029.6673752749484,3.192191144462987e-06,0.6094441247996119,0.5743315041971591,0.030096054077148438,4,20241,8742.78141896335,5238.0,1935.696302006927,16,16,14,13
5162.645513255289,1444.0597828609543,4.253469411446735e-06,0.6631219217907338,0.5886227946283786,0.03132271766662598,4,27556,13240.008537863629,7712.0,2979.426105136885,14,16,11,12
4596.997315568371,1348.2152554879344,4.0766140199107326e-06,0.7373870567652101,0.6521125650486959,0.03124833106994629,4,28180,14921.215096122896,8142.0,3396.0967425886483,14,15,11,12
4866.999089218918,1447.6577990777328,4.345967922510913e-06,0.7351065090931792,0.6391505141838367,0.031197786331176758,4,30881,16231.173791820893,8994.0,3713.822582592373,13,15,10,12
4908.4184109208545,1517.8963932146528,4.666557102303068e-06,0.7617594836363274,0.6655709471192225,0.03125,4,31832,17481.302154185767,9482.0,4036.35450355781,13,14,10,10
4611.607338988613,1494.7072524031976,4.864719755206068e-06,0.8077141848226023,0.7103994058796954,0.015627384185791016,4,34433,19495.16599317814,10435.0,4958.999999999996,12,12,9,5
3547.7082203330465,1262.0683957835843,5.029097232111444e-06,0.905890091944,0.8385149760532661,0.015629291534423828,4,38344,25688.43243956392,12662.0,8635.199999999997,10,10,8,5
4047.2115622037845,1404.4737541796069,5.827168626601857e-06,0.893443028776219,0.8348615434393094,0.015625,4,39399,26232.043049382104,13032.0,9038.7,10,9,7,5
27.405847700931908,4.965359654313767,1.6762724271643701e-06,0.9537250141787397,0.9677110278414196,0.031247615814208984,4,371,354.42669621331726,140.0,112.0,7,6,4,4
20.1231636266305,5.653369259648021,1.8278379795284885e-06,0.9772084531882572,0.9642334269945041,0.015629053115844727,4,404,392.520308944466,149.0,123.0,9,6,3,4
54.61497371977099,11.67723825547215,1.6769027089114562e-06,0.8947015183574966,0.908298746482425,0.019001245498657227,4,516,476.231706811901,176.0,159.0,8,6,3,4
23.07365249893855,6.313418130581551,3.153589678903197e-06,0.9683488161103656,0.9546195165204239,0.013146400451660156,4,400,383.0173677103986,137.0,124.0,8,6,4,4
83.02135605114728,15.231899417228243,2.0699667001757733e-06,0.8048596362506089,0.8522881226334984,0.031250715255737305,4,568,530.3958211030268,188.0,179.0,11,6,4,4
174.2308757701418,37.046120642731964,2.9272020814945228e-06,0.7015764780407003,0.706572086858521,0.04723834991455078,4,998,820.4123613659523,261.0,261.0,13,8,5,4
298.92178126724116,60.99952314429067,3.510893466706915e-06,0.3917217923312246,0.43315819400191413,0.04688549041748047,4,1187,874.9886313362687,275.0,270.30000000000007,17,8,7,5
806.7176599358556,167.23784439014432,2.5151732792410506e-06,0.2782353568670223,0.3119676907600608,0.03125333786010742,7,2652,1855.5413374156738,570.0,409.38147507726603,26,15,20,10
1213.5183944609903,252.1660231718765,5.569149435124032e-06,0.5041706606844972,0.5385611543345805,0.03124713897705078,5,4751,3278.6966164354417,1085.0,720.0851796641764,26,17,21,13
3056.1739116485637,668.5559011550555,3.0581406495382415e-06,0.13312391509002885,0.18072830506065773,0.031249046325683594,4,9626,2960.253036970742,2243.0,754.5,22,14,19,5
3138.9330516590335,680.8643239131964,2.992123915913251e-06,0.17537421187590285,0.2170761285948266,0.04687142372131348,4,10161,3026.0895908088396,2352.0,723.0000000000032,21,15,18,5
3310.53316813265,730.5634082970835,2.8489930213718146e-06,0.3410674987778136,0.37013734811825294,0.031244993209838867,4,12092,4170.160413539535,2837.0,905.8488387312796,22,17,17,13
3762.7776169527842,854.28506435957,3.0640721151342304e-06,0.3889885114191042,0.40391284116690984,0.03125357627868652,4,14437,4962.709733474615,3507.0,1078.708265013437,19,16,15,12
3923.6536638418243,914.6798217004264,2.9445785235585397e-06,0.46521843526247475,0.461087739344601,0.015623807907104492,4,16286,5914.319218074754,3969.0,1290.2098965798868,19,17,16,13
4214.612474437773,1002.8525047249993,3.6181979807682523e-06,0.45667079249321374,0.4503029207664402,0.01562190055847168,4,17207,6232.056312077639,4267.0,1359.0084640780296,17,16,14,12
4342.640331989365,1050.0602337068626,3.213324090216818e-06,0.5446610892059747,0.514888862390704,0.03124856948852539,4,20517,7700.693695702287,5237.0,1691.3511546204518,17,17,14,13
4634.819553544919,1172.4409683620713,3.6021497531523183e-06,0.584149295871143,0.548820116025287,0.015622615814208984,4,21861,9277.241833119127,5674.0,2056.983275522228,16,17,13,13
4450.976200015354,1128.4439309944785,3.60080239267937e-06,0.6043514222947037,0.5572257390660267,0.031255483627319336,4,22780,9280.015486740038,6037.0,2048.4970437930588,15,16,13,12
4726.319891278951,1408.2993977561064,4.3446674685285395e-06,0.7464907244622172,0.6571634451775297,0.031278133392333984,4,29964,15820.527748359811,8807.0,3625.414230165412,13,14,10,11
4957.273463757042,1575.7308611614221,5.038324245684438e-06,0.7831446543175562,0.6882725809592085,0.015619277954101562,4,33668,18740.223010621245,10337.0,4545.600000000002,12,13,9,5
5002.848851153398,1595.4063098970132,5.255685918693867e-06,0.7986766391758588,0.7114338737968193,0.01562643051147461,4,34850,19947.202410899423,10684.0,5175.600000000002,12,12,9,5
4751.192684163756,1596.7365303400445,5.417587644965003e-06,0.8243182993611938,0.7265034939711748,0.03125357627868652,4,36378,21526.761549168095,11482.0,5477.762292603333,11,12,9,6
3624.8047171621265,1267.1048645699075,5.713487682977314e-06,0.9116397724462534,0.8599291303529154,0.023011207580566406,4,39583,27442.140794619492,13395.0,10036.5,10,8,7,5
5.991610831116865,3.076220476760302,6.531291500844595e-06,0.9926107870743265,0.964904567491324,0.01900482177734375,4,211,206.00124793110348,90.0,70.0,9,6,3,4
34.74382239056601,9.822928051689637,1.977170614423209e-06,0.918131849125508,0.8830157215284775,0.015692710876464844,4,352,355.61510913702097,124.0,117.0,8,6,3,4
14.621433435706987,4.3564311717943,1.7977450388945425e-06,0.9855789355791591,0.9737546042782799,0.017765045166015625,4,387,373.38511572862484,130.0,119.0,8,6,4,4
15.591871417743702,5.324946842926545,1.7291287301321273e-06,0.9835737836895496,0.9670415097732689,0.015622615814208984,4,360,354.4786194206514,128.0,110.39999999999912,9,6,4,5
30.378972324238486,7.127288141471132,4.793573907857467e-06,0.958029507412159,0.9526370635449323,0.04687666893005371,4,474,444.2044260054287,153.0,153.0,8,6,5,4
80.714473636591,16.283805974519098,7.4558392479599945e-06,0.8217420815489032,0.8296367920402814,0.06249499320983887,4,633,565.7608368579657,176.0,174.30000000000052,12,7,4,5
151.98691597575623,32.743945387426514,2.4063943142778284e-06,0.6196549209038666,0.6413332328016261,0.0468754768371582,4,765,613.9839732371178,211.0,195.0,11,7,4,4
152.03632396836284,30.308391540768948,4.766976667887025e-06,0.616822267482235,0.6480485968099403,0.04687380790710449,4,770,631.9897304949242,202.0,205.2000000000006,11,7,4,5
169.03101140850123,34.05510478029105,2.7052836005964175e-06,0.6234557962347054,0.6728820773783981,0.04152274131774902,4,844,726.6040504180647,232.0,225.29999999999654,11,9,7,5
407.73269122147155,83.6232204689198,3.577473399637176e-06,0.04523965609625025,0.1339021949144178,0.04687809944152832,4,1217,849.3033061363622,281.0,281.0,23,8,5,4
427.13007113428665,86.37588186077448,2.8513628787384257e-06,0.5993317043924071,0.6171881832009537,0.0468752384185791,7,1893,1741.7927621795195,404.0,386.51043241271645,18,14,15,9
448.0963705878518,90.31295793225925,3.800384229740177e-06,0.31640553848887376,0.3108782567304784,0.04686999320983887,12,1464,1376.9713025831034,322.0,316.0,27,15,8,12
551.4280391737867,113.2106268696514,3.1986555374406735e-06,0.38728948688667186,0.3819478277663183,0.03845572471618652,10,1940,1547.813192217304,405.0,346.1999999999971,30,16,22,11
951.1885885605034,191.49024018162518,5.818505253752208e-06,0.4134546391602306,0.4433445503917727,0.046878814697265625,7,3581,2270.624729785666,764.0,496.4369886165746,27,17,25,13
2181.727830307348,464.99756597241986,3.078061912893024e-06,0.11114477187966565,0.16003046202207372,0.04682445526123047,4,6586,2323.0576393544516,1475.0,598.8000000000027,25,13,20,5
2633.662520111788,559.8238082360778,2.7965720528530014e-06,0.06335287238218734,0.12732665176240032,0.03810477256774902,4,7804,2497.1167538228187,1745.0,687.5999999999999,22,13,20,5
1918.4689870748502,401.5394090584645,6.128559587133817e-06,0.4988523556641643,0.5252611793962367,0.036940813064575195,6,7947,3920.3653564391607,1839.0,857.2599601883066,26,18,22,15
1849.1783143491741,399.1379469841723,3.1330333948891768e-06,0.6620958117452551,0.6754610365165212,0.03131747245788574,5,9377,5362.920149885884,2098.0,1183.8144698610668,24,18,19,14
2774.6858635909475,603.7453968400913,3.645211685271418e-06,0.3447924390984125,0.3713079394384915,0.03633260726928711,4,10296,3654.4414970186967,2371.0,792.9873877931541,22,16,19,12
3148.0826194446468,686.2795261966323,2.904838273075069e-06,0.24527554119929418,0.28468192599101383,0.031246662139892578,4,10810,3450.8283853191515,2441.0,746.7224368166003,22,16,19,12
3354.7850225170337,760.5607624749591,6.271130760832116e-06,0.4570863687598564,0.4662395747853365,0.03126215934753418,4,13701,5140.438754931241,3296.0,1121.9500992604017,19,17,16,13
3958.9384577969713,943.9161327558559,3.0366391153172676e-06,0.49494645092295897,0.47692450641206063,0.03125119209289551,4,17373,6255.370670752283,4454.0,1367.5311351081318,18,17,15,13
4666.580160265132,1189.061707655123,3.645695461847325e-06,0.588835244243953,0.5444227006961426,0.0312497615814209,4,22777,9352.788767534857,6010.0,2066.9719197643753,16,16,13,13
4281.637219871965,1448.8894041863857,5.023755334114961e-06,0.8505661950523689,0.7604024431358678,0.015628814697265625,4,36418,22102.994466464872,11655.0,6157.200000000004,11,11,8,5
40.412965807501614,7.697060880641541,1.4249729933421728e-06,0.9222755119566852,0.938591826800037,0.015624284744262695,4,428,420.4919898095123,156.0,125.09999999999906,8,6,4,5
27.7523137671624,7.193467928367454,1.9517468221835348e-06,0.9673129819415037,0.9588455683132195,0.031246185302734375,4,468,447.6189272052735,144.0,144.0,10,6,5,4
58.190122172415336,12.63736462396759,1.722681884393371e-06,0.8962320713150874,0.9055164731137106,0.031253814697265625,4,540,513.4979609415386,198.0,158.0,9,6,4,4
52.602748455447085,12.453753661096917,1.946166832532291e-06,0.8774907841561459,0.8620733731236729,0.01563239097595215,4,455,443.84536405672986,179.0,138.2999999999986,10,6,4,5
87.57143750931155,17.61638449120204,1.7916022289919069e-06,0.8403575137379076,0.8739371551705297,0.031249046325683594,4,648,609.3488595886695,194.0,194.0,9,7,5,4
115.65242701903746,23.988150585578474,2.417064145595588e-06,0.7364317963205016,0.7572618378077196,0.04699826240539551,4,740,636.2244394540043,211.0,197.7000000000006,9,7,4,5
104.3117469809998,21.105876626307637,4.322761131351076e-06,0.8179404391347461,0.8328032465170643,0.059928178787231445,4,843,704.096863693662,220.0,217.0,12,8,4,4
188.32024357331065,39.035000455280354,4.9825470554557785e-06,0.5628513978022414,0.5850403868110065,0.06000995635986328,4,902,734.8649266980573,228.0,231.59999999999843,14,8,6,5
218.73495546981545,44.10612128384206,4.436892226940773e-06,0.7161172001366304,0.6823973900612679,0.04687619209289551,12,1295,1281.2427936858114,303.0,276.0,14,14,7,12
247.3595406611238,48.17597307576307,3.0219444367007674e-06,0.7197337987374095,0.7026955057270259,0.04802417755126953,12,1352,1338.2516085033967,309.0,292.1999999999973,21,14,10,13
387.27446294700337,79.35369640797671,4.050783966060495e-06,0.20173508772537196,0.2727421510676865,0.06247878074645996,4,1212,904.854590477367,300.0,300.0,20,9,5,4
233.0550790605039,47.291438663994114,4.297464883260149e-06,0.6578872686077935,0.5968182908342398,0.04683279991149902,21,1297,1258.2,283.0,273.0,24,22,13,21
1129.3849401044463,233.04642230329867,3.010986430115184e-06,0.2891369684937021,0.3141505254502336,0.031250715255737305,7,3796,2240.908193494345,846.0,489.1270679780232,28,17,28,13
1814.6511496414666,386.37306479302623,2.5013079171200224e-06,0.5438627950552695,0.577022400308919,0.033493757247924805,5,7698,4356.094409746648,1741.0,957.9256569802928,23,18,19,14
2709.728771863747,583.2371643503675,4.109722304035564e-06,0.3482529575479334,0.3826861453588286,0.04689645767211914,4,9961,3681.843674731337,2259.0,800.0326807167567,21,15,18,11
2898.6842798475714,644.1202250537598,2.632996318215851e-06,0.3510589343439461,0.3653408432270747,0.046875,4,10712,3719.3640608477353,2502.0,806.1232556709988,21,15,19,11
3520.2796408774857,789.158178478542,3.3925369664475936e-06,0.3688419937581001,0.3902796644896709,0.046869754791259766,4,13236,4574.008467124205,3179.0,993.4197352595784,19,15,16,12
3997.6811817744738,895.7138514832469,3.4821471319410626e-06,0.2568945250000171,0.28889141987867817,0.03124713897705078,4,13577,4102.9298134970595,3310.0,887.5334627450038,19,16,16,13
3966.6603689985336,894.0742937935094,3.112505904445606e-06,0.3125167956530316,0.3384455900255047,0.031249523162841797,4,14229,4522.466202873592,3348.0,981.098378137388,20,17,18,13
4214.449019993438,1011.0440257368092,3.278846231418603e-06,0.5087948276355434,0.4975367549172802,0.015628814697265625,4,18108,7010.972496650495,4621.0,1535.5094693560413,17,16,14,12
4765.673053611118,1202.5345668561226,3.7501226696508778e-06,0.569971300872498,0.5364061604990047,0.015626192092895508,4,22072,9146.42252827124,5775.0,2019.6887945855433,16,16,13,12
4823.585426492289,1261.0851896990766,3.828137455338098e-06,0.6258041901849005,0.5744883447503935,0.0468752384185791,4,24341,10790.91672427252,6483.0,2400.986726345245,15,16,12,12
4881.2382791569125,1294.12763124688,3.856938907171494e-06,0.6261013286268393,0.5648697431785537,0.032939910888671875,4,25353,10992.615004152618,6880.0,2448.3994902415106,15,16,12,13
4783.941783491532,1338.0133844088055,4.08927541820592e-06,0.6945316930171724,0.6160572075329833,0.01784682273864746,4,27649,13558.853868633789,7798.0,3061.3729158857677,14,16,11,12
4611.322759582728,1347.0838770262978,4.156775916650786e-06,0.7434369493218256,0.6620561654875325,0.031245946884155273,4,28597,15052.139133926612,8224.0,3437.7390483109466,13,14,10,11
4838.098905122102,1484.1107892746036,4.716175956686327e-06,0.7737117151142373,0.6856382677327324,0.03131842613220215,4,32148,17664.96273028568,9602.0,4096.830132046331,12,13,9,10
4833.565903987195,1523.1962358647704,4.864811122794669e-06,0.7756760986513296,0.6772803372334112,0.031246185302734375,4,32606,18063.74614989035,9927.0,4209.226690089425,12,13,9,10
4347.016726739294,1487.4447024287165,4.982372301615674e-06,0.8430775510399142,0.7452501045156683,0.03124260902404785,4,35342,21779.87096573685,11109.0,5437.882656608759,11,12,9,6
4022.9845334531,1372.7756050943312,5.624425853253461e-06,0.871453112561391,0.7944566993826613,0.031248807907104492,4,37182,23322.060173329133,12249.0,7576.499999999996,11,10,8,5
3565.5476969469214,1291.1921356816106,5.198366114949108e-06,0.9086771953865291,0.8396960426364447,0.015628576278686523,4,38374,26145.258685225603,12640.0,8286.000000000004,10,10,8,5
9.296368942731227,2.4454056557866997,7.212984873801945e-06,0.9843425417835877,0.9748092303336381,0.03125476837158203,4,219,203.01080865282185,70.0,60.29999999999862,9,6,3,5
43.36680916710019,10.029823145807919,1.8209322031967565e-06,0.9447485639802925,0.9427172290972662,0.015623092651367188,4,556,548.6830043175942,191.0,191.0,8,6,5,4
130.02274332730462,25.38119773236524,3.0467601980608047e-06,0.6416673741744625,0.6877916720455295,0.015633821487426758,4,645,560.9002820054782,211.0,175.0,10,6,4,4
104.9023693130839,21.002841443206183,1.952125343311112e-06,0.7702401120020443,0.808397607205111,0.01562952995300293,4,638,594.4123254908646,186.0,186.9000000000005,13,7,5,5
174.4501426222978,35.032458898758904,2.795172421393339e-06,0.6374933142625303,0.6844744652377363,0.04687213897705078,4,897,761.8030648305703,242.0,237.29999999999802,14,7,4,5
203.24427226137354,40.62217819592683,2.692098180221173e-06,0.7799461988963451,0.7561138411932308,0.031246662139892578,9,1317,1314.0846247467778,362.0,314.0,13,12,5,9
255.19025924370587,51.789103075628,5.2047514042125214e-06,0.6579945618177296,0.6151514336902442,0.031245708465576172,14,1326,1293.435340469231,308.0,305.0,18,16,9,14
479.1550929084737,95.57090505855875,4.0422541535796715e-06,0.6072447514731537,0.6160661626632071,0.03129982948303223,7,2161,1824.0403116432726,474.0,403.41977658088535,24,14,21,10
637.7856324024649,129.0966073306017,3.620633553803887e-06,0.4407347135573687,0.45517020496254645,0.046877145767211914,8,2417,1823.6051404671043,510.0,409.0,28,15,28,8
954.4202616326259,196.9272382185137,2.4638595355916022e-06,0.5632957719825628,0.5817971824974026,0.031248092651367188,5,4065,2976.6519318822156,865.0,654.1835947597883,26,16,21,12
1157.2118772463418,237.8968553557221,2.2365322514180856e-06,0.5572010883568523,0.5890665748709129,0.031249046325683594,5,4883,3262.9900525085714,1064.0,717.7185138509585,23,16,20,12
1575.277292143803,329.09841539082106,6.0386893940116126e-06,0.2630037728780995,0.29791518034496944,0.044257164001464844,7,5202,2532.7031131756603,1143.0,551.4712061292839,30,18,24,14
3219.3873703847794,711.421079850686,2.999475198996e-06,0.2949087108521815,0.31539771902460645,0.019077777862548828,4,11631,3578.4395745771108,2725.0,816.8999999999992,20,15,16,5
3282.226879885873,720.825869307935,2.781269945607558e-06,0.34055747429831007,0.3620455516230011,0.031253814697265625,4,12272,3915.13167377113,2890.0,847.7242429715811,21,16,17,13
4295.785071477498,1012.1865417684975,3.277364715833398e-06,0.4690272514432998,0.4682860232926048,0.026058197021484375,4,17665,6574.905486139531,4366.0,1437.784430834563,17,16,14,12
4594.303108032882,1227.5610201002887,3.7560829978253933e-06,0.6816267057892524,0.6220615458332008,0.0312502384185791,4,25522,12112.726497371534,6897.0,2719.13674347071,15,15,12,12
5844.427555284971,1625.1056018961622,4.791512543316399e-06,0.5978891351547083,0.5224463890181914,0.031255483627319336,4,28341,12838.937587477283,8062.0,2881.9768388428874,15,17,12,13
4836.39970692342,1403.7438002607032,4.269263822064951e-06,0.7168745662217451,0.6283968234742254,0.04687666893005371,4,29448,14782.294195011968,8299.0,3357.290019756316,13,15,11,11
4753.897561182731,1467.8094577802476,4.686110393887101e-06,0.7733576739072228,0.681572981307147,0.031258583068847656,4,31114,17514.595523584554,9264.0,4060.7667235054505,13,14,10,10
4666.069191794869,1527.6151205144652,4.9895582970860715e-06,0.8115981862781638,0.7136059533577332,0.03124547004699707,4,34516,20263.827594300128,10723.0,4758.464333520769,12,13,9,10
4349.357588268031,1477.1440991940478,5.2731634351851015e-06,0.8543450156265151,0.769579288804764,0.0312502384185791,4,36652,22613.42991153311,11639.0,6483.0,11,11,8,5
20.782020589000194,7.2891990489675935,2.1035769559597248e-06,0.9670757454722224,0.9287221201460382,0.015625476837158203,4,350,328.7834122572056,117.0,97.0,8,6,3,4
26.32270060125084,5.738394487261355,2.1254628144641993e-06,0.9581482935111608,0.9539040258781532,0.03125190734863281,4,389,369.13539747418844,138.0,105.0,8,6,4,4
51.649732415354734,11.19414952363425,2.458375304766896e-06,0.8972968734714479,0.8989197328806607,0.015622377395629883,4,470,483.4042813405381,164.0,145.50000000000057,9,6,3,5
34.746523895319505,7.7467980659957,9.052187163249023e-06,0.912067454746224,0.8939163500650728,0.0468745231628418,4,427,428.00174477288675,147.0,128.0,9,6,4,4
29.465942171497332,7.58833215344676,2.2945707057171412e-06,0.9587615655858018,0.9477500491643182,0.031248807907104492,4,456,439.0838962859073,149.0,143.0,8,7,3,4
72.00775957236847,16.27154641470584,3.030274884599526e-06,0.8554823977799448,0.8551443433753787,0.03125286102294922,4,605,569.6574524940268,187.0,187.0,9,6,5,4
94.24322604362871,19.578292022726636,6.580442679940777e-06,0.8093412144536094,0.8207328091452972,0.046874046325683594,4,662,585.9260182834511,181.0,179.6999999999997,11,8,7,5
290.87093813269775,57.910559565320796,4.277099121394406e-06,0.30739519363049606,0.3658253515427582,0.08930277824401855,4,973,797.3398372445554,255.0,239.69999999999754,15,9,6,5
272.24705646788334,52.2088056665515,4.6153379819793345e-06,0.6882716367450064,0.6963404708275147,0.045499324798583984,8,1456,1404.1450254233337,350.0,318.0,18,12,4,8
478.2235340881993,93.62400882155139,4.338032450314769e-06,0.5777725574910569,0.6100618700425412,0.05542945861816406,6,2031,1872.015869183612,441.0,422.0,21,14,17,6
516.5572234444226,106.73382708210033,3.4537853579974016e-06,0.2562024869150006,0.25501960699354287,0.046875953674316406,11,1662,1382.0385903084366,361.0,307.0,30,16,20,11
1314.3623466236781,267.31138861233245,2.401519173452524e-06,0.28113975094392585,0.32267291316056257,0.0468754768371582,7,4456,2290.960462456519,945.0,499.37263451227454,30,17,25,13
1490.2528640605678,306.16064650163787,3.186434264702012e-06,0.5313268867737846,0.5666507561439115,0.0468747615814209,5,6240,3660.303416231459,1361.0,803.824290966917,25,17,22,13
3128.4166631797975,684.869158112124,2.8351065867829894e-06,0.23950161464549735,0.2899309537887851,0.031245946884155273,4,10417,3593.4177683294397,2436.0,779.0623676479768,22,15,18,11
3645.2120689741455,806.2367749880086,3.200155109808186e-06,0.1371042490101172,0.18083936236136156,0.0312497615814209,4,11595,3095.362067308473,2733.0,702.2999999999975,21,16,16,5
3739.090169976992,842.61523016461,2.872210314774302e-06,0.37500630069311613,0.3889391527569863,0.031249046325683594,4,14458,4672.882413429805,3449.0,1014.6118618866299,20,17,16,13
4128.810336952389,971.6612719979877,3.282159563971923e-06,0.468074957608017,0.4654196558096747,0.031247615814208984,4,16943,6294.09114599461,4223.0,1378.362778778831,18,17,15,13
4176.790424748541,1011.8881072718804,3.338672190732437e-06,0.5323374451196611,0.5150040991070597,0.015624284744262695,4,18618,7321.220365642683,4686.0,1607.56080367077,17,16,13,12
4611.181672097753,1113.1969999788548,3.4512092384804806e-06,0.4494856246038239,0.4393846095130517,0.031249523162841797,4,18711,6728.896324625213,4793.0,1470.6547078021003,18,17,15,13
4839.739906366314,1263.7319442733537,3.8761123635283445e-06,0.605507571305069,0.5573643146557685,0.03124547004699707,4,23613,10194.435893047026,6331.0,2263.366187506301,15,16,12,12
4253.455427671257,1139.81094185166,3.5155198520491064e-06,0.6882394348222014,0.6239344274194185,0.015625,4,24527,11631.098307973629,6562.0,2604.9297676112874,15,16,12,13
4501.807707942266,1229.2505690010337,3.872820132993867e-06,0.689761850468793,0.6239742067471998,0.01562190055847168,4,25331,12199.574412704413,6913.0,2740.377538114226,14,15,12,12
4545.569776806085,1495.2681650718262,4.936112181807091e-06,0.817608224114279,0.7193686007114057,0.031241416931152344,4,33514,20225.62886359673,10379.0,4775.54502721586,12,13,9,10
4226.559102714131,1412.6817569833704,4.755019317293935e-06,0.8422097579739708,0.7485494181858938,0.01562190055847168,4,34745,21118.463334352986,10783.0,5244.000000000004,11,12,9,5
20.58875428782374,4.535555675438564,4.7096039139093296e-06,0.9621577479031125,0.9633741255203777,0.015624761581420898,4,318,308.79203238177786,107.0,106.0,7,6,4,4
28.013156674768407,6.348505567838238,7.500841861447502e-06,0.9508803833197871,0.9436804046556876,0.0156252384185791,4,393,389.00805898480826,143.0,117.0,6,6,4,4
19.09563886037018,6.1739496224782595,1.6238595753608157e-06,0.9786340466439228,0.9584619726903669,0.029201269149780273,4,405,404.5164341540979,142.0,125.40000000000168,8,6,4,5
38.196602371320495,8.7928158513827,2.8499005642299368e-06,0.9344727522506053,0.931547420357,0.023996829986572266,4,461,433.3090157533495,152.0,145.0,9,7,4,4
87.08555134966534,18.008173634445185,1.7558177866624002e-06,0.8429143440430727,0.8689281176479741,0.015687227249145508,4,648,625.1260461123978,216.0,195.0,10,7,4,4
104.31631244375184,20.392313126991457,2.578092529372107e-06,0.7928009921870948,0.83070015576219,0.031250953674316406,4,737,640.8488167875938,205.0,202.0,10,7,4,4
164.31547001523177,33.50660182147012,5.539404717657605e-06,0.663219884708262,0.6840141673560551,0.03644371032714844,4,916,729.5191840088859,230.0,230.0,13,7,5,4
189.60120874992415,37.64144339257423,3.3155970515069963e-06,0.611849567952002,0.6638063597777983,0.03129267692565918,4,907,792.7183947836633,243.0,243.0,10,8,5,4
267.36681628674245,54.35830079425389,2.939269089240384e-06,0.5125522188094275,0.5823783772069708,0.031246423721313477,4,1183,960.318152101804,329.0,329.0,13,7,5,4
326.23205937071884,65.22976950015979,5.265536302785604e-06,0.6258191145924628,0.6119088259123764,0.04691791534423828,9,1523,1443.1289680462808,363.0,324.2999999999997,16,13,5,10
490.6840139874962,98.68793429189125,3.038254847487023e-06,0.4570112576182075,0.46047299530928865,0.04687643051147461,9,1879,1534.5127225720698,413.0,347.0,26,15,23,9
569.6121470403407,115.50302502626205,2.5395554834065027e-06,0.4994593977408891,0.519327916837686,0.07808971405029297,7,2238,1885.934507404261,493.0,416.99679672253,20,15,20,10
625.8653204932193,129.0620893591991,3.476809335343049e-06,0.4336388594800479,0.43924699383523724,0.0625002384185791,8,2315,1793.8596511937208,493.0,392.49641299045516,26,15,22,11
927.100860344447,190.86714153956652,8.022811640230782e-06,0.6129768660841182,0.6306568892957558,0.0625002384185791,5,4424,3138.4936586536883,986.0,690.7654627236461,25,16,20,12
1135.0655247571103,235.13988503651325,3.5017067008704835e-06,0.5879542582941968,0.6057044186562619,0.1406240463256836,5,5263,3388.893330827623,1140.0,744.8559139329027,26,16,23,12
1558.9695070828584,324.17022338356526,2.298922169405295e-06,0.5971228653239921,0.6246820385796767,0.0409393310546875,5,7073,4317.983431777415,1553.0,952.4430849782007,25,17,20,13
1833.595579501915,389.83286369261356,2.423140075823089e-06,0.5955324211927353,0.615060505705616,0.042000532150268555,5,8576,4597.791621787372,1934.0,1011.4512016198619,24,18,19,14
3014.2248134842716,656.6893952583301,2.7511338995359695e-06,0.2763566480100399,0.3055701148822235,0.025088071823120117,4,10575,3396.286951632306,2431.0,786.5999999999985,21,15,17,5
3300.8290275903055,719.6924823659938,3.2879442350585435e-06,0.22432354736327975,0.2663182283493506,0.03140401840209961,4,10966,3439.0678963702235,2515.0,768.6000000000026,21,15,17,5
3384.4222355185334,750.9559097459559,3.1180415898553614e-06,0.3620097368957733,0.3824058670088871,0.04686927795410156,4,12752,4270.858235228661,3025.0,936.6000000000022,20,15,16,5
3498.4466739838185,781.9419250992636,3.101987081029417e-06,0.334707815832468,0.3509966918403016,0.03125357627868652,4,13212,4055.120202407312,3142.0,882.5999999999999,20,16,16,5
3533.08902335966,808.3231518288816,2.9919352378419236e-06,0.42512829973927846,0.4356106127503341,0.031245708465576172,4,13981,5063.9407707959235,3348.0,1104.5901081399784,20,17,16,13
3681.6842832565617,831.6264705301425,2.850792710600809e-06,0.4475250588142755,0.4573203284505063,0.015625,4,14983,5393.6908713467055,3648.0,1175.8946729080258,19,16,15,12
4112.6438243726725,1019.825752073389,3.2492010606994233e-06,0.5929500290283602,0.559457390255241,0.015623807907104492,4,20066,8310.08178801845,5145.0,1832.0802119461823,16,16,13,12
4546.807735887003,1177.609831380791,3.615996293445326e-06,0.6273375953344016,0.5779726626815008,0.031289100646972656,4,23331,10111.74511269976,6202.0,2248.1087075889545,15,16,12,12
4270.329411079729,1146.3504762408688,3.585246483039671e-06,0.6922784695305426,0.6350215594107727,0.031267642974853516,4,23832,11625.785758647282,6400.0,2611.2224956717437,15,16,11,12
5235.631270365888,1455.1163224668762,4.3756078562898985e-06,0.6463485971271778,0.5679394585443198,0.03125190734863281,4,27844,12874.518462949003,7784.0,2898.5293244795685,15,16,11,13
4772.64152718893,1397.5083968272388,4.379989542143619e-06,0.7393924791560502,0.6550008582582767,0.031250953674316406,4,29851,15542.887552605835,8651.0,3562.1531322166666,13,14,10,11
4820.430444612916,1424.581893983984,4.327775806149108e-06,0.7197479100136436,0.6222875988714043,0.031240463256835938,4,30390,15240.602663167252,8789.0,3463.122665702247,13,15,10,11
4054.915043950223,1284.1244330303937,4.139673073404411e-06,0.822105579109681,0.7288251119284951,0.031199216842651367,4,32099,18887.905695966,9695.0,4429.629461054999,12,13,9,10
4437.765882028844,1412.4781001243591,4.565381990781625e-06,0.8048716289911316,0.7065830067512939,0.027006864547729492,4,32969,19032.720970634957,9906.0,4468.31713374973,12,13,9,10
4181.942052141089,1475.7270835855886,5.237578712563026e-06,0.8642588234157411,0.7736551920196255,0.023994922637939453,4,36372,22910.146001100893,11821.0,6568.800000000003,11,11,8,5
4161.792026568185,1424.7951693640157,5.275633309503199e-06,0.8642840206221063,0.7807677027868957,0.03132319450378418,4,37385,23054.579194470345,12264.0,7125.000000000004,11,11,8,5
13.544435852131603,4.24218837812938,2.362610459210061e-06,0.979082337759223,0.9593137917449576,0.0312502384185791,4,288,276.16523388743985,97.0,91.0,8,6,4,4
39.903030249704194,7.3249563496433945,1.7317470490953198e-06,0.9250540488081189,0.9463573926466766,0.03486275672912598,4,452,439.70216466683723,149.0,142.0,8,6,3,4
91.87895369582512,19.677754274724542,7.046011377646943e-06,0.8183630210109516,0.8164062650917727,0.03800034523010254,4,719,644.2219798295672,220.0,211.0,11,7,4,4
131.27697925144244,27.04054676945244,4.133482200046555e-06,0.7689849937795583,0.7834152385151908,0.020867586135864258,4,831,726.8784977354716,237.0,227.0,13,7,6,4
110.36302177423524,23.322465931017902,2.7741968521636917e-06,0.713013132011784,0.7273754003505468,0.025910139083862305,4,636,545.6565830588181,192.0,171.0,11,7,4,4
145.76565170122566,29.536113853103394,4.155734021816711e-06,0.6897840864749285,0.7127410549067037,0.04687356948852539,4,848,730.0003168262438,244.0,213.29999999999984,12,8,3,5
215.159265070541,45.46398072110055,3.373715205280515e-06,0.5361494812703946,0.5557262769476428,0.046878814697265625,4,1005,837.6709751896307,272.0,252.5999999999999,11,7,4,5
340.4189197813271,66.59411622454377,3.1281209627925736e-06,0.3013169380103258,0.39377571713888826,0.03125166893005371,4,1181,930.8314353920568,284.0,284.0,18,9,5,4
462.08494222364624,92.98992484995519,3.5303250612964815e-06,0.48703151356365426,0.5026910064354897,0.046874284744262695,8,1785,1572.1504797316259,380.0,365.0,26,14,25,8
519.5996727812769,104.38538332929426,3.256139433009286e-06,0.43973890163936924,0.4455432498223255,0.04687857627868652,9,1889,1582.4023472699637,415.0,357.0,21,16,21,9
693.5879141426585,141.42525968036531,2.4356781093940142e-06,0.5484725768459353,0.5645114895103907,0.0467534065246582,6,2913,2297.0258329075637,670.0,505.06899620379136,26,15,18,11
785.114144152166,159.78492699448154,2.3969688238116424e-06,0.5662606108441739,0.6048001639182432,0.046872615814208984,5,3214,2743.1195748248115,720.0,605.1432555438028,22,15,20,11
907.0035631129731,186.22652759890389,5.626202163291385e-06,0.4281816999576833,0.45201436787269045,0.046874046325683594,6,3386,2231.00656289184,754.0,488.7622226679541,27,16,20,11
1014.0873751056724,207.21986683856264,5.871558676050126e-06,0.5518428150801082,0.5791360886354042,0.03125429153442383,5,4351,3017.1263788163014,918.0,663.3622402972587,28,16,22,12
1262.2278470356068,258.25225805582875,2.3205085613548963e-06,0.5516943563371909,0.5856053627508915,0.0312502384185791,5,5352,3420.091196264554,1155.0,752.0505138312528,25,16,20,12
1393.2468485497766,286.9829824046636,2.1931994769550443e-06,0.5088725471170046,0.5398587064010592,0.04687666893005371,5,5733,3413.861174371165,1244.0,749.2340367336069,25,17,20,13
1434.7072998904243,292.4865676838524,2.4664910156783223e-06,0.6115388756382183,0.6545519608397679,0.03124856948852539,5,6440,4277.553058739503,1424.0,945.1212735880208,25,17,19,13
1820.8179455220118,377.91634523349626,2.1928557967530317e-06,0.4614887888759983,0.5031283953783282,0.03499889373779297,5,7156,3679.188521799075,1575.0,805.3238752649236,26,18,22,14
2232.738226870934,482.6826958157286,2.756358311502485e-06,0.29755578957349194,0.3157121194559708,0.031320810317993164,4,8064,2792.5332695202273,1791.0,630.0000000000027,24,15,18,5
2718.3348434535797,586.6547710019123,8.025041568666405e-06,0.2816878973381324,0.31104974364720495,0.03449583053588867,4,9657,3205.5068809626437,2155.0,694.1607382014008,24,16,19,12
2018.8673263475048,444.5692056875777,2.562099500472184e-06,0.6557650889005718,0.6605221670804748,0.03132271766662598,5,10393,5494.479125987816,2385.0,1211.85545543013,22,18,18,14
3817.1752842758597,880.0339068507012,3.188492586041494e-06,0.45063950047981993,0.45340010945983567,0.01562356948852539,4,15667,5610.826014926368,3786.0,1223.6346519552162,18,16,15,12
4268.281615188241,1026.5348819137296,3.2765659829935702e-06,0.5212245882244102,0.508498374365413,0.015619993209838867,4,18565,7308.8998468788395,4674.0,1603.9958453291974,17,16,14,13
4301.1859607534325,1041.923509857996,3.416910700314763e-06,0.532209839164272,0.5127413371220387,0.031255245208740234,4,19249,7509.297269818585,4917.0,1652.2190771073538,17,17,14,13
4619.179826697557,1136.9041465528883,3.6080850373528448e-06,0.48162646057501846,0.4577428704911034,0.03124403953552246,4,19585,7138.69944940401,5096.0,1563.2264820150176,17,17,14,14
4893.910475192663,1212.4161276811003,3.873021366087572e-06,0.4843840956737885,0.45992264388277326,0.031252145767211914,4,20681,7544.008534022974,5401.0,1651.337661116192,17,16,14,12
4619.4631363250855,1164.4928653483619,3.6232651100473237e-06,0.5771583635573101,0.5428332320161435,0.015622854232788086,4,21670,9022.798424004071,5678.0,1993.3259444991809,16,16,13,12
4527.493191530233,1143.9284501526017,3.547195081738437e-06,0.6118948671925848,0.5728019231399729,0.015574216842651367,4,22459,9668.032349382765,5870.0,2143.4600876578215,15,16,12,12
4322.168150592414,1126.0816630970303,3.4476413177634965e-06,0.6379820683040458,0.5808377721074118,0.0312502384185791,4,23047,10091.203068665063,6216.0,2246.06964265046,16,17,13,13
4659.719007505133,1262.0539151701887,3.885001694163968e-06,0.655725743868896,0.5921356987330637,0.031249523162841797,4,24684,11343.21073193106,6804.0,2537.0463601569954,14,15,12,12
4638.729309394292,1263.5718163624654,4.085644275376495e-06,0.6672914049055378,0.5971289870497154,0.015624046325683594,4,25722,11988.260807275223,7084.0,2698.2934009534692,15,16,12,13
4984.49643740192,1404.3217269492468,4.302089908414242e-06,0.6952034036054446,0.6204582910811891,0.015689849853515625,4,28072,13796.006454011482,7932.0,3127.241122432617,13,15,10,11
4832.775441262351,1401.748382831771,4.363105986570953e-06,0.7182300668474029,0.6334766628269122,0.031245708465576172,4,28581,14768.999335215292,8124.0,3359.21472773771,14,15,11,12
4208.081870363594,1457.8322400865745,5.180163330485874e-06,0.8627371096937982,0.7742373945584927,0.015691280364990234,4,36643,23006.451968385947,11665.0,6281.700000000004,11,11,8,5
3673.3676349215602,1317.6666155381881,5.197861267964165e-06,0.9002029702746795,0.8267313052858294,0.03130674362182617,4,37433,25190.840273482725,12251.0,7597.500000000004,10,10,8,5
28.291162720392865,5.458996926965155,2.4959886391148503e-06,0.9583530130809901,0.9691016472904176,0.015624761581420898,4,406,390.43821570968385,137.0,137.0,9,6,5,4
35.5237512118924,7.28333198108303,3.748708862893367e-06,0.9175891854376307,0.9255239593861008,0.031294822692871094,4,392,362.9293679463059,128.0,115.0,9,6,4,4
55.16466442353561,12.673145190674054,2.8984935291110752e-06,0.9220696269207469,0.9226311410199456,0.015624761581420898,4,602,567.4764604753301,213.0,202.0,8,6,4,4
28.319871992103693,7.509050031149847,2.3393522916425726e-06,0.9700907365702406,0.9567947095636555,0.03129220008850098,4,521,491.8375498126147,173.0,173.0,11,7,5,4
74.41960901508406,15.244031370412815,5.49837728835205e-06,0.8840470267680247,0.8918437120463799,0.04834151268005371,4,692,642.0038384372426,204.0,204.0,11,7,5,4
120.51592950684476,25.635185493666622,4.641745273693191e-06,0.8211755514523031,0.8200253795239811,0.03486824035644531,4,872,781.9166136735857,267.0,249.0,13,7,4,4
524.56926732776,107.19231733604002,3.2498059314214398e-06,0.43640738208223706,0.44450537819984914,0.046868324279785156,8,1903,1626.3850871823695,425.0,356.57598999922834,24,14,18,11
864.8804685237533,175.13332670484598,4.634133903211829e-06,0.41516750995240115,0.43781329216898957,0.04246997833251953,6,3191,2154.843459590291,669.0,472.6039951331277,27,15,23,11
1125.3494818303395,233.38310646062553,2.4992236274404275e-06,0.4331915755211514,0.4636421853057814,0.03125500679016113,6,4173,2686.840043163602,943.0,588.8214489090976,27,16,21,12
1253.2619403235697,261.212501957352,4.108831609485128e-06,0.40779385200965124,0.43567366065370616,0.03124523162841797,6,4634,2752.4325165857226,1002.0,602.4360357435824,28,17,23,13
1307.677818304099,273.1482093955847,2.5853565346303805e-06,0.5267826951345648,0.5531175763642258,0.03125143051147461,5,5416,3321.0044334614786,1178.0,729.5709969691952,25,17,22,13
1354.9155403878115,282.5048525674301,3.0122124372631094e-06,0.5473846884620999,0.5726755122949356,0.04687380790710449,5,5819,3583.392863049323,1265.0,787.7828379946914,25,17,24,13
1785.3673570930328,381.64030498110935,5.1089990571795125e-06,0.5956544515419389,0.609571178282861,0.031201839447021484,5,8371,4457.041112835913,1834.0,979.2259459139837,25,18,20,14
2676.672082116456,573.8475065415876,8.667915336008919e-06,0.23847599894217875,0.278274487292675,0.04692435264587402,4,8967,3029.0302737867505,2035.0,692.6999999999966,23,15,20,5
2941.9807148490795,640.6953263563282,2.7647190219990803e-06,0.2842844242901248,0.32537446386139857,0.031247377395629883,4,10109,3617.4346174167385,2321.0,818.0999999999976,21,15,18,5
2891.1692279620106,638.7255646392879,5.093310105647636e-06,0.3361966239734999,0.34990294188951243,0.046849966049194336,4,10979,3520.9175881989017,2573.0,762.3441747844108,21,16,16,12
3372.888003301517,753.7705362770591,3.22587078594764e-06,0.33900185768630264,0.35443238686749245,0.046877145767211914,4,12550,4022.8015253706153,2932.0,888.9000000000005,20,16,16,5
3428.614283480872,781.9729852520227,2.8278512733888057e-06,0.40363660590164363,0.4092175988334673,0.031198740005493164,4,13510,4602.850340172293,3394.0,1000.1351270099976,20,17,16,13
3590.628820856851,819.0465381533999,2.8064831250394538e-06,0.4281694422425586,0.4319612500659139,0.03124523162841797,4,14399,5006.9925602579915,3499.0,1089.6301697078684,19,17,17,13
3707.7046738438594,851.179030513868,2.934016759727202e-06,0.45208672011265005,0.4539455671762751,0.031250715255737305,4,15265,5443.395460804172,3736.0,1186.9728416156536,19,17,16,13
4224.122252162084,1058.303581313339,3.350236658244654e-06,0.615434874759602,0.5798258607611596,0.031248092651367188,4,20941,9094.002217844067,5454.0,2014.0117518449642,16,16,12,12
4061.9329508453534,1041.7965839451385,6.776519021384778e-06,0.6436234083004961,0.5940290343780052,0.027948856353759766,4,21645,9540.569954052751,5718.0,2123.712420933841,16,17,13,13
4436.063705693352,1150.6842243288027,3.588673095921135e-06,0.6308545880374407,0.5766062741434157,0.02693963050842285,4,23322,10017.256649032912,6240.0,2222.3845709396537,15,16,12,12
4694.352059690673,1243.7564046895434,4.2415110175985e-06,0.6202437455067578,0.5624681572131813,0.01562356948852539,4,23786,10317.15270272803,6537.0,2290.618779297296,15,16,12,12
4723.716776462914,1325.1931449555352,4.131489098079611e-06,0.7070484316399002,0.6349377079048437,0.025926828384399414,4,27365,13592.998109660744,7685.0,3078.6315580837763,14,15,11,11
24.443936547882767,4.707349019888189,2.1369387972295767e-06,0.9560171364927725,0.9635552069028043,0.015622377395629883,4,349,342.3,128.0,122.0,8,5,4,4
39.50009235514237,9.749369992992753,1.5834726011563407e-06,0.9268447873716947,0.9214873049074782,0.015630006790161133,4,418,436.4041946720231,151.0,141.0,8,6,4,4
14.837682316994025,3.5496332952676757,1.649231074392975e-06,0.9823326070836472,0.9775513015144283,0.03125429153442383,4,346,328.14923433795656,125.0,98.0999999999986,8,7,3,5
19.264687612816495,4.783872448168762,8.755928233734132e-06,0.9844378272516403,0.9802787985717822,0.031265974044799805,4,505,519.4423435069219,176.0,169.0,8,6,4,4
42.872147263160514,9.818060541683066,1.7235982844631104e-06,0.9570817026099829,0.9548713038626316,0.03124713897705078,4,607,572.8733132761893,193.0,174.0,9,7,4,4
26.677120089371805,7.220682254565426,2.207799985186012e-06,0.9521945510325285,0.9225011822869963,0.031246185302734375,4,391,383.71273676996316,129.0,117.0,9,7,4,4
147.65587629945261,29.919625459977993,3.076682689450203e-06,0.6594003760445087,0.6828018870378247,0.0468754768371582,4,826,680.5485998726328,209.0,209.0,14,7,5,4
258.11730306431366,53.131557221033376,2.8700478991359287e-06,0.4635718015329122,0.5012400024833814,0.04687142372131348,4,1062,866.7084557781534,277.0,267.0000000000001,15,7,4,5
292.67947930828115,60.086941891992055,4.81790505176663e-06,0.5793719496257576,0.5441126644312014,0.0468745231628418,11,1362,1327.4007256617972,311.0,295.0,18,14,5,11
368.20531106771557,74.87758192654869,3.158357535359366e-06,0.615280438157678,0.6080635474714167,0.04687070846557617,8,1671,1541.7749496897054,363.0,356.0,23,14,10,8
540.2920993843672,110.69590840316388,4.049415216456271e-06,0.5659091517344084,0.5753208898499581,0.046872854232788086,6,2299,1991.9104479661105,515.0,438.4001946933845,21,15,19,11
638.6865443300009,127.87771967443709,3.1917251877651743e-06,0.5492675888440499,0.5778714331276851,0.03125476837158203,6,2636,2146.230517795391,565.0,472.4377837494069,22,15,20,11
802.6473469572256,163.68413832325803,5.092495701137801e-06,0.4189278752993293,0.44802704295055906,0.04687643051147461,7,2996,2042.9250922405563,658.0,447.38853854106765,26,16,23,12
814.7709278786164,168.448691442498,3.503828949405162e-06,0.5745764019539645,0.5946619406044444,0.14324617385864258,6,3494,2626.907446718975,752.0,577.8369304248895,25,16,18,12
1024.7870560937981,213.92474053470144,4.175259609810032e-06,0.44789359489126,0.4646312713308798,0.055008888244628906,7,3952,2524.105188055187,868.0,552.3211581691435,27,17,27,13
1670.781099525664,352.428908867092,2.5586049334056377e-06,0.4922117234407418,0.5234777112093983,0.04687952995300293,5,6836,3677.170130482435,1510.0,806.0577494222794,25,17,22,13
2709.600721198807,593.1409136073843,3.2577294430666635e-06,0.32915920084822337,0.3480761652695781,0.0625002384185791,4,10043,3397.7610737947484,2336.0,784.8000000000015,22,15,18,5
3113.855902580993,680.9079244878193,2.8245338970360983e-06,0.2616064123667323,0.29586549525906547,0.03125333786010742,4,10649,3449.002962860831,2490.0,747.0288302625727,21,15,17,11
3305.782670497425,731.3449111677329,2.8733060007109535e-06,0.28302691963396276,0.31172096822026163,0.06249666213989258,4,11730,3699.471311254741,2735.0,838.2000000000012,20,15,18,5
3869.9575598136475,871.5514462794846,3.245104612278699e-06,0.32963210161456247,0.35593456725195416,0.04691720008850098,4,14215,4573.338365066022,3408.0,993.8235586454603,20,17,17,13
3875.625241564582,908.2893586304732,3.0553885693288596e-06,0.4711750515947034,0.4627234255339018,0.03126120567321777,4,16439,5842.826319220569,4033.0,1274.367236038037,18,16,14,12
4040.993390162887,948.6784460666033,3.221613605954598e-06,0.4551816206626583,0.4444296713117264,0.046874284744262695,4,17036,5800.903630323264,4273.0,1263.2310507759876,17,16,15,12
4389.668600647578,1083.3436362784416,3.3965067136613228e-06,0.5603097222595865,0.5338555115062805,0.031252145767211914,4,20007,8202.018558884149,5169.0,1807.7362791888372,16,16,13,13
4592.555036388945,1382.627501685885,4.394928052863789e-06,0.7697341491608354,0.6818385739407444,0.015625953674316406,4,30775,16768.556770813197,8976.0,3872.4327778443258,13,14,10,10
3624.9646257703066,1320.5086334272014,5.2455096854953935e-06,0.9032996891113287,0.8284846772338514,0.03125119209289551,4,37360,25372.887694160592,12406.0,7699.799999999999,11,10,8,5
3245.270251752617,1176.133580915707,5.248558123710682e-06,0.9250131580337919,0.869465823679924,0.03124690055847168,4,38441,27343.43192707224,13060.0,9495.299999999996,10,9,7,5
27.953107881141314,6.775927771153086,1.6414192245058309e-06,0.9533807406814792,0.94669741745687,0.03125596046447754,4,365,370.35752827243306,126.0,122.0,7,6,4,4
36.93271250361006,8.466236488638616,1.7121632308639513e-06,0.9023890270849941,0.9072852086326664,0.037355661392211914,4,349,364.8668266832261,135.0,135.0,7,6,5,4
21.25641283222516,4.942921138921947,2.638229145810453e-06,0.9772112127970868,0.9753739481694145,0.02100062370300293,4,438,412.59412762699077,136.0,136.0,8,6,5,4
58.044376384789174,13.692394430507354,2.550602133837414e-06,0.8760448020306713,0.8631320523195981,0.02579474449157715,4,532,524.7406856589158,170.0,164.70000000000022,9,6,4,5
34.98714210932406,7.39915367370877,2.7383441142467003e-06,0.94876498589539,0.9534353125433216,0.015627145767211914,4,462,487.5102134749396,172.0,172.0,10,6,5,4
42.57934415499027,9.620836648368165,1.6095079636797162e-06,0.9044666104092351,0.91524686799155,0.015694618225097656,4,417,403.2730206807967,137.0,137.0,10,6,5,4
98.52026209050773,19.403533669520062,3.3450786514898312e-06,0.7929858653105317,0.8139581432518227,0.015623807907104492,4,652,599.7666785318245,205.0,202.0,10,6,4,4
96.55979004446976,20.373535214446672,3.350475184719822e-06,0.7852182488665931,0.7964228754717741,0.031249046325683594,4,643,587.2697905253525,189.0,176.69999999999868,10,7,3,5
117.56446582812345,23.816891611816228,6.136576640955658e-06,0.7685890774298463,0.7793963137886535,0.04687619209289551,4,809,688.0415232381984,231.0,215.0,11,7,4,4
147.12642434167367,29.41299065192415,4.837575726341184e-06,0.6109437347818261,0.6401702849947886,0.04687166213989258,4,774,623.6363855183487,216.0,186.30000000000246,14,8,4,5
240.80789544350085,47.9186046929643,3.2942723752076203e-06,0.5907205830142023,0.6249010276737264,0.04692411422729492,4,1191,940.2215369420061,293.0,283.50000000000307,13,8,4,5
300.5009107646135,58.80312250929784,2.623537557124255e-06,0.681254434199257,0.6775746464660706,0.046883583068847656,9,1585,1434.1667973399524,352.0,321.2999999999979,18,13,5,10
526.0297214910061,106.32604471945908,3.674018028821205e-06,0.42468477768257085,0.42328319793812885,0.046877384185791016,9,1933,1590.2657701990338,405.0,353.3999999999978,24,15,15,10
644.6745225247156,131.78732160566906,2.9945708789769425e-06,0.35540802941343963,0.37462112278239235,0.031250715255737305,8,2239,1711.3150477126421,480.0,376.1780643653128,22,15,17,10
912.5978490813557,188.8024224919562,2.860792110245514e-06,0.43107013046168796,0.4662144186643171,0.03125596046447754,6,3367,2499.7044761108073,730.0,548.9138270717772,27,16,24,12
1046.0504406174794,219.03450057094722,2.3752889549928784e-06,0.5614721800179849,0.5826851880492544,0.031246662139892578,5,4403,3191.5900104486273,961.0,702.9634905718613,25,16,25,12
1145.311982173913,235.0095463070518,3.6001696794471056e-06,0.5925692302697598,0.6275786498766425,0.04688429832458496,5,5105,3540.292356091697,1103.0,780.9804658686662,23,16,20,12
1990.6748072490523,418.7076227944673,2.9183131648106804e-06,0.164295104466467,0.21321631947826014,0.06250166893005371,4,6234,2389.9559070509295,1372.0,597.0,25,13,20,4
3510.1975556219527,788.2203420458192,3.215242142962583e-06,0.39539461887399774,0.41091221436223724,0.028242111206054688,4,13492,4719.512904508515,3229.0,1028.1650057369757,20,17,16,13
3383.164686210298,768.5075211585261,8.821051762468361e-06,0.48811119035116846,0.483146147539395,0.03300142288208008,4,14996,5315.921558080209,3630.0,1160.2784511434938,19,17,15,13
3977.4877238370173,922.8518317445903,3.1695766993190997e-06,0.42478024995793506,0.4322697164223016,0.03131890296936035,4,15679,5614.309473013753,3914.0,1224.0638255042236,18,16,15,12
3754.934284136038,901.9132443682479,3.0290246921342576e-06,0.5511552361004075,0.5324159469265779,0.03125166893005371,4,17029,6908.139677595525,4320.0,1519.0025308474687,18,17,14,13
4583.42403509287,1207.0731114036837,3.782324514767447e-06,0.618310041442652,0.561781679606566,0.010083675384521484,4,23282,9913.149856022064,6341.0,2197.4173315581193,15,15,12,12
4490.801708222596,1203.7432246045357,3.749759733615162e-06,0.6683702723218861,0.6093203172053681,0.01567220687866211,4,24177,11307.452910701517,6555.0,2529.5232015689435,15,15,12,11
4611.189433433165,1263.2399648424073,3.9863821940409744e-06,0.6822620694669039,0.6128776480539558,0.03125166893005371,4,25842,12268.0003230826,7245.0,2755.62531817773,14,15,11,12
5278.187915728184,1483.2964755599733,4.599514136577769e-06,0.6637045161216477,0.5873796770984108,0.015624046325683594,4,28266,13590.415229206375,7928.0,3071.6720270916503,14,16,11,12
4404.4688234336945,1395.5289936302786,4.54526497510604e-06,0.8075519879106758,0.7137626374045223,0.0312504768371582,4,32237,18714.563162174447,9734.0,4379.901902406533,12,13,9,10
3781.55194404482,1271.3033757112821,4.462937860273163e-06,0.866059267263331,0.7796097147453003,0.03129124641418457,4,35013,21644.517525640364,10890.0,6125.699999999997,11,11,8,5
4150.446692186834,1401.063464542055,4.969605183728552e-06,0.8567526094925928,0.7709918347784346,0.031249284744262695,4,35963,22107.123245445255,11397.0,6330.5999999999985,11,11,8,5
3345.0139703529435,1199.5747364334609,5.116396667958828e-06,0.9190548573971143,0.8604103509063847,0.015622138977050781,4,38679,26920.879775390968,13024.0,9272.100000000006,10,9,7,5
3248.319216545585,1150.3354482332816,5.774764593457859e-06,0.9270756887393632,0.8808352803700735,0.031241178512573242,4,39614,28556.10600090054,13592.0,10517.699999999997,10,8,7,5
44.19590695091288,9.740123600751527,2.240423586517856e-06,0.9239576156182279,0.9279085565058839,0.03129220008850098,4,508,470.3427731678636,157.0,152.9999999999983,8,6,6,5
28.864079426627363,6.965731791283338,5.468751360156111e-06,0.9432219034166244,0.9297904914731564,0.015623092651367188,4,375,381.0776555575016,139.0,121.0,10,6,4,4
74.42719143880475,16.10166963788693,2.7262127855163415e-06,0.8609502884787149,0.8619830071884297,0.03125143051147461,4,640,605.841253686714,204.0,194.0,9,6,4,4
104.34721805608633,22.66376654651359,2.1573706500026533e-06,0.8207804061283736,0.8314360516388515,0.01562643051147461,4,751,713.7400136185665,243.0,219.0,10,6,4,4
127.43861602550261,26.849667215284946,3.6823052330914403e-06,0.7222655584736621,0.7269858341110962,0.04687333106994629,4,776,707.9668858505726,242.0,215.99999999999955,12,7,4,5
138.87961335199734,26.931333442586944,6.389798610702466e-06,0.746743674478147,0.7769050729072292,0.04687309265136719,4,926,799.0481145749071,264.0,257.0,10,7,6,4
160.50405576654953,32.61614650522866,4.543150970821e-06,0.5958887549366159,0.6266900902019235,0.04687929153442383,4,794,675.8832627883795,233.0,216.0000000000008,14,7,4,5
208.29742680016952,43.81135604506849,4.276918021368437e-06,0.6708642513148505,0.694998105580654,0.046872854232788086,4,1114,938.6320836359714,306.0,286.4999999999975,12,8,7,5
465.7892310036831,94.27781216789872,4.6376337002136845e-06,0.5223842362300287,0.5346846963783861,0.05755162239074707,7,1913,1694.9620183518427,405.0,374.9203609530441,21,14,18,9
718.0985404667288,142.72606185422853,3.4655501450226126e-06,0.4870803414354924,0.5152448429681513,0.060010433197021484,7,2848,2074.9432917178606,613.0,454.86382991593655,27,15,25,12
1390.2993024650223,294.6007786708492,2.3633249929833315e-06,0.6175767353442616,0.6340234473768449,0.05841636657714844,5,6481,4139.469297483172,1407.0,913.3346175405859,24,17,22,13
2911.9191932771146,628.6743680990705,3.6296399723377308e-06,0.17917979721332522,0.218336018478259,0.04687356948852539,4,9478,2892.881408875968,2199.0,652.0,22,15,19,4
3002.630342126072,648.5592741237562,5.1114789331851595e-06,0.22997670653673508,0.2697968304061198,0.04687857627868652,4,10042,3235.140053546735,2344.0,788.4000000000005,21,14,19,5
3155.2180559802496,702.0119778398114,4.149767383152652e-06,0.3648075177840332,0.38121343481383296,0.04686927795410156,4,11999,4051.2473038785165,2830.0,879.242060058858,21,16,16,12
3874.4027637454815,924.7604335286518,3.122491273377394e-06,0.5278162694133743,0.5122623893658466,0.046872854232788086,4,17291,6676.314089703049,4291.0,1463.2789645503271,17,16,13,12
4049.6734092628953,964.4255531545746,3.1968523293795233e-06,0.5075945318912825,0.491951774110142,0.031246662139892578,4,17603,6630.238316823876,4397.0,1452.3331693029286,18,16,14,13
4477.1323373256355,1075.5550336401227,3.4113119075794755e-06,0.466370515523546,0.4567500090398664,0.03125596046447754,4,18499,6738.694116830526,4747.0,1475.873980207134,17,17,14,13
4149.215301434686,1014.9111556014248,3.249836422518809e-06,0.575255359958211,0.5506767481935761,0.015624523162841797,4,19382,8075.910444492462,4941.0,1785.1428562593173,17,17,14,13
4781.683594889484,1237.3468599670884,3.85612224129906e-06,0.6081509744274194,0.5621677087829768,0.01562786102294922,4,23430,10215.10191489148,6354.0,2272.1520284328317,15,16,12,13
4651.57323743299,1435.419512460949,4.606578013201048e-06,0.777829261231354,0.6916411437191707,0.015625,4,30435,17088.87117750864,8903.0,3966.298507950927,12,13,10,10
4148.561501856292,1404.493697966775,5.033075864489513e-06,0.8589103185171273,0.7736213213699719,0.015629053115844727,4,37033,22514.656588177433,11803.0,6638.100000000002,11,11,8,5
19.105785824595458,4.809883334511687,7.363620553660377e-06,0.9666424529816805,0.9552822452087659,0.031247377395629883,4,303,330.49388290052366,118.0,100.0,6,6,4,4
26.58954857777552,7.237329242607587,1.4370937928227181e-06,0.958336757254876,0.9467321931174094,0.01562666893005371,4,378,386.0079487518095,129.0,127.0,8,6,3,4
16.578322134722438,3.23826431256865,1.1267395605872255e-05,0.976769955532207,0.9783953728668953,0.015622138977050781,4,338,336.49195051279094,135.0,98.0,8,6,4,4
32.58837468967774,8.146806457939837,4.5921819652827756e-06,0.9396872395090466,0.9223992530477964,0.015623331069946289,4,403,404.36465852111075,141.0,122.99999999999892,8,6,4,5
36.34036917993011,8.327232324690574,9.35465381905364e-06,0.933084503092483,0.9243799649320233,0.03124833106994629,4,479,447.67025857767976,162.0,162.0,8,6,5,4
81.12194822926689,15.993521382304271,3.2013801613304863e-06,0.8398966878937726,0.8620013913726757,0.015665531158447266,4,617,549.6831504097408,196.0,170.0,9,7,4,4
63.68774331409302,14.984663387329972,5.757801616224578e-06,0.863385630063575,0.8425981134283618,0.07323861122131348,4,608,582.528693278225,193.0,177.0000000000008,10,7,3,5
85.21356246350393,18.201670182615953,6.054830699367773e-06,0.8067362163038603,0.8095734503115236,0.04140186309814453,4,612,539.5010869206661,176.0,169.0,11,8,4,4
217.9885833761845,45.3169779049326,2.8748831527316333e-06,0.5133166579268401,0.5642346757499325,0.056314945220947266,4,963,807.8679510632803,253.0,250.79999999999745,12,7,4,5
247.5380181236963,49.356461958310085,4.259823010990239e-06,0.4401019757559773,0.4957229504510595,0.046872854232788086,4,992,755.0226373625449,242.0,233.0,17,8,4,4
341.35697473544116,68.42895449645066,3.3829751455634815e-06,0.5144015530692356,0.4938290666746855,0.046875,12,1421,1332.0764230723096,326.0,305.0,24,15,17,12
902.6693824603922,188.55665896372693,3.7563106469519776e-06,0.48252986209095206,0.4988245650773224,0.031248807907104492,6,3542,2479.7343986922497,793.0,544.450235603623,27,16,23,12
1230.8478770313063,258.2364787500313,2.2579970228075708e-06,0.5533031750371915,0.5798331041503795,0.0312504768371582,5,5236,3391.8971111985597,1179.0,747.178682563535,25,16,22,12
2580.610728921956,555.5775601369894,3.6140825132662125e-06,0.20445863035503953,0.2493677082286685,0.031206846237182617,4,8466,2882.2666030269143,1919.0,681.599999999999,22,14,19,5
2795.019368999377,602.2038447025052,2.7338004195266786e-06,0.14739082656516933,0.19944821541393454,0.04692482948303223,4,8834,2843.5996775113613,1990.0,649.8000000000034,24,15,21,5
3026.345235529323,641.7809403583269,2.840105552698295e-06,0.19360304744893486,0.254883645295679,0.0468747615814209,4,9725,3205.72856224125,2247.0,748.5000000000027,22,14,18,5
2115.3250174438954,460.52316337799004,3.1511131979334524e-06,0.6526588748150579,0.6675858436843738,0.0468752384185791,5,10579,5683.772115214154,2475.0,1255.8257675522646,22,18,19,14
3183.1330436874123,703.5369409365795,2.829810592573905e-06,0.31878381900357866,0.34698179419944586,0.046827077865600586,4,11359,3891.8102251898586,2704.0,844.652918813917,20,15,16,11
3708.4138505051465,848.0860785675272,4.127435858642506e-06,0.43339711937506487,0.4373305617229488,0.0468747615814209,4,14939,5203.295420034503,3596.0,1133.0540377805255,18,16,14,12
4179.722206163324,1000.7935586039468,3.29875472198257e-06,0.5172338290785916,0.5073871308637317,0.031246662139892578,4,18141,7131.681214739092,4682.0,1569.535755759448,17,17,14,13
4377.866347192064,1137.7424882898117,3.770139549738757e-06,0.6255844070602097,0.5790404512033844,0.015627145767211914,4,22016,9730.458277070193,5849.0,2163.1577568012053,15,16,12,12
4805.358073736043,1249.0244642120244,4.045762587500034e-06,0.6118574296836989,0.5676417219737675,0.02953505516052246,4,23381,10270.985135007853,6345.0,2281.733432990023,15,15,12,11
4820.000104295965,1275.0984459880992,4.053322610182016e-06,0.6324953167443244,0.5793378383551322,0.032016754150390625,4,24455,10978.6170781694,6550.0,2452.3088023562623,15,15,12,12
4469.759292732759,1280.4930325327855,4.112651083301272e-06,0.7218075986975793,0.644316051103812,0.03205060958862305,4,26432,13389.325325449692,7360.0,3037.192888553651,14,15,11,11
4543.214966201729,1353.6260578910578,4.32193899609685e-06,0.7652799355329689,0.6799393331903593,0.024992942810058594,4,30111,16159.954512962107,8755.0,3723.7293725371856,13,14,10,10
4821.706677898641,1463.0517431752128,4.6833443459132344e-06,0.7586537700105033,0.6696847559866851,0.023982763290405273,4,30659,16854.744661669563,9024.0,3889.2422861014675,13,14,10,10
5135.030755602852,1596.066448946629,5.147320270284099e-06,0.7467382200530985,0.6483441135574755,0.03132176399230957,4,32527,17208.913046118578,9814.0,3985.4247899285965,12,14,9,10
4041.2774650646365,1342.508075080801,4.55486914451558e-06,0.8499479640968168,0.7593577192141208,0.03125357627868652,4,34343,21109.32272115558,10566.0,5154.299999999999,12,12,9,5
3938.921676576584,1350.0341286979822,4.725886049358144e-06,0.86836077088341,0.780480333198186,0.015619516372680664,4,35364,22438.532602016705,11052.0,5816.100000000002,11,12,8,5
3962.24826956744,1405.765816200848,5.105485588389805e-06,0.8771553214633324,0.7916022688144122,0.01562047004699707,4,35702,23146.961445762365,11466.0,6680.100000000002,11,11,8,5
57.45097991394589,11.277352730189618,5.433171840636429e-06,0.8975367984098621,0.9172084832656969,0.0156252384185791,4,540,529.471299827513,192.0,167.0999999999985,9,6,4,5
129.5341628604781,26.39718323493401,7.239102019880914e-06,0.7002638654391939,0.7150639778661146,0.046875,4,788,683.2239274552924,216.0,213.0,11,7,4,4
185.87456180071277,37.19466915329755,3.889731915789315e-06,0.5954560217025489,0.6265694477538775,0.04687786102294922,4,915,797.9935485584167,262.0,253.0,11,7,4,4
446.4540508253692,92.4269716281202,4.7598903479404986e-06,0.5210640288585009,0.517166575290979,0.06245541572570801,8,1780,1613.9311859585505,397.0,381.0,22,14,14,8
675.0868093151618,135.70091108022706,5.205489700571161e-06,0.4408022345270086,0.4597869324012853,0.06481266021728516,7,2531,1882.1317502130546,543.0,413.25682189802137,24,15,20,11
957.2015691024511,195.6474862172936,2.9051826147322185e-06,0.47518432632722296,0.5090177584728008,0.05199408531188965,6,3678,2574.2794328886425,793.0,565.7694748083388,28,16,20,12
1123.568180058793,232.764100778737,3.441394332093647e-06,0.5083579223149984,0.5481840616373159,0.036997079849243164,5,4478,3038.4819668441264,1011.0,668.1576825740312,25,16,20,12
1190.7833431340496,248.54847682551429,3.470453728941798e-06,0.5930099992697582,0.6102682779553881,0.0393369197845459,5,5485,3447.281516534329,1189.0,758.1500991549065,25,16,20,12
1351.519543604827,282.9702470556622,5.402325206184216e-06,0.5324347707779219,0.5508752675411881,0.05696415901184082,5,5828,3326.911787930203,1283.0,729.6700280641617,25,17,19,13
2116.4287257369897,447.6413474206131,2.7278355963460963e-06,0.18161237268662933,0.23028200358817286,0.04693794250488281,4,6790,2515.9488664943146,1498.0,631.5000000000018,23,13,22,5
2378.8526558279145,506.1879059236645,3.1858836334593677e-06,0.27561646722155553,0.31501778052229623,0.031246662139892578,4,8309,2986.5382058077266,1890.0,685.800000000002,22,15,18,5
2745.0591683522434,585.4195889133915,3.128342128852547e-06,0.2840406494868406,0.3184009380089057,0.0312504768371582,4,9596,3226.3328754018867,2220.0,780.3000000000011,20,14,19,5
3441.7739179535884,769.5341481476937,1.2115505647116815e-05,0.35085242761113533,0.37055195738985824,0.03124833106994629,4,12822,4226.10861056976,3054.0,917.0658293252886,20,16,17,12
3619.743905738187,815.935243533089,3.3097617485691356e-06,0.42834917595150324,0.4384309640611702,0.03130197525024414,4,14481,5078.237687685593,3511.0,1105.7170246753226,18,15,15,11
3697.458849434916,902.5930842855408,3.015170085530205e-06,0.6017288042554383,0.5718325039950465,0.03125786781311035,4,18382,7651.484007253641,4673.0,1687.0551344315645,17,16,13,12
4483.821043382941,1196.3001353783527,3.779136315283235e-06,0.663359232189236,0.6046008375961377,0.03124833106994629,4,24250,11082.379989183144,6686.0,2475.7801016366793,14,15,11,11
4795.116127195864,1372.853574353498,4.282302478295689e-06,0.7100754935562359,0.6339887606589412,0.031244754791259766,4,27498,14015.260276751655,7862.0,3185.415960232147,14,15,11,11
5613.7708036893255,1591.4392711530986,4.929423391351773e-06,0.6365303340635902,0.5633962618473439,0.031244277954101562,4,28390,13217.25218306938,8230.0,2975.877507163985,14,15,11,11
4268.796784792311,1440.6319627341634,4.919656594983654e-06,0.8446641235799128,0.7526243040262861,0.015622138977050781,4,34179,21251.905129151557,10654.0,5180.399999999994,11,12,9,5
3913.5269143244172,1341.650614733632,5.045229795474142e-06,0.8798162219769007,0.8045226184605327,0.015622377395629883,4,37065,23608.70608370878,12142.0,7509.899999999998,11,10,8,5
3152.201324805507,1125.9491964366189,4.9151828437308375e-06,0.9231144064532996,0.8670420163823573,0.015624284744262695,4,38881,27157.726543593777,13091.0,9507.900000000001,10,9,7,5
3433.4387422519535,1211.1985906747923,6.124068494879772e-06,0.9162926809702213,0.8638543764723842,0.03125262260437012,4,40032,27856.111241815,13919.0,10269.0,10,8,7,5
38.285146729340205,8.207316966984502,1.5552170353325125e-06,0.9387063265017866,0.9476417306076145,0.015622138977050781,4,455,451.61285055057874,154.0,154.0,7,6,5,4
42.1752809579811,9.525295290884522,3.6537766187042035e-06,0.9162273724864441,0.9052042910252251,0.032959938049316406,4,458,423.7918404286404,166.0,132.0,8,6,3,4
23.474501302577842,6.297793447763626,2.7993270785661524e-06,0.9785724121750217,0.9693327791693643,0.021999359130859375,4,495,473.14568248694553,151.0,151.0,9,7,5,4
49.968724739246895,11.05878308010563,2.6314858114132102e-06,0.8999860400718221,0.890766785468064,0.03623175621032715,4,513,501.91649630944033,158.0,156.9000000000005,8,7,3,5
215.4610679532242,45.802125643596604,3.3066965252110688e-06,0.5185864463813157,0.534143834709426,0.0312504768371582,4,969,760.024639192879,234.0,234.0,14,8,5,4
389.1395541954407,79.5304378883367,2.962200951443456e-06,0.5427037947842541,0.5228845068306944,0.04694771766662598,9,1617,1483.3588069647444,354.0,346.0,22,14,17,9
613.294674955124,122.81946187079859,2.7249667232790303e-06,0.4766727236923718,0.5147014127060485,0.04687619209289551,6,2365,2017.662640968227,498.0,444.474951088886,24,15,20,11
1076.1733215449724,218.46990527358602,2.471422836776301e-06,0.4287134156185892,0.4763840962499756,0.04687213897705078,6,3909,2704.98825414363,839.0,593.8572414177979,26,16,20,12
1230.176099887001,255.58311646721143,4.940573369763985e-06,0.4781867011885811,0.5005619285737148,0.031246662139892578,6,5002,2977.5570615567167,1097.0,653.250832483579,26,17,24,13
1310.94875732752,275.14066167370765,3.0459474601284116e-06,0.5143396668683682,0.5371772339818923,0.03119969367980957,5,5424,3288.3615219778394,1230.0,722.2201186017037,27,17,23,13
2479.995515874334,531.961946904769,3.0419906194956564e-06,0.30217122511784167,0.3314071692390309,0.0468752384185791,4,8858,3098.3287663406354,2007.0,672.0583325164057,23,16,19,12
3356.079629835642,750.1684519985238,2.8871660008829658e-06,0.3125060947217917,0.33434454604969255,0.031249523162841797,4,12045,3869.1747504918494,2824.0,839.6332424817701,20,17,17,13
3169.9239378380717,713.5706547885135,2.8987545641672026e-06,0.44267428021592536,0.4500085159433914,0.04693102836608887,4,12878,4692.52571936464,3137.0,1021.9520703513635,19,16,16,12
3630.946861489555,817.4477853722476,5.632326286113774e-06,0.3786943713550951,0.39749354380643176,0.04685521125793457,4,13782,4702.14203844041,3295.0,1023.3000000000025,19,15,16,5
3729.776925592619,859.0433188701205,3.0632438952284755e-06,0.3701113991283914,0.378783512200521,0.04688096046447754,4,14136,4673.026611238157,3429.0,1016.2548744914388,20,17,16,13
3990.7513999029757,938.940404517358,3.234169727958711e-06,0.4619981104111649,0.4550186566683183,0.031243562698364258,4,16723,5911.644471909176,4169.0,1289.8300860334812,18,16,15,12
4207.67480367037,1003.0762937332923,3.2562663491108244e-06,0.47103088834800244,0.4578751676390257,0.015621662139892578,4,17734,6343.976463285878,4433.0,1387.4018089058854,19,18,15,14
3912.0974408932393,972.9236952660493,3.178157809896645e-06,0.613124581200104,0.5770704116696662,0.046868324279785156,4,19670,8365.583872144734,5069.0,1849.8310317428459,17,16,13,13
4876.444628634349,1513.7107388892764,4.840387506615177e-06,0.7717406376910687,0.679306622788347,0.03126716613769531,4,32100,17736.19939822096,9696.0,4133.065754881964,12,13,9,10
4525.515761541642,1518.5905509984004,5.296420981106983e-06,0.837923564138044,0.7481220200984358,0.027998924255371094,4,36482,21734.11376328909,11762.0,6084.9000000000015,11,11,8,5
2854.0751903140467,974.4264253025045,7.052506743662664e-06,0.9464499140532153,0.9185887832266589,0.020797252655029297,4,39986,31332.226625706844,13662.0,12086.699999999997,9,7,7,5
46.06390487284151,8.303424711914586,1.9122538027899084e-06,0.8640847450187763,0.9176122549239809,0.03125190734863281,4,360,353.25648572577643,121.0,112.0,7,6,4,4
27.386485891147753,6.429409696542757,1.4870403034546887e-06,0.9680899251336839,0.963374653854081,0.025945425033569336,4,441,425.8908818667512,146.0,130.49999999999864,9,6,4,5
13.840765247576291,5.206734538237711,1.2795988810760448e-06,0.9881410041643232,0.9674217620401476,0.015625715255737305,4,386,387.5161246962565,141.0,126.0,7,6,3,4
23.188692727124206,7.317923919341423,1.5612952875362537e-06,0.9770723770316821,0.9572007918290958,0.015622138977050781,4,469,459.90174698699207,157.0,157.0,8,6,5,4
39.234862137582724,7.955166096650835,2.345645639882623e-06,0.9370326381413673,0.9421447468703394,0.01562976837158203,4,479,449.09941215861426,163.0,138.0,7,6,3,4
5.922080326174007,3.5199706349691464,5.790785671981453e-06,0.9976375251821943,0.9846343114287254,0.015624761581420898,4,362,362.6487982873902,122.0,120.0,8,7,3,4
59.08047209340882,12.049640366475176,1.4868753084139316e-06,0.908947883758709,0.9214770371827455,0.015623092651367188,4,591,553.7613772804871,194.0,168.2999999999994,10,6,3,5
61.19301004476674,13.938088202379245,2.447726800075996e-06,0.9052608633646335,0.8992025409526271,0.03125143051147461,4,623,576.6353001683027,190.0,179.0,10,6,3,4
86.1280636116997,17.617079709596375,7.917590798637633e-06,0.8136708802585165,0.8175504971451965,0.04687356948852539,4,680,614.0386496571647,214.0,180.0,12,7,4,4
240.3813100356656,49.816655764651316,7.052747355214714e-06,0.7287188814965908,0.6978627940247073,0.04682803153991699,8,1370,1396.7133433924823,353.0,314.0,13,12,8,8
336.2000975658245,66.16265197504154,4.482337348545645e-06,0.4935109816057901,0.47039338862107627,0.046822309494018555,13,1337,1289.1018840170384,296.0,289.0,19,15,5,13
395.1018662344221,80.34592514327184,3.6439942257172547e-06,0.5048350302551206,0.4936478944163927,0.04692339897155762,9,1648,1409.7899865724496,360.0,321.0,21,14,15,9
502.8846193804792,100.57268999882223,2.4927675448887155e-06,0.5163426109139575,0.5468580119641844,0.0468747615814209,7,2042,1722.2116521508863,435.0,383.05087518990354,23,14,18,9
606.6683110504524,121.1282921178932,6.309228437224905e-06,0.4199592674104017,0.44198711882777975,0.046831607818603516,8,2208,1723.18093622157,469.0,384.0,24,15,22,8
651.6930372788684,131.06272696147127,4.6375215298891565e-06,0.4681938288215357,0.49344513270586554,0.04687643051147461,7,2468,2014.1061855199555,540.0,442.202819199985,27,15,22,11
781.9445463059039,160.36015155803005,1.2990036611903167e-05,0.5815298409368606,0.6017514052272072,0.046872615814208984,5,3462,2630.3341467087266,732.0,579.5656555056773,27,15,21,11
889.393509982376,183.16249797459028,2.6214128306239856e-06,0.547879070007987,0.5767291204492446,0.04687976837158203,5,3740,2732.5056837632346,797.0,601.4527432857449,25,16,17,12
1088.3510968112305,226.79012496837677,2.6355956820066823e-06,0.551459764938486,0.5770898349432119,0.05999946594238281,5,4699,3125.636442596923,1025.0,688.0996644520101,25,16,22,12
1439.7834733462485,302.0820466163765,2.23005326428921e-06,0.5395033991361173,0.5735812992802005,0.031247615814208984,5,6094,3635.81915361526,1374.0,799.7342397694142,24,17,20,13
1489.8074568919685,315.8269357651449,6.064647569374134e-06,0.623639503899261,0.6364365844824198,0.05722332000732422,5,7354,4083.9734121982847,1673.0,898.7314197667956,24,17,21,13
2316.650668155418,494.720200266004,7.838624848242761e-06,0.30066550355870036,0.32886666362040795,0.04687809944152832,4,8283,2948.4997153769596,1888.0,677.6999999999987,22,15,20,5
1862.7529636144868,401.5348884702842,2.1696830291772682e-06,0.6159531404504298,0.6361622712665206,0.031258344650268555,5,8795,4855.456839923876,2014.0,1070.7896393102915,23,18,19,14
2707.898507902801,583.9661329932168,5.055522331299583e-06,0.28270526618493186,0.3140717391532958,0.031249284744262695,4,9646,3195.445561378496,2200.0,713.9999999999986,22,15,19,5
2131.6992130503313,466.70304432345273,2.1489339723977513e-06,0.6083538578841402,0.6241236671967916,0.03129935264587402,5,10042,5237.610054199942,2302.0,1154.6261984072257,23,18,18,14
3162.734791541924,687.6806643319875,2.9015443624376834e-06,0.26647595544641667,0.3029237599236625,0.031239986419677734,4,10925,3502.2508857649023,2525.0,779.4000000000033,21,15,18,5
3525.792433208764,792.1215735996055,2.910198205504088e-06,0.3625438864926577,0.39011637708019764,0.0312497615814209,4,12976,4602.179803970746,3057.0,1001.8588718845449,19,16,17,12
3848.6854114706325,932.6518649799964,3.4565820926771524e-06,0.5733496962473407,0.5501472620936989,0.03211092948913574,4,18175,7458.608902328843,4608.0,1645.0491627967804,17,17,15,13
4287.46664153933,1050.0157870692503,3.5571458704271303e-06,0.5312856245939002,0.5137843981014567,0.01569962501525879,4,18666,7563.177822753129,4816.0,1665.2446148321005,16,16,13,13
4149.670329691127,1026.5647298327729,3.2932184539703567e-06,0.5750052688589664,0.5435365476397835,0.015623331069946289,4,19672,8026.4909586561,5050.0,1772.851057265213,17,16,13,13
4299.336588089813,1107.6754947377392,3.6502580963386633e-06,0.6455374529600166,0.6025542193467884,0.03124690055847168,4,22012,10130.442921440525,5816.0,2258.8060724250536,15,16,12,12
4323.879589368156,1132.3288936806257,4.138470997370307e-06,0.663429425435363,0.6132421381362918,0.03125476837158203,4,22915,10752.365179446802,6052.0,2405.3184687074536,15,16,12,12
4520.725936527773,1260.34593904042,4.002396327164098e-06,0.6975503782709083,0.6254852449294118,0.04687142372131348,4,25998,12631.458636308174,7164.0,2845.348652174136,14,15,11,11
4248.704949064046,1221.5350378067849,4.079564711292147e-06,0.736759764456592,0.6546366830588134,0.03125262260437012,4,26816,13632.721814823406,7560.0,3098.7359502509134,14,15,11,11
4571.473443217191,1327.0037737263094,4.598005291603765e-06,0.7359167395215551,0.6586100039520499,0.015625953674316406,4,27550,14452.633979810318,7889.0,3296.0652523231165,13,14,10,11
4890.178005034803,1482.8260618828679,5.034396028127901e-06,0.7573816478913725,0.6705525972922141,0.01562643051147461,4,30906,16673.326780955133,9384.0,3859.8373533854447,12,13,10,10
4276.101525318458,1402.6570782290335,4.694227730357053e-06,0.8269674023157616,0.7349539153678912,0.015622854232788086,4,32533,19364.523380428385,9866.0,4830.600000000002,12,12,9,5
4075.293103872914,1435.098702890621,5.525869333317443e-06,0.8804949428173546,0.8008928762766911,0.024167299270629883,4,37858,24621.901881602105,12572.0,7182.300000000003,11,11,8,5
3273.2891635802443,1179.2383075301366,5.375593018533063e-06,0.9255017024568131,0.8719605602158499,0.02299952507019043,4,38937,27670.206117933445,12982.0,9656.400000000001,10,9,7,5
16.186315023888117,3.467244015532825,2.8536520374812624e-06,0.9834869183459526,0.9842563106124598,0.015644073486328125,4,382,375.84831358029976,121.0,117.00000000000068,9,6,4,5
36.6249204378264,7.671466848182325,1.4494825456094236e-06,0.9465992499066307,0.9497962739983987,0.01562356948852539,4,490,473.2090020147888,168.0,141.89999999999912,7,6,4,5
46.04388344445481,8.728486366225933,3.5237391000906425e-06,0.9196705029138724,0.9372660417836646,0.025822877883911133,4,507,479.549955747947,160.0,160.0,9,6,5,4
70.64874756551689,14.702539343828423,1.9322562705286727e-06,0.8403001705365221,0.8609518283321556,0.031256675720214844,4,535,482.5776964802388,184.0,152.0999999999994,9,6,4,5
70.26996559343108,14.676564389251912,3.5316153874321967e-06,0.8649699055539213,0.8679465967923027,0.03700137138366699,4,634,598.8897538727955,217.0,191.0,9,6,4,4
164.76150142903145,35.57055215688177,2.9488235315240597e-06,0.7045082495929642,0.7047250623254881,0.04700040817260742,4,957,841.053307024255,278.0,271.0,13,7,4,4
241.11702165483115,46.5271653383265,2.4300766810837964e-06,0.6779595952538671,0.6609882090973922,0.0468904972076416,13,1286,1278.8,337.0,289.0,16,14,8,13
297.86370813899833,61.7745469692415,2.9548058215731363e-06,0.6964378052644715,0.6791938350988938,0.046868324279785156,9,1583,1490.0616832320502,347.0,338.0,19,14,18,9
484.0076298614463,99.64922865495015,1.0184507922935303e-05,0.4342130298001231,0.43332777921886634,0.04687309265136719,9,1788,1590.9556752542335,381.0,354.0,25,15,22,9
763.8408679388651,157.72895615042955,3.521317602027951e-06,0.4859078438925515,0.5045979397093392,0.0468745231628418,6,3026,2180.263865022832,667.0,479.131191089911,27,15,21,11
749.6839323390664,153.6863190854449,4.049607483446753e-06,0.598086644523479,0.6185323476920861,0.046874046325683594,6,3327,2592.7566290036702,726.0,571.202980995984,26,16,19,12
955.7064720809755,189.0992933871365,5.173081303320239e-06,0.4548598078697971,0.4914730325275395,0.04687333106994629,6,3655,2437.1206023981526,772.0,534.8271829708626,29,16,22,12
1328.2909469897181,275.80955624485523,4.3746535476692636e-06,0.6002483886145841,0.6220486530828766,0.031240463256835938,5,6115,3773.4368882114513,1398.0,831.2016739281657,23,17,21,13
2636.1164798542977,563.1305199381393,3.0828062421263684e-06,0.04872771250497543,0.10464460628559447,0.032849788665771484,4,7814,2341.9293916358874,1779.0,590.3999999999976,23,13,20,5
1904.845379736467,409.5893862025553,6.7469735625886315e-06,0.5826771377905751,0.5967730941995679,0.035001516342163086,5,8810,4488.13512263475,2066.0,986.2511990710982,24,18,20,14
2541.3380628975947,550.1085030573378,2.470509023082527e-06,0.39455967867138697,0.41789754329690065,0.031245946884155273,4,9789,3725.221731161879,2285.0,822.9000000000001,20,15,18,5
3460.966541409542,752.6777926452512,3.2275925516117475e-06,0.19105169830635604,0.2400841802240662,0.03440713882446289,4,11308,3363.9146600643235,2631.0,814.8000000000029,21,14,17,5
3271.44973931293,725.2839581732303,3.0586208430800236e-06,0.3517973541861794,0.36889823745044537,0.03131413459777832,4,12474,4040.9835057049127,2887.0,879.5999999999985,20,15,17,5
3482.6362165705336,805.6458894146447,3.014740961814597e-06,0.48366189740477783,0.4868421351563462,0.01562809944152832,4,14447,5627.238674373973,3457.0,1230.4783104583803,18,16,14,12
3754.1518479547,861.3288322118078,3.039032359565368e-06,0.4531955401766685,0.457442584579428,0.015621662139892578,4,15254,5530.043663318327,3650.0,1206.9570692780576,19,16,16,12
3830.273348475456,905.1181304754338,3.1156791431021373e-06,0.5138726278387181,0.508137334477548,0.01566791534423828,4,16366,6532.018383790362,4044.0,1434.7191626284402,18,17,14,13
4015.0684285442585,999.7940425560427,8.725200754420653e-06,0.5901443660751746,0.5538160413134439,0.015625,4,19557,8063.731125251736,5066.0,1782.2223771523422,17,17,13,13
4627.458928852839,1223.608652419486,3.897205610262913e-06,0.6320410714161153,0.5773922275338692,0.03125190734863281,4,23543,10567.848629322201,6424.0,2354.0866148651376,15,16,12,12
4447.286636928776,1269.2577447244641,4.076417145685419e-06,0.7432479151490414,0.6733359572834993,0.01562190055847168,4,26973,14381.406973051551,7522.0,3289.4303739577863,13,14,11,11
4639.7514322954285,1326.501187002625,4.251747578237587e-06,0.7219223840239497,0.6442978772889191,0.015672683715820312,4,27929,14072.8128792182,7864.0,3204.2363025394698,13,14,10,11
3768.6505726362107,1299.0897459380146,4.901939091425887e-06,0.8816292566121743,0.8030269181748637,0.046924591064453125,4,36742,23415.725479640936,12084.0,7143.0,11,10,8,5
3727.3392848418666,1318.0323193226243,5.391584206640228e-06,0.9015503552473879,0.8368556662762316,0.015625476837158203,4,37794,25504.453931639124,12417.0,8739.900000000001,10,9,8,5
3703.6899395618157,1285.5459991117448,5.767357015198901e-06,0.9043752677690272,0.8480827473968438,0.0312502384185791,4,39018,26401.56669648313,13153.0,9415.8,10,9,7,5
15.429031728099694,4.431093777883894,1.944427863408052e-06,0.9798561159271166,0.9647544765311739,0.015670299530029297,4,342,345.9997829657028,121.0,116.0,7,6,3,4
14.184459762399037,5.139967963973705,1.1755638859101617e-06,0.9921714764900672,0.9778773995948449,0.015623092651367188,4,485,464.29833228576825,151.0,141.0,8,6,3,4
42.397329120561146,8.327033320930129,4.562764154504509e-06,0.9341702170926035,0.9441189828934314,0.015604257583618164,4,514,482.20979066925264,160.0,160.0,9,6,5,4
82.47245169023167,17.619481178904763,2.9389059816228914e-06,0.8640316256470398,0.87196855952502,0.01562356948852539,4,690,648.0739209605103,226.0,221.0,9,6,4,4
101.71815429920302,21.807196896700063,4.717658519484159e-06,0.7962498577564889,0.8092448807697431,0.04687643051147461,4,730,676.1938144765123,218.0,218.0,9,7,5,4
126.20941487924611,26.81426751944023,2.377415546457023e-06,0.7979511680732162,0.8021728639107781,0.031249284744262695,4,859,786.6445730633585,256.0,245.0,11,7,4,4
244.16475729245374,50.54797322129474,4.468274697970476e-06,0.5510031356337329,0.5815885425159452,0.04950666427612305,4,1137,930.8073543763634,288.0,287.10000000000105,14,8,4,5
429.0426482244804,86.82758406372747,3.6557960125886546e-06,0.44410039387231504,0.4322922934042126,0.04500150680541992,12,1543,1405.8552058937223,332.0,318.0,22,16,19,12
758.8821211604682,156.30540600842994,3.7795183841469553e-06,0.543330404337897,0.57048672160033,0.031246423721313477,5,3168,2488.741579355525,691.0,548.7505796506384,26,15,18,11
1144.8650473386772,239.04206561775476,3.950535021730329e-06,0.5058974890419357,0.5250623269759782,0.04752159118652344,6,4734,2874.08268370889,1043.0,631.0775768849767,27,17,22,12
1413.2209455489456,290.34842868965467,2.0572676444907172e-06,0.582052164441472,0.6189059829014292,0.03125905990600586,5,6179,3872.0105205007276,1381.0,853.7268317934663,24,17,21,13
1522.095366638087,323.7984038345188,8.878691550387417e-06,0.5792899320569691,0.6020078405847249,0.031249284744262695,5,6691,4001.1523466861554,1460.0,881.6363726749059,25,17,21,13
1645.9402611573457,346.8341037190848,2.0622106949870636e-06,0.5698864816723204,0.5993660739704662,0.031258583068847656,5,7359,4234.861555039167,1641.0,933.418397274053,24,17,20,13
3436.021417747607,760.3413295809895,2.8889744880074124e-06,0.3585618621457394,0.39132064122446275,0.0312504768371582,4,12658,4493.207033217118,3032.0,978.2399358073849,19,15,16,11
3245.2983174819396,734.3885259994416,2.7588880863996367e-06,0.4688135175446958,0.46758787165189275,0.031244754791259766,4,13912,4921.729551085962,3345.0,1071.8888662627887,19,16,15,12
4094.370918968606,934.7234472588914,3.1084958895588014e-06,0.4044226653138575,0.4165037213092544,0.03125,4,15983,5428.600423140082,3958.0,1183.716367418916,19,18,15,14
3797.8929802597318,911.1853627601707,3.10219252528009e-06,0.5518284884705997,0.5310058574119123,0.03125452995300293,4,17699,6921.327434985418,4416.0,1522.969965079128,17,17,15,13
4431.420431915157,1050.657015712841,3.812781131782892e-06,0.4807503640178107,0.4781157919778555,0.015623092651367188,4,18445,6930.623703011348,4581.0,1519.773493020065,17,16,13,13
4341.974497327238,1051.55846514906,3.429915484687834e-06,0.5258484842393312,0.510535915112146,0.009165525436401367,4,19060,7492.054603261342,4801.0,1646.6548134014638,16,16,13,12
4536.142156841599,1224.8939244935982,3.869011489756313e-06,0.6710019414200173,0.6113733567830107,0.015624761581420898,4,24371,11486.310761796174,6745.0,2575.0015304125536,15,15,11,11
4923.199707331119,1301.2241957829526,4.076997772429344e-06,0.6225164631533919,0.562812962321265,0.031250953674316406,4,25602,10884.003297514582,6925.0,2424.730736432759,14,15,11,12
4686.636187776126,1319.450704360102,4.1939820985226634e-06,0.699700375293137,0.6238108111051806,0.015627145767211914,4,27102,13148.895220849929,7584.0,2975.9502626080157,14,15,10,11
4518.57481025699,1405.0167052801519,4.6038850579299e-06,0.7855144683424411,0.6980975090315487,0.015624284744262695,4,30129,17129.46190510704,8890.0,3984.9377125653555,12,13,9,10
3111.6743549929924,1135.3552581842484,4.742935732512838e-06,0.9194370933542098,0.8515242081433965,0.031250715255737305,4,37693,25989.149960887476,12581.0,8402.399999999998,10,10,8,5
8.481620610796606,4.245620094232851,3.815053022172413e-06,0.9946015715179665,0.9740372949960848,0.015623807907104492,4,367,367.29867916495346,131.0,117.0,7,6,4,4
29.56519754052856,5.686685959435254,1.334124322688845e-05,0.9272730791313437,0.9411704819514786,0.03125143051147461,4,340,338.1,128.0,116.0,7,5,3,4
21.554390348956193,4.612495518426702,2.88587247669537e-06,0.9701378748663978,0.9696834192440525,0.015578746795654297,4,386,353.7360862555386,128.0,115.0,7,6,3,4
33.31254801411895,7.250800111898615,2.1694189805372334e-06,0.9391577661111412,0.9396641513617204,0.031244754791259766,4,434,428.2302785465116,148.0,128.0,7,6,3,4
67.55738860487632,14.69047472991309,2.0395596186234935e-06,0.8801647288466476,0.8832261462895871,0.015624523162841797,4,597,557.0869870083367,202.0,178.0,8,6,3,4
63.907889662748964,12.753626873173934,4.452852804687439e-06,0.8750590882331152,0.8871247492270034,0.03299832344055176,4,554,531.4931274450172,183.0,161.10000000000065,8,7,3,5
95.19495851176163,20.936281063914148,3.6355867927067223e-06,0.8313119355976621,0.8276446224405305,0.01874089241027832,4,732,683.7681134578157,232.0,221.69999999999868,10,7,4,5
110.4418720145995,23.143598139774884,3.4483861400113075e-06,0.7901380852865983,0.7924838517986285,0.0312497615814209,4,773,694.8520378568114,236.0,216.89999999999895,10,7,4,5
252.39856869615343,52.199120962104104,4.019937192784348e-06,0.5402646976021044,0.5575871561039476,0.03340291976928711,4,1164,945.7855485735708,313.0,287.9999999999999,13,7,4,5
224.95073077974502,46.297278936480545,4.0938961242862605e-06,0.724604812384768,0.6838942703553407,0.04686474800109863,11,1333,1303.1309291403654,321.0,321.0,16,13,12,11
462.29890196545074,94.14779851399528,3.906993849192243e-06,0.5090253581953619,0.5068885804505846,0.04687833786010742,8,1881,1641.9092803773008,409.0,373.0,21,14,11,8
853.0699112923571,174.86444457264756,4.429959655305721e-06,0.4391639273810528,0.46359144674434405,0.04687237739562988,6,3250,2207.410356746885,683.0,484.13783688088756,28,16,27,12
1122.8863744622306,234.8390053099354,3.6149162171884887e-06,0.49359349921372997,0.5176486452583664,0.03124523162841797,5,4552,2960.859858896854,986.0,650.7457315166589,26,16,25,12
1259.4336002180335,264.2912289749434,3.5073710415910295e-06,0.511140737959543,0.5443994076069024,0.0468294620513916,5,5149,3227.2894182034524,1128.0,709.9067744917029,24,16,24,12
2421.8963872929744,518.7475137525852,2.5422635722937487e-06,0.2473129706515771,0.2918484340857389,0.049302101135253906,4,8026,2971.774681819158,1811.0,682.0,23,14,18,4
2519.8008763968205,545.1912792062762,4.65742565711841e-06,0.2553142636558471,0.28860841591815645,0.04687666893005371,4,8703,2948.859344706051,1983.0,717.6000000000008,22,14,17,5
2734.012879610346,583.6434204610973,4.9947161399134895e-06,0.2212126224897495,0.2604517949548443,0.046877145767211914,4,9171,2929.2703185926857,2099.0,670.1999999999971,22,15,18,5
3402.223327744188,749.9818939563058,4.258952546399451e-06,0.2731963642137769,0.311733030388485,0.03124856948852539,4,11780,3791.661710369885,2733.0,822.6703422989717,20,16,18,12
3256.469977523563,742.5078435721833,2.7258928822485544e-06,0.4918977619840037,0.49336020627409005,0.031247854232788086,4,13950,5308.202538023133,3409.0,1159.4995171936507,18,16,15,12
3613.3385357887487,839.0108636995137,2.9686759365836273e-06,0.4843365553039891,0.4861209440064297,0.03124856948852539,4,15105,5804.314173681745,3652.0,1269.0638919957119,18,16,14,12
4004.600163413883,932.5662253186542,3.232032344972106e-06,0.42732439147306267,0.42956285499324653,0.03125,4,15983,5571.633947379215,3967.0,1214.521087669153,18,16,14,12
4051.1668600250805,959.3498965181836,3.1995094573260466e-06,0.508715891944737,0.4975522972877582,0.015626907348632812,4,17754,6682.0103474176,4401.0,1467.6419489282725,17,17,14,13
4354.361671135962,1048.1695522365171,3.6066603656782432e-06,0.5219317114325336,0.5028782885968255,0.026001453399658203,4,19395,7319.603556308898,4928.0,1606.4520328101871,16,16,14,12
4284.759116821395,1112.080168197341,3.632654803122015e-06,0.639250107050751,0.5903351780976509,0.012075662612915039,4,22268,9834.67151930785,5928.0,2185.2043008992314,15,15,12,12
4291.4867968021135,1169.8094333171398,3.7276286270906396e-06,0.6987837865009444,0.6344472422996135,0.015633106231689453,4,24604,11906.010326823318,6727.0,2679.4074311886434,14,15,11,11
4351.551471159723,1190.5552275895466,3.8057241582290564e-06,0.7112201888613909,0.6468781079633694,0.0334470272064209,4,25612,12665.646321499109,6923.0,2862.3530107186252,14,15,11,11
4513.637561604823,1329.8925174889068,4.193946332870251e-06,0.7468467177471612,0.657324102782978,0.03131508827209473,4,29421,15403.313358562475,8539.0,3532.495512659021,13,15,11,11
4777.752553959566,1488.557693117143,5.259078673874281e-06,0.76385544242929,0.6663288498672153,0.015627622604370117,4,31093,17110.11571693341,9406.0,3965.295188488819,12,14,10,10
4432.601566148894,1391.7519793990978,4.585733827840376e-06,0.8016601059572174,0.7117083980687169,0.015627384185791016,4,32135,18203.281758802666,9634.0,4389.300000000003,12,13,9,5
5217.74404625421,1673.3528132053984,5.486044496490949e-06,0.756454551249022,0.6505834305100867,0.0312042236328125,4,33414,18515.448633792697,10122.0,4311.684214946823,12,14,10,10
4106.533969074955,1405.4121700239625,9.334716780608135e-06,0.8711450747794015,0.7942613139345525,0.015624284744262695,4,36179,22961.840439401905,11659.0,6972.0,11,11,8,5
4434.24629345368,1522.4306933621679,5.550267219677092e-06,0.8506173551909345,0.7605656973897821,0.03125166893005371,4,37048,22766.877891415654,12056.0,6265.285646846798,11,11,8,6
3483.8500024733426,1239.3772351260145,5.475832021691575e-06,0.9155448068841274,0.8597658052353113,0.015630722045898438,4,39064,27119.820113741473,13143.0,9683.7,10,9,7,5
24.83656596340009,5.435976558906458,4.451329532975322e-06,0.9667129054534204,0.9663537248517159,0.03125405311584473,4,433,428.70055937129825,135.0,134.09999999999923,8,6,3,5
34.91564121622921,7.447773071090307,9.058773940656314e-06,0.9367589688466487,0.9279317714214809,0.03125143051147461,4,486,447.69122759969815,167.0,127.20000000000016,8,6,4,5
50.329984728766945,12.583421961276066,3.508979172777228e-06,0.9322818458707005,0.9156001502072042,0.031249284744262695,4,566,576.0002475010383,195.0,177.00000000000017,8,6,3,5
67.01045690936279,13.294268346477061,6.036884906195814e-06,0.893746245642011,0.9061837306699589,0.031249523162841797,4,656,622.0908282275637,197.0,197.0,12,7,5,4
153.5837210985294,32.34147747751616,6.186965287256224e-06,0.7421448133214898,0.7406870182429004,0.0468745231628418,4,1007,875.9302662289078,272.0,269.6999999999965,11,7,3,5
312.4027707187926,63.67359402255465,3.3077842611133668e-06,0.3299250689918576,0.38418392538278445,0.046872854232788086,4,1128,834.1749169029333,251.0,240.59999999999934,18,10,6,5
339.55564002624686,69.78390033318313,4.718332943186136e-06,0.5599323312726634,0.5287550997640191,0.0468754768371582,10,1461,1372.227571374101,329.0,303.60000000000184,22,14,9,11
928.6059034401712,190.57703539101814,4.663249528078357e-06,0.4670785032526341,0.5025240866395702,0.04687643051147461,6,3564,2477.725069640545,778.0,544.1957420635431,24,16,24,12
1790.0951400322942,377.53618796558555,8.134570249538086e-06,0.29597030839065264,0.3234641252239707,0.03125119209289551,4,6349,2451.515390701741,1447.0,597.6000000000004,22,14,18,5
2308.546735504002,491.0146339455479,3.975570160712169e-06,0.2101358063575779,0.2561515218827206,0.031247854232788086,4,7512,2675.2468749531554,1701.0,606.8999999999992,23,14,20,5
2291.0403705909794,489.33030211645155,2.4873045091539203e-06,0.2859024057920001,0.31797000608109216,0.04926419258117676,4,8093,2878.398476543854,1826.0,625.4999999999986,23,15,21,5
2479.303529127062,528.6088329427967,5.618386994392176e-06,0.27539087522908423,0.3018536593727933,0.03280830383300781,4,8869,2957.305614513441,1999.0,755.1000000000004,22,13,17,5
2776.672154069388,603.2399642824422,3.3458607461020223e-06,0.23722173065108376,0.2746454569574436,0.03125357627868652,4,9388,3121.7898191862378,2143.0,766.8000000000006,21,14,16,5
2827.1853882261107,618.9886615444545,3.4783461781030422e-06,0.26073537990733375,0.29576170873907026,0.023844480514526367,4,9618,3261.3552985863744,2232.0,707.4234854532333,21,16,19,12
3644.479235364267,826.9469068942499,3.1157281137556727e-06,0.39477384335749666,0.4099846628414704,0.031247854232788086,4,14183,4822.87982062152,3425.0,1049.5833094660202,19,16,15,12
3668.548857304012,844.9123453096075,3.138701356246081e-06,0.4546465249981104,0.4659238812042419,0.031246185302734375,4,14696,5597.97223527638,3578.0,1224.1166491652948,18,16,16,12
4249.755261110414,1011.6269418095449,3.4487751420446706e-06,0.4965675563147611,0.49179455263015204,0.015627384185791016,4,17959,6897.974394107429,4462.0,1514.5279741851382,17,16,13,12
4052.71708860855,990.5044345526406,3.3204912750073493e-06,0.5754998216851845,0.5483014462675417,0.0312502384185791,4,19286,7829.889480436852,4917.0,1725.8437687534124,16,16,13,13
3959.041329740669,1017.3899839170813,3.279318796708099e-06,0.6482578769569012,0.6020482104235338,0.14578533172607422,4,20858,9375.707316797989,5471.0,2084.402282508603,16,16,13,12
4525.818328261771,1348.6812706366807,4.31315120246608e-06,0.7658140254877104,0.681478892772609,0.049756526947021484,4,29665,16037.8844480875,8617.0,3700.99353471661,13,14,10,10
5111.51364668653,1569.4306311826451,5.049684618739144e-06,0.7430559768738607,0.6527490809458282,0.0189058780670166,4,31219,16494.393327519752,9360.0,3933.900000000005,12,13,9,5
2709.955518830763,976.8252392797559,4.790743935482843e-06,0.9433804590609145,0.8997952419762133,0.03125572204589844,4,38961,29086.2700444495,13145.0,10699.199999999997,10,8,7,5
2728.6286414994374,965.5555488782394,5.37079981983361e-06,0.9490315674415728,0.9168528335028143,0.04687023162841797,4,39940,31215.581848278405,14013.0,11966.099999999999,9,8,7,5
31.14351881668399,6.755059411295825,1.5119536744062192e-06,0.958358774068969,0.959288888958527,0.031249046325683594,4,449,435.27095518684666,149.0,131.10000000000014,7,6,4,5
135.35032981669696,27.454962730695296,2.2463420149991056e-06,0.750927524785395,0.7860483665330752,0.04688096046447754,4,837,739.5400544787426,242.0,242.0,10,7,5,4
164.69374949920552,34.48357782002896,3.2082604679597973e-06,0.8065766811037329,0.7644530925638743,0.052063941955566406,13,1264,1272.3,301.0,291.0,15,14,5,13
226.48028758345714,45.32656340983885,3.983751396377788e-06,0.7300218930045617,0.7000819272783126,0.050798654556274414,11,1374,1317.1718869724382,297.0,283.80000000000007,17,13,13,12
608.1312458102052,121.85227762653659,2.6861460741651003e-06,0.3100543309287497,0.3449363668906048,0.041962623596191406,8,2030,1569.794268384297,441.0,344.6798736151884,26,15,21,11
928.2800761708945,192.530917779044,2.5316659459784335e-06,0.4814606936569208,0.5080822992012465,0.04687833786010742,5,3634,2592.287149278125,790.0,570.9855988458205,24,15,20,11
1045.9195346897475,213.63662404400304,8.897895701705546e-06,0.3616912416819277,0.3905649085218461,0.046872615814208984,6,3716,2253.2823067322515,798.0,493.47345980910677,29,16,24,12
1300.4297926154622,265.9429611559505,2.993070465551547e-06,0.5009579351563881,0.5423378395375045,0.031246423721313477,5,5296,3296.4554549610357,1149.0,725.5308395538786,27,17,24,13
1392.0428845892097,292.29770364250953,2.174980191705518e-06,0.5931664716168727,0.6184377184896553,0.031247854232788086,5,6268,3836.6318136892037,1383.0,845.6103174203995,24,17,21,13
2720.5259978287863,593.6025493529693,2.9708180437485924e-06,0.2434630492568638,0.2742173249931351,0.03124690055847168,4,9228,2996.4201387657977,2161.0,725.0999999999981,21,14,16,5
2818.390935677327,621.3573804049842,2.6586178008710828e-06,0.3234772526618952,0.3576746756755018,0.015627622604370117,4,10036,3745.5949523725453,2333.0,815.5772238029235,21,15,17,11
1923.2390524615655,424.03897985830133,7.715741349472618e-06,0.6472027570831318,0.6459727299927105,0.03125405311584473,5,10250,5083.639908188936,2374.0,1119.103849007105,22,18,19,14
3357.0033330413507,732.6697929747903,3.1224346106485366e-06,0.184867462245757,0.2273744670001323,0.031250715255737305,4,10948,3184.954096896051,2597.0,728.7000000000025,21,15,18,5
3823.8814789334083,863.5629296260649,3.1910587510275445e-06,0.32398953250135853,0.34484318696233096,0.0312497615814209,4,14047,4379.441061382507,3373.0,950.2666265814923,19,16,15,12
4141.499974568629,982.9851549031965,3.408019847139711e-06,0.410779376933751,0.41903819255574903,0.03125309944152832,4,15776,5807.758084559499,4063.0,1267.8941990909134,18,16,15,12
4356.651311987701,1078.5536831519714,3.5378110566064948e-06,0.5729189042277884,0.5473635903426142,0.015624046325683594,4,20244,8420.12522561674,5131.0,1861.8391347775832,16,16,13,12
4175.790977658393,1109.6955409591724,3.5975835077222236e-06,0.6780602656340717,0.6220069836994166,0.03124403953552246,4,22838,10808.975305377233,6142.0,2417.5356562525258,15,15,12,12
4645.542678316358,1220.2540622811796,3.858627475100579e-06,0.6154279209252671,0.5578391577271936,0.03125119209289551,4,23486,10191.196620034418,6326.0,2271.7191917977434,15,17,13,13
4411.24990140995,1205.4938043799325,3.9541366142641184e-06,0.7027218903823551,0.6371360852633721,0.01562786102294922,4,25459,12508.841096077247,6851.0,2819.5369485253414,14,15,11,11
4490.647307297567,1438.1810073623847,4.799743561608139e-06,0.8073285568054829,0.7147468162082817,0.015625,4,32903,18865.914490276497,9930.0,4623.300000000001,12,13,9,5
3848.031184761071,1336.8898132948054,4.948696988612002e-06,0.8771932194468997,0.7954910213657604,0.031250953674316406,4,35349,22630.2720001032,11358.0,6659.100000000002,11,11,8,5
3693.8885234845275,1320.380478158803,4.888146517098687e-06,0.8875457122381467,0.8029918718106682,0.025238037109375,4,36268,23784.513635647636,11860.0,6725.700000000001,11,11,8,5
