rmse_I,rmse_Beta,time_predict,roll_var_npeople,actual_peak_I,predicted_peak_I,actual_peak_day,predicted_peak_day
73.83349109580536,7.951128671184194e-05,10.105134725570679,9,14620,14549.168797949762,28,28
127.73517331035649,8.492342856583004e-05,9.903520822525024,8,14769,14561.314207257456,28,28
93.68735416935714,6.511608675723894e-05,7.849008321762085,9,14999,14799.955877977001,29,27
96.0205357696847,6.0721282209719335e-05,8.5309317111969,9,14856,14671.49496347274,29,28
69.20569900016719,7.955665850935297e-05,10.128231763839722,9,14658,14569.56030806904,29,28
89.68417778438865,6.93022865717885e-05,9.589953422546387,9,14922,14787.100655572378,29,28
