rmse_I,rmse_Inc,rmse_Beta,r2,r2_Inc,time_predict,fraq_people,actual_peak_I,predicted_peak_I,actual_peak_Inc,predicted_peak_inc,actual_peak_day,predicted_peak_day,actual_peak_day_Inc,predicted_peak_day_inc
2.160246899469287,0.3651483716701107,7.402704396285525e-06,0.16401273885350287,-0.15384615384615352,4.238004684448242,0,10,10.0,1.0,0.0,1,0,4,0
3.0550504633038935,0.0,0.0,-0.512,1.0,1.7330002784729004,0,10,10.0,0.0,0.0,1,0,1,0
2.6457513110645907,0.5374838498865699,7.829517602743516e-06,-0.6509433962264148,-0.2607758620689653,6.181999206542969,0,10,10.0,2.0,0.0,1,0,16,0
3.2113081446662823,0.25,1.4289388699951416e-06,-0.4806505888951207,-0.06666666666666665,2.5679984092712402,0,10,10.0,1.0,0.0,1,0,8,0
2.6457513110645907,0.0,0.0,0.23417721518987344,1.0,1.9679999351501465,0,10,10.0,0.0,0.0,1,0,1,0
4.69041575982343,0.7071067811865476,2.4868563433540115e-06,-1.6666666666666665,-0.3913043478260869,2.4510021209716797,0,10,10.0,2.0,0.0,1,0,6,0
3.6666666666666665,0.0,0.0,-1.3725490196078431,1.0,2.9849960803985596,0,10,10.0,0.0,0.0,1,0,1,0
4.0155946010522525,0.0,0.0,-0.6565008025682182,1.0,1.6429998874664307,0,10,10.0,0.0,0.0,1,0,1,0
1.834021909257456,0.0,0.0,0.516627078384798,1.0,1.904994010925293,0,10,10.0,0.0,0.0,1,0,1,0
2.118577846816882,0.5705974021574557,8.929445166977098e-06,-0.5465896384644053,-0.31441048034934505,5.9750001430511475,0,10,10.0,2.0,0.0,1,0,8,0
2.390457218668787,0.0,0.0,0.5652173913043479,1.0,1.583998680114746,0,10,10.0,0.0,0.0,1,0,1,0
3.3819373146171707,0.5590169943749475,3.91675586027411e-06,-0.8781270044900578,-0.25,4.591744422912598,0,10,10.0,2.0,0.0,1,0,8,0
4.955356249106169,0.7934920476158722,2.4055518663332007e-06,-1.5341166477916195,-0.35798816568047376,3.8870105743408203,0,10,10.0,2.0,0.0,1,0,7,0
4.211784708978203,0.29488391230979427,7.64471020180683e-07,-2.465288035450516,-0.0952380952380949,3.491999387741089,0,10,10.0,1.0,0.0,1,0,7,0
3.8999105535359906,0.9276125895432153,4.900418655475267e-06,-1.9238927011852778,-0.6469979296066259,5.827998638153076,0,10,10.0,2.0,0.0,1,0,14,0
2.0947696058260292,0.45711620391383745,4.512838976738514e-06,-0.5493157149598871,-0.2641509433962266,9.032999277114868,0,10,10.0,1.0,0.0,1,0,6,0
2.258317958127243,0.0,0.0,0.5299539170506913,1.0,2.0820064544677734,0,10,10.0,0.0,0.0,1,0,1,0
2.7774602993176543,0.2672612419124244,3.8185086927236987e-07,-0.005319148936170359,-0.07692307692307732,2.3739967346191406,0,10,10.0,1.0,0.0,1,0,2,0
3.1871452330953014,0.3244428422615251,1.7243948048273144e-06,-1.1344586728754367,-0.11764705882352944,2.905001401901245,0,10,10.0,1.0,0.0,1,0,11,0
3.452441866086912,0.7828813612588127,3.308634738270881e-06,-1.8735026654123543,-0.4023809523809523,8.38999629020691,0,10,10.0,3.0,0.0,1,0,24,0
2.6874192494328497,0.0,0.0,-0.0675182481751826,1.0,1.9240002632141113,0,10,10.0,0.0,0.0,1,0,1,0
3.0767948691238205,0.4472135954999579,2.556619086479726e-06,-0.531272465851905,-0.24999999999999978,4.192997694015503,0,10,10.0,1.0,0.0,1,0,8,0
3.8937501618081054,0.5388159060803247,2.9585202323904376e-06,-0.7983214021229326,-0.40909090909090895,4.544001817703247,0,10,10.0,1.0,0.0,1,0,7,0
4.012480529547776,0.4472135954999579,1.0630630336215027e-06,-0.8274687854710558,-0.24999999999999956,2.070000410079956,0,10,10.0,1.0,0.0,1,0,3,0
3.082207001484488,0.408248290463863,1.2763699001602659e-06,-0.705263157894737,-0.19999999999999996,2.743000030517578,0,10,10.0,1.0,0.0,1,0,6,0
1.855921454276674,0.5610836076867821,3.775184502326657e-06,-0.692048517520216,-0.22563417890520676,7.276000499725342,0,10,10.0,2.0,0.0,1,0,16,0
2.8372521918222215,0.0,0.0,-0.4563545906829489,1.0,3.429002046585083,0,10,10.0,0.0,0.0,1,0,1,0
3.721042037676254,0.7679476477883045,1.7726523269106026e-06,-1.3504464285714288,-0.475328947368421,5.621001958847046,0,10,10.0,2.0,0.0,1,0,10,0
3.3619979629723606,0.5222329678670935,3.0979721715973426e-06,-0.4154783808647655,-0.19758064516129048,4.789995908737183,0,10,10.0,2.0,0.0,1,0,14,0
2.4238399287081647,0.3535533905932738,7.368765956508415e-06,0.15883668903803128,-0.1428571428571428,1.6790032386779785,0,10,10.0,1.0,0.0,1,0,7,0
3.2168037066250283,0.8597269536210951,1.0447483051568787e-05,-0.9234012649332399,-0.26129032258064466,3.546999931335449,0,10,10.0,3.0,0.0,1,0,10,0
3.046645906903407,0.4803844614152614,9.434271276393213e-06,-0.5216641517568443,-0.3000000000000005,5.315000057220459,0,10,10.0,1.0,0.0,1,0,4,0
3.1119464208619965,0.22941573387056177,1.4345656195007615e-06,-0.16069057104913687,-0.05555555555555558,5.327996492385864,0,10,10.0,1.0,0.0,1,0,3,0
3.24037034920393,0.0,0.0,-0.10526315789473695,1.0,2.018998384475708,0,10,10.0,0.0,0.0,1,0,1,0
3.192252526113213,0.511766315719159,7.552816192361479e-06,-1.119811320754717,-0.3548387096774195,5.831001281738281,0,10,10.0,1.0,0.0,1,0,4,0
3.833054616400305,0.6201736729460423,2.1887716874203867e-06,-0.5616352201257859,-0.1607142857142858,2.0779950618743896,0,10,10.0,2.0,0.0,1,0,4,0
5.526161555588249,0.2773500981126146,7.926326715801622e-07,-1.476487523992322,-0.08333333333333304,2.1410024166107178,0,11,10.0,1.0,0.0,3,0,3,0
2.8015147417932407,0.4605661864718383,7.07446518761645e-06,-0.23547267996530818,-0.12135922330097082,4.55000901222229,0,10,10.0,2.0,0.0,1,0,22,0
3.5409690112258168,0.0,0.0,-0.2842424242424242,1.0,2.1239984035491943,0,10,10.0,0.0,0.0,1,0,1,0
3.6209268304000717,0.5270462766947299,2.1632225215850674e-06,-0.6388888888888888,-0.11111111111111138,2.9829986095428467,0,10,10.0,2.0,0.0,1,0,10,0
2.513123449750173,0.512989176042577,7.516318964485209e-06,-0.7743190661478605,-0.20253164556962044,5.423001050949097,0,10,10.0,2.0,0.0,1,0,16,0
4.02077936060494,0.28867513459481287,8.966820669721494e-07,-0.6869565217391305,-0.09090909090909127,2.282001495361328,0,10,10.0,1.0,0.0,1,0,6,0
1.8384776310850235,0.37416573867739417,6.123084217110832e-06,0.2665567225067269,-0.16279069767441867,6.567997217178345,0,10,10.0,1.0,0.0,1,0,13,0
3.2596012026013246,0.0,0.0,-0.3737373737373737,1.0,1.5140008926391602,0,10,10.0,0.0,0.0,1,0,1,0
2.5267796470241297,0.2773500981126146,9.43540984101211e-07,0.0314183123877918,-0.08333333333333304,2.250000476837158,0,10,10.0,1.0,0.0,1,0,5,0
4.327501903786147,0.7385489458759964,6.098567238535068e-06,-1.0414414414414415,-0.32000000000000006,1.9450018405914307,0,10,10.0,2.0,0.0,1,0,11,0
2.5235730725761796,0.3244428422615251,7.311069040694783e-07,-0.15065065065065042,-0.11764705882352944,2.9601216316223145,0,10,10.0,1.0,0.0,1,0,3,0
3.332456024900364,0.39735970711951313,1.3715499288889045e-06,-0.5026236881559218,-0.18750000000000022,2.924999237060547,0,10,10.0,1.0,0.0,1,0,8,0
3.617695302018346,0.7836039099693788,4.920632933824015e-06,-1.2683239091006078,-0.36084583901773537,7.796000003814697,0,10,10.0,3.0,0.0,1,0,24,0
2.8751811537130436,0.2581988897471611,1.2123550391230865e-06,-0.13138686131386823,-0.07142857142857117,2.191002368927002,0,10,10.0,1.0,0.0,1,0,8,0
2.3741027013091993,0.6324555320336759,4.557433567455877e-06,-0.8305776250805228,-0.3656884875846498,7.475994348526001,0,10,10.0,2.0,0.0,1,0,11,0
2.4548555536881764,0.5619514869490163,3.757545225155909e-06,-0.5750226244343888,-0.2808988764044942,5.331998109817505,0,10,10.0,2.0,0.0,1,0,29,0
2.2896340848319503,0.30151134457776363,1.303173114126801e-06,0.10235849056603774,-0.10000000000000009,4.456001281738281,0,10,10.0,1.0,0.0,1,0,10,0
3.2342965475205534,0.678729811709616,4.0841101119333925e-06,-1.3762259822196725,-0.42539062500000013,11.610999584197998,0,10,10.0,2.0,0.0,1,0,5,0
2.4192852614916225,0.45374260648651504,3.1366331342743e-06,-0.3782847830515377,-0.2592592592592591,4.847996234893799,0,10,10.0,1.0,0.0,1,0,4,0
2.9742484506432625,0.6201736729460423,2.17031997782506e-06,-1.224702380952381,-0.3265306122448981,3.78900408744812,0,10,10.0,2.0,0.0,1,0,13,0
2.0548046676563256,0.0,0.0,0.4738461538461538,1.0,1.6699984073638916,0,10,10.0,0.0,0.0,1,0,1,0
1.901416476047427,0.0,0.0,0.44555353901996353,1.0,2.061001777648926,0,10,10.0,0.0,0.0,1,0,1,0
4.681523968396046,0.408248290463863,2.0303307907888854e-06,-1.8927589367552708,-0.20000000000000018,2.1920008659362793,0,10,10.0,1.0,0.0,1,0,5,0
1.632993161855452,0.0,0.0,0.5327102803738315,1.0,2.261000633239746,0,10,10.0,0.0,0.0,1,0,1,0
3.011090610836324,0.0,0.0,0.0892857142857143,1.0,2.3669986724853516,0,10,10.0,0.0,0.0,1,0,1,0
1.8708286933869707,0.45226701686664544,9.728384229533646e-06,-0.15631399317406136,-0.25714285714285734,6.330002546310425,0,10,10.0,1.0,0.0,1,0,5,0
3.415650255319866,0.2581988897471611,8.967481097606386e-07,-0.6365336658354119,-0.07142857142857117,2.3629987239837646,0,10,10.0,1.0,0.0,1,0,6,0
4.27617987059879,0.6546536707079771,2.603308516281809e-06,-1.0089686098654704,-0.23529411764705843,2.598001480102539,0,10,10.0,2.0,0.0,1,0,7,0
4.427188724235731,0.31622776601683794,9.24861636869662e-07,-1.322274881516588,-0.11111111111111094,1.7989988327026367,0,10,10.0,1.0,0.0,1,0,4,0
4.1952353926806065,0.6324555320336759,4.421049036237262e-06,-1.0014556040756912,-0.3440860215053765,4.121999263763428,0,10,10.0,2.0,0.0,1,0,14,0
3.1571730924173083,0.6221710168382552,5.79959784543994e-06,-0.8628938156359403,-0.36764705882352944,4.268000841140747,0,10,10.0,2.0,0.0,1,0,9,0
3.038962671315174,0.42008402520840293,2.2645253190629084e-06,-0.6039663461538463,-0.2142857142857142,2.638002872467041,0,10,10.0,1.0,0.0,1,0,3,0
3.547299442298794,0.28867513459481287,1.312428153916996e-06,-0.8358662613981762,-0.09090909090909127,2.302001953125,0,10,10.0,1.0,0.0,1,0,8,0
1.96638416050035,0.31622776601683794,5.796195240833957e-06,0.23617208077260776,-0.11111111111111094,4.029999256134033,0,10,10.0,1.0,0.0,1,0,12,0
3.8078865529319543,0.31622776601683794,1.0660376341533335e-06,-0.9333333333333333,-0.11111111111111094,2.897998571395874,0,10,10.0,1.0,0.0,1,0,4,0
2.7625312572654126,0.22941573387056177,5.853382912829404e-07,-0.08379228953579854,-0.05555555555555558,2.9630019664764404,0,10,10.0,1.0,0.0,1,0,11,0
2.4238399287081647,0.4330127018922193,4.115494892374315e-06,-0.4935451837140019,-0.23076923076923084,4.368001222610474,0,10,10.0,1.0,0.0,1,0,4,0
1.9648066358497138,0.4034732923929645,5.214243433765091e-06,0.24079982982344195,-0.19444444444444442,5.7980005741119385,0,10,10.0,1.0,0.0,1,0,2,0
2.243269503317898,0.43994134506405985,3.32005273564192e-06,-0.05774278215223072,-0.23999999999999977,4.389002323150635,0,10,10.0,1.0,0.0,1,0,5,0
3.9115214431215892,0.5,2.6616038073012854e-06,-1.6109215017064842,-0.33333333333333326,3.0919978618621826,0,10,10.0,1.0,0.0,1,0,10,0
2.5062422069704278,0.5863019699779287,3.4176063218584163e-06,-0.7110933758978453,-0.5238095238095237,4.698999404907227,0,10,10.0,1.0,0.0,1,0,4,0
3.427827300200522,0.5303300858899106,2.620393027435651e-06,-0.5674830640958832,-0.3913043478260869,4.725001335144043,0,10,10.0,1.0,0.0,1,0,4,0
3.8119876704942266,0.7288689868556626,2.117043764593349e-06,-1.9670987038883352,-0.28605200945626486,4.740997791290283,0,10,10.0,2.0,0.0,1,0,15,0
2.669269563007828,0.5590169943749475,4.002890502288695e-06,-0.9514978601997146,-0.3067150635208711,6.417001008987427,0,10,10.0,2.0,0.0,1,0,46,0
2.891995221924885,0.4264014327112209,1.747257140084843e-06,-0.4709302325581397,-0.22222222222222232,2.0070040225982666,0,10,10.0,1.0,0.0,1,0,4,0
3.222516933177448,0.2773500981126146,3.081975954402268e-07,-0.3646967340590983,-0.08333333333333304,2.15199613571167,0,10,10.0,1.0,0.0,1,0,3,0
4.347413023856832,1.0567244989431572,3.282195973961817e-06,-3.1752577319587623,-0.7186831979478412,7.897001028060913,0,10,10.0,4.0,0.0,1,0,20,0
3.1694565063200577,0.7537783614444091,2.9290364203138408e-06,-1.8075646022809302,-0.4175257731958766,11.564997434616089,0,10,10.0,2.0,0.0,1,0,6,0
3.8318994294488045,0.9520897122350839,2.9342032049296445e-06,-1.5327101969396684,-0.388457269700333,18.12100315093994,0,10,10.0,4.0,0.0,1,0,27,0
3.720497985909668,0.22941573387056177,1.3114716393446621e-06,-0.7897564469914047,-0.05555555555555558,2.8610012531280518,0,10,10.0,1.0,0.0,1,0,10,0
2.6331223544175333,0.5163977794943222,6.317007643986127e-06,-0.0025706940874039574,-0.3636363636363633,2.557997941970825,0,10,10.0,1.0,0.0,1,0,5,0
4.142463035441596,0.6,4.0037718899186365e-06,-3.28314696485623,-0.27840909090909105,3.612006187438965,0,10,10.0,2.0,0.0,1,0,15,0
3.886549003665686,0.0,0.0,-1.0655303030303025,1.0,2.9720001220703125,0,10,10.0,0.0,0.0,1,0,1,0
2.9122983160180347,0.4303314829119352,1.087801839061199e-05,-0.17057932601287407,-0.22727272727272685,3.874001979827881,0,10,10.0,1.0,0.0,1,0,8,0
2.513961017995307,0.4,1.30568980812841e-05,-0.5041888804265042,-0.1904761904761907,3.51399827003479,0,10,10.0,1.0,0.0,1,0,12,0
4.0579140782755205,0.2581988897471611,8.440106359760626e-07,-0.38040238450074537,-0.07142857142857117,2.325000047683716,0,10,10.0,1.0,0.0,1,0,4,0
2.5890393971509975,0.6846531968814576,1.0328730895177743e-05,-1.2129443056339162,-0.4285714285714286,8.351999759674072,0,10,10.0,2.0,0.0,1,0,9,0
1.8126539343499315,0.0,0.0,0.7224137931034482,1.0,1.441004753112793,0,10,10.0,0.0,0.0,1,0,1,0
3.1797973380564852,0.0,0.0,0.10784313725490191,1.0,1.6390001773834229,0,10,10.0,0.0,0.0,1,0,1,0
3.541956316141483,0.0,0.0,-0.8028503562945368,1.0,1.8389935493469238,0,10,10.0,0.0,0.0,1,0,1,0
3.437758254761643,0.0,0.0,-0.5376344086021505,1.0,1.6780061721801758,0,10,10.0,0.0,0.0,1,0,1,0
2.845055293424279,0.4952605565436486,5.398245899385018e-06,-0.593566021867115,-0.3249999999999995,7.38299822807312,0,10,10.0,1.0,0.0,1,0,4,0
4.406434688800762,0.5,1.7053699488618444e-06,-0.7797581158497773,-0.33333333333333326,3.801997184753418,0,10,10.0,1.0,0.0,1,0,7,0
2.479919353527449,0.31622776601683794,1.7277993037967396e-06,0.18945634266886324,-0.11111111111111094,2.7900004386901855,0,10,10.0,1.0,0.0,1,0,11,0
2.675647755047534,0.45226701686664544,5.800863752255201e-06,-0.19699455911564034,-0.25714285714285734,5.803998231887817,0,10,10.0,1.0,0.0,1,0,5,0
2.562550812504343,0.5773502691896257,5.180947515399526e-06,-1.1251348435814452,-0.5000000000000002,4.168001890182495,0,10,10.0,1.0,0.0,1,0,8,0
3.5355339059327378,0.5477225575051661,1.892039610589252e-06,-1.399232245681382,-0.4285714285714288,1.81699800491333,0,10,10.0,1.0,0.0,1,0,4,0
2.798809270624444,0.0,0.0,0.1428571428571429,1.0,1.4470024108886719,0,10,10.0,0.0,0.0,1,0,1,0
2.4343224778007384,0.5443310539518174,4.3114120300080135e-06,-0.7007874015748035,-0.19999999999999996,4.00399923324585,0,10,10.0,2.0,0.0,1,0,8,0
4.419209404939518,0.42008402520840293,7.683715616914299e-07,-1.4037478705281088,-0.2142857142857142,2.6490046977996826,0,10,10.0,1.0,0.0,1,0,4,0
3.7383699437141815,0.8148217143826667,4.6585003539684546e-06,-3.0965397719439904,-0.603960396039604,15.468996524810791,0,10,10.0,2.0,0.0,1,0,9,0
2.6034165586355513,0.5773502691896257,3.055026898283819e-06,-0.5010252904989752,-0.30120481927710885,4.921999216079712,0,10,10.0,2.0,0.0,1,0,4,0
3.9451365710330695,0.9198662110077999,5.166992363961319e-06,-1.4752195734002505,-0.697889182058048,5.17699933052063,0,10,10.0,2.0,0.0,1,0,8,0
2.753785273643051,0.0,0.0,-0.4463576158940399,1.0,3.4980034828186035,0,10,10.0,0.0,0.0,1,0,1,0
5.084471639398911,0.8388704928078611,1.8254156008951042e-06,-4.539682539682539,-0.7812499999999998,4.165995121002197,0,10,10.0,2.0,0.0,1,0,13,0
3.7032803990902057,0.3779644730092272,4.973687941610616e-07,-0.28244274809160297,-0.16666666666666652,1.4890005588531494,0,10,10.0,1.0,0.0,1,0,5,0
6.658731837025678,1.2313119150962784,2.1811411823670463e-06,-2.2000525712998265,-0.4974306269270301,7.926000118255615,0,14,10.0,5.0,0.0,15,0,11,0
3.323629285571268,0.6819943394704735,2.825527108508222e-06,-1.1737973605789693,-0.29518072289156616,5.869999170303345,0,10,10.0,2.0,0.0,1,0,5,0
2.563127045849378,0.5277130021690084,1.5733759491838503e-05,-0.8708249680598659,-0.29895366218236163,10.50399899482727,0,10,10.0,2.0,0.0,1,0,48,0
4.012480529547776,0.5477225575051661,5.5702883982452155e-06,-3.820359281437125,-0.4285714285714288,2.906996965408325,0,10,10.0,1.0,0.0,1,0,4,0
4.029304421069108,0.24253562503633297,1.0549613964172813e-06,-1.341317365269461,-0.0625,3.038996934890747,0,10,10.0,1.0,0.0,1,0,3,0
2.0949675149960894,0.3333333333333333,3.563227044775436e-06,0.15608308605341248,-0.125,3.0889995098114014,0,10,10.0,1.0,0.0,1,0,9,0
3.5205027189223124,0.5504818825631803,1.1528554702576061e-05,-0.5288853647485274,-0.24060150375939848,4.9240031242370605,0,10,10.0,2.0,0.0,1,0,6,0
2.842724235848613,0.4931969619160719,1.3166387195784885e-05,-0.4326599326599325,-0.17253521126760574,4.948994874954224,0,10,10.0,2.0,0.0,1,0,26,0
3.141125063837266,0.7071067811865476,8.211994288313136e-06,-1.5635103926096998,-0.3677811550151977,4.5580010414123535,0,10,10.0,2.0,0.0,1,0,16,0
2.9154759474226504,0.5477225575051661,2.2020414240900953e-06,-0.2318840579710144,-0.15384615384615374,2.9669995307922363,0,10,10.0,2.0,0.0,1,0,4,0
2.7750413872327564,0.633805492015809,8.483694331733683e-06,-1.565889397332294,-0.3823529411764701,14.694998502731323,0,10,10.0,2.0,0.0,1,0,63,0
2.7838821814150108,0.4330127018922193,3.3954053881898563e-06,0.03125,-0.23076923076923084,2.497999906539917,0,10,10.0,1.0,0.0,1,0,3,0
2.5495097567963922,0.3692744729379982,1.0837117358237931e-06,0.02690999072069289,-0.15789473684210575,3.1549975872039795,0,10,10.0,1.0,0.0,1,0,2,0
2.19683566898431,0.41702882811414954,6.89476412832131e-06,-0.09102564102564137,-0.2105263157894739,3.494004011154175,0,10,10.0,1.0,0.0,1,0,5,0
3.855731664245668,0.3651483716701107,9.581664946859938e-07,-2.1087360594795537,-0.15384615384615374,2.2830026149749756,0,10,10.0,1.0,0.0,1,0,5,0
4.501461750891242,0.7254762501100116,2.9826520752846947e-06,-1.9808475957620213,-0.5079365079365079,3.3200008869171143,0,10,10.0,2.0,0.0,1,0,5,0
2.5552713681145263,0.24253562503633297,1.5854799542163193e-06,0.01821019771071808,-0.0625,6.8100059032440186,0,10,10.0,1.0,0.0,1,0,13,0
2.9916550603303182,0.6123724356957945,4.202008381111921e-06,-0.8163368848300354,-0.25260960334029203,5.533995628356934,0,10,10.0,2.0,0.0,1,0,4,0
1.9493588689617927,0.2581988897471611,1.467666899419486e-06,0.34281322059953845,-0.07142857142857117,4.312000036239624,0,10,10.0,1.0,0.0,1,0,6,0
2.3508117299081364,0.45883146774112354,2.5517241014269988e-06,0.23445894090560238,-0.2666666666666664,2.7089996337890625,0,10,10.0,1.0,0.0,1,0,6,0
3.4716900176927328,0.6786208925382962,3.438058119058676e-06,-1.9011501916986164,-0.5656268393172454,9.93900752067566,0,10,10.0,2.0,0.0,1,0,43,0
4.43471156521669,0.6666666666666666,3.3501674066855722e-06,-1.2063711911357338,-0.33333333333333326,3.154996156692505,0,10,10.0,2.0,0.0,1,0,11,0
4.813176359397884,0.408248290463863,5.925161886599292e-07,-1.5045045045045047,-0.20000000000000018,2.0200064182281494,0,10,10.0,1.0,0.0,1,0,6,0
2.5045413298101655,0.4264014327112209,2.100603480554515e-06,0.18996798292422645,-0.22222222222222254,3.524000644683838,0,10,10.0,1.0,0.0,1,0,7,0
2.6457513110645907,0.42008402520840293,1.58578409005155e-06,0.1605809128630704,-0.2142857142857142,2.879995107650757,0,10,10.0,1.0,0.0,1,0,8,0
4.621984973800674,1.0936537072458306,3.5106949376770405e-06,-1.4963552839958218,-0.49065644465740244,13.377002954483032,0,12,10.0,4.0,0.0,33,0,37,0
3.061387434359757,0.806946584785929,3.450611413352103e-06,-1.652939375382732,-0.3681818181818186,5.865003347396851,0,10,10.0,2.0,0.0,1,0,5,0
3.6239941133138354,0.0,0.0,-0.5279214064115823,1.0,2.587977170944214,0,10,10.0,0.0,0.0,1,0,1,0
2.4201534780139164,0.0,0.0,0.1776504297994268,1.0,2.5400075912475586,0,10,10.0,0.0,0.0,1,0,1,0
2.614064523559687,0.6123724356957945,6.650333099654671e-06,-0.7858439201451903,-0.2934131736526946,3.449000358581543,0,10,10.0,2.0,0.0,1,0,15,0
4.219004621945797,0.50709255283711,6.473772686797274e-06,-1.212357954545455,-0.34615384615384603,4.951002359390259,0,10,10.0,1.0,0.0,1,0,3,0
2.1134489978863145,0.0,0.0,0.3490932642487047,1.0,2.574995756149292,0,10,10.0,0.0,0.0,1,0,1,0
3.735288603626359,0.3086066999241838,6.110475563853925e-06,-0.5490936555891237,-0.10526315789473673,3.2989962100982666,0,10,10.0,1.0,0.0,1,0,4,0
2.3939025107069902,0.2773500981126146,5.188055414016618e-06,0.2076089179791366,-0.08333333333333304,3.7810006141662598,0,10,10.0,1.0,0.0,1,0,18,0
3.6193922141707713,0.4472135954999579,3.3012065100808353e-06,-1.1510673234811168,-0.24999999999999978,2.8830041885375977,0,10,10.0,1.0,0.0,1,0,6,0
3.430631249381194,0.3922322702763681,2.880749944180267e-06,-1.118210862619808,-0.18181818181818166,3.988992214202881,0,10,10.0,1.0,0.0,1,0,6,0
3.0378563870880115,0.5855400437691199,6.181069823207519e-06,-1.279693486590039,-0.4046822742474916,9.184999227523804,0,10,10.0,2.0,0.0,1,0,21,0
4.279581149460168,0.73282810879294,5.88665767766905e-06,-1.1962413126619236,-0.664187035069076,7.193005800247192,0,10,10.0,2.0,0.0,1,0,10,0
2.41522945769824,0.0,0.0,0.1428571428571429,1.0,2.202996015548706,0,10,10.0,0.0,0.0,1,0,1,0
3.513520682478886,0.6948083337796512,5.375025657808237e-06,-2.0589275191514433,-0.5496183206106864,4.458998441696167,0,10,10.0,2.0,0.0,1,0,15,0
2.215646837627989,0.0,0.0,0.3585313174946003,1.0,2.1749954223632812,0,10,10.0,0.0,0.0,1,0,1,0
2.207940216581962,0.5400617248673217,4.19482532157593e-06,-0.29103448275862065,-0.2727272727272727,6.354998588562012,0,10,10.0,2.0,0.0,1,0,4,0
2.1343747458109497,0.3651483716701107,5.629797544103681e-06,0.10989965264376655,-0.15384615384615352,6.291998386383057,0,10,10.0,1.0,0.0,1,0,13,0
2.16794833886788,0.4472135954999579,1.5853519027657897e-06,0.45412311265969796,-0.24999999999999956,1.7929980754852295,0,10,10.0,1.0,0.0,1,0,3,0
4.1163630117428225,0.816496580927726,4.093320442267251e-06,-1.942516414310599,-0.5026086956521743,9.570996284484863,0,10,10.0,3.0,0.0,1,0,19,0
8.007478898496027,1.6315550346175625,4.742818825842567e-06,-3.396501596520639,-1.1089108910891095,18.21799945831299,0,16,10.0,6.0,0.0,66,0,65,0
5.0990195135927845,0.5222329678670935,1.095137941675229e-06,-1.4539781591263652,-0.375,1.981996774673462,0,10,10.0,1.0,0.0,1,0,3,0
2.5,0.28867513459481287,1.1104427328199785e-06,0.22077922077922074,-0.09090909090909105,1.9879941940307617,0,10,10.0,1.0,0.0,1,0,9,0
2.838806708709095,0.24253562503633297,3.675283372525541e-07,-0.1132887189292544,-0.0625,2.7100002765655518,0,10,10.0,1.0,0.0,1,0,2,0
4.806245936279167,0.5477225575051661,1.0568487280071241e-06,-1.2624877571008817,-0.4285714285714288,1.863999843597412,0,10,10.0,1.0,0.0,1,0,3,0
4.652188425123938,0.9180725150319787,4.0916777672025e-06,-2.6357091432685387,-0.8106093818500659,9.052998542785645,0,10,10.0,3.0,0.0,1,0,29,0
4.037864265436242,0.29488391230979427,5.722292569236818e-07,-1.9099190283400809,-0.0952380952380949,3.3839988708496094,0,10,10.0,1.0,0.0,1,0,8,0
4.001785315866622,1.0212037714663724,3.574818046401142e-06,-3.1942380672403665,-0.6564019448946516,9.355002403259277,0,10,10.0,3.0,0.0,1,0,21,0
1.5215349135496974,0.6723502022908507,4.924018227347275e-06,-0.08562126011967641,-0.17626953125000022,9.328995704650879,0,10,10.0,3.0,0.0,1,0,9,0
4.171330722922842,0.4472135954999579,7.751559658059252e-07,-1.5739644970414197,-0.24999999999999956,1.945997714996338,0,10,10.0,1.0,0.0,1,0,3,0
2.632217967526897,0.5714285714285714,4.104195345817448e-06,-0.92023778605027,-0.402504472271914,12.213002443313599,0,10,10.0,2.0,0.0,1,0,69,0
3.872983346207417,0.7337993857053428,1.8270227329943651e-06,-3.3631669535284,-0.3787878787878789,3.871005058288574,0,10,10.0,2.0,0.0,1,0,14,0
7.176921117116412,1.5364425591947517,2.3764862151709762e-06,-4.710004170887208,-0.8737201365187715,8.26000189781189,0,14,10.0,5.0,0.0,11,0,11,0
2.8054180384339107,0.5443310539518174,2.844827261188109e-06,-0.9748730746063159,-0.29341317365269526,7.050006628036499,0,10,10.0,2.0,0.0,1,0,28,0
5.1238626302788655,0.9258200997725514,2.9096054248990444e-06,-2.7085201793721976,-0.737487231869254,8.133001804351807,0,10,10.0,2.0,0.0,1,0,6,0
3.62612194094166,0.867217455833587,3.7633474479709262e-06,-3.009810456154967,-0.76176,15.419999837875366,0,10,10.0,2.0,0.0,1,0,3,0
3.127299154222378,0.7483314773547883,2.621214496626862e-06,-1.7019560172394739,-0.3011152416356877,6.951000690460205,0,10,10.0,3.0,0.0,1,0,41,0
9.596874491208062,2.228601953392904,2.6980342537522198e-06,-6.8541621658498855,-1.6244099480989171,18.859994888305664,0,18,10.0,5.0,0.0,52,0,30,0
4.420233199556505,0.3922322702763681,2.4663207337389585e-06,-0.44951712028094826,-0.18181818181818166,2.2110037803649902,0,10,10.0,1.0,0.0,1,0,4,0
3.3799766898963113,0.6963106238227914,1.124099733311089e-05,-2.088629592850049,-0.3750000000000002,4.971996307373047,0,10,10.0,2.0,0.0,1,0,16,0
1.558387444947959,0.0,0.0,0.7571428571428571,1.0,1.4419982433319092,0,10,10.0,0.0,0.0,1,0,1,0
3.420526275297414,0.8535639569308374,8.329626027422014e-06,-2.1525982952983234,-0.4389359129383308,8.920993328094482,0,10,10.0,3.0,0.0,1,0,17,0
2.2177392423228603,0.45175395145262565,7.63716029055117e-06,-0.33284424379232536,-0.15023474178403773,6.386997938156128,0,10,10.0,2.0,0.0,1,0,38,0
3.473110997362451,0.3535533905932738,1.0818898159905616e-06,-0.5509794073329985,-0.1428571428571428,2.476999521255493,0,10,10.0,1.0,0.0,1,0,2,0
2.1908902300206643,0.31622776601683794,7.90747333192063e-07,0.6065573770491803,-0.11111111111111094,1.7100012302398682,0,10,10.0,1.0,0.0,1,0,9,0
4.330127018922194,0.45643546458763845,1.938503856133337e-06,-0.6196760647870423,-0.26315789473684226,3.499002456665039,0,10,10.0,1.0,0.0,1,0,2,0
2.394847410096739,0.6859943405700354,6.699144739941369e-06,-0.7722534081796308,-0.3600000000000001,4.87300705909729,0,10,10.0,2.0,0.0,1,0,19,0
2.2135943621178655,0.0,0.0,0.3422818791946308,1.0,1.8439967632293701,0,10,10.0,0.0,0.0,1,0,1,0
2.1100665753432883,0.4879500364742666,6.6151189181799214e-06,-0.04483171477983228,-0.31250000000000044,5.997998237609863,0,10,10.0,1.0,0.0,1,0,3,0
3.8255215833419873,1.0423715563744347,6.610664744215311e-06,-1.481469868940867,-0.4633295978084926,13.16299557685852,0,10,10.0,4.0,0.0,1,0,60,0
3.1229699288450714,0.7112540705972631,6.924262789681593e-06,-2.6480120107682734,-0.598862642169729,10.560999393463135,0,10,10.0,2.0,0.0,1,0,32,0
3.171564839225546,0.0,0.0,-0.18847097301717097,1.0,2.680996894836426,0,10,10.0,0.0,0.0,1,0,1,0
1.848422751068236,0.28867513459481287,4.309162941213191e-07,0.4218566392479436,-0.09090909090909127,2.0739948749542236,0,10,10.0,1.0,0.0,1,0,2,0
1.7320508075688772,0.4803844614152614,4.304730551074664e-06,0.2531914893617023,-0.16225165562913912,5.575999021530151,0,10,10.0,2.0,0.0,1,0,13,0
5.592653911854173,1.0,2.1021543988793828e-06,-5.787675820495647,-0.4464285714285712,2.726999282836914,0,10,10.0,3.0,0.0,1,0,6,0
3.2130249628293748,0.48507125007266594,1.8679950897881305e-06,-1.346902654867257,-0.3076923076923077,4.645997524261475,0,10,10.0,1.0,0.0,1,0,9,0
1.5118578920369088,0.0,0.0,0.6177474402730376,1.0,2.20699405670166,0,10,10.0,0.0,0.0,1,0,1,0
2.06007340622231,0.4938647983247948,3.6616375462146833e-06,-0.38524271844660185,-0.32258064516129026,5.374999523162842,0,10,10.0,1.0,0.0,1,0,6,0
3.4399612400917157,0.0,0.0,-0.3271028037383177,1.0,1.3470005989074707,0,10,10.0,0.0,0.0,1,0,1,0
4.06201920231798,1.0295630140987,4.686166087565892e-06,-0.9290825101715259,-0.4345864661654131,18.11900043487549,0,11,10.0,5.0,0.0,120,0,118,0
3.2132538026119257,0.724568837309472,3.407453335462448e-06,-0.7621333333333333,-0.5245009074410163,5.208997488021851,0,11,10.0,2.0,0.0,2,0,12,0
2.187627547301936,0.0,0.0,0.2942061700526709,1.0,2.3230011463165283,0,10,10.0,0.0,0.0,1,0,1,0
3.337119062359573,0.674199862463242,2.8526957317008555e-06,-1.3496076721883177,-0.41025641025641035,5.9190003871917725,0,10,10.0,2.0,0.0,1,0,14,0
9.883993794683064,2.2015146301277824,4.4016605902307836e-06,-1.3930471968436726,-0.9581964122178526,18.275991678237915,0,22,10.0,6.0,0.0,132,0,107,0
3.1744169664558997,0.3922322702763681,7.330579598385121e-07,-0.2009873060648799,-0.1818181818181821,2.05400013923645,0,10,10.0,1.0,0.0,1,0,5,0
4.267610572674128,0.9682458365518543,3.112688853399256e-06,-2.6729163384276036,-0.7652250661959401,9.890000104904175,0,10,10.0,3.0,0.0,1,0,52,0
4.208457093889768,0.816496580927726,1.8397753827040934e-06,-1.3282913528953517,-0.4210526315789471,5.953003168106079,0,10,10.0,2.0,0.0,1,0,12,0
6.432210610150552,1.7224014243685084,3.0744825121435315e-06,-6.522059536507321,-1.3889624566049892,18.19400119781494,0,12,10.0,4.0,0.0,68,0,44,0
2.6457513110645907,0.5,3.273979727355946e-06,0.3879781420765027,-0.33333333333333326,1.7049994468688965,0,10,10.0,1.0,0.0,1,0,4,0
2.1213203435596424,0.3779644730092272,1.187076177440035e-05,0.174929840972872,-0.16666666666666674,3.760000228881836,0,10,10.0,1.0,0.0,1,0,12,0
3.4556007394645922,0.24253562503633297,1.21316339053788e-06,-0.7135054617676271,-0.0625,2.4269943237304688,0,10,10.0,1.0,0.0,1,0,4,0
2.362907813126304,0.408248290463863,7.680622391983852e-06,-0.1166666666666667,-0.19999999999999996,6.003999471664429,0,10,10.0,1.0,0.0,1,0,5,0
2.1081851067789197,0.23570226039551584,6.548922241546938e-07,0.47521865889212833,-0.05882352941176472,3.10599946975708,0,10,10.0,1.0,0.0,1,0,3,0
3.2805342189809212,0.5345224838248488,6.877796567911707e-06,-0.40165386887182497,-0.40000000000000013,3.0719985961914062,0,10,10.0,1.0,0.0,1,0,6,0
3.3067243957590717,0.7574763968621587,6.708084755957634e-06,-2.424255175896313,-0.41390728476821215,8.022998809814453,0,10,10.0,2.0,0.0,1,0,18,0
2.860387767736777,0.0,0.0,-0.17577197149643697,1.0,1.868999719619751,0,10,10.0,0.0,0.0,1,0,1,0
3.0358680546691788,0.8122769321068952,8.095953241875252e-06,-1.2441385021479214,-0.5171065493646136,11.495999097824097,0,10,10.0,3.0,0.0,1,0,67,0
2.3682684924167514,0.5516772843673705,6.238227213591384e-06,0.20113085621970905,-0.43749999999999956,3.3309993743896484,0,10,10.0,1.0,0.0,1,0,2,0
4.175823272122517,0.6373774391990981,4.615858637345758e-06,-0.6731634182908546,-0.4101694915254237,4.607999324798584,0,10,10.0,2.0,0.0,1,0,5,0
2.850438562747845,0.5590169943749475,3.6468455520002325e-06,0.056261343012704135,-0.4545454545454546,2.783996343612671,0,10,10.0,1.0,0.0,1,0,5,0
2.138089935299395,0.0,0.0,0.5294117647058824,1.0,1.420994520187378,0,10,10.0,0.0,0.0,1,0,1,0
2.8129166358070408,0.5477225575051661,5.1341599725007294e-06,-0.44228304519951034,-0.26315789473684204,10.36800217628479,0,10,10.0,2.0,0.0,1,0,12,0
3.593976442141304,0.5,1.5504967879315498e-06,-0.8253189401373897,-0.33333333333333326,2.3259994983673096,0,10,10.0,1.0,0.0,1,0,6,0
4.301162633521313,0.0,0.0,-1.1997621878715816,1.0,1.7459945678710938,0,10,10.0,0.0,0.0,1,0,1,0
5.8539927202919175,1.3155870289605438,3.4117387362445107e-06,-3.7814241486068108,-1.0246106517977314,10.134999513626099,0,10,10.0,4.0,0.0,1,0,57,0
3.290785361077645,0.6246950475544243,1.9579091690291287e-06,-2.5554687499999997,-0.2812500000000002,5.741001844406128,0,10,10.0,2.0,0.0,1,0,14,0
4.790035954399971,1.1785113019775793,2.3152061121999997e-06,-1.6389776357827475,-0.6014234875444839,2.988999605178833,0,10,10.0,3.0,0.0,1,0,4,0
4.805234414446165,1.118033988749895,3.2845236677440613e-06,-5.523960703628511,-0.8755426917510853,18.421998739242554,0,10,10.0,4.0,0.0,1,0,78,0
6.849709374748575,1.630723538573985,3.687833576139864e-06,-1.9437746579728308,-0.8453015534572037,17.544002056121826,0,16,10.0,6.0,0.0,52,0,58,0
2.8908723349782948,0.5976143046671968,1.533625235874679e-06,-0.45599999999999996,-0.1475409836065571,2.446995496749878,0,10,10.0,2.0,0.0,1,0,9,0
4.934909658072104,1.2409673645990857,4.26806079941073e-06,-3.5807174325578286,-0.9812453542226538,19.313000917434692,0,12,10.0,3.0,0.0,93,0,65,0
2.555631037532609,0.3535533905932738,2.160514881649778e-06,0.01978601788069767,-0.1428571428571428,4.542994022369385,0,10,10.0,1.0,0.0,1,0,8,0
7.579357932349327,1.7907168024751057,2.792268931602733e-06,-8.533415449067347,-1.4623732978396644,20.027000904083252,0,14,10.0,5.0,0.0,39,0,136,0
2.9154759474226504,0.0,0.0,-0.22522522522522515,1.0,1.7989983558654785,0,10,10.0,0.0,0.0,1,0,1,0
2.377430106868229,0.39009474880274697,1.0720428829201057e-05,-0.6574279379157422,-0.17948717948717974,6.563004016876221,0,10,10.0,1.0,0.0,1,0,8,0
2.4961508830135313,0.2773500981126146,1.3874442126694075e-06,-0.14456521739130412,-0.08333333333333304,2.247997760772705,0,10,10.0,1.0,0.0,1,0,5,0
2.637521893583148,0.4963635881027162,7.415403583325061e-06,-0.5276752767527679,-0.32692307692307665,8.922004222869873,0,10,10.0,1.0,0.0,1,0,3,0
3.4145410978769766,0.5640760748177662,5.874966652738358e-06,-2.5925513289829696,-0.30508474576271216,6.268996715545654,0,10,10.0,2.0,0.0,1,0,30,0
2.8837110593268895,0.6212607441973955,1.0345987492369571e-05,-1.0427944956903072,-0.34838709677419333,7.3340020179748535,0,10,10.0,2.0,0.0,1,0,36,0
3.1780497164141406,0.5916079783099616,3.2743134670867633e-06,-0.8397085610200368,-0.21739130434782616,2.9959990978240967,0,10,10.0,2.0,0.0,1,0,9,0
3.9370039370059056,0.6546536707079771,1.7550677026801305e-06,-0.4570743405275781,-0.23529411764705843,2.633000373840332,0,10,10.0,2.0,0.0,1,0,5,0
3.265986323710904,0.5773502691896257,5.264141071675863e-06,-0.3824884792626724,-0.4999999999999998,2.3059980869293213,0,10,10.0,1.0,0.0,1,0,4,0
3.9491720139745237,0.9847319278346619,7.420408606542386e-06,-3.1768499289539838,-0.6097560975609755,13.001854181289673,0,10,10.0,3.0,0.0,1,0,5,0
3.54374653931171,0.7924058156930615,5.937784990456157e-06,-1.9876479670612448,-0.6124999999999996,5.631999731063843,0,10,10.0,2.0,0.0,1,0,22,0
2.553009428665931,0.6681531047810609,7.463735066673833e-06,-1.3103877020458912,-0.45985401459854014,7.827000379562378,0,10,10.0,2.0,0.0,1,0,13,0
3.6941925807311957,0.8911327886790068,4.065068598640967e-06,-2.227495908346971,-0.6481149012567329,4.701991558074951,0,10,10.0,2.0,0.0,1,0,10,0
3.1128210954717255,0.4913036844405175,3.884489013209323e-06,-0.9588942307692301,-0.31818181818181857,4.23900294303894,0,10,10.0,1.0,0.0,1,0,3,0
2.470515791461789,0.454858826147342,4.1600369517456125e-06,-0.20379924953095707,-0.2608695652173916,4.6790056228637695,0,10,10.0,1.0,0.0,1,0,11,0
10.64048871058092,2.5337718918639855,3.838120793782224e-06,-1.641593760013107,-0.8924655111425543,19.02400302886963,0,27,10.0,8.0,0.0,145,0,148,0
5.4741818262336395,1.4888474289418197,4.2189670017494325e-06,-3.4793223716990536,-1.479030754892824,7.75999903678894,0,11,10.0,3.0,0.0,43,0,11,0
4.4362146025637665,1.3089435944047907,4.266384555351521e-06,-3.217142857142857,-0.6815703380588878,18.561997175216675,0,10,10.0,5.0,0.0,1,0,50,0
3.59687364248454,0.6123724356957945,1.9488101993576386e-06,-0.6837824097610574,-0.6000000000000001,3.075000047683716,0,10,10.0,1.0,0.0,1,0,5,0
5.019569546422536,1.3684111295980617,3.4618484785300604e-06,-7.594754098360655,-1.4252458608241003,13.03700065612793,0,10,10.0,3.0,0.0,1,0,9,0
9.97028919674182,2.259793500890439,3.078460232245541e-06,-3.7273576551004055,-1.5418104592513937,18.562994480133057,0,20,10.0,5.0,0.0,133,0,53,0
8.026207074328447,1.747378989610821,3.3283639148537918e-06,-2.5827724372838703,-1.2115632243110994,18.97199773788452,0,21,10.0,6.0,0.0,31,0,31,0
2.2880765104443204,0.42008402520840293,7.039618961682288e-06,0.07063882063882054,-0.2142857142857142,2.7900009155273438,0,10,10.0,1.0,0.0,1,0,5,0
3.6465459406536067,0.43495883620084,8.355752480585604e-06,-1.146698113207547,-0.23333333333333361,5.449000835418701,0,10,10.0,1.0,0.0,1,0,9,0
2.979093821953246,0.0,0.0,-0.11154598825831696,1.0,1.589998483657837,0,10,10.0,0.0,0.0,1,0,1,0
5.028490259085155,0.2672612419124244,8.101280445966183e-07,-1.22841726618705,-0.07692307692307732,2.409998655319214,0,10,10.0,1.0,0.0,1,0,2,0
4.06201920231798,0.2672612419124244,1.310451011112865e-06,-1.1151079136690645,-0.0769230769230771,2.4760000705718994,0,10,10.0,1.0,0.0,1,0,10,0
2.3944379994757297,0.2581988897471611,7.173984878085109e-07,0.0746054519368724,-0.07142857142857117,2.31099796295166,0,10,10.0,1.0,0.0,1,0,9,0
3.704351795148811,0.3333333333333333,1.0200155005114562e-06,-0.3906787613387548,-0.125,2.7179975509643555,0,10,10.0,1.0,0.0,1,0,3,0
4.0178174601214955,0.7284313590846836,7.232478853679348e-06,-1.3851692307692307,-0.6126582278481016,6.758005857467651,0,10,10.0,2.0,0.0,1,0,25,0
3.013856886670854,0.408248290463863,3.700764981747826e-06,-0.5402328928431241,-0.19999999999999996,5.13199782371521,0,10,10.0,1.0,0.0,1,0,3,0
3.3677089266494136,0.9239364353597956,6.828770500899503e-06,-3.148172323759791,-0.771604938271605,5.469996929168701,0,10,10.0,3.0,0.0,1,0,16,0
2.9049262454024665,0.7492686492653552,6.895463242424497e-06,-0.5553097345132745,-0.46153846153846123,7.325003385543823,0,10,10.0,2.0,0.0,1,0,11,0
1.5275252316519468,0.3651483716701107,7.1741250523039505e-06,0.24892703862660925,-0.15384615384615374,7.766003370285034,0,10,10.0,1.0,0.0,1,0,15,0
3.238165265349236,0.7559289460184544,6.356158910330339e-06,-1.3542888563049855,-0.5765765765765762,4.7600016593933105,0,10,10.0,2.0,0.0,1,0,20,0
3.148191720831359,0.4472135954999579,5.405701343904764e-06,-1.0746330370064086,-0.24999999999999956,6.463000059127808,0,10,10.0,1.0,0.0,1,0,6,0
2.9424300733988744,0.6488856845230502,5.645916368925292e-06,-0.5387076923076926,-0.4757281553398065,5.538002014160156,0,10,10.0,2.0,0.0,1,0,13,0
8.098130040010936,1.5696394859782385,3.824392398375337e-06,-3.5569647965438724,-1.509627727856226,9.138000965118408,0,16,10.0,4.0,0.0,35,0,35,0
4.47213595499958,0.8451542547285166,2.641096951350883e-06,-1.6666666666666665,-0.6716417910447761,6.924999952316284,0,10,10.0,2.0,0.0,1,0,6,0
2.361979544454408,0.3627381250550058,3.1260117410935535e-06,-0.357142857142857,-0.15151515151515227,5.147998571395874,0,10,10.0,1.0,0.0,1,0,14,0
4.485017794321959,0.8086075400626399,2.809775654427227e-06,-5.046242774566474,-0.6190476190476191,7.500997066497803,0,10,10.0,2.0,0.0,1,0,15,0
3.3606722016672235,0.3429971702850177,1.313182315309554e-06,-0.4663072776280326,-0.1333333333333333,5.220993995666504,0,10,10.0,1.0,0.0,1,0,7,0
16.247256178608538,3.4823363804587673,3.8094170965732745e-06,-2.1902688046133587,-1.3355446180184032,18.729995489120483,0,39,10.0,11.0,0.0,141,0,138,0
5.450221833355674,1.3878867058217401,3.940494891976892e-06,-6.050133945656333,-1.0436239218761139,15.514998435974121,0,10,10.0,4.0,0.0,1,0,79,0
4.6169975814014315,0.7187952884282609,5.211024731520674e-06,-1.6049764078889304,-0.5060728744939276,7.7109949588775635,0,10,10.0,2.0,0.0,1,0,24,0
3.199702367110922,0.5773502691896257,1.4692778249121396e-06,-0.9681778552746294,-0.20491803278688492,3.2210052013397217,0,10,10.0,2.0,0.0,1,0,9,0
21.639162029370116,5.011320517920734,3.0584774169821413e-06,-2.327028136545931,-1.4838563622856484,19.380993843078613,0,54,10.0,16.0,0.0,143,0,140,0
3.473956831679989,0.8371706521699748,4.063200883973523e-06,-1.0653598039705963,-0.6006006006006002,15.205001831054688,0,12,10.0,3.0,0.0,3,0,3,0
4.803272693844122,1.164964745021435,4.868953735695006e-06,-3.3071224468197693,-0.6706210746685275,5.474002122879028,0,10,10.0,4.0,0.0,1,0,15,0
3.537104905301949,0.8692269873603532,5.161732401979565e-06,-1.8835647621215568,-0.46271510516252445,6.044997930526733,0,10,10.0,3.0,0.0,1,0,18,0
6.283258616591809,1.681203818991539,3.159488211792786e-06,-1.9207529055078316,-0.6903030798137404,15.43311882019043,0,15,10.0,6.0,0.0,33,0,25,0
3.4318767136623336,0.3333333333333333,3.3673094860475534e-07,-0.17777777777777803,-0.125,1.7519967555999756,0,10,10.0,1.0,0.0,1,0,4,0
4.141720192606709,0.2773500981126146,1.1098443301825314e-06,-0.9097496706192363,-0.08333333333333304,2.3869993686676025,0,10,10.0,1.0,0.0,1,0,3,0
4.34074938958216,0.45883146774112354,1.270650124345381e-06,-1.4069355980184008,-0.05555555555555558,2.975996732711792,0,10,10.0,2.0,0.0,1,0,5,0
2.4178820993079553,0.2773500981126146,1.4155570770816852e-06,0.13937282229965153,-0.08333333333333304,2.177999496459961,0,10,10.0,1.0,0.0,1,0,9,0
2.8665992577177275,0.4662524041201569,1.0533276317193748e-05,-0.07866004962779138,-0.2777777777777779,3.7199974060058594,0,10,10.0,1.0,0.0,1,0,7,0
2.1291625896895083,0.2581988897471611,6.4582013443512045e-06,0.21779141104294464,-0.07142857142857117,2.3950014114379883,0,10,10.0,1.0,0.0,1,0,8,0
3.7013511046643495,0.6123724356957945,5.241798707126472e-06,-2.6655518394648827,-0.6000000000000001,5.586000680923462,0,10,10.0,1.0,0.0,1,0,8,0
2.888741522913896,0.454858826147342,7.3345263101247635e-06,-0.2333919156414761,-0.2608695652173916,4.120997667312622,0,10,10.0,1.0,0.0,1,0,4,0
3.3362306249131963,0.29488391230979427,1.6020595203731392e-06,-0.6746302616609776,-0.0952380952380949,3.6270036697387695,0,10,10.0,1.0,0.0,1,0,5,0
3.927922024247863,0.7867957924694432,5.070604380457628e-06,-1.3856942496493692,-0.42187499999999956,3.2309939861297607,0,10,10.0,2.0,0.0,1,0,4,0
3.3115957885386114,0.48304589153964794,2.892943916037478e-06,-0.9471296113631873,-0.3043478260869572,4.422998905181885,0,10,10.0,1.0,0.0,1,0,4,0
2.6636888135137133,0.4364357804719847,4.752229226302781e-06,-0.09712482468443207,-0.23529411764705888,3.097003936767578,0,10,10.0,1.0,0.0,1,0,5,0
3.69120576505835,0.3535533905932738,6.548376407054393e-07,-1.3253333333333335,-0.1428571428571428,1.6290037631988525,0,10,10.0,1.0,0.0,1,0,3,0
3.1662280397975127,0.7826237921249264,5.930945817565944e-06,-0.8177697189483226,-0.5366522932183455,10.375998735427856,0,10,10.0,2.0,0.0,1,0,8,0
4.550371671956168,1.0516094108276022,4.929070388812286e-06,-2.310906515580737,-0.7271941201902297,11.137996196746826,0,10,10.0,3.0,0.0,1,0,22,0
12.09435129857461,2.567748689676101,3.8008661958336123e-06,-3.0130641170868753,-1.1732761020201874,19.049999713897705,0,27,10.0,10.0,0.0,71,0,71,0
4.3790947224552355,0.985184366143778,5.425317823886628e-06,-1.9510117145899892,-0.5540166204986152,8.98600459098816,0,10,10.0,4.0,0.0,1,0,24,0
3.0237157840738176,0.0,0.0,-0.36585365853658547,1.0,1.423997402191162,0,10,10.0,0.0,0.0,1,0,1,0
2.4979991993593593,0.4472135954999579,3.1668993480188104e-06,-0.1142857142857141,-0.24999999999999978,3.5679993629455566,0,10,10.0,1.0,0.0,1,0,7,0
15.017323330074504,3.295451410656816,4.356908838930205e-06,-4.022389034717851,-1.8170069517298626,18.057003021240234,0,29,10.0,12.0,0.0,128,0,128,0
3.0216609311120095,0.8340576562282991,3.919375054023729e-06,-2.3477733495061512,-0.642857142857143,11.981004238128662,0,10,10.0,2.0,0.0,1,0,5,0
3.7106914139053346,1.0500305245868344,3.3162385838137844e-06,-1.4233973617218236,-0.4608013937282234,5.311999797821045,0,10,10.0,4.0,0.0,1,0,22,0
2.560381915956203,0.4714045207910317,1.7145738755776401e-06,-0.09484536082474215,-0.2857142857142856,2.9139997959136963,0,10,10.0,1.0,0.0,1,0,7,0
6.776921621700127,1.4787382008545888,3.925139291188051e-06,-2.5483361433413116,-1.0847457627118646,18.850000619888306,0,19,10.0,6.0,0.0,145,0,139,0
4.226897995772629,1.1105554165971787,3.4785268786769603e-06,-3.015984015984017,-0.4819759679572768,4.415000677108765,0,10,10.0,3.0,0.0,1,0,16,0
3.6405127843936125,0.9797958971132712,4.208366403098353e-06,-2.227272727272727,-0.800600200066689,19.401995420455933,0,10,10.0,4.0,0.0,1,0,71,0
2.4784787961282104,0.3779644730092272,6.492771407357728e-06,-0.03793103448275881,-0.1666666666666663,2.206002712249756,0,10,10.0,1.0,0.0,1,0,6,0
3.3811880208637364,0.677834389404565,9.624944814309038e-06,-0.8152400835073066,-0.556930693069307,5.398004055023193,0,10,10.0,2.0,0.0,1,0,15,0
3.5362480830748435,0.8287754140107481,1.2495205133247595e-05,-3.731758165392634,-0.5203252032520327,12.407995223999023,0,10,10.0,3.0,0.0,1,0,66,0
3.790570016848598,0.45883146774112354,2.1000887055994884e-06,-1.1849199663016003,-0.2666666666666664,3.1559998989105225,0,10,10.0,1.0,0.0,1,0,3,0
2.642043178462976,0.5239368319955838,5.770060013064225e-06,-0.791239147592739,-0.3783783783783783,6.5669238567352295,0,10,10.0,1.0,0.0,1,0,3,0
3.217598666159375,0.45374260648651504,2.4677774464231942e-06,-1.6314863676341247,-0.2592592592592591,4.399996042251587,0,10,10.0,1.0,0.0,1,0,3,0
3.057678464188386,0.8287019898321756,1.103146506999318e-05,-1.816512156725555,-0.7483370288248339,14.851000785827637,0,10,10.0,2.0,0.0,1,0,19,0
3.5,0.408248290463863,1.1322591617925235e-06,-0.33333333333333326,-0.20000000000000018,2.010997772216797,0,10,10.0,1.0,0.0,1,0,2,0
3.960744879438715,0.9354143466934853,4.733246446870106e-06,-2.9951365093401137,-0.5044776119402983,6.799989461898804,0,10,10.0,3.0,0.0,1,0,20,0
6.938505396903366,1.4356965173029843,3.8076893041956334e-06,-2.3016566695229934,-0.8062043795620437,6.7139952182769775,0,13,10.0,5.0,0.0,13,0,12,0
10.220567498920987,2.0752509888364505,3.9802178318591316e-06,-4.747406105037158,-1.6632585751978897,19.430999994277954,0,24,10.0,5.0,0.0,124,0,63,0
3.598245186344676,0.39735970711951313,1.8831392656590052e-06,-0.6061855670103089,-0.18750000000000022,3.217005491256714,0,10,10.0,1.0,0.0,1,0,7,0
3.5377779771875195,0.8953140798553889,6.0283844166660355e-06,-1.121864488226814,-0.5449799684351089,15.835997581481934,0,11,10.0,2.0,0.0,2,0,2,0
4.32260702665062,1.110349815296408,6.029013629200748e-06,-1.8181020575665805,-0.5400843881856539,18.603001832962036,0,11,10.0,4.0,0.0,67,0,35,0
2.3579652245103193,0.4242640687119285,3.763253098281161e-06,-0.45458350774382583,-0.2195121951219512,6.87199854850769,0,10,10.0,1.0,0.0,1,0,5,0
3.7651654131306493,0.9074852129730301,2.725742261418146e-06,-1.955514588008977,-0.46111869031377917,6.834000587463379,0,10,10.0,3.0,0.0,1,0,25,0
11.082418508610834,2.4886408606573456,4.5891673110015735e-06,-0.8259769830891714,-0.5248005777500575,19.34800124168396,0,33,10.0,10.0,0.0,143,0,145,0
4.301162633521313,1.1135528725660044,4.5806500746761466e-06,-2.6220534106038063,-0.7184035476718402,19.789998292922974,0,11,10.0,4.0,0.0,42,0,132,0
45.318355368805406,10.423051376636307,3.2863312978243927e-06,-1.678411048655327,-1.4336917562724016,19.085001230239868,0,92,10.0,26.0,0.0,148,0,120,0
41.639484466869504,8.703256095661363,2.745430500496238e-06,-1.3084952623286705,-1.0485753848816746,19.568003177642822,0,105,10.0,27.0,0.0,150,0,142,0
69.26220710700268,15.02131818450032,2.9724684637619777e-06,-1.1501462139743905,-1.1563455657492354,18.533995151519775,0,162,10.0,42.0,0.0,146,0,146,0
1.889822365046136,0.3086066999241838,9.399505272274027e-06,0.22794117647058842,-0.1052631578947365,5.882996320724487,0,10,10.0,1.0,0.0,1,0,6,0
2.977558338393487,0.6533217188282378,1.0956119222813027e-05,-1.82196449704142,-0.34049509574964976,11.26900053024292,0,10,10.0,2.0,0.0,1,0,66,0
3.680709041423819,0.3779644730092272,6.2449123936550196e-06,-1.4264392324093818,-0.1666666666666663,5.9289960861206055,0,10,10.0,1.0,0.0,1,0,7,0
4.636809247747852,0.408248290463863,1.4885595611761434e-06,-1.668965517241379,-0.20000000000000018,2.1359987258911133,0,10,10.0,1.0,0.0,1,0,3,0
3.1534813214040835,0.4714045207910317,3.645108885793677e-06,-0.48822170900692874,-0.2857142857142856,2.76700496673584,0,10,10.0,1.0,0.0,1,0,2,0
2.0659846763533434,0.4938647983247948,1.506881836881621e-05,0.25151262257458773,-0.3225806451612905,5.675999402999878,0,10,10.0,1.0,0.0,1,0,2,0
2.807955730529843,0.0,0.0,-0.34290753338372415,1.0,3.5600011348724365,0,10,10.0,0.0,0.0,1,0,1,0
3.3015148038438356,0.0,0.0,-0.2601156069364161,1.0,2.1699955463409424,0,10,10.0,0.0,0.0,1,0,1,0
1.9921721813136535,0.5590169943749475,1.0283707134741592e-05,-0.5703245749613601,-0.33891213389121333,8.877005100250244,0,10,10.0,2.0,0.0,1,0,21,0
4.27605137768659,1.1128618685450313,7.955172782137758e-06,-3.106936377772757,-0.6088861557383352,16.337996244430542,0,10,10.0,4.0,0.0,1,0,59,0
3.851406669430448,0.28867513459481287,5.3467269469877e-07,-0.797979797979798,-0.09090909090909127,2.0109996795654297,0,10,10.0,1.0,0.0,1,0,3,0
4.452878282639219,0.9882117688026185,4.991107142921517e-06,-4.3519604612850085,-0.8977582730399716,16.87299919128418,0,10,10.0,3.0,0.0,1,0,25,0
4.624572052273233,1.104536101718726,5.859550614549427e-06,-4.010621017118582,-0.8697636400790143,18.48299503326416,0,10,10.0,3.0,0.0,1,0,26,0
7.3706625663278516,1.8073922282301278,5.524408940679168e-06,-2.1236184756915613,-0.8540006053879527,19.813000202178955,0,15,10.0,6.0,0.0,116,0,132,0
2.0442473843498132,0.5893796917545019,6.129919992729547e-06,-0.5679304897314379,-0.366608544027899,11.802000999450684,0,10,10.0,2.0,0.0,1,0,62,0
2.0,0.6666666666666666,6.348966602867254e-06,0.16224951519069164,-0.33333333333333326,5.074998617172241,0,10,10.0,2.0,0.0,1,0,7,0
3.8890872965260113,0.6614378277661477,1.4023485570802006e-06,-0.6160267111853088,-0.28735632183908044,2.692042112350464,0,10,10.0,2.0,0.0,1,0,7,0
9.38083151964686,2.2978250586152114,3.7342763824198006e-06,-4.734144222415291,-1.3686099369965707,18.624001502990723,0,20,10.0,7.0,0.0,68,0,68,0
6.4913093266454,1.5988907445173437,3.395066302492422e-06,-4.9321180380703,-1.220916435956834,15.703992128372192,0,12,10.0,5.0,0.0,37,0,37,0
11.998611030726293,3.0854497241083023,3.991671683491709e-06,-2.710306846986568,-1.33587786259542,19.73800015449524,0,23,10.0,9.0,0.0,127,0,114,0
3.0,0.0,0.0,-0.19999999999999996,1.0,1.7739970684051514,0,10,10.0,0.0,0.0,1,0,1,0
19.96062791263508,4.569463863518345,3.0516037899146844e-06,-3.517318251082391,-1.8456170955080684,19.639999389648438,0,40,10.0,12.0,0.0,133,0,124,0
3.006054496572482,0.5720775535473553,3.02637406232614e-06,-0.5259015295299769,-0.3487738419618531,7.27899694442749,0,10,10.0,2.0,0.0,1,0,11,0
3.8078865529319543,0.0,0.0,-2.0074074074074075,1.0,2.192000389099121,0,10,10.0,0.0,0.0,1,0,1,0
41.95219501607355,9.46643192197215,3.6635792604129875e-06,-1.485969858266,-1.2270108594806182,18.684998512268066,0,96,10.0,30.0,0.0,150,0,145,0
2.4748737341529163,0.4330127018922193,2.9406057861103738e-06,-0.13953488372093026,-0.23076923076923084,2.5139970779418945,0,10,10.0,1.0,0.0,1,0,7,0
5.541359640617695,1.4189197769195174,3.7944982344725855e-06,-1.4288466406052254,-0.5666067229215657,18.759993076324463,0,14,10.0,6.0,0.0,132,0,130,0
31.271179489534237,7.027564774989034,2.7946253826125605e-06,-2.1450398024791872,-1.5323609845031907,18.63299798965454,0,90,10.0,22.0,0.0,150,0,149,0
3.7327380477785117,0.0,0.0,-0.680064308681672,1.0,2.3400042057037354,0,10,10.0,0.0,0.0,1,0,1,0
2.2188007849009166,0.4236592728681617,1.2077150494106656e-05,-0.09154518950437351,-0.21875000000000022,5.310991287231445,0,10,10.0,1.0,0.0,1,0,11,0
4.278748918514886,0.4803844614152614,2.7267370498842187e-06,-2.0392927308447937,-0.2999999999999998,2.2410056591033936,0,10,10.0,1.0,0.0,1,0,2,0
2.0575657079023664,0.6393427281885603,1.4952746653699255e-05,-1.0679783468665418,-0.4292101341281669,16.93099570274353,0,10,10.0,2.0,0.0,1,0,25,0
3.849860850917676,0.5345224838248488,1.458812120976981e-05,-1.0738889880421203,-0.3999999999999999,4.2089948654174805,0,10,10.0,1.0,0.0,1,0,6,0
3.5023801430836525,0.5163977794943222,4.647300107822635e-06,-1.0234604105571852,-0.3636363636363633,2.656996011734009,0,10,10.0,1.0,0.0,1,0,4,0
3.255764119219941,0.4898979485566356,1.8999637642679416e-06,-0.45157756354075396,-0.11940298507462699,3.699000358581543,0,10,10.0,2.0,0.0,1,0,4,0
2.3804761428476167,0.5773502691896257,9.90642440115924e-06,-0.8688673531193216,-0.4999999999999998,4.748998165130615,0,10,10.0,1.0,0.0,1,0,4,0
2.23606797749979,0.5590169943749475,8.040704789464983e-06,-0.8941916389197189,-0.25,8.311996936798096,0,10,10.0,2.0,0.0,1,0,48,0
3.415650255319866,0.0,0.0,-0.10526315789473695,1.0,1.4030072689056396,0,10,10.0,0.0,0.0,1,0,1,0
3.763863263545405,0.28867513459481287,7.042402834642065e-07,-0.5644171779141101,-0.09090909090909127,1.9319961071014404,0,10,10.0,1.0,0.0,1,0,2,0
4.051436956703315,1.0917505172516255,6.276310271041649e-06,-2.814553990610329,-0.7225007372456498,12.639001369476318,0,10,10.0,3.0,0.0,1,0,26,0
10.530273817269267,2.350886357667394,5.166103336885941e-06,-3.417803307309973,-1.2114922904551038,18.75100064277649,0,20,10.0,8.0,0.0,88,0,86,0
2.715695122800054,0.5527707983925667,6.103135004008344e-06,-0.969199072881793,-0.3378378378378377,9.357002973556519,0,10,10.0,2.0,0.0,1,0,5,0
5.4264782932088345,1.3316656236958786,5.313407447201609e-06,-3.1904635409748963,-0.9655172413793107,18.867002248764038,0,11,10.0,4.0,0.0,110,0,99,0
5.224377249688121,0.8224783208299743,2.7365048573691112e-06,-1.5009511731135072,-0.4039497307001798,4.867997169494629,0,11,10.0,3.0,0.0,8,0,4,0
31.04781259069094,7.171238851597865,6.162980118410506e-06,-1.4279305625907774,-1.2516228964615412,18.38099431991577,0,68,10.0,20.0,0.0,145,0,145,0
3.142451272494134,0.8048150549829897,5.482131685594046e-06,-1.8706783287660946,-0.6770310932798393,11.739002704620361,0,10,10.0,2.0,0.0,1,0,7,0
7.53249371313787,1.5738243475442477,3.0209991646243415e-06,-3.2764378478664193,-0.7511713520749663,8.427002668380737,0,14,10.0,5.0,0.0,16,0,13,0
2.23606797749979,0.0,0.0,0.51171875,1.0,1.25099515914917,0,10,10.0,0.0,0.0,1,0,1,0
3.8384024454626084,0.9486832980505138,4.538226506523861e-06,-2.507936507936508,-0.8040089086859685,4.269991636276245,0,10,10.0,2.0,0.0,1,0,7,0
2.501162520406935,0.7152816976385906,4.885239083876038e-06,-0.35731049049518937,-0.3710144927536232,5.672006368637085,0,10,10.0,2.0,0.0,1,0,9,0
2.5311394008759507,0.6271629240742259,4.5300241070626204e-06,-1.184719843591337,-0.37230578384245594,19.11100196838379,0,10,10.0,2.0,0.0,1,0,41,0
2.369071548096427,0.6614378277661477,6.231598096842191e-06,-0.8142330420728319,-0.28735632183908044,10.98599886894226,0,10,10.0,3.0,0.0,1,0,70,0
4.8373546489791295,1.1489125293076057,3.4035777237823574e-06,-4.388725128960943,-0.77801724137931,6.740998029708862,0,10,10.0,4.0,0.0,1,0,16,0
2.438123139721299,0.5400617248673217,3.4352660055202576e-06,-0.744960362400906,-0.41176470588235303,9.317007541656494,0,10,10.0,1.0,0.0,1,0,3,0
44.521680112053275,9.996999549864949,3.333302308314331e-06,-1.1833287160985102,-1.057272249033645,18.984997034072876,0,126,10.0,33.0,0.0,149,0,149,0
6.924834534725962,1.7262676501632068,3.945421253909619e-06,-1.904299046301356,-0.8770471151423529,19.15799903869629,0,17,10.0,7.0,0.0,144,0,144,0
3.020761493398643,0.3535533905932738,3.972911761787976e-07,0.2690863579474343,-0.1428571428571428,1.61799955368042,0,10,10.0,1.0,0.0,1,0,5,0
3.0382181012509997,0.7337993857053428,1.9070841529158097e-06,-0.44712430426716154,-0.3787878787878787,4.022001266479492,0,10,10.0,2.0,0.0,1,0,9,0
62.350568027351066,14.398611044125055,4.000866990687804e-06,-0.9819727654165313,-0.951238080577721,19.123000860214233,0,176,10.0,45.0,0.0,150,0,145,0
123.88717985866549,27.649472568809216,2.7682478818638533e-06,-1.0353667260729043,-1.01560494044737,18.912996768951416,0,294,10.0,77.0,0.0,143,0,148,0
113.03256168025213,25.322190531889877,2.852172534432447e-06,-0.61579471781204,-0.601660176675197,19.02799892425537,0,353,10.0,90.0,0.0,150,0,150,0
5.0124844139408555,0.5,3.858530268134401e-06,-2.356993736951983,-0.33333333333333326,2.748000144958496,0,10,10.0,1.0,0.0,1,0,3,0
3.1119464208619965,0.3244428422615251,3.054685236923118e-06,-0.5804701627486437,-0.11764705882352944,2.757998466491699,0,10,10.0,1.0,0.0,1,0,9,0
2.486326242032244,0.0,0.0,-0.24459234608985025,1.0,3.0200071334838867,0,10,10.0,0.0,0.0,1,0,1,0
2.2652988649112995,0.512989176042577,8.264149393304159e-06,-0.0972900932918701,-0.35714285714285676,5.198997735977173,0,10,10.0,1.0,0.0,1,0,3,0
5.365786677335083,0.9574271077563381,3.4889221668770386e-06,-6.226143790849673,-0.375,3.380002975463867,0,10,10.0,3.0,0.0,1,0,11,0
2.851899951494325,0.0,0.0,-0.0021905805038338055,1.0,2.523998975753784,0,10,10.0,0.0,0.0,1,0,1,0
4.147288270665544,1.0862780491200215,6.020841092030914e-06,-1.9202257704264887,-0.5149786019971472,18.90900444984436,0,10,10.0,4.0,0.0,1,0,122,0
3.4522988495984492,0.8571428571428572,5.190927133506484e-06,-1.7494235203689468,-0.37812500000000027,6.772999286651611,0,10,10.0,3.0,0.0,1,0,12,0
5.380004130522991,1.1466537466972386,3.694022285010611e-06,-2.7304751381215455,-0.9314861460957182,7.129999876022339,0,11,10.0,4.0,0.0,26,0,21,0
5.68122484940296,1.3178930553209385,3.6890142741920775e-06,-5.311249534513694,-1.069306930693069,9.663998365402222,0,11,10.0,3.0,0.0,25,0,19,0
2.2949219304078006,0.2581988897471611,4.746931390683346e-07,0.3402004454342986,-0.07142857142857117,2.2470054626464844,0,10,10.0,1.0,0.0,1,0,14,0
3.3862466931200785,0.816496580927726,6.042839918529474e-06,-2.1272727272727274,-0.6823687752355312,24.332993507385254,0,10,10.0,3.0,0.0,1,0,148,0
2.6034165586355513,0.0,0.0,0.16310975609756095,1.0,1.6790046691894531,0,10,10.0,0.0,0.0,1,0,1,0
26.60601435765981,6.113373318662401,3.5131259282723388e-06,-4.340616759704603,-2.522477840518758,19.5309956073761,0,50,10.0,16.0,0.0,136,0,123,0
29.161504305048005,6.198924637924442,3.6887636596587614e-06,-1.213592145399923,-0.9672533993483445,19.080986499786377,0,79,10.0,21.0,0.0,144,0,143,0
9.025150044920768,2.0445048300260873,4.800182468855094e-06,-1.7970074904309294,-1.0406170669791055,19.22199821472168,0,23,10.0,6.0,0.0,147,0,122,0
31.11269837220809,6.950299753727652,3.6579224787713346e-06,-1.0749267678509442,-0.8559309878491075,19.062002420425415,0,92,10.0,22.0,0.0,150,0,146,0
14.215015535224246,3.3176296759383295,3.2426414515138303e-06,-5.1916110581506185,-1.7504137004253617,19.056999444961548,0,38,10.0,11.0,0.0,150,0,150,0
38.991281076671484,8.43761419675807,3.1743489113067372e-06,-2.005007291318938,-1.584592001213355,19.479995727539062,0,92,10.0,26.0,0.0,150,0,123,0
30.013774615443936,6.984745282876583,3.154835670733854e-06,-3.0120079556863217,-2.3231009554255815,18.95000410079956,0,61,10.0,17.0,0.0,146,0,144,0
2.9832867780352594,0.31622776601683794,3.5938648954647407e-07,-0.3069016152716595,-0.11111111111111094,1.9689993858337402,0,10,10.0,1.0,0.0,1,0,5,0
5.611298126696412,1.39522996909709,3.6392678295678294e-06,-2.2643704642322313,-0.6947840891502868,19.609997987747192,0,16,10.0,7.0,0.0,57,0,57,0
15.883324589014732,3.7487775785358797,2.9483096902031147e-06,-2.3262896602160215,-1.3470205753985924,19.18799901008606,0,47,10.0,13.0,0.0,150,0,148,0
55.239297605961646,12.54033492375702,2.885587854508609e-06,-1.7284914170972754,-1.4997156483817395,19.16300082206726,0,136,10.0,34.0,0.0,150,0,150,0
97.36751682842349,22.38302928559939,3.1041491214917503e-06,-0.7679280534408035,-0.715159253811009,18.50900387763977,0,312,10.0,84.0,0.0,150,0,150,0
33.576182034293296,7.503776826816391,2.519779285041702e-06,-2.9431147833537805,-1.911369715688167,19.07800269126892,0,67,10.0,18.0,0.0,138,0,132,0
254.94578508642448,57.59901619530204,3.140137994427374e-06,-0.6346666220543791,-0.6110639163556943,19.115999221801758,0,744,10.0,167.0,0.0,150,0,148,0
3.4009802508492557,0.4472135954999579,1.16391139518635e-05,-0.3826537388763447,-0.24999999999999956,4.267001152038574,0,10,10.0,1.0,0.0,1,0,8,0
2.350048355401921,0.6123724356957945,1.5867324559473128e-05,-0.9109919571045575,-0.4076587493940864,12.152038335800171,0,10,10.0,2.0,0.0,1,0,51,0
3.9657625656704067,0.5222329678670935,4.849924216009165e-06,-2.760869565217391,-0.375,1.990004062652588,0,10,10.0,1.0,0.0,1,0,3,0
5.021951811795888,1.1832159566199232,1.1173180202030685e-05,-4.075535996994659,-0.9536095261721662,18.873995780944824,0,11,10.0,4.0,0.0,116,0,109,0
2.7148426050823593,0.6666666666666666,7.195821057323732e-06,-1.2613636363636362,-0.4464285714285716,3.974997043609619,0,10,10.0,2.0,0.0,1,0,13,0
4.330127018922194,0.6454972243679028,4.348835791705884e-06,-1.8511087645195357,-0.7142857142857144,2.1119940280914307,0,10,10.0,1.0,0.0,1,0,4,0
4.019688388027374,0.6488856845230502,3.922054264997819e-06,-1.8315533980582521,-0.3103448275862071,2.957001209259033,0,10,10.0,2.0,0.0,1,0,8,0
2.9895651857753496,0.6614378277661477,7.788114997799307e-06,-1.9791666666666665,-0.7777777777777777,4.709003210067749,0,10,10.0,1.0,0.0,1,0,4,0
2.7950849718747373,0.0,0.0,-0.48920327624720783,1.0,2.5379998683929443,0,10,10.0,0.0,0.0,1,0,1,0
2.3570226039551585,0.0,0.0,0.4063324538258575,1.0,1.7470002174377441,0,10,10.0,0.0,0.0,1,0,1,0
2.3954321610296625,0.511766315719159,6.683668801103028e-06,0.057980456026058724,-0.21259842519685024,5.906998157501221,0,11,10.0,2.0,0.0,2,0,2,0
3.526683994916471,0.4330127018922193,2.1379665056429264e-06,-0.3589415279556125,-0.23076923076923084,2.5089972019195557,0,10,10.0,1.0,0.0,1,0,5,0
3.370036032024414,0.4629100498862757,2.3798679960299937e-06,-0.1491997934950955,-0.27272727272727293,2.3319993019104004,0,10,10.0,1.0,0.0,1,0,6,0
3.0983866769659336,0.0,0.0,-0.14832535885167464,1.0,1.8280045986175537,0,10,10.0,0.0,0.0,1,0,1,0
2.3741027013091993,0.4767312946227962,5.143649009807812e-06,-0.09470304975922983,-0.2941176470588236,3.242000102996826,0,10,10.0,1.0,0.0,1,0,3,0
11.852988371433312,2.9754551472561865,4.71351985499766e-06,-5.860026041666667,-1.9227067316157052,19.108999729156494,0,24,10.0,10.0,0.0,74,0,72,0
7.046512139586033,1.7530925056406275,4.495493375069996e-06,-7.302369132903301,-1.5493087557603689,18.899996280670166,0,12,10.0,5.0,0.0,16,0,119,0
2.540579747724022,0.5640760748177662,4.094500290755356e-06,-0.3677758318739053,-0.4666666666666668,3.609997272491455,0,10,10.0,1.0,0.0,1,0,8,0
7.377894912055425,1.781385228784985,3.467216332475648e-06,-6.1380281033447766,-1.3972602739726034,19.018998384475708,0,16,10.0,5.0,0.0,132,0,129,0
4.126520206431141,1.0243513921735485,3.4916770809384996e-06,-4.543364546335162,-0.5983984286469743,18.50699734687805,0,10,10.0,4.0,0.0,1,0,44,0
54.43111855057423,12.267300708251456,3.2554869597764385e-06,-1.0326498293242286,-0.8697350801386035,19.263996839523315,0,131,10.0,42.0,0.0,150,0,141,0
51.41945157233788,11.62898677156928,3.146940420751869e-06,-0.7766799301956415,-0.7078548131168185,18.838999032974243,0,169,10.0,42.0,0.0,150,0,150,0
15.713051899615174,4.135214625627067,4.184963306592517e-06,-0.8957820661968434,-0.6161824070301307,19.28499937057495,0,54,10.0,15.0,0.0,148,0,147,0
52.883645865238904,11.797739896550809,3.119921587547641e-06,-0.7215821156144744,-0.7136187741308515,19.065001964569092,0,171,10.0,37.0,0.0,150,0,150,0
3.5237290853109955,1.0408329997330663,4.199943471695528e-06,-1.996982903117667,-0.6393442622950818,15.407996654510498,0,10,10.0,4.0,0.0,1,0,72,0
5.502065727772368,0.4264014327112209,2.726805319976327e-06,-5.084717607973421,-0.22222222222222232,1.7589988708496094,0,10,10.0,1.0,0.0,1,0,6,0
3.423448553724738,0.565685424949238,3.829530534484594e-06,-1.3298346055979646,-0.2195121951219512,3.73000168800354,0,10,10.0,2.0,0.0,1,0,12,0
2.243269503317898,0.7405316311773545,1.1223382448620596e-05,-0.5342639593908631,-0.4720670391061452,4.300001382827759,0,10,10.0,2.0,0.0,1,0,11,0
2.7710235344672607,0.4225771273642583,5.562073893712373e-06,0.10775159330072626,-0.2173913043478264,4.259002208709717,0,10,10.0,1.0,0.0,1,0,2,0
2.251262272189053,0.45226701686664544,5.2976121781470236e-06,-0.7587381251120273,-0.25714285714285734,6.010997533798218,0,10,10.0,1.0,0.0,1,0,5,0
3.547751183713207,0.8933515114874565,1.0283835881611592e-05,-2.005541450491225,-0.6035667843210109,12.990998983383179,0,10,10.0,3.0,0.0,1,0,52,0
2.6105200276601623,0.4714045207910317,5.67028040671268e-06,-0.3142857142857143,-0.28571428571428537,4.244998216629028,0,10,10.0,1.0,0.0,1,0,5,0
3.6669696844488184,0.9451631252505217,7.3407000738856225e-06,-1.7409608537701229,-0.6267400453221106,19.05299735069275,0,10,10.0,4.0,0.0,1,0,140,0
2.0023350854421254,0.6190133844219025,8.455179520480412e-06,-0.3028041096667988,-0.33020012128562737,13.517998695373535,0,10,10.0,2.0,0.0,1,0,11,0
4.338609156373123,1.0571882797418488,3.4972575150164482e-06,-2.6170212765957444,-0.5990099009900989,2.577000617980957,0,10,10.0,3.0,0.0,1,0,3,0
5.6202016571175335,1.390443574307614,6.187357643233549e-06,-3.4885559822150363,-0.9608727010457989,18.309999465942383,0,14,10.0,5.0,0.0,36,0,28,0
2.4,0.282842712474619,8.332914539830073e-07,0.17883211678832123,-0.08695652173913038,3.714998483657837,0,10,10.0,1.0,0.0,1,0,5,0
5.89349924351682,1.465150731722394,5.68353420162135e-06,-5.775384935497295,-1.0155232849273914,18.756000757217407,0,10,10.0,5.0,0.0,1,0,76,0
2.345207879911715,0.45374260648651504,5.0853941251126344e-06,-0.23480287434453273,-0.2592592592592591,4.752999544143677,0,10,10.0,1.0,0.0,1,0,9,0
3.2015621187164243,0.8660254037844386,1.936455600668146e-06,-0.7344300822561691,-0.3012048192771086,2.1049981117248535,0,10,10.0,2.0,0.0,1,0,5,0
2.186321110907545,0.5477225575051661,7.431266736798859e-06,-0.3061536779975951,-0.29087779690189297,6.81500506401062,0,10,10.0,2.0,0.0,1,0,17,0
5.076427379814345,1.4383899044561526,3.983850828848827e-06,-3.0876398843203834,-0.6353383458646611,10.906997919082642,0,13,10.0,5.0,0.0,54,0,52,0
8.23124129966637,1.927001124372618,4.347375840766025e-06,-3.4360670335138472,-1.5375854214123006,18.71500062942505,0,17,10.0,5.0,0.0,130,0,82,0
59.14738653003473,13.166877635440631,4.133734687437984e-06,-2.1040152271805237,-1.848366775735705,18.972004652023315,0,125,10.0,36.0,0.0,147,0,146,0
47.66738927191209,10.787338256802123,3.317610503183373e-06,-1.2617857374649066,-1.1482883026286532,18.63799810409546,0,127,10.0,32.0,0.0,150,0,150,0
4.765950662174936,0.8451542547285166,1.081067555761803e-06,-1.1240458015267176,-0.34615384615384626,1.4260005950927734,0,10,10.0,2.0,0.0,1,0,4,0
56.0412348186583,12.751993308237475,3.811458505202486e-06,-0.7682033503353456,-0.7089402216559175,19.451998949050903,0,164,10.0,44.0,0.0,149,0,144,0
3.926653110622683,0.9400643223910575,2.682425059770227e-06,-1.4576724137931034,-0.18577648766328014,6.104997396469116,0,10,10.0,5.0,0.0,1,0,9,0
3.547810102265781,0.6756639246921762,3.248387856968816e-06,-2.925423728813559,-0.596694214876033,6.228003263473511,0,10,10.0,2.0,0.0,1,0,41,0
2.3570226039551585,0.0,0.0,0.4063324538258575,1.0,1.8120005130767822,0,10,10.0,0.0,0.0,1,0,1,0
61.58950126983224,14.197652388100412,4.196177051623316e-06,-0.553088613460367,-0.5333362182980694,19.447999000549316,0,200,10.0,48.0,0.0,148,0,141,0
352.9922378749992,82.39983818754338,3.191567330164323e-06,-0.5439233231721761,-0.5406730049046506,18.67200207710266,0,1134,10.0,262.0,0.0,150,0,149,0
5.597618541248888,1.6609095970747993,3.636242235997458e-06,-4.03250859398209,-1.0747217806041336,11.617003202438354,0,11,10.0,4.0,0.0,32,0,16,0
2.609312292213769,0.5925063964103966,1.492035314400109e-05,-1.5500169548999656,-0.3072060682680149,12.588003158569336,0,10,10.0,2.0,0.0,1,0,9,0
3.2719844670996188,0.5423261445466404,9.682902941643816e-06,-0.32789699570815456,-0.41666666666666674,2.6649961471557617,0,10,10.0,1.0,0.0,1,0,7,0
7.112540705972631,0.8043996665398437,3.1186358648885653e-06,-3.196326061997703,-0.35507246376811574,2.7929959297180176,0,12,10.0,2.0,0.0,4,0,3,0
4.642796092394707,0.6236095644623235,4.216947063627723e-06,-1.7593836428289213,-0.3999999999999999,5.206003904342651,0,10,10.0,2.0,0.0,1,0,15,0
2.715695122800054,0.0,0.0,-0.21649484536082464,1.0,2.7920002937316895,0,10,10.0,0.0,0.0,1,0,1,0
1.0801234497346435,0.408248290463863,1.237491028990188e-06,0.9154929577464789,-0.19999999999999973,1.3840017318725586,0,10,10.0,1.0,0.0,1,0,2,0
1.7917941611104424,0.22941573387056177,6.749308166001641e-07,0.4848888888888889,-0.05555555555555558,2.9609978199005127,0,10,10.0,1.0,0.0,1,0,3,0
2.309401076758503,0.4879500364742666,1.153823180063403e-05,0.017133305474300142,-0.3125,5.868005752563477,0,10,10.0,1.0,0.0,1,0,7,0
4.196559437338057,0.23570226039551584,6.045042712305809e-07,-1.7210300429184548,-0.05882352941176472,2.6820006370544434,0,10,10.0,1.0,0.0,1,0,3,0
3.565709706956767,0.3779644730092272,9.768568434458563e-07,-0.21206225680933843,-0.16666666666666652,1.4529986381530762,0,10,10.0,1.0,0.0,1,0,5,0
2.4755211831461126,0.4236592728681617,5.34352566189442e-06,-0.25349650349650354,-0.21875000000000022,5.451003313064575,0,10,10.0,1.0,0.0,1,0,6,0
4.652436059777993,0.861356769214109,3.9731672018034305e-06,-2.2001538461538455,-0.6816037735849059,4.396001577377319,0,10,10.0,2.0,0.0,1,0,4,0
4.968791491790422,1.0645812948447542,3.744716308586215e-06,-3.211878685762426,-0.5784044016506191,5.913995742797852,0,10,10.0,4.0,0.0,1,0,18,0
10.663645405457428,2.480591327351874,5.317406810068512e-06,-2.4607690237129405,-1.3723034218056585,19.394996643066406,0,27,10.0,8.0,0.0,136,0,130,0
4.872047013860104,1.1762051889940552,5.309215234743252e-06,-2.9514492753623194,-0.9780148722922732,16.711000680923462,0,10,10.0,3.0,0.0,1,0,22,0
4.102189292225227,1.102294771574673,4.826363122082044e-06,-2.8630693279541353,-0.7456810631229238,12.573997735977173,0,10,10.0,3.0,0.0,1,0,16,0
20.724542616585452,4.569463863518345,3.699960727603682e-06,-3.28798482151256,-1.5443556248781438,18.87099814414978,0,47,10.0,16.0,0.0,144,0,142,0
12.258602421700989,2.839013913315678,4.019052667144929e-06,-4.943050489959134,-1.7299823872104056,18.892000913619995,0,23,10.0,8.0,0.0,80,0,76,0
12.353137253345807,2.9280255007997,3.7621562801990248e-06,-5.718599572639538,-1.854225852272727,24.498995065689087,0,27,10.0,8.0,0.0,146,0,143,0
2.80713376952364,0.6324555320336759,5.210109584074724e-06,-0.3332430969139142,-0.3440860215053767,7.112004518508911,0,10,10.0,2.0,0.0,1,0,24,0
79.94673226592816,17.674086492187747,4.261298679791643e-06,-0.9180553225924166,-0.87671426008049,19.52299928665161,0,229,10.0,53.0,0.0,150,0,148,0
100.01679858903704,22.502592443242328,3.479703217993662e-06,-1.1666864009564875,-1.1388219485286046,19.155999660491943,0,291,10.0,71.0,0.0,148,0,148,0
203.5652557125929,44.07455804278322,3.8322522078874784e-06,-1.0022400906484967,-1.0157146209922465,19.15564775466919,0,474,10.0,105.0,0.0,147,0,149,0
37.22194693098862,8.662563131083086,4.001584822800035e-06,-0.8087139173521569,-0.7121023448622732,19.182994842529297,0,102,10.0,33.0,0.0,150,0,150,0
69.86501270306906,16.058227382456217,3.3399576970418654e-06,-1.3104282601603336,-1.1680188447994455,18.639995098114014,0,171,10.0,49.0,0.0,150,0,150,0
3.7416573867739413,0.7615773105863908,3.666123758894774e-06,-1.33707264957265,-0.33149678604224,6.68500018119812,0,10,10.0,2.0,0.0,1,0,6,0
2.2922795323750234,0.6324555320336759,5.456716401543666e-06,-0.6791675470103535,-0.6666666666666665,7.381999969482422,0,10,10.0,1.0,0.0,1,0,7,0
33.311159291344595,7.804272334219679,3.836183599880182e-06,-1.02299136871601,-0.748753260409063,19.73099970817566,0,113,10.0,27.0,0.0,150,0,148,0
140.81396711027404,32.59570523857399,3.7428893739625865e-06,-0.6054247212842614,-0.5760821695131233,18.63099980354309,0,460,10.0,105.0,0.0,150,0,149,0
242.56398468582813,55.31576026173132,3.428934038407136e-06,-0.7299532068482202,-0.7184486193940673,18.93999695777893,0,708,10.0,169.0,0.0,150,0,150,0
64.26134141145826,14.889593681494468,2.9752191455009516e-06,-1.208510684420537,-1.0355210823793835,19.355002880096436,0,176,10.0,46.0,0.0,147,0,147,0
30.874800944027694,6.723094525588644,3.039559008431507e-06,-0.8646983073551957,-0.6886282427639707,19.138031721115112,0,96,10.0,24.0,0.0,150,0,148,0
459.09181362047104,105.08935880160908,2.973264438152205e-06,-0.6236799179692625,-0.635049576004894,19.447004556655884,0,1426,10.0,329.0,0.0,150,0,150,0
341.24427223520297,79.86384246536936,3.6152673778656165e-06,-0.5461269702688376,-0.5402851041187879,18.85999369621277,0,1110,10.0,290.0,0.0,150,0,149,0
3.4641016151377544,0.6614378277661477,8.257168505540263e-06,-1.6759581881533103,-0.28735632183908044,4.726000070571899,0,10,10.0,2.0,0.0,1,0,12,0
2.1464256001881026,0.6267831705280087,1.4936584363218432e-05,-0.3584054155697629,-0.356828193832599,7.828000068664551,0,10,10.0,2.0,0.0,1,0,20,0
4.208387614727221,0.9176629354822471,7.9330691652917e-06,-1.8399777901166012,-0.49019607843137236,5.360011577606201,0,10,10.0,3.0,0.0,1,0,13,0
4.904808136629083,1.0419761445034554,7.532049710221158e-06,-3.6703645007923935,-1.0336391437308867,5.2340028285980225,0,10,10.0,2.0,0.0,1,0,12,0
3.719318934070233,0.28867513459481287,9.023917930441166e-07,-0.9080459770114941,-0.09090909090909127,2.0799965858459473,0,10,10.0,1.0,0.0,1,0,3,0
3.605551275463989,0.5773502691896257,6.957056698146181e-06,-0.613793103448276,-0.4999999999999998,3.660001277923584,0,10,10.0,1.0,0.0,1,0,3,0
5.114478931117236,0.9733285267845752,5.302500554060341e-06,-3.4375,-0.5475113122171948,5.2539989948272705,0,10,10.0,3.0,0.0,1,0,10,0
2.7202941017470885,0.7745966692414834,3.809444315074681e-06,0.046391752577319645,-0.3636363636363633,1.9569988250732422,0,10,10.0,2.0,0.0,1,0,4,0
3.3819373146171707,0.5,2.219541180361983e-06,-0.8496525584333543,-0.33333333333333326,2.421006917953491,0,10,10.0,1.0,0.0,1,0,3,0
1.5491933384829668,0.31622776601683794,6.201638838556568e-07,0.781021897810219,-0.11111111111111094,1.8109989166259766,0,10,10.0,1.0,0.0,1,0,9,0
2.886751345948129,0.408248290463863,7.163381770171835e-07,0.21875,-0.19999999999999996,1.4439985752105713,0,10,10.0,1.0,0.0,1,0,5,0
108.87877050493667,24.093290905699593,5.094797349834842e-06,-0.9492204512540472,-0.9361657308471767,18.726996421813965,0,275,10.0,70.0,0.0,150,0,138,0
66.25390554525823,14.15203165626759,4.0594935146379384e-06,-1.323898520235593,-1.2142718154640817,18.95600199699402,0,165,10.0,40.0,0.0,147,0,147,0
2.520094679368705,0.49559462778335206,6.863374295926427e-06,-0.2888194878201127,-0.2201834862385319,7.495997190475464,0,10,10.0,2.0,0.0,1,0,14,0
70.42906596947977,15.657160236347671,4.432223137740471e-06,-1.198733011320769,-1.2355756370162494,18.42600107192993,0,158,10.0,37.0,0.0,147,0,147,0
2.937623125867175,0.4714045207910317,1.8481712960084384e-06,0.015492957746478742,-0.28571428571428537,4.0199971199035645,0,10,10.0,1.0,0.0,1,0,4,0
130.79594794946823,28.957900476381223,3.973905565867874e-06,-0.9653087254757795,-0.9356943532501638,19.224998474121094,0,363,10.0,89.0,0.0,149,0,147,0
203.92078527375935,46.4735767219754,3.7249771545405017e-06,-0.8601764617436685,-0.8445575468013014,18.89501142501831,0,519,10.0,129.0,0.0,150,0,146,0
19.835658127053243,5.00666222813829,3.8106627572618197e-06,-1.0890913312868844,-0.7412781722753936,19.244998455047607,0,67,10.0,17.0,0.0,149,0,149,0
2.9760952365713798,0.5345224838248488,4.023491521647175e-06,-0.27563683866753785,-0.1454545454545455,3.1009998321533203,0,10,10.0,2.0,0.0,1,0,17,0
209.45225390686696,47.891961747249404,3.597566372934812e-06,-0.7114331715410791,-0.6908965520676045,19.24400544166565,0,596,10.0,147.0,0.0,150,0,150,0
94.12296921226685,21.410122216683707,3.368833165489507e-06,-0.8608447835105351,-0.8053852516049416,19.6309974193573,0,281,10.0,69.0,0.0,150,0,148,0
40.60911227791122,9.976639380740057,3.913157343808129e-06,-0.5749004215226781,-0.5034802597304948,18.738001585006714,0,143,10.0,38.0,0.0,150,0,150,0
317.6920626434766,72.88959688003037,3.5026980123904923e-06,-0.4972627776804124,-0.5148489542000487,19.24100351333618,0,957,10.0,217.0,0.0,149,0,149,0
1.9293061504650375,0.3333333333333333,9.014915962755717e-07,0.3463414634146341,-0.125,3.028003215789795,0,10,10.0,1.0,0.0,1,0,6,0
145.17786791840322,33.710730240286004,2.996782250541006e-06,-0.6022433199875168,-0.5801852569190769,19.33300018310547,0,463,10.0,110.0,0.0,150,0,145,0
296.4037111778461,67.66412146280578,3.3782203228660987e-06,-0.5592912168468898,-0.567496130246425,19.954999685287476,0,884,10.0,201.0,0.0,149,0,150,0
95.28179259438815,22.201651590215835,4.239445803952265e-06,-0.4363641527483353,-0.4159610087423915,18.863000869750977,0,347,10.0,84.0,0.0,150,0,150,0
529.7834777843995,119.52757004139254,2.9844796952181246e-06,-0.6241787930805651,-0.6336169312804316,19.539997577667236,0,1576,10.0,353.0,0.0,150,0,150,0
2.5687400018005704,0.6147786234942719,1.4930847381130585e-05,-1.401850598059128,-0.40720221606648277,16.288002014160156,0,10,10.0,2.0,0.0,1,0,19,0
2.9597297173897483,0.6,8.879395057970567e-06,-0.9808248914616495,-0.27840909090909105,7.03399920463562,0,10,10.0,2.0,0.0,1,0,16,0
3.4862366749614337,0.5547001962252291,4.114010712112886e-06,-1.2326086956521736,-0.44444444444444486,3.7680017948150635,0,10,10.0,1.0,0.0,1,0,3,0
5.295135648730969,1.1547005383792515,6.695698974405596e-06,-2.834341073074243,-0.6302250803858518,9.96800422668457,0,12,10.0,4.0,0.0,58,0,50,0
8.140434058861153,1.9983326383095816,1.0983782185012969e-05,-1.3929357839392442,-0.659923516045003,19.780998468399048,0,19,10.0,10.0,0.0,134,0,138,0
4.203173404306164,0.3086066999241838,8.125515111365938e-07,-1.1345205479452054,-0.10526315789473695,3.159998893737793,0,10,10.0,1.0,0.0,1,0,5,0
10.634097686848913,2.407969959889677,5.6084536153499616e-06,-3.5653362602274994,-1.209277296453748,15.800000429153442,0,24,10.0,7.0,0.0,89,0,68,0
3.9257820502267258,0.9393364366277243,6.246460065823338e-06,-1.995292535305985,-0.6451612903225807,4.710999488830566,0,10,10.0,3.0,0.0,1,0,9,0
5.472876844254852,0.8451542547285166,5.462341662454862e-06,-0.9667957117331747,-0.6237113402061858,3.0679931640625,0,12,10.0,2.0,0.0,3,0,3,0
3.514448939926621,0.6575959492214292,5.84839586503825e-06,-0.3951320132013203,-0.49494949494949525,5.2770020961761475,0,10,10.0,2.0,0.0,1,0,6,0
42.2399494949193,9.682974749528164,5.8385934704729134e-06,-1.5623958792103094,-1.2573575990001542,18.82799792289734,0,109,10.0,31.0,0.0,149,0,149,0
80.82281031161108,17.315118634688396,4.608271446844638e-06,-2.1044516861365143,-1.9410123381436102,19.430012702941895,0,160,10.0,43.0,0.0,144,0,130,0
35.4464854863403,7.895568377260753,4.993553030165538e-06,-1.0356456529803886,-0.9251066072475085,18.55499839782715,0,102,10.0,26.0,0.0,150,0,148,0
1.3771534860493695,0.32163376045133846,3.5480977269085068e-06,0.5663404023926049,-0.11538461538461542,4.164994955062866,0,10,10.0,1.0,0.0,1,0,16,0
55.789306024243274,12.893667696457307,4.611191538714793e-06,-1.5338429527213027,-1.2171990224419869,18.42599844932556,0,144,10.0,37.0,0.0,147,0,144,0
5.656854249492381,1.2482545953785713,5.284314819107983e-06,-2.5374865478895128,-0.6701449275362328,11.267005443572998,0,11,10.0,3.0,0.0,3,0,9,0
60.75338125020971,13.079755349393963,4.925559911133647e-06,-0.8204254759477856,-0.8269970098248611,18.937002897262573,0,175,10.0,43.0,0.0,150,0,149,0
1.8586407545691703,0.4264014327112209,2.3297641059676943e-06,0.47355163727959704,-0.22222222222222254,2.169001817703247,0,10,10.0,1.0,0.0,1,0,6,0
39.06695107973832,8.914781732231774,3.666032703154307e-06,-1.6294820900171554,-1.1862028914631533,18.520001888275146,0,83,10.0,28.0,0.0,144,0,143,0
81.3576876105346,18.935152494764864,3.625282745578493e-06,-0.9835500127360539,-0.8796216408533184,19.293997049331665,0,242,10.0,56.0,0.0,149,0,148,0
3.9250796170268956,0.82915619758885,3.6754672199842294e-06,-1.9220225967771811,-1.3157894736842106,4.767999887466431,0,10,10.0,2.0,0.0,1,0,21,0
102.47038596589749,23.94758164547449,3.949446828411185e-06,-0.590154403869747,-0.5541784478631244,19.131998777389526,0,336,10.0,85.0,0.0,150,0,146,0
72.99159768996246,17.351272767917248,3.5421377091335443e-06,-0.6085537370246803,-0.5196804677762237,18.83099913597107,0,238,10.0,73.0,0.0,150,0,150,0
2.562647884338478,0.5859040724295678,3.0343891814131163e-06,-0.7597898758357209,-0.4009090909090911,8.460001707077026,0,10,10.0,2.0,0.0,1,0,7,0
286.28174933096943,67.33924066495949,3.2390206588635514e-06,-0.47525932477853283,-0.4759656121143294,18.369994640350342,0,927,10.0,222.0,0.0,150,0,149,0
130.2505790134283,30.54679470364553,3.6605926175146085e-06,-0.5282742586748437,-0.5283174291474635,18.700998067855835,0,410,10.0,106.0,0.0,149,0,150,0
515.5028936226579,123.89896421412624,3.1995960169641066e-06,-0.4618340994229324,-0.4532434377043104,17.82800316810608,0,1730,10.0,412.0,0.0,150,0,148,0
4.768647607026545,1.174734012447073,1.3309373124998395e-05,-1.9636644829443757,-0.7419354838709677,19.060001373291016,0,13,10.0,4.0,0.0,148,0,74,0
1.7737929595684594,0.7808688094430303,2.084897684270649e-05,-0.04196217494089849,-0.28125,5.421998023986816,0,10,10.0,3.0,0.0,1,0,35,0
2.6457513110645907,0.408248290463863,8.655686770355512e-06,0.01310741687979533,-0.19999999999999996,5.557001113891602,0,10,10.0,1.0,0.0,1,0,2,0
3.3416562759605704,0.5563486402641868,5.075152398172915e-06,-0.9508764979696938,-0.28470588235294114,5.491999864578247,0,10,10.0,2.0,0.0,1,0,5,0
4.097496026137247,0.7947194142390263,1.781116225908577e-05,-0.7063626126126124,-0.3902439024390243,2.8270013332366943,0,10,10.0,2.0,0.0,1,0,17,0
2.2567727523643035,0.6647258571142536,1.0127250390318461e-05,-0.8099173553719008,-0.3800675675675673,10.612000226974487,0,10,10.0,2.0,0.0,1,0,3,0
4.757145654970919,0.8469895538599198,7.348206214615307e-06,-2.5321973888028335,-0.6998880179171338,5.888004779815674,0,10,10.0,3.0,0.0,1,0,21,0
2.4976179127511156,0.21821789023599236,5.899215761563417e-07,0.12555626191989822,-0.04999999999999982,3.340000867843628,0,10,10.0,1.0,0.0,1,0,14,0
2.2638462845343543,0.0,0.0,0.4047186932849365,1.0,1.6259996891021729,0,10,10.0,0.0,0.0,1,0,1,0
20.40833163195855,4.649731175025068,1.103401151841294e-05,-1.585999220164461,-1.0660525209280989,18.009002685546875,0,57,10.0,14.0,0.0,145,0,136,0
10.661144403862092,2.558645474986065,8.384102158380931e-06,-2.0574913829279753,-0.9243833612040138,18.596996068954468,0,22,10.0,8.0,0.0,140,0,140,0
3.34995854037363,0.3333333333333333,9.52552411815079e-07,-0.29119318181818166,-0.125,1.6630005836486816,0,10,10.0,1.0,0.0,1,0,8,0
2.792848008753788,0.7171371656006361,3.4590343238030426e-06,-0.4804772234273318,-0.4516129032258063,4.655999422073364,0,10,10.0,2.0,0.0,1,0,13,0
1.9235384061671346,0.22360679774997896,4.141556884480357e-07,0.39739413680781743,-0.05263157894736881,3.122999906539917,0,10,10.0,1.0,0.0,1,0,11,0
3.5237290853109955,0.28867513459481287,4.582799679236921e-07,-0.5374032674118661,-0.09090909090909127,6.978999853134155,0,10,10.0,1.0,0.0,1,0,3,0
15.768534068411897,3.6742346141747673,5.020631590405393e-06,-1.4138776119544665,-0.8971450699211161,18.814998149871826,0,37,10.0,10.0,0.0,149,0,121,0
140.77191954837204,31.435436479658854,4.358533673746784e-06,-0.6268172367623184,-0.6097046492925731,19.217004537582397,0,449,10.0,100.0,0.0,150,0,150,0
2.7645717829090897,0.2672612419124244,5.303465352066317e-07,0.24836929252383333,-0.07692307692307732,2.492003917694092,0,10,10.0,1.0,0.0,1,0,6,0
356.62623758401924,80.52275040839908,4.819389369380188e-06,-0.6660214630089056,-0.6683974324702568,19.035994291305542,0,988,10.0,226.0,0.0,150,0,150,0
68.48591095984634,15.633084575135303,4.844938042547677e-06,-0.5245908062199811,-0.5057219817583336,19.209999561309814,0,197,10.0,48.0,0.0,150,0,146,0
3.788527573671675,0.6416889479197478,2.445328368643983e-06,-0.605263157894737,-0.6999999999999997,2.819998264312744,0,10,10.0,1.0,0.0,1,0,6,0
6.0854135491777495,1.0924964014113612,2.184931766811394e-06,-2.4917582417582413,-1.1973180076628345,4.132002592086792,0,10,10.0,2.0,0.0,1,0,3,0
4.56847542862337,1.0472698761772856,2.10079219305656e-06,-1.49838066766318,-0.6116207951070345,4.317002773284912,0,10,10.0,3.0,0.0,1,0,6,0
57.95400475089419,13.698905065734268,3.598989769041258e-06,-0.5643752526558152,-0.5214902594138457,19.53299379348755,0,199,10.0,53.0,0.0,150,0,150,0
536.209486426092,124.34969508071448,3.312471432230687e-06,-0.4909923676288408,-0.4974991461392928,19.108000993728638,0,1736,10.0,405.0,0.0,150,0,150,0
269.41127172658037,64.34334982472289,3.68166606593604e-06,-0.4650626645202791,-0.4537241863161545,19.524998426437378,0,919,10.0,222.0,0.0,150,0,150,0
4.211329257805314,1.1631599960755994,3.0131824924162284e-06,-2.6165108484741575,-0.4481481481481482,4.581002473831177,0,10,10.0,4.0,0.0,1,0,18,0
222.76250432542128,52.791224018138976,3.3213853797791603e-06,-0.4190072429883571,-0.4157030559478996,19.618995904922485,0,798,10.0,188.0,0.0,150,0,150,0
64.78286810569597,16.028516254891883,3.5700953820042647e-06,-0.5310050638462938,-0.4839345991100834,18.819000005722046,0,228,10.0,65.0,0.0,150,0,150,0
3.714835124201342,0.6324555320336759,6.618869456253745e-06,-0.9357855361596015,-0.2162162162162169,2.350998878479004,0,10,10.0,2.0,0.0,1,0,5,0
2.619854263816284,0.6030226891555273,9.836217840891266e-06,-0.035213462137737794,-0.5714285714285716,3.5050060749053955,0,10,10.0,1.0,0.0,1,0,4,0
2.0651164331225833,0.3834824944236852,7.576030399050147e-06,0.09524683428151959,-0.1724137931034484,4.949001789093018,0,10,10.0,1.0,0.0,1,0,7,0
4.391550328268399,0.8660254037844386,4.913736909156697e-06,-2.160535117056856,-0.40334128878281605,4.172008991241455,0,10,10.0,2.0,0.0,1,0,7,0
13.781872151489434,3.043024810940588,9.652311217296717e-06,-1.140076846768665,-0.8875531114956379,18.971994400024414,0,29,10.0,8.0,0.0,126,0,144,0
4.2485291572496005,0.8803408430829505,5.0619775252940785e-06,-3.9316939890710376,-0.5519399249061328,5.67300009727478,0,10,10.0,3.0,0.0,1,0,12,0
5.167773442493505,0.8744746321952062,2.7496572412627364e-06,-1.984532095901005,-1.21,2.593996524810791,0,10,10.0,2.0,0.0,1,0,7,0
5.469613027140647,0.6454972243679028,1.9331318177704864e-06,-2.704213241616509,-0.36363636363636354,3.7170021533966064,0,10,10.0,2.0,0.0,1,0,10,0
13.252421162439212,2.930301463444788,4.7241863077481935e-06,-2.7077626941799493,-1.4896907216494846,18.53599524497986,0,28,10.0,8.0,0.0,133,0,128,0
27.693801953987226,6.63977911279183,4.273423589501184e-06,-4.009231037185405,-2.088368530678199,18.78299856185913,0,66,10.0,21.0,0.0,149,0,150,0
123.18270982568941,27.155478268666158,4.6042018007198176e-06,-0.9813796552494094,-0.9067987255944945,19.473992109298706,0,309,10.0,78.0,0.0,149,0,149,0
3.407771005482389,0.842423539174232,4.182171029422957e-06,-0.5422885572139304,-0.4032921810699588,4.581999063491821,0,10,10.0,3.0,0.0,1,0,6,0
4.328607409463598,1.1920791213585393,3.817549324665047e-06,-2.8000000000000003,-0.78125,3.2189979553222656,0,10,10.0,2.0,0.0,1,0,9,0
14.267912718170564,3.752332607858744,4.392435162480591e-06,-1.531424503817807,-0.8375870069605569,18.801997661590576,0,41,10.0,14.0,0.0,145,0,150,0
344.34202957718264,77.72695800042608,3.843758811045437e-06,-0.7151572858218018,-0.7261490669853006,19.0650053024292,0,1032,10.0,244.0,0.0,149,0,149,0
5.093668083557717,1.257703534947001,4.799715932790747e-06,-1.53087614072426,-0.7928062944923187,14.089994192123413,0,12,10.0,4.0,0.0,28,0,28,0
259.4927359291585,58.48680762929933,3.555868665602081e-06,-0.5775435830037821,-0.570637901925753,18.798999786376953,0,813,10.0,189.0,0.0,150,0,148,0
267.1308044136181,60.95703404858212,3.522149889109796e-06,-0.5234447466716523,-0.5188060719252443,19.626994609832764,0,867,10.0,198.0,0.0,150,0,147,0
291.804592150295,67.27728690526494,3.747420874850141e-06,-0.5543341452210877,-0.5712929615613527,18.502995014190674,0,883,10.0,195.0,0.0,150,0,148,0
253.7797995638476,60.604180273861196,3.51032854423475e-06,-0.5035249609902659,-0.4964470756125383,18.85899519920349,0,855,10.0,223.0,0.0,150,0,150,0
4.538722287164087,0.7745966692414834,1.218015557087181e-06,-2.070044709388972,-0.3636363636363633,3.0080010890960693,0,10,10.0,2.0,0.0,1,0,9,0
786.4259871935396,179.87471565879773,3.488549710489992e-06,-0.532898464267435,-0.5492306815691572,19.68899917602539,0,2367,10.0,519.0,0.0,149,0,149,0
157.31939910047117,37.134889255254286,3.376661870027168e-06,-0.6392411960713851,-0.614216110332003,18.625004291534424,0,506,10.0,117.0,0.0,150,0,147,0
2.666103544146046,0.5452497568062706,2.928688495012485e-06,-0.5228482003129888,-0.42307692307692335,5.14499568939209,0,10,10.0,1.0,0.0,1,0,6,0
293.4488143896081,69.62470825791661,3.1885315846000905e-06,-0.41571519047552297,-0.41336595763781814,18.93899917602539,0,1028,10.0,231.0,0.0,150,0,145,0
977.6253713292565,226.56798832432912,3.54304405580286e-06,-0.47243718363090936,-0.48721835851515527,19.251991748809814,0,3049,10.0,685.0,0.0,150,0,149,0
248.03984894904823,59.834271116142126,3.326538292842893e-06,-0.4288059711424397,-0.4204534583744324,18.996999263763428,0,876,10.0,213.0,0.0,150,0,150,0
201.15413658850434,50.2496434481546,3.340964414778961e-06,-0.4209806171791586,-0.39203099004976316,19.059998273849487,0,769,10.0,205.0,0.0,150,0,150,0
3.6147844564602556,0.2581988897471611,1.4760126321795068e-06,-1.2340425531914891,-0.07142857142857117,2.5020015239715576,0,10,10.0,1.0,0.0,1,0,4,0
2.2831482556870477,0.564932682866032,1.5436815915687125e-05,-0.17812563945160598,-0.31529850746268706,6.725998401641846,0,10,10.0,2.0,0.0,1,0,30,0
4.033195589934446,0.4472135954999579,3.1158674399228795e-06,-0.8522267206477732,-0.24999999999999956,2.47200345993042,0,10,10.0,1.0,0.0,1,0,5,0
2.508319490548735,0.5,1.1962509206148752e-05,0.11154694778131902,-0.33333333333333326,3.5760040283203125,0,10,10.0,1.0,0.0,1,0,3,0
11.2196256622046,2.377673933350268,7.926412427543408e-06,-5.049803060465991,-1.8741865509761393,18.9739990234375,0,20,10.0,5.0,0.0,114,0,59,0
2.032347111742651,0.3611575592573076,3.1969152135070588e-06,0.005009107468124219,-0.15000000000000013,3.422999382019043,0,10,10.0,1.0,0.0,1,0,5,0
4.483889289210287,1.1355499479153377,5.394236431152163e-06,-3.1238636363636365,-0.8237022526934383,5.468998908996582,0,10,10.0,3.0,0.0,1,0,12,0
6.071243694664216,1.378404875209022,6.551603744844031e-06,-10.726405090137858,-1.2830440587449932,19.464998245239258,0,10,10.0,4.0,0.0,1,0,98,0
4.512205669071391,1.104536101718726,1.124120503074295e-05,-2.8860235485731742,-0.7631190185625278,18.846997022628784,0,10,10.0,4.0,0.0,1,0,120,0
2.9514591494904874,0.4216370213557839,4.75593397716203e-06,-0.4670658682634734,-0.21621621621621623,6.371997594833374,0,10,10.0,1.0,0.0,1,0,4,0
2.984634982206617,0.6342703292561561,6.878569474763377e-06,-1.6888259690540743,-0.46113243761996103,11.226004600524902,0,10,10.0,2.0,0.0,1,0,62,0
5.32040098739434,1.518771433319269,6.501985440319435e-06,-2.9058283864004313,-0.8828907270352635,19.180993795394897,0,11,10.0,5.0,0.0,107,0,98,0
3.584025403821532,0.8591246929842246,6.975638224849712e-06,-1.673707189002625,-0.5121951219512195,10.425002574920654,0,10,10.0,3.0,0.0,1,0,8,0
3.1378581622109447,0.3922322702763681,7.279454716340384e-07,-0.28395061728395055,-0.1818181818181821,2.134995460510254,0,10,10.0,1.0,0.0,1,0,5,0
93.64429151493077,21.88667783531038,4.807959989927098e-06,-0.8531154563354642,-0.804398821677228,19.2409987449646,0,273,10.0,66.0,0.0,150,0,150,0
73.70897729132682,17.134565455048264,4.5883253242378745e-06,-0.9086093108148405,-0.8407459453765882,18.5280020236969,0,234,10.0,59.0,0.0,150,0,146,0
87.95892981007292,19.93188400528159,4.588711032001348e-06,-0.6088472987763891,-0.5745185448227319,18.54999852180481,0,296,10.0,75.0,0.0,150,0,150,0
136.00512245255078,32.35964565112954,4.6303328454645755e-06,-0.7115810791512693,-0.7040444367297345,18.90499973297119,0,414,10.0,109.0,0.0,150,0,150,0
98.2371620111249,22.77864496994206,4.728511434335838e-06,-0.47453722137924514,-0.4699927321957684,19.282001972198486,0,325,10.0,78.0,0.0,150,0,149,0
554.1733663755414,125.89813342540072,3.8034487429386974e-06,-0.571101334954933,-0.5744467135464781,18.81199836730957,0,1717,10.0,376.0,0.0,150,0,149,0
719.3419400164755,164.61069224081405,3.7374625830758748e-06,-0.559928692478149,-0.5758370010786327,19.163996934890747,0,2154,10.0,491.0,0.0,150,0,150,0
1111.474141249659,251.6691214008319,3.2965940912191767e-06,-0.5145509363882441,-0.5292390719420035,18.694002151489258,0,3437,10.0,767.0,0.0,150,0,149,0
569.2872912686529,134.92177980840108,4.391766099375328e-06,-0.3938674425079045,-0.4003305284735492,18.83699893951416,0,1996,10.0,488.0,0.0,150,0,149,0
478.4208119776285,114.15591676883565,4.144617578117815e-06,-0.450864562061172,-0.45811405624011026,18.821998834609985,0,1618,10.0,385.0,0.0,150,0,150,0
1550.6390123644726,352.6580213181036,3.5070615854557966e-06,-0.5215960279370166,-0.5491955181942016,18.448997259140015,0,4499,10.0,992.0,0.0,150,0,149,0
587.353618643261,140.004309457483,3.1034543558598995e-06,-0.3755022147427185,-0.3791363259847915,18.92599844932556,0,2092,10.0,475.0,0.0,150,0,148,0
2.6172504656604803,0.3872983346207417,3.994222990102037e-06,-0.38453764527539147,-0.17647058823529416,3.0190017223358154,0,10,10.0,1.0,0.0,1,0,7,0
4.312219625116292,0.8591246929842246,1.5524442642301226e-05,-2.64750361392194,-0.5121951219512195,5.905997276306152,0,11,10.0,2.0,0.0,3,0,3,0
3.8398600947749717,0.8500751362240149,8.330664238409425e-06,-3.0381135819763037,-0.6471945591450086,17.717004537582397,0,10,10.0,3.0,0.0,1,0,52,0
2.958039891549808,0.8720187306856813,1.264798834961868e-05,-1.614107883817427,-0.5211634469285868,12.678002119064331,0,10,10.0,3.0,0.0,1,0,67,0
17.62536051640741,3.922584182228173,8.18547785808891e-06,-2.802006501220611,-1.7222117380637858,18.420997619628906,0,35,10.0,10.0,0.0,87,0,134,0
3.506487493982339,0.6396021490668313,5.5544356550554705e-06,-2.8374979848460424,-0.47761194029850773,5.947999715805054,0,10,10.0,2.0,0.0,1,0,22,0
5.916079783099616,1.4295028019803129,8.310594689044618e-06,-3.246803142382018,-0.8808177468464555,11.628998041152954,0,11,10.0,4.0,0.0,42,0,41,0
13.279056191361393,3.057231863412827,6.678672759978272e-06,-1.2900644392675487,-0.8617868904706258,18.925000190734863,0,33,10.0,8.0,0.0,147,0,142,0
5.915516320096947,1.5556349186104046,8.535997566885978e-06,-1.6866420301575444,-0.7204335050080573,19.295997858047485,0,16,10.0,5.0,0.0,145,0,144,0
2.3979157616563596,0.0,0.0,0.07070707070707072,1.0,2.018996477127075,0,10,10.0,0.0,0.0,1,0,1,0
4.883006246156152,1.0606601717798212,5.066638497096487e-06,-3.5281899109792283,-0.8491171749598716,7.853997468948364,0,10,10.0,3.0,0.0,1,0,17,0
3.9427724440366254,0.7135060680126757,4.841199670033707e-06,-2.1696548935022917,-0.45833333333333304,7.423998594284058,0,10,10.0,2.0,0.0,1,0,15,0
87.54454104435449,19.584687896415403,5.499045506300064e-06,-1.0979697740166716,-1.108399296394019,18.27799677848816,0,220,10.0,52.0,0.0,150,0,143,0
90.7620699044118,20.00466612234922,4.543981756323742e-06,-1.4299066216954532,-1.2843443184412817,18.63799738883972,0,227,10.0,53.0,0.0,149,0,146,0
56.1414285532529,13.048116083685542,4.666449638217833e-06,-0.9098567880421278,-0.7765449870702288,18.244999408721924,0,148,10.0,40.0,0.0,146,0,146,0
75.7758536738452,16.754501882578705,4.848623377664085e-06,-0.880454138351866,-0.8131015934556618,19.0020010471344,0,213,10.0,48.0,0.0,146,0,149,0
3.853810043561028,1.0,5.396035290342354e-06,-3.5487349453832513,-0.8554864253393664,10.352996110916138,0,10,10.0,3.0,0.0,1,0,39,0
281.2054409146452,62.40673040626307,4.578112269214815e-06,-0.9364177848789845,-0.9266448261478344,24.480994939804077,0,759,10.0,176.0,0.0,149,0,148,0
15.490427151416236,3.5935126733230445,5.620031617437392e-06,-1.017921129537982,-0.7217879809658132,18.9089937210083,0,51,10.0,15.0,0.0,150,0,147,0
2.857738033247041,0.5,4.482621846256066e-06,-0.15748031496062986,-0.33333333333333326,2.3350024223327637,0,10,10.0,1.0,0.0,1,0,8,0
13.730986854556376,3.345643934033228,4.815230993951066e-06,-1.6444203270312912,-1.205167718831265,18.79399538040161,0,37,10.0,15.0,0.0,142,0,146,0
277.0389503300935,62.934781056794556,4.0613402803805905e-06,-0.6350715102654461,-0.6452714321150355,19.824999809265137,0,844,10.0,195.0,0.0,150,0,149,0
103.39448728051221,23.755841386909452,4.0635400418695225e-06,-0.6750538400450741,-0.6447117458944871,19.217000246047974,0,310,10.0,86.0,0.0,150,0,146,0
133.3723109694562,30.216993011659294,3.944143386805425e-06,-0.6487085798085321,-0.6569500440530629,18.82099676132202,0,411,10.0,95.0,0.0,148,0,148,0
327.27942190122496,75.7317634813821,3.576840111066941e-06,-0.5549943578629064,-0.543035405338189,19.434998512268066,0,1052,10.0,257.0,0.0,150,0,148,0
365.18289481664755,86.27073663763397,3.498921092056811e-06,-0.47430130102144874,-0.46042750544797406,19.161999464035034,0,1206,10.0,290.0,0.0,150,0,150,0
799.6145071220257,186.28673239569872,3.4956183608835834e-06,-0.5147971440735295,-0.5153973612269056,19.40399956703186,0,2550,10.0,602.0,0.0,150,0,149,0
4.776330530159458,1.3711309200802089,4.79656624249324e-06,-2.401049534865229,-0.6653543307086613,19.06299901008606,0,12,10.0,7.0,0.0,121,0,120,0
1565.6165452200187,356.631387663322,3.556775304403508e-06,-0.47023339600789926,-0.5013040628492531,19.934000730514526,0,4645,10.0,1014.0,0.0,150,0,146,0
943.7526052944172,222.47401346374517,3.6387092062779807e-06,-0.3660320594694182,-0.3784171899618549,19.393999576568604,0,3342,10.0,764.0,0.0,150,0,149,0
1947.852665543949,439.91905316016187,3.461900663176976e-06,-0.48166911044796956,-0.5100970830425191,19.545005321502686,0,5562,10.0,1243.0,0.0,150,0,149,0
1404.3486153136384,327.451859057175,3.2958466826756257e-06,-0.40231880475604664,-0.42193379500337125,19.654988050460815,0,4551,10.0,1028.0,0.0,150,0,149,0
3.1317235362803513,0.4803844614152614,8.502596275433347e-06,-0.3960833859759947,-0.30000000000000004,4.141997575759888,0,10,10.0,1.0,0.0,1,0,3,0
2.8284271247461903,0.5590169943749475,2.1705540169772657e-05,-0.31958762886597936,-0.25,4.556002855300903,0,10,10.0,2.0,0.0,1,0,30,0
3.286335345030997,0.6324555320336759,2.754551171934769e-06,-0.42105263157894735,-0.6666666666666665,1.1679999828338623,0,10,10.0,1.0,0.0,1,0,2,0
2.3979157616563596,0.5345224838248488,1.6279595842010417e-05,-0.356605476978634,-0.3999999999999997,4.209000825881958,0,10,10.0,1.0,0.0,1,0,8,0
3.3512339862756866,0.6201736729460423,9.201412311713262e-06,-0.877349159248269,-0.6249999999999998,3.8470003604888916,0,10,10.0,1.0,0.0,1,0,4,0
2.5298221281347035,0.4183300132670378,5.96494101320693e-06,-0.7112299465240639,-0.21212121212121215,5.53400182723999,0,10,10.0,1.0,0.0,1,0,3,0
3.3507122716331117,0.4264014327112209,2.7553792960933597e-06,-0.21484462329532739,-0.22222222222222254,3.365999460220337,0,11,10.0,1.0,0.0,2,0,2,0
5.590576486780719,1.1908743922772957,5.0607710710941575e-06,-7.278896672504377,-0.9733210671573143,7.162998676300049,0,10,10.0,3.0,0.0,1,0,17,0
23.137271518771037,4.929503017546495,5.071228639291932e-06,-1.7434757890824013,-1.2284582370419281,19.50799322128296,0,52,10.0,13.0,0.0,131,0,123,0
90.20857313286065,20.981420352302177,4.912329023789646e-06,-0.8654458098393034,-0.8378832228525834,19.191996812820435,0,260,10.0,61.0,0.0,150,0,149,0
2.5284100029182657,0.5976143046671968,5.532197858987901e-06,-0.5155730269126095,-0.40703517587939686,7.383000135421753,0,10,10.0,2.0,0.0,1,0,13,0
221.6379329747806,49.77161172127474,4.386963024528862e-06,-0.8573332425724596,-0.8422511111883804,18.88099241256714,0,636,10.0,150.0,0.0,150,0,147,0
2.8284271247461903,0.5773502691896257,1.0864514590253986e-06,0.07975460122699396,-0.13636363636363602,2.381000518798828,0,10,10.0,2.0,0.0,1,0,3,0
25.279240494919936,5.93239692985334,4.114113943044191e-06,-2.7542533792040307,-1.6858305774612057,19.243997812271118,0,60,10.0,19.0,0.0,150,0,146,0
200.18000233123522,44.65333134268931,4.612211679269491e-06,-0.5559168503692613,-0.5709637690020184,19.106000900268555,0,564,10.0,147.0,0.0,150,0,143,0
485.5451094731913,110.08754092387869,4.007177540510865e-06,-0.5334822039460339,-0.5467860820717743,19.161996841430664,0,1487,10.0,331.0,0.0,150,0,150,0
3.391164991562634,0.820412654142367,4.778317495402376e-06,-1.6908965039806159,-0.523012552301255,6.696001291275024,0,10,10.0,3.0,0.0,1,0,25,0
204.68444005346376,48.78025556855287,5.423448417768016e-06,-0.4571701343650121,-0.4464218053171938,18.991000175476074,0,682,10.0,163.0,0.0,150,0,145,0
947.4799135953577,215.42531575157705,3.92009496126322e-06,-0.5577927656191983,-0.5712486048789644,18.241994619369507,0,2776,10.0,637.0,0.0,150,0,149,0
1424.3922236050948,329.55465909820384,3.7626904662750374e-06,-0.4092923982806542,-0.4270959877429863,19.81000065803528,0,4572,10.0,1053.0,0.0,150,0,150,0
8.382521498133283,1.8475208614068026,1.3721127193114502e-05,-3.2289009672173252,-1.1828103683492492,19.025001287460327,0,19,10.0,6.0,0.0,132,0,129,0
3.5973846709225072,0.5423261445466404,3.6665303803230614e-06,-0.38313609467455634,-0.11842105263157898,2.5400004386901855,0,10,10.0,2.0,0.0,1,0,6,0
6.1827717624595095,1.3316656236958786,8.840915651965015e-06,-2.6719377038542325,-0.8641375443842274,19.044001579284668,0,15,10.0,5.0,0.0,137,0,137,0
2.385855756810896,0.6405126152203485,1.1164354499093915e-05,-0.2654194679918147,-0.4579439252336448,5.519000053405762,0,10,10.0,2.0,0.0,1,0,29,0
3.5071355833500366,1.0,8.994116426626912e-06,-1.8428643334805699,-0.6030208036477631,18.209999561309814,0,10,10.0,3.0,0.0,1,0,59,0
10.425929215182693,2.4303634844744244,7.996499991353771e-06,-2.231404642018632,-1.1027150180368332,19.397993564605713,0,22,10.0,7.0,0.0,109,0,79,0
3.164385143014885,0.9345230512584124,8.963108122016662e-06,-1.5759169486874605,-0.6753346406343252,18.911001205444336,0,10,10.0,3.0,0.0,1,0,6,0
24.27989566150014,5.860602926889576,7.506751253666078e-06,-0.7685812668962275,-0.6432064639591746,19.273995399475098,0,75,10.0,23.0,0.0,148,0,148,0
8.05522604690065,1.9849433241279208,6.907976320068501e-06,-1.9762038239413218,-0.9013404825737263,19.59000039100647,0,16,10.0,7.0,0.0,77,0,55,0
139.33171450415253,31.935142607061163,4.213357413704769e-06,-0.6400133677655662,-0.5951576423140854,18.027990102767944,0,448,10.0,117.0,0.0,150,0,150,0
40.65972618369845,9.20253588238952,4.653133941066117e-06,-0.8208714030773783,-0.7309039180045076,19.0369975566864,0,116,10.0,33.0,0.0,150,0,144,0
306.8671482362794,72.32717331681089,4.351813482083784e-06,-0.5032312435555057,-0.49744013675096954,18.53299880027771,0,1035,10.0,268.0,0.0,150,0,150,0
375.53868864161876,88.39615376247995,4.6142905908972594e-06,-0.39480423062037096,-0.3991380830074265,18.64099407196045,0,1242,10.0,295.0,0.0,150,0,150,0
34.33501613998941,8.462860036654275,3.906906185888538e-06,-0.8950918271231236,-0.7435991209780475,19.516996145248413,0,103,10.0,33.0,0.0,150,0,150,0
1156.1804155638224,273.5506290737908,4.159152414926468e-06,-0.3936226451631708,-0.41175769209032786,19.082000494003296,0,3892,10.0,918.0,0.0,150,0,149,0
42.052783593499406,54.648869141276606,1.3273856512745834e-06,0.9405886064013413,-0.16196135594775063,1.9460017681121826,141,6480,6426.494928221999,1398.0,1322.7430029116467,150,148,145,145
2.731201101980493,0.4026936331284146,5.747700600487092e-06,-0.24841075794621026,-0.19354838709677447,4.715001106262207,0,10,10.0,1.0,0.0,1,0,5,0
4.123105625617661,0.565685424949238,4.208711417855601e-06,-1.3527457927369357,-0.47058823529411753,3.657001256942749,0,10,10.0,1.0,0.0,1,0,3,0
2.4806946917841692,0.0,0.0,0.1333333333333333,1.0,2.250997304916382,0,10,10.0,0.0,0.0,1,0,1,0
3.4399612400917157,0.5,2.76633394434177e-06,-0.44897959183673475,-0.33333333333333326,1.984999179840088,0,10,10.0,1.0,0.0,1,0,4,0
6.6000000000000005,1.6083117442419756,9.824585210726066e-06,-5.82920371247805,-1.3209443292391128,19.056998252868652,0,13,10.0,6.0,0.0,139,0,79,0
3.408429448345356,0.7745966692414834,1.0670904382066004e-05,-1.301515968602073,-0.3038120276043379,14.288999557495117,0,10,10.0,4.0,0.0,1,0,79,0
5.0426750270636544,0.9258200997725514,4.7952727218596776e-06,-3.045454545454546,-0.9310344827586203,4.058999300003052,0,10,10.0,2.0,0.0,1,0,4,0
3.4515277020851025,0.7223151185146152,4.4341386160400705e-06,-2.953575909661229,-0.5681818181818179,3.6839969158172607,0,10,10.0,2.0,0.0,1,0,7,0
55.25757866573598,12.809631792782596,7.778862176165125e-06,-2.0263586115246506,-1.714228055588026,18.311999320983887,0,120,10.0,32.0,0.0,148,0,147,0
3.7567549224257113,0.7770286898858113,6.662117354520931e-06,-0.5566200722475263,-0.5142857142857147,7.190999746322632,0,11,10.0,2.0,0.0,3,0,3,0
2.9848100289785457,0.7385489458759964,9.861991003889921e-06,-0.6635802469135801,-0.3200000000000005,3.225994348526001,0,10,10.0,2.0,0.0,1,0,7,0
43.60420469022072,10.273266277090261,5.2485277966864925e-06,-1.5887141470456512,-1.355595587294376,18.809000968933105,0,101,10.0,26.0,0.0,141,0,139,0
58.34517974948744,13.256696421054531,5.081326525349193e-06,-0.7539903178972338,-0.7018654819767922,18.594000101089478,0,187,10.0,48.0,0.0,148,0,148,0
3.4467375879228173,0.8,3.4306469103907646e-06,-1.0880202474690663,-0.5625000000000002,3.619000196456909,0,10,10.0,2.0,0.0,1,0,4,0
541.8715899546681,120.39379828988977,4.877481795352366e-06,-0.8635950930435436,-0.8716317171452279,19.190996646881104,0,1403,10.0,319.0,0.0,147,0,150,0
35.97582521638663,8.558816117509087,6.725325705108475e-06,-1.4504610258060855,-1.145099407045692,19.208003759384155,0,108,10.0,29.0,0.0,146,0,146,0
303.3881781920098,69.16935737738207,5.6349742193846055e-06,-0.6467434177334259,-0.6305341585614304,18.965001583099365,0,911,10.0,211.0,0.0,150,0,149,0
474.4773475449943,107.2994563515274,4.38519393665906e-06,-0.5472298562053943,-0.5540207433607505,19.469985485076904,0,1434,10.0,324.0,0.0,150,0,150,0
3.8527587518556103,0.7905694150420949,5.262518778004703e-06,-2.1515654157163593,-0.6666666666666667,4.606001138687134,0,10,10.0,2.0,0.0,1,0,13,0
951.0602890108141,212.5438778229098,4.535019400820488e-06,-0.653157840480896,-0.6790601950039203,18.778000116348267,0,2612,10.0,598.0,0.0,150,0,150,0
1.5275252316519468,0.3333333333333333,4.566773072479255e-07,0.7613636363636364,-0.125,1.9240055084228516,0,10,10.0,1.0,0.0,1,0,8,0
159.59129048917424,37.620473149602994,4.287995546913685e-06,-0.39670163320566276,-0.4100108300414962,18.203999519348145,0,585,10.0,136.0,0.0,150,0,148,0
1193.0043363989364,277.60853733269806,4.2776172371529005e-06,-0.46095230734171366,-0.4790726769853728,18.808996438980103,0,3871,10.0,878.0,0.0,150,0,150,0
1400.411265783496,322.2365487236563,3.6537238638690856e-06,-0.42033946367989783,-0.4401212822473852,19.205999612808228,0,4511,10.0,1007.0,0.0,150,0,150,0
32.70742549753886,31.67908842398135,1.7800053361268277e-06,0.9308261936162432,0.27286354960698067,1.2820003032684326,145,5802,5810.89214784536,1270.0,1254.0,150,149,149,145
176.45662098076738,55.86443167150936,1.0218146611701514e-06,-0.28879952534048714,0.2493877955567111,2.813000202178955,132,6457,6346.820278562617,1344.0,1302.3515632206627,142,140,141,137
343.1810528437929,98.07601753482933,1.1052735686600245e-06,-3.8971687279634146,-0.304902184346014,2.8220043182373047,132,6332,6230.459865598569,1390.0,1390.0,141,136,133,132
73.53198296690502,53.965497307411894,1.0582946664976298e-06,0.9390647966333661,-1.0988596864565041,2.299992561340332,136,6703,6598.613286567235,1446.0,1357.2521424342403,149,146,148,142
3.0903074280724887,0.5477225575051661,8.444332415563074e-06,-0.5378421900161032,-0.26315789473684204,5.60699987411499,0,10,10.0,2.0,0.0,1,0,9,0
2.922064602034243,0.5547001962252291,8.186615476363801e-06,-0.5874587458745875,-0.44444444444444464,3.839999198913574,0,10,10.0,1.0,0.0,1,0,5,0
2.7917947000198318,0.568796458994521,9.429193037900683e-06,-1.203472731719247,-0.2764505119453924,4.761998176574707,0,10,10.0,2.0,0.0,1,0,24,0
3.656285143780717,0.512989176042577,4.379802426742723e-06,-0.5760940561724359,-0.35714285714285676,3.1029999256134033,0,10,10.0,1.0,0.0,1,0,3,0
4.14560568694466,0.9400643223910575,8.29414597609597e-06,-1.1465144555525537,-0.5444234404536865,5.8829991817474365,0,10,10.0,3.0,0.0,1,0,12,0
2.7468990781342053,0.0,0.0,0.10490196078431391,1.0,1.912900686264038,0,10,10.0,0.0,0.0,1,0,1,0
3.4902461491731755,0.30151134457776363,7.936388738852982e-07,-0.11161387631975872,-0.10000000000000031,2.199004888534546,0,10,10.0,1.0,0.0,1,0,3,0
24.40027322251399,5.2236641035451985,6.292872872209506e-06,-2.838151209846094,-1.9491163939072247,19.486995458602905,0,52,10.0,13.0,0.0,150,0,149,0
3.082207001484488,0.0,0.0,0.02564102564102566,1.0,1.6369996070861816,0,10,10.0,0.0,0.0,1,0,1,0
3.2145502536643185,0.7958224257542215,5.285083819501751e-06,-0.7273402674591383,-0.42144638403990053,4.408998489379883,0,10,10.0,2.0,0.0,1,0,5,0
15.945323243300317,3.9597979746446663,1.1449807026011188e-05,-1.103121208779089,-0.8452268875917908,18.77000069618225,0,46,10.0,16.0,0.0,148,0,147,0
8.0129062559515,1.9916492328386208,7.717738416251212e-06,-1.418127798468427,-0.7163131478240805,18.317001581192017,0,23,10.0,6.0,0.0,80,0,73,0
42.46088396002451,9.60832971957145,5.638068581979398e-06,-1.228196362137132,-1.1129425359379255,24.164995670318604,0,118,10.0,29.0,0.0,150,0,144,0
62.04439270930667,13.997380707356168,5.342562441227004e-06,-0.8222695421981676,-0.7586205658494862,19.297998189926147,0,189,10.0,47.0,0.0,149,0,149,0
294.2359484042243,66.32304777878251,4.858717787445446e-06,-0.7014544886344249,-0.6875188621177064,19.65999984741211,0,818,10.0,193.0,0.0,150,0,149,0
219.42245403179078,51.423276182418924,5.194487119868366e-06,-0.6572689722352374,-0.6358412688802864,19.62500238418579,0,704,10.0,178.0,0.0,150,0,149,0
324.5157109704655,73.75626527059696,4.43939522057233e-06,-0.5250918803498803,-0.5231905584254273,19.21299695968628,0,994,10.0,234.0,0.0,150,0,150,0
1003.3897481371168,225.7559449198773,4.476241326472593e-06,-0.6686296358947175,-0.702660113430406,19.309999227523804,0,2611,10.0,583.0,0.0,150,0,148,0
228.58108699831956,53.1655903757308,4.248114241517734e-06,-0.5154408953390295,-0.5015416418241656,18.682000160217285,0,786,10.0,191.0,0.0,150,0,150,0
591.9633490906905,136.62022788250158,5.039400040228538e-06,-0.4972922648715421,-0.5093852624984758,19.234001398086548,0,1915,10.0,438.0,0.0,150,0,148,0
648.7799524235214,154.51347298321053,4.111552668724265e-06,-0.40249712543831007,-0.4154001171855597,19.02500319480896,0,2244,10.0,530.0,0.0,150,0,149,0
275.6794999028159,66.08978741076415,3.808635990980176e-06,-0.2996270918037309,-0.3090775301774489,20.08700156211853,0,1015,10.0,250.0,0.0,150,0,150,0
1361.3524770119848,315.42667399360295,4.346559384463257e-06,-0.41647848775514773,-0.43749712611625946,19.422995567321777,0,4351,10.0,967.0,0.0,150,0,149,0
960.3307485791896,229.80577306354454,3.7008911975807454e-06,-0.36589470402600344,-0.3705658450162561,19.323997497558594,0,3396,10.0,824.0,0.0,150,0,150,0
1257.0853564230765,294.41611142508265,4.035439143052671e-06,-0.3963246670431544,-0.4140406730663162,19.842998027801514,0,4087,10.0,931.0,0.0,150,0,149,0
871.7644330131086,209.41311643097558,3.4868303582610276e-06,-0.3513886908933723,-0.35630157290354103,19.43600082397461,0,3099,10.0,779.0,0.0,150,0,150,0
4.83359455929398,0.4264014327112209,5.064738706224369e-07,-1.6031307550644565,-0.22222222222222254,2.1759982109069824,0,10,10.0,1.0,0.0,1,0,3,0
46.84296873373311,25.40515523079066,1.2533078872660252e-06,0.9552758333005651,0.3642043491242596,2.0030009746551514,139,6220,6240.783111283662,1336.0,1282.2298202798538,148,148,148,145
960.5347551835057,215.11866687795504,1.273917618048858e-06,-0.38986519431935696,0.17229275257923715,5.152997016906738,113,7528,7059.767571330569,1568.0,1454.9285953247345,130,125,125,122
7.834964369202113,2.0445048300260873,1.602446787485404e-05,-3.1458055685624755,-1.080337985799288,18.879001140594482,0,15,10.0,7.0,0.0,114,0,70,0
3.891922253017063,0.42008402520840293,3.990251581481872e-06,-1.9552742616033756,-0.21428571428571397,4.7220001220703125,0,10,10.0,1.0,0.0,1,0,3,0
3.9370039370059056,0.4472135954999579,7.369845387930077e-06,-0.6684607104413351,-0.24999999999999956,3.0640017986297607,0,11,10.0,1.0,0.0,2,0,2,0
2.37806064131954,0.41522739926869984,3.676639720481197e-06,-0.39882352941176413,-0.2083333333333337,4.114998817443848,0,10,10.0,1.0,0.0,1,0,5,0
6.339361166552983,0.7905694150420949,2.2921032929985236e-06,-2.3500488440247476,-0.6666666666666667,2.705000162124634,0,11,10.0,2.0,0.0,2,0,9,0
3.0,0.9153348228041135,7.855464628598832e-06,-2.33,-0.6246458923512754,4.887998819351196,0,10,10.0,2.0,0.0,1,0,13,0
4.05585995813465,0.6324555320336759,2.7951764784470284e-06,-1.5201072386058985,-0.2903225806451615,3.1399998664855957,0,10,10.0,2.0,0.0,1,0,7,0
108.10710738275569,23.68346821448807,6.674720857081215e-06,-0.969988777630777,-0.9842160771121797,18.10699987411499,0,242,10.0,63.0,0.0,148,0,148,0
34.020288064624026,7.976632539277879,6.399474065550604e-06,-1.5809689363575972,-1.3721623860811931,18.464990615844727,0,81,10.0,22.0,0.0,147,0,141,0
4.578811771778712,1.0,3.9957370323983395e-06,-1.7076167076167077,-0.5235507246376816,4.330999135971069,0,10,10.0,3.0,0.0,1,0,6,0
18.71131564944949,4.579665198825492,7.133029274912215e-06,-1.2821115169781936,-0.9386564564367172,18.878997564315796,0,52,10.0,14.0,0.0,146,0,148,0
32.64301865126242,6.979971346646059,5.449740375624541e-06,-1.0552218420613415,-1.0090316621337299,18.59795045852661,0,93,10.0,21.0,0.0,149,0,147,0
188.65881020155584,43.06924656875251,5.793695977043348e-06,-0.5901015089838719,-0.5836602728731579,18.909995079040527,0,556,10.0,134.0,0.0,147,0,147,0
3.21547597009925,0.8345229603962802,5.794377636706382e-06,-1.1221284115452583,-0.4008980115458627,7.097997665405273,0,10,10.0,4.0,0.0,1,0,26,0
176.09688621135052,40.90851582087361,4.7995893094013325e-06,-0.6465347142537681,-0.6327602280857709,19.035998344421387,0,557,10.0,129.0,0.0,149,0,147,0
748.5010131367003,164.9255993875218,4.617094305814302e-06,-0.6835392589718834,-0.7126235568742563,19.506999254226685,0,2021,10.0,436.0,0.0,150,0,147,0
3.995687330282402,0.8509629433967631,2.5117717584385116e-06,-2.3517224163754373,-0.5859375000000002,4.171999216079712,0,10,10.0,2.0,0.0,1,0,10,0
703.2612316913253,160.00012499995117,4.509031902945879e-06,-0.5179392409793697,-0.5379247485197922,19.2130024433136,0,2144,10.0,491.0,0.0,150,0,149,0
723.1594383905483,165.64055461550873,4.404047107623343e-06,-0.5424977107197388,-0.5577279818465681,19.19899821281433,0,2225,10.0,500.0,0.0,150,0,149,0
928.7871302582381,208.28674145673955,4.416743238220895e-06,-0.5925612144509202,-0.613264116228665,19.609001636505127,0,2750,10.0,587.0,0.0,150,0,148,0
1418.5264984013047,321.9862005324659,4.217551089583303e-06,-0.5039461115441237,-0.5250415655359102,19.675997972488403,0,4042,10.0,903.0,0.0,150,0,148,0
952.1386313627514,223.2326887651836,4.077847880622648e-06,-0.4481725169249049,-0.46673676655180385,18.591002225875854,0,3050,10.0,707.0,0.0,150,0,150,0
75.46314773892398,19.75229944419974,5.109980514201101e-06,-0.3609227110670543,-0.3452637511993428,19.24900197982788,0,296,10.0,81.0,0.0,150,0,150,0
999.6960137961939,235.1748711065874,3.7560107917892683e-06,-0.38923528659991846,-0.4016103993206981,19.563997983932495,0,3471,10.0,794.0,0.0,150,0,150,0
1621.78192738728,369.4675267643062,4.017172006933492e-06,-0.4615433484581013,-0.48755457625858156,19.602998733520508,0,4788,10.0,1070.0,0.0,150,0,149,0
2399.2708003335792,511.8598440979718,4.252205765136986e-06,-0.6068790405775013,-0.6722622625296055,19.343998193740845,0,5517,10.0,1123.0,0.0,143,0,138,0
2258.193720653744,491.8802022173014,4.014445327465504e-06,-0.5738308924037325,-0.6267929505923298,18.598992347717285,0,5393,10.0,1142.0,0.0,145,0,145,0
98.80149185846508,42.55606289570295,1.2467174199450135e-06,0.04407123849164041,0.5614057077123866,2.4010009765625,136,6084,6061.943589691344,1286.0,1286.0,146,141,137,136
2.516611478423583,0.3651483716701107,8.986153687926225e-07,0.13321167883211704,-0.15384615384615374,2.3429996967315674,0,10,10.0,1.0,0.0,1,0,6,0
652.8345807145287,173.7545526977148,1.1153154960917326e-06,-1.176991123000604,-1.1950830173564784,4.208993196487427,121,7250,7011.572807466658,1553.0,1445.9106173961281,136,133,130,129
653.6262233282852,165.60669876399177,1.0347289360251102e-06,-0.3120419394318841,-0.32294618030714295,4.4220054149627686,118,7484,7250.6268356894725,1594.0,1496.2050679193944,135,132,133,128
803.9127773654336,197.26155340734655,1.097239166131957e-06,-0.8354049428821166,-0.7737154089415015,4.68799352645874,117,7499,7022.833998094328,1551.0,1447.6968823188245,135,131,133,127
3.0,0.0,0.0,-0.24137931034482762,1.0,1.618011713027954,0,10,10.0,0.0,0.0,1,0,1,0
2.5495097567963922,0.3535533905932738,1.2631418027626785e-06,0.2727272727272727,-0.1428571428571428,1.6679961681365967,0,10,10.0,1.0,0.0,1,0,7,0
4.153311931459037,0.835085876453812,1.1415545492766692e-05,-2.486336120927953,-0.5148552087250844,9.49999713897705,0,10,10.0,3.0,0.0,1,0,61,0
7.888810641239485,1.6593171286204857,8.658805061475525e-06,-3.075600534390472,-1.2960601905044289,18.44700026512146,0,17,10.0,4.0,0.0,96,0,62,0
46.96310608694162,11.10585431202841,8.041543109361937e-06,-1.5257005664140992,-1.2651974288337926,17.844000816345215,0,109,10.0,29.0,0.0,146,0,144,0
2.0077973005261263,0.46770717334674267,5.7540444956296305e-06,0.11015305022634192,-0.28,4.504997491836548,0,10,10.0,1.0,0.0,1,0,4,0
3.803108776203537,0.958218043131008,8.202025654737946e-06,-2.3551887425471127,-0.45628522742168065,13.980998277664185,0,10,10.0,4.0,0.0,1,0,48,0
26.24855551581204,5.763101017102974,6.3109728022268986e-06,-1.4945224842046723,-1.1799628942486087,17.632997035980225,0,59,10.0,15.0,0.0,150,0,150,0
38.528517576811424,8.43050018286776,5.972021056059674e-06,-0.850130359214458,-0.7863027225436174,18.756000518798828,0,123,10.0,28.0,0.0,147,0,150,0
144.59707235394959,32.42632675260438,5.294957511359932e-06,-0.9285814950231694,-0.9045095127263549,19.062999725341797,0,403,10.0,92.0,0.0,150,0,148,0
204.01352896315478,47.58746333507037,4.928358962204468e-06,-0.6109209131585205,-0.5999175937759371,18.716994524002075,0,663,10.0,168.0,0.0,150,0,150,0
1328.814331148888,301.15540838577016,4.516813113547374e-06,-0.5021445455733133,-0.530348149395842,19.710999250411987,0,3770,10.0,833.0,0.0,150,0,149,0
248.50215081660502,66.32011243691935,1.2424445685375433e-06,-0.6777822629601704,-0.4339435359623407,2.5619986057281494,135,6351,6024.18112144469,1338.0,1277.0,144,142,140,135
0.0,0.0,1.5565974319375828e-06,,,0.726996898651123,149,5761,5761.0,1258.0,1258.0,150,149,150,149
571.0896350705518,135.3025626916137,1.0536466574913222e-06,-0.44370695924612136,-0.10278740042695111,4.610000133514404,118,6828,6637.234270977828,1429.0,1366.6709194069954,137,132,129,128
1073.214045429053,237.16135386644146,1.4086712575847725e-06,-0.33107482509403696,0.20710358728087774,5.525000333786011,111,7801,7283.001927347995,1623.0,1502.5795761029276,128,124,124,120
802.1665021992943,204.84018372801015,1.0924337286082102e-06,0.1653276900026931,-0.9497839439204132,4.380999326705933,117,8098,7519.84113540892,1692.0,1552.2031136208252,139,133,135,130
7.883738537859645,1.9782146833277054,1.779830960636057e-05,-2.5236002731297296,-1.1963630921200337,18.9950008392334,0,20,10.0,8.0,0.0,108,0,108,0
5.588679032949856,1.453730832490435,1.4270187468076314e-05,-1.152208866089886,-0.48942834768989796,19.444998502731323,0,15,10.0,5.0,0.0,136,0,91,0
5.185878260558508,1.298717315918544,1.5791886937953534e-05,-2.5159790819291104,-0.8254846312953963,18.78799533843994,0,12,10.0,4.0,0.0,122,0,51,0
4.560701700396552,0.6324555320336759,3.4442495483402385e-06,-2.404255319148936,-0.2903225806451615,3.1819982528686523,0,10,10.0,2.0,0.0,1,0,14,0
7.983733462484829,1.7146428199482247,8.664713129410072e-06,-3.9421239261309005,-0.9393708405406198,18.975003242492676,0,17,10.0,5.0,0.0,109,0,84,0
2.652259934210953,0.6158817620514397,8.16792537571776e-06,-0.20833333333333348,-0.34033613445378164,4.355999708175659,0,10,10.0,2.0,0.0,1,0,4,0
16.616658308256007,3.8695391629150535,8.294562031420548e-06,-3.44786429057762,-1.7289074650077763,19.438000440597534,0,33,10.0,10.0,0.0,114,0,149,0
27.147866705630236,6.202687589531923,8.171520840603287e-06,-2.6819167953170306,-1.928202959830867,18.438998222351074,0,59,10.0,16.0,0.0,146,0,144,0
9.232190061590659,2.1786846184490924,7.87939052468621e-06,-4.649397132513013,-1.466740576496674,18.637999296188354,0,20,10.0,6.0,0.0,143,0,112,0
2.945584931424537,0.6183469424008423,7.18787690941082e-06,-0.8556891766882513,-0.22437673130193891,4.974995851516724,0,10,10.0,2.0,0.0,1,0,26,0
18.830471759004517,4.343577634469846,6.083529663452483e-06,-2.6472505046958656,-1.4899697332300974,18.48800253868103,0,44,10.0,13.0,0.0,149,0,142,0
87.27748850648717,20.01632666933005,7.1923738684588975e-06,-0.6603910003189597,-0.6609414636375293,18.016995191574097,0,249,10.0,58.0,0.0,147,0,146,0
455.1109828016312,102.19073669695638,5.875545534643226e-06,-0.6330939115917931,-0.6435826073555371,17.9080011844635,0,1322,10.0,303.0,0.0,150,0,149,0
345.6103779306017,77.56197521982018,5.208644329404003e-06,-0.7125354767424228,-0.7179138146901267,18.614998817443848,0,893,10.0,207.0,0.0,150,0,150,0
5.066228051190222,1.1055415967851334,4.408987785726836e-06,-4.264772087788407,-1.4613259668508287,3.6340019702911377,0,10,10.0,2.0,0.0,1,0,6,0
21.48394749574668,5.037856687123999,5.613015982911257e-06,-0.9988859469950979,-0.8799319201609161,18.101001977920532,0,69,10.0,16.0,0.0,150,0,146,0
467.566665478482,108.36801496136518,5.09801581746189e-06,-0.5182289469200263,-0.5227290791211765,18.66799807548523,0,1407,10.0,327.0,0.0,150,0,150,0
30.80324658213806,7.95026205018845,4.7459334840046795e-06,-0.9233478896678373,-0.6400749603575033,19.369966506958008,0,105,10.0,29.0,0.0,150,0,148,0
973.3275913072638,218.84618647199073,5.235970485749395e-06,-0.5404143347947996,-0.5649906290567346,18.68100929260254,0,2742,10.0,603.0,0.0,150,0,150,0
461.18256688647716,106.08364624201036,4.846043484607687e-06,-0.4997026411670873,-0.5102074075036307,18.6950044631958,0,1549,10.0,338.0,0.0,149,0,148,0
987.905444193252,231.17681544653217,4.5034983366726425e-06,-0.4211815855458041,-0.43669529414334796,18.65900158882141,0,3147,10.0,726.0,0.0,150,0,149,0
2171.308620778416,467.71321697524576,4.291462890608517e-06,-0.6103706831297822,-0.6636107550055075,18.329999208450317,0,4984,10.0,1056.0,0.0,146,0,136,0
1730.9326310787874,385.51661442796467,4.254531806294108e-06,-0.5217012353763697,-0.5593934418059296,18.207995891571045,0,4611,10.0,969.0,0.0,150,0,143,0
2520.38125687365,535.4508443047473,4.344732161000336e-06,-0.6723775517861974,-0.7349368422893483,17.990002155303955,0,5392,10.0,1154.0,0.0,142,0,132,0
3.208940214042215,0.7710996009560598,5.555331946417954e-06,-0.9060302866414274,-0.4587813620071681,10.37900424003601,0,10,10.0,2.0,0.0,1,0,16,0
1296.754011625438,305.973473795796,4.311679449994236e-06,-0.3259690739139425,-0.34741602852093667,18.024995803833008,0,4430,10.0,996.0,0.0,150,0,149,0
394.63309828314806,119.1805553106159,1.2086893546565828e-06,-3.195689003802584,-2.2775609119107334,2.752997875213623,131,6518,6273.299182883134,1363.0,1286.0143511972456,143,138,136,136
399.1740194989028,112.92170182152623,1.1004603251669276e-06,0.22026063016318487,0.3847518047347912,4.178000211715698,121,6986,6870.424641132588,1450.0,1416.7341578058304,134,133,131,129
954.8542846373189,201.64969771392563,1.8019107386629353e-06,0.4480331801977384,0.6606410391047678,6.134997606277466,103,7293,7058.322635295098,1510.0,1455.81735780704,122,116,119,113
859.3064528876965,201.4387443220943,1.1203917463512578e-06,-0.5795024893937684,-0.32994133436561723,4.443997621536255,117,7714,7249.757212516139,1604.0,1495.7481678028444,136,131,131,127
1086.961864813459,217.79467578101946,1.7777867401867736e-06,0.4259233529574379,0.6870200055367719,6.134000778198242,102,8091,7833.446237169637,1746.0,1620.0337165368228,119,117,118,113
2.274077520980446,0.560611910581388,2.6441716193902357e-05,-0.3694336359706012,-0.26644736842105265,4.593998670578003,0,10,10.0,2.0,0.0,1,0,24,0
3.2317865716108862,0.4303314829119352,4.456902839506376e-06,-2.795613160518445,-0.22727272727272663,4.031000852584839,0,10,10.0,1.0,0.0,1,0,7,0
2.6457513110645907,0.3535533905932738,1.3603439422596142e-06,0.26315789473684215,-0.1428571428571428,1.505000352859497,0,10,10.0,1.0,0.0,1,0,7,0
5.019960159204453,0.7071067811865476,5.573410784107441e-06,-2.076923076923077,-0.47058823529411753,2.894998788833618,0,10,10.0,2.0,0.0,1,0,4,0
41.51144420518274,9.345230512584124,1.0225275213408532e-05,-1.0144107365411368,-0.926062716130702,19.07200026512146,0,111,10.0,28.0,0.0,150,0,149,0
2.04494943258218,0.0,0.0,0.48261758691206547,1.0,2.0789954662323,0,10,10.0,0.0,0.0,1,0,1,0
4.303037186948083,0.8032193289024988,2.612547830791242e-06,-1.1038070465831162,-0.46226415094339623,4.334007263183594,0,10,10.0,3.0,0.0,1,0,11,0
235.1643113513046,52.832691899366,6.33712873706935e-06,-0.692070418266028,-0.6956517794919659,19.202003717422485,0,680,10.0,151.0,0.0,149,0,147,0
191.29115679159523,44.19585199239102,6.269578056728198e-06,-0.6356343482050952,-0.6297795495061946,18.15199637413025,0,588,10.0,146.0,0.0,150,0,150,0
325.752267835544,74.03080439924992,5.855655947130828e-06,-0.6032415364218038,-0.603920209988283,18.444000720977783,0,1027,10.0,241.0,0.0,150,0,149,0
315.360756383331,71.57681188764975,5.807349381820111e-06,-0.6926780652474496,-0.7078186227579724,18.50099539756775,0,861,10.0,205.0,0.0,147,0,144,0
18.745132701584165,4.678318786344798,5.971103040754453e-06,-0.8655104319032829,-0.6334362696156641,18.66399884223938,0,70,10.0,22.0,0.0,149,0,148,0
814.7675251260325,179.64891687214075,5.27632519119164e-06,-0.6265358271373229,-0.656966725919236,18.482000589370728,0,2175,10.0,480.0,0.0,150,0,150,0
2.906591794880899,0.6695340634119862,2.5902890495366064e-06,-0.6554054054054055,-0.47265625000000067,4.057000637054443,0,10,10.0,2.0,0.0,1,0,11,0
913.3911502381295,204.03779061732658,5.033404318803761e-06,-0.5875189960555174,-0.6186323917830494,19.097007274627686,0,2468,10.0,531.0,0.0,150,0,148,0
94.4929274249313,22.324575397231335,5.408771106040885e-06,-0.4612912534975151,-0.4588224825467395,18.934996366500854,0,309,10.0,73.0,0.0,150,0,146,0
956.2841523313036,216.68559404507414,5.194500935866622e-06,-0.5511279421570832,-0.5722584919344227,18.197997331619263,0,2801,10.0,640.0,0.0,150,0,148,0
1020.4475260067679,234.6324075371232,4.551160209135355e-06,-0.4349927224079062,-0.4528330318746667,18.440001249313354,0,3182,10.0,721.0,0.0,150,0,149,0
1034.412122898799,235.94521963088522,5.258571188314963e-06,-0.44824263334429437,-0.47499024400576584,18.165998697280884,0,3154,10.0,670.0,0.0,150,0,145,0
284.3779878963912,68.74600594458803,4.735069114701319e-06,-0.379587739407079,-0.38444904148249925,18.381998300552368,0,1061,10.0,275.0,0.0,150,0,149,0
2621.4067889843677,550.7770450312298,4.46729185985549e-06,-0.643926850892115,-0.7055404156387046,18.67799663543701,0,5632,10.0,1169.0,0.0,138,0,131,0
785.9889481835395,193.50498701583894,4.845877095992774e-06,-0.31791945665281207,-0.3219980419383892,18.60699987411499,0,2988,10.0,710.0,0.0,150,0,150,0
2472.1645522362246,535.469245926723,4.1198453361705705e-06,-0.5465212370761938,-0.6012117523062832,17.87999987602234,0,5804,10.0,1204.0,0.0,144,0,141,0
554.3288712940928,137.81219519283073,1.3393943203322446e-06,0.26407628611018286,0.4846124512576141,4.646000385284424,115,6791,6639.274367074163,1424.0,1368.240036019356,129,127,131,124
658.6571601145906,147.13676826243167,1.245822901046243e-06,-0.17258525283883985,0.4294091925914696,4.818998336791992,116,6734,6584.3468971631555,1435.0,1356.3258055914657,135,128,128,124
429.5865437341189,127.71921706968723,1.105852866328144e-06,-0.3086292020231258,-2.3113102520085067,3.5629994869232178,126,6877,6696.911346487151,1482.0,1379.196592731224,140,137,137,133
3.90006747579955,0.512989176042577,5.255775846940039e-06,-1.6837732160312808,-0.35714285714285676,3.0039963722229004,0,10,10.0,1.0,0.0,1,0,5,0
3.404542420195274,0.7282190812544191,1.411311930667537e-05,-1.5426801631666414,-0.4611005692599621,8.166999101638794,0,10,10.0,2.0,0.0,1,0,9,0
6.72408605933426,1.6512621435334447,1.3313446769976986e-05,-3.212701462622782,-1.2617511520737335,18.33000373840332,0,16,10.0,5.0,0.0,142,0,71,0
19.72257589667232,4.385582439463809,9.677309467992528e-06,-1.6587421293085463,-1.2126382419560184,18.467997789382935,0,50,10.0,12.0,0.0,145,0,140,0
29.308133114660624,6.32033754372871,9.30377447574951e-06,-1.422924443821513,-1.2138149144326547,18.60399556159973,0,71,10.0,20.0,0.0,145,0,145,0
3.200378765462651,0.4264014327112209,3.17155969317783e-06,-0.4891855807743659,-0.22222222222222232,4.521001100540161,0,10,10.0,1.0,0.0,1,0,4,0
2.273030282830976,0.0,0.0,0.158371040723982,1.0,2.031003952026367,0,10,10.0,0.0,0.0,1,0,1,0
7.183313998427188,1.7204650534085253,9.442354049308362e-06,-3.7445852063751532,-0.9473684210526316,18.09699249267578,0,15,10.0,5.0,0.0,65,0,69,0
2.692582403567252,0.0,0.0,0.2156273478587527,1.0,1.963001012802124,0,10,10.0,0.0,0.0,1,0,1,0
1.6666666666666667,0.0,0.0,0.6710526315789473,1.0,1.6709988117218018,0,10,10.0,0.0,0.0,1,0,1,0
2.570738347668606,0.6255432421712243,6.818884398280894e-06,-0.10214375788146302,-0.3101265822784809,3.688000202178955,0,10,10.0,2.0,0.0,1,0,22,0
4.620245303732982,1.2858201014657273,1.1143231153200315e-05,-1.5973955742066663,-0.7045454545454544,19.006996870040894,0,12,10.0,5.0,0.0,3,0,41,0
240.45757768609968,53.413918286029784,6.552756230950481e-06,-0.7955565337991193,-0.7965622601456843,19.26099991798401,0,677,10.0,154.0,0.0,150,0,150,0
32.78831092528758,7.7110310594628,6.841349872331075e-06,-1.2910025974763992,-1.0993094098207856,18.623997926712036,0,73,10.0,21.0,0.0,150,0,147,0
2.5144742283748487,0.3592106040535498,3.778866780492402e-06,0.16767123287671248,-0.14814814814814858,4.253998756408691,0,10,10.0,1.0,0.0,1,0,3,0
231.87209117672325,52.94493995337672,6.271224986066412e-06,-0.6152218907275357,-0.6094333944711965,19.4139986038208,0,685,10.0,161.0,0.0,150,0,150,0
66.08096044499757,15.447761434374021,6.459789147629213e-06,-0.7144307950024427,-0.6874834410236439,19.163997888565063,0,201,10.0,51.0,0.0,148,0,147,0
1088.6949802401039,244.34122315592458,4.865509675907786e-06,-0.5509164932614115,-0.5795743169776546,18.512996196746826,0,3034,10.0,671.0,0.0,150,0,150,0
405.7167566993834,97.17393340466019,6.109851643634385e-06,-0.39090258161918934,-0.3912847596253015,18.69400119781494,0,1479,10.0,370.0,0.0,150,0,150,0
1233.170907322528,277.68288868179593,4.617875825181535e-06,-0.5341763858521451,-0.5631010089688926,18.931002616882324,0,3513,10.0,767.0,0.0,150,0,150,0
1670.8344502074403,371.3409035733428,4.973374607664247e-06,-0.50290468038495,-0.5454848353217805,18.740001678466797,0,4467,10.0,978.0,0.0,150,0,148,0
1613.7570283864502,362.0305788189721,4.873086367443844e-06,-0.43527270485724245,-0.4639520763130811,18.32199716567993,0,4737,10.0,1021.0,0.0,150,0,146,0
2499.3612050548704,530.8599250273089,4.494235436894968e-06,-0.6652505103348156,-0.7268298745872857,18.475003242492676,0,5396,10.0,1129.0,0.0,138,0,136,0
2279.00972646747,499.18173711251364,4.8258786601489684e-06,-0.5387721185122205,-0.5862767094013182,19.12999987602234,0,5403,10.0,1191.0,0.0,144,0,140,0
2481.2771617321055,528.2378252264789,4.5143589622139744e-06,-0.5798709799754638,-0.64067329845483,18.69599413871765,0,5581,10.0,1132.0,0.0,143,0,134,0
597.4563303427847,150.25074597707217,4.426655929305251e-06,-0.29123935375263654,-0.29373633208083394,18.771998167037964,0,2361,10.0,577.0,0.0,150,0,148,0
114.28088045724645,46.51299392440205,1.3012937384844445e-06,0.39751121508437326,0.013477711034170392,2.8379995822906494,132,5993,6105.528418987162,1290.0,1290.0,143,141,133,132
508.41516996953817,132.99309019452693,1.253752156647241e-06,-0.9702835655272692,-0.08549504114988715,4.246002197265625,121,6530,6464.20532913433,1388.0,1330.8217131683878,136,132,129,128
391.871660015394,124.72448798652155,1.1461254940686224e-06,0.07466190286346974,-1.4451267695167433,3.453000545501709,126,6819,6608.931734825386,1448.0,1361.4377216553712,141,137,135,134
50.82932629975259,41.251152274370874,1.5736531907709866e-06,0.9852634017106621,0.5351728582763517,1.6799938678741455,141,6918,6806.547864799566,1483.0,1438.328715958788,150,149,150,149
1116.2708012479466,228.56403559837852,2.0651255655616136e-06,0.6160591427446378,0.7562670231101756,6.968997240066528,97,8650,8217.920961398524,1807.0,1702.1922140330862,119,114,115,111
5.793099343184096,1.4189197769195174,1.7887652115248882e-05,-2.781171757636455,-1.0987768717568573,19.46200394630432,0,11,10.0,5.0,0.0,130,0,105,0
2.4408799103688215,0.5982430416161189,1.6168202771636286e-05,-0.48167539267015713,-0.38626609442060045,12.365000486373901,0,10,10.0,2.0,0.0,1,0,71,0
3.370036032024414,0.3779644730092272,4.2847400292509285e-06,-0.7486252945797331,-0.16666666666666652,2.220996379852295,0,10,10.0,1.0,0.0,1,0,9,0
2.030076875690209,0.49236596391733095,9.889316203094163e-06,0.14416475972540033,-0.15789473684210553,4.71400785446167,0,10,10.0,2.0,0.0,1,0,7,0
2.716790823923031,0.6900655593423543,1.096873732016876e-05,-0.43202815662120586,-0.6279069767441863,5.7779974937438965,0,10,10.0,2.0,0.0,1,0,5,0
4.974602161647368,1.2516655570345725,1.3343316112637913e-05,-1.6002166847237271,-0.7519009989563146,18.82799530029297,0,12,10.0,5.0,0.0,133,0,119,0
2.6331223544175333,0.5477225575051661,1.4749423162480565e-05,0.0741839762611276,-0.4285714285714288,4.223001718521118,0,10,10.0,1.0,0.0,1,0,2,0
3.6742346141747673,0.6614378277661477,4.277562024547573e-06,-0.5428571428571429,-0.28735632183908044,2.6019983291625977,0,10,10.0,2.0,0.0,1,0,9,0
3.589199484728659,1.0571882797418488,5.377224443839624e-06,-1.1274285714285717,-0.5990099009900989,2.860004425048828,0,10,10.0,3.0,0.0,1,0,7,0
4.765556244111433,0.9459053029269173,4.708694575566729e-06,-2.679344777291596,-0.8044692737430168,5.016003131866455,0,10,10.0,3.0,0.0,1,0,14,0
49.92180552290418,10.960231141114985,6.909624079188838e-06,-0.9420526849438915,-0.8689207438205682,18.28899359703064,0,144,10.0,31.0,0.0,150,0,139,0
57.71348773611474,13.320160159197286,7.993560783289272e-06,-0.7544064790704925,-0.7380412521942661,18.371000289916992,0,156,10.0,38.0,0.0,150,0,148,0
3.1699811494399897,0.6439209162167846,9.368934530287117e-06,-0.7993182786536002,-0.708333333333333,5.656996250152588,0,10,10.0,1.0,0.0,1,0,2,0
212.32944528099097,49.25288485628702,5.747309503039696e-06,-0.5130623414359474,-0.5162877263438952,18.96500015258789,0,688,10.0,160.0,0.0,150,0,150,0
503.6586013031711,114.60785313406755,5.1254437671708924e-06,-0.6312938524176823,-0.6436777167528849,18.756999731063843,0,1510,10.0,339.0,0.0,150,0,146,0
192.03119538241697,46.09150319382811,5.334294317080695e-06,-0.5470087736351883,-0.5465372482407183,18.737996101379395,0,652,10.0,171.0,0.0,150,0,150,0
1019.5807471701297,232.1980907185357,5.064309758893209e-06,-0.5960445995328969,-0.6151658440279364,18.785001516342163,0,2888,10.0,629.0,0.0,150,0,150,0
566.8583773748078,132.40999458751844,7.251856079995222e-06,-0.4259639945201035,-0.44001653292063314,18.58700442314148,0,1844,10.0,434.0,0.0,150,0,150,0
520.1882928325089,125.50899038183148,4.974914181538596e-06,-0.35702367656461087,-0.36120720947609986,18.75699806213379,0,1924,10.0,452.0,0.0,150,0,149,0
1275.3336556891038,286.5475178744356,4.88367050426232e-06,-0.53941772184007,-0.5592871716058261,18.888999223709106,0,3614,10.0,809.0,0.0,150,0,150,0
2067.6944809779484,432.2924395977026,4.932663631181123e-06,-0.8392620220540337,-0.9216440890792006,18.78600001335144,0,4151,10.0,867.0,0.0,134,0,134,0
228.03951411981214,53.750038759675945,6.686314883561013e-06,-0.3155271788201883,-0.32737117614021893,19.107003450393677,0,848,10.0,198.0,0.0,150,0,150,0
1080.919901441977,250.73934673281735,4.559415501295943e-06,-0.4174887969058938,-0.43075581629219695,19.300996780395508,0,3514,10.0,771.0,0.0,150,0,149,0
2557.7001322803007,539.2538425145125,4.802445932267415e-06,-0.704343739791607,-0.7792041431220802,18.902994632720947,0,5455,10.0,1159.0,0.0,138,0,130,0
848.521647730137,207.52702635239262,5.1684234971457095e-06,-0.32752170949126014,-0.3349055519379538,18.69900107383728,0,3161,10.0,792.0,0.0,150,0,150,0
2405.5782631209486,516.4311958044362,4.5821840760669565e-06,-0.5701937845657723,-0.6298164885542852,19.02100110054016,0,5574,10.0,1159.0,0.0,143,0,141,0
1404.1579754429342,329.88749597400624,5.597948014710301e-06,-0.3668520905776542,-0.38864108533688735,19.27499747276306,0,4677,10.0,1042.0,0.0,150,0,148,0
1695.4830540782962,396.8594377526297,4.244854713488019e-06,-0.3506372147591057,-0.3682892690785602,18.734002351760864,0,5654,10.0,1247.0,0.0,150,0,150,0
783.2191834460749,153.9727596363422,1.8484420716537366e-06,0.6658017360032291,0.8092780906078482,6.192000389099121,103,6785,6600.000512979667,1510.0,1360.3565249644898,119,115,113,112
181.6692699806938,75.20145210833354,1.3280170690308077e-06,0.8481905860470088,-0.3877152861596489,2.0729994773864746,136,7081,6740.754813189229,1488.0,1390.127026232326,149,146,149,143
1077.717412567863,214.09716202805825,2.3800147139235886e-06,0.668262899085944,0.7988179371574259,6.865012884140015,97,8372,7978.01151435866,1765.0,1651.658450793896,116,112,115,109
91.97253478391505,28.769856087187847,1.4932472701812696e-06,0.972565567990992,0.9060785694817337,1.5570025444030762,142,6958,7065.381668830336,1601.0,1608.816504610455,150,149,150,149
1261.1842969931135,249.70902502289775,2.8171796618847125e-06,0.7258307175905352,0.81175955177839,7.768998146057129,90,8971,8006.022015330979,1916.0,1656.8127674659927,111,106,107,103
2.540579747724022,0.6396021490668313,6.735711703567723e-06,-0.1726726726726726,-0.3288590604026844,3.5050034523010254,0,10,10.0,2.0,0.0,1,0,12,0
2.53546276418555,0.6761234037828132,8.65644634194438e-06,-0.7156862745098036,-0.21739130434782616,4.959994792938232,0,10,10.0,2.0,0.0,1,0,13,0
1.8708286933869707,0.0,0.0,0.7142857142857143,1.0,1.2789978981018066,0,10,10.0,0.0,0.0,1,0,1,0
4.222953153106642,0.408248290463863,1.348961067485229e-06,-0.613065326633166,-0.20000000000000018,7.412001371383667,0,10,10.0,1.0,0.0,1,0,2,0
5.158154454555349,1.2213939899510415,6.005845237865023e-06,-2.857961187748422,-0.4994597514856838,7.873998165130615,0,10,10.0,5.0,0.0,1,0,19,0
4.028964896786132,0.6988362419217079,5.395277206746618e-06,-2.3898802800993906,-0.331858407079646,5.740000247955322,0,10,10.0,2.0,0.0,1,0,13,0
40.313686675040444,9.832598842625483,7.719040588581812e-06,-0.5265812717805494,-0.47005157648890594,18.94199824333191,0,137,10.0,33.0,0.0,150,0,145,0
30.932722695122287,7.507329751649384,7.60076058564159e-06,-0.8152126008869509,-0.6722844663881504,19.299996376037598,0,100,10.0,26.0,0.0,150,0,144,0
151.96773780422387,36.63541092076535,5.538601610907855e-06,-0.5878879331089162,-0.5656079658489161,18.80100107192993,0,500,10.0,121.0,0.0,150,0,150,0
85.57764505601527,19.62617300103784,6.1609390411173516e-06,-0.7233217108990735,-0.6739884062584263,18.913995265960693,0,252,10.0,63.0,0.0,150,0,149,0
743.3279491583778,169.2855378741295,5.422947891597991e-06,-0.5569134896806591,-0.5689182343047936,19.178000926971436,0,2181,10.0,495.0,0.0,150,0,148,0
950.6457454453438,212.3374515560864,5.390669168845841e-06,-0.5335817425027969,-0.5636629241074398,19.400999546051025,0,2698,10.0,580.0,0.0,149,0,148,0
1221.431136003991,271.4741239971132,5.1120013442763785e-06,-0.5506714072072938,-0.5816333546055539,19.210994243621826,0,3275,10.0,699.0,0.0,150,0,150,0
2237.932139275005,472.019618236361,5.176884844844293e-06,-0.7284806036106168,-0.7964725908163459,18.961001873016357,0,4615,10.0,988.0,0.0,133,0,129,0
1570.7773680569758,365.7819842474476,4.540444445395436e-06,-0.3879567904991319,-0.41063900296075717,18.55899953842163,0,5084,10.0,1119.0,0.0,150,0,150,0
130.3528515566028,49.78501890317426,1.0911867227406864e-06,0.9718354658438744,0.7576642889355854,3.0079944133758545,129,7449,7421.16438068173,1570.0,1534.4165589510403,147,144,142,140
1123.4037112414514,228.2073392000428,3.0286212613880254e-06,0.731909408630568,0.8093756543124072,7.594001293182373,93,8427,7549.947595541407,1802.0,1560.0029637061743,113,108,109,104
978.8420863483999,199.90695559661742,1.8664441682786744e-06,0.5745155819702121,0.7579665528356324,6.215998888015747,104,8700,8375.478641544476,1833.0,1736.6420807989298,123,120,120,117
1330.2184928555164,267.54891118686214,2.2345066647865616e-06,0.5139834211328649,0.6994622074643396,6.9110026359558105,101,9563,8718.77170878098,2033.0,1808.9131186468685,122,118,117,114
3.04255531702266,0.609449400220044,1.765187637771737e-05,-0.47579385736595503,-0.21657754010695185,4.71199631690979,0,10,10.0,2.0,0.0,1,0,5,0
3.134251012884052,0.5636018619766345,1.5041643611057282e-05,-0.5847586299289964,-0.2995469988674966,10.930999040603638,0,10,10.0,2.0,0.0,1,0,65,0
2.786019519297157,0.5345224838248488,1.1716799914891218e-05,-0.2956093868281606,-0.40000000000000013,3.190004587173462,0,10,10.0,1.0,0.0,1,0,6,0
16.35624243726739,3.9276795524414494,1.0874670122553852e-05,-1.93576849599751,-1.1175480123965928,18.86999773979187,0,35,10.0,11.0,0.0,103,0,101,0
66.24615712124994,14.514590360507366,8.202565957582252e-06,-1.3838441374472947,-1.133683174279938,18.318997621536255,0,155,10.0,47.0,0.0,150,0,143,0
3.0584582172504278,0.9128709291752769,1.006905254525077e-05,-1.3510417802988983,-0.6901408450704227,6.522000074386597,0,10,10.0,3.0,0.0,1,0,35,0
60.002499947918835,13.479366948537804,8.228009142860714e-06,-0.9469074978028817,-0.839709757783474,18.129998207092285,0,168,10.0,42.0,0.0,150,0,150,0
5.202163011671203,0.82915619758885,2.507066376189981e-06,-1.9772238934250108,-0.3858267716535433,2.5670039653778076,0,10,10.0,2.0,0.0,1,0,7,0
36.35033241480285,8.742234649485603,6.18223110754866e-06,-1.2535929777750825,-0.9368005622533382,18.989001035690308,0,103,10.0,30.0,0.0,150,0,149,0
3.0649534081188565,0.674199862463242,5.612704004178482e-06,-1.3218338629142083,-0.51840490797546,4.75800085067749,0,10,10.0,2.0,0.0,1,0,28,0
553.3421184041568,127.49065325217636,5.7669442440374285e-06,-0.5128689959475439,-0.5318153771424357,18.589000940322876,0,1736,10.0,392.0,0.0,150,0,148,0
1061.2230051533309,231.97916573117797,5.576282279968811e-06,-0.681669703385368,-0.713709622061812,18.79800057411194,0,2658,10.0,588.0,0.0,150,0,148,0
1771.3240358556645,380.3571654817789,5.289345288847056e-06,-0.5890087460297824,-0.6481195156657877,18.831995725631714,0,4234,10.0,894.0,0.0,145,0,143,0
3.3541019662496847,0.6373774391990981,4.229593036303524e-06,-0.7821782178217822,-0.4101694915254237,4.274998903274536,0,10,10.0,2.0,0.0,1,0,16,0
1452.889218075487,324.2000308451558,5.116502383220034e-06,-0.5023900442406128,-0.538640165606971,19.118993997573853,0,3983,10.0,848.0,0.0,150,0,149,0
1792.5272643207782,396.32927387884604,5.1121801288365245e-06,-0.5039726897169425,-0.5453494837953163,18.874993085861206,0,4627,10.0,975.0,0.0,148,0,142,0
2.273030282830976,0.408248290463863,5.750704884617248e-07,0.5782312925170068,-0.19999999999999973,1.3150036334991455,0,10,10.0,1.0,0.0,1,0,2,0
1554.647025319038,355.541896265405,5.223702515973428e-06,-0.37876593070868925,-0.40249139415014223,18.87599802017212,0,4880,10.0,1050.0,0.0,150,0,150,0
2867.954220927059,598.9148631761724,5.072654789005429e-06,-0.7435670886528554,-0.8201274202347619,19.361000299453735,0,5966,10.0,1234.0,0.0,131,0,129,0
1719.854553927938,396.14422457820416,4.634656392394513e-06,-0.3491580005817261,-0.37100056209449495,18.9649977684021,0,5579,10.0,1223.0,0.0,150,0,150,0
626.8169791948911,144.38118356016528,1.5933103762198097e-06,0.31871777845696847,0.6131925060424432,5.318996906280518,114,6515,6388.863226755937,1383.0,1316.4180407741705,126,125,123,121
34.57207421514498,38.029023021804356,1.7427985127525377e-06,0.9915771446188973,0.6179851915804512,1.5059995651245117,142,6656,6565.250610009864,1460.0,1405.3405308998763,150,149,150,149
681.3635148353088,139.26516847197064,1.7285725660985587e-06,0.6883886501757253,0.8302146275139743,5.735998868942261,108,7032,7030.75770840859,1506.0,1452.7356404627926,122,120,120,117
953.8069412541051,190.3393801098671,3.235559914873134e-06,0.8543893533369924,0.895877948263644,7.968992233276367,88,8762,8007.698648411737,1850.0,1658.311955127011,108,104,103,101
1084.6963888727146,214.0473764855663,2.899964656552902e-06,0.7623255921329979,0.8467306610728547,7.2109997272491455,95,9075,8636.14805868868,1924.0,1792.550027670236,114,111,112,108
1159.775661939707,220.10229095823877,2.8947797384684645e-06,0.7638259494411319,0.859076385947866,7.055999040603638,94,9315,8741.728737535392,1979.0,1815.9352664624794,116,110,112,107
1091.46217298348,211.71940202869368,2.79009675346717e-06,0.8170341679417713,0.8812286299945289,7.552002906799316,94,9770,9168.168593408021,2072.0,1907.052566319744,115,111,111,107
3.305007855221667,0.3922322702763681,3.557973636467507e-06,-0.7382297551789081,-0.18181818181818188,2.130000591278076,0,10,10.0,1.0,0.0,1,0,9,0
3.5071355833500366,0.4472135954999579,3.0646518997685098e-06,-0.49090909090909096,-0.24999999999999978,2.7280001640319824,0,10,10.0,1.0,0.0,1,0,3,0
4.385290096535146,0.5547001962252291,3.5016491182429415e-06,-1.3567802755620013,-0.44444444444444486,3.5939993858337402,0,11,10.0,1.0,0.0,2,0,2,0
7.054076835419359,1.544884030167529,1.2674306025983396e-05,-1.9799103578234623,-0.8287699223539025,18.973001956939697,0,15,10.0,5.0,0.0,118,0,118,0
40.56640646314797,9.015172396207037,1.047467796766801e-05,-0.8554635871519285,-0.7316613778859835,18.97200107574463,0,105,10.0,28.0,0.0,145,0,140,0
30.62765634738207,6.581286601670932,9.5558913536097e-06,-1.6439184439185444,-1.4272666817766333,19.025993824005127,0,68,10.0,18.0,0.0,136,0,131,0
2.5584085962673253,0.6030226891555273,9.82259120921882e-06,-0.10924369747899165,-0.38582677165354307,5.726999521255493,0,10,10.0,2.0,0.0,1,0,24,0
37.19166573306445,8.702107024546795,7.699012758608625e-06,-0.7883586670904299,-0.7097160357185501,18.830000638961792,0,114,10.0,27.0,0.0,148,0,145,0
97.3760750903424,22.408480537510794,7.695549658891056e-06,-0.5108848315228389,-0.519196442077875,19.356999158859253,0,309,10.0,76.0,0.0,150,0,150,0
213.18148762654477,47.473431165933924,7.468250258205911e-06,-0.7985524856400785,-0.7771272750224474,18.54400062561035,0,582,10.0,135.0,0.0,150,0,150,0
85.46133628723577,19.892879798225966,8.908683917964503e-06,-0.5239032585873598,-0.5019419809470795,18.565998792648315,0,283,10.0,69.0,0.0,150,0,148,0
364.6831135840174,83.97797330252737,6.545646595383172e-06,-0.5649809934475578,-0.5721161789910549,18.533995866775513,0,1152,10.0,255.0,0.0,150,0,150,0
360.4890566993678,80.15310349574744,6.320208099932604e-06,-0.5405033797599639,-0.5713985989659658,18.53599739074707,0,1020,10.0,221.0,0.0,150,0,150,0
613.6182146362129,144.6449676506814,5.974801210968243e-06,-0.4952754257012755,-0.5043751740322229,18.68400239944458,0,1903,10.0,445.0,0.0,150,0,149,0
1545.6768161553048,332.17123094372073,5.7045450063947624e-06,-0.6973239327235587,-0.7617271060868138,18.690001487731934,0,3349,10.0,727.0,0.0,143,0,142,0
1336.261221967222,292.55802843196767,5.114545002714924e-06,-0.6091221353704233,-0.6553642371482069,18.962997674942017,0,3316,10.0,710.0,0.0,150,0,150,0
1897.9238481386267,405.175772556389,6.085455113359264e-06,-0.7103033639448277,-0.7740193604373855,19.22299551963806,0,4011,10.0,856.0,0.0,139,0,137,0
1930.8095210731344,415.85786834766833,5.247898655698804e-06,-0.6346851748989915,-0.6900484595790182,18.291999101638794,0,4302,10.0,938.0,0.0,140,0,140,0
1129.9109138924773,263.69915939696637,4.63359233200537e-06,-0.4035065217383793,-0.41961288759029447,17.821992874145508,0,3692,10.0,846.0,0.0,150,0,150,0
2439.705402980723,504.58405312362646,5.2757854061635275e-06,-0.7962023421163937,-0.886611268479532,19.31499981880188,0,4817,10.0,1014.0,0.0,131,0,124,0
2211.125452493971,485.5974739088607,4.7543207142971094e-06,-0.4634761515978558,-0.5074753554942177,19.298001766204834,0,5719,10.0,1205.0,0.0,147,0,146,0
118.45216821258619,34.819287750937654,1.4610236495204158e-06,0.4362497690627869,0.8154231045733661,2.6979997158050537,133,5901,5946.858591709746,1272.0,1272.0,140,140,134,133
2935.651512015689,607.9689246444536,4.946880888962648e-06,-0.8171724807353418,-0.8739328246367009,18.983996152877808,0,6001,10.0,1233.0,0.0,129,0,120,0
389.24795171019866,103.79502239936646,1.392112319666525e-06,0.09760873619545374,0.5216984402263897,3.696998357772827,125,6647,6483.894931871825,1391.0,1338.2260201667423,136,134,133,130
610.4492463042419,138.99989572877976,1.5413105958148903e-06,0.39045302648699143,0.6733715601132569,4.807001113891602,116,7067,6880.325014693763,1511.0,1421.8600966800705,130,127,126,124
700.5869184720407,146.83214789184504,1.6468590546181631e-06,0.43027036068131097,0.7332457113858103,5.2280004024505615,111,6970,6904.934397073557,1485.0,1427.373073903812,128,124,121,120
580.5344492651616,122.1892031924761,1.819315305371757e-06,0.8053760047586822,0.8825044775202272,5.812000513076782,106,7219,7179.833052196205,1508.0,1486.902889367575,123,119,116,116
886.4773342492248,193.71607285044578,1.7240754622533716e-06,0.12476270473193418,0.5226284856817391,5.381993293762207,112,7782,7306.412989661341,1628.0,1510.8363249537197,129,126,129,122
870.4251766125564,192.9201700281911,1.8926068838721974e-06,0.4266857571103583,0.6571570725316112,5.636000394821167,109,7894,7608.556048035654,1657.0,1574.208318524752,126,123,123,119
448.4174039015759,141.57759881294834,1.1431902956692612e-06,0.7758238177123861,-0.06688244460986859,3.768998146057129,124,8468,8144.060280173537,1823.0,1688.3177371963357,140,139,139,135
889.476934972233,177.5779355376112,2.6109531675211566e-06,0.8352305659230785,0.8924928608493694,7.775000333786011,95,8825,8824.50297763544,1896.0,1834.5307971266202,113,112,110,108
1296.118810018402,257.478352816866,2.9779415867851472e-06,0.670023814330373,0.7863316362356635,7.129999876022339,96,9207,7982.691836619584,1912.0,1652.7643220157624,117,112,113,108
3.7712361663282534,0.4714045207910317,2.5650891368475054e-06,-1.0,-0.2857142857142856,1.6619994640350342,0,10,10.0,1.0,0.0,1,0,3,0
40.549969173847714,9.023303164584464,8.811244632269812e-06,-1.0690855656020664,-0.8835188629486719,18.327007055282593,0,128,10.0,31.0,0.0,150,0,148,0
2.6204325342711394,0.3651483716701107,1.8794787641522764e-06,-0.10042735042735051,-0.1538461538461542,2.586998224258423,0,10,10.0,1.0,0.0,1,0,5,0
273.0052014156507,60.076395808448204,7.686432078152556e-06,-0.6482404111992661,-0.6669212010739709,17.69699788093567,0,777,10.0,172.0,0.0,150,0,150,0
474.74098903156306,107.49514717728734,5.8662591926072695e-06,-0.5033986373301662,-0.5100326491112677,18.720001459121704,0,1496,10.0,331.0,0.0,150,0,150,0
417.371369406192,94.73686364522173,6.136468937913638e-06,-0.5534655516763511,-0.5544544648959651,18.813998699188232,0,1284,10.0,321.0,0.0,150,0,150,0
933.2132375114846,208.26817647766865,6.085576641619203e-06,-0.5269726138126616,-0.5661569682584355,17.98799753189087,0,2611,10.0,570.0,0.0,148,0,146,0
999.6741769196601,223.76215050807855,5.832614648228878e-06,-0.6005630796335752,-0.6261028306472385,18.5299973487854,0,2640,10.0,601.0,0.0,150,0,148,0
1394.5526737990215,297.5224025178608,5.903776112623264e-06,-0.7440379153624461,-0.822506890867013,18.034998416900635,0,3024,10.0,641.0,0.0,148,0,143,0
749.3252075478755,174.5195118031219,5.352392619336167e-06,-0.4839059301690112,-0.5017066707954312,19.07099986076355,0,2360,10.0,534.0,0.0,150,0,148,0
1469.2787346177715,321.3696210492419,5.545692384039353e-06,-0.5748533085983671,-0.622779298414073,18.655997276306152,0,3624,10.0,763.0,0.0,148,0,142,0
1981.3427248543683,413.0755217471336,6.013744977823124e-06,-0.9868576686687447,-1.0810180608377817,19.042997121810913,0,3669,10.0,790.0,0.0,125,0,123,0
836.4422155773822,197.02710473434868,5.302480475938034e-06,-0.41072305248227536,-0.4205176845297687,18.678998947143555,0,2799,10.0,633.0,0.0,150,0,149,0
2311.442738493284,487.53937276901036,5.419690301173743e-06,-0.6562903571066543,-0.7261302559772194,19.280991792678833,0,4903,10.0,1010.0,0.0,140,0,133,0
2597.0773740238596,533.3248728495606,5.475238032567772e-06,-0.8495321345025069,-0.921685200620816,19.076593160629272,0,5204,10.0,1102.0,0.0,127,0,124,0
2334.0364078851326,500.18377289419004,5.480946380207344e-06,-0.560959723919999,-0.6171467698895519,18.765003442764282,0,5392,10.0,1145.0,0.0,141,0,139,0
2278.674329517055,495.9683323224041,5.221453814133364e-06,-0.5056870664676394,-0.554170828286497,18.586005449295044,0,5570,10.0,1174.0,0.0,144,0,140,0
249.3351866796654,66.98864809072786,1.589068559042805e-06,0.4900294483743305,0.7309146636890722,3.159998893737793,130,5911,5865.23931310663,1253.0,1253.0,138,135,131,130
438.0399739340667,122.67937046068526,1.536362717802431e-06,-1.086849104444993,-0.07046899965214881,3.36899733543396,128,6259,6136.872219262041,1321.0,1262.848572741911,139,134,137,131
764.2591140737592,150.67690696344644,2.490995404053409e-06,0.7680426929334982,0.8621510814527342,6.698997974395752,101,7102,6845.471959565751,1517.0,1414.4282557459692,116,114,113,110
712.0006978219682,164.5622920874746,1.476513047176194e-06,0.0675169287086963,0.4632818615830183,4.546001195907593,117,7229,6713.282887568215,1533.0,1384.2650425569109,133,129,130,125
843.9669572285799,169.9532478835785,3.003265103330575e-06,0.8042802958915751,0.8622263959575632,6.9429991245269775,98,7462,7005.235271229294,1534.0,1447.4660349181977,113,110,107,106
923.603880402945,187.12644426658676,1.984215206065883e-06,0.519723003825644,0.7531744254299824,5.753005266189575,109,7706,7125.371984184566,1660.0,1472.4261721032162,125,121,119,117
836.7784207870867,208.69243705104404,1.6139560094717784e-06,0.4750944681995245,0.5165863155128038,5.283999443054199,111,8591,8350.618013091997,1849.0,1732.784558149784,129,128,129,124
964.7905520694825,189.52397494956278,3.230097922621837e-06,0.8506293460743993,0.8992275400829548,7.561001539230347,92,9353,8674.246286402036,1972.0,1802.7983307917111,113,108,110,105
967.1755625484606,193.43619735390746,2.3950194949328363e-06,0.7787169909536049,0.8676857989960123,6.678999900817871,100,9156,8703.508917515135,2004.0,1807.6321110611261,120,116,115,112
1015.6073258416899,195.6726920972012,4.129677104056317e-06,0.8956208600278381,0.9256776337533982,8.33699917793274,85,10022,9349.979624325048,2115.0,1948.0635515031163,103,101,99,98
1200.8362568079906,245.22259142622994,3.1310173323405936e-06,0.7795895069692349,0.8479649414693682,13.508002042770386,96,10139,9239.371801391819,2201.0,1920.870890482941,117,113,113,109
4.1140004861448425,0.7745966692414834,1.571471982847914e-05,-2.508226454203912,-0.5094339622641506,5.273000001907349,0,10,10.0,2.0,0.0,1,0,4,0
3.3273756282434617,0.5669467095138409,7.433363774719458e-06,-1.108843537414966,-0.47368421052631615,4.348004102706909,0,10,10.0,1.0,0.0,1,0,4,0
3.826598638851107,0.5345224838248488,5.152794292418676e-06,-4.266055045871559,-0.3999999999999997,4.018995046615601,0,10,10.0,1.0,0.0,1,0,4,0
9.370876871100876,2.04939015319192,9.184081482480154e-06,-2.9737257047239023,-1.0116655313351495,19.23400068283081,0,22,10.0,7.0,0.0,100,0,100,0
28.10432944109027,5.958187643906492,1.1344545109200403e-05,-1.2857068627925088,-1.0593293096380476,18.581998586654663,0,68,10.0,23.0,0.0,148,0,148,0
24.335022772402194,5.424020648928247,8.922196668320632e-06,-1.906816550093819,-1.3743763204430595,18.180994749069214,0,56,10.0,15.0,0.0,142,0,141,0
80.73429671872213,17.744858410255066,7.442513346076956e-06,-1.0914915979868827,-1.0433802992389238,19.050000190734863,0,209,10.0,49.0,0.0,150,0,150,0
398.79906385714264,94.22745530541157,7.855826293256025e-06,-0.4811932343984233,-0.4861625134006837,18.4950008392334,0,1311,10.0,305.0,0.0,150,0,150,0
1461.9990925669779,313.5136254348977,5.780010417825347e-06,-0.7361857798532283,-0.7997830062839675,19.927993774414062,0,3277,10.0,693.0,0.0,142,0,136,0
654.1913736310908,151.80006587613855,5.297530949766645e-06,-0.4402347481469844,-0.4471431996064932,19.066999197006226,0,2122,10.0,493.0,0.0,150,0,150,0
2208.261186242847,468.8479782047339,5.418924991800674e-06,-0.6323446573814449,-0.6931716647494701,18.994002103805542,0,4794,10.0,1016.0,0.0,139,0,135,0
2365.9310894444916,502.6018304781629,5.1306222491686165e-06,-0.5815704086855638,-0.6396465915709346,19.081000328063965,0,5480,10.0,1136.0,0.0,143,0,136,0
625.7196572394023,136.27012768103808,2.360972728891927e-06,0.7718171782816969,0.8286988712188513,5.258002042770386,110,6374,6275.391238150929,1350.0,1297.1140289958075,120,117,115,113
2.7741038505998734,0.5710402407201608,3.6497033450774706e-06,-0.5033234859675038,-0.48387096774193616,6.431995630264282,0,10,10.0,1.0,0.0,1,0,4,0
194.2946606025105,69.01874687918259,1.3709208183857947e-06,0.8062165761509839,-0.805054211376121,2.394000768661499,134,6878,6579.343076801483,1445.0,1357.3899061674,150,145,145,141
715.8010622672609,140.4305979771488,2.4529887819541817e-06,0.834579980463806,0.8947144470006125,6.877000093460083,98,7192,7043.141789680308,1520.0,1457.06566026549,115,111,110,108
59.51682145791752,58.15117395229943,2.6780843062756604e-06,0.8627069570636302,-2.1265698878441848,1.0369975566864014,147,5699,5798.2948443241685,1359.0,1362.854844324167,150,149,149,149
1000.1315802718951,190.7729757771428,3.6252603162509135e-06,0.854708005330882,0.905124805195868,8.240999460220337,90,9289,8697.479993861523,1972.0,1807.7258518090985,109,107,108,103
2.6352313834736494,0.5773502691896257,1.816710149700027e-05,-0.2383048981838194,-0.5,2.611999750137329,0,10,10.0,1.0,0.0,1,0,3,0
21.33229164123411,4.988653793025396,1.479820906957614e-05,-1.3649360296237165,-1.1475333760321544,18.35500478744507,0,49,10.0,14.0,0.0,149,0,130,0
4.928826770473206,1.2832251036613438,1.482805368888419e-05,-2.893162393162393,-0.8628387550907537,18.488001346588135,0,11,10.0,4.0,0.0,66,0,66,0
2.1869176243407464,0.5107539184552492,1.1615149350283046e-05,0.0957827019299502,-0.13114754098360648,3.2899997234344482,0,10,10.0,2.0,0.0,1,0,22,0
4.902270704940327,0.9332565252573828,6.471232508216223e-06,-5.804655274012965,-1.1136363636363638,4.719000577926636,0,10,10.0,2.0,0.0,1,0,18,0
30.020881621520267,6.78527818147495,8.732836264012498e-06,-1.5537545034697877,-1.216378823408589,19.094000339508057,0,69,10.0,19.0,0.0,150,0,150,0
11.388590782006348,2.728858125052797,1.0834353082163342e-05,-1.1027264650633612,-0.8012061792498473,19.335997581481934,0,38,10.0,11.0,0.0,145,0,143,0
122.82331483340884,28.217606796702892,9.384972776352933e-06,-0.9049009494607492,-0.8587907331729905,19.054001331329346,0,327,10.0,82.0,0.0,150,0,147,0
4.3837645128756435,1.0425720702853738,7.022894549839021e-06,-3.1299088200776373,-0.6428571428571432,8.942994594573975,0,10,10.0,3.0,0.0,1,0,11,0
2.9533408577782247,0.5773502691896257,3.0417777890214715e-06,-0.8197037990985188,-0.5,2.7959985733032227,0,10,10.0,1.0,0.0,1,0,4,0
178.8361820214243,40.76174677316957,7.298741331379556e-06,-0.5214290029641397,-0.49658226698814345,18.24400019645691,0,625,10.0,142.0,0.0,150,0,150,0
500.7938564585898,115.4322600777905,7.582165988023822e-06,-0.4853033351771372,-0.48847176517380797,18.834003448486328,0,1598,10.0,356.0,0.0,150,0,150,0
241.82740401644585,56.764308034773634,6.090395296826225e-06,-0.5214137279829829,-0.5012424212304938,18.753999948501587,0,769,10.0,184.0,0.0,149,0,145,0
533.7085346891129,122.66735507053211,6.374076262548364e-06,-0.4941672994352757,-0.498969664729374,18.933000802993774,0,1671,10.0,371.0,0.0,150,0,149,0
746.6280823364021,169.96717330119955,6.038706216471817e-06,-0.5014850681082395,-0.5143062484463192,19.000997304916382,0,2232,10.0,485.0,0.0,150,0,149,0
1781.0037413398845,369.1678118868617,6.276567814563426e-06,-0.8874457982788884,-0.985909392880246,18.384997844696045,0,3484,10.0,714.0,0.0,135,0,128,0
1248.9953909709461,291.50860479009305,5.4347905025557575e-06,-0.44048533485001795,-0.45499252319590866,18.65499186515808,0,3900,10.0,900.0,0.0,150,0,150,0
506.7929820613804,123.90469455728194,4.749120669542224e-06,-0.3425915174228418,-0.33981075080638035,18.929001092910767,0,1983,10.0,449.0,0.0,150,0,150,0
2068.0764992298195,439.1194522374673,5.662428351425235e-06,-0.6922251713018726,-0.7595241461943985,18.844003677368164,0,4526,10.0,955.0,0.0,141,0,135,0
2330.82405885415,489.47183099064375,5.490485756569259e-06,-0.6602245506377731,-0.7268146414568857,19.04799723625183,0,5012,10.0,1048.0,0.0,135,0,131,0
2673.33520033185,559.4489550739489,5.263321620846898e-06,-0.6459720171434047,-0.7149003246852261,18.754993438720703,0,5757,10.0,1218.0,0.0,135,0,130,0
501.2097983690157,125.13268437961504,1.3566442087726858e-06,0.036949697110703617,0.23458958988271372,3.7629988193511963,123,7139,6863.977224639081,1499.0,1419.1450138116315,140,135,137,131
2.0976176963403033,0.6324555320336759,7.713718969565878e-07,0.6463022508038585,-0.11111111111111094,1.9689993858337402,0,10,10.0,2.0,0.0,1,0,2,0
688.5025235794411,165.30261425322996,1.744551942018719e-06,0.30168966688785226,0.5577289680795954,4.797999143600464,115,7455,7162.78386566617,1613.0,1482.2295231553971,131,128,127,125
789.0208141712085,154.42671326094865,3.3702060661947427e-06,0.8769792513134397,0.9174293347477317,7.11899995803833,92,8158,7724.284454480044,1745.0,1601.6617809486743,111,107,106,104
964.2432598353238,180.3715804722214,3.2457594422521227e-06,0.8077936790980849,0.8862856044277935,7.485996961593628,93,8255,7768.299077025546,1737.0,1610.0564446911085,112,108,107,105
914.792853473476,173.39688422345765,4.420323310161461e-06,0.9014850550908107,0.9327100701839879,8.266000270843506,86,9447,8957.114393115664,2079.0,1865.7771316271983,105,103,104,99
1126.503203759052,227.15311183905794,2.328145492297519e-06,0.6204341505669992,0.7807839757585753,6.2150022983551025,104,9535,8945.131702953264,2019.0,1861.3514160044124,125,121,122,117
1114.9047448871827,217.0996788312384,2.7003338179236047e-06,0.7817997787409743,0.8648941137906133,6.787999629974365,98,10030,9175.83416558346,2146.0,1910.83725934027,119,115,115,112
12.33774695801466,2.4303634844744244,1.0897948641557517e-05,-3.501602856883741,-1.3896001150747996,18.63800048828125,0,28,10.0,9.0,0.0,100,0,95,0
4.944132324730441,0.5773502691896257,2.7841772590433886e-06,-4.0,-0.5,1.8480024337768555,0,10,10.0,1.0,0.0,1,0,4,0
23.132372698594207,4.945031176174052,8.981800212391895e-06,-1.1402531634768813,-0.8833693895993646,18.51399517059326,0,56,10.0,15.0,0.0,135,0,136,0
5.325752187591567,0.6396021490668313,2.914821983705856e-06,-2.0918918918918914,-0.3288590604026844,3.0590004920959473,0,10,10.0,2.0,0.0,1,0,7,0
57.27000378324881,13.398258593314779,8.054324164216467e-06,-0.8102511897169211,-0.7290268725719973,18.410001754760742,0,164,10.0,43.0,0.0,146,0,149,0
3.304037933599835,0.408248290463863,8.876796089110646e-07,0.08338192419825086,-0.20000000000000018,2.0459978580474854,0,10,10.0,1.0,0.0,1,0,3,0
943.8433909641295,212.43668860784538,6.6529366449023965e-06,-0.5277338591229457,-0.5469769601006298,18.787997722625732,0,2793,10.0,608.0,0.0,150,0,150,0
1756.6389422227135,374.3267289414423,5.792833509439793e-06,-0.6804838123997452,-0.7539283461192146,18.726001262664795,0,3928,10.0,817.0,0.0,139,0,135,0
2022.2066709414248,429.01043499352477,6.036956906891529e-06,-0.6818381787966361,-0.7499384151886281,18.874993801116943,0,4243,10.0,898.0,0.0,142,0,142,0
2266.7001624976047,473.91244620358583,5.6461419153929154e-06,-0.7273359463617555,-0.8001066839808684,18.344000816345215,0,4598,10.0,963.0,0.0,134,0,130,0
2498.8060695726936,525.9703730566326,5.3782927930996986e-06,-0.6476625075121005,-0.7095016117273611,19.082998991012573,0,5337,10.0,1157.0,0.0,134,0,130,0
1496.2352533386363,356.2719373362619,5.194424349315977e-06,-0.32336061221695345,-0.34377352023989904,18.58899688720703,0,5223,10.0,1165.0,0.0,150,0,150,0
460.3807177113856,106.494113553567,1.6104357101844762e-06,0.5975265960584035,0.7949282980489254,4.5030012130737305,118,6480,6506.138926279995,1353.0,1345.699225991626,132,128,125,125
688.2073155689004,139.21864912676227,2.457565616505915e-06,0.7849924256631293,0.8679231517696793,6.255993843078613,105,6631,6523.7413504636315,1434.0,1348.457790760457,118,115,112,112
2.4201534780139164,0.5,3.136422959960985e-06,-0.2532751091703056,-0.33333333333333326,3.7420008182525635,0,10,10.0,1.0,0.0,1,0,5,0
558.6079522189265,130.09795447448843,2.0510146726595475e-06,0.8792441016726636,0.8990698803012205,6.391998291015625,104,7535,7658.9070577269595,1564.0,1593.2899205304984,122,119,113,115
951.8470604545965,177.31343992298784,2.7957927465759495e-06,0.7014983388491292,0.8445629786504694,6.587981224060059,101,7820,7417.385569284156,1642.0,1537.3609360324208,119,115,114,111
874.0785233388971,176.75613594937064,2.152964528928114e-06,0.5960194743227267,0.7925340853761136,5.2160022258758545,108,8088,7954.2136309021425,1716.0,1652.898911158375,125,122,124,119
924.4129957130212,207.76677033420285,1.7546751065265708e-06,0.18913711214030526,0.32251704557852623,4.9859938621521,114,8503,7996.177908786622,1800.0,1659.4218756800474,135,130,131,126
973.0198319032236,189.167205602773,3.850316621665475e-06,0.9023352303144361,0.9342386182777539,7.854002237319946,89,10356,9843.608697267406,2227.0,2056.754766341488,109,107,108,103
1.632993161855452,0.0,0.0,0.75,1.0,0.9369723796844482,0,10,10.0,0.0,0.0,1,0,1,0
17.509806776013644,3.859188170241681,1.3073133190820615e-05,-1.8526549062306552,-1.3109707318418797,18.57699704170227,0,41,10.0,11.0,0.0,132,0,130,0
30.763831577573903,6.92916541391049,1.0615289010002236e-05,-1.4390431077099435,-1.202554253419128,19.155997276306152,0,70,10.0,17.0,0.0,150,0,148,0
60.009443701248664,13.397263402152944,9.509999705588072e-06,-0.9448333687133601,-0.833637921836158,19.092001914978027,0,156,10.0,42.0,0.0,150,0,150,0
2.516611478423583,0.45643546458763845,7.2041248970661806e-06,0.024598930481283254,-0.26315789473684226,3.4960010051727295,0,10,10.0,1.0,0.0,1,0,5,0
4.3790947224552355,0.5940885257860046,2.2628880827740964e-06,-1.516802906448683,-0.5454545454545456,2.7960050106048584,0,10,10.0,1.0,0.0,1,0,2,0
65.61823933429892,15.831613941730641,9.337175730402969e-06,-0.6847626939668403,-0.5664060156390613,19.406002521514893,0,221,10.0,59.0,0.0,150,0,150,0
49.52608740182626,11.633572108342305,1.0756101772644625e-05,-0.7859865261917669,-0.7199291277254172,19.17799711227417,0,146,10.0,38.0,0.0,150,0,146,0
6.091888960832355,1.118033988749895,3.835975628879451e-06,-2.7111111111111117,-0.6281407035175879,4.981002569198608,0,10,10.0,3.0,0.0,1,0,11,0
4.9457052075512955,1.4,9.607870194747079e-06,-2.646126632260287,-0.8000000000000003,18.80099844932556,0,12,10.0,5.0,0.0,70,0,54,0
172.68866011795137,39.919335331807986,6.760339528456443e-06,-0.5001826563502674,-0.5025595931973998,18.421000480651855,0,561,10.0,130.0,0.0,150,0,148,0
989.1156319325528,214.28840379264577,6.480928674305259e-06,-0.6770830071790122,-0.7158947033895533,18.37200140953064,0,2343,10.0,517.0,0.0,149,0,141,0
1033.5114545406193,224.00541660117656,6.684848643100671e-06,-0.7324448836549129,-0.787194293209414,18.681999444961548,0,2481,10.0,550.0,0.0,145,0,145,0
750.636769682914,170.9195327242228,6.4527612324070275e-06,-0.52344396112178,-0.5478731078795882,18.893998384475708,0,2195,10.0,477.0,0.0,149,0,148,0
2.7952744627377646,0.7364596943186587,6.4243785844127525e-06,-1.818549222797928,-0.7101449275362319,8.036998987197876,0,10,10.0,2.0,0.0,1,0,52,0
1342.9004207311873,294.0764979842263,8.456129415174081e-06,-0.5791856134278273,-0.6202102666209175,18.40099835395813,0,3419,10.0,750.0,0.0,150,0,150,0
1363.421184618556,306.2158389110531,5.624616129505782e-06,-0.46011337824248133,-0.4929196481888709,17.316994428634644,0,3941,10.0,858.0,0.0,150,0,149,0
2049.414150434216,428.65159900942086,5.710137307668691e-06,-0.7374105675672309,-0.812600783213864,17.606995105743408,0,4256,10.0,878.0,0.0,137,0,132,0
2553.27524041834,522.9637144837744,5.7225928222193905e-06,-0.8013596216406691,-0.8678810179918521,17.656999349594116,0,5122,10.0,1093.0,0.0,128,0,125,0
507.4966694332689,103.3747015737797,2.411930703954009e-06,0.826111298499977,0.875879593525077,4.348999261856079,116,5951,5814.693056335891,1263.0,1263.0,122,120,117,116
530.6698582779801,116.99086012871555,1.8791798159681958e-06,0.3338990021234429,0.6964019533357042,3.9550039768218994,122,6044,5960.83861964188,1263.0,1263.0,130,128,123,122
641.7191418629906,133.6375472401969,2.783935778057591e-06,0.8210263991326312,0.8783279521367588,6.143998622894287,104,6798,6856.65588216247,1425.0,1422.622787146618,118,115,111,112
774.0292010065081,151.07274817631102,4.014770740288244e-06,0.8582322537731256,0.9013508062948645,6.971998691558838,95,7317,7044.883378840228,1527.0,1459.7136443944128,111,107,102,103
721.2329651084654,142.20269974780115,2.6867864637780107e-06,0.8371297039828188,0.9030963564603401,5.914999008178711,103,7648,7304.524457321028,1615.0,1514.7504959517037,118,115,118,112
930.7035337724479,205.6778956571823,2.4149038717973753e-06,0.5280728518665172,0.6892822811892925,5.410017013549805,108,8560,8115.839925944138,1871.0,1686.0483555913024,127,124,124,120
879.3220775070971,174.45198300909183,2.9226322543097583e-06,0.8029274327633134,0.8810131124646449,6.375998497009277,101,8588,8427.54511875267,1825.0,1753.9865095601217,121,116,117,112
860.0403386506817,166.44686131136132,3.4839190424781573e-06,0.8721026482481754,0.9193837478932545,6.863999128341675,95,8951,8590.46928552079,1884.0,1787.480432839856,114,111,108,108
1015.5896860446279,198.13104904049663,2.833908330371548e-06,0.762107207083805,0.8592899252360072,6.1120007038116455,101,9463,8988.80700464307,2004.0,1873.58072262292,122,118,118,115
855.643565079498,166.2130168658378,4.828497848790945e-06,0.9236928339194467,0.9447300412559558,7.671998739242554,85,9784,9367.15988776767,2093.0,1955.621081111729,105,103,103,99
1013.2407576912467,191.19129677782524,4.168935602163931e-06,0.905447853724012,0.9385300832533152,7.366997957229614,91,11066,10304.04733411203,2301.0,2157.509286592479,111,108,107,105
3.477298240507293,0.8242507585541546,1.6687641213871565e-05,-1.835528833014485,-0.5683346785041703,15.789000988006592,0,10,10.0,3.0,0.0,1,0,119,0
3.872983346207417,0.3779644730092272,2.0775269224934162e-06,-0.5506329113924051,-0.16666666666666652,1.4060008525848389,0,10,10.0,1.0,0.0,1,0,6,0
9.678498506138922,2.2150996967781533,2.0504829693932084e-05,-1.4523954969892663,-0.8331562167906477,18.68199324607849,0,21,10.0,7.0,0.0,149,0,85,0
2.345207879911715,0.0,0.0,0.44999999999999996,1.0,1.6270017623901367,0,10,10.0,0.0,0.0,1,0,1,0
73.08916928428361,17.44476998988522,8.392203821103841e-06,-0.608740863369214,-0.5624671975903064,18.473998308181763,0,206,10.0,58.0,0.0,149,0,147,0
206.02087272895434,46.085066272419894,7.68676654470554e-06,-0.6197166960009008,-0.6471564364043456,18.682068347930908,0,622,10.0,133.0,0.0,149,0,148,0
52.51177645696884,12.98075498574717,9.113926153924593e-06,-0.5016218865435753,-0.4725353942549657,18.79698634147644,0,191,10.0,52.0,0.0,150,0,150,0
222.90256466297856,52.07321768433366,6.9047888587129624e-06,-0.5496130966932653,-0.5449406371744907,19.019994735717773,0,704,10.0,164.0,0.0,150,0,150,0
583.8096721820677,131.94640326031373,7.234329788140684e-06,-0.6430920139935314,-0.657236664874508,19.018999576568604,0,1701,10.0,373.0,0.0,150,0,150,0
868.6100237352395,193.33139079483877,7.435498474237143e-06,-0.5723697838409219,-0.6157169700046359,25.252631902694702,0,2320,10.0,491.0,0.0,146,0,144,0
990.0979345499111,221.47547644528652,5.945788004400988e-06,-0.5857330204947169,-0.6149344269923214,18.751999616622925,0,2664,10.0,576.0,0.0,150,0,150,0
1000.1112471453697,225.02151008292518,6.716059772858574e-06,-0.4870707677536723,-0.5164743313226876,18.81999897956848,0,2924,10.0,638.0,0.0,150,0,150,0
1617.8732768668874,343.64541803046546,6.165632351564319e-06,-0.6597276832643737,-0.7272735650305897,18.995999813079834,0,3743,10.0,770.0,0.0,142,0,142,0
1995.4342835583436,431.0701412376722,5.3120064119212514e-06,-0.5224999137152997,-0.5717159916406114,18.732999563217163,0,4780,10.0,997.0,0.0,143,0,141,0
1973.8243234898084,429.19562750180324,5.254809601356884e-06,-0.49675250470004095,-0.5489914447890056,19.364001750946045,0,4866,10.0,1009.0,0.0,145,0,137,0
2038.9905018578843,442.0779870867432,5.2053086887681404e-06,-0.527367593336191,-0.5739738774993155,18.959997177124023,0,4952,10.0,1032.0,0.0,144,0,138,0
1918.115794210558,428.21089819542584,5.31705707524569e-06,-0.4213769577905113,-0.462171946057623,19.470000982284546,0,5238,10.0,1122.0,0.0,147,0,147,0
2226.0127732487667,478.9886150351941,5.519695024785654e-06,-0.5311729301981871,-0.5908275738085207,19.13199758529663,0,5209,10.0,1097.0,0.0,139,0,138,0
3.43037051358379,0.9021937088963173,5.085247748387281e-06,-0.5407166123778506,-0.31555944055944063,5.890998840332031,0,10,10.0,3.0,0.0,1,0,12,0
312.5433795186471,97.33554348645094,1.8880307732431015e-06,-0.14879646722926254,0.22167678371535215,2.7180025577545166,133,5927,5851.486785798183,1260.0,1260.0,138,136,134,133
669.8889358298048,127.97771721640524,3.2178044248210933e-06,0.8177653496212791,0.8774781791459639,5.811995267868042,107,6122,5932.924213025639,1270.0,1270.0,115,112,108,107
413.71875585540096,95.45124995141742,1.6060883015657439e-06,0.41105311273714273,0.7461635110797052,4.040999412536621,122,6322,6262.931026434091,1334.0,1296.053028067734,132,131,132,128
1.9771421064483223,0.0,0.0,0.3997461928934011,1.0,1.891998291015625,0,10,10.0,0.0,0.0,1,0,1,0
886.3810289872116,170.16304340769798,4.029128881919808e-06,0.8834938823408892,0.9213682644571861,8.002997398376465,90,8928,8462.979884993625,1903.0,1761.046052202947,110,107,104,103
882.2678260136242,173.9801273802079,3.3524815613331334e-06,0.8844156143019634,0.9251293291771967,7.629998683929443,95,9503,9435.968338305369,2046.0,1972.2219286944483,115,111,112,108
714.7583489310697,143.27967953165344,5.040087156526275e-06,0.9582578414423514,0.966122032722072,9.258001804351807,80,10306,9838.495537776125,2178.0,2060.806738848132,102,98,96,94
962.9456313912332,193.16631606063189,4.036948722531853e-06,0.9004713713159327,0.9306837304844416,7.460998773574829,92,10943,10729.138535190856,2300.0,2250.6356255843757,114,111,114,107
2.515171357287956,0.5897678246195885,1.8329640398451052e-05,-0.6780744640842424,-0.5333333333333339,6.1109936237335205,0,10,10.0,1.0,0.0,1,0,3,0
3.8144462245521304,0.5477225575051661,4.994338048216154e-06,-2.077736647276574,-0.4285714285714288,3.141000986099243,0,10,10.0,1.0,0.0,1,0,4,0
89.915441758725,20.632175519480892,1.162791541150035e-05,-0.5416392265369985,-0.5421629519903073,18.488992929458618,0,248,10.0,57.0,0.0,147,0,138,0
2.60975301720504,0.7884298457197201,9.508192829896927e-06,-0.34584295612009197,-0.35942492012779614,5.181999921798706,0,10,10.0,3.0,0.0,1,0,9,0
2.581988897471611,0.3333333333333333,8.335208755303276e-07,0.05594405594405594,-0.125,1.8459980487823486,0,10,10.0,1.0,0.0,1,0,6,0
258.5523028969832,60.992950412322244,7.536780455297724e-06,-0.48809959479573206,-0.49967510949590244,19.147001028060913,0,825,10.0,201.0,0.0,150,0,149,0
350.857625445612,80.25235199045571,8.512699705491444e-06,-0.489613438376022,-0.48636356139314496,18.569996118545532,0,1111,10.0,263.0,0.0,150,0,150,0
965.929956052715,212.877288596036,6.813430050238053e-06,-0.6075710774119765,-0.6544329797330559,18.96200180053711,0,2449,10.0,537.0,0.0,150,0,147,0
980.3692603640053,217.47079497409916,7.451292496307884e-06,-0.5573772582347483,-0.5931248843301631,18.25099515914917,0,2670,10.0,577.0,0.0,150,0,147,0
907.0816133806998,206.7392721924566,7.491120196761774e-06,-0.47205419971418827,-0.49407475267422507,18.684999465942383,0,2774,10.0,615.0,0.0,150,0,149,0
1.7159383568311668,0.4714045207910317,4.815677796018081e-06,0.4297668858338314,-0.2857142857142856,2.8979995250701904,0,10,10.0,1.0,0.0,1,0,8,0
1560.4089207640413,342.14299154982945,6.222847957232163e-06,-0.5390283502574349,-0.58339631892242,18.094000339508057,0,3863,10.0,821.0,0.0,143,0,148,0
3.1622776601683795,1.0177004891982149,6.8874824662285806e-06,-0.7753623188405796,-0.5525812619502866,4.14700174331665,0,10,10.0,3.0,0.0,1,0,15,0
1315.6974500241308,298.7523054304351,6.2317004463921315e-06,-0.409710535344429,-0.4398858051520518,18.65699863433838,0,3986,10.0,886.0,0.0,150,0,150,0
243.83472544601463,61.82901152910878,5.444527605358144e-06,-0.35062054992764846,-0.3377336775638433,18.881000995635986,0,946,10.0,238.0,0.0,150,0,150,0
2112.873648217833,450.3516921991819,5.585577714477541e-06,-0.6216781348017844,-0.6820944103507074,18.889996767044067,0,4628,10.0,986.0,0.0,140,0,135,0
2167.316832706592,470.71979634031396,5.487102818500096e-06,-0.5144696003672093,-0.5651711447437235,18.82299828529358,0,5085,10.0,1097.0,0.0,144,0,135,0
65.53077438599928,30.000230249704202,1.7632932937075423e-06,0.8407258121802927,0.8246488729619349,2.2890021800994873,136,5981,5881.838430271751,1260.0,1260.0,143,143,137,136
323.74834487944867,98.27907121115607,1.4701607599534145e-06,0.492735739522811,0.08826058460260944,3.364995241165161,126,6874,6821.848477817546,1514.0,1413.6870396635095,140,138,134,134
716.9145437974598,151.99763429480205,2.0797345523643742e-06,0.4932806763685067,0.7537850642079291,5.001999855041504,115,7417,7025.702856574639,1576.0,1457.6519996066581,129,127,123,123
875.5775790624997,174.52818541363982,4.751238012038495e-06,0.8837282909191452,0.9149947948658376,7.840000152587891,90,8744,8102.111287661172,1835.0,1684.5320018823186,109,106,105,102
873.9132098658903,172.1668604752667,5.025115070475707e-06,0.9437831948318244,0.9588505331920582,8.297000408172607,86,11399,10870.592753643778,2401.0,2282.7645230151575,106,104,103,100
886.2864865894956,178.74075158318172,5.109584316224093e-06,0.9446187736080944,0.9562280050609464,9.007002353668213,83,11558,10668.185221552696,2477.0,2234.5086200069563,105,102,100,99
12.380091545165032,2.6907248094147422,1.0680459224189558e-05,-3.650105987626686,-1.4848984074684242,19.299007892608643,0,23,10.0,6.0,0.0,129,0,125,0
3.4641016151377544,0.7385489458759964,1.1630614561252073e-05,-1.4610169491525418,-0.3200000000000005,3.3339991569519043,0,10,10.0,2.0,0.0,1,0,7,0
4.525422859224817,0.972216786242685,1.1326864292212584e-05,-2.4455704994632823,-0.6723107569721116,9.363003492355347,0,10,10.0,4.0,0.0,1,0,17,0
2.8087165910587863,0.23570226039551584,1.1557091602459271e-06,-0.19216417910447725,-0.05882352941176472,2.759997606277466,0,10,10.0,1.0,0.0,1,0,5,0
3.2227263166891325,0.7132825035177587,9.11803968258958e-06,-1.9079627714581182,-0.6079766536964983,7.60599684715271,0,10,10.0,2.0,0.0,1,0,33,0
2.882962956722834,1.0712333936199698,1.009192816463539e-05,-1.310398924249216,-0.5109695682944089,8.256994009017944,0,10,10.0,5.0,0.0,1,0,36,0
140.1174269437365,32.95501985029494,8.196055940072465e-06,-0.4716727872524791,-0.47490074829223694,18.906994819641113,0,480,10.0,115.0,0.0,150,0,148,0
239.1214614653677,56.3898927113716,6.296990816488985e-06,-0.48557083081010943,-0.4654550569264735,19.130998611450195,0,829,10.0,203.0,0.0,150,0,150,0
1313.294430049865,275.8693773026164,7.146134741813056e-06,-0.7682422419101467,-0.8384264844772071,18.819000959396362,0,2770,10.0,583.0,0.0,141,0,137,0
290.77326791390806,70.34083688252034,6.411182626749249e-06,-0.4092179620813896,-0.39588637124763904,18.847994327545166,0,1110,10.0,256.0,0.0,150,0,149,0
965.4110212753943,214.9127109626914,6.652495791142419e-06,-0.566456489584664,-0.6021444501600954,18.867005109786987,0,2650,10.0,580.0,0.0,150,0,148,0
1100.4474786800747,248.11835885318925,6.532747051414768e-06,-0.5382386556939376,-0.5706968715917438,18.55999493598938,0,2967,10.0,656.0,0.0,150,0,148,0
1311.9661403151124,287.5679397985805,6.7482689639589645e-06,-0.548713032397778,-0.5950210800040268,18.192994832992554,0,3371,10.0,707.0,0.0,150,0,149,0
839.7720127113867,196.35320216385574,5.572868552332783e-06,-0.4132625312278082,-0.42803573406206974,19.031002521514893,0,2728,10.0,599.0,0.0,150,0,149,0
2306.634648140013,478.0977166507561,6.262074670559874e-06,-0.7714233370821257,-0.8423639158604386,19.05199956893921,0,4679,10.0,979.0,0.0,129,0,129,0
2863.2987921859176,581.3235301161193,6.151141855578052e-06,-0.8082577459720681,-0.8669508430497175,18.826998949050903,0,5879,10.0,1214.0,0.0,126,0,121,0
612.4760458181992,122.2823157506036,3.545647915163749e-06,0.8653145669986604,0.9101502809024543,6.2490012645721436,103,6801,6635.920239247342,1402.0,1378.2938978305492,117,114,113,111
278.7830329225958,82.68983426985095,1.5774206071464796e-06,0.23360702583167503,-0.019612035558179253,2.8310062885284424,131,6692,6504.146677487424,1402.0,1346.8743895299267,145,140,141,137
844.6396514778353,176.15631708895543,2.1191511991505704e-06,0.14113504713193947,0.6155176829678526,5.066995859146118,115,7425,6916.115659076747,1546.0,1432.6431259624696,131,126,126,123
717.6717370302586,138.48419053989804,3.821648436839092e-06,0.8828566266559832,0.9275694511567568,6.776996850967407,100,7724,7527.06425758,1648.0,1566.234432788082,116,112,111,109
866.5904959573011,170.89549718165466,3.984188647660496e-06,0.8772959375018453,0.9208690149294707,7.336000919342041,95,9294,9048.982605859306,2036.0,1888.1700303738435,114,112,110,108
743.3518584224282,188.8351854968193,1.339422190174471e-06,0.7762015579750328,0.4123286626964505,4.2779998779296875,120,9925,9347.140984005706,2063.0,1953.9540116481267,143,138,136,134
785.7062907630375,154.59400278518595,6.563149974179691e-06,0.964395439787971,0.97115125304553,9.62599778175354,71,11701,11132.80620807004,2477.0,2340.7407621779093,92,90,89,86
2.691175253012007,0.49236596391733095,8.301050960116376e-06,-0.5717417297728178,-0.32000000000000006,4.853001117706299,0,10,10.0,1.0,0.0,1,0,7,0
3.1868871959954905,0.46770717334674267,1.0922499602533062e-05,-0.23942319151471825,-0.28,4.231997966766357,0,10,10.0,1.0,0.0,1,0,7,0
32.5965233319956,7.46904723955249,1.499448619973977e-05,-1.039226296713184,-1.019356997606116,18.692997932434082,0,71,10.0,22.0,0.0,144,0,149,0
4.206222496766866,0.8770580193070292,8.776387931460649e-06,-2.753779144248015,-0.9696969696969693,11.331997394561768,0,10,10.0,2.0,0.0,1,0,5,0
56.505751919605494,12.816135663035615,1.1169444181580163e-05,-0.9479447207533076,-0.8473918468219883,19.143003940582275,0,158,10.0,42.0,0.0,150,0,147,0
29.071864978589407,7.102112361825881,1.0414134442909935e-05,-0.8061530243688761,-0.7226775956284157,19.318996906280518,0,95,10.0,27.0,0.0,150,0,150,0
191.8890304316534,43.75294275817342,8.647293932476444e-06,-0.6739123535356619,-0.6716291633354807,19.375998735427856,0,550,10.0,139.0,0.0,149,0,149,0
210.98273231080626,48.39614309701411,8.320447182993231e-06,-0.6132615399874901,-0.6231521810506826,19.37799310684204,0,665,10.0,155.0,0.0,150,0,150,0
4.292851200376205,1.2724180205607036,4.369174249683384e-06,-2.2534027221777424,-0.5589519650655022,3.096001148223877,0,10,10.0,4.0,0.0,1,0,11,0
975.7381650149115,230.21526158503625,5.521412191922854e-06,-0.35363832944667783,-0.3744342728907881,19.11399793624878,0,3542,10.0,779.0,0.0,150,0,149,0
2599.678985310815,543.7643852503276,6.542669692412768e-06,-0.6796784070924347,-0.7416663749487784,18.907995462417603,0,5536,10.0,1189.0,0.0,131,0,129,0
459.2765654447098,103.45246829895409,2.523106361052165e-06,0.8390351054224207,0.8730903908884533,4.586995601654053,117,5910,5917.52012050444,1273.0,1273.0,125,122,118,117
573.4647763537336,143.16950394931678,1.9799759248539257e-06,-0.22753627707145374,0.4183694844799911,4.000003337860107,124,6677,6426.167329734995,1431.0,1331.654537380964,135,132,131,129
743.9604482322512,145.9474429277292,2.5307930853050346e-06,0.591203941677599,0.8152370440645386,5.006000280380249,113,7001,6862.570522076833,1465.0,1423.5274236226423,126,123,119,119
825.68473489741,159.36982980874396,3.88695947760069e-06,0.7952182286169462,0.8705677827657163,6.5909998416900635,99,7076,6918.366189062082,1510.0,1435.067451706941,112,110,110,107
1222.7443286858186,306.2202910759943,5.124680509140787e-06,-0.24328895680007667,-0.25410741235174217,18.789002418518066,0,4874,10.0,1153.0,0.0,150,0,149,0
763.7538724269169,150.04325734122514,3.3467329390625083e-06,0.8518975461633544,0.9095148965530132,7.0770039558410645,99,8090,7784.938983606428,1713.0,1619.1584708456485,118,114,112,111
808.5302403596124,154.74974491075716,3.912673244630855e-06,0.8603552601577085,0.9138175689003982,6.986993312835693,96,8165,8141.7459160621665,1731.0,1697.9293232260134,116,111,111,108
769.8816529708761,147.65108717128172,5.874866385196354e-06,0.9379905398181091,0.9561536014532175,8.741997241973877,84,9435,9137.28981218325,2063.0,1909.1799772023514,104,100,100,97
3.984971769034255,0.565685424949238,4.9714581710938866e-06,-1.9054449648711946,-0.47058823529411753,3.7820017337799072,0,10,10.0,1.0,0.0,1,0,3,0
4.034572812303401,0.6666666666666666,4.1260525043019146e-06,-2.1675675675675676,-0.3333333333333335,2.837000846862793,0,10,10.0,2.0,0.0,1,0,3,0
3.7032803990902057,0.5345224838248488,5.5671259679121404e-06,-1.8854961832061075,-0.40000000000000013,3.145996332168579,0,10,10.0,1.0,0.0,1,0,6,0
61.31584895712799,13.734385072995927,1.4009844348689698e-05,-1.0612854089232484,-1.0694684110159058,18.766007900238037,0,141,10.0,36.0,0.0,146,0,144,0
44.98851705342894,10.538184536879838,1.016945866173491e-05,-0.9058206117851881,-0.7789608880636545,19.18799352645874,0,134,10.0,36.0,0.0,149,0,149,0
16.565425842197158,3.788579329159327,1.4518510196764912e-05,-1.185125728870712,-0.8322260738336895,19.278001070022583,0,45,10.0,13.0,0.0,146,0,128,0
53.52314141253918,12.199726772896733,1.1283964755634513e-05,-0.5938153790925029,-0.5483193539572475,19.332000494003296,0,176,10.0,47.0,0.0,150,0,148,0
4.344003956072136,0.8819171036881969,8.080795521638758e-06,-3.8095446202255046,-0.8231511254019293,7.34600043296814,0,10,10.0,3.0,0.0,1,0,20,0
21.66641025489302,5.032560647092757,9.123036466807917e-06,-1.2124857742961828,-0.9507327443080094,18.780999898910522,0,61,10.0,17.0,0.0,150,0,148,0
284.04976089880216,65.42109751448687,8.524926400503776e-06,-0.5669973100999905,-0.577053420890967,18.43599581718445,0,878,10.0,202.0,0.0,150,0,145,0
308.1825433083451,70.76953205064073,7.213520848070067e-06,-0.5647281113834757,-0.5713317809472664,18.22700047492981,0,1039,10.0,231.0,0.0,150,0,149,0
914.5053234763955,202.4853739573964,7.077999963482461e-06,-0.5792070482542488,-0.623340111227281,19.64399766921997,0,2326,10.0,505.0,0.0,150,0,150,0
4.174754056057845,0.6546536707079771,2.159638219590904e-06,-2.2595419847328237,-0.3500000000000003,3.136996030807495,0,10,10.0,2.0,0.0,1,0,11,0
1518.7444375755476,316.1570601246581,7.357735375106832e-06,-0.8210145745811126,-0.9062996948567104,19.070001125335693,0,3131,10.0,650.0,0.0,134,0,134,0
1556.2369549654063,345.6248158528744,6.223926071911663e-06,-0.49379316941063656,-0.5304123486454324,18.810994148254395,0,4187,10.0,904.0,0.0,149,0,147,0
2111.615195373753,446.56845686486486,6.068110743195169e-06,-0.6818126375937994,-0.745219566195666,18.733993530273438,0,4434,10.0,943.0,0.0,137,0,137,0
2213.9098024385125,462.2945453568176,6.4385289805820175e-06,-0.7009357894849835,-0.7669013571054517,19.50699758529663,0,4652,10.0,990.0,0.0,134,0,132,0
2407.696283448835,494.27705456218246,6.774005233012423e-06,-0.8782990309182883,-0.9435473425658041,19.306004285812378,0,4747,10.0,1005.0,0.0,125,0,116,0
659.2154186583804,149.6004789943791,2.872650242339183e-06,0.5909890144821452,0.7203922208816661,4.890997648239136,115,6354,6192.560650924979,1369.0,1281.6776777291961,128,123,122,120
602.8265936948212,130.62415011618236,2.1473289797621593e-06,0.44612009896364757,0.7373080557206815,4.687999963760376,118,6738,6460.009189422457,1401.0,1339.3859897895263,132,128,125,124
746.4217570999125,147.34774500443285,4.2388919735857154e-06,0.8545034288169291,0.9004365586270461,7.097001314163208,98,7042,6854.199863912568,1514.0,1423.1651654413954,112,109,109,106
776.4128312242827,153.41310376097823,3.4137669632824672e-06,0.8568124474032932,0.9145738134358224,6.301997900009155,103,8463,7958.007707375368,1806.0,1657.934507912113,117,117,115,113
862.5739688418112,157.63913502697312,4.83472708845299e-06,0.9079382346949172,0.9420917610380718,8.121995687484741,90,9164,8797.340348909791,1896.0,1837.47302512005,109,105,102,102
986.0340857385011,209.58191927423266,3.3842204780792964e-06,0.7932038372667911,0.8633067199012132,6.471002817153931,103,9785,8848.426040308415,2097.0,1843.9480080452013,122,120,119,116
789.4458179377649,149.59195966325032,6.825135406332416e-06,0.9539127160759151,0.9670177997578221,9.050999402999878,80,10784,10511.075975807991,2326.0,2210.697762859003,101,98,96,94
74.5694020307342,58.74893821819706,1.5100578127973911e-06,0.9950340947272824,0.9422423985129591,1.7500011920928955,140,7920,7906.956549040312,2023.0,1888.835160087191,150,149,150,149
864.8184071033306,171.35349895372667,6.3064523618222166e-06,0.9447089307174449,0.9582081329258448,8.82799744606018,84,11242,11029.80947593616,2386.0,2321.482975673811,105,102,103,99
879.300970330317,167.74801069044642,5.083062665823772e-06,0.9485581599002553,0.9642561468020283,9.028998613357544,83,11618,11114.504170325044,2504.0,2338.185522083286,104,101,100,98
2.2211108331943574,0.5163977794943222,7.957801524623576e-06,-0.09251968503937036,-0.36363636363636376,4.286066055297852,0,10,10.0,1.0,0.0,1,0,6,0
176.82416878545385,39.640467538446956,9.37472041977882e-06,-0.775214246466863,-0.7750020847234627,19.236999988555908,0,453,10.0,106.0,0.0,150,0,145,0
30.4681254209488,7.140028011149536,1.2163014083153662e-05,-0.9572599915663211,-0.8545045358201258,25.112001419067383,0,91,10.0,23.0,0.0,150,0,150,0
38.91315116170025,9.366251473597464,1.2095667818391309e-05,-1.1705041795118012,-1.0310253959205595,19.207996368408203,0,112,10.0,30.0,0.0,150,0,145,0
32.841944725203675,7.177743377970544,6.991337853960729e-06,-1.16437025965558,-0.9827721864544778,18.874998092651367,0,97,10.0,24.0,0.0,146,0,143,0
368.06919639292465,81.34269071854787,9.187115522306212e-06,-0.6119597355590383,-0.6336568654113117,19.36499834060669,0,1004,10.0,237.0,0.0,150,0,150,0
420.57097696663124,96.16451181872308,8.228293052990501e-06,-0.6029753461173541,-0.6223257639097324,18.934000968933105,0,1235,10.0,293.0,0.0,150,0,150,0
413.0592935644954,94.67625538292764,8.210475597581211e-06,-0.5162196239859491,-0.5324453085240946,19.369999408721924,0,1298,10.0,313.0,0.0,150,0,149,0
5.152228114656275,1.42488702369803,5.724257569639656e-06,-2.8298887122416536,-0.6138686131386863,4.6119983196258545,0,10,10.0,5.0,0.0,1,0,10,0
1316.4896632079317,277.9380266654181,7.2794697429431035e-06,-0.7825897633844758,-0.844745017123028,19.049001693725586,0,2805,10.0,596.0,0.0,140,0,139,0
1461.6141852987973,309.96685844350094,7.504721609387213e-06,-0.7006542544907952,-0.7648139223917445,18.669001817703247,0,3150,10.0,674.0,0.0,141,0,139,0
768.4886119303699,182.55128959646748,6.106782325818101e-06,-0.37789288041848734,-0.3913143829697685,19.42699909210205,0,2655,10.0,644.0,0.0,150,0,148,0
1603.3451614255323,351.93177369105695,8.57380693126008e-06,-0.5839774871799888,-0.6315624807629381,19.31999683380127,0,3768,10.0,808.0,0.0,148,0,140,0
1821.0508632837982,386.39449616508085,6.4556885776745544e-06,-0.6411663475409579,-0.7080011027393736,18.788999557495117,0,3900,10.0,844.0,0.0,136,0,134,0
1898.7242752262198,413.96354106772895,6.851663722692607e-06,-0.5071344034403791,-0.5537616289910254,19.024999380111694,0,4513,10.0,951.0,0.0,147,0,133,0
2170.1366439312833,460.3173760207914,6.01474429220015e-06,-0.6019698468713734,-0.6634924818903647,19.18299698829651,0,4951,10.0,1029.0,0.0,139,0,135,0
2407.3517773686503,494.4857328578854,6.638651174702587e-06,-0.769400379256731,-0.8346585410971483,18.723997354507446,0,4970,10.0,1044.0,0.0,126,0,119,0
2473.0715234299228,521.3821055617464,5.809243143510595e-06,-0.5963758562906343,-0.6583829680923563,18.831000089645386,0,5442,10.0,1152.0,0.0,137,0,133,0
2610.608939181304,542.8755965535137,6.082958997044226e-06,-0.6682194604934759,-0.7286706964259138,19.72599959373474,0,5558,10.0,1181.0,0.0,131,0,126,0
528.392348424795,127.19936167961892,2.122482036986938e-06,0.3504952683689815,0.6529253478421867,4.1499998569488525,123,6250,6047.478517052976,1298.0,1277.0,133,130,130,123
787.3320212529118,154.8126126927864,2.6535355729695033e-06,0.705597526067516,0.8434848842139172,6.292997121810913,108,7614,7275.406810265553,1578.0,1511.2037283245745,124,121,122,117
656.4805794876856,141.91846153757317,2.0325016519375517e-06,0.7111967958166503,0.8349736955374099,5.021002531051636,112,8367,8517.445735023572,1774.0,1783.6282985842581,131,127,126,124
921.7328031210494,178.16636464969596,3.359999043124741e-06,0.7457950980796275,0.8600725939936804,6.452000617980957,102,8434,8151.441702717274,1777.0,1699.084465085174,122,119,115,115
751.1943035716482,148.0747589315762,6.1826741931176e-06,0.9416335053610266,0.9540336410060674,9.7370023727417,78,9109,8556.133442181463,1907.0,1784.4145573688238,98,95,95,91
932.8180764957579,180.53096530938163,4.213750474537349e-06,0.8454088986299071,0.9060212477129116,6.878999471664429,99,9386,8719.850819213592,1969.0,1820.6368604086674,119,115,112,111
714.1976216990641,136.1251913642217,7.173370053011592e-06,0.957063227354534,0.9681925249364693,9.313003778457642,77,9766,9363.20442048723,2090.0,1959.958840648109,97,94,91,90
778.649023995346,151.6682286714722,6.221572212849076e-06,0.9547496613515187,0.9660946734918747,9.21799612045288,80,10777,10683.119453582636,2351.0,2250.315815240454,101,98,97,94
838.6000506768514,157.69284565902325,6.014078625817058e-06,0.9461498974707399,0.9624302793634536,8.779002904891968,82,10995,10534.969860536674,2337.0,2212.756289152154,101,100,99,97
894.8517931952099,160.68649833736202,5.557411918854144e-06,0.9417777310324273,0.9652633046898312,7.85399866104126,88,11889,11656.25649551123,2542.0,2461.017581255923,109,107,104,104
13.957077057894322,3.5109352979892217,2.0285187003912975e-05,-0.8974847395991166,-0.6150822536031444,18.900994062423706,0,46,10.0,14.0,0.0,150,0,150,0
3.5984327072654767,0.5310850045437944,4.709814707294672e-06,-1.5038138825324183,-0.23275862068965458,5.520995855331421,0,10,10.0,2.0,0.0,1,0,5,0
2.704163456597992,0.5,1.4885698471120852e-05,0.2037430880476393,-0.33333333333333326,2.6049985885620117,0,10,10.0,1.0,0.0,1,0,7,0
2.449489742783178,0.5,9.997542625887656e-06,0.39906103286384975,-0.33333333333333326,2.610002040863037,0,10,10.0,1.0,0.0,1,0,2,0
30.404933810156535,6.967065379340142,1.2485342240802284e-05,-0.9245817227955004,-0.8095465322616722,19.30900263786316,0,87,10.0,23.0,0.0,150,0,148,0
391.9064599280463,88.43932006372128,8.285085291108716e-06,-0.7086612992698242,-0.7223152296931665,19.00399875640869,0,1102,10.0,251.0,0.0,150,0,149,0
3.095695936834452,0.408248290463863,1.5197027432539963e-06,-0.2115891132572434,-0.20000000000000018,2.181999683380127,0,10,10.0,1.0,0.0,1,0,3,0
3.387282717832439,0.3244428422615251,1.3877200005152558e-06,-0.75657336726039,-0.11764705882352944,2.813002347946167,0,10,10.0,1.0,0.0,1,0,5,0
333.7784594607627,77.0664215682377,1.0029745434753922e-05,-0.5198233110979977,-0.5208434515482256,19.10900068283081,0,1049,10.0,236.0,0.0,150,0,149,0
269.914826071732,62.38343797301759,7.311321975314482e-06,-0.4438263311011179,-0.4547957014801107,18.95500612258911,0,921,10.0,216.0,0.0,150,0,150,0
882.6151709550431,200.9210126724762,6.978889343616897e-06,-0.44090531545680944,-0.46504205405332133,18.93599510192871,0,2640,10.0,602.0,0.0,150,0,150,0
260.0688242241529,62.961999121163025,7.053930922239293e-06,-0.3863825020704448,-0.3995142586494551,18.93000292778015,0,938,10.0,231.0,0.0,150,0,150,0
517.7733867243469,126.50891931665002,8.064040144128006e-06,-0.327535639176213,-0.3320082399684632,19.316999673843384,0,2006,10.0,466.0,0.0,150,0,149,0
2036.524654077791,419.5304994872244,7.026941381430338e-06,-0.7739124374453477,-0.8605595453931103,19.106997966766357,0,4149,10.0,859.0,0.0,131,0,128,0
2326.7083988616478,478.8700032367866,6.839046112237785e-06,-0.8514040281849267,-0.9077088406547971,18.83399987220764,0,4745,10.0,1056.0,0.0,126,0,120,0
2269.0198104027213,476.91166198084665,6.163622991763381e-06,-0.6342828721591431,-0.6991533212927117,19.41700053215027,0,4890,10.0,1070.0,0.0,137,0,129,0
2780.6315014159404,565.3626623681475,7.313923846803536e-06,-0.8857659378936653,-0.9183055731454737,18.843998908996582,0,5627,10.0,1182.0,0.0,116,0,115,0
2831.3442967372703,578.9610867752685,6.960001692003393e-06,-0.8041885252708696,-0.8480280707072996,18.927999258041382,0,5897,10.0,1228.0,0.0,120,0,118,0
50.79799894482566,22.840654438255342,1.8575828536999384e-06,0.9768501535779601,0.46856146502431917,2.1740024089813232,138,6453,6451.016899826123,1360.0,1338.7586526886698,148,147,146,144
677.881413650381,127.95160030676489,5.160296264191157e-06,0.888161210545568,0.9258926013639136,6.912994146347046,99,6930,6868.1184035693805,1459.0,1428.694326470205,110,109,105,106
696.2194423396156,127.12717045582765,4.707276108644538e-06,0.8861153281953646,0.929423659012289,7.33599591255188,96,7208,6885.580069048237,1518.0,1430.7191797224086,111,108,106,104
723.0956105819953,141.88830473629136,4.5691051036889965e-06,0.9071315828327432,0.9361513902099948,7.411000967025757,95,7954,7670.625088602718,1685.0,1597.300982138624,110,108,106,104
924.7290511247087,182.68269603022264,3.861745073542292e-06,0.7705095119762615,0.8660696196650524,6.581992149353027,102,8509,7815.363459732818,1830.0,1625.1456403975708,119,117,118,113
862.6034170960748,170.67144219658675,3.4330596198880284e-06,0.8345830809616885,0.9020311730340892,6.285003423690796,103,8984,8475.776171430785,1947.0,1769.3438185699652,122,118,118,114
705.2936359248836,138.5435796024414,7.0756973137291935e-06,0.9517213213002907,0.9619900052762457,9.029995918273926,79,9317,9006.971334319258,1939.0,1887.099294662903,100,96,94,92
885.0173461366381,167.23149674024606,3.8661568738927e-06,0.8919372201907636,0.9383268336039119,6.828991889953613,99,10242,10479.563804565096,2223.0,2212.0845788219385,119,116,113,112
817.78537030895,159.62003227175768,3.7532371668177958e-06,0.911228035018396,0.9456689467774088,6.80099892616272,98,10648,10420.670910674071,2264.0,2195.2083691839944,119,116,114,113
780.4989156549583,157.90826767683612,5.958393955865994e-06,0.9575394471822855,0.966791243024261,8.558999300003052,83,11338,10952.878840085064,2464.0,2307.007597816518,102,101,98,97
818.5848990739208,160.9861833023179,8.321974543282645e-06,0.9596893035953732,0.9678004852232318,9.660997867584229,71,11601,11386.444112971185,2452.0,2399.292390414833,93,90,88,86
845.226102393933,157.50263650843965,6.942289779699459e-06,0.9597157371766818,0.9716323339251935,9.448004722595215,76,12284,12128.420340231816,2641.0,2567.1038812840707,97,95,97,92
3.0857315389441746,0.7223151185146152,9.214550931872409e-06,-0.3367834394904454,-0.3018867924528308,3.3500049114227295,0,10,10.0,2.0,0.0,1,0,5,0
35.4596484284132,7.690687008757194,1.4197434675208565e-05,-1.1630376476445683,-0.9916073534429608,19.32299780845642,0,80,10.0,21.0,0.0,129,0,126,0
5.7955358073363366,0.9701425001453319,3.2963411663002716e-06,-1.7655270655270656,-0.5813953488372094,2.6199984550476074,0,11,10.0,2.0,0.0,2,0,2,0
241.55002242461774,56.34489033325619,9.099401286859189e-06,-0.6727158985619086,-0.6611437683121195,18.718992948532104,0,720,10.0,181.0,0.0,150,0,149,0
42.69113881513743,10.061477691340041,8.49158546946534e-06,-0.8547566386691452,-0.7633724832604454,18.358996629714966,0,124,10.0,31.0,0.0,149,0,139,0
175.80705332835768,38.58894487630708,9.828927137489946e-06,-0.5815509912865595,-0.6239952816991932,18.511001348495483,0,535,10.0,118.0,0.0,150,0,148,0
132.46043434424737,32.25585218220098,8.368739875198646e-06,-0.5870088143203938,-0.5546693408067578,18.79400134086609,0,438,10.0,111.0,0.0,150,0,150,0
420.30327146002566,96.63460387804498,8.164518755480683e-06,-0.49615475810059073,-0.5250208627403159,18.77100110054016,0,1321,10.0,285.0,0.0,150,0,149,0
475.4187697879278,110.07700335068478,8.519199917446078e-06,-0.4666932632274676,-0.4762008939617297,17.95399761199951,0,1495,10.0,374.0,0.0,150,0,148,0
895.0445687226977,197.33097408499594,7.518159568866123e-06,-0.5891698715629399,-0.632582307824572,18.59899926185608,0,2323,10.0,499.0,0.0,150,0,149,0
1105.513663416242,243.0654644329383,7.395634370984664e-06,-0.5825571373495728,-0.6235267909498887,18.234001398086548,0,2719,10.0,597.0,0.0,147,0,146,0
1072.2647558633394,236.27328809382297,7.383431732572859e-06,-0.560972686039338,-0.6027413770004273,18.96499800682068,0,2702,10.0,608.0,0.0,150,0,143,0
1118.39175008879,247.92786585349108,7.286242391528576e-06,-0.5834455320554712,-0.6287329435006381,19.08899712562561,0,2821,10.0,623.0,0.0,148,0,148,0
543.022092859336,127.18380400035218,8.345925869621137e-06,-0.3706849925850386,-0.38432285274214983,19.238996982574463,0,1873,10.0,455.0,0.0,150,0,150,0
1160.2012612761057,266.0894210599136,8.044383647495287e-06,-0.38444056404671656,-0.4114031188406484,18.96099543571472,0,3602,10.0,804.0,0.0,150,0,149,0
766.5037691226394,150.5537312636642,4.672989261429992e-06,0.8500856798301761,0.8984798289537644,6.912001371383667,99,6920,6667.983296411568,1499.0,1383.6592610623065,113,109,107,105
715.1855351952076,138.9987529226158,5.4839000321395015e-06,0.8888059029964579,0.9254011613613086,7.393994092941284,97,7479,7334.2236128858485,1614.0,1528.2733083250905,114,110,108,106
725.3325062268985,148.77544818031973,5.039815272234983e-06,0.8992318461597211,0.9247673934661522,7.1130051612854,96,7765,7570.951267447426,1633.0,1577.4082222952002,111,108,108,105
763.1126843783907,139.2963581843665,5.4058544174318965e-06,0.9098202082368728,0.9452657722538597,8.108003854751587,92,8191,7959.9645866090295,1764.0,1662.5312605224854,109,106,106,102
722.3942123451279,143.46930854237644,4.2573265283460294e-06,0.90176153731903,0.9356240554577295,6.927006959915161,98,8487,8174.608561194964,1824.0,1707.2748935421105,115,112,110,109
708.6615241829207,135.584271494625,6.57184286383444e-06,0.9408962330682398,0.9563909009175998,8.591994762420654,84,8544,8227.789160266451,1783.0,1718.1052325198834,103,98,99,95
717.351240047735,142.4675326449997,6.152424177553117e-06,0.9402583821557966,0.9543379000035053,8.350999593734741,86,8878,8457.339143007635,1878.0,1767.258299035464,104,100,100,97
920.153149647311,183.9367685839999,3.1763846335500893e-06,0.740189861067396,0.8597138761578054,5.987001419067383,107,9393,8894.200951178751,2026.0,1857.5993157420944,128,123,120,119
745.5264405556046,139.3437363293,8.097811830330293e-06,0.9611818273300244,0.972541426261174,9.756997346878052,76,11060,10701.983395570187,2355.0,2253.7896836098917,98,95,92,91
981.1411683356215,191.19385954549003,6.339000391416324e-06,0.9372678779109449,0.9546754945691114,8.24599814414978,88,12175,10931.475591464265,2624.0,2296.0617380944095,108,106,104,103
783.0000512684704,146.12255190228373,9.28503222602922e-06,0.9677665574024519,0.9765103164929451,10.035000801086426,71,12211,12265.521928080281,2598.0,2597.028701900408,92,90,90,86
7.047931138520958,1.6832508230603465,1.6731479038158912e-05,-1.7020852221214868,-0.714585406524838,18.899996757507324,0,24,10.0,6.0,0.0,150,0,142,0
10.54608932258778,2.2045407685048604,1.7255554824186685e-05,-1.3924888212849234,-1.020323325635104,18.624996423721313,0,23,10.0,8.0,0.0,126,0,145,0
2.732084499843611,0.5345224838248488,5.382298185480197e-06,-0.4917155238338009,-0.19148936170212738,4.124997854232788,0,10,10.0,2.0,0.0,1,0,15,0
117.46755580442911,26.6453247931665,1.0497330622917407e-05,-0.6338662432077817,-0.6376669970487054,19.247997522354126,0,318,10.0,72.0,0.0,150,0,147,0
3.082207001484488,0.5,2.2817256572654003e-06,-0.0066225165562914245,-0.33333333333333326,1.5979971885681152,0,10,10.0,1.0,0.0,1,0,3,0
2.258317958127243,0.7745966692414834,6.261105382957126e-06,0.31174089068825905,-0.36363636363636354,1.78300142288208,0,10,10.0,2.0,0.0,1,0,10,0
177.52271216194657,40.82401254164024,1.0297481222095951e-05,-0.6493470299647226,-0.6240932216559278,19.072997093200684,0,527,10.0,129.0,0.0,150,0,147,0
500.97763090448126,110.6457409934969,1.0007634173032704e-05,-0.6939583586888816,-0.7135482859590287,18.936001300811768,0,1377,10.0,306.0,0.0,150,0,149,0
5.161825689079828,0.9545214042184236,7.385665823827339e-06,-1.1750786100137054,-0.837649402390438,6.380003929138184,0,10,10.0,2.0,0.0,1,0,6,0
785.3028969767016,177.57723202407828,7.040269691705543e-06,-0.596315474928488,-0.6333835606600033,19.076003789901733,0,2171,10.0,457.0,0.0,150,0,150,0
1207.3588199040084,264.4848829958592,6.954804812264053e-06,-0.5900288101597198,-0.6444756731719836,18.58899998664856,0,3042,10.0,649.0,0.0,148,0,147,0
1286.0203238414754,280.09999404974405,6.841113878650938e-06,-0.5287659763394694,-0.5690945522105046,18.770000219345093,0,3316,10.0,692.0,0.0,150,0,145,0
1171.6093945224804,266.16949487121923,6.663232701207587e-06,-0.4447613805283537,-0.47680358887064833,19.252998113632202,0,3441,10.0,767.0,0.0,150,0,147,0
1148.364370165962,264.66866078174047,6.22535590236708e-06,-0.4116737500826908,-0.4356228521105969,19.366002321243286,0,3662,10.0,837.0,0.0,150,0,150,0
2265.80201400446,468.3089080226142,6.837425678404258e-06,-0.6955191878464142,-0.7629106543136539,18.536999464035034,0,4751,10.0,1003.0,0.0,131,0,131,0
602.9871866346375,126.40894785224184,3.83525103479e-06,0.8058630680850303,0.8461687052820097,4.943000078201294,115,6152,5945.662868094724,1279.0,1279.0,121,118,116,115
540.4162042205413,103.48858480324226,4.315868397749724e-06,0.9183036866803798,0.9407457465054484,6.610994815826416,102,6422,6305.986923049072,1344.0,1308.5984205037594,111,109,108,105
552.1195469783086,123.89423875218507,2.349051473044634e-06,0.5709642754352102,0.7741384747395834,4.06998085975647,120,6761,6604.316160436494,1406.0,1373.7438043460897,132,129,128,125
657.8745681071885,132.8044482378924,4.986454013067924e-06,0.89181337754662,0.9220949974960335,6.934999465942383,98,6887,6804.7774179643175,1483.0,1415.3454725419106,111,109,110,106
752.7222422335897,152.15093580406926,3.2531418093377283e-06,0.6816933835196345,0.8258269079325087,5.502001047134399,110,7357,7104.695912801266,1560.0,1480.026742132004,126,122,121,119
736.2618027543535,141.9510058066001,7.0616347296644765e-06,0.9220523529015134,0.9408143609810544,9.084999322891235,82,7687,7354.963746058222,1619.0,1529.1190534609805,97,95,94,91
690.144910402427,133.7017513631223,4.156746841735059e-06,0.8927344726898006,0.9336245458004335,6.675001382827759,99,7978,7644.493129058899,1680.0,1594.757738449658,115,113,113,110
350.2389597931884,111.6235984248612,1.5318354234344135e-06,0.8628870792735113,0.11201552007977922,3.0619990825653076,129,8429,8058.805130212258,1765.0,1683.7362519326816,146,142,143,139
738.3403405349261,146.4201039662192,6.248245163504017e-06,0.9322808251019689,0.9485740832142485,8.299005031585693,87,8583,8229.243454952782,1842.0,1717.3941609152025,105,102,100,98
744.5038561934606,141.76177658130604,7.403588550621952e-06,0.9465504378131036,0.9609800091923808,8.780987739562988,81,9317,9331.178922893563,1983.0,1959.0289442606645,99,97,93,93
907.7502836909234,179.9859859838518,6.955164138393162e-06,0.9347200468652669,0.9503000246303424,8.907999277114868,84,10569,9983.21451031239,2272.0,2093.8393642693018,105,101,102,98
813.4522453824833,150.4123232510981,6.767915102660169e-06,0.9593385425011882,0.9717110815267619,9.340002059936523,75,11737,11294.615648431261,2487.0,2381.3350548060353,96,94,95,91
694.3222091657552,133.10809877517434,7.919188911359812e-06,0.9746275090765552,0.9804163190297577,10.170998334884644,69,12133,11634.691284955943,2614.0,2457.6084118390263,90,87,85,83
826.0376590647528,151.54858171421324,8.661596819621082e-06,0.965911640414934,0.9763766263908651,9.642997026443481,74,12722,12325.912132968942,2740.0,2608.814976572221,96,93,92,90
3.729489363048366,0.7071067811865476,1.2626504141167174e-05,-1.593220338983051,-0.5031055900621122,3.338996648788452,0,10,10.0,2.0,0.0,1,0,4,0
4.653314231097372,1.1690451944500122,1.4543580000415227e-05,-2.9863847614060353,-0.8023562510989977,19.047001361846924,0,10,10.0,4.0,0.0,1,0,66,0
2.105548226313834,0.5773502691896257,1.316375811441652e-05,0.14834578441835689,-0.27118644067796627,4.434999465942383,0,10,10.0,2.0,0.0,1,0,25,0
2.5248762345905194,0.6454972243679028,9.901440165114325e-06,-0.7662337662337662,-0.36363636363636354,3.6250007152557373,0,10,10.0,2.0,0.0,1,0,6,0
69.38270677913914,16.048883657957855,9.81774360190358e-06,-0.7909795194172466,-0.7255322196116216,26.338002920150757,0,211,10.0,58.0,0.0,150,0,148,0
33.06075215921945,8.186167194318312,9.589376040837897e-06,-0.7087118960332102,-0.5654784894658811,18.519999265670776,0,104,10.0,26.0,0.0,150,0,148,0
69.8209137723075,16.35563103847316,9.647826508038216e-06,-0.37669943368945313,-0.377245755614561,19.383000373840332,0,254,10.0,57.0,0.0,148,0,147,0
359.70940123012264,82.60597234260163,8.157173522792304e-06,-0.5649891348801521,-0.5685539937087964,19.202985286712646,0,1170,10.0,254.0,0.0,150,0,148,0
613.9134032309986,140.6117349299126,7.4163686959509456e-06,-0.5690147966456556,-0.5734359060329346,18.903996467590332,0,1756,10.0,424.0,0.0,150,0,149,0
659.5951131818165,151.9067477105609,8.232183205742764e-06,-0.46211362667134326,-0.4826882268967858,19.126004219055176,0,2063,10.0,458.0,0.0,150,0,147,0
1107.8119304888053,249.49120224969857,7.171184426878965e-06,-0.49103704596526376,-0.5256624737422491,18.937993049621582,0,2965,10.0,653.0,0.0,150,0,144,0
2095.379886003172,442.9646411772991,6.6239509026827446e-06,-0.6048388654426038,-0.6737774405686134,19.251004695892334,0,4665,10.0,974.0,0.0,138,0,136,0
1.6583123951777,0.5773502691896257,8.894269218560034e-06,0.5818373812038014,-0.4999999999999998,1.971003532409668,0,10,10.0,1.0,0.0,1,0,5,0
715.5984538313261,141.55844695722064,4.2478497229353556e-06,0.8137985515523917,0.8819730178357907,6.246994972229004,105,6628,6660.787887419975,1407.0,1385.8439488057156,117,115,113,112
884.4707046875885,170.9640378548324,5.271865493418166e-06,0.8481607737865671,0.9063978269174142,7.316000699996948,98,8679,8073.121143650132,1806.0,1685.4391027292168,117,113,113,110
732.1160293781031,151.54731951882346,5.569190512853622e-06,0.9254095453311034,0.9436389234081777,7.711995601654053,94,8875,8540.846029788252,1858.0,1785.120962074594,113,109,113,106
776.9199262264485,145.8133168475785,5.4699683677254205e-06,0.9242851160021158,0.9514701871963521,7.233999252319336,93,9198,8666.591634970518,1959.0,1814.747376000445,111,108,105,105
711.0513740388969,139.27821717622277,7.734865807381546e-06,0.9595993942899635,0.9687641060623216,9.125996828079224,81,10315,9965.924990315481,2219.0,2095.230673075517,99,97,96,94
715.6359760280984,136.67014038069078,7.338792082223445e-06,0.9630191296715366,0.9731822225863872,9.232998132705688,80,10832,10597.159844030282,2319.0,2235.6382082884174,100,98,97,94
957.8305107868398,178.92000376746552,7.385160400768427e-06,0.9497362317169035,0.9652574461430012,8.55099892616272,82,12679,12003.18446806254,2744.0,2539.1496770986814,104,100,101,97
25.58645474986065,5.974389787529211,1.4506404065662026e-05,-1.5747409003098083,-1.169743013378866,18.923999547958374,0,56,10.0,16.0,0.0,148,0,95,0
44.755707271065816,10.654576481493763,1.227910076403539e-05,-0.9347808159365412,-0.8637592159106167,18.265989780426025,0,127,10.0,33.0,0.0,150,0,145,0
8.499411744350311,2.127596452964393,2.0210876697302816e-05,-2.087765957446808,-0.8310112359550559,18.771995306015015,0,18,10.0,7.0,0.0,141,0,129,0
233.06123658815508,52.78232027235382,1.13047620787861e-05,-0.580289795629807,-0.5912119279514887,18.297001361846924,0,708,10.0,159.0,0.0,150,0,148,0
40.44502441586604,10.464861840145494,9.211114121417591e-06,-0.695047094082609,-0.5112411613505461,18.36700177192688,0,147,10.0,41.0,0.0,150,0,147,0
38.72053718635629,9.487184338183098,8.740756074517084e-06,-0.41106899714036604,-0.35578616718517453,19.277995347976685,0,146,10.0,39.0,0.0,150,0,149,0
438.9662021917709,104.87462355911781,7.5409467364457615e-06,-0.4539063677613522,-0.4513976989555626,18.520997047424316,0,1492,10.0,369.0,0.0,150,0,150,0
1674.9946845686804,350.361337288615,7.983667663290833e-06,-0.8208673086827594,-0.8988396572956403,18.771997690200806,0,3377,10.0,695.0,0.0,131,0,130,0
748.2944206660906,177.24282778154947,6.635333235907438e-06,-0.37172576262810963,-0.38028426998320675,18.97999882698059,0,2659,10.0,629.0,0.0,150,0,150,0
1204.6121090763338,274.0597623390441,6.322719134365015e-06,-0.41383236090811604,-0.44039972930238047,18.7279953956604,0,3632,10.0,781.0,0.0,150,0,148,0
1392.3924590430674,314.27987527043473,6.4230189773178354e-06,-0.4282418652188531,-0.46044448153732787,18.922996997833252,0,3977,10.0,845.0,0.0,148,0,146,0
683.1277190266195,129.2051310205245,8.52339659569096e-06,0.9324004694126294,0.9507026516491691,8.515997409820557,85,7776,7433.987732908118,1681.0,1551.545483799735,101,98,98,94
827.1779696814989,156.09327935549183,5.521995885955833e-06,0.8775811298534293,0.9224391679647368,7.098996639251709,97,7966,7615.092624397599,1662.0,1588.419143107245,113,109,111,106
745.6131843312168,135.8282594442177,7.433131572037363e-06,0.9342389536523166,0.9563593937449307,8.624998807907104,83,8483,8417.841212687623,1839.0,1765.9051338756726,103,98,96,94
701.0403032331152,133.5887031785261,7.248305345427567e-06,0.9477979814096182,0.9622491472809495,8.9239981174469,83,8966,8662.044364770878,1910.0,1813.985994300132,100,98,96,94
802.0706010536582,152.28875721414641,6.013563412865596e-06,0.9210813538124959,0.9482220582290732,7.754004716873169,91,9128,8879.852035520487,1913.0,1860.3176875523795,111,106,105,103
714.2216762259555,143.2531474454827,5.467798261526044e-06,0.9391506234017355,0.9558380688645906,7.444998025894165,94,9505,9202.36989290705,1984.0,1933.5144225910608,112,109,111,106
798.8810566259435,151.86947593845412,9.687006970791488e-06,0.9474011050263575,0.9603945511567018,9.244002103805542,79,9789,9102.668853588544,2062.0,1907.390693038773,99,95,94,91
799.1889616941712,157.07761954057176,8.647360166823859e-06,0.9613663839555532,0.9692114164457355,9.72999358177185,73,11458,10994.75260440151,2468.0,2318.12058906074,95,92,92,88
700.1424535739659,129.75758720289468,9.736587482436602e-06,0.9739915972969704,0.9813850729271469,10.79500412940979,68,12185,11869.323033450939,2658.0,2511.8966724079837,92,87,86,84
788.8130861802711,147.69715880971376,8.960657805592261e-06,0.9700501694029391,0.9776523386291933,10.556997776031494,68,12783,12583.780465490368,2710.0,2675.570248903934,91,86,85,83
768.5734725720706,144.3014754160214,1.0362455445323738e-05,0.9703790988688071,0.9783773072777529,9.948000431060791,70,12494,12234.013610564029,2740.0,2593.810248323278,90,88,89,85
849.9003534281563,159.47079963613606,7.237978321156192e-06,0.9636249612090684,0.9753785505396597,8.600005626678467,84,13221,12712.175021551522,2857.0,2695.904516992181,105,103,101,99
3.223179934302286,0.7453559924999299,7.843987370416462e-06,-1.218852999340804,-0.25,3.0469982624053955,0,10,10.0,2.0,0.0,1,0,4,0
2.0219384990937894,0.5423261445466404,2.0249402473780607e-05,-0.06705802664258309,-0.41666666666666674,4.961997747421265,0,10,10.0,1.0,0.0,1,0,6,0
2.9776948578836393,0.6831300510639732,6.070873542527246e-06,-0.395104895104895,-0.31250000000000044,2.4299979209899902,0,10,10.0,2.0,0.0,1,0,6,0
120.37109287532452,27.560599896712457,1.126091684066882e-05,-0.7695543059561873,-0.7554568951810214,18.62099814414978,0,345,10.0,84.0,0.0,149,0,146,0
115.48125388997126,26.668083295705124,8.874798353547869e-06,-0.7897773147209692,-0.7122724792141506,17.82899284362793,0,362,10.0,85.0,0.0,150,0,150,0
4.20920316738784,0.7223151185146152,1.327749374719998e-05,-0.6765797594025309,-0.4153846153846157,5.728000164031982,0,10,10.0,3.0,0.0,1,0,27,0
331.1409166301662,75.46712308460332,9.06728414180523e-06,-0.6224330879602182,-0.6086243458354892,17.171999216079712,0,919,10.0,216.0,0.0,150,0,147,0
2.3717082451262845,0.5400617248673217,3.4223004998414663e-06,-0.4068606165870603,-0.1748251748251748,3.3159992694854736,0,10,10.0,2.0,0.0,1,0,11,0
3.265986323710904,0.4714045207910317,2.4263966510374215e-06,-0.8620689655172413,-0.2857142857142856,1.6669981479644775,0,10,10.0,1.0,0.0,1,0,4,0
867.6841552853972,195.65825649160155,6.998414014686768e-06,-0.48756458489567445,-0.5180690148532134,17.199997186660767,0,2534,10.0,579.0,0.0,150,0,150,0
4.1687382237768755,1.0134234194190634,4.6800862049943e-06,-3.566410748560461,-0.5249457700650764,4.817000389099121,0,10,10.0,3.0,0.0,1,0,7,0
1645.2417512329305,345.77999749358935,8.085194499678812e-06,-0.6971644026495507,-0.7761839702125428,17.516997814178467,0,3445,10.0,754.0,0.0,138,0,132,0
1626.61881418686,348.17450605503365,7.186920766030756e-06,-0.6415970534817232,-0.7051370708087472,17.12199878692627,0,3563,10.0,750.0,0.0,144,0,133,0
1297.4869427730928,292.05667258256574,7.3128773737358386e-06,-0.4845341350062984,-0.516771943754953,18.02700185775757,0,3432,10.0,744.0,0.0,149,0,141,0
1902.516682362251,397.8343122456885,6.967034854753158e-06,-0.6887858827234898,-0.7630596213136625,18.677993535995483,0,4031,10.0,828.0,0.0,137,0,132,0
638.9667492653015,156.78218436204202,7.454756722754205e-06,-0.32235018644329183,-0.3265408603205169,18.41399908065796,0,2373,10.0,585.0,0.0,150,0,150,0
2158.019777481198,458.7417937503987,6.412773896760388e-06,-0.5857234907301532,-0.6472196892783,18.546998739242554,0,4766,10.0,1030.0,0.0,136,0,130,0
2525.8821363370594,512.3208174571866,7.62873786677423e-06,-0.8420053849805011,-0.8831543823310006,18.65099811553955,0,5190,10.0,1088.0,0.0,122,0,118,0
238.1996575557363,74.88550405278204,1.8512272610468895e-06,0.5251151972594528,0.6715010721726625,3.0430004596710205,129,6568,6536.849483072411,1395.0,1362.5301809399807,138,138,138,134
705.231210310441,141.49869750334906,5.116278364464366e-06,0.8444524042410269,0.8953765827658458,6.619995594024658,102,6746,6645.307639794349,1441.0,1382.177556430419,115,112,112,109
795.7962397749981,154.71693562280552,4.919125122389853e-06,0.8304287322836279,0.8930507536114235,6.142999649047852,103,7449,7024.058846181559,1579.0,1462.1581519479469,118,114,114,110
743.7411482536011,145.08483556218934,4.149758577128476e-06,0.8515382249162409,0.9125001335118169,6.372997999191284,102,7661,7602.223215588521,1633.0,1589.4091174849746,118,115,113,112
768.9212560868476,139.2657756375674,7.321666797122213e-06,0.9182518279945789,0.9463725745030814,8.440991163253784,87,8063,7608.056643308074,1715.0,1586.9069853624187,102,100,99,97
776.0815167222482,147.93044277464972,8.412917359736158e-06,0.9265071372759316,0.944750301503877,8.53899884223938,84,8283,7560.91591545343,1752.0,1574.241156087347,101,97,96,94
725.6735804214057,149.468379524138,7.744785068526864e-06,0.9483322144476796,0.9566951408643628,8.967998504638672,81,9281,8918.420824062743,2013.0,1869.8791432749786,103,97,97,94
714.5410569657697,134.32891441893557,6.211959438404454e-06,0.9433739698621033,0.9638171563721217,7.784997940063477,93,9775,9490.961567823646,2087.0,1997.6626550844057,112,110,107,106
696.7195002230856,132.479862780616,9.691134138545568e-06,0.9685676619443027,0.9762601174212813,10.135000705718994,71,11066,10425.569613927928,2360.0,2196.4129823438416,92,89,85,85
778.1990904689089,155.63819429191557,8.174821039550173e-06,0.9702722941851755,0.97603073548219,9.243998765945435,77,13006,12692.869903718969,2854.0,2695.8881817706806,98,96,96,93
801.2662018900984,141.49809305098918,1.2065660471417982e-05,0.9733534181134507,0.9818544188273122,10.677000284194946,63,13853,12855.250066653403,2964.0,2729.8637642656595,85,82,82,79
34.014800700087406,7.584633588161439,1.5004580412237389e-05,-0.7601282092109496,-0.7097037094765153,19.09199857711792,0,82,10.0,25.0,0.0,133,0,128,0
3.672039074920355,0.6221710168382552,6.740275016258856e-06,-1.1618284951618283,-0.36764705882352944,4.35600471496582,0,10,10.0,2.0,0.0,1,0,7,0
98.62514892257451,22.951107453308943,1.1327790553682112e-05,-0.6075984915455521,-0.5934861474889783,19.13699984550476,0,305,10.0,71.0,0.0,148,0,150,0
85.84307388096802,19.985494739935763,9.973784966117991e-06,-0.5515117683931412,-0.517822565267831,18.934999465942383,0,293,10.0,71.0,0.0,150,0,148,0
153.50826253549567,35.449870709684305,1.0023065677206541e-05,-0.5213038262444916,-0.5138454896338986,18.296998500823975,0,495,10.0,116.0,0.0,150,0,150,0
3.851406669430448,0.5773502691896257,3.311567213513274e-06,-1.6567164179104479,-0.4999999999999998,2.020998477935791,0,10,10.0,1.0,0.0,1,0,4,0
77.34554501284047,18.25723600840682,8.794323347131169e-06,-0.5607685907393363,-0.517251801469093,18.700999975204468,0,249,10.0,67.0,0.0,150,0,150,0
39.20816241549711,9.409923839578441,8.171946822616179e-06,-0.7891529807319277,-0.6954532612136668,18.810999393463135,0,132,10.0,35.0,0.0,150,0,150,0
218.0585854000403,50.509867022856696,1.091834530545908e-05,-0.492968935746364,-0.4893866987346931,19.083000659942627,0,698,10.0,168.0,0.0,150,0,149,0
702.723236179555,166.97914041380537,8.062299009809182e-06,-0.3652985594286242,-0.38077157210592394,19.382998943328857,0,2383,10.0,573.0,0.0,150,0,150,0
2489.087354835101,502.28105014357584,7.65021762076981e-06,-0.8482697201297251,-0.8816288980294775,18.936999559402466,0,5180,10.0,1079.0,0.0,120,0,117,0
650.6829913429175,127.70700740523641,6.280855243502021e-06,0.9036760320483569,0.9316879374502848,7.122997045516968,97,7075,6816.947371182727,1486.0,1420.7836724692143,112,108,107,104
697.449755393714,157.9837556133457,2.6438211221280567e-06,0.5520569965068092,0.7506199567389759,4.871006965637207,116,7534,7271.044324859985,1608.0,1515.4651878761997,133,128,126,124
798.0639052874578,152.87268322334626,5.481740164425763e-06,0.8804802561139892,0.9274293569737267,7.090996742248535,97,8082,7740.427793389779,1710.0,1615.805472099525,114,111,111,107
763.1651304582794,147.13006650318738,1.0557104501391883e-05,0.9323398662977602,0.9475962535556962,8.973997592926025,81,8264,7787.1016138920495,1738.0,1627.5025604501607,98,95,93,91
691.7652442715855,141.83693209863776,4.967997431051663e-06,0.9063209293042516,0.9373379899944038,6.400001525878906,102,8389,8320.492541619953,1796.0,1745.2267576782106,117,115,112,112
704.2011066993457,139.14800389506314,8.332454784928394e-06,0.9466198881106612,0.9588808699017557,8.556998014450073,85,8832,8653.11061529736,1935.0,1815.8848166077178,104,100,99,97
773.2156334611301,147.28667614373643,1.025567140787157e-05,0.9453575954489596,0.9592340350671595,9.304999113082886,79,9419,8774.63720641114,1997.0,1836.2348178632947,99,95,94,92
693.4954714439309,132.76907911860837,9.44290274634663e-06,0.9586197351059228,0.9685150345685603,9.266002655029297,76,9673,9638.059420488073,2076.0,2031.8048561186924,94,92,93,89
723.863880402475,141.867972824856,9.591129440580106e-06,0.955915748207845,0.9658262257821942,8.770997285842896,81,9933,9511.179769270593,2128.0,2001.5258426237788,100,97,94,94
706.7702204875757,133.44105158815339,1.0300223764408459e-05,0.9623431975821558,0.9723629911734445,9.94100022315979,76,10305,9755.911885340483,2223.0,2053.4896243729772,94,93,94,89
760.8193112086352,141.45635647821337,9.163357748718074e-06,0.9590376227270584,0.9710408718176885,9.414998531341553,77,10581,10517.312483747168,2282.0,2221.1560275673364,98,94,93,91
702.8182709091384,137.2305330313696,1.1029069051366286e-05,0.9729446787595846,0.9787637095542471,9.763006448745728,74,12154,11710.059721556863,2587.0,2481.9278565371515,93,92,93,88
878.8757731321579,159.38665135512488,7.412718127561239e-06,0.9577646061074317,0.9718346503737684,9.398996591567993,80,12158,11940.818158900043,2630.0,2530.666549791973,101,98,94,94
859.863151824206,162.97269196294306,8.759859617839347e-06,0.9594797307861987,0.9712939697124082,8.65100646018982,81,12453,12283.841975665428,2682.0,2607.586046378592,103,99,97,96
794.7199474146156,146.89156009300797,9.676314626968989e-06,0.9709261182999153,0.9794613673674872,9.901993036270142,74,12968,13007.378548324356,2788.0,2770.2599908611774,95,93,90,89
767.5557945262508,147.22948387936765,8.504098712283378e-06,0.971637860999565,0.9796496000862387,8.523001432418823,84,13508,12938.884447466255,2904.0,2751.5095960551625,105,102,102,99
21.171206862151248,5.307855813163479,1.1698513117760508e-05,-0.5864250422642396,-0.4694019471488178,18.611998796463013,0,92,10.0,24.0,0.0,150,0,150,0
33.34866314162134,7.4525163535546834,1.05309041803634e-05,-0.8590108573425539,-0.7688373784999174,18.371001482009888,0,93,10.0,26.0,0.0,150,0,150,0
1116.3745817003658,242.66419870539892,7.637942115962182e-06,-0.5946578991472364,-0.640030606918893,18.23100519180298,0,2698,10.0,583.0,0.0,147,0,147,0
860.6902656201784,192.96467725121784,7.2457393908716036e-06,-0.47412289410800956,-0.4965801032995987,18.677998781204224,0,2578,10.0,560.0,0.0,149,0,149,0
1232.064971230549,272.1070867630365,7.515830893981828e-06,-0.5299685888849033,-0.5720847796168054,18.708001613616943,0,3270,10.0,697.0,0.0,149,0,149,0
1862.4086178924324,397.02186337782456,7.425043709352478e-06,-0.598271715754831,-0.656092526907204,18.99399995803833,0,4168,10.0,874.0,0.0,137,0,132,0
2218.662855565637,487.20663651747054,7.139613988343579e-06,-0.41347380330126526,-0.45670222075665534,18.817993879318237,0,5767,10.0,1212.0,0.0,145,0,144,0
629.545358896407,123.01470636854206,8.313154915324685e-06,0.9360834230088341,0.9503946719757049,8.166999340057373,86,7207,6980.687468682365,1524.0,1455.337121015261,101,97,97,94
830.943608582143,165.75860773079177,5.650517343172188e-06,0.788565754450949,0.866210493751911,6.374998569488525,103,7198,6858.0953888741415,1522.0,1426.9533537988846,117,114,112,111
683.9804929739936,134.97018921157303,7.15199355724256e-06,0.9224118740390852,0.9430751214280676,7.260998725891113,93,7649,7478.651297811121,1631.0,1562.3577036765328,110,106,105,102
801.1291301026265,158.99081635492402,8.143956829906297e-06,0.907988272737582,0.9313234129233104,7.4270031452178955,91,8196,7664.231542400596,1734.0,1599.3756293482757,108,104,102,101
676.7399471201439,136.1184425616006,5.5150412135304705e-06,0.9096877592135171,0.9417158236289008,6.4019880294799805,101,8420,8160.60162264212,1782.0,1708.730991937432,118,115,112,111
771.3508825735025,147.41429626248956,7.87861051625068e-06,0.9217813126934705,0.9472585330687444,7.952000856399536,91,8605,8409.997490386955,1883.0,1764.4996695686095,108,106,105,102
670.0861191283162,128.5507555134861,1.1825389126842406e-05,0.9556631170631527,0.9654452059650929,10.202000141143799,73,8854,8901.582099175015,1893.0,1872.690134326538,92,88,86,85
698.2015502238067,134.18991584602458,1.0327208710292841e-05,0.9572369504376492,0.9671534977484986,10.157999038696289,73,9414,9218.089897024069,2012.0,1937.2138908547931,91,89,90,86
733.9606927379265,136.7984061260979,6.875630223724712e-06,0.946919581530209,0.9648854787086532,7.942999839782715,89,9966,9606.50543280923,2063.0,2023.2853709344063,109,106,104,102
822.4673619733919,152.31083707046298,8.724245574529956e-06,0.9588919681089414,0.9718785412375152,8.948004961013794,79,11580,11261.797490121458,2531.0,2379.0041402923325,100,97,97,93
796.7142772624682,148.22711424837325,9.260064050620914e-06,0.9683988262626066,0.9776743956916683,9.64699912071228,76,12651,12384.615211515378,2757.0,2630.5209419482326,97,94,91,90
756.5675554945916,151.94868477353896,8.735953503629052e-06,0.973068564361594,0.9784136770399886,9.290998935699463,81,13239,13246.73598896354,2825.0,2824.1646565261362,101,100,97,96
866.9291219489016,161.46892025899226,8.14915150988163e-06,0.9660806424236279,0.9761993724123609,9.254002332687378,78,13411,13390.086127576207,2879.0,2853.7935047239844,101,97,96,94
2.8382310609877335,0.3333333333333333,1.7158625600007205e-06,-0.25420470927438754,-0.125,2.7489986419677734,0,10,10.0,1.0,0.0,1,0,2,0
3.8783587594066984,0.5,6.358106091794378e-06,-1.188431422076282,-0.33333333333333326,3.378000020980835,0,10,10.0,1.0,0.0,1,0,2,0
4.293891009329417,0.6123724356957945,4.642136116150013e-06,-0.6767317939609236,-0.6000000000000001,2.658000946044922,0,10,10.0,1.0,0.0,1,0,2,0
7.1278795350838156,1.7339742404853271,1.7119562862498184e-05,-3.0498602397004273,-1.1704257435272227,18.64700150489807,0,15,10.0,6.0,0.0,61,0,75,0
209.1224999850566,46.80797652822291,1.0741527676836536e-05,-0.6854879858175595,-0.6836174106720221,18.582998514175415,0,584,10.0,136.0,0.0,150,0,150,0
1002.1646305206878,225.33594179949782,8.520272147453307e-06,-0.45124894836583174,-0.4799891513674226,25.121997356414795,0,2927,10.0,625.0,0.0,150,0,150,0
1346.0033159939342,291.7459625541829,8.14086971381978e-06,-0.5619571465220146,-0.6083304445694935,18.742998123168945,0,3141,10.0,683.0,0.0,145,0,143,0
1663.1734225069056,344.9810526198021,8.417444368340872e-06,-0.8009978638538069,-0.8818039885061695,18.783999919891357,0,3338,10.0,709.0,0.0,130,0,130,0
1666.707238839503,346.8256238130818,7.68192147337144e-06,-0.7892372117758484,-0.863363280460193,19.248008012771606,0,3436,10.0,731.0,0.0,133,0,127,0
1740.9974535688825,373.49987951805286,7.046471584202157e-06,-0.5407368412056364,-0.5960875144429254,19.02599835395813,0,4047,10.0,876.0,0.0,137,0,135,0
1523.2537499269997,335.7367520344871,7.379506321540287e-06,-0.4662767548214328,-0.5123960674642187,19.453998804092407,0,4004,10.0,834.0,0.0,148,0,145,0
2470.2805400736706,508.7862222977348,7.764761941900196e-06,-0.7735644072788286,-0.8176806997732229,18.631006479263306,0,5223,10.0,1130.0,0.0,123,0,117,0
2635.4950123269064,531.5904313159396,8.664475836007295e-06,-0.8774349345475214,-0.8897363002727161,18.88401460647583,0,5520,10.0,1139.0,0.0,117,0,108,0
2680.987520796519,551.1326216680217,8.230767325411812e-06,-0.8188193987836367,-0.8324002978349796,18.864997625350952,0,5713,10.0,1247.0,0.0,119,0,112,0
674.3978894524956,131.01876145893306,9.406705708466483e-06,0.9117389194006962,0.9303873226867323,8.350001811981201,89,6687,6597.76174488126,1394.0,1373.9791938886556,102,99,95,95
613.2860250076611,120.04354384303767,9.009795666846242e-06,0.9308533994944022,0.9457629898973039,8.201001405715942,89,6885,6732.299660578395,1493.0,1403.2809059060774,102,99,98,95
664.3188394594423,135.16108043816376,7.896011361194695e-06,0.9336311886236297,0.9489769466307277,8.024998188018799,90,7995,7935.496815192094,1704.0,1662.4409227189017,107,104,105,101
711.5960104167591,136.36538769544072,5.549822532817133e-06,0.917001075894473,0.9469919097224949,7.478000164031982,96,8423,8206.330256444297,1821.0,1721.5272156055717,113,110,110,107
760.7744437764196,139.28915511776225,8.128795615039182e-06,0.9302276664580943,0.9551980869766987,7.809001207351685,90,8858,8456.324428414628,1873.0,1774.964068378983,108,104,100,101
697.1202575312273,132.88642193788044,7.646894173514772e-06,0.9469967170091023,0.962316789819648,8.4389967918396,85,8869,8653.60963902062,1900.0,1816.298116622862,102,100,99,96
732.837144654734,137.85566813590847,8.92884981326119e-06,0.9455939308685659,0.9625839580443729,8.652999639511108,86,9333,9193.89916483743,1961.0,1934.5893338869846,106,101,98,98
674.7699112061065,134.76657111257273,8.46296026815901e-06,0.9655391839227678,0.9732523582962951,8.99000072479248,83,10696,10298.328735444695,2296.0,2174.1462202818675,103,100,98,97
771.3914696730832,149.45166190104365,7.877073124168786e-06,0.9545389099711922,0.9664616992191082,8.859004497528076,85,10502,10335.593712892141,2255.0,2181.8663983593833,103,102,102,98
722.2035283144944,134.70012944371607,1.0818153209198035e-05,0.9705122479263154,0.9785462057741483,10.620005130767822,69,11613,11480.77865651497,2549.0,2432.5434220599855,90,87,85,83
816.7671433941887,152.96109064729842,1.0385684536496367e-05,0.9651692659423996,0.9742973688294662,10.192006587982178,72,12194,11457.755037644349,2613.0,2422.271893006401,93,90,90,87
724.635756167572,147.170688998193,1.1816312442770019e-05,0.9728280226440549,0.9770996806317458,9.824996709823608,77,12484,12056.818760541095,2656.0,2560.33155092167,98,95,95,91
691.3509580594198,128.2446051553451,1.0663957221458425e-05,0.977663722841896,0.9839987312912488,10.375996828079224,69,12838,12820.22382847822,2792.0,2729.647918481023,90,87,86,84
770.7133987957754,140.64901516699064,1.2998704989075118e-05,0.9751010384101411,0.9824993740457411,10.354000091552734,69,13549,13364.340831409356,2885.0,2850.169677149939,90,87,86,84
798.2234876153506,141.88899141854856,1.0152722153178962e-05,0.9725178581327161,0.9821017408301602,10.359999895095825,70,13683,13663.16759434274,2966.0,2914.4921879975536,91,89,89,85
2.821347195933177,0.6324555320336759,2.1478487853485128e-05,-0.6311475409836065,-0.3440860215053767,3.6399991512298584,0,10,10.0,2.0,0.0,1,0,13,0
17.433301465872724,3.9089640571384128,1.5820661770432247e-05,-2.4671969561760747,-1.4970221667005612,19.27700138092041,0,38,10.0,9.0,0.0,150,0,150,0
3.22490309931942,0.6324555320336759,7.182336224549292e-06,-1.118126272912423,-0.2903225806451615,3.2149996757507324,0,10,10.0,2.0,0.0,1,0,8,0
15.443876888052861,3.5683796509527026,1.5721997269727072e-05,-2.118163737368984,-1.3867839648105567,18.226996660232544,0,38,10.0,10.0,0.0,150,0,137,0
2.1984843263788196,0.8755950357709131,1.1758235929646039e-05,-0.13844543313268787,-0.7206982543640894,4.208001375198364,0,10,10.0,2.0,0.0,1,0,4,0
409.600211588487,97.56741259252497,7.86232594281947e-06,-0.3898406896337161,-0.3998859994838264,18.692996740341187,0,1465,10.0,349.0,0.0,150,0,150,0
118.1744473225917,29.409862291415102,8.211205281521421e-06,-0.35725501066946874,-0.3338415705063249,18.855998039245605,0,436,10.0,119.0,0.0,150,0,150,0
1889.9467435177462,391.90153525258523,8.347473589432029e-06,-0.8405264734390872,-0.9130663595246549,18.88100028038025,0,3800,10.0,805.0,0.0,129,0,127,0
1717.6214755682736,368.8785527333714,8.05871265211929e-06,-0.5614546403383225,-0.6078937963887787,19.03699564933777,0,3900,10.0,840.0,0.0,139,0,139,0
2100.2078563799346,432.70288497613075,7.861501923054658e-06,-0.7529291910230016,-0.8228517180456731,18.590996980667114,0,4310,10.0,907.0,0.0,126,0,125,0
2205.7930214173166,449.3667989515914,8.277901764977146e-06,-0.7456201213720752,-0.8051025502362614,18.67899799346924,0,4465,10.0,938.0,0.0,124,0,123,0
2251.063810734827,457.9398213739443,8.374857924457147e-06,-0.9041717343106332,-0.9508432996763054,18.946005821228027,0,4446,10.0,938.0,0.0,120,0,118,0
2370.829788632382,481.1588649638842,8.247697384551482e-06,-0.928704281290921,-0.9692061287422669,17.96799921989441,0,4866,10.0,1026.0,0.0,118,0,113,0
2628.0660379830642,537.0187644145532,9.054671727684372e-06,-0.8828192763023872,-0.8869604789406913,19.123997449874878,0,5465,10.0,1188.0,0.0,118,0,109,0
2662.7627219362475,542.7273409979146,9.073846822614665e-06,-0.8827977090696255,-0.8988663875467175,19.137009382247925,0,5561,10.0,1196.0,0.0,115,0,109,0
675.4368945771453,130.89708122694753,6.0257889045184015e-06,0.8359913187593155,0.8860015848524838,5.875996828079224,108,6136,5963.349940918422,1318.0,1271.0,116,113,110,108
736.4701154581805,144.49884213131665,4.65172444110311e-06,0.7861170037601847,0.8819926128332536,5.886988401412964,107,6965,6729.752961729591,1500.0,1404.7912046440651,122,118,120,115
724.8233664902225,141.67760414920508,5.323518772452675e-06,0.8503824674822407,0.907804517134009,6.13899827003479,103,7263,6905.851608804409,1531.0,1442.195268277912,120,115,114,111
801.7388319803906,158.2083299533417,7.840647371712085e-06,0.9097541441883223,0.9371467810828961,7.53499960899353,94,8641,8354.145105648357,1849.0,1749.3508775402015,111,108,105,104
706.7983141869963,136.19142598530024,1.0469043145588941e-05,0.9516785026071284,0.9628145541679772,8.865000009536743,79,9014,8841.414513785687,1925.0,1860.6618873144735,98,93,92,90
657.2431697137134,128.35019498935992,1.2622351559511803e-05,0.9654048525322247,0.9726468428455967,9.427997827529907,76,9838,9732.56070439468,2133.0,2053.092629147345,93,92,93,89
847.6441119885498,164.03506876590805,8.209523013352083e-06,0.942614962828711,0.9582992885582013,9.131998300552368,82,10400,10870.44129265223,2185.0,2307.0156256151513,103,100,102,97
685.9225345688003,140.1917997887827,1.3038112288456639e-05,0.9676733501903674,0.9724372076608288,9.678000450134277,75,10624,10161.72694377532,2331.0,2142.2128307638186,95,92,92,89
721.3031791579855,141.34086389296974,1.1189175596640197e-05,0.9674057677418612,0.9745320003683898,9.460001468658447,79,11373,11128.763018227926,2409.0,2356.523312574671,100,96,93,92
672.86782532947,128.45647921999603,1.0400021702859872e-05,0.9739025309760946,0.9797397040277075,10.909996271133423,64,11532,11319.547092777171,2475.0,2399.0800606069906,83,81,78,78
719.7069382091121,138.8773787763643,1.2234848034298195e-05,0.9709484921318237,0.977943539237333,9.474003791809082,76,11803,11888.445108708112,2524.0,2524.2957551885265,96,94,90,90
740.2226306365666,135.92081211819632,1.167837599931192e-05,0.9741575774501923,0.9815216676110087,11.57100248336792,65,12663,13030.434496542952,2727.0,2785.279083701458,87,83,83,80
786.2247923861339,151.534549407597,1.1450632142949462e-05,0.971756126809725,0.9779970568132244,10.371028423309326,69,13011,12204.534436194244,2786.0,2588.191294271839,89,87,85,83
717.2088964622468,136.9643372337285,1.3358388152229369e-05,0.9786614234233237,0.9835315565068012,12.23699951171875,60,13752,13663.392033483779,2965.0,2919.90817325687,81,79,79,75
720.3965803630376,135.29362944379506,1.451132813319923e-05,0.979445373624728,0.9846138090215146,11.12300181388855,64,14021,13724.85630242795,3021.0,2932.570416198274,86,82,82,79
4.4248104330492,0.8271701918685112,7.477519765746941e-06,-1.4808704808704816,-0.4879518072289164,5.142999172210693,0,10,10.0,2.0,0.0,1,0,8,0
3.112474899497183,0.25,8.623663332183512e-07,-0.062098501070663836,-0.06666666666666665,2.5809993743896484,0,10,10.0,1.0,0.0,1,0,4,0
45.10388009916663,10.547669568835257,1.8078017116595127e-05,-1.033688973025078,-0.8200378665596397,18.411994457244873,0,132,10.0,39.0,0.0,150,0,148,0
2.84102597162162,0.5345224838248488,7.5240136862281375e-06,-0.7461368653421632,-0.3999999999999997,3.9840035438537598,0,10,10.0,1.0,0.0,1,0,2,0
77.74278101534573,18.273660461622534,1.1755410576553477e-05,-0.8321699004088086,-0.8517331863780109,18.881996393203735,0,224,10.0,53.0,0.0,150,0,149,0
3.789082059964241,0.7559289460184544,3.894880615218457e-06,-1.0259179265658749,-0.47368421052631593,2.412001371383667,0,10,10.0,2.0,0.0,1,0,10,0
327.91972594930405,78.38966768650062,8.568308852185597e-06,-0.47251019706132746,-0.4671497701164369,17.389995574951172,0,1070,10.0,253.0,0.0,150,0,147,0
1368.1655625934554,290.113552481323,8.510260162617047e-06,-0.7034503250423854,-0.7723416007957631,18.179998874664307,0,2904,10.0,621.0,0.0,141,0,134,0
285.9321248128653,72.70951336196202,7.078805088994533e-06,-0.35146972012615896,-0.34521672578959306,18.4119975566864,0,1126,10.0,312.0,0.0,150,0,150,0
1401.4756009292491,307.9023871294278,8.376766184113458e-06,-0.5195237809112632,-0.5731841233268762,18.554999589920044,0,3452,10.0,740.0,0.0,147,0,136,0
1700.0279017318119,364.81008757982556,6.86951779996539e-06,-0.5786776939277853,-0.6289131127730789,19.22099804878235,0,3829,10.0,815.0,0.0,142,0,140,0
2015.7557309025979,413.8617321441224,7.640757844269572e-06,-0.7592906123630705,-0.8292693033659564,18.541995763778687,0,4225,10.0,885.0,0.0,128,0,123,0
2462.119133321267,499.59408189716044,8.74400929505339e-06,-0.9150585642856508,-0.9365756510017125,18.68700098991394,0,5062,10.0,1078.0,0.0,118,0,110,0
680.77199203378,132.10217244237498,7.693644461810792e-06,0.8709459981089336,0.906662300393703,6.370998382568359,101,6253,6135.43062201495,1338.0,1282.5664359977054,111,108,103,104
705.1572229784413,129.7531748783928,5.72381383202985e-06,0.8457199854976475,0.9081893547804047,6.492000579833984,101,6438,6291.8528323841665,1345.0,1309.5591697581804,113,111,112,107
721.3269703640265,134.64908143071872,8.875715372422113e-06,0.9052821481135167,0.9307886958976725,8.311000347137451,90,6992,6732.453973374456,1456.0,1404.3266813225791,102,100,101,97
686.6891751572606,132.11179604615143,7.359382224364346e-06,0.910556652481301,0.9383931137358924,7.462000131607056,94,7322,6961.387831132204,1558.0,1452.188226737111,111,106,106,102
790.1150383221917,151.43625425924282,8.767508080466728e-06,0.9083266601802626,0.9347707876472251,8.19899606704712,89,7930,7374.831689405331,1696.0,1539.2167292785925,106,102,104,99
697.5215424529384,127.38786486819447,7.906903662393377e-06,0.9316548542855019,0.957358515236424,7.8319993019104,93,8406,8232.207241428176,1746.0,1730.7009727631867,108,106,105,103
653.6533124522272,129.67038175491848,1.102926135774856e-05,0.9605125710638285,0.9677169651866127,10.085997581481934,75,9196,8852.54105903785,1959.0,1858.9604097072015,92,90,91,87
764.9815657264116,148.76005402192905,1.0188743247903066e-05,0.9591034551284746,0.9694511089822355,8.817994594573975,82,10925,10557.896111432794,2334.0,2232.871116961912,101,99,99,96
694.4095731643498,128.97028891670018,1.0798851854196746e-05,0.9693059224992334,0.9776745991201891,9.914000749588013,71,11191,10530.06298519144,2398.0,2226.2169106251176,90,89,87,85
643.6311078929735,119.02163746367131,1.4609888474896695e-05,0.9793693490247071,0.9848902032689836,11.651994228363037,60,12371,12431.292409496586,2700.0,2646.1450393329487,82,79,75,75
744.9501543865024,137.471814835886,1.3848530893892431e-05,0.976961176362423,0.9830110111173254,11.248001337051392,59,13543,13288.897585030894,2981.0,2833.816992875747,80,77,74,74
8.848728722251575,2.222611077089287,1.6383912331269805e-05,-1.4575894071514561,-0.7350650161564758,18.248995065689087,0,29,10.0,8.0,0.0,145,0,142,0
4.155626399140179,1.0377490433255416,1.7688735301652053e-05,-1.1500069063953222,-0.49256791389031274,13.167996644973755,0,10,10.0,4.0,0.0,1,0,66,0
4.942526826287484,0.6546536707079771,2.730575565411662e-06,-1.977611940298507,-0.23529411764705843,2.4110093116760254,0,10,10.0,2.0,0.0,1,0,5,0
2.7386127875258306,0.5773502691896257,3.742071355251492e-06,0.235127478753541,-0.4999999999999998,2.1539995670318604,0,10,10.0,1.0,0.0,1,0,3,0
84.2364529167747,18.86707891186833,9.310350711099732e-06,-0.7550812116292873,-0.7308581257135596,19.01499581336975,0,237,10.0,56.0,0.0,148,0,148,0
81.43864766395211,18.702406262296837,9.280954892731448e-06,-0.5584001136893109,-0.5397870020498412,19.51599955558777,0,279,10.0,65.0,0.0,149,0,145,0
3.8494391563163872,1.0588730430094635,1.2927722332745367e-05,-1.7130127774041695,-1.4817073170731714,4.646000623703003,0,10,10.0,2.0,0.0,1,0,7,0
31.042014539437783,7.7687407817054455,9.909926874306716e-06,-0.5898920785995667,-0.4659921558974891,18.47099804878235,0,105,10.0,26.0,0.0,149,0,147,0
705.7324800045222,157.52250632846088,1.2521332778288789e-05,-0.5760030325334307,-0.6012798062646414,18.972001791000366,0,1885,10.0,409.0,0.0,149,0,148,0
3.0740852297878796,0.6324555320336759,5.08912457475566e-06,-0.910055583628095,-0.2903225806451615,3.1440036296844482,0,10,10.0,2.0,0.0,1,0,15,0
950.1762257602534,213.42281977333164,7.891642014083733e-06,-0.5410823769635416,-0.5692170541450972,18.547000408172607,0,2684,10.0,561.0,0.0,150,0,147,0
615.3571483293259,144.29857934158605,7.289228763704516e-06,-0.3378849761990603,-0.34497452477404855,18.9680016040802,0,2152,10.0,474.0,0.0,150,0,149,0
2301.92191584916,473.64578889010863,7.70056606274577e-06,-0.64457272728801,-0.696356829884093,18.777996301651,0,4906,10.0,1049.0,0.0,132,0,122,0
2243.929877098064,467.26681171824447,7.239332264837623e-06,-0.6242999735939991,-0.685822302135159,19.09799575805664,0,4914,10.0,1033.0,0.0,132,0,127,0
665.4829776326018,127.33940803679734,7.759854295466492e-06,0.8685101305072012,0.9010984120918212,5.950998783111572,106,6157,6022.072104112078,1291.0,1274.1000000000004,112,111,112,107
603.8121864953455,115.56210517090048,8.360060989520552e-06,0.9081381554373079,0.9328422925565961,7.008997678756714,96,6240,6195.005911237834,1355.0,1293.1845376561787,105,105,101,101
622.5426368600405,147.34088278871013,2.5093480293637197e-06,0.2561545588076589,0.5964885833524676,3.908996343612671,122,7070,6624.115612324007,1496.0,1381.2287055882352,136,132,130,128
639.9942422618442,120.01878040056718,1.016872366590047e-05,0.934758933453631,0.9527140918799599,8.18100094795227,88,7262,7042.890598319624,1551.0,1473.8826368823766,104,100,99,96
598.8907127538248,116.87632063880149,1.1442193775815469e-05,0.950895578119791,0.9592891116908485,8.741997957229614,81,7454,7254.2903977872875,1597.0,1518.3133418215193,95,92,89,89
682.6363788690909,149.56388420858218,3.869960622757084e-06,0.8388879792933387,0.8996200879655283,5.046001195907593,111,8440,8049.181951338785,1831.0,1688.3941105906351,128,124,124,121
666.8718687157793,126.56976375509379,9.573912049286028e-06,0.9508586638429222,0.9652034092569951,8.688004493713379,85,8714,8581.431396633085,1951.0,1804.2404299192913,101,99,99,96
666.858854029388,134.54588374205235,1.130371706684689e-05,0.9556639733317261,0.9632322765330569,9.34700083732605,80,8726,8750.044821047828,1871.0,1842.0070595675988,98,94,92,91
666.7047327619449,131.60409670018404,1.3876958264683728e-05,0.9619027750320529,0.9683285859914902,9.803000211715698,74,9351,9017.32661663732,2035.0,1897.4334160684548,91,89,85,85
1.7097008285302207,0.5547001962252291,3.889564402043427e-06,0.6229007633587786,-0.4444444444444444,2.250002384185791,0,10,10.0,1.0,0.0,1,0,2,0
798.6328574932232,149.86087507744688,9.2675766047189e-06,0.947724450536506,0.9643009808698142,8.199000358581543,87,10451,9970.539787635777,2242.0,2106.7038316344015,105,103,102,100
607.6576994511666,123.8015062952437,1.17172616840544e-05,0.9773600635081057,0.980617569429135,10.185998439788818,69,11109,10999.725704501183,2454.0,2330.6451804881517,88,86,86,83
698.2636338446052,138.8518834206587,1.31479240913291e-05,0.9715305927833248,0.9770367542298605,9.753999948501587,77,11725,11024.986262415106,2562.0,2330.8480792064,98,95,93,91
865.5616251439315,171.00358267674673,1.1528712638995904e-05,0.9652448578367057,0.971153909543399,10.756997108459473,68,12834,13490.542663831406,2707.0,2893.4550231334124,88,86,84,83
761.4685505035221,135.49092879069792,1.3644040860554898e-05,0.975475476542729,0.9835258607047516,10.467000007629395,66,13452,13292.656178682158,2916.0,2837.3323834734983,85,84,82,80
23.34152237251604,5.228766584960549,1.5645590166039865e-05,-1.1151212900055487,-0.9336738703339877,18.907999992370605,0,55,10.0,15.0,0.0,145,0,142,0
3.2588341473600644,0.725718035235908,1.7970161545096902e-05,-2.428214803230945,-0.6716038933559036,18.710002660751343,0,10,10.0,2.0,0.0,1,0,44,0
56.830449584707665,13.463778568193007,1.622360054515665e-05,-1.0305639791853096,-0.912502197995428,18.056999683380127,0,178,10.0,45.0,0.0,150,0,149,0
165.73561274914132,38.37681591794713,9.689519595495998e-06,-0.5523397624357533,-0.5579826065697282,19.287999153137207,0,511,10.0,122.0,0.0,149,0,146,0
574.0579761661709,131.42062243042375,9.962812919777856e-06,-0.498580836691366,-0.5286908240298478,19.626997470855713,0,1682,10.0,370.0,0.0,150,0,150,0
2150.312507520709,438.1152968492807,7.827299812444758e-06,-0.7179049100129735,-0.7771479451077086,18.363001108169556,0,4565,10.0,937.0,0.0,127,0,125,0
2047.953609500632,438.0557118297474,8.579016202576954e-06,-0.5237034663937312,-0.5777821312753189,18.56800103187561,0,4812,10.0,1007.0,0.0,139,0,133,0
2408.171613486049,489.03680161449336,9.070225767733885e-06,-0.8986440975368986,-0.9107990327778808,18.437002182006836,0,5031,10.0,1093.0,0.0,115,0,109,0
605.0301552698086,123.79241401938462,6.543280583952835e-06,0.8686455743796611,0.8902152594770442,5.541998386383057,111,6116,6098.1197347368325,1349.0,1277.4000000000015,116,115,113,112
678.5243572394558,133.80845240009768,6.985925435669918e-06,0.8780452507497063,0.9106009906461382,6.6470019817352295,101,6377,6169.7678819076045,1374.0,1283.3063618908718,113,109,108,106
688.3587341611144,132.77130001953955,7.465855047258077e-06,0.867944717787426,0.9141164692710603,6.3239970207214355,104,6590,6519.3287740226215,1427.0,1365.4078644577776,114,112,110,109
683.116509113943,131.82277172573274,1.0258790487463445e-05,0.942498550820726,0.9560680281941055,8.912002801895142,82,8036,7589.1504068775885,1738.0,1587.8194030674003,98,95,96,92
626.119215658628,125.73569433327253,1.0727453453238006e-05,0.962061424389568,0.9680442846924083,9.634999752044678,76,8939,8710.291800393265,1912.0,1830.7965882191784,95,91,88,88
830.0077489404264,158.58539363576645,5.083413882581433e-06,0.8970500191960442,0.9449949716954265,6.033998489379883,106,10883,10890.897993918808,2304.0,2315.251042660837,125,122,121,119
692.146011704172,139.77274098845336,1.0094305659715319e-05,0.9646716827712207,0.973384700966049,7.779005765914917,89,11038,10680.627605089048,2394.0,2262.1187444597836,108,105,105,102
702.5823145712955,139.2632060445708,1.3102781119662061e-05,0.972889772631097,0.9776123497248353,10.738994121551514,69,11830,11317.67174088559,2513.0,2397.159334065903,90,87,86,84
693.9310541771416,128.2888102926761,1.1467152242620216e-05,0.9748763847229784,0.9820818825900208,10.467996835708618,70,12207,11775.860702636775,2663.0,2503.1711000686228,90,88,86,84
28.004523444139043,6.074537019394976,1.8620873434565052e-05,-0.8216939502132059,-0.8073705452479378,19.308000326156616,0,81,10.0,20.0,0.0,150,0,150,0
15.730013774098653,3.7166292972710275,1.4772222283469412e-05,-2.1879731711493084,-1.229491262804511,18.98999810218811,0,41,10.0,11.0,0.0,150,0,149,0
24.373346097735535,5.74862302353065,1.419513485656498e-05,-1.4410834211017969,-0.9088633592195625,26.522005081176758,0,77,10.0,19.0,0.0,146,0,144,0
51.54952311450935,11.570364442546023,1.1150088876894842e-05,-1.2866654522712189,-1.1566052771192852,19.361995697021484,0,130,10.0,35.0,0.0,150,0,149,0
172.2277948919202,39.5717070645177,1.0473250019454319e-05,-0.5710390713911055,-0.5687280930077325,19.661909341812134,0,531,10.0,120.0,0.0,150,0,150,0
236.998241906278,54.68912140453529,9.884589784115845e-06,-0.45691188955210693,-0.45258238919786087,18.809998512268066,0,813,10.0,187.0,0.0,150,0,150,0
385.73818409209457,90.71530558106866,9.015073301485598e-06,-0.48320709732092104,-0.47757048034772254,19.75000238418579,0,1255,10.0,309.0,0.0,150,0,150,0
658.4668202220469,148.5716213368713,9.634683863088194e-06,-0.5291209560145111,-0.5546117555246202,19.49899673461914,0,1943,10.0,437.0,0.0,150,0,150,0
1154.4032311112094,246.76774505595338,9.517736155951998e-06,-0.6944497119923085,-0.7547716027519047,19.87700080871582,0,2546,10.0,543.0,0.0,146,0,141,0
1141.9177582762547,249.5382135064688,7.941059380573134e-06,-0.5361404054046985,-0.58093250958336,19.626002311706543,0,2805,10.0,602.0,0.0,149,0,137,0
1453.9561478944267,312.79759163608236,7.814527819394999e-06,-0.5354921049087791,-0.5917549165768088,18.775997400283813,0,3425,10.0,722.0,0.0,146,0,139,0
1728.0069328564628,362.9871531243679,7.491159189569102e-06,-0.6408603949050113,-0.7042564244301486,19.58400297164917,0,3771,10.0,812.0,0.0,137,0,133,0
2620.831513088928,532.5021377108891,1.0001533976473006e-05,-0.9079801538067829,-0.8915277391974152,18.779996156692505,0,5565,10.0,1161.0,0.0,111,0,110,0
616.5536600273001,126.33385456297431,5.3405378355455156e-06,0.7991264910444206,0.8565415918516148,5.096994876861572,115,5751,5731.6721598806835,1260.0,1260.0,120,118,116,115
679.3693055288653,125.33353284794131,7.84753521126248e-06,0.8939558272934712,0.925153492571221,6.875003337860107,99,6401,6158.238968550118,1369.0,1287.0,107,105,104,99
683.1429644352778,129.51455260943084,1.0495932606824681e-05,0.9116845223288668,0.9335523134001191,8.331995248794556,86,6657,6549.013466867958,1399.0,1367.3398196057515,98,96,96,93
605.4487634299504,117.81527842208584,8.858307081231907e-06,0.9395401622468736,0.9537071237562883,8.199000358581543,92,7255,7118.144746750757,1546.0,1489.9278968225035,103,102,103,98
722.8693012827737,133.90043589551186,1.0619429470473349e-05,0.9253259828252958,0.9475061129907982,8.612011194229126,87,7560,7283.787367386412,1597.0,1524.2974727671171,102,98,97,95
777.2843397295765,146.06848048677904,9.21256267732323e-06,0.9180315071421307,0.9437592327648658,7.73700213432312,91,8271,7849.495842790189,1753.0,1643.0258132500112,106,104,104,100
718.6377981552679,143.23459382410945,9.25656181996966e-06,0.9407932976254567,0.9559479403212015,7.902000427246094,89,8885,8849.085343682294,1927.0,1861.8150771530827,107,104,102,101
597.6484216206092,114.71648434707849,1.5717048606571806e-05,0.9693575178237992,0.9762716506591542,9.730998516082764,74,9458,9025.522906575285,2028.0,1902.0906010328545,90,89,88,86
787.3155266745733,151.56630686507978,1.1986728783596781e-05,0.9524608214432241,0.9638525642995655,9.494988441467285,77,10118,9368.866753896742,2170.0,1971.8046100005122,96,93,94,90
667.930069299621,122.68062811735243,1.4789080279051197e-05,0.9734838366316129,0.9807578846892264,11.23799991607666,64,11336,11143.126497102898,2420.0,2365.908040168795,85,81,79,78
743.3922140076334,151.99883007845972,1.0723342497569872e-05,0.9634947461948877,0.9702640672140337,8.923999786376953,84,11404,10917.422590044547,2481.0,2308.637463017636,103,102,99,98
679.3259083971247,127.77442122368454,1.6512154604959088e-05,0.9785701907593217,0.984079327304401,10.419995784759521,67,13069,12628.363070425952,2871.0,2693.5676946912263,88,85,84,82
680.6792165795457,128.33344731668006,1.566216546620554e-05,0.9792903459080633,0.9849048980175439,9.574004650115967,75,13290,12919.626890059519,2943.0,2756.766561102135,94,93,91,90
623.9419444777733,118.59487558689509,1.6799642148629274e-05,0.9835159999675562,0.9872582618195124,11.460994005203247,59,13679,13068.658947123728,3001.0,2790.470391942259,81,78,76,74
3.1683531271721495,0.3922322702763681,1.0257443691022574e-05,-0.7413394919168588,-0.18181818181818166,3.715000629425049,0,10,10.0,1.0,0.0,1,0,12,0
3.1261361570998907,0.6030226891555273,3.7144937227114578e-06,-0.38425519461515956,-0.25714285714285645,3.4419989585876465,0,10,10.0,2.0,0.0,1,0,3,0
48.84396926267698,11.831314381758267,1.7973537244531085e-05,-0.5400467232715149,-0.5094251910654186,19.29599928855896,0,177,10.0,45.0,0.0,150,0,149,0
2.6628760937957834,0.5504818825631803,8.422560310167856e-06,-0.38834951456310685,-0.24060150375939848,4.936999320983887,0,10,10.0,2.0,0.0,1,0,8,0
396.82924119407664,90.57578778753918,9.010542747487319e-06,-0.5299470939481072,-0.539740293123329,18.535000801086426,0,1257,10.0,282.0,0.0,150,0,148,0
778.5469713939337,171.11444513346422,8.550737746455603e-06,-0.5478637067871417,-0.5868565694322023,18.71600031852722,0,2117,10.0,463.0,0.0,150,0,150,0
1564.5365170980615,336.3052086027413,7.978079732679213e-06,-0.5668445618456477,-0.6266810876504185,18.99099826812744,0,3638,10.0,761.0,0.0,141,0,140,0
1783.416345108455,371.5458787283207,8.765213943776184e-06,-0.7274164480975442,-0.8031396752985378,18.47499942779541,0,3754,10.0,778.0,0.0,133,0,124,0
1849.0825148344966,384.3086866916576,8.010616029869127e-06,-0.7599872259799825,-0.8269057880774435,18.6349995136261,0,3714,10.0,794.0,0.0,135,0,120,0
1012.0527456610155,241.85565943347285,6.969840535001484e-06,-0.3216856574468656,-0.3391015135749911,18.71700096130371,0,3547,10.0,819.0,0.0,150,0,150,0
1727.8053902759611,379.164766295604,7.604693153846259e-06,-0.4409194424926972,-0.48716494063086246,18.168002605438232,0,4561,10.0,963.0,0.0,150,0,145,0
2053.8995723582334,443.53913769437156,7.00982345511293e-06,-0.47191446937250414,-0.52127104496273,18.785994052886963,0,4910,10.0,1012.0,0.0,143,0,134,0
2415.909818957101,498.8394063557262,7.941832857741185e-06,-0.6533055835298547,-0.7018884007949768,18.490988969802856,0,5313,10.0,1112.0,0.0,132,0,125,0
2754.805746327679,561.9056148500387,1.1392302709441757e-05,-0.9049814758279671,-0.8835874910667707,18.62899875640869,0,5827,10.0,1239.0,0.0,107,0,103,0
630.6800535805575,124.9359529856355,7.43825939543617e-06,0.8943612430383048,0.9242793891606988,6.489995002746582,101,6495,6401.179210999614,1415.0,1339.721383319712,113,110,108,107
710.960463317559,137.04996084598292,9.99180636756501e-06,0.9279269134581498,0.9472501301747542,8.322997093200684,89,7643,7520.404448518787,1637.0,1573.9366555425167,107,101,99,98
629.1862265907557,125.93077252626077,9.767708533106001e-06,0.9562488666801205,0.9647449807674113,8.916999816894531,84,8656,8173.716923953268,1841.0,1715.825649602899,101,98,98,94
661.1698231491372,133.72794427724594,1.4965347980584863e-05,0.9568275868709412,0.9630629308008413,9.469996929168701,78,8802,8340.862078676133,1836.0,1752.3680354863282,96,93,91,89
646.1768263141682,122.76264849581194,1.4362684116102601e-05,0.9575232930060233,0.9686751858459073,9.558997392654419,79,8859,8597.37618657578,1875.0,1807.5535200081295,97,94,95,90
684.7081440184917,126.54127057326376,1.313372841464812e-05,0.9624256878441045,0.9721396675930389,10.599004030227661,70,9703,9066.546364929682,2082.0,1909.0185112858853,87,85,83,82
626.8995904392127,115.33244123805758,1.4505408748568373e-05,0.9711049596486315,0.9797530076291694,9.6899995803833,76,10187,10028.877276889078,2203.0,2119.2374928516547,94,92,90,88
726.5916706898768,137.10166825512,1.0720756113483056e-05,0.9649035086688912,0.9753306518690148,8.164993047714233,85,11288,10893.009766274628,2398.0,2311.3113797190645,105,101,98,98
790.8203520260201,147.36556673712283,1.0649542391805029e-05,0.9580760080427596,0.972110900193675,8.573996543884277,87,11591,11470.576688746023,2465.0,2439.2579855195136,109,105,104,102
739.6369047207018,133.84486573292688,1.3878066656380295e-05,0.9687887165603238,0.9787391263325129,10.004004001617432,73,11620,11592.083362956328,2498.0,2468.314807755216,93,90,89,87
749.4444991379303,139.381865549942,1.2843233192418433e-05,0.9666850024435457,0.9773251659488432,8.621995210647583,83,11758,11301.739901112029,2522.0,2397.906118756291,103,101,97,97
658.0554389848879,127.05903811572735,1.9663119743064166e-05,0.9789210963882419,0.9835116707081938,10.27999997138977,72,12689,12017.564899245703,2746.0,2557.172415483623,91,89,87,86
844.3866865700735,153.34821147137168,8.679361811338662e-06,0.9606105886820784,0.9762557049152522,7.851999759674072,91,13132,13238.254241811836,2866.0,2834.2704520696498,112,109,108,105
644.3494879456227,112.88873054741117,1.8350530849885868e-05,0.9830325939960848,0.9887466833341463,12.235994577407837,60,13784,13559.895964232815,3003.0,2900.8039230791655,81,78,76,75
644.5044861754558,125.44655624460796,2.1148409564642443e-05,0.9831888275249331,0.986637797181694,11.26899766921997,64,13891,13283.59671167333,3069.0,2835.763159297374,83,82,82,79
728.5487115292019,137.36957845633785,1.4502245249458125e-05,0.979739392583868,0.984595937525436,11.410998106002808,61,14605,13486.650394371714,3106.0,2877.185170640332,83,80,79,77
757.9473737941044,144.4857154355035,1.2742570708638155e-05,0.9789599766175687,0.9841846782826704,10.594995975494385,69,14735,14133.170648966443,3229.0,3025.965341042527,91,88,87,85
5.124451190127583,1.390443574307614,1.929989575841247e-05,-3.9892336922102594,-0.9608727010457989,19.175002574920654,0,10,10.0,4.0,0.0,1,0,51,0
4.123105625617661,0.6324555320336759,7.5067026324157025e-06,-1.8716216216216215,-0.34408602150537626,3.5779993534088135,0,10,10.0,2.0,0.0,1,0,22,0
2.223610677354389,0.3333333333333333,1.18833540491435e-05,0.4077634011090573,-0.125,3.1950037479400635,0,10,10.0,1.0,0.0,1,0,10,0
201.24989440991018,47.55621235268146,1.1407473433574085e-05,-0.4798074154690217,-0.46775714330917095,18.971996068954468,0,678,10.0,170.0,0.0,150,0,150,0
706.9511439979427,155.70512729729444,9.535206617157919e-06,-0.6005378720178638,-0.6338123714943058,19.36400008201599,0,1895,10.0,404.0,0.0,150,0,148,0
1151.4069856773783,246.81411358888425,8.538395200881133e-06,-0.7092615417730979,-0.7700495609096267,19.095996856689453,0,2546,10.0,558.0,0.0,145,0,134,0
838.8464142300822,193.48920727868347,8.25139485452827e-06,-0.4217925699249261,-0.4414019694345832,18.64200210571289,0,2575,10.0,626.0,0.0,150,0,149,0
1773.4961065646578,368.45190550011637,8.440275738448112e-06,-0.6964824392476203,-0.7676269522007622,19.1739981174469,0,3711,10.0,814.0,0.0,134,0,126,0
1634.413242318682,358.44120856843455,7.257856627786466e-06,-0.46675494595304845,-0.5098118097871474,18.891005754470825,0,4056,10.0,863.0,0.0,146,0,143,0
2356.239615715402,484.20921098219515,9.041728921036227e-06,-0.8164886730125294,-0.8447778148731617,19.806996822357178,0,4998,10.0,1069.0,0.0,120,0,116,0
2494.1281496079278,505.66380794621506,1.1445982127796558e-05,-0.926819245568643,-0.9140026513018571,18.70299983024597,0,5253,10.0,1125.0,0.0,110,0,104,0
2536.4891142417046,521.4180792160292,1.1741084603534897e-05,-0.9172842695854049,-0.88206868323689,18.687009811401367,0,5613,10.0,1224.0,0.0,105,0,98,0
604.8989033266122,113.5052983001679,1.0336901353351881e-05,0.9153127995524105,0.9306201316107136,7.548995018005371,93,5924,5957.518218306732,1268.0,1268.0,100,98,94,93
709.2700390200458,133.28430722445688,8.041865189981527e-06,0.8474879559806763,0.8992118119804118,6.627002000808716,102,6107,5934.982404846443,1314.0,1265.0,110,109,109,102
609.6186806917161,116.02971099559575,1.2206839575196806e-05,0.950005072801187,0.9608238296443457,8.85599660873413,79,7475,7339.341898529121,1571.0,1540.406433165159,93,91,93,87
651.5492515102035,127.9898014582812,9.098510114826736e-06,0.9340539329873523,0.9531505842699813,7.843998670578003,94,8000,7737.404530137616,1775.0,1623.4852127111526,110,107,105,104
706.4603263544055,142.08383833897196,1.2431778515686157e-05,0.9417179716005624,0.9536991450900455,8.663999080657959,85,8563,8232.062393279279,1822.0,1727.196172215762,101,99,98,96
705.5183513843539,135.92130179113403,1.5330456945899593e-05,0.9631042360140087,0.9710901815258364,10.199995994567871,73,10053,9947.039287468566,2141.0,2102.5765387063493,94,89,89,86
660.6554486464155,128.6975598373466,1.796985595557597e-05,0.9688250417283486,0.9750836051704384,10.262998104095459,71,10360,10147.76374949594,2239.0,2150.1479242061496,90,88,87,84
712.7767057493385,134.0711871876808,1.4777846230607154e-05,0.9673431835825761,0.9754826725302412,10.854999542236328,66,10918,11134.367884353636,2325.0,2372.706280475739,87,84,83,80
700.090289856297,124.01600867951983,1.4698218477711107e-05,0.9725188049177215,0.9818516327127877,10.624005794525146,72,11782,11593.34889537096,2514.0,2469.3731334648746,92,89,88,85
585.6554421912031,113.59152017757806,1.5219851242002503e-05,0.9822885662543732,0.9858196713197809,10.533992767333984,67,12274,12143.758091629068,2650.0,2592.7654915560706,86,84,83,81
624.1330029031623,118.36431608901603,1.3579941562337243e-05,0.9808222860003387,0.9855039948277643,11.255004405975342,66,12479,12432.605583084769,2743.0,2653.191405562826,85,84,83,81
685.3931314429508,140.0318015346167,1.2881611327090238e-05,0.9781320118456708,0.9816316253970095,10.16399335861206,75,13010,12294.096749909797,2813.0,2612.5759654853846,96,93,93,89
725.8168172864641,135.39240441099133,1.4706042739035814e-05,0.9772269447333428,0.9831715809932179,11.089999675750732,67,13531,12901.758057273302,2919.0,2753.0664918064176,88,85,83,82
691.3183816468066,125.44403021692261,2.1249864501171105e-05,0.9819257760328475,0.9873407692937883,11.41600251197815,64,14492,14294.423689758765,3051.0,3068.925306881505,84,82,80,79
911.5320759165402,169.54118371997964,1.9046951484246722e-05,0.9692315115779919,0.9776178140267578,10.752005100250244,63,14530,15303.069042511584,3159.0,3304.7169401494193,85,82,81,78
640.2381362879017,116.84735386445334,2.8361299056250096e-05,0.9853595044251775,0.9895014338074104,12.583003759384155,52,14977,15013.440780647774,3338.0,3232.262052329419,73,71,70,68
16.137946998714966,4.039801975344831,1.7343025135718485e-05,-1.0653714425895648,-0.6481149012567324,19.857995986938477,0,48,10.0,13.0,0.0,143,0,139,0
3.793791921397,0.4629100498862757,2.986825409780495e-06,-0.9744531933508309,-0.2727272727272725,4.203001022338867,0,10,10.0,1.0,0.0,1,0,2,0
92.27766071301691,21.596450325612928,1.1038006292915912e-05,-0.6685051977834586,-0.6392957346272137,19.045998334884644,0,281,10.0,73.0,0.0,150,0,150,0
375.09952457092413,84.04851773430234,1.0879433074970271e-05,-0.5857251007220805,-0.6142664213638922,19.214998245239258,0,1163,10.0,253.0,0.0,150,0,150,0
273.0992371526023,61.954983657491184,9.35071597666425e-06,-0.5846545494426609,-0.580789028966906,19.291996002197266,0,852,10.0,201.0,0.0,150,0,150,0
722.8234547015383,154.7821264444531,9.478552969100988e-06,-0.725395534378098,-0.7697560492459816,18.62099599838257,0,1707,10.0,371.0,0.0,149,0,148,0
1001.2711620734914,217.11454734003124,9.5037123406392e-06,-0.5738225889286446,-0.6251700952736712,18.125996828079224,0,2434,10.0,513.0,0.0,148,0,142,0
431.21112385156914,102.18731167158997,8.335546087250998e-06,-0.3939132315704261,-0.4018888825793927,18.778000593185425,0,1458,10.0,348.0,0.0,150,0,150,0
1413.5804728890864,291.76874404226373,9.171734272407912e-06,-0.9026057568247667,-0.9815069674138304,18.3490047454834,0,2776,10.0,607.0,0.0,125,0,125,0
1140.0528291852677,252.09393751800803,7.860827461133696e-06,-0.4598809419450456,-0.49760272254779436,18.180997371673584,0,3211,10.0,680.0,0.0,150,0,145,0
1517.1678900723766,322.0640516005059,8.19547523340217e-06,-0.6024597652546093,-0.663642868329583,18.095000982284546,0,3291,10.0,715.0,0.0,139,0,132,0
1420.5094719853155,314.86852282606253,7.660956153243949e-06,-0.5080156021061522,-0.5494976809706622,18.023001432418823,0,3574,10.0,788.0,0.0,145,0,141,0
1805.2204482186287,380.3522490183716,7.75140148639796e-06,-0.5833426599363165,-0.645109445117747,17.800004959106445,0,3945,10.0,857.0,0.0,139,0,135,0
2151.621528057386,438.56427123056886,9.086066268610966e-06,-0.7602535357318856,-0.8162510028992072,18.763992309570312,0,4507,10.0,941.0,0.0,125,0,119,0
2316.5446135714,471.36663012988095,1.0572833141715807e-05,-0.9490812322681839,-0.9401648820587176,18.662999868392944,0,4726,10.0,1002.0,0.0,112,0,108,0
2526.8299692170294,509.9556647395928,1.2156618524136923e-05,-0.9175013448046234,-0.8980968577497606,18.95599865913391,0,5358,10.0,1137.0,0.0,109,0,100,0
2707.470631419665,551.5109306864794,1.2542992568160436e-05,-0.8914791439510714,-0.8527556712452564,19.032997608184814,0,5771,10.0,1216.0,0.0,100,0,98,0
602.6665557637575,113.93804963999378,1.346857553645586e-05,0.9300417836883235,0.9462778188961787,8.005995750427246,88,6583,6372.586863924491,1416.0,1333.2857868163392,98,96,96,93
606.4714034263455,119.87612171985974,1.2554002652553228e-05,0.9368532195899271,0.9473148723260345,8.61599850654602,87,6822,6561.802493114505,1451.0,1372.259299577392,99,96,95,92
847.9031860223282,167.29567394309117,8.709993598946327e-06,0.8599905488278513,0.9016547350106106,7.372004985809326,98,7454,6884.883080829686,1577.0,1436.2137109049436,113,109,109,105
751.2266916664304,149.64341973220394,4.268206827656459e-06,0.7931819757342847,0.8957182437482205,5.421000003814697,111,8150,8061.080990128291,1781.0,1696.168447772986,126,124,119,120
737.9173332878964,145.95303508161743,1.4311849161105783e-05,0.9521041700392994,0.9608360940237655,9.213995218276978,78,9276,8608.83513564637,2001.0,1808.7047280264496,97,93,93,89
629.7727286473153,120.68172610153411,1.0777836835560357e-05,0.9675342900108092,0.9760775916407216,8.532998323440552,84,9846,9700.44218286662,2094.0,2052.6503000699877,101,99,99,96
680.0051320661443,128.28015782103628,1.3409802947379326e-05,0.9721809735514515,0.9791175281091357,10.80599308013916,68,11065,10978.577444269844,2482.0,2333.071207761679,87,84,83,81
746.8173479900191,142.6058861346712,1.0829498373328214e-05,0.9653110083499711,0.9756160230110864,8.763997554779053,84,11583,11129.949405480143,2492.0,2360.2041495636477,104,101,99,97
710.3057601116295,137.79820724009926,1.4752486702159464e-05,0.9739537167524877,0.9802093167367723,9.528995752334595,75,12379,12810.787207161015,2717.0,2747.3405899961163,95,92,90,89
623.7286376154486,115.87726555037429,1.749015121752344e-05,0.9823489333259281,0.9870917232125583,11.581002235412598,62,12998,12800.092136502126,2828.0,2733.148119840409,81,80,79,76
677.6717506270412,113.3542503528171,2.004875656135541e-05,0.9818542450082935,0.989124162884449,10.6159987449646,66,13927,13735.679942374773,3075.0,2947.297432598638,87,84,82,81
668.7968053409618,123.14217357905457,1.4896653044366e-05,0.9822231430306798,0.9870633256214026,11.244998693466187,61,13957,13909.862804487013,3023.0,2981.0752062596184,81,79,78,76
845.1552116917269,152.91254555757655,1.075190399818225e-05,0.9723905539945897,0.9820827589105648,9.474001407623291,79,14480,14495.618188265587,3165.0,3115.859337640979,100,97,96,94
660.4910825909759,133.14575035084496,1.8453073512021036e-05,0.9839999138563806,0.9865364289850328,10.731005191802979,67,14652,14418.586552987326,3244.0,3090.8984258889104,88,86,83,82
280.2695488275528,63.714048686298376,1.1752544470302406e-05,-0.638254254109041,-0.6577455765101754,18.85899782180786,0,813,10.0,188.0,0.0,150,0,150,0
297.1315084829163,67.47730482663535,9.880273043807599e-06,-0.49196994318303244,-0.5205082428004397,18.533998727798462,0,894,10.0,208.0,0.0,148,0,146,0
448.7966948779072,100.1555124127807,9.77832862229304e-06,-0.6026185504953601,-0.618049794204387,18.638997793197632,0,1231,10.0,276.0,0.0,150,0,149,0
764.0805803927576,173.5774178860833,8.364650622453162e-06,-0.5207427803260993,-0.5562388925133253,18.666993856430054,0,2223,10.0,477.0,0.0,150,0,148,0
1372.725350048824,281.8876844891715,9.710346148402127e-06,-1.0000383725299322,-1.0770186076907708,18.72200036048889,0,2625,10.0,566.0,0.0,124,0,121,0
714.5583111265308,166.41181849055474,9.178931580685713e-06,-0.33146272218711803,-0.3525426264781597,18.542004585266113,0,2432,10.0,565.0,0.0,150,0,150,0
1586.1170301504658,345.8249846381837,8.275087300071844e-06,-0.4845945955562392,-0.533041126359519,19.189998149871826,0,3880,10.0,865.0,0.0,141,0,141,0
4.328202090167848,0.7745966692414834,3.132781030041247e-06,-0.7374278647980212,-0.5697674418604648,2.4760022163391113,0,10,10.0,2.0,0.0,1,0,11,0
2380.4402043879754,494.30943749841555,8.200320662784567e-06,-0.5925640065702693,-0.637562331786619,19.08899712562561,0,5264,10.0,1117.0,0.0,130,0,127,0
2705.5303324856663,548.1535551284877,9.121626776362861e-06,-0.7872179042462062,-0.7961567021908793,18.809000253677368,0,5838,10.0,1240.0,0.0,119,0,114,0
635.3310703233803,133.488028174239,5.324282410007084e-06,0.8032386784968566,0.8674017476680365,12.826994895935059,114,6443,6061.202643644777,1378.0,1268.5364914592146,123,121,121,118
659.7424773598843,127.64935446789,1.2207613348464386e-05,0.9200450492853972,0.9339583937154254,8.949996948242188,87,6535,6354.1285974504735,1386.0,1328.0918491817556,99,95,93,92
695.3330494452051,133.5851405898453,1.1240226200575719e-05,0.9257176516739499,0.9442462707858766,8.007002115249634,89,7316,7068.3494529206255,1525.0,1481.0158701936753,105,100,100,96
650.4935130195486,127.76982902366457,1.6273057097762826e-05,0.9372448844046253,0.9500919410516051,8.88300108909607,84,7301,7144.6766565220405,1580.0,1496.5704839558603,97,96,95,92
644.4387322028134,126.37020430880658,1.4131941705869797e-05,0.9530699114024891,0.9627529557458449,8.725000619888306,82,8269,7892.175807962748,1814.0,1657.9212765174707,99,95,93,91
682.4063269364857,132.14083870058653,1.9222498768373414e-05,0.9687637393155512,0.9748882517716357,10.409998655319214,69,10505,10550.845880380082,2293.0,2239.327440457765,89,85,84,82
649.900806100776,126.48917138664245,2.4413292018821953e-05,0.9752406626366272,0.980247532122221,11.373996257781982,66,11347,11002.186030081873,2531.0,2331.90068596517,84,83,82,80
664.5921302775533,132.33875971660294,1.7651664435518985e-05,0.9752143730504311,0.9800006052543171,10.228999614715576,70,11750,11347.604552770104,2579.0,2411.274862872535,92,87,87,84
765.7496089528624,145.37310847852254,1.08729356436764e-05,0.9688132772922721,0.9776568393199676,9.09200406074524,82,12525,12083.652798696226,2739.0,2571.9822170136777,102,100,101,97
564.7958889345446,111.16127445996084,1.7918304658303448e-05,0.9855060554941679,0.9881960298624504,10.94000244140625,67,12960,12777.355690452083,2911.0,2733.186241832487,85,84,82,81
683.1901041646738,128.67165833473805,1.6804744615061288e-05,0.9795124493711899,0.9847743025196342,10.53599739074707,67,13123,13181.18912027797,2859.0,2824.8940248688687,86,84,83,81
715.9025780221648,139.0885289911856,1.725970351124119e-05,0.9783978507431089,0.982878976586967,11.512996912002563,62,13555,13967.099142763156,2918.0,3001.5986068161383,83,80,78,77
628.7789170238151,111.53980833221512,2.408251310216468e-05,0.9857072693681308,0.9902825439298688,12.493001699447632,57,14782,14572.221335579257,3229.0,3130.136738981042,76,75,73,72
4.136557881996952,0.3333333333333333,1.5158405335758682e-06,-0.2953271028037383,-0.125,1.8340001106262207,0,10,10.0,1.0,0.0,1,0,3,0
57.975742053609515,13.607595917966798,1.319741457774129e-05,-0.8408853577140183,-0.7022270216205813,18.922001361846924,0,148,10.0,39.0,0.0,149,0,145,0
223.79192717045598,51.6990651108251,1.0851780067457442e-05,-0.5061111139327195,-0.5005798049421044,18.805000066757202,0,728,10.0,175.0,0.0,149,0,147,0
2.8372521918222215,0.6708203932499369,4.7342145374744605e-06,-0.158690176322418,-0.37404580152671785,3.0420055389404297,0,10,10.0,2.0,0.0,1,0,4,0
914.7062333521803,204.76137331049526,8.43631324773094e-06,-0.49054575043903625,-0.517921643963827,19.33199405670166,0,2598,10.0,564.0,0.0,150,0,149,0
1270.5591498758856,279.0223408020703,7.913649189368189e-06,-0.5255438204422667,-0.5665744717213537,18.905999183654785,0,3189,10.0,703.0,0.0,150,0,144,0
1247.0493360996857,280.28056181857016,8.172029911887312e-06,-0.4073256485679675,-0.43486856401043505,18.92300271987915,0,3684,10.0,800.0,0.0,150,0,149,0
2041.2172103918779,412.920444315044,1.0205287801723762e-05,-0.9434551744907946,-0.9930139748038029,19.63199496269226,0,4163,10.0,854.0,0.0,116,0,112,0
2296.4675583745284,465.7099383378743,1.0105932179190825e-05,-0.8175814542617947,-0.8408184234927478,18.938993453979492,0,4908,10.0,1027.0,0.0,117,0,109,0
3.9072582032246945,0.6831300510639732,2.608996397826203e-06,-1.4020979020979016,-0.8750000000000002,2.4709970951080322,0,10,10.0,1.0,0.0,1,0,4,0
2370.0823909729384,490.3300860984703,8.513817868047833e-06,-0.6263794222129342,-0.6798114154313999,18.295999765396118,0,5216,10.0,1115.0,0.0,130,0,128,0
2593.6264277390965,526.5163878424552,1.0841892388780381e-05,-0.8529826714402502,-0.8459206256760998,18.54799795150757,0,5560,10.0,1179.0,0.0,112,0,107,0
2699.019157644742,549.6583484310959,1.4365842231080871e-05,-0.864596157582346,-0.8349877793569696,19.733005046844482,0,5738,10.0,1230.0,0.0,104,0,99,0
628.2786854592666,115.8473539747701,1.3203667294946027e-05,0.9253710759298613,0.9438860873019681,7.8050010204315186,90,6508,6335.8301561557055,1368.0,1326.4472538284253,102,98,95,95
624.1082835440254,119.12034897181354,1.0313349701572883e-05,0.9192178967207595,0.9386744961872437,7.54700493812561,95,6503,6372.4549351613,1346.0,1336.8655250552856,106,103,102,100
703.2220693587927,136.09907019446453,8.257786397453455e-06,0.8951570304828753,0.9305991403259141,6.8249945640563965,98,7221,6907.090532313502,1530.0,1445.7785358326546,112,110,107,107
701.8098094110362,129.58551168263037,1.369553791031476e-05,0.9375826954670041,0.9551390143750723,8.71399974822998,82,7807,7501.071096375548,1623.0,1574.830893174707,99,95,91,91
576.9187916942151,113.12230947783962,1.8071591075333274e-05,0.9746774921869843,0.9796979334620222,10.184997081756592,74,9999,9546.904400650736,2166.0,2017.557641058679,92,90,90,87
640.2960897730917,128.85210410913106,2.3034699704747728e-05,0.9724281891519205,0.9767268907258113,10.518999576568604,68,10625,10035.084694074223,2343.0,2121.4645986815067,88,85,82,81
688.5244107299857,132.0063537932432,1.6255437554152544e-05,0.970962065725442,0.9774852203377395,10.783000230789185,68,11021,11032.457473448336,2425.0,2341.954383544331,89,85,83,81
628.9298544821509,123.70962866635836,1.347641875055177e-05,0.9795135348628335,0.9834298553629465,10.934001445770264,67,12125,12041.850801327626,2671.0,2570.203233733502,87,85,84,82
695.6101619070056,128.64948770795755,1.819945074731471e-05,0.9760773289747589,0.9833186734864185,10.38399600982666,73,12520,12535.24877091648,2756.0,2679.3982195524477,92,90,89,86
748.0096896929798,133.4088995514061,2.1040051410659582e-05,0.9748471730023895,0.982898673828731,10.891998529434204,64,13012,12834.082974095105,2824.0,2745.9799542411292,86,81,80,78
2.3717082451262845,0.45643546458763845,1.1089855358380147e-05,-0.27408572552103827,-0.26315789473684226,3.710001230239868,0,10,10.0,1.0,0.0,1,0,3,0
4.4956118955921305,0.7947194142390263,2.3774730512245682e-05,-1.690265486725664,-0.7812499999999996,3.0979976654052734,0,10,10.0,2.0,0.0,1,0,7,0
92.96099540488294,22.338755560684216,1.345466864720529e-05,-0.7604546429415007,-0.6748582636678393,18.998000144958496,0,309,10.0,84.0,0.0,150,0,150,0
60.68541834740863,14.358505028959897,1.3688237722416405e-05,-1.0260551912327802,-0.9015471040529037,19.375993013381958,0,188,10.0,54.0,0.0,150,0,150,0
4.033195589934446,0.4472135954999579,2.188766815091712e-06,-1.108294930875576,-0.24999999999999956,2.5580039024353027,0,10,10.0,1.0,0.0,1,0,3,0
20.608412521751077,4.849054890732145,1.6368703734801166e-05,-1.1806668035873216,-0.8626881436493268,19.0119948387146,0,57,10.0,15.0,0.0,150,0,148,0
257.6657524778953,58.73562235418412,1.2285959704671688e-05,-0.5368584380619563,-0.5267470832159342,18.901999473571777,0,737,10.0,198.0,0.0,149,0,148,0
419.185297134016,96.30552078325175,1.298290957781577e-05,-0.48799996451939287,-0.5040988147649199,18.537999868392944,0,1309,10.0,290.0,0.0,150,0,148,0
313.15761739630943,73.04541966019042,9.393596081705247e-06,-0.46075333901480664,-0.4743748965695955,18.761005401611328,0,1034,10.0,240.0,0.0,150,0,150,0
679.6491055439319,151.5704896519548,1.0608925462615302e-05,-0.4982312514870393,-0.518814577701413,19.32499599456787,0,1928,10.0,427.0,0.0,150,0,148,0
3.6742346141747673,0.0,0.0,-0.9133858267716535,1.0,2.357999324798584,0,10,10.0,0.0,0.0,1,0,1,0
849.5124287888121,192.5125796755457,8.612234582612766e-06,-0.4653430065128157,-0.49142989941471793,19.492000818252563,0,2426,10.0,558.0,0.0,150,0,147,0
1731.6189226655308,354.58285350535493,9.790544758756843e-06,-0.9036175810116074,-0.9637043696322956,18.837003707885742,0,3409,10.0,708.0,0.0,119,0,112,0
1802.5909611815248,368.6090431156928,1.0207429489285754e-05,-0.9817636853865883,-1.0239989722323202,18.66299867630005,0,3522,10.0,755.0,0.0,123,0,113,0
1950.8583820120482,404.85754696353797,9.13547434814562e-06,-0.760712422387809,-0.812435694289035,18.67799973487854,0,4028,10.0,893.0,0.0,123,0,122,0
1979.0225701930065,408.91366651980053,9.328342143270192e-06,-0.732301065688111,-0.789976443983976,19.46500277519226,0,4164,10.0,889.0,0.0,129,0,125,0
2373.2642330764606,484.6509465584484,1.167730620575918e-05,-0.9429560803066266,-0.9307707110041084,18.809000730514526,0,4958,10.0,1049.0,0.0,111,0,104,0
2648.682344109992,541.5369731914279,1.2720081772424698e-05,-0.895308731752323,-0.8615820232312899,18.78400206565857,0,5712,10.0,1223.0,0.0,102,0,101,0
620.3221437268717,124.48532815471988,9.67485943616109e-06,0.9148263652798816,0.9361543152205123,6.823000907897949,97,6759,6569.385739812616,1462.0,1375.5767151113778,110,106,106,103
700.3470904112276,138.70816458804063,8.370644302162766e-06,0.8922899625232064,0.9282731816083104,6.584004640579224,101,7479,7029.658359928826,1605.0,1473.689991515741,115,113,114,109
798.3441393451851,153.89107226317518,8.415428468226744e-06,0.8551880001011187,0.9075419456137956,6.7569990158081055,100,7253,6918.690534034414,1560.0,1446.4226693674318,114,111,107,108
688.1029048643439,129.16518649408334,1.4568685002619787e-05,0.9494686236960533,0.9638667029801218,8.571007013320923,86,8826,8394.827507032314,1890.0,1768.7118539651947,102,100,96,96
647.9442844655988,122.61842248398133,1.8108652786400245e-05,0.9597870521117288,0.9703762782702682,9.618990659713745,79,9207,8973.911980247676,1979.0,1895.0602174547903,96,94,92,91
690.3811891348207,129.806449323531,1.4017886974727633e-05,0.9625022884493797,0.9731471929731651,9.20899486541748,79,9912,9820.014593628355,2113.0,2080.738236154635,98,95,95,91
664.2898010510319,129.0060117303783,1.3728795401133617e-05,0.9724544797583701,0.9785239448216011,10.61100435256958,71,11179,11129.5672773289,2375.0,2371.490690981658,91,88,85,85
674.228098960735,120.60509671977393,2.713065836369841e-05,0.9763349278454284,0.9837443153277016,11.443000316619873,64,12083,12017.675508345248,2586.0,2566.3845494560373,84,81,82,78
804.7659330439807,149.7846359344509,2.6047196630214037e-05,0.9679150744158567,0.9762142486373364,11.082000970840454,60,12470,12821.361800138746,2805.0,2752.7993208265507,80,77,76,74
713.5499960767721,134.0418082549269,2.207788462819838e-05,0.978384951553696,0.9838078619144608,11.155001640319824,61,13577,13810.98733418175,2934.0,2966.8888982660173,82,80,80,77
701.6829955866147,135.1628354970743,2.4319131007246415e-05,0.9800168517035147,0.9842512539486916,10.841001510620117,64,13743,13146.248570794372,3035.0,2806.4530766584994,84,82,80,79
686.8063467197194,127.7636985472886,2.1999957100540668e-05,0.9815835191427584,0.9863376143092443,12.011996746063232,55,14230,14601.107281006813,3076.0,3146.606079624824,76,73,72,70
4.102844541697057,0.408248290463863,3.3687793291402925e-06,-0.7864395676383886,-0.19999999999999996,3.006998062133789,0,10,10.0,1.0,0.0,1,0,2,0
4.161591111547378,1.0494995356656043,1.7230663890803415e-05,-3.2833766233766237,-0.7836734693877554,8.89799976348877,0,10,10.0,3.0,0.0,1,0,38,0
192.4154186476056,43.98408803192354,1.0821867034650243e-05,-0.5700612383989616,-0.5649175177719348,19.392998456954956,0,541,10.0,134.0,0.0,150,0,143,0
9.259229629582222,2.3579652245103193,1.7231499486836266e-05,-2.6049336572603257,-1.257959714100065,19.264997482299805,0,22,10.0,8.0,0.0,143,0,136,0
723.9679044451257,157.31751332893614,1.0355113354818914e-05,-0.740053215109119,-0.7784224514452036,19.077996253967285,0,1679,10.0,365.0,0.0,150,0,149,0
550.6978179243737,120.16976879953349,1.1694400656306036e-05,-0.6218964266146161,-0.6720892497283939,19.31300163269043,0,1463,10.0,314.0,0.0,149,0,143,0
663.032910193755,146.47017898989995,1.0588730718476339e-05,-0.6483980485432099,-0.6808428571677794,19.016998767852783,0,1709,10.0,394.0,0.0,150,0,150,0
876.1726618271842,195.4345755830665,9.188962560859656e-06,-0.5426808238918068,-0.577278642371108,19.042991876602173,0,2339,10.0,505.0,0.0,150,0,149,0
1497.5964498711483,307.04846522983956,1.0468737286839738e-05,-0.8400027438112865,-0.9235875050730489,18.458000421524048,0,2988,10.0,626.0,0.0,124,0,122,0
1868.3424418451773,401.02020730465273,7.658239753397088e-06,-0.49708593534643497,-0.5487091218163416,18.606996774673462,0,4315,10.0,926.0,0.0,137,0,135,0
2.0291986247835694,0.24253562503633297,4.664954031204112e-07,0.38722966014418125,-0.0625,2.734997272491455,0,10,10.0,1.0,0.0,1,0,4,0
2229.3269417771216,467.01832940474617,7.897534278432893e-06,-0.5370296584039636,-0.5885533300481443,19.472002744674683,0,5129,10.0,1118.0,0.0,132,0,130,0
2716.850203207138,551.8683478270278,1.2331446165761098e-05,-0.8203201139788097,-0.798965675603506,19.754998445510864,0,5958,10.0,1235.0,0.0,107,0,104,0
622.0792448137491,122.42067477812317,1.4031429413886822e-05,0.9257988196712506,0.939448110397865,8.182995557785034,90,6456,6499.164736519364,1387.0,1365.3436367157292,101,98,97,95
694.2166894962528,134.79379748686083,1.2517823278718343e-05,0.919818085497631,0.9403354221277616,7.86899995803833,90,7179,6930.305489931973,1516.0,1452.3336340357873,105,101,100,98
593.3058658524008,114.80125974374091,1.1881519735434891e-05,0.9479214064924988,0.9594328236913313,8.568997859954834,84,7306,7174.733469477922,1563.0,1506.8207531673997,99,96,94,93
704.6501730476681,125.93266012717145,2.184122642726457e-05,0.967242855374148,0.9772253172407923,11.055002212524414,65,10707,9963.760421035931,2288.0,2108.127436051959,84,82,82,78
728.0468401866063,126.96516546562019,1.4560748222020272e-05,0.9669963833822044,0.9795574827042323,9.602001667022705,77,11099,11204.227163265485,2411.0,2392.5214065173286,96,93,92,90
773.7746442059195,152.65614899523453,1.886879356398858e-05,0.9708443793813734,0.9759737475200257,10.521001100540161,68,12627,11397.06277441422,2764.0,2417.5301207974644,88,86,84,82
594.0058173070033,117.21200252384128,2.8445497132419787e-05,0.9859372757682767,0.9885239700924822,11.257994174957275,65,14025,13422.670851325247,3021.0,2873.6131049587584,85,83,79,80
627.2295975154723,111.9627874393823,3.023581677344468e-05,0.9854167270582427,0.990029824019478,11.942997932434082,60,14834,14086.315473847617,3153.0,3028.1110493952365,81,78,77,75
878.3633856692875,161.5755052303088,1.9293630014228615e-05,0.9699902378855854,0.9783377608397942,10.715998888015747,65,14073,14622.645408099568,3037.0,3152.545722103112,87,83,82,80
643.7926692680282,124.62614032177277,2.302985844835951e-05,0.9856535610891217,0.9886608551154098,11.048000574111938,61,15200,15306.334170806374,3289.0,3310.011283252419,82,80,77,76
66.80034930048396,15.096357176484664,1.5537459226409097e-05,-0.8478047761345988,-0.806448362755898,18.694999933242798,0,199,10.0,51.0,0.0,150,0,150,0
8.981462390204987,2.143206320757135,1.512110473676638e-05,-4.730903304031526,-1.5614017695605837,19.165998220443726,0,18,10.0,6.0,0.0,58,0,114,0
148.06764219999815,33.60069443726821,1.4636020689549902e-05,-0.635860436671436,-0.6232222059703934,19.40299677848816,0,477,10.0,114.0,0.0,150,0,150,0
58.199999999999996,12.71770419533337,2.0558925143217902e-05,-0.7832185699622614,-0.7892815684061005,19.18399667739868,0,143,10.0,34.0,0.0,145,0,131,0
2.6832815729997477,0.0,0.0,0.2622950819672131,1.0,1.3949987888336182,0,10,10.0,0.0,0.0,1,0,1,0
700.1676989598039,158.6345065446565,8.790329675448574e-06,-0.5033880315050863,-0.5273506906168843,19.135000705718994,0,2037,10.0,444.0,0.0,150,0,148,0
1399.8845547639514,299.5506412389509,8.443512599461752e-06,-0.5786319243930527,-0.6323344133783453,19.011993646621704,0,3127,10.0,685.0,0.0,138,0,136,0
1670.3663430517272,346.03620234497623,9.356559065181681e-06,-0.8081392903823783,-0.8796268227740798,19.78100299835205,0,3394,10.0,731.0,0.0,127,0,125,0
1898.896391767246,402.1917204518263,8.502698858872608e-06,-0.5700113404918341,-0.6261245005190768,19.693003177642822,0,4299,10.0,939.0,0.0,133,0,132,0
2312.47661177362,479.0471584301487,8.985294251583353e-06,-0.6722957695152434,-0.7125698862092154,19.08299684524536,0,5005,10.0,1072.0,0.0,126,0,125,0
2493.115579617867,510.55273968513774,1.1133116650660926e-05,-0.8556053682002134,-0.8338550121671944,18.765000820159912,0,5345,10.0,1158.0,0.0,111,0,109,0
736.7002662725594,144.30761618834546,6.79900118396835e-06,0.7688713607735818,0.8604830575046007,5.867001056671143,109,6188,6040.1351423043725,1356.0,1284.0,117,116,117,109
592.4489861595749,117.50790068453898,1.0227634998086852e-05,0.9294068200562279,0.9443720639051045,7.9349987506866455,92,6509,6445.709567189731,1385.0,1351.7071727525672,104,101,100,98
653.6115522310961,121.62815114461586,1.71090420892998e-05,0.944010679683576,0.9593547529974717,9.013993740081787,83,7836,7264.115329481191,1650.0,1524.2255121742346,98,95,94,92
600.7670899923806,120.47610753628605,1.696106153136791e-05,0.9627769043452598,0.968518836074092,10.078997373580933,75,8491,8524.739907949146,1849.0,1802.3367336845713,93,89,90,86
578.5764501499292,107.54694462217081,1.8483226864359197e-05,0.9682073146980593,0.9765506552672187,9.765005350112915,74,8922,8788.54787520711,1938.0,1862.9448874752406,90,89,86,85
750.4621457813079,142.63080304569633,9.423267404681693e-06,0.9362640620585526,0.9580401682809379,7.8490002155303955,95,9208,8796.246340787646,1960.0,1857.371354036266,111,109,108,106
653.2693913822671,120.94858046705228,1.9279612863070913e-05,0.9606783263054622,0.9721423992196563,9.399001359939575,79,9288,9116.479176900193,1976.0,1930.0359106204623,97,94,94,91
640.830758151087,118.1496788612691,1.8592868623881943e-05,0.9659329865977455,0.9750863166253843,10.301998615264893,69,9351,9169.968486841051,2072.0,1936.9485339431776,88,84,83,80
590.1062037206784,112.81931918376559,1.6987024253389226e-05,0.9734766161302173,0.979434564701789,9.9590003490448,67,9938,9563.531348605393,2167.0,2023.4216981481113,85,83,81,80
647.2017701626904,121.19483426230603,2.7410914088847428e-05,0.9697034495582616,0.9771490666826258,10.875994443893433,69,10299,10050.809734909775,2227.0,2137.0163374723406,89,86,84,82
570.6342546722491,109.169196748499,2.296655058582812e-05,0.9830974217579175,0.9867162850876451,12.21800446510315,57,12135,12102.885802219567,2716.0,2589.675981511151,77,74,72,71
739.0539353568572,131.87351011714512,2.070702839507553e-05,0.9738040266200682,0.9823662607877716,10.414995431900024,70,12732,12615.133274700833,2702.0,2706.2670070510976,90,87,87,83
604.4574956829821,109.51545501799743,3.179796282042339e-05,0.984449445263025,0.9890340674451448,11.570002555847168,64,13280,12900.52036549571,2879.0,2762.103489938043,83,81,81,78
639.7681089831525,124.93604351541263,3.178696234075919e-05,0.9825971487179233,0.985820662137401,11.701998710632324,59,13492,12949.700316449907,2950.0,2769.4768040408017,81,77,73,74
641.8778708730484,116.77283131946456,4.6182481531275424e-05,0.984216919653195,0.9886229490031722,11.972996473312378,56,14361,14185.438860886678,3097.0,3055.631149259738,76,74,71,70
661.1598420045344,112.87580654047844,3.035153925988025e-05,0.9851661494738839,0.9908097676526691,11.92099380493164,58,15193,14971.054717055904,3388.0,3227.222654217705,78,76,74,73
605.8561473939383,112.0319929424301,3.000689304485591e-05,0.9874111315837562,0.9908188150759715,12.685004711151123,52,15394,15645.422541962236,3392.0,3384.4883832897904,72,70,68,66
28.088194435859823,6.60807586719967,1.2768025472142066e-05,-1.1132359117605883,-0.8792462357693722,19.15599536895752,0,82,10.0,20.0,0.0,146,0,145,0
55.5894474398394,12.949646069809527,1.343471167470438e-05,-0.7515371281776169,-0.6803657604600333,19.15100121498108,0,172,10.0,41.0,0.0,150,0,149,0
3.711842908553348,0.6236095644623235,1.4231344313863145e-05,-0.6250455041863852,-0.3999999999999999,5.254995584487915,0,10,10.0,2.0,0.0,1,0,26,0
110.79969915723298,26.332995778427236,1.6899046256209443e-05,-0.4565195052184212,-0.4666224733778048,19.201998949050903,0,358,10.0,88.0,0.0,150,0,149,0
516.0757502537781,114.89017944686715,1.068428025245325e-05,-0.5583469045240212,-0.5873469112252059,18.638996362686157,0,1482,10.0,318.0,0.0,150,0,145,0
642.8866307522657,148.026078783436,1.0591136599561236e-05,-0.4516387765312715,-0.4738578367596835,19.357999086380005,0,2068,10.0,476.0,0.0,150,0,149,0
2.7942248133771033,0.7595545253127499,1.2723807955190893e-05,-0.14020306761719592,-0.44981412639405205,3.585003614425659,0,10,10.0,2.0,0.0,1,0,13,0
4.203173404306164,0.8660254037844386,2.0908940158122078e-06,-1.789473684210526,-0.30120481927710885,2.307999610900879,0,10,10.0,2.0,0.0,1,0,4,0
2427.0902221933707,497.64954201392237,1.1204009272182895e-05,-0.8718038492435862,-0.8508336220912955,19.31400227546692,0,5085,10.0,1103.0,0.0,111,0,104,0
688.2688777715912,126.07551221354545,1.017953544939386e-05,0.9023247735076312,0.9382503464339444,7.076997995376587,99,6950,6569.853296547069,1493.0,1378.2715497141844,111,108,105,104
597.8656531373631,113.95484475998477,1.7068939724619158e-05,0.9457681706735924,0.9578402215814892,8.826999425888062,83,7098,7006.201255730955,1512.0,1470.8869971048553,97,93,92,90
663.1924985724239,122.40659713647909,1.4643327740656095e-05,0.9418519710038233,0.9588811400891994,8.322998762130737,87,7809,7465.029924807777,1716.0,1569.329281591713,101,99,99,95
668.5920310356673,129.19520987352675,1.6087350971071006e-05,0.9431448224481253,0.9579915218816741,8.318999290466309,87,8168,8084.532337037132,1745.0,1702.5488526307354,103,100,96,97
638.6296537684201,127.39481642985088,1.346444730559732e-05,0.960693095380392,0.9681048881004345,9.272005081176758,80,8868,8668.099836540341,1914.0,1831.4170926992529,96,94,93,90
616.5306915320748,120.83176043074965,1.6117722010922944e-05,0.9632367804775873,0.9718827239914266,8.858995914459229,82,9170,8838.754880147262,2039.0,1865.710386987782,100,97,96,94
701.594095522259,135.82633378148435,1.8861119571937893e-05,0.9630008295968163,0.971122622664005,9.496999263763428,75,10033,9822.995126575637,2195.0,2080.048817190247,96,91,90,88
622.2129514846132,126.08507137328587,2.533819275568774e-05,0.9754665305416008,0.9780905368344209,11.579997062683105,62,10765,10010.364763730484,2364.0,2119.8639566791817,80,78,77,74
596.209010320873,118.26161032560431,2.25650049918685e-05,0.9774930453528126,0.9810840202634921,18.969007968902588,69,10715,10347.054547842337,2316.0,2198.3167660371437,86,84,82,81
627.066507534433,117.53094192434321,2.886604730115316e-05,0.9822397139235507,0.986555696240957,12.389999866485596,58,13156,13248.658786236452,2822.0,2846.9058652001677,78,76,73,72
625.1843777813109,110.76692449102849,1.277493195783709e-05,0.9847372681396045,0.9895815524853235,11.796001672744751,53,14250,13854.49966304795,3113.0,2981.2593935770838,74,72,69,68
680.9690352228373,128.62831278212767,2.7443110761368604e-05,0.9823309865711586,0.9867040240627055,11.527992725372314,66,14169,14357.040735980809,3089.0,3093.8667805511723,87,84,81,81
641.3390534369619,126.61238570450114,2.2283467408519224e-05,0.9847788693401996,0.987472422143281,11.461001873016357,61,14702,14053.754167153458,3273.0,3017.4962088733973,82,79,78,76
676.533386164427,120.29132359776817,1.714411030255486e-05,0.9851425710406679,0.9900050943157193,12.328998327255249,57,15743,15637.555237420052,3424.0,3384.391707470062,77,75,74,72
4.9043482318191245,0.7947194142390263,6.730139000011546e-06,-4.811914323962516,-0.78125,3.072997808456421,0,10,10.0,2.0,0.0,1,0,8,0
3.4694433324435545,0.816496580927726,1.2287147353801102e-05,-1.1002872187649593,-0.2590673575129536,3.8050038814544678,0,10,10.0,3.0,0.0,1,0,22,0
58.88106656642694,12.833549781724463,1.252927539629953e-05,-1.052648517999351,-0.9593240986157441,18.93999218940735,0,140,10.0,32.0,0.0,149,0,141,0
53.474791568862926,12.473705677677879,1.2579684444734155e-05,-0.7608605069798848,-0.7047039867240672,19.087997436523438,0,170,10.0,42.0,0.0,150,0,145,0
2.7271780286589284,0.5590169943749475,1.4280072698792467e-05,-0.7137713771377139,-0.4545454545454546,4.55500054359436,0,10,10.0,1.0,0.0,1,0,3,0
3.5355339059327378,0.0,0.0,-0.6014234875444842,1.0,1.6720068454742432,0,10,10.0,0.0,0.0,1,0,1,0
678.0077924822594,155.104029605939,9.915650884323683e-06,-0.475568406813792,-0.5011847731126979,19.48000144958496,0,2090,10.0,451.0,0.0,150,0,150,0
361.3851131410922,87.41567365181143,9.280129053015276e-06,-0.4024960716982722,-0.4006642407318566,19.401001930236816,0,1274,10.0,314.0,0.0,150,0,150,0
1199.0175339279517,255.24371360198734,9.108861198627198e-06,-0.6630069117945869,-0.7266057493027953,19.141995906829834,0,2666,10.0,573.0,0.0,137,0,137,0
1523.4980494462955,322.11237169658665,8.894594497297463e-06,-0.5801554403198157,-0.6412322576460601,19.044996976852417,0,3424,10.0,735.0,0.0,140,0,136,0
1726.7240601786957,355.00430044343597,9.334718046600502e-06,-0.7307792951956316,-0.7993164469744662,19.35499858856201,0,3528,10.0,767.0,0.0,126,0,124,0
1845.6275066581918,376.85394164494727,9.783517918940691e-06,-0.823993337026065,-0.8768685396999536,19.086997747421265,0,3769,10.0,821.0,0.0,122,0,122,0
1807.4872576775379,378.07679114169383,8.94562273457109e-06,-0.6411000153662343,-0.7009061412964517,19.307002305984497,0,3861,10.0,812.0,0.0,132,0,126,0
2270.2195723468394,460.4135097930989,1.3704422321818917e-05,-0.9550658991100709,-0.9349240390295146,18.508997678756714,0,4846,10.0,1050.0,0.0,105,0,98,0
2625.0486395493704,536.4199350011768,1.389438396676073e-05,-0.8616623010945264,-0.8291698591921943,18.95199942588806,0,5656,10.0,1213.0,0.0,102,0,99,0
589.3969742434915,108.0403094911733,1.633829439096342e-05,0.9323447565614287,0.9469519020196966,8.142998695373535,90,6345,6218.012628864616,1321.0,1326.0000000000018,97,95,92,91
755.6766911813631,144.6913946067593,1.4306787053279508e-05,0.8890097323316258,0.9150714597404078,7.53400444984436,94,6557,6269.708749474527,1366.0,1316.1832132894942,106,101,102,97
680.3572001483778,136.35508672145158,1.4338999370151092e-05,0.9279120556664522,0.9380537505063944,8.374995946884155,86,6952,6589.508914383608,1461.0,1380.8454461969714,100,95,97,92
641.5090474162828,128.30501582059767,1.2000541228443414e-05,0.9317948067723415,0.9445438584820353,8.000000953674316,91,7101,6860.283337369483,1515.0,1438.209404782865,103,101,99,97
672.7570126575346,130.2022231900693,1.5384747527235086e-05,0.9294099138527434,0.9460012968629666,8.192997932434082,89,7262,6884.746663946171,1545.0,1444.5794460283805,103,99,101,96
700.4811966046826,132.61847675526556,1.4997198285006467e-05,0.9411429942498474,0.9564705797067533,8.474997758865356,86,8211,7902.782112398079,1751.0,1665.3350946707242,100,99,99,95
615.2123864093287,118.1305561359676,1.8043836429526447e-05,0.9681977247090446,0.9750975075795131,9.714004755020142,76,9388,9035.601642789985,2048.0,1910.7640181686575,92,90,88,86
678.8794305587644,137.2263336038833,2.702011418361659e-05,0.9716134210958914,0.9755141880919367,10.577996015548706,69,11151,10361.43315166311,2410.0,2198.138084316046,88,85,82,82
534.5044901399843,97.99137661663234,2.355496285640361e-05,0.9898158363097115,0.9927389187566467,11.935999155044556,56,15118,15036.7071542402,3352.0,3250.304273188196,76,74,72,71
2.621253086204284,0.5956833971812706,9.883134584125343e-06,-0.2548460661345491,-0.3115384615384613,4.203999757766724,0,10,10.0,2.0,0.0,1,0,18,0
4.935953440181174,0.5222329678670935,2.736161819675031e-06,-1.7195571955719555,-0.375,1.9790005683898926,0,10,10.0,1.0,0.0,1,0,4,0
179.63219830160367,42.09204200321006,1.7125185631646718e-05,-0.4468315106960632,-0.45061883048554385,18.764238119125366,0,569,10.0,130.0,0.0,150,0,148,0
189.4021119206436,43.72543119665412,1.003092802809095e-05,-0.6307741077522302,-0.5889062721095419,19.119000911712646,0,612,10.0,143.0,0.0,150,0,147,0
146.7215730559075,33.85823385825079,1.0303334011186284e-05,-0.5747566332020437,-0.5623609688599926,19.918993949890137,0,463,10.0,113.0,0.0,149,0,147,0
949.4573186826251,201.36863377067112,1.1348651644273383e-05,-0.7966756352692359,-0.872595645014943,18.630993604660034,0,1979,10.0,412.0,0.0,144,0,140,0
949.4112526543314,207.3152671657348,9.803222787746209e-06,-0.551946020218451,-0.5979747346435018,18.91999077796936,0,2456,10.0,514.0,0.0,149,0,145,0
605.8846259808876,140.83718732399242,9.233480925633694e-06,-0.43447043171263555,-0.4583050364492731,19.046999216079712,0,1811,10.0,416.0,0.0,150,0,145,0
1491.3928746868366,306.7549945260332,1.140443622629373e-05,-0.8181305277182329,-0.8913581146940877,18.69699788093567,0,2947,10.0,670.0,0.0,129,0,123,0
1501.68292481025,310.75185169735244,9.145597760820278e-06,-0.7591882385774016,-0.8264320846149362,19.248995780944824,0,3108,10.0,663.0,0.0,136,0,133,0
1387.9806026502436,297.8305894296286,9.242018533056985e-06,-0.5656140921341799,-0.6220016125996106,19.026999473571777,0,3168,10.0,667.0,0.0,139,0,132,0
1536.4208147509587,325.1583511665252,8.902924803597297e-06,-0.6882072905154937,-0.7555383102263722,18.869993925094604,0,3337,10.0,729.0,0.0,132,0,130,0
2358.4439248510166,482.9201797398821,1.2401298203815576e-05,-0.8388710177513339,-0.8366754863439418,19.43199634552002,0,5112,10.0,1084.0,0.0,115,0,112,0
622.0698379689915,117.79100692141537,1.380738401369682e-05,0.9275925292288696,0.9415347966531433,8.32599949836731,90,6398,6222.2120201835205,1332.0,1306.1428059836944,98,97,96,93
679.2903934918984,135.6085335841002,1.608557646421961e-05,0.9248508091087424,0.9373168291329186,8.559998273849487,86,6901,6669.667941334784,1501.0,1398.5055960086038,100,96,96,92
577.0382765575578,109.42043350966226,1.6761222626275583e-05,0.9574866339993872,0.9671767718759625,9.368998765945435,82,7617,7515.083790846456,1621.0,1584.9583328005556,95,93,93,90
718.6577717515391,135.307634371232,1.7071994248279406e-05,0.9384078142873058,0.9539521196402831,9.077996492385864,82,7949,7394.606172455424,1701.0,1551.142795616067,98,94,93,90
834.0635616171988,169.96496274180456,9.437668595305516e-06,0.8923091639715195,0.9214205084771709,7.085005760192871,99,8321,7651.355843496525,1762.0,1605.8367760739375,115,112,112,109
602.9870343197513,119.02815712207565,2.1519266730936744e-05,0.9617421814046255,0.9679793475712757,10.651000022888184,71,8313,8359.100160286609,1767.0,1764.905283207907,88,85,82,82
663.3660017430173,130.16957688858,1.7529156890945908e-05,0.9650945016131154,0.9709837331350787,10.531000852584839,70,9704,9072.036541926576,2125.0,1915.168777191804,88,85,85,82
627.0768966798537,120.13532379898454,2.2646515724022152e-05,0.9749910485708941,0.9800811009342317,11.062996625900269,63,10874,10197.110517784151,2343.0,2164.2692231280516,82,79,78,76
632.156054970475,109.41547696834597,2.423363905653538e-05,0.9771103915572807,0.9852583920134864,10.670998573303223,70,11563,11132.930208753918,2499.0,2375.261622483158,88,87,85,83
641.4075139630892,122.59702441658428,2.516851724293633e-05,0.976809619203448,0.9818921210169642,11.482000827789307,61,11639,11572.897613509183,2567.0,2471.494460617856,81,78,76,75
586.3903584415523,109.9452054000282,2.6028376830531804e-05,0.98339161606982,0.9875233797843053,11.159996509552002,65,12557,12219.461297298463,2699.0,2615.54854804193,84,82,81,78
643.0745410674581,118.21204311246336,3.178993886619288e-05,0.9804124871087104,0.9860723374641872,11.395000457763672,67,12810,12185.725172807732,2814.0,2601.328859684192,85,84,83,81
673.2901925504491,126.48044630435417,2.6625312984362907e-05,0.9815777769449333,0.9862067994203475,10.55100131034851,71,13848,13289.409362499411,2958.0,2850.744490105397,90,88,86,85
577.2768721468482,112.67254903534048,3.982442719470096e-05,0.9869640189255565,0.9893872756734716,11.279995203018188,61,14088,13863.413363374484,3072.0,2982.6859147873383,80,78,76,75
691.6817369661954,131.0849206183187,2.8091288426021777e-05,0.982102485661187,0.9863714188597956,11.583001852035522,59,14300,14515.372118834799,3082.0,3127.9457208776985,80,77,77,74
643.872528392093,125.08519431357173,2.070453086595633e-05,0.9859608345581684,0.9890200951404687,10.729001998901367,72,15313,14478.640913283263,3353.0,3113.4192984368547,93,90,88,87
669.2993241145634,125.73440253030591,3.21646096293383e-05,0.985340934346216,0.9889499451470746,12.63199520111084,53,15813,15965.328479845268,3403.0,3464.041536094959,73,71,70,68
18.133762249829275,4.230051221124081,1.6843521275958316e-05,-1.0575510838590936,-0.8206978889672765,19.785000562667847,0,46,10.0,16.0,0.0,150,0,144,0
322.8655757432185,74.40062723749936,1.0449281331981943e-05,-0.6177202925491403,-0.6124596612236723,19.265999794006348,0,965,10.0,216.0,0.0,149,0,148,0
435.500501339168,100.86813173644092,1.173850113727667e-05,-0.5938606064538561,-0.6112323336854055,18.91700053215027,0,1256,10.0,287.0,0.0,150,0,147,0
278.52263821815274,63.963635502265404,9.754125684626926e-06,-0.5294248277382057,-0.5360707380170517,19.205998420715332,0,876,10.0,205.0,0.0,150,0,150,0
689.1739741652079,153.74305404364344,9.483005696425447e-06,-0.5151171157418313,-0.5469891149624058,19.84099841117859,0,1937,10.0,437.0,0.0,150,0,149,0
1306.1439992078465,279.6782198646628,9.740823990784507e-06,-0.5973960783109107,-0.6632752865710636,19.32300066947937,0,3022,10.0,647.0,0.0,141,0,139,0
4.10690475500305,0.7302967433402214,6.518496681905257e-06,-1.6100412654745528,-1.1428571428571432,2.4960014820098877,0,10,10.0,1.0,0.0,1,0,3,0
1744.2113232059928,364.7970303241699,9.226290012179557e-06,-0.6547850523074727,-0.7199742629556607,19.788995027542114,0,3816,10.0,815.0,0.0,134,0,128,0
2057.883843498785,416.0406630767398,1.198395403861926e-05,-0.9301046974370344,-0.940585553091029,19.11799383163452,0,4266,10.0,913.0,0.0,115,0,109,0
2.056349053193895,0.560611910581388,6.690294077939747e-06,0.29848320693391106,-0.2664473684210529,4.957005739212036,0,10,10.0,2.0,0.0,1,0,4,0
2273.820904703505,478.5350840499228,8.195105029914159e-06,-0.5635838791175862,-0.6114606699456717,18.29899525642395,0,5134,10.0,1099.0,0.0,136,0,129,0
2571.058982857712,524.8961865613682,1.1601449268510943e-05,-0.7761168322872358,-0.773810646535994,18.764994621276855,0,5666,10.0,1191.0,0.0,115,0,109,0
632.0916804574015,116.9313175267792,1.6527687962686574e-05,0.9490501450327649,0.9624241062760284,9.050001621246338,78,7657,7466.47102535276,1665.0,1573.9252227367715,94,91,91,87
604.4270113781884,112.5502593772397,1.8179765348655233e-05,0.954801683317373,0.9660457589977836,10.133005619049072,76,7763,7545.515918894647,1647.0,1588.0861751213697,89,88,86,85
637.0914612971711,116.37063245106654,1.9156792859560088e-05,0.9671779664244299,0.9768541332565094,9.416994333267212,77,9648,9499.923714000748,2086.0,2019.067481291284,93,91,91,88
620.9567699263008,119.85125758744343,1.695241967849813e-05,0.9790740784367721,0.9834611717454055,11.147008895874023,61,11867,11927.486424964723,2575.0,2557.2684948141177,81,78,78,74
739.4721804497357,141.8755445745423,8.589253851983068e-05,0.9738509927912962,0.979426434916093,12.87999939918518,54,12974,13673.381851767266,2832.0,2957.959049470208,74,71,70,68
737.074142670143,138.88511766665115,1.4835342420855994e-05,0.9742225137213486,0.9820824787827446,8.868001222610474,82,12950,13029.34565351513,2776.0,2798.975257278549,103,99,98,96
810.5362272657027,153.03414000597186,2.3750223186343296e-05,0.9727693365388658,0.979784046741796,10.606997013092041,70,13651,14295.440370010061,2988.0,3096.6897406799726,89,87,87,84
677.4391546775649,122.97594013556443,3.5850099559866764e-05,0.9828754276376016,0.9879008215716167,11.7069993019104,55,14675,14769.856861390377,3208.0,3192.9598424813194,76,73,70,69
685.7863133252431,132.809975095999,0.0001048835524143477,0.9834333715693323,0.9866762842884534,12.062997341156006,56,15115,15645.395437926036,3282.0,3397.4580421468436,76,74,74,71
1.7888543819998317,0.6,1.4635649179100909e-05,0.4444444444444444,-0.5625,3.6549999713897705,0,10,10.0,1.0,0.0,1,0,2,0
146.71984641940344,33.59116947453105,1.320221032430967e-05,-0.6344763598082392,-0.625095014442195,19.361002206802368,0,460,10.0,113.0,0.0,150,0,149,0
2.4688535993934706,0.4879500364742666,1.0536128161857514e-05,-0.017411052233156532,-0.3125,5.9079978466033936,0,10,10.0,1.0,0.0,1,0,2,0
243.44674982426855,56.910983122768144,1.4646048187053999e-05,-0.5258588136310705,-0.5269918516054515,19.351993083953857,0,745,10.0,177.0,0.0,149,0,148,0
82.06651773612265,18.400181158528486,1.0063256406148395e-05,-0.6022766191994049,-0.5742857668364516,19.38499903678894,0,280,10.0,65.0,0.0,149,0,149,0
703.5757054740686,151.2241382848651,1.0566439704504957e-05,-0.792276051152704,-0.8482148909863461,18.844993352890015,0,1592,10.0,344.0,0.0,143,0,142,0
537.3036447546831,125.23910464920026,1.0822422626424375e-05,-0.45679450548851985,-0.4659363978243223,19.052998542785645,0,1711,10.0,385.0,0.0,150,0,148,0
1105.0509822326449,243.6429354608912,9.356039033406771e-06,-0.4896180578435685,-0.5345553549529207,19.837995052337646,0,2866,10.0,591.0,0.0,150,0,144,0
1605.565065638886,326.601704425028,1.0976567041029514e-05,-1.024928744289825,-1.0738831765269081,19.76799750328064,0,3160,10.0,668.0,0.0,120,0,124,0
1800.6352434627063,372.9361428806099,9.78267408259591e-06,-0.6815026382385305,-0.7402810273485401,19.329994440078735,0,3826,10.0,816.0,0.0,131,0,131,0
1709.4734237965406,367.6503501970316,9.133421448147327e-06,-0.5618526196821554,-0.6173266313416026,19.312999963760376,0,3878,10.0,871.0,0.0,136,0,134,0
2421.9208272223377,496.9367431239782,1.3945026377188322e-05,-0.8675929337412542,-0.8426235132703392,19.900002241134644,0,5243,10.0,1120.0,0.0,104,0,100,0
3.0237157840738176,0.3779644730092272,6.750450483278156e-07,-0.24444444444444446,-0.1666666666666663,1.4169988632202148,0,10,10.0,1.0,0.0,1,0,3,0
598.9919397757677,117.68519573895621,1.6114779176198546e-05,0.9501924961473556,0.9597580270766856,8.890996217727661,84,7332,7377.225177532859,1578.0,1559.6264470672459,97,96,96,92
689.564939477686,135.21074941640632,1.3300993940239048e-05,0.9341674145794244,0.9488997223162531,7.822997570037842,90,7694,7293.708454987025,1687.0,1531.7132888558572,105,101,98,98
648.8630128767047,123.73238353930228,1.839081544514822e-05,0.9569620284245001,0.9671837585628832,8.810004234313965,81,8657,8249.877168999099,1848.0,1741.3122447530468,96,94,94,90
591.4900216951655,113.0110676157586,2.5716468109278542e-05,0.9698457104175154,0.9768326016885224,9.993997573852539,75,9257,9001.338039374414,1995.0,1906.443120496805,91,89,87,85
673.0861451138693,127.81363696271654,2.5416647603143646e-05,0.9655386108477689,0.973635160916291,10.331002473831177,72,9876,9571.609115264802,2132.0,2032.5885176529891,91,87,86,84
654.9904175260351,127.47788700712248,1.8939862652612662e-05,0.9669659299026516,0.9742094779644771,9.434997797012329,78,9914,9427.75379159297,2178.0,1996.980921388521,96,92,90,89
761.0306546153445,134.55042469763387,2.4280530158997457e-05,0.9657859492441498,0.9781773239530774,9.983006000518799,76,11538,11409.114950843606,2484.0,2436.9640622460083,96,93,91,90
584.8613041651155,113.16525731459569,2.0447033806253393e-05,0.9799513554684189,0.9847308826100893,9.736999750137329,77,11628,11402.74283813755,2525.0,2435.548050686224,96,94,93,91
617.3905415691086,114.79890251484075,2.9679253329200172e-05,0.979224940495926,0.9844859179859429,11.660999774932861,59,11838,11761.549358112228,2539.0,2517.1921377324015,79,76,75,73
692.6674561759135,127.17013118758004,1.9940910155238372e-05,0.9819678368313769,0.9874331654940693,10.197995901107788,72,14570,14379.387218544827,3174.0,3101.1440552161403,92,90,91,87
647.4379163364309,118.67119120922385,3.902296972006395e-05,0.9847905685312488,0.9888965876566906,11.743000745773315,52,14861,15201.816570637648,3304.0,3300.1593262956667,71,69,68,66
98.35910396772296,21.862143841200325,1.2390200692870574e-05,-1.0372903799426147,-0.9632089213418453,18.36399269104004,0,259,10.0,69.0,0.0,150,0,148,0
124.56131020505525,28.375928766004,1.3081106932930901e-05,-0.6959299046419813,-0.6708273998041692,18.069998264312744,0,351,10.0,82.0,0.0,150,0,147,0
143.29803441313027,33.841394770310515,1.3978264915068901e-05,-0.4616501993637139,-0.4400089324713212,18.287999629974365,0,532,10.0,128.0,0.0,150,0,148,0
6.06630035524124,1.4877275736280933,2.140889523170653e-05,-2.3807509513465837,-1.0051538089869543,18.253000020980835,0,14,10.0,5.0,0.0,141,0,60,0
91.95024016644365,22.11379659850384,1.2670419763341627e-05,-0.48701643730625377,-0.45647607962458414,18.077009201049805,0,376,10.0,83.0,0.0,150,0,150,0
2.6172504656604803,0.5477225575051661,5.138990497285148e-06,-0.6515973477998791,-0.4285714285714288,2.7709999084472656,0,10,10.0,1.0,0.0,1,0,4,0
2.5298221281347035,0.0,0.0,0.3495934959349595,1.0,1.5839974880218506,0,10,10.0,0.0,0.0,1,0,1,0
716.4755497107583,166.09188220179013,9.654984771804188e-06,-0.43421001606896104,-0.454903748932763,18.122007369995117,0,2231,10.0,500.0,0.0,150,0,149,0
822.1900266969917,185.80651226477505,8.77026176831109e-06,-0.41437030885304194,-0.44203926419245976,18.708999395370483,0,2457,10.0,537.0,0.0,150,0,147,0
1638.8239197668552,336.89447408152404,9.556742046771087e-06,-0.7752129830360968,-0.8362873210739465,18.474998712539673,0,3380,10.0,698.0,0.0,127,0,124,0
1122.309176059194,255.76534818722675,1.0354556329956228e-05,-0.363535885126977,-0.3938266168207285,19.32600164413452,0,3495,10.0,734.0,0.0,150,0,150,0
1963.54968530635,403.6304663096349,9.427092413721782e-06,-0.6981481060672265,-0.7395715083303926,18.437999963760376,0,4264,10.0,909.0,0.0,126,0,122,0
2019.6813461533975,414.5931740875626,9.60403490790643e-06,-0.6741716805673195,-0.7306099964105002,19.061999082565308,0,4275,10.0,901.0,0.0,129,0,123,0
2375.018867293479,485.6878146848378,1.3563198037165473e-05,-0.8720928016379801,-0.8466715107894349,19.022998332977295,0,5071,10.0,1083.0,0.0,108,0,103,0
2526.8645010500004,511.82294464655126,1.2744106813766382e-05,-0.8327738678739742,-0.8050096416403383,19.13799738883972,0,5476,10.0,1147.0,0.0,106,0,99,0
647.4155446066893,123.0795251334901,1.4838863651860725e-05,0.9077992957310977,0.9256301265362682,7.168001890182495,95,6072,5941.3349844799195,1314.0,1259.0,101,100,97,95
610.5497777175499,123.06093932679933,2.079665903201044e-05,0.9390193089888288,0.9433094608247216,9.409006118774414,80,6740,6402.300646656312,1437.0,1340.5249876785565,94,88,88,85
683.600966887463,129.64067522884955,1.5130924734810899e-05,0.9322369662943147,0.9500949174018398,8.176007747650146,89,7516,6985.070198415855,1601.0,1466.9739149578718,103,100,102,97
673.2608605891331,126.82045245156694,1.929265489131959e-05,0.939387958285214,0.9546372614605141,9.729003190994263,83,7606,7222.99612253138,1626.0,1518.2205035690022,97,95,93,91
717.0190212650441,133.3341465350566,1.6532973161984726e-05,0.9341764332557491,0.9542642704943989,8.547998905181885,88,7841,7827.958159796841,1696.0,1651.6624365753723,105,100,99,97
690.5294451376072,128.4312082323834,2.094608032054726e-05,0.9479822958578505,0.9613775618525358,9.945998907089233,78,8209,8056.147195758483,1739.0,1701.699004305009,95,91,92,88
613.2590297715059,118.87690352887974,1.551200550421194e-05,0.9596039768844722,0.9685388740709732,9.06299614906311,81,8371,8476.625092746857,1797.0,1797.6745470312717,96,94,93,91
624.5138929121556,123.34262090512617,1.8872899144623822e-05,0.964277759715562,0.969569370918326,10.534999370574951,74,8925,8119.966337370368,1913.0,1710.9449290280136,89,87,86,83
649.1900283602592,113.83991568207338,2.002993504955692e-05,0.9706293378263364,0.9809094225136735,10.455998182296753,74,10560,10276.972361174894,2260.0,2191.515234612805,91,90,88,86
655.7080369380637,120.01061674491058,2.205415420833961e-05,0.974107072290907,0.9811839479895861,11.175997495651245,63,11163,10894.376922726226,2412.0,2320.044530002632,80,79,80,76
652.6264188479702,118.97350459835846,1.9985949112674632e-05,0.9760855454626827,0.9831109180824226,10.639000654220581,70,11712,11089.05943937612,2515.0,2365.6417213811683,88,86,87,83
609.8374033168884,110.87446969456498,4.469693602223676e-05,0.982032767585287,0.9874982103272585,11.100998163223267,64,12447,12522.035120196582,2714.0,2688.174949329288,83,81,80,78
716.6889690057493,133.03939036041217,4.7714316311347094e-05,0.975914226750756,0.9822449105194254,12.235000848770142,55,12765,13153.498478483943,2760.0,2827.1886869750233,75,72,72,69
578.732661192266,107.817428990192,2.3122932850532887e-05,0.9860001414223921,0.9895771783147075,12.10799789428711,60,13798,13551.315975370479,2975.0,2921.589387493923,80,77,78,74
557.5666774095685,107.12788745232442,3.1009609518958696e-05,0.9875974833304474,0.9902924982903968,11.212000370025635,58,14069,13638.847583524224,3125.0,2935.871510879706,77,76,74,72
739.2657392227779,142.13136264252054,2.6452909164244293e-05,0.9788717467874741,0.9835592621711629,11.199996709823608,66,14251,14161.174380895332,3090.0,3053.6350933880876,86,84,84,81
613.3685318896294,109.50956071437744,1.620757713268956e-05,0.9875997532652132,0.9915154249997729,20.02299690246582,55,15700,15720.129122271934,3453.0,3416.4577065812045,74,72,70,69
640.7436899309656,113.83875804909582,2.3977998869118116e-05,0.9865455581994645,0.9912308711619633,10.629003763198853,71,15478,15230.644512991083,3407.0,3292.3743286990066,90,89,85,86
33.162227508617896,7.700649323271382,1.5882544249068533e-05,-0.4895378387398306,-0.4739429423623962,18.535993576049805,0,106,10.0,26.0,0.0,146,0,141,0
21.078899402008634,4.914604087140014,1.5673568087670286e-05,-1.341815265228639,-1.0615760463413615,19.868998765945435,0,56,10.0,15.0,0.0,150,0,148,0
324.0108434399483,77.88996512174509,1.171538523241719e-05,-0.3884614218141833,-0.3904075259293891,18.957003593444824,0,1110,10.0,265.0,0.0,150,0,149,0
956.2202570537816,203.95223296971605,1.0789083234412894e-05,-0.6788864900070264,-0.7470299518019179,19.046998977661133,0,2171,10.0,456.0,0.0,144,0,134,0
708.0566361527868,163.2993774227773,9.580236275727019e-06,-0.39848268542345555,-0.42535090491624494,19.57199764251709,0,2200,10.0,511.0,0.0,150,0,150,0
3.7927055494218616,0.5547001962252291,1.4995544760218137e-06,-0.5806241872561766,-0.08333333333333304,2.3160016536712646,0,10,10.0,2.0,0.0,1,0,4,0
1095.4057117494565,237.90776924402167,9.548548115560071e-06,-0.5376652897900105,-0.581232541661171,19.477001667022705,0,2705,10.0,569.0,0.0,150,0,140,0
1492.5897404623058,309.8327613406949,1.0750882828457242e-05,-0.7737120202063297,-0.8431153196548753,19.906001329421997,0,3128,10.0,676.0,0.0,133,0,125,0
1855.2542808646654,376.1543743376293,1.163616075678858e-05,-0.8370087121831205,-0.8772719252696821,19.64300036430359,0,3846,10.0,818.0,0.0,124,0,118,0
1496.8884238089802,327.39782121042487,9.218443571964165e-06,-0.4340099345630748,-0.47889868460112694,19.595999240875244,0,3902,10.0,833.0,0.0,143,0,143,0
2123.9438504819286,436.4026886565511,9.659985045697165e-06,-0.650957880270369,-0.6994779675578886,19.49899435043335,0,4657,10.0,983.0,0.0,127,0,124,0
2216.8921564508573,449.5329798802308,1.1835755618908812e-05,-0.8646038796774898,-0.8582119574637712,19.283005952835083,0,4645,10.0,1008.0,0.0,110,0,105,0
2142.9756072651253,449.1941599501638,8.438154198494137e-06,-0.5356438222807853,-0.5862053787113779,18.951003551483154,0,4830,10.0,1035.0,0.0,136,0,131,0
2371.4745581599645,487.17296038812884,8.967836922029676e-06,-0.5706838353433317,-0.6132967331098671,19.15125823020935,0,5372,10.0,1135.0,0.0,129,0,129,0
2565.091670876501,521.320151154739,1.0832145275547608e-05,-0.7289075824264735,-0.7328134283297971,19.823997735977173,0,5642,10.0,1237.0,0.0,117,0,111,0
2528.639676453198,524.6731426961616,8.74925130360703e-06,-0.5612375520765327,-0.605834252182988,19.321998834609985,0,5778,10.0,1228.0,0.0,129,0,129,0
647.3675818112133,139.80651248190608,6.016526529295439e-06,0.6821777706976534,0.7941300822998918,4.183997392654419,120,5831,5843.343515947033,1261.0,1261.0,126,125,121,120
578.7382057287126,107.39905784231722,2.1040852931599923e-05,0.9419883463896686,0.9536973001919172,9.36500597000122,80,6541,6293.912839963845,1376.0,1323.577993124517,91,88,87,84
640.0186278874849,128.83726374115173,1.582589616362581e-05,0.9170276098897341,0.9324448911133435,7.372003078460693,95,6503,6395.492905498847,1401.0,1344.3476769126546,106,103,104,100
634.4514636320441,122.849515517826,2.4109515619810106e-05,0.9434738293777417,0.9535640397556566,9.669992685317993,79,7144,7025.526981160274,1559.0,1479.2647927550388,95,90,88,87
706.445713085572,126.27441240409158,1.1480319736114697e-05,0.9152341567037879,0.9502009723886036,7.66400146484375,96,7430,7120.10481843397,1634.0,1499.4769114479723,109,107,107,104
709.9017419962297,138.84359041049686,2.5945786944678685e-05,0.9524886272003881,0.9617339163238677,9.662002801895142,77,8910,8282.060943726658,1897.0,1744.3872372503765,94,91,90,87
658.3588487576188,121.7541423626148,1.8644593499648227e-05,0.9662454709369139,0.9762694968383665,9.009002447128296,79,10005,9856.20264143909,2148.0,2098.4019420053737,96,94,95,91
605.4299279819706,116.80773719400877,2.587375613426826e-05,0.9731591724369808,0.9784214907549464,10.857998132705688,64,10075,9715.66773294751,2156.0,2060.7367087384746,82,80,77,76
598.9283401145588,115.97467304584781,2.9796687318447322e-05,0.9753735338024987,0.9803102200901186,11.430997371673584,64,10579,10214.805040200388,2301.0,2173.973192018423,83,80,79,76
630.6750227565839,125.09756001214552,3.010868142066433e-05,0.9726972040474936,0.9776797528357749,10.254996061325073,75,10541,10325.661668480436,2276.0,2199.9456976301963,94,91,89,88
630.9380645384175,120.14753844972219,3.27633761142882e-05,0.9743879753511494,0.9800614474110839,11.097004890441895,65,10709,10471.43401135842,2325.0,2229.974424369854,84,81,81,78
629.6913927689623,120.09729595082152,2.112490329429094e-05,0.9767556397351054,0.9823582359879769,10.50399923324585,74,11298,10779.655802573145,2452.0,2296.364398909491,93,90,88,87
590.837779462263,114.50544892983152,3.194082832750262e-05,0.9795124899839501,0.983367804792104,11.536998510360718,60,11288,10912.978309033535,2445.0,2326.2994000854333,78,76,76,73
616.5460953935795,109.6580618846119,3.521177970210796e-05,0.9787501739083778,0.9855747961202793,11.412998914718628,61,11666,11715.934033816397,2585.0,2511.1475029758367,80,77,77,74
683.3743791954895,119.86155418163882,2.926813008602882e-05,0.9753598963279961,0.9836141501031966,11.546000719070435,61,12066,11998.37887916304,2638.0,2572.879022118097,81,78,78,75
554.8519577692007,110.27713219278607,3.186685749483536e-05,0.9855105979428562,0.987859432747094,11.240004301071167,66,12761,12412.092812753373,2771.0,2658.789668898022,85,83,81,80
582.8323169926751,113.0819883871975,2.543313612526063e-05,0.9843251787686054,0.9874272380650734,12.161996364593506,58,12928,13043.51505766921,2792.0,2807.178094824645,77,75,74,72
773.9053743388323,147.435887894193,4.2151847063949755e-05,0.9796600677429375,0.9841790177967552,12.43099308013916,55,15346,15932.036589047533,3384.0,3469.2531524416936,76,73,72,70
573.5975763074433,106.27066475163501,6.828740112439122e-05,0.9890766541582687,0.9919176366861042,12.725993871688843,53,15619,14996.671277576064,3445.0,3236.029454052452,73,71,70,68
61.29921152293342,14.541664278891878,1.8109357530129027e-05,-0.7808510838627407,-0.7301518094256612,19.08199977874756,0,191,10.0,45.0,0.0,150,0,147,0
3.835920452027872,0.3779644730092272,1.512462877187784e-06,-1.0718390804597702,-0.1666666666666663,1.4670054912567139,0,10,10.0,1.0,0.0,1,0,3,0
1.8358568490953673,0.4303314829119352,8.603928990864848e-06,0.23505603985056034,-0.22727272727272707,4.1239941120147705,0,10,10.0,1.0,0.0,1,0,6,0
470.3153551962059,104.52702999702996,1.4941396884449194e-05,-0.6171695861726125,-0.6345329035877931,18.790000915527344,0,1225,10.0,270.0,0.0,150,0,143,0
668.1865857178916,147.15411422496257,1.0842313881491496e-05,-0.46397630820131397,-0.5007161338015154,19.29200029373169,0,1917,10.0,395.0,0.0,150,0,147,0
1086.9909536575424,229.30462998669114,1.012291672315222e-05,-0.6943691786275152,-0.7568827449179585,19.353000164031982,0,2353,10.0,489.0,0.0,134,0,133,0
1841.9699255597704,379.07690512612345,9.381942142151198e-06,-0.7403635083998825,-0.7941981676399823,18.970001697540283,0,3811,10.0,825.0,0.0,130,0,129,0
2158.7542657745926,444.8982954938503,9.84232550348162e-06,-0.7224747552593187,-0.7526403053678359,18.706003427505493,0,4573,10.0,980.0,0.0,125,0,122,0
2427.293891009767,492.4026130447861,1.2710298629564813e-05,-0.8110704419691397,-0.800101701621935,18.203996658325195,0,5221,10.0,1095.0,0.0,112,0,104,0
2449.1216493537704,498.68227693926855,1.4319840882798345e-05,-0.8540671350215898,-0.8380916492993631,18.78400707244873,0,5269,10.0,1157.0,0.0,110,0,103,0
2560.871485777189,522.6256212624864,1.4353789671201867e-05,-0.811496837428924,-0.7773697292539004,19.006995677947998,0,5625,10.0,1200.0,0.0,108,0,107,0
570.0766573267981,112.6165637325449,1.605134627226806e-05,0.9154535211114475,0.9221474053601223,6.6879942417144775,102,5910,5870.9,1256.0,1256.0,104,103,103,102
591.592375992239,110.70429274978977,2.4175348888868098e-05,0.9486680811302548,0.9592719522778911,9.614993572235107,76,7008,6961.268102212834,1545.0,1468.2969712958902,90,87,82,83
633.088434308007,122.59998680331007,1.6872882355693505e-05,0.9327722690385281,0.9491646733081555,8.449997901916504,89,6915,6936.123228083301,1500.0,1462.0585546552875,102,100,101,96
629.3373197992177,126.65747705144705,1.9266616829910017e-05,0.943064164045123,0.9491195773843039,9.030004739761353,80,7175,6609.991149122463,1537.0,1385.8196820799594,94,90,89,86
678.7332857642817,136.01803203950598,1.57604507357086e-05,0.9367546592494135,0.9473104412547653,8.703999280929565,85,7561,7151.92425039944,1600.0,1502.6005125613474,102,97,99,93
658.2361615200128,124.91581049877121,2.0206423859294352e-05,0.9497427471928113,0.9621307586294235,9.142993688583374,78,8059,7623.293416439448,1730.0,1604.7463215240332,96,92,91,88
619.8364631600112,121.89892294480663,1.8038882691500092e-05,0.9585929426467645,0.9676032643437905,8.79999589920044,84,8561,8319.4634183661,1908.0,1757.774163526452,101,98,98,94
535.4809628830992,100.5114527309548,2.6005719478759196e-05,0.9739042033473427,0.9800220766937138,10.462996244430542,69,9089,8971.260207123596,1909.0,1906.8084513182666,86,83,86,80
620.6532290013151,122.13188006095692,2.0722258036413067e-05,0.9620742357574895,0.9694605134401262,9.286998271942139,78,8755,8733.47452710702,1905.0,1851.6891769766435,93,91,89,88
685.2958506642358,132.73091927460382,1.8991863101276584e-05,0.9690259012507731,0.9750922005251212,10.856998682022095,69,10711,9926.928651016298,2307.0,2103.868372073899,87,85,85,81
655.7581898123951,122.47719221117764,2.930669853002992e-05,0.97327121041111,0.9800746251502467,10.222997665405273,69,11088,10598.645102666775,2387.0,2257.2007517155553,88,85,85,82
594.1267229714845,109.80791189840883,2.3346608441626105e-05,0.9793760748892612,0.9853954836098416,10.783999681472778,70,11432,11331.726648348309,2530.0,2424.6814627052745,89,87,84,83
658.0843855189908,122.14429849563614,1.6689494022820952e-05,0.9749320242132536,0.982827947010586,8.577000141143799,82,11794,11723.960020229248,2574.0,2514.6818192478986,101,99,98,95
621.3467046357277,114.55435599784488,4.5308163509111125e-05,0.9814009401040907,0.9864641358927195,11.472001791000366,60,12559,12604.474382901504,2741.0,2707.2288360281073,80,77,77,74
3.6321216516393955,0.6793662204867574,6.9723383605762504e-06,-1.191693290734824,-0.4716981132075473,3.920003652572632,0,10,10.0,2.0,0.0,1,0,9,0
3.255764119219941,0.5477225575051661,6.1586379241785915e-06,-1.5542168674698793,-0.4285714285714288,3.1640000343322754,0,10,10.0,1.0,0.0,1,0,3,0
451.5241005011065,102.70546885795972,1.1734887144540978e-05,-0.658953777601873,-0.669983611680705,18.708998918533325,0,1266,10.0,287.0,0.0,149,0,149,0
430.8289606483451,97.58657694580745,1.2752921850675941e-05,-0.49966995618797005,-0.5158214328294177,19.244999408721924,0,1306,10.0,289.0,0.0,150,0,148,0
70.87538359684552,15.875557732984795,1.5954517001055367e-05,-0.7366447096214785,-0.6769522894764315,19.242998123168945,0,224,10.0,52.0,0.0,150,0,144,0
85.27993120697663,20.49780476051033,1.2246370249006888e-05,-0.4882292782751467,-0.4824330367923648,18.928000450134277,0,281,10.0,70.0,0.0,150,0,149,0
910.3713564621125,203.70365730639202,1.0075063772342725e-05,-0.5228928138499986,-0.5539080203385325,19.221996784210205,0,2389,10.0,543.0,0.0,147,0,143,0
1351.3617699688464,282.627682060103,1.2220142103155985e-05,-0.7362939923833989,-0.8078123209034502,19.304994821548462,0,2870,10.0,597.0,0.0,136,0,132,0
1726.4438170219537,351.08713068600696,1.0825083407019832e-05,-0.8464520662661641,-0.9086162989906603,19.718996047973633,0,3536,10.0,729.0,0.0,124,0,120,0
418.44646810155615,107.31181979011755,8.538774620598747e-06,-0.2684815192165759,-0.2677931137173961,19.54800057411194,0,1727,10.0,431.0,0.0,150,0,150,0
1755.5487214353618,377.9764807497948,9.031125953176986e-06,-0.4928292160443204,-0.5374210684802398,19.07000207901001,0,4164,10.0,903.0,0.0,139,0,134,0
2073.206543818858,422.1482125194105,1.1344047752722353e-05,-0.812437651539992,-0.8437998520861172,19.482998609542847,0,4398,10.0,948.0,0.0,121,0,116,0
2254.4009758691996,458.1028050558084,1.3953675202788239e-05,-0.8547269074861501,-0.8400312348152197,19.739005088806152,0,4922,10.0,1046.0,0.0,112,0,111,0
2270.9256805687555,460.88487354942197,1.071444358373913e-05,-0.7502408748808176,-0.7782010417762262,18.96199655532837,0,4979,10.0,1053.0,0.0,119,0,113,0
2450.9178335200604,499.55811140113286,1.530534255786636e-05,-0.8316916055685495,-0.7975937776759965,19.356004238128662,0,5308,10.0,1206.0,0.0,107,0,99,0
610.2468371904303,114.10616463880767,1.6231329175059848e-05,0.9315700046367044,0.947510208120251,8.458006381988525,86,6436,6383.0894596277485,1382.0,1346.0618972670172,96,95,95,91
670.5201688543964,126.94805841280878,2.3658798481027824e-05,0.9391172803132708,0.9517512257082732,9.025996208190918,82,7358,7100.712424243893,1516.0,1496.1999128498028,97,92,88,88
559.4882826850863,108.77456073596953,2.5855728102517052e-05,0.9617422049658292,0.9676340930868506,9.333999156951904,76,7697,7386.027973694441,1621.0,1558.772655644003,90,87,86,84
685.7855604438466,132.1132680205198,1.3419092923222027e-05,0.9216689937533151,0.9494632086660237,7.471003293991089,97,7799,7547.462283379575,1722.0,1592.2758111372605,113,109,108,106
622.718094683432,116.66397514047543,2.274576651906947e-05,0.9617581801663015,0.9711749965807787,9.52799391746521,75,8764,8125.67790479169,1875.0,1712.5505431530846,92,89,87,85
694.9979479516211,132.0371576271334,2.4819335555462286e-05,0.9575872995943138,0.9686379982472135,9.112000703811646,81,9421,9179.413352329006,1978.0,1949.6052339608077,100,96,95,92
666.4893143380509,129.55513953569806,1.822446127164145e-05,0.9594908445354207,0.9702113529278091,8.402998924255371,86,9479,9181.487677425563,2078.0,1945.1538128331085,103,101,100,98
634.9338758301565,116.43962585058024,2.5887592703970195e-05,0.9732690096113145,0.9808077057583858,10.820003271102905,70,10545,10566.749799435605,2255.0,2255.7089270301594,87,85,82,82
648.1167920354025,111.3225507723092,3.6440354191380926e-05,0.9830496066381139,0.9890053108384577,12.20398998260498,54,14097,14018.283585972966,3063.0,3034.6859990902776,75,72,71,68
505.07596373439515,96.61288904677357,2.0796905959471578e-05,0.9918839033055009,0.9937407563157503,11.986998796463013,58,16010,15710.619203332706,3496.0,3406.581687506723,77,76,74,73
626.8183866023395,116.8931986831314,3.181438052083039e-05,0.9875778441661034,0.9906794259712403,12.697000503540039,53,16077,15824.107961054902,3572.0,3428.8385083399917,73,71,68,67
28.10776879559576,6.4966658115272224,2.2115501178767196e-05,-0.8487198929958615,-0.7542935996408835,19.18199872970581,0,91,10.0,22.0,0.0,146,0,145,0
3.4537020071159636,0.839664201465694,1.8142725476924625e-05,-1.429649777552871,-0.5617977528089888,17.535998106002808,0,10,10.0,3.0,0.0,1,0,72,0
2.5055493963954847,0.6666666666666666,1.1041525276999326e-05,0.06568672485071192,-0.33333333333333326,3.018000602722168,0,10,10.0,2.0,0.0,1,0,4,0
2.04939015319192,0.31622776601683794,2.12177842900099e-06,0.5800000000000001,-0.11111111111111094,1.9189987182617188,0,10,10.0,1.0,0.0,1,0,5,0
182.86906062353285,43.28510136294011,1.2224278591523943e-05,-0.5076640812074904,-0.4871234497313046,19.458999633789062,0,605,10.0,139.0,0.0,150,0,150,0
394.3087369054863,89.93897931375473,1.1322849513464081e-05,-0.5583961018514787,-0.5700424842296745,18.75600266456604,0,1183,10.0,275.0,0.0,150,0,149,0
144.35206960760902,34.23867209263038,1.1353953138254284e-05,-0.6879409257938218,-0.6966963808609274,18.920999765396118,0,427,10.0,100.0,0.0,150,0,140,0
413.17103802985355,95.76432877990983,1.1885289675617581e-05,-0.3939653050801841,-0.4113456877204231,19.038999795913696,0,1314,10.0,295.0,0.0,150,0,147,0
465.0924710922191,108.41392899438706,1.242333870265775e-05,-0.48708035104258784,-0.4939780390345643,19.30899691581726,0,1528,10.0,362.0,0.0,150,0,150,0
935.4608775001408,210.33381405122034,1.1186505296869199e-05,-0.49470581476339115,-0.5347224541245155,19.449997186660767,0,2534,10.0,557.0,0.0,150,0,150,0
1432.5540362117817,294.3614331622492,1.1318658642817755e-05,-0.8954635762343632,-0.9573845031070152,19.06600546836853,0,2825,10.0,600.0,0.0,123,0,122,0
1636.6740746607636,337.07279134730925,1.0973931070526912e-05,-0.8631376618062863,-0.9130460518793062,19.726995706558228,0,3331,10.0,732.0,0.0,123,0,116,0
1934.2821562533218,394.53022697887167,1.1277637581557853e-05,-0.790488417733878,-0.827549614931969,20.244998693466187,0,3955,10.0,845.0,0.0,127,0,118,0
1986.9904730521482,404.9899916458842,1.3261530230902396e-05,-0.965874408066465,-0.9655882088308079,19.175003051757812,0,4187,10.0,891.0,0.0,108,0,107,0
2236.8481128588055,460.2078878072387,1.1232253261482502e-05,-0.7542900082687827,-0.7749470888066821,19.395931482315063,0,4788,10.0,1024.0,0.0,124,0,116,0
2425.5589527639468,496.95795261437024,1.7473237385901897e-05,-0.8618793427129361,-0.8232917479645716,19.452998161315918,0,5174,10.0,1128.0,0.0,99,0,96,0
2530.7116456311915,514.0378779817689,1.7489034304788155e-05,-0.7962975986374019,-0.7701425317067039,19.74699640274048,0,5633,10.0,1170.0,0.0,107,0,107,0
635.9182795699274,120.20608145674053,2.0478498269712666e-05,0.9201658622226991,0.9339841432555892,8.031999349594116,90,6223,6016.05876570355,1344.0,1281.0,98,95,94,90
595.7538868730171,115.25729391013861,2.995743229147535e-05,0.9636799228895107,0.9705504168755835,9.84900188446045,76,8468,8258.228913076007,1802.0,1746.329875447549,90,89,87,86
581.1044161016401,115.62744353118529,1.65103541387735e-05,0.9675336354473567,0.9737657745020235,9.54499888420105,79,8825,8804.010476419431,1912.0,1869.0289104005842,96,93,92,90
638.0695887880287,118.83124979627999,2.4857971446531144e-05,0.9629985968791225,0.9724220990022743,10.89200472831726,71,9041,8883.840769990113,2022.0,1884.632340963397,89,86,86,82
652.7455885511431,122.53275583387564,3.0385449666586465e-05,0.9663609117197367,0.973980542201874,10.994994163513184,67,9794,9116.719388550868,2066.0,1930.42114292085,86,82,81,79
606.8850769506549,116.08902563888958,2.5044111901983362e-05,0.9792675075702387,0.9838556837950451,10.765002965927124,66,11537,11165.82852835351,2539.0,2386.9487414587284,86,82,80,79
542.2628736243279,100.6382731475224,3.1322907186074216e-05,0.9838265684310671,0.9880481389146912,11.65799856185913,61,11709,11538.04589793447,2530.0,2468.222945182267,80,77,73,74
654.7088777187407,121.61531131387378,2.7388174131449158e-05,0.9774000554463479,0.9838010933493481,10.67300295829773,70,12140,11812.422612201108,2632.0,2528.617913694061,90,87,87,84
617.4245981168691,111.53265183429339,2.2404701592315702e-05,0.9829491541512431,0.9881376319075376,11.193003177642822,61,13239,13254.12037500379,2870.0,2859.5374694906495,81,78,75,75
684.9734277333666,123.77972963413588,2.9571976356664586e-05,0.982544905273599,0.9879997805174567,11.439995288848877,63,14569,14984.407957295334,3286.0,3258.712055829854,83,80,79,77
673.3468744750354,132.6931926260698,1.6337130360251012e-05,0.9836815099305958,0.9865164116215552,12.5579993724823,45,15025,15142.955674037043,3261.0,3277.88043074857,65,63,64,60
589.2488077514032,110.167539651884,1.8420463837655862e-05,0.9883222423433101,0.9912476279161758,12.502002239227295,56,15429,14905.628700461926,3369.0,3221.6439162032657,76,74,73,71
677.6519749042177,123.47564117623207,3.494530856373228e-05,0.9855900749175266,0.989841978736569,12.68299388885498,55,16105,16297.403830760166,3493.0,3546.731467081843,75,73,72,69
714.9180574214406,120.92324676544955,3.4198026454891324e-05,0.9845904665731828,0.9907427115281845,12.5559983253479,56,16370,16942.525614784598,3675.0,3701.5963980122233,78,74,73,71
71.88258945437808,15.786492116152129,1.4821500030794827e-05,-0.6032963669267561,-0.5920042337608358,19.02399492263794,0,211,10.0,51.0,0.0,150,0,149,0
247.55571763409816,57.54192674331764,1.1724442883948014e-05,-0.566493793470729,-0.5598679218588962,19.20299792289734,0,783,10.0,188.0,0.0,150,0,149,0
531.563843766673,119.95507492390641,1.3914273665222083e-05,-0.6050743204384665,-0.6356643537566098,19.006999969482422,0,1456,10.0,333.0,0.0,149,0,149,0
877.2190642403223,186.6922244408338,1.0646450544131242e-05,-0.6716681187914026,-0.7158596432641948,19.420002222061157,0,2118,10.0,451.0,0.0,147,0,142,0
58.04193886033328,14.96217453001624,1.1730789734365501e-05,-0.4150416107117938,-0.3697013469137804,19.2599937915802,0,224,10.0,63.0,0.0,150,0,149,0
760.2985027825146,174.4653929389245,1.1878090694416926e-05,-0.4453631955723254,-0.47454248244541075,19.651997804641724,0,2288,10.0,528.0,0.0,150,0,150,0
240.48783753030006,57.405864973305064,9.568818744687428e-06,-0.3615707522941196,-0.3759446887947684,19.25600242614746,0,865,10.0,203.0,0.0,150,0,149,0
1130.054013458354,247.98927396159698,9.101762742214285e-06,-0.4788665934080998,-0.5209270869216258,19.59799599647522,0,3010,10.0,626.0,0.0,150,0,144,0
1857.4358957085615,383.6497708414103,1.3375921881783784e-05,-0.7008726173049951,-0.7490489244099823,19.70599627494812,0,3976,10.0,824.0,0.0,128,0,128,0
2182.4849598565393,443.54323351844744,1.4205218348291496e-05,-0.8922770878262243,-0.869845010898807,19.27500605583191,0,4661,10.0,989.0,0.0,107,0,105,0
739.188312175914,148.6611472889313,4.450813127929949e-06,0.3774871524322715,0.7471096670633354,3.943999767303467,121,6191,5988.646806308972,1318.0,1269.0,130,128,127,121
606.7746473988223,116.52754049726836,3.1487728383039476e-05,0.9494133605122286,0.9582519718561966,9.949999809265137,75,7225,6945.3322667539105,1544.0,1461.1063272650817,88,85,84,82
639.0181838428501,120.14515000523419,2.8112814592605088e-05,0.9445330864104078,0.9561803831570681,10.218996047973633,75,7346,6920.709420732827,1604.0,1452.5475848305268,87,85,84,81
654.8388050957408,129.08283986144372,1.7612257965413452e-05,0.9446440437351976,0.9581691764199424,8.238001346588135,91,8092,7920.2868945011,1769.0,1674.730754063473,106,103,102,100
577.7877324865053,118.92967585843836,2.4542865319203227e-05,0.9747390695032188,0.9775358525455493,9.66499662399292,75,9904,10084.736195782745,2114.0,2156.6902863467103,92,90,87,87
622.1849006087306,116.91565162124392,3.259111341993533e-05,0.9719507867314372,0.978469997719329,11.232000350952148,64,10073,9669.071546450736,2243.0,2057.454891748451,81,79,78,75
775.8889621595101,158.8671889762749,8.459184870672725e-06,0.9142476952493933,0.9457635973133938,6.277001619338989,105,10033,10073.077443887765,2195.0,2148.182307014259,122,120,117,117
550.3417856850369,105.39305380449397,3.186388092984663e-05,0.9797689826110343,0.9842238647055723,10.702996730804443,69,10568,10238.358598729146,2277.0,2182.396498663443,86,84,83,80
565.3964591500611,101.26587351542157,3.826994043994313e-05,0.9820497942065068,0.9872736183744505,12.43699860572815,58,11719,11369.251293283305,2522.0,2434.2948735660766,77,74,73,71
534.9717400418806,106.85945892211743,2.540744499020032e-05,0.9886403938054074,0.9903988504749565,11.696004152297974,62,14125,13536.224747582255,3076.0,2916.2161807283865,82,79,78,76
542.4398952179387,96.87887002012255,4.027442664482249e-05,0.9901308389488648,0.9932746668467458,22.566994190216064,52,15784,15755.149632492776,3421.0,3421.4550640019206,71,70,67,66
3.605551275463989,0.6123724356957945,8.939389359030298e-06,-0.5757575757575757,-0.6000000000000001,2.6189992427825928,0,10,10.0,1.0,0.0,1,0,3,0
30.427180831180095,7.112430433168866,1.9203662550990206e-05,-0.5804735927648503,-0.5459548736560162,19.089998483657837,0,92,10.0,23.0,0.0,149,0,142,0
108.20653091811664,24.994532735513715,1.2522453835670003e-05,-0.5371201953102056,-0.5072661911004239,19.76200222969055,0,368,10.0,89.0,0.0,149,0,150,0
115.61879893281484,27.757041148748787,1.3362505933913964e-05,-0.4723252005496019,-0.468674512610715,19.354000091552734,0,415,10.0,99.0,0.0,150,0,150,0
30.601307161623016,7.162401831787993,1.5284617468930978e-05,-1.0777354843799305,-0.907318451539983,19.78599739074707,0,83,10.0,23.0,0.0,150,0,148,0
2.4640269015229057,0.0,0.0,0.15782024062278865,1.0,2.4179904460906982,0,10,10.0,0.0,0.0,1,0,1,0
676.1617853738852,153.20924689239007,1.479471106567945e-05,-0.505472712873603,-0.5368831555539608,19.20700192451477,0,1860,10.0,410.0,0.0,150,0,144,0
416.9755548390497,97.258041655519,9.306307498990511e-06,-0.39896856747218323,-0.40738893781682095,19.49699640274048,0,1456,10.0,337.0,0.0,150,0,150,0
1257.7742537249414,266.1007954391218,1.0233460525749735e-05,-0.7022432142008712,-0.7560978669665559,19.407995223999023,0,2655,10.0,573.0,0.0,139,0,134,0
1479.8482174421358,304.23646505089863,1.127775420281698e-05,-0.9043717439510957,-0.9692242298387062,19.453997373580933,0,2943,10.0,636.0,0.0,124,0,123,0
1826.9180477879497,371.6322016905066,1.3075708313765692e-05,-0.9863488224226318,-1.0018747113889312,19.22999405860901,0,3752,10.0,791.0,0.0,112,0,105,0
2309.6531427900595,472.4899293459421,1.381496065323147e-05,-0.6949683964378754,-0.7136094033874201,19.567997694015503,0,5028,10.0,1071.0,0.0,122,0,118,0
2534.7583671821662,514.7879757725505,1.5475674082753042e-05,-0.7977212745383324,-0.7682067123039433,19.47599959373474,0,5625,10.0,1183.0,0.0,105,0,101,0
647.1882544136907,120.97480633764772,2.500660616351133e-05,0.9342098485072483,0.948179837724411,9.266003847122192,82,6878,6624.5580235281395,1508.0,1392.9814384032697,94,91,91,88
790.9742270755909,154.69875042622562,9.873471971560843e-06,0.8207299229978622,0.8936290800928955,6.430997610092163,107,7060,6739.037007747986,1528.0,1416.9383407824635,120,117,116,113
615.8372483900912,122.3459768636538,1.3242391919931443e-05,0.9354908927948546,0.9514163961605757,7.397998332977295,94,7223,7006.249351250646,1542.0,1476.518437303267,108,105,108,102
611.9620931886169,120.53605499762955,2.5105145465628805e-05,0.9521681320536816,0.9603303004411822,9.882999897003174,80,7607,7258.254133089224,1640.0,1528.9578312631538,93,91,87,87
622.7453647072525,119.48482882636306,2.7972433324802167e-05,0.9554875899756311,0.9644083105900134,9.378988981246948,77,7973,7345.156288934476,1739.0,1546.6946193441936,91,89,88,85
623.3858476389935,120.74238871360686,2.8942918570809726e-05,0.9636711010961858,0.9708246446811748,10.814998865127563,73,8876,8706.308007352165,1908.0,1844.593069185632,89,87,85,84
537.9151001690484,101.8384086623112,3.235411774756289e-05,0.9784104939900296,0.9831425384216039,11.081997156143188,65,9972,9747.638246933167,2179.0,2075.5728463209607,82,80,79,77
591.8658872619079,116.94928147928171,3.154308962336279e-05,0.9786413346001629,0.9823349884614554,11.226001501083374,64,11046,10638.470513066743,2378.0,2264.935708456106,83,80,77,77
577.0187570635746,108.60741469806882,3.559772325992156e-05,0.9817205115204524,0.985991801529441,12.109004259109497,58,11878,11825.89635037595,2579.0,2540.994934722661,77,75,72,71
632.5335615581045,120.75045405362508,5.591410028995732e-05,0.9792305025332185,0.9835309753334242,11.459996938705444,59,12161,12296.348250293588,2677.0,2647.1857774459804,77,76,74,73
511.49206162489986,103.16412991660597,4.889755430689497e-05,0.9876702330060194,0.9894846602674042,10.806002140045166,65,12904,12586.535308036691,2809.0,2709.614045956876,84,81,80,78
614.7251024100553,118.21671353789469,3.098429005251496e-05,0.9841499089248317,0.9876088791855204,11.638996839523315,60,13699,13265.718858120961,3070.0,2855.1916989440615,80,77,75,74
608.439632132282,107.36041537344258,1.782830515041885e-05,0.9849888658213058,0.990035156540831,12.389997720718384,55,14189,13944.80518568616,3110.0,3014.833344183966,75,72,70,69
803.5238634038263,144.8301277217098,1.6304451846551445e-05,0.9750205353229474,0.9842845821748645,8.677998542785645,85,14716,15009.189719640994,3241.0,3269.147632242026,105,102,99,99
582.963434992768,113.52844244963926,2.3909511236470554e-05,0.9880618340846944,0.9905843749205562,11.56799602508545,64,15004,14825.025802274806,3316.0,3210.1065574037784,83,82,81,78
656.4886208263086,128.1843124931321,3.995343737502664e-05,0.98498277566768,0.9876911627098632,12.735000610351562,53,15310,15656.668858035186,3377.0,3410.1608953063496,72,70,69,67
657.6124187408036,121.40188362512507,1.6179980915005914e-05,0.9856775411388603,0.9900847249014798,10.648995876312256,73,15498,15390.854247981446,3393.0,3339.589135723858,94,91,88,88
68.9357672039704,16.406096427852667,1.3319333321746903e-05,-0.5794248017191175,-0.5317938081748284,19.69599986076355,0,247,10.0,66.0,0.0,150,0,148,0
4.0,0.5,1.9457857029512782e-06,-1.0945454545454547,-0.33333333333333326,1.961000919342041,0,10,10.0,1.0,0.0,1,0,2,0
654.9814755650218,151.73683358587218,9.033307572420415e-06,-0.427833174520293,-0.4336630708258944,19.231998443603516,0,2071,10.0,481.0,0.0,150,0,150,0
1826.8240929730116,378.84373207608087,9.725518050733199e-06,-0.6224439896744489,-0.6830683177516135,19.288028240203857,0,3926,10.0,877.0,0.0,129,0,127,0
2164.4605193904554,438.76415076895245,1.423674701564745e-05,-0.8515606673616158,-0.8362861372753609,19.659998416900635,0,4602,10.0,982.0,0.0,110,0,104,0
2369.838552869513,481.4767214864425,1.5651631674337047e-05,-0.79906581987752,-0.7777177180654808,19.75400161743164,0,5312,10.0,1119.0,0.0,108,0,102,0
2484.1474942791406,502.51273284033977,1.3740785225179375e-05,-0.7854236028124684,-0.771586351936201,20.20199990272522,0,5403,10.0,1132.0,0.0,110,0,110,0
627.7614256274891,118.12842917801208,1.854240434358227e-05,0.9022352873734214,0.9215719161185406,7.136998891830444,99,6041,5862.76567878688,1271.0,1271.0,106,103,100,99
725.2968211024543,145.28718517858053,8.653997622413353e-06,0.7334615072453803,0.830443138414636,4.702999830245972,118,6052,5966.223114155527,1301.0,1255.0,123,122,122,118
661.8974882563247,124.32097832515699,1.924520456415865e-05,0.9145269506428985,0.9302111617472454,7.979999780654907,93,6265,6039.04142403375,1328.0,1328.0,100,98,94,93
610.7826540249578,124.3523442031702,2.800582500123047e-05,0.9447694679273687,0.9501032687972395,9.110996723175049,84,7059,6765.328126020962,1505.0,1427.662419514425,97,94,93,90
704.881663704657,138.50679743395875,1.327651730594387e-05,0.905082321472697,0.9361870133658691,6.9350035190582275,101,7350,7065.098208675922,1643.0,1488.5773107572013,114,111,110,108
587.1109169390584,112.59375345041956,3.2555339221710335e-05,0.9639320029844751,0.97109529188782,10.092994689941406,72,8307,7977.44459831557,1836.0,1686.5796286019977,87,84,81,81
591.1291080707778,110.56123519007788,3.076381473119926e-05,0.9689812525913588,0.9761348266214285,10.574998378753662,69,8942,8422.537785622215,1951.0,1783.9705817556878,84,82,81,79
555.5053699719132,109.23617112930899,1.9624183756408656e-05,0.977231283408033,0.9814560296275974,10.79599666595459,71,10022,9796.918978515409,2178.0,2087.31460188044,90,86,82,83
572.2553586568829,107.71739713010867,4.613422733640434e-05,0.9824625132696694,0.9866158405843812,11.671998500823975,58,11972,11802.531751226388,2590.0,2533.3662652507755,76,74,73,71
627.9018104471645,111.78329719297419,3.202125055994003e-05,0.9825768445587745,0.9885002435773561,10.955998659133911,67,13131,13228.933265822292,2943.0,2856.9326637800878,87,84,82,80
536.2816978798293,105.61908965974676,5.177083674657478e-05,0.9871619073467832,0.9892438862692237,12.446993112564087,52,13455,12815.86013804944,2903.0,2753.1765655487216,71,69,69,66
623.3628270839824,115.73383360206654,2.5235124577594498e-05,0.9864693786573897,0.9900121131709653,12.50400185585022,52,15372,15366.685413221385,3318.0,3341.3553859592066,73,70,70,67
832.8367465247262,149.22623119550252,1.7401867852935676e-05,0.9790467257294382,0.9857725349481465,10.907021522521973,53,16321,16686.34678439062,3576.0,3652.729235527606,73,70,69,67
594.5503476761467,104.88038124664288,1.4034386608096942e-05,0.9897541330414137,0.9933911263126456,11.735994338989258,65,16592,16862.415284427818,3781.0,3687.9766630601625,84,82,81,79
616.9847244992309,112.07998843790095,0.00021185784708926215,0.9887247703407352,0.9921420770214003,12.527998447418213,53,16695,17012.206817382055,3753.0,3716.2325319497068,73,71,69,68
4.0722639076235385,0.5,2.8077792808072222e-06,-0.37320299022426684,-0.33333333333333326,2.0720033645629883,0,10,10.0,1.0,0.0,1,0,3,0
55.06166240376935,12.39946235393562,2.173394088203712e-05,-0.946561056063419,-0.8237557992408269,19.765002250671387,0,156,10.0,46.0,0.0,148,0,148,0
6.223124032772666,0.7977240352174656,3.5632739336384947e-06,-4.265168539325843,-0.48076923076923106,1.9220011234283447,0,10,10.0,2.0,0.0,1,0,3,0
262.6328869988169,62.33351158619789,1.1828429727312454e-05,-0.40518404245501527,-0.39959691967325806,19.53400182723999,0,903,10.0,213.0,0.0,150,0,148,0
1343.1575980998407,283.96512696691,1.0279609982283106e-05,-0.6907264862653959,-0.7519022625291631,19.659998655319214,0,2825,10.0,621.0,0.0,132,0,131,0
1727.9138269408384,360.5758080256263,9.39243778006602e-06,-0.6737382703537587,-0.7313753806376126,19.61199426651001,0,3692,10.0,778.0,0.0,132,0,129,0
2033.957474153938,417.5794535175312,1.1083204598064487e-05,-0.7334452298792531,-0.7734910568898656,18.75899839401245,0,4221,10.0,913.0,0.0,124,0,121,0
2186.5796501995223,467.94122138006463,8.669950574284203e-06,-0.47544283301693024,-0.5237618523771617,20.080000638961792,0,5240,10.0,1123.0,0.0,136,0,131,0
2567.8307836252243,524.7894053808632,1.3447065736572603e-05,-0.7402865247108459,-0.7187102873738556,19.094000816345215,0,5610,10.0,1184.0,0.0,115,0,108,0
681.8613566475365,135.94048004577797,1.2523432599267936e-05,0.8441135915175755,0.877877065039741,5.942999362945557,109,5866,5704.679113038581,1269.0,1269.0,115,113,110,109
688.6645165755697,129.35023467427706,1.711988840360573e-05,0.9272529817949189,0.9481941563693496,8.073970317840576,90,7218,6924.453030609667,1544.0,1458.457782303979,103,101,100,97
557.4454587092239,108.01549190757255,2.7128994179655296e-05,0.9686370266761327,0.9740383285241896,10.30299973487854,70,8526,8050.534933958764,1851.0,1704.399227183705,85,82,82,79
588.3502400435491,109.49999971244328,2.5435938188438443e-05,0.9659203076496357,0.9740058040451707,10.362996339797974,71,8727,8159.923469229025,1916.0,1728.8833230408263,87,84,85,81
610.2678120172268,113.72176934339153,4.7839632258053496e-05,0.9644937650376312,0.9725464297598728,11.059000253677368,67,8789,8237.048992455748,1854.0,1742.2382998114308,83,81,78,77
602.6912347844908,125.77030512765143,2.3879831145919493e-05,0.9634695080478224,0.9669277481207873,10.03100037574768,76,8571,8409.735735698576,1879.0,1779.7722679036779,91,89,90,86
595.6947909157849,111.4544649899468,3.2241666379649823e-05,0.9708731676424623,0.9782331458695961,10.71199917793274,72,9679,9416.245298376904,2107.0,2004.8905763918083,89,87,85,83
651.6921072633593,119.16280405824895,3.319086621288172e-05,0.9697598648924469,0.9783841825483781,10.417000770568848,71,10155,9961.616556202898,2191.0,2122.958038004457,88,86,86,83
658.4848972599528,128.67199078058496,2.7668126916111176e-05,0.9712105946752542,0.9773056283781678,10.240994930267334,74,10458,10433.00836891934,2282.0,2225.999263969373,92,89,89,86
681.7510212273621,122.19585104680488,2.692138670585645e-05,0.9824541961616038,0.988547769757645,9.945993423461914,76,14453,14490.211840153119,3216.0,3143.122509111736,95,94,93,90
535.812589307482,101.55705724368855,8.817172490443107e-05,0.9905112260600524,0.9926424220164357,13.17299747467041,47,15993,15383.199806134664,3561.0,3335.2795510862143,67,65,63,62
707.2518252369902,124.4419093535851,5.34082121653747e-05,0.9855826086567434,0.990822840046904,12.016998291015625,50,16751,17302.55318152707,3766.0,3789.752168434541,70,68,66,65
112.73325448449835,26.142430389439056,1.5524901079412724e-05,-0.7300040177314528,-0.6774342328316374,19.48499894142151,0,339,10.0,85.0,0.0,150,0,150,0
3.7712361663282534,0.7453559924999299,9.437213772482697e-06,-0.7297297297297298,-0.5517241379310345,2.9950027465820312,0,10,10.0,2.0,0.0,1,0,11,0
109.54810206784354,26.003845869409396,1.7446723055793667e-05,-0.45409994948464805,-0.43408767347234223,19.780998945236206,0,409,10.0,97.0,0.0,150,0,145,0
142.4238744031351,33.23672667396716,1.3664845860534195e-05,-0.7438884128078564,-0.6888326532786535,19.52900242805481,0,458,10.0,110.0,0.0,150,0,148,0
208.08905144993415,49.69439941616493,1.441812239363655e-05,-0.4732948029702404,-0.4911353867041428,19.233996391296387,0,660,10.0,163.0,0.0,150,0,148,0
237.83260219462483,55.71157868881477,1.6476315276654345e-05,-0.5001902499606299,-0.496973526191659,19.517996311187744,0,770,10.0,196.0,0.0,150,0,149,0
450.372978763158,104.09345160319484,1.161031018637429e-05,-0.5777674565595747,-0.5793812133411689,19.88499879837036,0,1292,10.0,309.0,0.0,148,0,148,0
4.400413203738527,0.30151134457776363,1.508310878327982e-06,-0.8050847457627119,-0.10000000000000031,2.0520036220550537,0,10,10.0,1.0,0.0,1,0,4,0
451.4390471961119,104.28122234291912,1.204325477995755e-05,-0.42072127462454567,-0.433229321588422,19.442001581192017,0,1476,10.0,368.0,0.0,150,0,150,0
1636.6954288036204,331.534513034968,1.1086500448576018e-05,-0.8531375202110452,-0.9165028180007351,19.78800129890442,0,3313,10.0,712.0,0.0,122,0,120,0
1788.0527508997043,363.52700954216135,9.991645974743638e-06,-0.7125407563362436,-0.7660293264358122,19.778995513916016,0,3764,10.0,793.0,0.0,127,0,123,0
1708.384570288552,359.446500423452,1.0927539705134295e-05,-0.5895363880046618,-0.6447766760127993,19.467996835708618,0,3924,10.0,852.0,0.0,136,0,134,0
1948.1467535412555,396.9748606650048,1.4836215563708237e-05,-0.9388929176988041,-0.9283587797154811,19.71699857711792,0,3983,10.0,857.0,0.0,112,0,104,0
2116.2553799892235,430.8723012680207,1.5571768140843457e-05,-0.8632521917348814,-0.845562229449552,19.42599892616272,0,4560,10.0,954.0,0.0,108,0,105,0
2139.4135832045195,435.6815503706042,1.3187489003949e-05,-0.8610251202995858,-0.8547018406347024,18.876999139785767,0,4575,10.0,969.0,0.0,112,0,111,0
2312.4850543661178,466.45434217437975,1.354677432969853e-05,-0.7771052719385931,-0.7774443070157548,19.953998804092407,0,5062,10.0,1073.0,0.0,116,0,111,0
2345.736195738984,478.59368292251133,1.1165572614722766e-05,-0.7247221314891998,-0.7373894097141973,19.36599040031433,0,5068,10.0,1076.0,0.0,121,0,115,0
2461.5892928485587,505.8905085753899,1.5082479049949105e-05,-0.7975009992845823,-0.7655879582070719,18.225000381469727,0,5453,10.0,1188.0,0.0,109,0,103,0
635.1363637426434,131.027910982124,9.54312157847422e-06,0.8544510393458262,0.8948434304423513,5.44800591468811,110,6189,6101.471293663777,1324.0,1282.648246161355,116,116,115,114
608.3956022255993,110.95156043483546,2.64168158947696e-05,0.9410024852356373,0.9549604704386846,8.358997583389282,84,6763,6462.8975493276275,1419.0,1363.6754612097375,94,92,90,89
640.5242675553235,118.01759940091446,2.3305876755474236e-05,0.9399147616279526,0.9551328467696283,8.162997722625732,85,7033,6802.999073271648,1550.0,1435.8155130903979,97,94,92,90
721.0324122408687,143.3022423681815,9.330550573398318e-06,0.8575769864701301,0.9126573650830966,5.363997936248779,107,7188,6932.149950279896,1525.0,1462.4721548890675,120,118,116,114
609.7316127325184,120.52093828081819,2.244870036538185e-05,0.9505598410313238,0.9584782402603901,9.038002967834473,79,7503,7008.67480448417,1608.0,1475.0120479666484,94,91,88,87
633.5077979229178,126.8968291104927,2.3104334698650317e-05,0.9491218150413727,0.9566030623907674,9.242995738983154,79,7599,7059.025354776964,1712.0,1484.9367176187134,93,90,89,87
665.7731524846514,125.9076356683616,2.2914872358383397e-05,0.9470157470472227,0.9597461906217012,8.750005722045898,83,7786,7393.980433768192,1681.0,1560.1444370570407,98,94,93,91
607.4212151230789,120.19367240347357,1.9330283066967845e-05,0.9577354249304947,0.9678533356532176,8.433003425598145,86,8505,8466.758046844137,1843.0,1797.1654564076616,102,100,98,96
590.8053597954212,111.41800703142377,3.376425228104982e-05,0.9756426278337493,0.9812924117093237,10.070002555847168,69,10265,10011.88499308299,2181.0,2138.698156234397,85,84,85,80
558.9691953222285,106.27693389723548,3.963355922360538e-05,0.9789924949198697,0.9842315161633244,9.36500096321106,74,10705,10262.549441860865,2335.0,2191.5953613394668,93,90,87,86
597.6766805906801,114.96187957980521,3.737824441847567e-05,0.9769282406955514,0.9817367771249664,10.105999946594238,67,10737,10841.603422151771,2317.0,2329.127004971562,85,83,81,79
565.5095562788855,111.52229976871536,2.5978521344398578e-05,0.9811037553524623,0.9846606891812428,9.632000923156738,70,11352,10845.46527742185,2498.0,2316.479948368814,88,86,86,83
606.5695560165731,116.89851733876073,4.0694293196095454e-05,0.9789848995482242,0.9834917697496124,10.599992513656616,63,11465,11413.363968008358,2498.0,2447.3143810455194,82,79,76,75
606.8875361514397,106.59819897974225,0.00017252747541872306,0.9816518473769434,0.9879077398600538,11.225001811981201,57,12419,12605.687834496188,2761.0,2714.1867686139885,76,74,71,71
625.2529263060673,122.0081147570313,3.4969325119511076e-05,0.981708683073112,0.9849227814592146,12.819000482559204,57,12816,12845.424956551276,2823.0,2771.152124102675,75,73,74,70
650.9859008548632,121.45363949692438,4.5466174378091795e-05,0.9809115919157647,0.9857024105601178,11.631996870040894,58,13164,12760.288065498124,2826.0,2746.043534602468,77,74,76,71
549.0901873356444,91.47711814940988,0.00014228766608125873,0.9888111447769763,0.9933256468769022,11.897997856140137,61,14675,14339.755737562358,3218.0,3110.5511040702077,80,78,75,75
490.2385278476287,98.17134500772686,2.7769752261220243e-05,0.9912447440731047,0.992518497570243,12.842000007629395,53,15029,14509.584301178435,3304.0,3141.174881127212,72,70,67,67
598.1359164414796,98.56116339567878,3.949477678345238e-05,0.9890951384518726,0.9937835218511831,11.986005306243896,58,16427,16402.712833472506,3650.0,3579.7899146573454,77,75,72,72
588.4208280279182,99.92952908631142,3.721747584058572e-05,0.989972449580032,0.9938768655958997,11.779993295669556,60,16676,16844.1101466134,3732.0,3680.9266132847915,80,78,77,75
71.23510370596789,17.10126700959123,1.8902363907631828e-05,-0.3946882018033204,-0.37528738034527453,19.416001081466675,0,274,10.0,72.0,0.0,150,0,150,0
3.801913393877543,0.30151134457776363,1.7236114135812246e-06,-1.2538659793814437,-0.10000000000000031,1.8980021476745605,0,10,10.0,1.0,0.0,1,0,6,0
144.39549854479537,34.81187536842373,1.355557505371152e-05,-0.4392945679352305,-0.42427328997884506,19.616002798080444,0,529,10.0,125.0,0.0,150,0,147,0
737.8486656038169,157.42538973537063,1.164651781403285e-05,-0.8221695948448444,-0.890146407786111,19.27899694442749,0,1556,10.0,345.0,0.0,138,0,134,0
545.1129179659324,119.96674539221276,1.3326538596476342e-05,-0.6557559384135407,-0.69421449574333,19.782999277114868,0,1491,10.0,319.0,0.0,148,0,148,0
1252.890729473245,264.4331421487607,1.1943170744494272e-05,-0.6418933802003155,-0.7079445159305235,19.539995431900024,0,2739,10.0,570.0,0.0,138,0,132,0
6.29285308902091,0.806225774829855,2.519672728826735e-06,-3.8828606658446363,-0.4525139664804465,3.069007635116577,0,10,10.0,2.0,0.0,1,0,3,0
1787.7589472110978,363.1102128371862,1.4347210738202735e-05,-1.073314594982405,-1.0644261595770668,18.977994918823242,0,3521,10.0,735.0,0.0,108,0,109,0
2027.1690046301846,412.4589514929536,1.4208239397977797e-05,-0.8793875465185761,-0.8618847752030083,18.652997255325317,0,4314,10.0,959.0,0.0,107,0,106,0
2247.355595657557,458.18069943345864,1.6187841503706594e-05,-0.8515115355961123,-0.8228084446117272,19.288999557495117,0,4872,10.0,1025.0,0.0,111,0,108,0
2262.490179720861,465.2497967042364,1.381576806113729e-05,-0.7857019388398716,-0.7836702819008126,19.50999641418457,0,4873,10.0,1048.0,0.0,118,0,111,0
2369.6961760248228,481.91753789765045,1.686700875843608e-05,-0.8329206438386609,-0.7919939707704302,18.78699827194214,0,5215,10.0,1129.0,0.0,104,0,100,0
712.7517608484579,133.2931265236689,1.2972583892709606e-05,0.8626701145197033,0.9050708259637583,6.250999927520752,106,6072,6055.306469930322,1354.0,1277.3062457616888,112,111,108,108
671.9668613355042,130.21445136242207,2.0667379941777567e-05,0.9206451858494152,0.9388037269232727,8.050999402999878,91,6760,6585.186285194926,1460.0,1387.8969796681495,104,100,101,97
593.6393809187018,110.12732585220193,2.2973693415257307e-05,0.9519824467211471,0.9630451716756163,9.830004930496216,77,7280,6928.902325418756,1585.0,1463.9437006131748,89,87,87,83
595.2866958676445,113.15810266038932,2.764040167549018e-05,0.9543834001464384,0.9636732834265009,9.516993045806885,78,7536,7084.789563914124,1611.0,1495.1884243775967,92,89,87,85
586.9660277942571,111.3198896001945,2.7353171679092214e-05,0.96297579538583,0.9717101304875262,10.206000089645386,77,8232,8028.364014878691,1756.0,1704.4531800808008,94,90,90,87
578.7896508038392,107.54728877299732,2.7336715904601324e-05,0.9653953723846131,0.9737964818628014,10.1179940700531,73,8484,7970.081650193923,1768.0,1688.2329310129899,88,85,84,82
545.9878363666238,102.12229529676037,2.6844214697124183e-05,0.9732831210570996,0.9792636756797208,11.498000621795654,64,9006,8923.09323397516,1931.0,1897.4350566109051,79,77,77,74
637.3840275212495,122.25246812837702,5.0014152567870324e-05,0.9656903052349872,0.9728240440091531,11.20199966430664,67,9273,8843.692064412731,1998.0,1875.974373453164,85,81,81,78
636.5373116849664,125.19097697556062,2.0911052516985268e-05,0.9635074017252788,0.9728150442506766,8.354000568389893,87,9545,9259.221623592151,2106.0,1968.5122425512145,104,102,102,98
599.5921670541758,102.73727841519316,2.6669314462799328e-05,0.9763313283843436,0.9847871831365618,11.868998050689697,61,10762,10615.695162767448,2296.0,2270.855381940968,80,77,74,74
575.8120379835628,104.41270505059761,4.237113133689521e-05,0.9828934620526157,0.9877108775129257,12.241997957229614,55,12334,11870.655714543456,2667.0,2548.6423256689177,74,71,70,68
599.9584685533086,109.36471782570783,3.921726311269369e-05,0.983345208256343,0.9884849154231615,11.053000688552856,68,12778,12711.475383130319,2809.0,2735.277139013413,87,85,81,82
562.7283629001863,103.47997287135343,3.097774269292042e-05,0.9859393345096263,0.9897317376259452,12.76500129699707,57,13387,13104.551553353274,2924.0,2826.3480479516384,75,74,72,71
647.2825445394419,115.96483571232096,4.214733880894311e-05,0.9871674909730449,0.9912573784022085,12.948002576828003,54,16441,16799.947484717763,3625.0,3681.960721366715,74,71,70,68
674.4963703274827,124.58748217848574,2.9186262849528813e-05,0.9863319005641509,0.9902315628088397,11.32699728012085,61,16486,16901.97719517645,3601.0,3699.5227966751645,81,79,78,75
522.1299992122968,99.63975147723193,5.070818182800067e-05,0.9922017490966131,0.9940053702103542,12.129997253417969,57,17286,16447.61244765362,3786.0,3580.6148743883623,77,75,74,72
81.88508207644826,19.94007689721047,1.8909928060342973e-05,-0.619145874009075,-0.5342591441323628,18.952003002166748,0,278,10.0,70.0,0.0,150,0,146,0
2.8535691936340255,0.2672612419124244,1.5278182239319977e-06,-0.3664383561643836,-0.07692307692307732,2.5590076446533203,0,10,10.0,1.0,0.0,1,0,4,0
3.070597894314954,0.8017837257372732,1.2469145627455612e-05,-0.28333333333333344,-0.2475247524752473,2.447995901107788,0,10,10.0,2.0,0.0,1,0,8,0
884.2850596197284,187.00752213034997,1.2131447221621812e-05,-0.652561257606161,-0.7258972805519994,19.073000192642212,0,1977,10.0,431.0,0.0,139,0,133,0
904.244281154158,198.15423285915443,1.2831537884329438e-05,-0.5732730570311031,-0.6220865738161707,19.190999507904053,0,2195,10.0,460.0,0.0,149,0,143,0
825.582735607603,185.48841832667972,9.871394780631485e-06,-0.48708345883686466,-0.5129805073548726,18.96300482749939,0,2400,10.0,519.0,0.0,150,0,146,0
1362.0860790224187,287.65679782221963,1.0386111750099585e-05,-0.6413770807031072,-0.7110188689805299,18.983999013900757,0,2990,10.0,658.0,0.0,134,0,132,0
1922.7361822846801,389.78931916271557,1.1545699704680821e-05,-0.8239002913080531,-0.8650038617086488,29.21700096130371,0,4042,10.0,878.0,0.0,121,0,120,0
2242.7986341473757,457.90338864582924,1.2201769639979646e-05,-0.7520114276884438,-0.7545564282618991,19.88100028038025,0,4836,10.0,1026.0,0.0,117,0,110,0
2541.312553255371,515.3551332172149,1.4484189231953526e-05,-0.7458898016696922,-0.7194082051046429,19.864994049072266,0,5652,10.0,1215.0,0.0,110,0,105,0
796.244685343672,160.92194669787764,8.309168889611492e-06,0.6847615717768096,0.823803782585893,4.7790021896362305,117,6561,6189.802053055097,1384.0,1313.0,126,123,125,117
532.7296002372364,134.26491445231517,3.559721093685877e-06,-0.16579656091396888,0.5814633739937698,3.262005567550659,130,6257,6126.355364017446,1352.0,1303.0,137,135,133,130
665.0100204743619,125.09412360483547,2.1230667561251403e-05,0.9252238114954658,0.9430271354981119,8.376993894577026,89,6707,6425.853858092933,1404.0,1353.9265216166505,101,97,98,93
630.8119432438201,122.99219517842819,4.247925245547336e-05,0.9584223070427904,0.9661968884251216,10.86999773979187,72,8288,8157.911679276866,1809.0,1727.9199601587788,88,86,85,82
610.3899851382916,120.59575556916926,4.063660365263874e-05,0.9640871210436212,0.9705848989573386,9.822000503540039,76,8769,8799.000748072565,1905.0,1871.3309281072607,91,90,90,86
602.930799263868,113.44730132040624,3.1461216938824444e-05,0.9711598861368644,0.9779058444457878,10.431999683380127,71,9463,9325.088644137277,2070.0,1983.5695311685113,87,85,83,81
755.809647138877,138.3961019095507,1.7448629935144544e-05,0.9511671199145001,0.9685438024597288,8.227997541427612,90,9880,9609.072554185446,2132.0,2045.730968553552,108,104,103,101
557.9677288416813,109.13637910023904,3.7121472561286596e-05,0.9784811860962609,0.982360877053382,11.138999462127686,66,10417,9816.449588556836,2257.0,2090.2956418277327,84,81,78,77
613.4279416024102,121.57668612781677,3.357067984803699e-05,0.9742567489780088,0.9784387215090743,11.159992218017578,68,10358,10160.553279615593,2241.0,2167.178526258993,86,84,82,80
544.204673690886,102.45182809005354,3.372428493479238e-05,0.9845550259172651,0.9884365383672657,12.042003870010376,60,12096,12115.619744170544,2701.0,2608.8202551944105,78,76,74,73
617.8531931895632,117.85817574159937,3.648015257696409e-05,0.9813559011665269,0.9854328079816075,11.757997035980225,60,12579,11907.239720520785,2740.0,2550.342478570963,79,77,77,74
570.4061367044748,116.40041551518303,3.429781140002629e-05,0.9852528278155319,0.9871253420184928,11.904000520706177,66,13035,12307.750431811928,2840.0,2639.29945244213,84,83,81,80
668.9246027866053,123.22701640208582,8.700598370770633e-05,0.9820053276091711,0.986760222877699,12.932998895645142,55,14097,14424.570782984023,3098.0,3134.153556397292,74,72,72,69
702.0305945085275,125.6604291408097,3.9585059399498525e-05,0.9853547416902136,0.9902375792379788,12.285001277923584,51,16470,16968.805144163605,3683.0,3717.850711025869,70,68,67,65
86.31257150612534,21.178605556866422,1.964341348507708e-05,-0.5480489483574555,-0.4950189736454764,19.300996780395508,0,304,10.0,84.0,0.0,149,0,149,0
75.83996308015979,16.252589537260413,1.3660846243170476e-05,-1.001706875896935,-0.904354513121215,19.825000047683716,0,209,10.0,58.0,0.0,149,0,149,0
100.1852949954899,22.96780355192895,1.2994757279023114e-05,-0.5150959331448337,-0.49919363965595287,19.442993640899658,0,334,10.0,80.0,0.0,150,0,150,0
456.7309273521994,100.87107282731424,1.1469366807482202e-05,-0.575874772974079,-0.5959531478583961,19.60900068283081,0,1253,10.0,275.0,0.0,150,0,146,0
4.385290096535146,0.7844645405527362,5.682020072658417e-06,-1.5272161741835149,-0.529411764705882,2.315002679824829,0,10,10.0,2.0,0.0,1,0,7,0
126.90432091409129,31.763920832709974,1.1332112400110323e-05,-0.46554459049544983,-0.43344341379941786,19.879997491836548,0,461,10.0,125.0,0.0,150,0,150,0
125.9086441300464,30.755162168325498,1.0215737022820708e-05,-0.5220090911544051,-0.49916991029057645,19.884000301361084,0,445,10.0,109.0,0.0,150,0,148,0
5.739440431835514,1.495090003192804,6.261880735480233e-06,-3.6758349705304525,-1.0062111801242235,2.8210079669952393,0,10,10.0,4.0,0.0,1,0,10,0
1458.9901850252454,299.87859765800783,1.1635633695695262e-05,-0.8264966825011966,-0.9025905171462294,20.135003566741943,0,3004,10.0,639.0,0.0,126,0,119,0
1111.2080363280315,250.52712427998688,1.0227395675976513e-05,-0.42445704342391055,-0.45458712598107365,19.751997232437134,0,3147,10.0,677.0,0.0,150,0,145,0
2004.426343537389,405.04380010068047,1.587650971597851e-05,-0.9197240284308033,-0.896284749643216,19.60099482536316,0,4270,10.0,914.0,0.0,102,0,98,0
2348.6920700679348,482.23588280702074,1.682227758793381e-05,-0.7834371467998633,-0.744170995626952,19.63899564743042,0,5271,10.0,1141.0,0.0,108,0,104,0
2536.917394529563,518.6128549634432,1.919215939648655e-05,-0.7623980011112264,-0.7310631299340289,19.241992473602295,0,5684,10.0,1215.0,0.0,105,0,100,0
2580.3246720777856,529.648984391235,1.954218239413648e-05,-0.7748169710817743,-0.7294574905998004,19.322011709213257,0,5782,10.0,1238.0,0.0,100,0,100,0
693.1220521823552,131.02938334061048,2.1697726179164756e-05,0.9191230568069949,0.9381381837754303,7.874004364013672,91,6849,6603.000734215045,1461.0,1393.1467630526568,103,100,96,96
633.9249694170277,122.72248063712911,2.1691759081023562e-05,0.9402588284451057,0.9535054887001793,8.53799843788147,88,7252,6945.661276910699,1546.0,1468.475365174876,101,98,99,94
572.8051979491499,112.06448727967182,3.2079341112870625e-05,0.9563192225471645,0.9637853372956391,9.64999794960022,78,7443,7296.274559682135,1641.0,1545.9232819778,92,89,86,86
583.9952231321444,111.08421652483452,2.4812333994622523e-05,0.9606772498967089,0.9696141788628725,10.128004789352417,75,7891,7776.776985861124,1716.0,1645.6801322184601,91,87,86,84
632.1350046718976,122.33941757210454,4.225843149877063e-05,0.9639263808513714,0.9703358358635104,10.381999254226685,70,9029,8471.234171712355,1950.0,1796.147096183653,86,83,83,80
604.0257912503345,113.71758972856377,3.1604262013297185e-05,0.9699384624706284,0.9768159906918246,11.670995950698853,66,9478,8963.778981586576,2038.0,1902.4629734870077,83,80,82,77
611.902849652098,111.0638141892554,2.9714656616640353e-05,0.9704296807968232,0.97906745687815,10.989999055862427,71,9624,9401.357586791253,2045.0,2004.3265340658472,89,86,85,82
657.5801831275655,127.16539051089165,2.5943010176269294e-05,0.9682883993863665,0.9754391813290271,10.067992448806763,76,10085,9593.201910889436,2181.0,2038.8502280782286,95,91,89,88
603.6930290610987,113.26222126066264,2.9282201069966387e-05,0.9757310721242115,0.9820356545791993,10.13499665260315,72,10620,10505.296365595015,2394.0,2248.0186767692285,89,88,86,84
569.0416843557081,115.18293306030492,3.352758532339468e-05,0.9820436442872325,0.9844761766134345,10.86100172996521,67,11537,11490.229341420387,2473.0,2470.230943802383,84,82,80,79
492.62908275939185,99.11634995337138,4.2100982064986136e-05,0.9872582054194026,0.9889930864049649,12.8170006275177,52,12151,12151.457114026702,2668.0,2616.465749641973,70,68,68,65
565.4618417269083,107.48494385800969,5.656096669608904e-05,0.9848316577754224,0.9883050887248366,11.36299991607666,61,12721,12510.130478969253,2782.0,2696.3740496622595,80,77,76,74
679.4579621415025,121.51217630519575,2.825682708993397e-05,0.9818937520923187,0.9877208456219796,11.571999311447144,60,14167,14698.159779393844,3098.0,3204.7748885419787,79,77,76,74
634.3573231265987,114.73058503341937,1.5912181138928356e-05,0.9849572343277807,0.9894188480812898,12.487000465393066,57,14657,14486.980241022333,3209.0,3145.2733950443453,76,74,72,71
537.0656147132582,99.70182532923927,4.4271978766566124e-05,0.9893989415690119,0.9921476028808173,12.459001541137695,55,14807,14822.843271747683,3253.0,3224.1970198499075,73,72,72,69
573.791936590588,105.0932635882587,2.829132721612628e-05,0.9888097785425215,0.992161021711973,11.024002075195312,56,15255,15163.37229123316,3397.0,3295.6928839194006,76,74,74,71
549.0959336306564,102.83856983703429,0.00015516408617242158,0.9904083085658738,0.9928500812490884,13.071994066238403,51,16147,16257.453043587017,3685.0,3549.4468918168095,70,69,68,66
603.2764415166837,106.44596829807901,6.903405935236644e-05,0.9886881249783435,0.9924597062628429,12.722993612289429,53,16508,16325.886970961239,3583.0,3563.838182329766,74,71,70,68
788.3970512683418,138.92498016790057,2.329010313594615e-05,0.9828121357468177,0.9889635458254639,10.71299958229065,52,17170,17437.620060442852,3751.0,3829.9547940693537,71,69,70,66
81.84179861171185,19.768156211442683,2.268910663397553e-05,-0.44256519746323697,-0.42923556447778566,19.0530002117157,0,287,10.0,70.0,0.0,149,0,146,0
3.024590575292489,0.6666666666666666,7.183234680706983e-06,-1.4303935860058306,-0.4464285714285716,4.10500168800354,0,10,10.0,2.0,0.0,1,0,16,0
456.94399365057126,103.04351831467454,1.1920258355133276e-05,-0.49853061888198136,-0.5169513824968932,19.332993984222412,0,1326,10.0,312.0,0.0,150,0,148,0
3.522819383711917,0.6405126152203485,7.673773415014638e-06,-0.8838323353293414,-0.4579439252336448,5.806003570556641,0,10,10.0,2.0,0.0,1,0,16,0
1034.3439498864325,225.6595222896654,9.846724950830639e-06,-0.5411027486189037,-0.5899793999859195,19.744998693466187,0,2535,10.0,521.0,0.0,150,0,138,0
3.952847075210474,0.7071067811865476,5.057644340196711e-06,-2.3783783783783785,-0.3913043478260869,2.413999557495117,0,10,10.0,2.0,0.0,1,0,11,0
1789.2400416564199,365.4870084330404,1.0988906748017432e-05,-0.7390226925954555,-0.7879946079376714,19.45199489593506,0,3798,10.0,807.0,0.0,127,0,124,0
2408.208889057038,491.4146043142525,2.0452825800554288e-05,-0.8010657859363315,-0.7632443961914284,19.85699772834778,0,5387,10.0,1158.0,0.0,102,0,97,0
779.6933208135222,156.40376218626702,9.853430018138914e-06,0.7448539440028208,0.8486346933756779,5.157000303268433,112,6442,6212.6932523769665,1361.0,1308.0046806243781,124,120,118,116
608.0431331815139,112.98430716299116,2.9568505094342703e-05,0.9430803429639656,0.9538304513175816,9.878998517990112,76,6811,6478.193299212778,1430.0,1365.2923284753715,89,84,83,81
592.2551105604366,119.61851787141215,2.7291523781921993e-05,0.9458512543612404,0.9526368179237813,9.10899567604065,86,6990,6770.781620252693,1493.0,1431.2605705434908,98,95,94,92
613.7323250628111,117.16361427683128,2.260267436724943e-05,0.9491529403440137,0.9606732583760412,8.899999380111694,86,7411,7066.775905707924,1590.0,1495.3459843099636,97,96,93,92
607.8861206263309,118.65851379802784,2.6490535145412344e-05,0.9516510303276771,0.959556085544642,9.070996761322021,81,7446,7041.390607566776,1643.0,1486.9486104962289,93,91,91,88
584.0776708923514,110.96269479520518,2.346743321239307e-05,0.9579018631671264,0.9667835018758174,9.901997089385986,77,7620,7354.423578042803,1686.0,1556.5444832216644,92,88,88,85
574.7601672091765,112.35741653821943,2.9709186266029286e-05,0.9707956543266915,0.9755346837948646,10.127997398376465,71,8967,8636.899322786918,1945.0,1834.0472125836768,87,84,81,80
556.7023790279603,111.79051389930119,2.6443135865915524e-05,0.9717727485273401,0.9764368314677322,9.315003395080566,79,9130,8847.846598119228,1999.0,1880.3015752439005,95,93,92,89
614.5801345868535,116.4600003989335,3.823242472890862e-05,0.9730544559116031,0.9796158012672515,10.560997247695923,72,10219,9773.31116032757,2222.0,2084.6967206233094,89,87,84,83
554.6894771250817,111.40878572453602,5.0609091772570726e-05,0.9794044519011778,0.9821499037679289,11.688000440597534,62,10622,10557.01931467943,2327.0,2259.3093552367545,80,78,77,75
542.3599335518741,102.6003135687247,5.502522612428836e-05,0.982280115000596,0.9861696670372069,11.436997413635254,62,11221,11105.51564771817,2449.0,2386.0077001759964,79,77,77,74
696.4336326191325,132.30627259249619,9.381402909476638e-05,0.9802993692842388,0.9849202965184629,12.447999715805054,57,13863,14426.176421595183,3029.0,3138.508041654706,77,74,73,71
634.7761127376316,115.79349135436112,3.2562988674692825e-05,0.9849143629565364,0.9895700075472086,11.603999376296997,65,14548,14801.133854259824,3159.0,3223.6403636433115,85,82,80,79
507.32146705227797,93.121550900435,3.528510227492892e-05,0.9924867720850941,0.9946227546907993,12.76999831199646,48,16781,16566.528274160293,3750.0,3614.169479423448,68,65,63,62
620.8590078326898,104.98792980504838,0.00010704621011185167,0.9893441963223775,0.993578425210608,12.852999925613403,51,17381,17847.273209673225,3886.0,3926.6644786000525,71,68,66,65
57.21829544239616,14.014754130320423,1.2198293887330937e-05,-0.6847605530619014,-0.6009891477765907,19.235002279281616,0,213,10.0,54.0,0.0,150,0,150,0
1204.0774006128786,253.07014837787565,1.0998284527143315e-05,-0.7268352573053325,-0.7963662882426776,19.417998552322388,0,2496,10.0,548.0,0.0,135,0,132,0
1439.7996619900516,307.42825721350556,1.0740059184992914e-05,-0.5263154412904409,-0.5852981051326425,19.962000846862793,0,3451,10.0,713.0,0.0,142,0,142,0
1688.0826855735868,348.2688329437476,1.107310152545323e-05,-0.7393584011472676,-0.7880414650501539,19.245998859405518,0,3443,10.0,732.0,0.0,129,0,123,0
2033.070505417852,416.42411073327634,1.1998605801458081e-05,-0.775498587558723,-0.7950102558452108,19.48799967765808,0,4275,10.0,910.0,0.0,121,0,121,0
2365.8605002549634,480.3995489867436,1.60247886564408e-05,-0.7829282137229616,-0.7549543554120441,19.47099733352661,0,5201,10.0,1078.0,0.0,112,0,109,0
2425.955233167614,493.63016520468034,1.5804549400777164e-05,-0.7788375956632216,-0.7442568438549635,19.45799684524536,0,5388,10.0,1178.0,0.0,107,0,105,0
603.1983666719439,118.9519358546496,2.2966752757431793e-05,0.9159839389208067,0.9217769741670144,7.022001504898071,98,5975,5912.414986572851,1273.0,1256.0,102,101,100,98
774.580189426859,145.42795337063134,1.5245122709287883e-05,0.8595896048913327,0.9073642311816902,6.539003610610962,104,6416,6212.3285522130145,1419.0,1311.222021859162,116,111,111,108
501.04787830777633,101.85326358926456,3.678496862341639e-05,0.9676312429165977,0.9706617713827078,11.31999945640564,69,7430,7268.696144074006,1620.0,1539.9063410711378,85,81,81,77
637.0332944876992,123.11980480876878,2.625467186353862e-05,0.9491318276058714,0.9584998074549133,9.619999170303345,79,7678,7129.459001400764,1622.0,1501.8772181424692,93,90,91,87
576.7423206937592,113.86032088303544,3.18862662508968e-05,0.9605603341251058,0.9674917265509537,9.610002517700195,76,7774,7743.354100446369,1706.0,1642.6205815521434,92,89,85,86
676.4938509272436,130.65018789004057,3.085965233217796e-05,0.9474802032122308,0.9588155976307848,9.147002220153809,82,7992,7523.891550635595,1756.0,1589.1806023178042,96,93,92,90
697.4636478199178,136.70769832021975,2.0464163256759297e-05,0.9490421534378689,0.9629919578585981,8.030994892120361,90,8946,8782.474872103805,1987.0,1866.098782606352,106,104,102,101
614.7553718040082,115.56829551827235,2.9265531221607994e-05,0.9702653138893608,0.9777501737578378,10.570998907089233,71,9783,9396.296338069356,2102.0,2000.6413252016428,89,86,86,83
602.6380960128348,119.15568471606085,4.2263731890134745e-05,0.9773107205046841,0.9808802791494772,11.317007064819336,62,10932,11055.647232221956,2340.0,2377.1714351097053,80,78,76,75
541.2309779539634,103.89315357895701,5.290024196124918e-05,0.9842133240220962,0.9875277437871434,12.017998456954956,59,11979,11399.75147855486,2637.0,2444.318763184825,78,75,73,72
519.6891448880708,94.81021813216337,3.6265172324625624e-05,0.9862809065882671,0.9901952102160454,12.439994096755981,58,12418,12312.97447496301,2709.0,2655.052071569082,76,75,74,71
507.2295572603271,91.22424864328876,3.6518803797051256e-05,0.9875969846911963,0.9913360494844318,12.759998321533203,56,12820,12541.821901458727,2847.0,2705.290621908145,73,72,70,69
630.9619675806547,114.39908258556319,2.2554523521069233e-05,0.9861785268547396,0.9904482794267041,11.801000833511353,51,15274,15039.286661574342,3299.0,3274.0368362249337,71,69,66,65
601.936869137081,107.8881723308177,2.285048711906182e-05,0.988464933901459,0.9921642630345348,12.549992799758911,52,15997,15976.91204763888,3457.0,3487.595909504251,71,69,68,66
607.4547702772943,104.56299963720633,0.0001743241728384751,0.9881393873507507,0.9925589385084366,13.124001026153564,55,16018,16093.010585753544,3499.0,3513.6600099556817,75,73,71,69
