rmse_I,rmse_Inc,rmse_Beta,r2,r2_Inc,time_predict,fraq_people,actual_peak_I,predicted_peak_I,actual_peak_Inc,predicted_peak_inc,actual_peak_day,predicted_peak_day,actual_peak_day_Inc,predicted_peak_day_inc
0.9050833678453617,0.3423015294821341,7.289276275327203e-06,0.8532527244276926,-0.013974070934879235,0.009999513626098633,0,10,10.0,1.0,0.29419436601291904,1,0,4,6
1.4192122466359318,0.28879086424179196,2.4823661206654287e-06,0.6737055290377718,0.0,0.0039997100830078125,0,10,10.0,0.0,0.34037636304347596,1,0,1,7
1.0674607552763966,0.48167019938471595,7.200489265267059e-06,0.7312564943265909,-0.012526975161652354,0.005002021789550781,0,10,10.0,2.0,0.36445147384854404,1,0,16,7
0.7149553730066937,0.3477042201437929,2.953259567964621e-06,0.9266083771956635,-1.0633297016457077,0.005000114440917969,0,10,10.0,1.0,0.3766073704703323,1,0,8,7
2.0033826499477025,0.347863724354917,2.6504128667327923e-06,0.5609054366225236,0.0,0.003999948501586914,0,10,10.0,0.0,0.4011682258072198,1,0,1,7
1.5547539540666104,0.5806959720331679,3.088377092565715e-06,0.7069988051289988,0.061682610266307614,0.006000995635986328,0,10,10.0,2.0,0.42606173844329054,1,0,6,7
0.7146305241225797,0.4211229519539517,2.9672291522309563e-06,0.9098770377633447,0.0,0.003999948501586914,0,10,10.0,0.0,0.4796890887145526,1,0,1,8
1.5936129990968464,0.41398025957119394,2.3813905226703515e-06,0.7391098667464069,0.0,0.004000186920166016,0,10,10.0,0.0,0.5158186626679311,1,0,1,7
2.9872730502706464,0.4804633700891301,2.6504128667327923e-06,-0.2823988521397489,0.0,0.004000186920166016,0,10,10.0,0.0,0.5741402419806976,1,0,1,10
1.8964087009500694,0.6013521515948478,8.246855900285989e-06,-0.23922487177811225,-0.4599203810286352,0.00500035285949707,0,10,10.0,2.0,0.9454994501402028,1,0,8,42
3.1773870889534575,0.4424464700468957,2.2932548620276447e-06,0.2318421631376424,0.0,0.003999471664428711,0,10,10.0,0.0,0.5661040111060263,1,0,1,6
1.5683018467784733,0.6184453848200829,4.38155135237772e-06,0.5961192464734797,-0.5298987760210416,0.003999948501586914,0,10,10.0,2.0,0.8048433519652036,1,0,8,31
2.3327217261133844,0.7317981718467667,2.913892396139979e-06,0.43843154233721027,-0.15503054256810267,0.0029990673065185547,0,10,10.0,2.0,0.8788468919502535,1,0,7,26
1.5791691143361861,0.7267844438207338,3.0744995628874837e-06,0.5128482187979344,-5.653001597512411,0.002996683120727539,0,10,10.0,1.0,0.9546329145717083,1,0,7,22
4.891233709397765,1.3671780880336353,4.357677859290917e-06,-3.599270654263438,-2.577749776619378,0.004002809524536133,0,10,14.502466713433618,2.0,3.7025627599549953,1,42,14,42
31.75749810569653,8.474422119773388,5.165531851726321e-06,-355.09014953237914,-433.4760944145082,0.003999948501586914,0,10,103.13387472143566,1.0,27.12816850421271,1,66,6,66
3.1661279319356637,0.6756336913624243,2.5718792983273862e-06,0.07609529203841459,0.0,0.003000974655151367,0,10,10.0,0.0,0.8740242855333316,1,0,1,9
2.7937815165369186,0.8551644655822682,2.7027023152723575e-06,-0.017168997194210167,-10.025848275857145,0.0029997825622558594,0,10,10.0,1.0,1.0478927539000198,1,0,2,12
2.606597320797548,0.871798216602885,2.766151733046907e-06,-0.42768347089453607,-7.069752914717103,0.002999544143676758,0,10,10.0,1.0,1.2640000014888946,1,0,11,18
82.93840663324006,23.28851577365954,3.996964289155248e-06,-1657.3272254276853,-1239.9598172126894,0.00400090217590332,0,10,286.3797898429853,3.0,80.16258844663457,1,61,24,61
2.9711442636915524,0.7855776972512476,2.4823661206654287e-06,-0.3048240092865777,0.0,0.0029993057250976562,0,10,10.0,0.0,1.053165129738618,1,0,1,8
6.534657579175986,1.82368624187712,3.529443359300028e-06,-5.907184527205957,-19.786446930074334,0.0029981136322021484,0,10,15.222090686273313,1.0,3.9774754167621538,1,29,8,29
7.55210024717905,2.072900514293247,3.5820721505970587e-06,-5.764981934812099,-19.855236348550886,0.0039997100830078125,0,10,18.244507078225578,1.0,4.873939481527675,1,30,7,30
2.7559704028113714,0.8240447669132841,2.5863238739087217e-06,0.13786914175116083,-3.244061111732303,0.002998828887939453,0,10,10.0,1.0,1.2378425649772593,1,0,3,9
4.100166676980823,1.2984308120913843,2.7904609420671856e-06,-2.0176636212763244,-11.1386425312757,0.003000497817993164,0,10,10.0,1.0,2.1607045853119127,1,0,6,17
127.03390017740037,37.68081362642637,4.535044166972385e-06,-7926.438677918718,-5526.722662940295,0.003999948501586914,0,10,446.89853753952264,2.0,132.41807688448557,1,53,16,53
5.473316640227628,1.6654781244890082,3.0480562662509797e-06,-4.419664413241546,0.0,0.003000020980834961,0,10,11.084407638616751,0.0,2.784044330223253,1,19,1,19
28.26810545369898,8.3458982060496,3.5069433457760802e-06,-134.64837951081913,-173.2496046920946,0.003999233245849609,0,10,83.94736054893633,2.0,24.912337106837796,1,38,10,38
18.317527108050548,5.260937042185124,3.9406283811103815e-06,-41.01864414635322,-120.5352918299957,0.003999233245849609,0,10,48.43342930877806,2.0,14.227513874651393,1,32,14,32
2.6660831490325747,0.326167775467563,6.9213155879624285e-06,-0.017700131730534086,0.02733332339695027,0.0029990673065185547,0,10,10.0,1.0,0.24969250730176595,1,0,7,6
0.8278966889245299,0.7881436224924047,9.287045200672072e-06,0.8725989323033965,-0.059997179220364405,0.004000663757324219,0,10,10.0,3.0,0.28299177317562985,1,0,10,6
1.336819639256165,0.418366169279446,8.853005681424921e-06,0.7070318017291015,0.013996249333756094,0.0039997100830078125,0,10,10.0,1.0,0.29419436601291904,1,0,4,6
0.7076934362104124,0.2422999386462525,3.1713469044185816e-06,0.9399735624583122,-0.17744683092999747,0.0030019283294677734,0,10,10.0,1.0,0.20601265740677754,1,0,3,6
1.1374783903288341,0.27602149119409336,2.6860509202076648e-06,0.8638045170036762,0.0,0.0040013790130615234,0,10,10.0,0.0,0.3167539191414612,1,0,1,6
1.3443405976538454,0.4504797879475006,6.968863679953552e-06,0.6240575592723436,-0.04977160531388014,0.002998828887939453,0,10,10.0,1.0,0.3284690079401853,1,0,4,7
1.1691749691766957,0.5719767719948339,2.7739428727546254e-06,0.8547056928648828,0.012685619971866235,0.003999471664428711,0,10,10.0,2.0,0.3523664514898337,1,0,4,7
2.1415592668953405,0.37018221676257373,2.610578745380613e-06,0.6280802975898864,-0.9299078033021473,0.0030007362365722656,0,11,10.0,1.0,0.3766073704703323,3,0,3,7
1.084073734928504,0.45420633195268734,6.938553441354316e-06,0.8150028802330673,-0.09060385375078273,0.004000186920166016,0,10,10.0,2.0,0.3888462590668422,1,0,22,7
1.3109430483265812,0.3864352323290193,2.7403292926095836e-06,0.8239765980384677,0.0,0.0029985904693603516,0,10,10.0,0.0,0.4391643383639272,1,0,1,8
0.9748862255275145,0.5773969974869871,3.064273311583491e-06,0.8811996059095896,-0.33354917082795166,0.004000663757324219,0,10,10.0,2.0,0.4525516052053218,1,0,10,8
0.9653529008147371,0.49676112349075424,6.975051651371318e-06,0.7381959949079957,-0.12765256438048755,0.0029973983764648438,0,10,10.0,2.0,0.46605977120887765,1,0,16,8
1.5245484965245522,0.45622622930922346,2.6611548922247618e-06,0.7574697615733629,-1.7247728738725963,0.004000186920166016,0,10,10.0,1.0,0.5249980075771676,1,0,6,10
2.1020951314350595,0.5395950735131155,6.280307689839144e-06,0.041141406648081524,-1.418296041192895,0.004000186920166016,0,10,10.0,1.0,0.8516401519889989,1,0,13,49
1.7617740111269917,0.4332161008537809,2.3813905226703515e-06,0.5986944431473145,0.0,0.0029993057250976562,0,10,10.0,0.0,0.5422176649203316,1,0,1,7
2.0843706963641093,0.4941144855097408,2.752807212443127e-06,0.34089981797434754,-2.4384335074669936,0.003000974655151367,0,10,10.0,1.0,0.5746084093530524,1,0,5,11
1.3912008749264109,0.7004306988855393,5.5618976183375635e-06,0.7890196172955699,-0.1872596567379099,0.002999544143676758,0,10,10.0,2.0,0.5909623295207551,1,0,11,10
2.495288649832734,0.695542024785563,2.9320028726629683e-06,-0.12500201501513897,-4.13659157869562,0.004000186920166016,0,10,10.0,1.0,0.8663940060160922,1,0,3,18
2.0925469295269887,0.677066644806473,2.8625505441767996e-06,0.4075225983993662,-2.447694712185992,0.003999948501586914,0,10,10.0,1.0,0.9013781666059475,1,0,8,18
13.078460385349311,3.53207757278143,4.944889330008651e-06,-28.6451970308434,-26.648794927348508,0.003999948501586914,0,10,41.02280007090184,3.0,10.617529058626062,1,56,24,56
2.701370732463702,0.8211139135496553,2.81839037856181e-06,0.0012677234199622855,-9.835808091470495,0.002998828887939453,0,10,10.0,1.0,1.1090654429963784,1,0,8,14
26.648862853903804,7.297787775166694,4.790874556668076e-06,-229.64630894392042,-180.83359130293636,0.003998279571533203,0,10,82.94078713793455,2.0,22.4753615204757,1,54,11,54
8.276547526642194,2.319034727610717,4.201261158389197e-06,-16.903310236985984,-20.813818724708856,0.004000663757324219,0,10,21.87682693923267,2.0,5.859142916726089,1,37,29,37
8.978376668131068,2.440640521376474,3.604923423937172e-06,-12.802774941946717,-71.07638647047642,0.0029993057250976562,0,10,20.903742217480833,1.0,5.682191191190476,1,32,10,32
2769.446052029151,735.4572587489178,4.8033241887553055e-06,-1742262.6879101205,-1673611.5557013713,0.00700068473815918,0,10,10332.899786317783,2.0,2578.3697536411346,1,88,5,88
12.7524387373483,3.643844400151188,3.918873345340998e-06,-37.295812991402244,-80.21115305008055,0.004999876022338867,0,10,33.302224198195134,1.0,9.38389019867138,1,33,4,33
7.186555452220453,2.0050274901487124,3.1138593906699305e-06,-11.98849984563226,-12.865364386257056,0.003999948501586914,0,10,16.481895295446055,2.0,4.367391289830618,1,25,13,25
3.8898336638163924,0.9889883621476733,2.4823661206654287e-06,-0.8855312007767695,0.0,0.004000663757324219,0,10,10.0,0.0,1.38205309969704,1,0,1,8
4.77129125027329,1.2696358105320087,2.7403292926095836e-06,-2.491217979077971,0.0,0.003999948501586914,0,10,10.0,0.0,1.9271116912862123,1,0,1,12
1.2688529013999206,0.3663165915778793,2.910752314405559e-06,0.7874993339172287,0.03384751409030895,0.004000425338745117,0,10,10.0,1.0,0.28299177317562985,1,0,5,6
1.9424142096483648,0.25017169402583767,2.838833718643192e-06,0.33884819593857185,0.0,0.0029993057250976562,0,10,10.0,0.0,0.29419436601291904,1,0,1,6
1.2463576610877627,0.26074902066725825,2.838833718643192e-06,0.8439657726097163,0.0,0.0039997100830078125,0,10,10.0,0.0,0.30544840849155475,1,0,1,6
0.9752979935668652,0.40144359971545224,8.90151930508954e-06,0.685744853714889,0.009524184683045833,0.00400090217590332,0,10,10.0,1.0,0.34037636304347596,1,0,5,7
0.803236044481548,0.36265744077005135,2.852382508702792e-06,0.9094966756797184,-1.1137210252016958,0.004000425338745117,0,10,10.0,1.0,0.3888462590668422,1,0,6,7
1.4120100675567047,0.5722304246699593,3.059245471046303e-06,0.7809532531094328,0.056180277236462794,0.004000425338745117,0,10,10.0,2.0,0.4011682258072198,1,0,7,7
1.0727733400229305,0.38532781269290556,2.559603043258425e-06,0.8636442370777305,-0.6497502581633208,0.004000425338745117,0,10,10.0,1.0,0.4135733568685813,1,0,4,7
1.4236565895484241,0.5264359732186714,4.358197623859898e-06,0.7695144099157739,0.06876735921139188,0.002996683120727539,0,10,10.0,2.0,0.42606173844329054,1,0,14,7
0.8815798568827,0.5048268037488745,5.575729275168237e-06,0.8547505046007525,0.09959210362589788,0.004000186920166016,0,10,10.0,2.0,0.4525516052053218,1,0,9,8
1.2270485815593448,0.4455900543514714,3.094382888999853e-06,0.7385022019137828,-0.36621651188518456,0.003999233245849609,0,10,10.0,1.0,0.4796890887145526,1,0,3,8
1.2635880828301715,0.43168320832748663,2.6800713695351594e-06,0.7670533967556822,-1.4394960453341246,0.003000497817993164,0,10,10.0,1.0,0.4934398101223165,1,0,8,8
1.6109847231074543,0.4477511390454585,5.791215689940032e-06,0.48732559256430186,-1.2275675835167275,0.005003452301025391,0,10,10.0,1.0,0.5090549548198855,1,0,12,10
1.274944779129164,0.48863458141965965,2.9739905064374767e-06,0.783268774689505,-1.6529306017685106,0.004000425338745117,0,10,10.0,1.0,0.5575395567240176,1,0,4,10
2.190666883418801,0.6083892844874415,2.9922984056708143e-06,0.318470997925676,-6.4233136252205485,0.0029993057250976562,0,10,10.0,1.0,0.7121297754650455,1,0,11,12
2.270991564390602,0.6976188431607675,4.34490668410889e-06,-0.3111172666301072,-2.1945652534676836,0.003999233245849609,0,10,10.0,1.0,1.1530995457140722,1,0,4,31
4.3174802761228275,1.0919549931815422,5.545804302005191e-06,-2.6658727763537686,-7.748746795599027,0.0060002803802490234,0,10,10.0,1.0,2.329860164512171,1,0,2,42
4.312358739897487,1.0967674697054726,4.106118265132794e-06,-2.9088313262049432,-6.706572174550551,0.003999948501586914,0,10,10.0,1.0,2.0752215517070134,1,0,5,30
2.168322713893879,0.7694826038520983,2.910292021239644e-06,0.19767518914878557,-2.157885214032028,0.004000425338745117,0,10,10.0,1.0,1.2593244965409296,1,0,10,19
5.543691017888028,1.4987253651680172,3.5721191163874455e-06,-7.371931456306438,-8.95708218823705,0.003998279571533203,0,10,13.954997472173508,1.0,3.6360482905299687,1,31,4,31
6.5190899142575,1.702669659072147,3.734529966566361e-06,-4.669423932988279,-13.34136223746405,0.003998279571533203,0,10,14.709652672002928,1.0,3.8543199943963664,1,31,4,31
6.774594730850105,2.0687395804298565,3.2376478904896795e-06,-8.37120976623655,-9.36027388765104,0.003997325897216797,0,10,18.086365392780394,2.0,4.842865871978066,1,31,15,31
46.58837706436644,13.619250836758031,4.466901453661998e-06,-593.4815413386367,-774.5991301068004,0.0029985904693603516,0,10,151.54225676146152,2.0,44.05678948420302,1,47,46,47
3.3394965555283473,0.8657810195515616,2.536553671190753e-06,-0.9613673060620191,-4.038821646205818,0.003000497817993164,0,10,10.0,1.0,1.4052539250472202,1,0,4,10
3.497860202760506,1.1125489744083017,2.6627328628374144e-06,-0.6078688908798018,-16.431860188102235,0.003000020980834961,0,10,10.0,1.0,1.6673091526963457,1,0,3,12
261.6290523112789,77.82730468236173,3.539947966630689e-06,-15120.449413836064,-9321.583016176226,0.004001140594482422,0,10,972.4772206160085,4.0,288.9674392052964,1,59,20,59
5281.5909719418,1284.366603654449,4.393367302052411e-06,-7796319.685047038,-4115489.851186115,0.0050013065338134766,0,10,15702.200670078084,2.0,3417.338097245505,1,87,6,84
6313.490099928782,1318.0916057315428,5.5972281797620436e-06,-6875372.596789022,-2661140.4666507263,0.004999876022338867,0,10,17677.451448655316,4.0,3878.118895288473,1,82,27,79
0.9217604314036306,0.2637700502299033,3.108624767305479e-06,0.8901429556814441,-0.3953580457100636,0.003007173538208008,0,10,10.0,1.0,0.26074086234602967,1,0,10,6
1.0338117941426381,0.4393782607446322,5.589212042906053e-06,0.8454546685190266,0.012795849923408209,0.002998828887939453,0,10,10.0,1.0,0.28299177317562985,1,0,5,6
1.9194249693183274,0.529512310840036,3.922860832372962e-06,0.08042326955804158,0.004320712602432719,0.003999948501586914,0,10,10.0,2.0,0.29419436601291904,1,0,15,6
1.1404021355522498,0.15832323953630176,3.0054774461592723e-06,0.8221641484436593,0.0,0.0030052661895751953,0,10,10.0,0.0,0.20601265740677754,1,0,1,6
0.8880350347171717,0.41306202112717466,9.971553086885735e-06,0.8911597999842373,-0.13074681885453487,0.00395655632019043,0,10,10.0,1.0,0.3284690079401853,1,0,8,7
0.8975022036301739,0.39179839566875196,1.25206642160172e-05,0.8082848901558887,-0.14215761048071385,0.003000497817993164,0,10,10.0,1.0,0.34037636304347596,1,0,12,7
1.5096003058014367,0.3472878588195312,2.8437721824456214e-06,0.8089601550905168,-0.9383566284840921,0.0030002593994140625,0,10,10.0,1.0,0.36445147384854404,1,0,4,7
1.5190552447453929,0.5961958923263458,8.918645538074105e-06,0.23820116751298182,-0.08327479474836652,0.004000425338745117,0,10,10.0,2.0,0.4011682258072198,1,0,9,7
2.902128283168734,0.3347657232366325,2.2932548620276447e-06,0.2884567585751254,0.0,0.003001689910888672,0,10,10.0,0.0,0.4208344343087873,1,0,1,6
2.015008303341212,0.3969205850223515,2.4823661206654287e-06,0.6417419003646444,0.0,0.003999471664428711,0,10,10.0,0.0,0.4796890887145526,1,0,1,8
1.254946112264499,0.43507251552522896,2.6504128667327923e-06,0.7736797397776467,0.0,0.003001689910888672,0,10,10.0,0.0,0.5090549548198855,1,0,1,10
1.4423069351041322,0.46900135615838706,2.6504128667327923e-06,0.7293439089236704,0.0,0.003997087478637695,0,10,10.0,0.0,0.5575395567240176,1,0,1,10
2.9757827557250756,0.8062643678612497,5.3700812721392856e-06,-0.7433760844576298,-2.511586166441356,0.004000186920166016,0,10,10.0,1.0,1.8326070096378233,1,0,4,52
2.3638026076248293,0.624319677219925,3.045038007837268e-06,0.48783638538178997,-1.0788003166079534,0.003999471664428711,0,10,10.0,1.0,0.8852287396997975,1,0,7,23
3.085338162134309,0.7871580650709439,3.1726411704236914e-06,-0.25460449090244675,-5.884642437847026,0.0039997100830078125,0,10,10.0,1.0,1.0780069174177935,1,0,11,19
7.655730733517817,2.0241146277201194,5.905081115295584e-06,-8.799583080762954,-24.180538065484065,0.0029990673065185547,0,10,20.088660164229715,1.0,5.234468144441546,1,43,5,43
3.5714635156635777,0.9693072894790893,4.666482891951381e-06,-3.127945515765709,-3.228004796467845,0.003008127212524414,0,10,10.0,1.0,2.174153673100661,1,0,8,29
1.7853359981723753,0.5776810147463552,2.7770120911903475e-06,0.3882102444587042,-0.589120737135137,0.002999544143676758,0,10,10.0,1.0,0.9497747857914174,1,0,4,9
2.754419229123287,0.596085008728772,2.2084022413551426e-06,0.1698306673814335,0.0,0.0030024051666259766,0,10,10.0,0.0,0.7796324993982995,1,0,1,5
3.9086509481725527,1.1439026627537894,4.285908220315799e-06,-3.384777787031494,-4.299478872513599,0.0029993057250976562,0,10,10.0,2.0,2.098330369100297,1,0,8,26
2.694293689181145,0.9060760522117949,2.786972875924362e-06,0.1065101610948771,-4.649081709076298,0.0030031204223632812,0,10,10.0,1.0,1.3422107571814035,1,0,4,16
4591.653580909294,958.5726686771387,5.480699351118556e-06,-6180032.840591924,-2219822.9694741983,0.005001544952392578,0,10,11294.270537798579,2.0,2423.570436675561,1,105,9,102
8.145512891622054,2.3038814178314495,4.0090072801361565e-06,-13.693916067461569,-19.71987646177124,0.0039861202239990234,0,10,20.756152712645143,2.0,5.558582246486477,1,35,4,35
14.552396916334816,3.982119051593272,4.694120305641968e-06,-32.67896292263155,-30.819143702579762,0.003996372222900391,0,10,40.45131579632194,2.0,11.368308336863713,1,38,8,38
5.860346178877946,1.7367396985119692,3.2311446039727923e-06,-5.550313452219424,0.0,0.002998828887939453,0,10,12.203067449317487,0.0,3.100320498288456,1,23,1,23
5.032679885693991,1.7289119804915205,2.7275516521740245e-06,-4.427400035400473,-6.566252110601751,0.0030012130737304688,0,10,16.04433184277922,2.0,4.256302581007937,1,26,13,26
3.059129897467489,0.7672027609894005,2.21722807745836e-06,0.12489406345535659,-3.806900624503034,0.0029985904693603516,0,10,10.0,1.0,1.1629134106910244,1,0,5,6
632.1386721943237,191.86736036698824,3.864473908365399e-06,-28839.23417879065,-36358.068550053555,0.004003286361694336,0,14,2449.937276303179,5.0,739.4359679857412,15,61,11,61
56.51705523144806,17.24467282794141,3.879809650927362e-06,-627.568992840771,-827.092307233626,0.003000020980834961,0,10,183.70528697843483,2.0,56.063368805693784,1,42,5,42
2.1663106147925353,0.5116750950704065,1.432332212433475e-05,-0.3363934743292447,-0.2211995258553412,0.003999471664428711,0,10,10.0,2.0,0.21685562138929992,1,0,48,6
2.147441528897281,0.47912128276564664,4.7193466289977125e-06,-0.38069015569841014,-0.09312954094761317,0.003001689910888672,0,10,10.0,1.0,0.22774990534718664,1,0,4,6
1.0439142262769978,0.26776496629268004,2.8539247334987425e-06,0.8428444373667703,-0.2950465189503191,0.0030002593994140625,0,10,10.0,1.0,0.2386955278131324,1,0,3,6
1.196026415696862,0.31372709958998607,3.944329656695749e-06,0.7249405005326545,0.003449983201406548,0.004000186920166016,0,10,10.0,1.0,0.24969250730176595,1,0,9,6
1.4947046278607632,0.4996060363118775,1.061010530999614e-05,0.7244018400732681,-0.021883994603307144,0.003000020980834961,0,10,10.0,2.0,0.26074086234602967,1,0,6,6
1.0942976915686335,0.4722430206479474,1.242706430427392e-05,0.7877026285534227,-0.0750191590982574,0.0039997100830078125,0,10,10.0,2.0,0.34037636304347596,1,0,26,7
1.7824024278311763,0.6270193036756273,7.310612752958482e-06,0.17457777908065109,-0.07549509563429102,0.0039997100830078125,0,10,10.0,2.0,0.3523664514898337,1,0,16,7
0.8458506405774606,0.5171335086888805,3.3533078058357572e-06,0.8963096657731449,-0.028565637726432502,0.008001565933227539,0,10,10.0,2.0,0.36445147384854404,1,0,4,7
1.8432898764469514,0.5702726727353437,7.55343663162259e-06,-0.1321038797762426,-0.1191081702482153,0.004999637603759766,0,10,10.0,2.0,0.6663394322279954,1,0,63,116
1.565865327499215,0.42983510687718746,3.673006318505386e-06,0.693508222016972,-0.21277189976039823,0.0029993057250976562,0,10,10.0,1.0,0.42606173844329054,1,0,3,7
1.3127808577228142,0.4885404518735648,3.076419443117565e-06,0.7419973730543555,-1.0266164594481446,0.004000425338745117,0,10,10.0,1.0,0.4934398101223165,1,0,2,8
1.6034019281891876,0.4658198460565246,6.440285290067193e-06,0.41880132212961285,-0.5103515819800757,0.0029985904693603516,0,10,10.0,1.0,0.5249980075771676,1,0,5,10
0.8269067997471501,0.4767358327898487,2.7362631187822576e-06,0.8570173397023081,-0.9668206619158419,0.004000186920166016,0,10,10.0,1.0,0.5411591769886641,1,0,5,10
1.2883569432172621,0.5870023638086507,2.735041475577584e-06,0.755822834416405,0.012774517323677625,0.002999544143676758,0,10,10.0,2.0,0.5746084093530524,1,0,5,11
1.757628685337156,0.5240029553082339,3.0228067572704855e-06,0.535486090475918,-3.9595849426649696,0.004000663757324219,0,10,10.0,1.0,0.6108480083939005,1,0,13,11
2.013448267946757,0.7536712453197295,4.621777872227308e-06,0.17727571228862593,-0.8973539741855261,0.004000425338745117,0,10,10.0,2.0,1.2331170821537887,1,0,4,39
4.2715053165948556,1.0691525644374742,3.5554429815985552e-06,-2.155492294913204,-17.371044382837585,0.0030012130737304688,0,10,10.0,1.0,1.82422860744974,1,0,6,29
3.408144894127393,0.8375427242395703,3.123282957114422e-06,-0.6090475957756525,-3.220558186475288,0.003999948501586914,0,10,10.0,1.0,1.2640000014888946,1,0,6,18
195.77619943129199,54.23528230323321,4.335651963544549e-06,-9224.88672459925,-9998.94510267796,0.003999948501586914,0,10,731.8404330104792,2.0,203.56429897698877,1,75,43,75
2.9267791480335976,0.9477241958158927,3.464221247462182e-06,0.0389904007056705,-1.6945434540046418,0.002996683120727539,0,10,10.0,2.0,1.4480769787418115,1,0,11,17
2.246792657903899,0.809079774424002,2.5376293077192053e-06,0.4542619191772035,-3.713192585950357,0.0029997825622558594,0,10,10.0,1.0,1.2170103096960991,1,0,6,11
4.6916565481103625,1.1764435226227115,3.02996394365202e-06,-1.8424851451618434,-8.30368571069073,0.0039997100830078125,0,10,10.0,1.0,2.0339467054700426,1,0,7,21
4.143001439136829,0.995219114287797,2.828598066888297e-06,-1.0583108743715202,-5.815315564125107,0.003999233245849609,0,10,10.0,1.0,1.609269181217683,1,0,8,16
5696.0348118400325,1235.1820398977102,4.808273782164527e-06,-3791355.351670991,-1901426.8011763024,0.004999876022338867,0,12,13897.020227659601,4.0,3002.390882106907,33,92,37,89
39.548185348770296,11.708639142008858,3.932852170776499e-06,-441.7350007868794,-287.04947079697604,0.003999471664428711,0,10,124.42238838681273,2.0,37.06049324242423,1,42,5,42
0.7152648928764113,0.17966594743708023,2.838833718643192e-06,0.9404804187844682,0.0,0.0030062198638916016,0,10,10.0,0.0,0.21685562138929992,1,0,1,6
1.5434804970679379,0.2527187536007633,2.7879655195236834e-06,0.6655178504394689,0.0,0.0029969215393066406,0,10,10.0,0.0,0.29419436601291904,1,0,1,6
0.9935762941654299,0.5232645017488651,5.854916508605012e-06,0.7420037845096892,0.05561613447113112,0.0030002593994140625,0,10,10.0,2.0,0.3167539191414612,1,0,15,6
1.8946850308908973,0.4403666012042824,6.040073671922886e-06,0.5538206753555701,-0.015193849289995898,0.0029976367950439453,0,10,10.0,1.0,0.36445147384854404,1,0,3,7
1.682757201192496,0.3270717821374315,2.838833718643192e-06,0.5873535268217807,0.0,0.0029985904693603516,0,10,10.0,0.0,0.3766073704703323,1,0,1,7
1.157615899429278,0.37375569763960653,6.10121137442903e-06,0.8512152855892114,-0.6211777576175899,0.003999948501586914,0,10,10.0,1.0,0.3888462590668422,1,0,4,7
1.312258076558679,0.37906796278910393,5.491218411832477e-06,0.7618968354637767,-1.02366966248423,0.003000020980834961,0,10,10.0,1.0,0.4135733568685813,1,0,18,7
0.8485712014744513,0.424301602854221,3.5897314682588176e-06,0.8817613983625954,-0.1251990636541318,0.007999897003173828,0,10,10.0,1.0,0.4391643383639272,1,0,6,8
0.952116542155943,0.4192918295859195,3.5121260553659686e-06,0.8368446445536302,-0.3505069492008548,0.004000186920166016,0,10,10.0,1.0,0.4525516052053218,1,0,6,8
1.755919080010276,0.5297773121343686,5.899715450830066e-06,0.23835783947538525,-0.14987759382637944,0.003999233245849609,0,10,10.0,2.0,0.6606031921313091,1,0,21,69
2.2402552195393235,0.5802812980215684,5.3165888250915e-06,0.39817181822054526,-0.04345817021760556,0.003999948501586914,0,10,10.0,2.0,0.7278957499166818,1,0,10,53
2.1227841150816915,0.4531298356325231,2.6860509202076648e-06,0.33786266786631114,0.0,0.0029990673065185547,0,10,10.0,0.0,0.5249980075771676,1,0,1,10
1.2832244162399002,0.547600015435046,4.735558948416949e-06,0.5919725448004745,0.037453746653996256,0.0029976367950439453,0,10,10.0,2.0,0.5746084093530524,1,0,15,11
2.462887536135741,0.5153133402000211,2.6504128667327923e-06,0.20738270313824347,0.0,0.0029997825622558594,0,10,10.0,0.0,0.6252751062370439,1,0,1,10
3.2018567241276603,0.8834224689560118,4.753396478741838e-06,-1.7149823510532003,-2.405535674136738,0.0030002593994140625,0,10,10.0,2.0,1.831373949689418,1,0,4,47
3.420152797830468,0.8483569213342115,5.722825006299758e-06,-1.2855390245106002,-5.228254994020145,0.004000186920166016,0,10,10.0,1.0,1.7563459333826463,1,0,13,44
2.8388318481927852,0.5259586755386038,2.7483975443028535e-06,0.06399927266972527,-0.7289533023395136,0.0029985904693603516,0,10,10.0,1.0,0.6970177407020102,1,0,3,9
16.932306234611804,4.405814072955762,4.812241443106666e-06,-48.78789773171448,-42.75115156262562,0.003999948501586914,0,10,53.15291053623257,3.0,13.414529178068172,1,71,19,71
3094.612550713911,673.1891634287985,5.114405403462388e-06,-656640.3000075594,-359027.568038646,0.005000114440917969,0,16,8856.472093840108,6.0,1900.01679875658,66,133,65,130
2.025171003181663,0.5742148905982405,2.4414792746780806e-06,0.6129021617414455,-0.6623521504481111,0.0029985904693603516,0,10,10.0,1.0,0.8302989231531406,1,0,3,10
2.8493362276734415,0.6576494288738424,2.6995145434975646e-06,-0.012203670233639885,-4.661854460629557,0.002999544143676758,0,10,10.0,1.0,0.8970452946336662,1,0,9,11
2.6288959038081496,0.8291163768448553,2.8583314404938426e-06,0.04526478417106661,-11.41677601723914,0.004000425338745117,0,10,10.0,1.0,1.0022900958648364,1,0,2,16
1.9720426811644007,0.5650776425951439,2.2663795255790637e-06,0.6191035909565055,-0.5205368674327868,0.0029997825622558594,0,10,10.0,1.0,0.8740242855333316,1,0,3,9
98.447096756895,27.004959338669533,4.345720580412828e-06,-1627.0973366697895,-1565.5990186443028,0.003999471664428711,0,10,349.3121875473498,3.0,95.98813618889227,1,69,29,69
2.6664741180553397,1.0564272987851828,3.1450297374909527e-06,-0.26897252144905925,-13.05677236429088,0.003998994827270508,0,10,10.0,1.0,1.642211690228084,1,0,8,22
182.30247948632413,51.27831068779816,4.139001454655646e-06,-8703.235968337274,-4175.460038986172,0.003999948501586914,0,10,670.4667865929407,3.0,188.58349130185775,1,69,21,69
452.4629331101627,129.49055204305927,5.545243380783408e-06,-96001.05028283827,-43629.67507401864,0.004996299743652344,0,10,1745.7291220111124,3.0,498.36778081500256,1,72,9,72
2.0986400312723172,0.781982217034585,2.458378280407818e-06,0.3484778134824449,-2.82185117348953,0.0039997100830078125,0,10,10.0,1.0,1.2378425649772593,1,0,3,9
5593.770928566569,1250.1708099762232,5.153633565724987e-06,-8672026.929041049,-6713036.311152004,0.0049970149993896484,0,10,14181.39979077498,2.0,3066.637398534025,1,91,69,88
5.891485254239456,1.808027787561076,2.703686399330444e-06,-9.096251543297145,-7.370530260912378,0.003999233245849609,0,10,15.299563865108247,2.0,4.015631893827617,1,25,14,25
294.9492747170099,87.8420346177237,3.753454823657323e-06,-9642.94544465565,-6123.587447387474,0.0040056705474853516,0,14,1105.6751150866942,5.0,327.6933385938935,11,60,11,60
137.81585292960136,41.18415059409681,4.307403036178638e-06,-4764.871988070612,-7403.0830877522885,0.003999471664428711,0,10,487.16171332068257,2.0,144.9221160648425,1,53,28,53
455.46927810036954,136.14702379038891,3.974970658738999e-06,-29302.795039184133,-37572.765052720366,0.0039997100830078125,0,10,1742.7791917583543,2.0,519.7566039345907,1,62,6,62
6459.954734856028,1346.10714530365,5.13614969302849e-06,-12726176.737919362,-4244728.13651524,0.0059964656829833984,0,10,16663.397254707175,2.0,3646.939299843336,1,84,3,81
131.16231550656022,39.990682068310775,3.94984629278027e-06,-4751.887890662627,-3714.7403631243337,0.0039997100830078125,0,10,459.7922210063788,3.0,140.14091432344014,1,49,41,49
6074.720445426447,1268.4007943822767,5.117381148816596e-06,-3146970.6269527744,-850117.9014294118,0.0059964656829833984,0,18,17677.451448655316,5.0,3878.118895288473,52,82,30,79
1.7334710894027394,0.36478159981958264,3.382932478797194e-06,0.7770711935876315,-0.02218586503690312,0.003999948501586914,0,10,10.0,1.0,0.26074086234602967,1,0,4,6
1.9015190218562825,0.6298281277248201,1.0055173357284463e-05,0.02244823013055952,-0.12496952954552287,0.0039997100830078125,0,10,10.0,2.0,0.2718406114608001,1,0,16,6
3.4139718126715604,0.22929852447740157,2.2932548620276447e-06,-0.16552035377159413,0.0,0.011006832122802734,0,10,10.0,0.0,0.28299177317562985,1,0,1,6
2.41425126578906,0.7803829487884573,7.1528018538172345e-06,-0.5705353288085777,-0.20277629146427323,0.0039980411529541016,0,10,10.0,3.0,0.3284690079401853,1,0,17,7
0.8807943428554403,0.43994192714131647,7.294942557361744e-06,0.7897638129515622,-0.09087067398031423,0.003998517990112305,0,10,10.0,2.0,0.3888462590668422,1,0,38,7
0.8713759561173967,0.4453888022710585,2.7973328309796823e-06,0.9023707731962461,-0.8136794074372389,0.003002166748046875,0,10,10.0,1.0,0.4011682258072198,1,0,2,7
2.904725764494026,0.3902711166318065,2.394888816066569e-06,0.30840723222004895,-0.6923504941893013,0.0030002593994140625,0,10,10.0,1.0,0.4391643383639272,1,0,9,8
1.764086873928617,0.4714366139088506,3.234868913371446e-06,0.7311767487567591,-0.34755188439887785,0.004000663757324219,0,10,10.0,1.0,0.4525516052053218,1,0,2,8
1.2686566216423836,0.597516641919216,5.616431902609905e-06,0.5026543691728287,-0.03180553700050415,0.004000663757324219,0,10,10.0,2.0,0.4796890887145526,1,0,19,8
2.2259644235880867,0.4269697980411824,2.5718792983273862e-06,0.3349103872376049,0.0,0.003994941711425781,0,10,10.0,0.0,0.5073121878776055,1,0,1,8
1.6020349748714184,0.48304068675740375,6.13659480080904e-06,0.3977205891852237,-0.2862222816601421,0.004000186920166016,0,10,10.0,1.0,0.5932915146442879,1,0,3,41
19.04293871096273,4.947380588896368,5.814305381652366e-06,-60.4887454620055,-31.964591191888793,0.003999948501586914,0,10,75.21467056933521,4.0,19.45466758159634,1,103,60,103
10.372800146454589,2.5414861479456197,6.341864437576121e-06,-39.245068921911,-19.414423466947124,0.0050013065338134766,0,10,33.81802107902918,2.0,8.319296087317959,1,84,32,84
2.1976957277155407,0.6483766501185732,2.9276688483515437e-06,0.42934120120280805,0.0,0.008994340896606445,0,10,10.0,0.0,0.7555629059155029,1,0,1,12
3.663924395978727,0.7791626801653301,2.5791844494255824e-06,-1.2715690305999097,-6.947418675580779,0.0030062198638916016,0,10,10.0,1.0,0.9427592403551537,1,0,2,11
7.155286991061179,1.8514272323112353,4.798895743412398e-06,-11.745066883320364,-16.26376699848635,0.004000425338745117,0,10,16.96783041959681,2.0,4.440458073967818,1,38,13,38
1.7883329595226658,0.9277834165029998,2.6782548235836912e-06,0.3059640543782376,-0.24505977683886204,0.004000663757324219,0,10,10.0,3.0,1.3116491334608682,1,0,6,17
5.948912550277381,1.656656900364639,3.4291498746303016e-06,-7.045296356668629,-14.253153706095166,0.004999876022338867,0,10,14.680955491478999,1.0,3.8291891370659368,1,33,9,33
4.111779485462812,0.8980595826005623,2.7879655195236834e-06,-1.8274054481794137,0.0,0.003002166748046875,0,10,10.0,0.0,1.1938993949593488,1,0,1,13
12.915665684035933,3.5860157562330395,4.203709436713497e-06,-53.449522354147156,-68.73172463110538,0.00500035285949707,0,10,35.60086662274944,1.0,9.77016704295957,1,40,6,40
2.4704003876125262,0.690524247371352,2.2084022413551426e-06,0.3155650756879116,0.0,0.0039997100830078125,0,10,10.0,0.0,0.9101772736127027,1,0,1,5
4783.6354212481365,989.9668854300783,6.1601012505162985e-06,-2675363.7796400413,-1326361.3922155134,0.005999088287353516,0,11,13098.470340411088,5.0,2819.454667967744,120,95,118,92
20.17065150495695,5.734606583049626,3.727896134092478e-06,-68.43661775094137,-94.49390246782171,0.003999948501586914,0,11,58.3233589708053,2.0,16.759322895829257,2,39,12,39
4.1640411386554295,1.143992602543391,2.7879655195236834e-06,-1.5571789062944346,0.0,0.004000186920166016,0,10,10.0,0.0,1.6387816088196416,1,0,1,13
34.45901698392188,10.074020587526713,3.750200824412471e-06,-249.5288335331895,-313.8664817063425,0.003999948501586914,0,10,107.57075209913873,2.0,31.494625593413048,1,43,14,43
5271.193643401167,1094.287764771677,5.615394046799101e-06,-680618.3274844311,-483810.4981935811,0.00500035285949707,0,22,14758.541155788878,6.0,3205.1008557619098,132,89,107,86
3.9808747650707366,1.1162264972581188,2.6285976709369077e-06,-0.8887196743899233,-8.571250420345951,0.0030007362365722656,0,10,10.0,1.0,1.7757697323594828,1,0,5,12
3363.689649098471,917.1225858493029,3.969929004285865e-06,-2281776.5816887994,-1583737.9113973044,0.003997325897216797,0,10,12497.24686381204,3.0,3196.5948599516196,1,79,52,79
57.117624567114575,17.12551580291994,3.7478106141733204e-06,-427.8760483176089,-624.15648981055,0.004000425338745117,0,10,185.83672523800456,2.0,56.01040420290971,1,44,12,44
5982.720865884642,1248.2207782341786,5.018948988683257e-06,-6507492.386822121,-1254651.3031512697,0.00599980354309082,0,12,17342.995070831264,4.0,3797.9804860105196,68,83,44,80
1.832670239581951,0.42053962159978003,3.0898394876342763e-06,0.7063448999301101,0.05678094221180707,0.004001140594482422,0,10,10.0,1.0,0.21685562138929992,1,0,4,6
1.3206471843168006,0.356933968121022,1.126763533500161e-05,0.6802194937820364,-0.04044850372205322,0.002996206283569336,0,10,10.0,1.0,0.24969250730176595,1,0,12,6
0.5582095466819401,0.27302515718544657,3.0197835916569848e-06,0.955287094079453,-0.346428177238989,0.003999471664428711,0,10,10.0,1.0,0.26074086234602967,1,0,4,6
0.8385216353273443,0.3673577363929939,7.741048421437932e-06,0.8593762934175913,0.02834771328795238,0.003992557525634766,0,10,10.0,1.0,0.3167539191414612,1,0,5,6
1.915977739825459,0.35935262106318944,2.8817871334537703e-06,0.5665471914576667,-1.4611479546973456,0.003000020980834961,0,10,10.0,1.0,0.3888462590668422,1,0,3,7
0.8383009318693704,0.42973136501644854,6.241492792048166e-06,0.9084725140293807,0.09512167421338924,0.0039997100830078125,0,10,10.0,1.0,0.4011682258072198,1,0,6,7
1.074963188791004,0.6578723485625236,5.717012526403544e-06,0.6381260617026976,-0.06651259369456808,0.003999471664428711,0,10,10.0,2.0,0.7550770936330333,1,0,18,60
1.8951089579912712,0.43507251552522896,2.6504128667327923e-06,0.48389074408347954,0.0,0.003000020980834961,0,10,10.0,0.0,0.5090549548198855,1,0,1,10
6.329327613166337,1.6628441091258606,7.15707444281237e-06,-8.754365483653485,-5.357859347158922,0.004999399185180664,0,10,21.289416896221603,3.0,5.2186635986250955,1,96,67,96
2.0365889311035508,0.5348444887420989,5.8825427120315485e-06,0.4092271467686419,-0.3511161942490595,0.0029997825622558594,0,10,10.0,1.0,0.5746084093530524,1,0,2,11
2.1148740766481584,0.6238096280445903,4.68072713260404e-06,0.5708361153747862,-0.3507721182715835,0.003000497817993164,0,10,10.0,2.0,0.7470505384055195,1,0,5,31
2.4372715850954485,0.548864093079332,3.7821131420472824e-06,0.31002043940312973,-0.40219016225418547,0.004975080490112305,0,10,10.0,1.0,0.7555629059155029,1,0,5,12
2.9790856007761963,0.5154889908067152,2.2932548620276447e-06,0.08640210121669878,0.0,0.0029997825622558594,0,10,10.0,0.0,0.6670984759020855,1,0,1,6
46.633011922024146,12.192516442508486,5.649565243107571e-06,-395.3909295060162,-624.9261355824833,0.005999565124511719,0,10,159.48271764705905,2.0,41.77953854729364,1,79,12,79
1.825718544302614,0.5838992555648939,2.580117422766031e-06,0.5289619811251172,-0.8183378167959319,0.003000974655151367,0,10,10.0,1.0,0.8746534952078533,1,0,6,11
1.6597078384966344,0.6518259540904083,2.5718792983273862e-06,0.6724577753665671,0.0,0.0029985904693603516,0,10,10.0,0.0,0.8372184554570188,1,0,1,9
178.63517482257606,49.08977241139923,3.741439715705841e-06,-4451.325152179815,-2817.930631776906,0.004001140594482422,0,10,668.2122244285057,4.0,184.05158366645753,1,77,57,77
8.926174446869382,2.6042526653487923,3.650570515124865e-06,-25.15944301176596,-21.267116795908482,0.003999471664428711,0,10,24.911400881046827,2.0,6.650827527654759,1,40,14,40
3.1778900228236697,1.1130608072534232,2.885872879719677e-06,-0.161544600312588,-0.42848759020832716,0.0040056705474853516,0,10,10.0,3.0,1.6455621252511579,1,0,4,17
4725.7295595236355,977.0485588343084,5.257264491626784e-06,-6309861.68097245,-1432349.2826870945,0.00499725341796875,0,10,12603.324570319848,4.0,2719.015441615513,1,98,78,94
5041.297675006972,1043.2345924109106,5.24560820825443e-06,-1594574.018660395,-755214.0323553259,0.004999876022338867,0,16,13098.470340411088,6.0,2819.454667967744,52,95,58,92
3.211013976556019,1.0325924280728334,2.614641137186108e-06,-0.7963375186640596,-2.4259743608625643,0.003986358642578125,0,10,10.0,2.0,1.528035093579926,1,0,9,13
4940.95946512524,1023.4734536958457,5.7653992227218184e-06,-4591954.507897782,-1347629.1094660815,0.004999399185180664,0,12,13622.012984388946,3.0,2943.2004945782337,93,93,65,90
10.357969306167266,2.8145827878445155,3.7642512906741555e-06,-15.101777637848937,-71.42858303662268,0.003000020980834961,0,10,24.382902337000825,1.0,6.7285804341624385,1,31,8,31
5800.2070430454,1208.5933080417844,5.1002651985017945e-06,-5583038.210504073,-1121656.968856904,0.005002498626708984,0,14,16663.397254707175,5.0,3646.939299843336,39,84,136,81
1.4754630165649552,0.1823572615873093,2.3813905226703515e-06,0.6861994791710332,0.0,0.0030035972595214844,0,10,10.0,0.0,0.21685562138929992,1,0,1,6
1.427319583198966,0.36621090712376914,1.0381276150243827e-05,0.4026049939708706,-0.03947863259491502,0.003999948501586914,0,10,10.0,1.0,0.22774990534718664,1,0,8,6
1.2285818821160812,0.2754303533252129,2.668216925885492e-06,0.722727313543698,-0.0683881367543262,0.0029981136322021484,0,10,10.0,1.0,0.20601265740677754,1,0,5,6
1.167537286895773,0.42319563112345554,7.019802571858563e-06,0.7006492006980656,0.03544217712259512,0.0039997100830078125,0,10,10.0,1.0,0.34037636304347596,1,0,3,7
1.8401326106998326,0.5110722145805591,5.626828060633848e-06,-0.04336565594850539,-0.07134141798201799,0.004000663757324219,0,10,10.0,2.0,0.3523664514898337,1,0,30,7
1.324256239023373,0.5540963348251082,9.129326496791034e-06,0.5692103620264269,-0.07259882700886378,0.004017829895019531,0,10,10.0,2.0,0.36445147384854404,1,0,36,7
1.2207281899957643,0.5180903710589828,3.6817534684494897e-06,0.7285651523041284,0.06637345188161914,0.005058765411376953,0,10,10.0,2.0,0.3766073704703323,1,0,9,7
1.5761885202950212,0.5983816662300121,2.6942028211821925e-06,0.7664572809132266,-0.03205707679588632,0.004981517791748047,0,10,10.0,2.0,0.46605977120887765,1,0,5,8
1.6141604311754452,0.4842546050028494,5.0389759504061436e-06,0.6623037863169285,-0.05526135109909536,0.0040018558502197266,0,10,10.0,1.0,0.629578897279544,1,0,4,12
73.11145665194927,19.14267537265694,6.637312202020601e-06,-1430.553699968258,-607.3160979276934,0.005001068115234375,0,10,283.9699731648099,3.0,75.57559554525375,1,98,5,98
2.766015852803621,0.875304928967886,5.328425011584916e-06,-0.8201762734855611,-0.9675381539318813,0.004000663757324219,0,10,10.0,2.0,1.9221432285129296,1,0,22,42
9.164587959132373,2.472015334652946,7.170828831297132e-06,-28.771856317019765,-18.982957642424626,0.004998683929443359,0,10,26.902725699818596,2.0,6.825212218629208,1,55,13,55
2.8113548704012863,0.9180449466880929,3.830230461638915e-06,-0.869209479474705,-0.7491639890580115,0.004001140594482422,0,10,10.0,2.0,1.8331448293870123,1,0,10,33
4.007386540328635,1.1218115084214126,4.155713890136163e-06,-2.246572723344609,-5.8725048819407535,0.003999233245849609,0,10,10.0,1.0,2.151401106684663,1,0,3,28
4.585332323216633,1.20950558018787,4.232563751015262e-06,-3.1468701183292556,-7.9152322644435245,0.003998279571533203,0,10,10.0,1.0,2.399722905096186,1,0,11,28
4201.97523995101,867.3359195247702,4.781308477938216e-06,-411954.07505605306,-221751.03316173772,0.004996538162231445,0,27,11294.270537798579,8.0,2423.570436675561,145,105,148,102
100.82221249207265,28.77906347168328,3.874178401204671e-06,-1518.4497057992007,-925.2641129250792,0.00400090217590332,0,11,355.9568805170377,3.0,101.58235564636743,43,59,11,59
4862.490978056214,1006.5635673641939,5.493089118299586e-06,-5066531.5382167315,-994386.3431084395,0.006001949310302734,0,10,13362.46873438049,5.0,2882.112226714027,1,94,50,91
3.5638140890758363,0.9211633755842389,2.668785283792744e-06,-0.6529727201539555,-2.6204457152757312,0.0029990673065185547,0,10,10.0,1.0,1.7468896756577967,1,0,5,15
6177.544405834665,1315.2405013584507,4.044774850898207e-06,-13017638.968346212,-2240436.9714935133,0.0050008296966552734,0,10,14758.541155788878,3.0,3205.1008557619098,1,89,9,86
5358.463501428117,1113.0392976230066,4.942528191243349e-06,-1365473.2145653483,-616631.8368329153,0.0050008296966552734,0,20,15060.569455214089,5.0,3273.629444096754,133,89,53,85
5445.4872042027155,1131.7423192656004,5.307187800901222e-06,-1649193.9175786811,-927726.1194107422,0.005000114440917969,0,21,15378.699409337345,6.0,3343.456557188285,31,88,31,84
0.9688163720390397,0.36383141064693214,6.664353736777637e-06,0.8333802874513352,0.08914565802632701,0.0029997825622558594,0,10,10.0,1.0,0.21685562138929992,1,0,5,6
1.7638262347272167,0.4067857571914914,7.756301187248685e-06,0.49775087166732135,-0.07873713778822644,0.004000425338745117,0,10,10.0,1.0,0.24969250730176595,1,0,9,6
1.3799804126491513,0.2638825378353586,2.3813905226703515e-06,0.7614909195403119,0.0,0.0039997100830078125,0,10,10.0,0.0,0.3167539191414612,1,0,1,6
1.7633766196009932,0.4065977642461653,2.6695483203746304e-06,0.725961586285583,-1.4925431854181639,0.0039997100830078125,0,10,10.0,1.0,0.3523664514898337,1,0,2,7
0.8042034849103504,0.3487715911699021,2.805009580195662e-06,0.9170950450962573,-0.8339813900160253,0.003999948501586914,0,10,10.0,1.0,0.36445147384854404,1,0,10,7
1.4608737235441138,0.3602117874110839,2.731167290909528e-06,0.655535001340122,-1.0853085466231978,0.003999948501586914,0,10,10.0,1.0,0.3888462590668422,1,0,9,7
1.1680711252764184,0.3863477479463618,2.8743076261821516e-06,0.8617258649357948,-0.5113038962251579,0.004000425338745117,0,10,10.0,1.0,0.4011682258072198,1,0,3,7
1.7327038606150167,0.5728068447554147,6.338134600526245e-06,0.5564041435516905,0.0028018442554839096,0.0050008296966552734,0,10,10.0,2.0,0.46605977120887765,1,0,25,8
0.9676099279041857,0.44573218934799125,4.110870702757148e-06,0.8412397502993522,-0.4304757292708652,0.004999876022338867,0,10,10.0,1.0,0.4796890887145526,1,0,3,8
1.5353703991880019,0.7038685459181732,5.7658956178602905e-06,0.13778808450755453,-0.028172090391742843,0.003999471664428711,0,10,10.0,3.0,0.5763041539821647,1,0,16,40
2.4807265734888464,0.7135938802045462,6.47420836396003e-06,-0.13423871545337862,-0.3256758957024197,0.005000114440917969,0,10,10.0,2.0,1.0740548724890053,1,0,11,56
2.633997992504307,0.674955756766592,6.91371352035266e-06,-1.23324423535946,-2.94239179070314,0.003999471664428711,0,10,10.0,1.0,1.3965703664681444,1,0,15,59
1.2170408717991503,0.6014532749389295,5.3040584358648484e-06,0.6674384361352081,0.001939411328636953,0.003999948501586914,0,10,10.0,2.0,0.7646906176510222,1,0,20,34
1.9634604140481051,0.7006342439326301,5.653079477445327e-06,0.19301912187241466,-2.0680521485690497,0.005000591278076172,0,10,10.0,1.0,1.2762498795875263,1,0,6,44
2.3662461470913594,0.6756757878259472,5.244792700695595e-06,0.004907018272729768,-0.6000983986579753,0.005000114440917969,0,10,10.0,2.0,1.221193743447091,1,0,13,37
10.866134256946678,2.6811650337852626,3.784419199056353e-06,-7.20457924627887,-6.3224525701086405,0.003999471664428711,0,16,31.884080618488817,4.0,7.879281626286744,35,68,35,68
11.682406013042872,3.064706930828993,3.856728806808582e-06,-17.197148033810702,-20.98108656820022,0.004000186920166016,0,10,33.91018116138916,2.0,8.72239306032472,1,55,6,55
4.3318245644908036,1.2235936986913751,4.323627601925146e-06,-3.564729221541013,-12.10260692730385,0.003998517990112305,0,10,10.280785084811184,1.0,2.5721551828772142,1,37,14,37
9.843435163899045,2.745193576144246,3.4334564214185724e-06,-28.12397238697098,-17.66078876505662,0.0029993057250976562,0,10,31.186965317232648,2.0,8.085512353909476,1,51,15,51
5.978789968237805,1.6446494417202124,3.639576550653948e-06,-3.640868652723719,-25.05693153991751,0.004000186920166016,0,10,13.853040520441056,1.0,3.592251104557331,1,33,7,33
4198.142641647861,866.5181297816162,4.7468013239073365e-06,-212999.98021591644,-144610.23524849274,0.004999637603759766,0,39,11294.270537798579,11.0,2423.570436675561,141,105,138,102
4861.47372112148,1008.8933599241409,4.62362149415331e-06,-5609250.269539274,-1079898.831871712,0.004998922348022461,0,10,11908.532474658967,4.0,2553.9991449392255,1,101,79,98
112.33642322116584,32.29002202836013,5.979601112513262e-06,-1541.1466830391255,-3038.290592170961,0.003999948501586914,0,10,395.18401055759864,2.0,113.28939158976823,1,59,24,59
4.080848519252808,1.2724726852140251,2.845555760293072e-06,-2.201445581933626,-4.852961884963638,0.004000186920166016,0,10,10.0,2.0,2.1283018040651864,1,0,9,20
4933.97580002736,1022.0289265803084,4.560634182552284e-06,-172968.53828693955,-103310.4583661416,0.005000114440917969,0,54,13622.012984388946,16.0,2943.2004945782337,143,93,140,90
5678.8365122492305,1178.6378587162278,5.013148173070394e-06,-5519065.379890137,-3172602.204565682,0.004999876022338867,0,12,13897.020227659601,3.0,3002.390882106907,3,92,3,89
26.843978309959926,7.996720204062393,4.746344081894451e-06,-133.52608091182947,-77.71838800761567,0.003999948501586914,0,10,84.0718996528393,4.0,24.468644822225954,1,41,15,41
53.054874469327906,15.830391192763043,4.998588034039323e-06,-647.7605170198256,-484.15067185919446,0.0029993057250976562,0,10,173.4281395571946,3.0,52.05751747657476,1,44,18,44
6663.243480705701,1390.1533289788858,4.8511513034169895e-06,-3284703.5534878634,-1155710.021862538,0.004999399185180664,0,15,17342.995070831264,6.0,3797.9804860105196,33,83,25,80
3.3231360849279103,0.970836597973318,2.3664879906208777e-06,-0.10432334389499998,-8.543052462139611,0.002998828887939453,0,10,10.0,1.0,1.4441024397790603,1,0,4,8
0.9557280660218844,0.3040491055906766,2.624752318971467e-06,0.898308743732051,-0.30194584209773945,0.0029997825622558594,0,10,10.0,1.0,0.26074086234602967,1,0,3,6
1.376398399836334,0.45079793753917496,2.9654520348625697e-06,0.7579955440973108,-0.018916385510224787,0.0029997825622558594,0,10,10.0,2.0,0.28299177317562985,1,0,5,6
1.353182735405087,0.3122709907860759,2.8775688644730924e-06,0.7304385939875188,-0.37331050125178766,0.0030019283294677734,0,10,10.0,1.0,0.29419436601291904,1,0,9,6
1.0670237572094632,0.4153284870582638,9.892506005939507e-06,0.8505490073251285,-0.013903454375047808,0.0030002593994140625,0,10,10.0,1.0,0.30544840849155475,1,0,7,6
1.2271932873480855,0.26179340693381875,6.372059044542187e-06,0.7401451249883089,-0.10146802004668576,0.003000497817993164,0,10,10.0,1.0,0.20601265740677754,1,0,8,6
2.353787037649852,0.5355818745158726,4.676852953302874e-06,-0.48235810531330214,-0.22388456238905996,0.004002094268798828,0,10,10.0,1.0,0.3167539191414612,1,0,8,6
0.8310443131061297,0.3982293508135704,6.952860835483987e-06,0.8979220138943728,0.03354098601924993,0.0039942264556884766,0,10,10.0,1.0,0.3284690079401853,1,0,4,7
0.8036391514781658,0.32182345802296286,3.2505338898470597e-06,0.9028307213930202,-0.3044930684002556,0.003999471664428711,0,10,10.0,1.0,0.34037636304347596,1,0,5,7
1.0097637598410336,0.693922495426906,4.783151251833143e-06,0.8423374203528959,-0.10601061187417393,0.004004955291748047,0,10,10.0,2.0,0.5575395567240176,1,0,4,10
1.0639313577454994,0.5029485426544867,3.861371538405677e-06,0.7990225013622484,-0.41404666399034107,0.003999233245849609,0,10,10.0,1.0,0.5746084093530524,1,0,4,11
1.9047505124081106,0.5394177322546784,4.803603713252127e-06,0.4389968930915633,-0.8870356916619695,0.004011392593383789,0,10,10.0,1.0,0.6496846409959987,1,0,5,12
1.3234750798977548,0.49480863559987315,2.1695612181026325e-06,0.7010626069998305,-1.238496785044188,0.0029990673065185547,0,10,10.0,1.0,0.623436124467065,1,0,3,7
28.13073675398722,7.200162484148147,5.47992185714135e-06,-142.4883681454447,-129.06310259038034,0.004998683929443359,0,10,93.92756322660149,2.0,24.11462935554536,1,79,8,79
79.73786104594429,21.113674853687613,4.997686007767295e-06,-1015.6754569807291,-695.2414603549103,0.003993511199951172,0,10,289.7782171511435,3.0,77.09024726651734,1,84,22,84
3503.710422198175,723.8264822319173,4.583637088046704e-06,-336795.32982805034,-172693.62018656664,0.005001544952392578,0,27,9410.956883339068,10.0,2017.1474776207033,71,124,71,121
44.19598407618037,11.777441894620306,4.911126433460684e-06,-299.585392675993,-221.08671335708888,0.005001544952392578,0,10,147.58876085981217,4.0,39.305502536781944,1,67,24,67
2.160357932128527,0.5988798523599401,2.2932548620276447e-06,0.3027738617359095,0.0,0.0029959678649902344,0,10,10.0,0.0,0.7846975485409029,1,0,1,6
3.716094247655861,1.015793767083208,3.895156803414112e-06,-1.465956510260889,-5.448981107781839,0.0039997100830078125,0,10,10.0,1.0,1.7417324003761285,1,0,7,24
4197.9689658753205,866.6757301257153,5.203332960693622e-06,-392466.53230195004,-194835.96840883998,0.005999326705932617,0,29,11294.270537798579,12.0,2423.570436675561,128,105,128,102
2552.387402973937,675.0509617497795,4.410887339779217e-06,-2388677.9046064527,-1076168.7353012096,0.003939151763916016,0,10,9609.667541530955,2.0,2400.609509636992,1,91,5,91
14.949982146368908,4.319249914179997,3.664661865384777e-06,-38.33655294547969,-23.717468682891894,0.003979206085205078,0,10,43.09289848507674,4.0,12.170224495436884,1,38,22,38
4.228494279446841,1.1018934043599797,2.881592260376044e-06,-1.9861716980958501,-6.024835360023863,0.0039997100830078125,0,10,10.0,1.0,1.9190859444150306,1,0,7,17
4941.389818354664,1023.5263532099749,5.276949666432149e-06,-1886504.437729871,-998776.0933726478,0.004999637603759766,0,19,13622.012984388946,6.0,2943.2004945782337,145,93,139,90
11.39286664100011,3.251577773109609,3.0145372727328705e-06,-28.17524207533762,-11.704248615650735,0.0030012130737304688,0,10,31.03350236360624,3.0,8.746686596097021,1,29,16,29
6076.348030676772,1268.551661077519,5.351350202986274e-06,-8990747.065724714,-3018298.8189819087,0.004998922348022461,0,10,17677.451448655316,4.0,3878.118895288473,1,82,71,79
1.064845061400642,0.34236845335121163,6.266043480680954e-06,0.8084108440183534,0.04273471089084391,0.003998994827270508,0,10,10.0,1.0,0.21685562138929992,1,0,6,6
1.3356292380706563,0.580383389856308,8.69899170542973e-06,0.7167517308147047,-0.14143722686555638,0.002999544143676758,0,10,10.0,2.0,0.30544840849155475,1,0,15,6
2.644024687903077,0.7650522617310345,1.1264427824727741e-05,-1.6452583993093852,-0.29552257094059153,0.004998922348022461,0,10,10.0,3.0,0.3523664514898337,1,0,66,7
0.8348324630783929,0.41723460475120017,2.985446186091833e-06,0.8940197000215491,-0.04740970433470615,0.003000974655151367,0,10,10.0,1.0,0.3888462590668422,1,0,3,7
1.2871314653358856,0.4666903037267344,5.460551513238631e-06,0.5748721417759384,-0.0936242910815186,0.004000663757324219,0,10,10.0,1.0,0.5107610193976333,1,0,3,50
0.9105481042981453,0.4461822669975536,3.7045995323956407e-06,0.7892618480917912,-0.21764486445944997,0.003998994827270508,0,10,10.0,1.0,0.4934398101223165,1,0,3,8
3.6633138761935884,0.9687238170621415,9.662418632110504e-06,-3.04274420495564,-1.3890670985434572,0.004000663757324219,0,10,13.046438188913555,2.0,3.0820907550558445,1,82,19,82
1.6463474074982312,0.5946142440413323,2.555484800148624e-06,0.7049839688515758,-1.5456759143612855,0.0029993057250976562,0,10,10.0,1.0,0.6108480083939005,1,0,2,11
2.813461250639,1.0104904471858671,4.38850020348476e-06,-1.0158571832854952,-0.7556668168950529,0.002998828887939453,0,10,10.0,3.0,2.050048907936991,1,0,20,47
6.75618183607618,1.7764721093685574,4.035077931826082e-06,-2.1304207140275295,-1.7654027102298744,0.0030002593994140625,0,13,16.722537535852716,5.0,4.2053533675345065,13,48,12,48
3552.1214415020536,733.7923759282368,4.866954547789097e-06,-694219.563703613,-332979.242602082,0.005000114440917969,0,24,9537.13065080087,5.0,2041.2349109688375,124,122,63,118
2.3667067847988874,0.7527587220735853,2.995944072871591e-06,0.30513070004057585,-3.2616478210518016,0.0040018558502197266,0,10,10.0,1.0,1.0515921908689068,1,0,7,18
3583.4617097533646,789.2293941092079,6.1069503459944e-06,-2177017.0647547953,-1200544.2334450125,0.004998445510864258,0,11,9784.833327795108,2.0,2095.7633893673,2,119,2,115
3944.5852683644753,813.5133020941107,6.658990494376421e-06,-2346754.820735634,-826710.8950101678,0.005000591278076172,0,11,10387.306263370661,4.0,2224.199858844242,67,112,35,109
17.525317494167567,4.871780940845855,4.658825119089913e-06,-79.3518086205985,-159.80114861510108,0.004000186920166016,0,10,52.22603525381088,1.0,14.10487588035268,1,49,5,49
29.106568214501287,8.203469584667749,3.964014689591822e-06,-175.6228924895246,-118.39923008342814,0.004001140594482422,0,10,91.08708224042408,3.0,25.323149754170316,1,50,25,50
4480.926778697111,925.9120500783519,5.417631327831527e-06,-298511.07301595906,-211069.75578906288,0.004999876022338867,0,33,12138.252507669175,10.0,2607.291555895312,143,100,145,97
4784.635759707636,990.1781978632499,5.790765030839527e-06,-4482092.224424988,-1358719.7088743253,0.005000114440917969,0,11,13098.470340411088,4.0,2819.454667967744,42,95,132,92
4996.634592602856,1035.7479868165397,4.4731359094118614e-06,-32558.979829655378,-24030.673212242717,0.006000041961669922,0,92,13897.020227659601,26.0,3002.390882106907,148,92,120,89
5431.503998281156,1129.3160998480473,4.820260881189111e-06,-39277.82673660583,-34491.0862473437,0.004999637603759766,0,105,15378.699409337345,27.0,3343.456557188285,150,88,142,84
5874.003337851942,1224.6969754670836,4.6175658084153165e-06,-15463.779011614537,-14332.741224371392,0.00500035285949707,0,162,16996.495808895157,42.0,3718.3967261604375,146,84,146,81
0.8530398629849206,0.28928979849391073,9.129471894833028e-06,0.8426933527166532,0.028771918603222923,0.004001140594482422,0,10,10.0,1.0,0.24969250730176595,1,0,6,6
2.696267763917262,0.6427467148131686,9.72517844452104e-06,-1.3139662799179965,-0.29745041295963737,0.00400090217590332,0,10,10.0,2.0,0.26074086234602967,1,0,66,6
2.0374185753616527,0.3475526482758678,6.452273150220146e-06,0.2565239788844106,0.01352511285751945,0.003000497817993164,0,10,10.0,1.0,0.28299177317562985,1,0,7,6
1.2289244237670136,0.37907605519413007,2.5881222767166426e-06,0.8125200392554514,-0.03463032047511061,0.0030176639556884766,0,10,10.0,1.0,0.30544840849155475,1,0,3,6
0.7514865542297109,0.4247423202569837,3.863259394541985e-06,0.915485828478094,-0.04377779485715538,0.003998994827270508,0,10,10.0,1.0,0.20601265740677754,1,0,2,6
1.0972369285650427,0.4329376507013332,1.437157573763952e-05,0.7888791526266521,-0.01638145416981085,0.003999948501586914,0,10,10.0,1.0,0.3167539191414612,1,0,2,6
0.5440863214938767,0.31829676632773696,3.3289709663824016e-06,0.9495801891005203,0.0,0.0030007362365722656,0,10,10.0,0.0,0.4011682258072198,1,0,1,7
1.2594170442320687,0.35370042624849274,2.5718792983273862e-06,0.8166322206587004,0.0,0.0029997825622558594,0,10,10.0,0.0,0.4135733568685813,1,0,1,7
1.4183842690735278,0.49679246504581426,9.439547584112459e-06,0.20398088516639423,-0.05743104354028339,0.003998994827270508,0,10,10.0,2.0,0.4783039808156948,1,0,21,63
14.876926037443004,4.074518584927694,6.978382599728946e-06,-48.71169294225208,-20.56728101404935,0.005000114440917969,0,10,70.0233174608818,4.0,18.933042048405042,1,129,59,129
1.5301698177749223,0.5527123787839608,2.5636275570050435e-06,0.7161915550025044,-2.999154564289778,0.002998828887939453,0,10,10.0,1.0,0.6673330932599839,1,0,3,11
998.0395946483471,271.9042287950315,5.19338202204643e-06,-268859.3690979894,-143671.21059024974,0.005000114440917969,0,10,4695.590338230664,3.0,1252.4413201630496,1,127,25,127
3049.0459552320067,646.2760045799657,5.973231967706941e-06,-2178091.880119173,-640121.2782614598,0.005000591278076172,0,10,8628.461630430913,3.0,1859.721943362989,1,137,26,134
3393.706684271009,702.5689571930349,5.568867870686414e-06,-662205.6410898331,-280144.0570390081,0.006000041961669922,0,15,9177.275717176093,6.0,1969.0852230339806,116,127,132,124
315.37155847059273,85.96963301285305,5.928336554170333e-06,-37315.84790583017,-29075.621468304635,0.0049991607666015625,0,10,1280.846061800739,2.0,352.39619832402695,1,94,62,94
5.7088189489772345,1.41572928534716,6.080351311445043e-06,-5.825700626162441,-5.012868228168739,0.00400090217590332,0,10,12.594957796451544,2.0,3.2187381483980744,1,35,7,35
2.8227276789644176,0.8362767440956189,2.8686569065330128e-06,0.14868337366631346,-1.057883344081418,0.0029993057250976562,0,10,10.0,2.0,1.1059969866682984,1,0,7,15
4338.083494505471,895.5243110127077,4.710705453979204e-06,-1226256.7153758127,-359760.2511231489,0.005000114440917969,0,20,11689.988758313157,7.0,2509.9090213133895,68,103,68,99
4916.675158726784,1017.9909243630756,4.6963874671548825e-06,-3403204.746458011,-900289.0563640894,0.005000114440917969,0,12,12138.252507669175,5.0,2607.291555895312,37,100,37,97
4625.993220523862,956.3411001140165,4.774215338922304e-06,-551514.6776342539,-224407.25239655364,0.005000114440917969,0,23,12603.324570319848,9.0,2719.015441615513,127,98,114,94
3.2176645504107717,0.7982995320314431,2.3813905226703515e-06,-0.3804486878626874,0.0,0.002998828887939453,0,10,10.0,0.0,1.0756005698116522,1,0,1,7
4853.547371021917,1004.7133631863821,4.643162247668525e-06,-267084.82272877323,-137571.08653582793,0.0050013065338134766,0,40,13362.46873438049,12.0,2882.112226714027,133,94,124,91
102.64114959288653,29.995846066672204,4.394639360122524e-06,-1777.9994925193523,-3707.1009717954644,0.003999948501586914,0,10,355.1442284273478,2.0,103.67227884055427,1,54,11,54
3.0128383947033623,1.226802324650595,2.7879655195236834e-06,-0.8826775214278852,0.0,0.003999471664428711,0,10,10.0,0.0,1.7943666711565953,1,0,1,13
5516.6132954291925,1147.4403753244512,4.934478776049935e-06,-42985.44838939247,-32718.74856614005,0.0049991607666015625,0,96,15702.200670078084,30.0,3417.338097245505,150,87,145,84
4.710133054361185,1.2554845151452612,3.182143458213514e-06,-3.1275076074020136,-9.346610003820516,0.003000497817993164,0,10,10.0,1.0,2.147543418167402,1,0,7,15
5985.449242867407,1248.852454978789,5.656761225672989e-06,-2833745.0253121583,-1213573.8451340892,0.005002737045288086,0,14,17342.995070831264,6.0,3797.9804860105196,132,83,130,80
6068.6015304385455,1267.2047232373798,4.801861820796331e-06,-118443.49101739767,-82338.73504646831,0.004999637603759766,0,90,17677.451448655316,22.0,3878.118895288473,150,82,149,79
0.7016758039593941,0.17966594743708023,2.838833718643192e-06,0.9406331671388188,0.0,0.004000186920166016,0,10,10.0,0.0,0.21685562138929992,1,0,1,6
1.0727275909090375,0.39874487625786426,1.1390456885779121e-05,0.7448567987439492,-0.07962125676798726,0.00400090217590332,0,10,10.0,1.0,0.22774990534718664,1,0,11,6
1.2307511705280092,0.4513268374479284,3.1256796354444936e-06,0.7485339027556238,-0.14748698333088472,0.004000425338745117,0,10,10.0,1.0,0.24969250730176595,1,0,2,6
1.7565077547614512,0.6190948388775792,1.3320804155558164e-05,-0.5070883186401491,-0.3401178569415084,0.004999637603759766,0,10,10.0,2.0,0.2718406114608001,1,0,25,6
1.888259162543812,0.44629638608302213,1.4046510156362706e-05,0.5010940979286745,0.024015725269247,0.0040013790130615234,0,10,10.0,1.0,0.28299177317562985,1,0,6,6
0.7599236662465383,0.42113080588243174,4.130276167526197e-06,0.9047405460649885,0.09309068126779707,0.003998994827270508,0,10,10.0,1.0,0.30544840849155475,1,0,4,6
0.6408209989649031,0.4784413515742826,3.3440296232752168e-06,0.9437648509100602,-0.0676591739562793,0.0039997100830078125,0,10,10.0,2.0,0.34037636304347596,1,0,4,7
1.0944255025891563,0.469626858505861,8.824303307473618e-06,0.6049762387033958,0.007527761964622237,0.004000186920166016,0,10,10.0,1.0,0.3766073704703323,1,0,4,7
1.048923334527236,0.49791924676930804,7.380236482628235e-06,0.5831868569748748,0.008305694786739592,0.004000425338745117,0,10,10.0,2.0,0.3888462590668422,1,0,48,7
1.9803581435881765,0.3015788599232191,2.2084022413551426e-06,0.6284593116643781,0.0,0.00400090217590332,0,10,10.0,0.0,0.3844020407253914,1,0,1,5
1.3036481568460472,0.48946131115119307,2.5471121306734135e-06,0.8123253171578789,-2.1362201833085175,0.004000425338745117,0,10,10.0,1.0,0.4525516052053218,1,0,2,8
37.334672964614064,9.621523332032229,5.445519056499819e-06,-322.9293491363703,-132.78279913799267,0.0039997100830078125,0,10,140.31562681405688,3.0,36.608428404263634,1,98,26,98
2621.822468780206,585.7912982322425,4.845456352027541e-06,-273862.1565536486,-137310.8411211984,0.004999637603759766,0,20,8164.927647260038,8.0,1764.3063376757964,88,144,86,140
11.00136377266438,2.739679305581965,5.793275027694596e-06,-31.31622689603008,-31.8634193779546,0.004998683929443359,0,10,32.6233576206112,2.0,8.049109066988649,1,71,5,71
3138.061870258108,659.1780860300379,5.349795891731286e-06,-1401356.4608989733,-481605.1258522188,0.006002187728881836,0,11,8742.473564364924,4.0,1890.7582170167216,110,135,99,132
3.0356220968732712,0.8628796683983273,3.625740578019834e-06,0.1556323912992057,-0.5452655087761216,0.0030002593994140625,0,11,10.0,3.0,1.3736013726553598,8,0,4,33
3427.4703308222106,708.6351013720272,5.4055357738692525e-06,-29587.41174883612,-21985.322923650358,0.004999876022338867,0,68,9288.20571589841,20.0,1993.7483965185274,145,125,145,122
143.26668920890333,38.517881224418616,5.338664982187811e-06,-5965.750470002725,-3840.2600587090096,0.00400090217590332,0,10,545.8571369634395,2.0,147.45902418758624,1,87,7,87
30.442283098958512,8.264771357341392,3.9398855349912975e-06,-68.84881611550763,-47.29229126741584,0.0050008296966552734,0,14,99.88898538350188,5.0,26.428600249051158,16,64,13,64
3.276822648067666,0.5133470362882354,2.1377069521788066e-06,-0.04859049481339728,0.0,0.0030002593994140625,0,10,10.0,0.0,0.7040894994695246,1,0,1,4
3.2632580771267916,1.0029070363105426,4.191441375969394e-06,-1.5354412566507727,-1.0161253254634213,0.004000186920166016,0,10,10.0,2.0,2.174153673100661,1,0,7,29
10.289772948499143,2.7606136535087065,4.892971571587601e-06,-21.97243148747339,-19.42203817180092,0.004576206207275391,0,10,27.626901351188145,2.0,7.415964778206977,1,42,9,42
4076.7769503142245,841.0454005479625,6.086650581536962e-06,-5667577.269635202,-2467907.316035797,0.005000114440917969,0,10,10910.834627738948,2.0,2340.0912858826314,1,108,41,104
379.1378358640583,105.96309164535106,6.026124766430877e-06,-46464.538205745856,-33038.2328563967,0.004999876022338867,0,10,1476.3277276881656,3.0,412.80357168563137,1,79,70,79
25.20488129047453,7.262847788472304,3.5275428630657114e-06,-145.29836976485652,-70.05193695920936,0.003996372222900391,0,10,82.20491560780958,4.0,22.820565146069185,1,49,16,49
360.75358653965594,103.05578283361284,4.57180420090242e-06,-38201.836389759366,-51405.76269124784,0.004997968673706055,0,10,1379.0502139604175,1.0,392.7888190080671,1,71,3,71
4689.2779360611385,970.0349359783179,4.485952133453436e-06,-24219.77223713427,-19368.890883479646,0.004999876022338867,0,126,12848.471947829032,33.0,2769.481252863694,149,97,149,94
5106.248336359295,1058.8027902402284,5.110753965306285e-06,-1579159.9487804107,-706136.1558456115,0.0049991607666015625,0,17,14181.39979077498,7.0,3066.637398534025,144,91,144,88
3.5133982751472086,0.7840687935865642,2.2324480317831877e-06,0.011246663144340086,-4.620698268126082,0.002999544143676758,0,10,10.0,1.0,1.1585297593371298,1,0,5,7
8.000942656142634,2.1070659519546013,3.110066165041986e-06,-9.035759825958428,-10.3683916738605,0.0030002593994140625,0,10,17.100583351713603,2.0,4.552546093408193,1,25,9,25
5694.306031117719,1185.9215517521916,4.904847546932801e-06,-16529.974712601033,-13235.738405797596,0.004999876022338867,0,176,16346.716025016762,45.0,3568.6413368810972,150,85,145,82
5855.507737095258,1221.5884708983529,4.488258128464612e-06,-4545.938236904046,-3933.42763822474,0.005002021789550781,0,294,16996.495808895157,77.0,3718.3967261604375,143,84,148,81
6061.949301621779,1266.032674791804,4.586172000074216e-06,-4646.331403812973,-4002.6643591906113,0.005000114440917969,0,353,17677.451448655316,90.0,3878.118895288473,150,82,150,79
2.1203511701826354,0.43245200002124295,3.94983852204466e-06,0.39929665671550774,0.002588094280676745,0.0039997100830078125,0,10,10.0,1.0,0.21685562138929992,1,0,3,6
0.7599795041778943,0.3191436625218893,3.639646081705001e-06,0.9057403464357402,-0.08143577986372619,0.004000425338745117,0,10,10.0,1.0,0.29419436601291904,1,0,9,6
0.5744395500667318,0.2372536684823231,3.1396869119388503e-06,0.9335645983387933,0.0,0.003999948501586914,0,10,10.0,0.0,0.30544840849155475,1,0,1,6
1.216920745701387,0.45325131721296963,7.441243282880392e-06,0.6833386686948323,-0.05946670166371981,0.0039997100830078125,0,10,10.0,1.0,0.46605977120887765,1,0,3,8
2.4470796325636366,0.7956947385287182,3.365929335480793e-06,-0.502920465093718,0.05030482461657215,0.0030014514923095703,0,10,10.0,3.0,0.4934398101223165,1,0,11,8
1.6974669598141234,0.5028207557435848,2.838833718643192e-06,0.6449541796694218,0.0,0.003000020980834961,0,10,10.0,0.0,0.5746084093530524,1,0,1,11
2405.989184135602,553.2211163597532,5.9545897192470535e-06,-982822.0280477027,-392935.1529639064,0.004999637603759766,0,10,7991.002518966447,4.0,1719.081702070799,1,146,122,143
3.672961613225635,1.2317760449094162,4.6075022748194814e-06,-2.1121294654460003,-1.846070790449418,0.004000186920166016,0,10,12.323175787439318,3.0,3.031918990271226,1,48,12,48
7.829867097224005,2.158060962512501,3.845323231957526e-06,-6.901466674241639,-5.841548753579768,0.003998994827270508,0,11,23.441440189196804,4.0,5.913182959860478,26,53,21,53
46.20387972012223,12.221630095018156,3.4864560754303546e-06,-416.4344474383775,-176.96018292667557,0.00400090217590332,0,11,160.49459358713466,3.0,42.35983623775067,25,75,19,75
3.1802071921744077,0.7552324207421562,2.810595655973828e-06,-0.26703034613614207,-8.166757292965205,0.0029990673065185547,0,10,10.0,1.0,1.0163828152456111,1,0,14,14
3833.4169873111505,790.5429314643624,6.5858937277217234e-06,-4007749.6723470083,-1577114.0567503385,0.006000041961669922,0,10,10219.910039080773,3.0,2188.2913226202236,1,114,148,111
2.8547115422422498,0.7056379986396414,2.4823661206654287e-06,-0.006249416375458727,0.0,0.003999948501586914,0,10,10.0,0.0,0.9287766374857833,1,0,1,8
3998.401552584653,824.6881550408245,4.207212138432467e-06,-120614.90699028721,-64100.168897783115,0.005000591278076172,0,50,10728.726878516858,16.0,2301.336111077224,136,109,123,106
4060.759048343444,838.3431266416134,4.5070577221629236e-06,-42922.21064492588,-35979.832487014246,0.004999637603759766,0,79,10910.834627738948,21.0,2340.0912858826314,144,108,143,104
4136.402206568453,853.6176226042297,5.230749054997758e-06,-587529.3285020181,-355722.02559094765,0.004999637603759766,0,23,11093.818256294056,6.0,2381.8822421537907,147,106,122,103
4189.349157775071,864.7217049782938,4.4707362097188106e-06,-37619.15076175828,-28727.137629624493,0.0050008296966552734,0,92,11294.270537798579,22.0,2423.570436675561,150,105,146,102
4554.059472573771,941.3400786883418,4.573429434583098e-06,-635485.5828600368,-221428.41253719866,0.0060002803802490234,0,38,12368.777858333327,11.0,2662.2476690480016,150,99,150,96
4683.46652147731,968.9168965621421,4.535016340631756e-06,-43354.61605499873,-34081.0514255816,0.0060083866119384766,0,92,12848.471947829032,26.0,2769.481252863694,150,97,123,94
4928.578875476387,1020.8622600699687,4.4221251459590645e-06,-108183.23394953785,-70985.65088153206,0.004999876022338867,0,61,13622.012984388946,17.0,2943.2004945782337,146,93,144,90
2.8798919064178676,0.8938580724481046,2.461708619304234e-06,-0.2178821428268931,-7.877580596451564,0.003016233444213867,0,10,10.0,1.0,1.3043172903687132,1,0,5,9
5447.156267878494,1132.1513603836154,5.365098255988388e-06,-3076183.801983546,-1115915.6852428261,0.00505375862121582,0,16,15378.699409337345,7.0,3343.456557188285,57,88,57,84
5530.649444140513,1150.3653807806056,4.783038017717177e-06,-403300.1935945731,-221007.59133648363,0.004949092864990234,0,47,15702.200670078084,13.0,3417.338097245505,150,87,148,84
5601.820675988521,1165.95950038798,4.51428995882734e-06,-28058.808385514098,-21608.22883294482,0.0050084590911865234,0,136,16025.905870844894,34.0,3495.7803596331523,150,86,150,83
5689.273267308732,1185.0112151091337,4.529690046301275e-06,-6035.010509462826,-4806.415353299919,0.005980491638183594,0,312,16346.716025016762,84.0,3568.6413368810972,150,85,150,82
5879.511094922973,1226.3758339216715,4.775702154142561e-06,-120908.16626115947,-77764.09558781033,0.004981040954589844,0,67,16996.495808895157,18.0,3718.3967261604375,138,84,132,81
6041.1093282719385,1262.3244820871466,4.717997565903512e-06,-916.839857234934,-772.7927384337304,0.006000518798828125,0,744,17677.451448655316,167.0,3878.118895288473,150,82,148,79
1.3808265607330676,0.4055808742264615,1.0868016502875455e-05,0.7720794538792242,-0.02809903461437946,0.0029993057250976562,0,10,10.0,1.0,0.21685562138929992,1,0,8,6
2.1759462301741053,0.5939705627784523,1.443162939138032e-05,-0.6383307427050637,-0.32432921572481277,0.0039997100830078125,0,10,10.0,2.0,0.2386955278131324,1,0,51,6
0.8731152634520718,0.4441303011618169,4.336170374961161e-06,0.8177036326955915,0.005522556099148868,0.0029993057250976562,0,10,10.0,1.0,0.24969250730176595,1,0,3,6
4.62432289618044,1.1335755210171576,9.023424045655879e-06,-3.3036122269310626,-0.7931253343841302,0.0049991607666015625,0,11,10.0,4.0,0.30544840849155475,116,0,109,6
1.1464414357703816,0.5631454690247892,6.360340027111073e-06,0.5967402832660925,-0.03209743418489386,0.003000020980834961,0,10,10.0,2.0,0.3167539191414612,1,0,13,6
1.1924329975004153,0.48264409975555084,4.079660484901941e-06,0.7837876564857372,0.04159636879560458,0.0039997100830078125,0,10,10.0,1.0,0.34037636304347596,1,0,4,7
1.1998968516792254,0.5511422450008686,3.3102499608400297e-06,0.7476938659535108,0.054684857801036824,0.002998828887939453,0,10,10.0,2.0,0.3766073704703323,1,0,8,7
1.4578935427364275,0.5021606001628894,6.519765781563487e-06,0.29151547268247613,-0.0246715666527626,0.004000425338745117,0,10,10.0,1.0,0.42606173844329054,1,0,4,7
1.0571736912924807,0.3850129994228746,2.8869113614124515e-06,0.7869622109667846,0.0,0.0039997100830078125,0,10,10.0,0.0,0.4391643383639272,1,0,1,8
2.3927336223296614,0.37690842374746436,2.4823661206654287e-06,0.38820697997153997,0.0,0.003000974655151367,0,10,10.0,0.0,0.4525516052053218,1,0,1,8
1.330051814138571,0.5354269756242518,6.608052637404067e-06,0.7095781545733468,-0.32731530063752956,0.004999876022338867,0,11,10.0,2.0,0.4796890887145526,2,0,2,8
1.3678740827148628,0.4453864871168787,2.963268379669516e-06,0.7955628025703223,-0.3021152683081094,0.003996849060058594,0,10,10.0,1.0,0.4934398101223165,1,0,5,8
1.663447644555189,0.45171587846594713,2.9943846387788756e-06,0.7200085797777303,-0.2119169100672551,0.004004240036010742,0,10,10.0,1.0,0.5090549548198855,1,0,6,10
1.6475826356211158,0.43765975557261816,2.5718792983273862e-06,0.6752956290430356,0.0,0.0040013790130615234,0,10,10.0,0.0,0.5221713642000421,1,0,1,9
1.9670915165085494,0.5626864415109292,4.624012633148835e-06,0.24846977022037153,-0.8028489320794407,0.0029997825622558594,0,10,10.0,1.0,0.6909571089931714,1,0,3,12
3392.984784004673,702.4798984364517,4.534040673963289e-06,-562125.257055041,-162908.43091457782,0.00500035285949707,0,24,9177.275717176093,10.0,1969.0852230339806,74,127,72,124
3502.7771560713973,723.606852885891,4.651881865484843e-06,-2051532.6614150256,-434327.2855198905,0.00599980354309082,0,12,9410.956883339068,5.0,2017.1474776207033,16,124,119,121
3.4165853440982548,0.8483257576002031,3.938148701171359e-06,-1.4736247023368576,-2.317274190931923,0.0040438175201416016,0,10,10.0,1.0,1.542903559018991,1,0,8,21
4482.221232715211,926.1559140685996,4.9378605859171896e-06,-2634509.2985037332,-647988.104425043,0.004941225051879883,0,16,12138.252507669175,5.0,2607.291555895312,132,100,129,97
4681.892856154273,967.8624037017123,5.584563721415217e-06,-7135893.64203545,-1426967.4144228303,0.0049991607666015625,0,10,12368.777858333327,4.0,2662.2476690480016,1,99,44,96
4683.671228544635,969.2030889885154,4.531219894243025e-06,-15049.150879915362,-11670.09577887533,0.005002021789550781,0,131,12848.471947829032,42.0,2769.481252863694,150,97,141,94
5091.517565743492,1056.0013363512046,4.42579541048752e-06,-17419.02639916862,-14082.030848563989,0.006000041961669922,0,169,14181.39979077498,42.0,3066.637398534025,150,91,150,88
5443.959083569471,1131.4926298280677,5.061172247861953e-06,-227559.57658205958,-121002.44178799893,0.004998683929443359,0,54,15378.699409337345,15.0,3343.456557188285,148,88,147,84
5883.724739109047,1227.076904915936,4.6339090541486744e-06,-21309.304692346628,-18536.883214342502,0.0060002803802490234,0,171,16996.495808895157,37.0,3718.3967261604375,150,84,150,81
6690.604430290574,1395.858913651789,4.911769811844417e-06,-10804630.278139181,-2948430.9397041397,0.005007266998291016,0,10,17342.995070831264,4.0,3797.9804860105196,1,83,72,80
2.1890042248535804,0.37655583503353585,3.0465456177292727e-06,0.03687628061852888,0.04682722640921011,0.0029997825622558594,0,10,10.0,1.0,0.21685562138929992,1,0,6,6
1.1888570200231168,0.4953437592396499,3.931622084419033e-06,0.7190320821290066,0.06491829337778876,0.0030024051666259766,0,10,10.0,2.0,0.28299177317562985,1,0,12,6
1.7124946151969584,0.6373990998857784,9.909052091230961e-06,0.1058804147834661,-0.09059437331376441,0.003000020980834961,0,10,10.0,2.0,0.36445147384854404,1,0,11,7
1.1226782537485336,0.41030983698053036,5.870962087341033e-06,0.8535410307145623,-0.14773620227151074,0.0030002593994140625,0,10,10.0,1.0,0.3766073704703323,1,0,2,7
0.8865344484834065,0.39080195377000254,5.397067604686734e-06,0.7272654089117588,0.061340128735258403,0.003981351852416992,0,10,10.0,1.0,0.4011682258072198,1,0,5,7
2.33037434664766,0.7708295337928489,9.01577795666163e-06,-0.296784456233008,-0.19387536476491296,0.004000186920166016,0,10,10.0,3.0,0.7092210956710803,1,0,52,103
1.060543811600184,0.42817633024277363,5.566993210693756e-06,0.7830833159947639,-0.06072375372811889,0.00400090217590332,0,10,10.0,1.0,0.46605977120887765,1,0,5,8
339.2783575939885,95.31913114514015,6.504900844336425e-06,-23462.916692752122,-16543.923693019555,0.00500035285949707,0,10,1825.726550153666,4.0,508.28725416776774,1,149,140,149
32.211989104525266,8.283696575616524,7.701727675905964e-06,-336.1636078634288,-237.21289627875362,0.012992143630981445,0,10,125.28975185201433,2.0,33.02811408525872,1,106,11,106
1.0629054529330024,0.8269832373939682,3.0336513473594597e-06,0.782910270916362,0.02154718586660498,0.003997087478637695,0,10,10.0,3.0,0.6909571089931714,1,0,3,12
3049.1611749433014,646.1291270153864,5.7693918147387876e-06,-1321183.9301017225,-423428.683442908,0.005999565124511719,0,14,8628.461630430913,5.0,1859.721943362989,36,137,28,134
2.946648634918612,0.6979178496951478,3.267932986437154e-06,-0.23784474476330408,-5.618061479933408,0.0039997100830078125,0,10,10.0,1.0,0.9103776442071503,1,0,5,24
3279.7268527572796,682.2031484289615,5.578810649131869e-06,-2098276.198169704,-436968.0182708948,0.005991220474243164,0,10,8960.10648578096,5.0,1923.8519193202374,1,131,76,128
3.258621549843943,0.8313493905920585,5.146772028980454e-06,-1.3839810161786916,-3.227301224755988,0.003996849060058594,0,10,10.0,1.0,1.5892606989797997,1,0,9,33
1.9110212964485576,0.7739147666756035,2.392165803605197e-06,0.382034847298344,-0.03913187367845494,0.00500178337097168,0,10,10.0,2.0,0.8307905747180153,1,0,5,11
8.155876420449394,2.068401585148248,7.458809004604609e-06,-17.176390913116844,-17.409144223079963,0.0049953460693359375,0,10,21.909282239164575,2.0,5.593690066526438,1,49,17,49
256.4175039969212,70.13640148866408,3.781286634706402e-06,-10428.214725651706,-3887.1349232971843,0.005001068115234375,0,13,1004.5605623083447,5.0,275.53040713296116,54,86,52,86
3830.7897609688307,790.0335284514114,4.857065898311146e-06,-960823.5021423944,-426527.2296656403,0.005995988845825195,0,17,10219.910039080773,5.0,2188.2913226202236,130,114,82,111
4099.1910240601765,845.9156059033371,4.487963495065792e-06,-14908.017953803024,-11755.67158365266,0.005998134613037109,0,125,11093.818256294056,36.0,2381.8822421537907,147,106,146,103
4392.053925270147,906.9034732023165,4.155926598170164e-06,-19200.893460892035,-15182.996672353773,0.005995750427246094,0,127,11908.532474658967,32.0,2553.9991449392255,150,101,150,98
2.3698883411503315,0.8720130503700221,1.9120090073277215e-06,0.4748050253311199,-0.43307427849099644,0.003004312515258789,0,10,10.0,2.0,0.9480746612906752,1,0,4,6
4767.524068471519,986.659567993994,4.670840735187151e-06,-12795.83603947849,-10229.700773884028,0.004996776580810547,0,164,13098.470340411088,44.0,2819.454667967744,149,95,144,92
23.926606490508178,6.968678104574323,3.97854183102617e-06,-90.25173612778968,-64.16111422136862,0.002999544143676758,0,10,72.11766307490765,5.0,20.726569021776058,1,42,9,42
45.5457293215974,13.397126815310365,3.725463150713511e-06,-645.9357229428202,-626.7455249786034,0.0030024051666259766,0,10,148.4887698530549,2.0,43.763689336698775,1,45,41,45
3.831506903696971,0.9277728339919232,2.4823661206654287e-06,-0.568754693138894,0.0,0.003000020980834961,0,10,10.0,0.0,1.2813314863559206,1,0,1,8
5436.212347962819,1130.1630483389742,4.886473603348214e-06,-12098.730195892902,-9714.97801866278,0.005002021789550781,0,200,15378.699409337345,48.0,3343.456557188285,148,88,141,84
5570.097923339282,1160.7400984964668,4.270017156559723e-06,-383.4333686347572,-304.7227311981268,0.004996299743652344,0,1134,16025.905870844894,262.0,3495.7803596331523,150,86,149,83
6243.253156729469,1471.4635270981023,3.7746406197936215e-06,-6260366.341406983,-1628420.6987031924,0.004002571105957031,0,11,16996.495808895157,4.0,3718.3967261604375,32,84,16,81
1.8699391406268515,0.5740505197797062,1.3293094859527222e-05,-0.3096217885271393,-0.22703852400152735,0.005000114440917969,0,10,10.0,2.0,0.22774990534718664,1,0,9,6
0.9675614223517249,0.4755094395437208,8.588844840201474e-06,0.8838821435018319,-0.08909277717513397,0.0030002593994140625,0,10,10.0,1.0,0.20601265740677754,1,0,7,6
4.014064596315194,0.6942708061786287,3.572469277388144e-06,-0.33655984919633086,-0.009430827667722852,0.004001140594482422,0,12,10.0,2.0,0.3167539191414612,4,0,3,6
2.4904920025833714,0.5173638848361396,4.472881601036252e-06,0.20599512665433395,0.0364045984021274,0.003000497817993164,0,10,10.0,2.0,0.3284690079401853,1,0,15,7
0.8923552262366106,0.2905922269179092,2.8869113614124515e-06,0.8686519010652713,0.0,0.002999544143676758,0,10,10.0,0.0,0.34037636304347596,1,0,1,7
3.4118778240423726,0.48862136185678096,1.8355087265934014e-06,0.1567952307788406,-0.7190060138919818,0.0030002593994140625,0,10,10.0,1.0,0.3417450337827783,1,0,2,4
1.5755690193448626,0.3358914133393133,2.925218276798949e-06,0.6017098656739206,-1.2627287778546887,0.0030088424682617188,0,10,10.0,1.0,0.36445147384854404,1,0,3,7
0.7966160859136001,0.41179913097975024,1.0995040929911147e-05,0.8830516673396113,0.0651983849303277,0.0039997100830078125,0,10,10.0,1.0,0.3766073704703323,1,0,7,7
0.9399962805841919,0.39008956734091416,2.8831733673476916e-06,0.8634791919723771,-1.9001787092719877,0.004000186920166016,0,10,10.0,1.0,0.42606173844329054,1,0,3,7
1.798284635930379,0.3902218727696958,2.2480885507105098e-06,0.6917168210907791,-0.243563731567757,0.004000663757324219,0,10,10.0,1.0,0.46842959118534044,1,0,5,6
1.2778108503277281,0.4554791299939131,5.535356472232753e-06,0.6660180653877854,-0.40869885171909925,0.0040013790130615234,0,10,10.0,1.0,0.5090549548198855,1,0,6,10
1.7725511420296243,0.6682244283129356,3.5743134881439457e-06,0.5354766174435055,-0.012050601455136256,0.00400090217590332,0,10,10.0,2.0,0.7725563812016465,1,0,4,30
3.405229322584229,1.0589432818982019,3.903885868204605e-06,-0.9781856063403185,-0.5617302409983511,0.004003047943115234,0,10,10.0,4.0,2.159701789076232,1,0,18,44
3132.817256083518,658.0338906143307,4.722964982418476e-06,-298696.33586229413,-166937.42680785529,0.005000114440917969,0,27,8742.473564364924,8.0,1890.7582170167216,136,135,130,132
2668.118344532944,629.8343611179313,5.549303391477826e-06,-1185068.0283000488,-567172.6827292795,0.005000114440917969,0,10,8960.10648578096,3.0,1923.8519193202374,1,131,22,128
262.91090160436767,71.43037082112095,4.645318796701755e-06,-15866.857727353316,-7329.527296749999,0.004000186920166016,0,10,1053.2288442228455,3.0,287.8454769460575,1,92,16,92
3599.028301014534,742.8506391785041,4.192746039824127e-06,-129315.47377434875,-67242.50167283,0.004999399185180664,0,47,9658.462739750306,16.0,2069.404751135039,144,120,142,117
3659.5390937671923,754.8340857790874,4.619545481377656e-06,-529638.3962705701,-192985.89102220256,0.005000114440917969,0,23,9784.833327795108,8.0,2095.7633893673,80,119,76,115
3828.140719300263,789.3482651176761,4.31693321975764e-06,-645207.3984005419,-207431.0901692177,0.005998134613037109,0,27,10219.910039080773,8.0,2188.2913226202236,146,114,143,111
16.25280099253864,4.409634333754855,5.5573626532894094e-06,-43.69300556697769,-64.3389615505028,0.004000425338745117,0,10,47.584408687035385,2.0,12.77701777820345,1,49,24,49
3903.0640597061224,805.7283861625701,4.365013981925322e-06,-4570.629786096316,-3899.3315907781202,0.006000041961669922,0,229,10550.927547267294,53.0,2257.877160725413,150,111,148,108
4024.2225833110915,830.186940723719,3.8136369099864446e-06,-3506.632997087001,-2910.128110865378,0.004999637603759766,0,291,10910.834627738948,71.0,2340.0912858826314,148,108,148,104
4093.801538070726,846.3066374424001,4.124303880997953e-06,-808.7713597203704,-742.2049742810856,0.0060002803802490234,0,474,11294.270537798579,105.0,2423.570436675561,147,105,149,102
4397.881873082683,908.4548130888488,4.359448814263404e-06,-25248.851555726003,-18828.706777676798,0.0060002803802490234,0,102,11908.532474658967,33.0,2553.9991449392255,150,101,150,98
4447.561699246428,919.1296393688034,4.2156658180944065e-06,-9362.041891865993,-7101.665936111862,0.00500035285949707,0,171,12138.252507669175,49.0,2607.291555895312,150,100,150,97
36.6082521110994,10.4519163319844,4.429766713866666e-06,-222.71863692404742,-249.78639809642374,0.004000186920166016,0,10,116.61443014275494,2.0,33.03931319890779,1,49,6,49
72.87176465682478,20.846863540348835,5.549614760091123e-06,-1695.9828443591769,-1809.79883112469,0.003999233245849609,0,10,245.214803015865,1.0,70.31560826428085,1,54,7,54
4850.254914118727,1004.5722919486417,4.8462765934513845e-06,-42887.77718103248,-28974.176890777322,0.004998922348022461,0,113,13362.46873438049,27.0,2882.112226714027,150,94,148,91
4907.071750652606,1017.157171648601,4.437552911264464e-06,-1948.5900282613545,-1533.7379180294656,0.005000591278076172,0,460,13622.012984388946,105.0,2943.2004945782337,150,93,149,90
5123.310312378028,1064.2859447364697,4.2439436818912105e-06,-770.7613801540083,-635.1439974560332,0.005000114440917969,0,708,14467.82545248933,169.0,3135.2350848879487,150,90,150,87
5254.445663798326,1090.7316009545052,4.455646947989703e-06,-14764.689837114856,-10922.094812136902,0.004999876022338867,0,176,14758.541155788878,46.0,3205.1008557619098,147,89,147,86
5528.978486929648,1150.027980446748,4.843283573561479e-06,-59797.46613744878,-49408.723984389864,0.0049893856048583984,0,96,15702.200670078084,24.0,3417.338097245505,150,87,148,84
5737.575764409329,1197.494416217048,4.2281066921111014e-06,-252.60522022104692,-211.30510393084074,0.004999399185180664,0,1426,16663.397254707175,329.0,3646.939299843336,150,84,150,81
5938.460311082396,1239.9555066563785,4.611782286387364e-06,-467.2331217892791,-370.28971220425854,0.004996538162231445,0,1110,17342.995070831264,290.0,3797.9804860105196,150,83,149,80
1.7778022490525247,0.6077023712790428,7.292647285777314e-06,0.29520148588460715,-0.08668225341255087,0.003998994827270508,0,10,10.0,2.0,0.2386955278131324,1,0,12,6
1.760534629222742,0.5922243811873928,1.3426078232886623e-05,0.08612484781388252,-0.2113308310813553,0.004000186920166016,0,10,10.0,2.0,0.2718406114608001,1,0,20,6
2.5823559495411117,0.808583207027708,7.200982981680612e-06,-0.06933968786099509,-0.15698164593178432,0.003998279571533203,0,10,10.0,3.0,0.29419436601291904,1,0,13,6
3.6894898051139715,0.9101158959079166,5.83188744486915e-06,-1.6426482412042658,-0.5514998568512697,0.004002809524536133,0,10,10.0,2.0,0.3284690079401853,1,0,12,7
0.6405285962820351,0.3512484532389568,2.542048381225829e-06,0.9434100851510298,-0.6150971390906721,0.0029976367950439453,0,10,10.0,1.0,0.34037636304347596,1,0,3,7
1.2091452121359023,0.44939177793002233,6.555958778052535e-06,0.8185063545340608,0.0912116346800208,0.003000020980834961,0,10,10.0,1.0,0.36445147384854404,1,0,3,7
2.7928095832934994,0.7706363427946585,5.079428360669874e-06,-0.3231778750195018,0.029905816317784994,0.003005504608154297,0,10,10.0,3.0,0.5090549548198855,1,0,10,10
2.004849164335047,0.6375608999423487,3.4790780942298447e-06,0.4820334830238485,0.0761729519652331,0.003998279571533203,0,10,10.0,2.0,0.5372256537932274,1,0,4,9
1.1021923624199756,0.4802249210709055,2.8495873372246386e-06,0.803540133312133,-0.22995186569363946,0.002998828887939453,0,10,10.0,1.0,0.5575395567240176,1,0,3,10
3.308380198505559,0.47265723117881986,2.4123307594588607e-06,0.0013339837715617975,-1.482276202062537,0.0040013790130615234,0,10,10.0,1.0,0.5991131507746987,1,0,9,9
2.575102088260429,0.43311130947500276,1.9054718248125416e-06,0.3783296157846979,-0.3506149260450915,0.0029993057250976562,0,10,10.0,1.0,0.6064953556289767,1,0,5,5
3187.070135748449,662.9104604559171,4.018696927923063e-06,-1669.1588721417188,-1464.7504102330345,0.004994392395019531,0,275,8960.10648578096,70.0,1923.8519193202374,150,131,138,128
3400.8948523642443,703.9427034533367,3.83509563025085e-06,-6122.23039292799,-5477.579559723783,0.0050008296966552734,0,165,9288.20571589841,40.0,1993.7483965185274,147,125,147,122
15.719376041360157,4.11341775078777,7.299709288058906e-06,-49.14515592681795,-83.05771860859208,0.0039997100830078125,0,10,46.03318246304096,2.0,11.992367171197039,1,56,14,56
3611.8018476279876,745.2663145127302,3.964293014962441e-06,-5781.511043870862,-5064.080586513844,0.006000041961669922,0,158,9784.833327795108,37.0,2095.7633893673,147,119,147,115
3.899033706957831,0.9574759777875925,3.4106080945807096e-06,-0.7343655939259994,-4.304112863661771,0.003999948501586914,0,10,10.0,1.0,1.6225826445252753,1,0,4,26
3752.8463715996477,774.9029613666303,3.901565863909331e-06,-1616.945078535852,-1385.108676289847,0.005006313323974609,0,363,10219.910039080773,89.0,2188.2913226202236,149,114,147,111
4101.107669314412,847.6602946745368,3.898468933173819e-06,-751.373512001875,-612.6541764104655,0.0049953460693359375,0,519,11294.270537798579,129.0,2423.570436675561,150,105,146,102
4335.463942668698,895.1015410831719,4.378089042294551e-06,-99800.10623389634,-55655.5368913648,0.004998922348022461,0,67,11689.988758313157,17.0,2509.9090213133895,149,103,149,99
3.9757434118438195,1.1059219346383677,3.976919380520965e-06,-1.2765128130233236,-3.9033720595617547,0.0029990673065185547,0,10,10.0,2.0,1.8412303575245845,1,0,17,20
4484.527904544701,929.0317878157396,4.051135297894989e-06,-783.554884346982,-635.2868280247523,0.004999876022338867,0,596,12368.777858333327,147.0,2662.2476690480016,150,99,150,96
4751.581564533848,983.8432126359418,4.279429442369705e-06,-4741.368405560002,-3811.2676624298397,0.0059735774993896484,0,281,13098.470340411088,69.0,2819.454667967744,150,95,148,92
5016.327911884488,1039.7400205639306,4.833799701284686e-06,-24030.337554257872,-16328.718681120778,0.0040018558502197266,0,143,13897.020227659601,38.0,3002.390882106907,150,92,150,89
5137.256365410855,1067.3682401836736,4.232286665059003e-06,-390.51443340929285,-323.8379693802297,0.004999876022338867,0,957,14467.82545248933,217.0,3135.2350848879487,149,90,149,87
5.226338435735687,1.40242177504148,2.9176990786272722e-06,-3.7967126049489437,-18.913716705493766,0.003007173538208008,0,10,10.0,1.0,2.289542421766299,1,0,6,17
5419.893620700883,1127.001323804113,4.356693915398997e-06,-2232.105115589154,-1765.1213366301436,0.004998445510864258,0,463,15378.699409337345,110.0,3343.456557188285,150,88,145,84
5487.636614742664,1142.9859714480879,4.2981556729675275e-06,-533.479003327226,-446.27166142348966,0.004997730255126953,0,884,15702.200670078084,201.0,3417.338097245505,149,87,150,84
5612.017966172302,1168.3237684947403,4.998780562069378e-06,-4981.907496445449,-3920.093086925277,0.004996538162231445,0,347,16025.905870844894,84.0,3495.7803596331523,150,86,150,83
5624.503303909208,1174.1515165723645,4.208052393870689e-06,-182.06502032347328,-156.63851377421759,0.004999637603759766,0,1576,16346.716025016762,353.0,3568.6413368810972,150,85,150,82
2.299671198900843,0.606185955130753,1.318463907764545e-05,-0.9250285911134863,-0.3681406088037973,0.005996227264404297,0,10,10.0,2.0,0.20601265740677754,1,0,19,6
1.2819413772183288,0.5390906953148392,7.825036025193954e-06,0.6283977716569227,-0.032026909712489005,0.004999637603759766,0,10,10.0,2.0,0.3523664514898337,1,0,16,7
1.0884348839021665,0.43656886353641333,4.157559614797815e-06,0.7823775066220917,0.10527469524996191,0.004999876022338867,0,10,10.0,1.0,0.3766073704703323,1,0,3,7
4.325766941465896,1.0452251667596477,5.488302823988468e-06,-1.5589558677505253,-0.3357603556876061,0.004999876022338867,0,12,10.0,4.0,0.3888462590668422,58,0,50,7
23.22775626503735,6.641195006946382,9.690249392775129e-06,-18.482758143251296,-17.333482979669213,0.005000114440917969,0,19,135.04021954898428,10.0,37.20509852358779,134,149,138,149
1.2230195463888833,0.42697151399912653,3.02280413753912e-06,0.8192773771001294,-1.1156937139767757,0.00400090217590332,0,10,10.0,1.0,0.4796890887145526,1,0,5,8
13.179616488703338,3.671693275158859,4.542440227119522e-06,-6.012567037851841,-4.136660804726292,0.005001544952392578,0,24,54.867008825132345,7.0,14.456945135525046,89,118,68,118
1.7782654955585184,0.7212681742835283,5.858674207760174e-06,0.3854176584340544,0.030026914847025687,0.004997730255126953,0,10,10.0,3.0,0.5090549548198855,1,0,9,10
2.6519784940894793,0.6535325441651347,4.729054074722628e-06,0.5381851458453129,0.029107161078439914,0.003999233245849609,0,12,10.0,2.0,0.5925877460731408,3,0,3,11
2.278842578717676,0.6078416618769883,5.468327915584185e-06,0.4134169909611053,-0.27728905104903023,0.00400090217590332,0,10,10.0,2.0,0.9780132834864168,1,0,6,36
2592.7003632283504,579.3621519608336,4.532536729226747e-06,-9652.929073613763,-8080.333056876381,0.00800013542175293,0,109,8164.927647260038,31.0,1764.3063376757964,149,144,149,140
2984.7553605368607,632.6118801818232,3.7362196024670905e-06,-4232.840494813157,-3924.7314802770984,0.004999876022338867,0,160,8628.461630430913,43.0,1859.721943362989,144,137,130,134
3109.3478292270156,653.4286697061734,3.944696905634843e-06,-15662.702791657064,-13184.128229083826,0.004999637603759766,0,102,8742.473564364924,26.0,1890.7582170167216,150,135,148,132
3.257978561208901,0.714065693157111,4.168250465463842e-06,-1.4270611312546553,-4.497658124295616,0.004000186920166016,0,10,10.0,1.0,1.0661674418856686,1,0,16,28
3297.0032705352037,683.8043832047982,3.908705738146288e-06,-8848.455127663228,-6235.13477878223,0.005001544952392578,0,144,9069.288322959354,37.0,1943.6376680166295,147,129,144,126
85.7725335745851,22.82509920960811,5.300171242991241e-06,-812.282253779765,-557.4356809354838,0.0050013065338134766,0,11,316.04743438959747,3.0,84.22486066868629,3,85,9,85
3514.1908217746764,725.9443606044298,4.316107672791545e-06,-6089.916942678481,-5626.88567592241,0.00599980354309082,0,175,9537.13065080087,43.0,2041.2349109688375,150,122,149,118
3.4289570674045815,0.61239471253318,2.8521870488788835e-06,-0.7917976511115403,-1.5210167420316756,0.004000425338745117,0,10,10.0,1.0,0.891127407697053,1,0,6,10
3749.369207755279,773.3232416161175,4.053833658663488e-06,-24218.635141771676,-16449.956763190203,0.004999637603759766,0,83,10068.2944561532,28.0,2157.3550582346343,144,115,143,112
4103.701221055224,847.0491320289422,3.9903081406060165e-06,-5045.583105007059,-3760.4043803892832,0.005000114440917969,0,242,11093.818256294056,56.0,2381.8822421537907,149,106,148,103
5.86485141042502,1.4844330998817932,3.4490169802486344e-06,-5.523800265967232,-6.4224560101883625,0.003998756408691406,0,10,15.498784371205309,2.0,4.083662005737381,1,31,21,31
4446.560262076029,919.405707950837,4.20400755350406e-06,-2993.2697114510324,-2289.8251812913754,0.005005359649658203,0,336,12138.252507669175,85.0,2607.291555895312,150,100,146,97
4608.299333251646,953.4475951791215,4.462014952587479e-06,-6410.670510368398,-4587.6323519509815,0.006002902984619141,0,238,12603.324570319848,73.0,2719.015441615513,150,98,150,94
364.924424752985,106.37609095508036,4.249193681567124e-06,-35684.255063409866,-46178.04788270925,0.007002353668212891,0,10,1387.622874424955,2.0,403.1241835040298,1,66,7,66
5499.292872619248,1144.8608962332023,4.281199715397102e-06,-543.3707005426048,-425.62397046693826,0.006998777389526367,0,927,15702.200670078084,222.0,3417.338097245505,150,87,149,84
5696.088000180243,1186.4005708616346,4.4058441644605605e-06,-2921.7747945212514,-2304.3929863449,0.006997346878051758,0,410,16346.716025016762,106.0,3568.6413368810972,149,85,150,82
6039.453911202499,1263.7658632498099,4.216884072711369e-06,-199.64632800098204,-150.1945926262839,0.006999969482421875,0,1730,17677.451448655316,412.0,3878.118895288473,150,82,148,79
4.518121180026563,1.1602356487315277,1.0488291264534645e-05,-1.660445244418209,-0.6992034846125137,0.006000041961669922,0,13,10.0,4.0,0.2718406114608001,148,0,74,6
1.3446528574470935,0.7398340322557356,1.931178033136698e-05,0.40122114122629926,-0.15012842309004482,0.004999637603759766,0,10,10.0,3.0,0.29419436601291904,1,0,35,6
0.9302252154223337,0.3752107766894965,8.702801386832883e-06,0.8780033064032227,-0.01363851399633309,0.005000114440917969,0,10,10.0,1.0,0.20601265740677754,1,0,2,6
1.4329926484756872,0.4720979913734049,5.353016852328006e-06,0.6412481499898404,0.07493136531451905,0.005001544952392578,0,10,10.0,2.0,0.3284690079401853,1,0,5,7
1.4016930998033426,0.7010374893603294,1.6578777790229944e-05,0.8003174492907924,-0.08179716888656619,0.003981828689575195,0,10,10.0,2.0,0.34037636304347596,1,0,17,7
1.0215303911637945,0.5802101788145287,8.799986349271373e-06,0.6291607717102152,-0.05144338109523061,0.004998922348022461,0,10,10.0,2.0,0.3766073704703323,1,0,3,7
3.5621789116191747,0.7171845101129002,6.201876681052051e-06,-0.9805395702722819,-0.21878192966526733,0.005000114440917969,0,10,10.0,3.0,0.3888462590668422,1,0,21,7
1.0784401860102026,0.35538334982771524,3.0284980554700983e-06,0.8369683227757283,-1.7848560236316389,0.0039997100830078125,0,10,10.0,1.0,0.4011682258072198,1,0,14,7
2.271720092452585,0.3380990383754037,2.3813905226703515e-06,0.400570636259568,0.0,0.004001140594482422,0,10,10.0,0.0,0.4135733568685813,1,0,1,7
28.42025985061525,8.707538483912161,9.176166967012285e-06,-4.014983086860349,-6.2456353397052204,0.006000518798828125,0,57,216.6523429486594,14.0,60.16583211608955,145,149,136,149
148.69718319264726,42.09855594888684,7.0652431547614955e-06,-593.7891988748765,-519.9616598568798,0.006999492645263672,0,22,824.8147440048065,8.0,231.89383888706902,140,149,140,149
1.7454153940815984,0.4515705545813249,2.454914151826474e-06,0.6494822915771894,-1.0646491533694635,0.003999233245849609,0,10,10.0,1.0,0.5785077622703934,1,0,8,8
1.8874401180498093,0.6660877190342881,3.920733823753447e-06,0.32383374743581494,-0.25230239763633233,0.0049991607666015625,0,10,10.0,2.0,0.8308626254901728,1,0,13,34
2.38749588190419,0.5794347554953734,2.984130865978264e-06,0.0716389924903148,-6.06830812370491,0.004000186920166016,0,10,10.0,1.0,0.6701430562474844,1,0,11,12
2.12402363730415,0.6599601610628132,2.57468483737183e-06,0.44139930928370386,-4.701711603942532,0.003997802734375,0,10,10.0,1.0,0.8525692316632476,1,0,3,11
3765.417991782197,776.7803929860976,5.108652346885316e-06,-137643.54106482107,-84792.64074394203,0.005006313323974609,0,37,10068.2944561532,10.0,2157.3550582346343,149,115,121,112
3758.802952239934,776.4146242435312,4.181042563887661e-06,-1158.860660629921,-980.9618663017822,0.005999565124511719,0,449,10219.910039080773,100.0,2188.2913226202236,150,114,150,111
3.3212980137491557,0.8221116828207734,2.7547172349973365e-06,-0.08483693790380387,-9.190004102304554,0.0029993057250976562,0,10,10.0,1.0,1.103676488819234,1,0,6,13
3903.891654930443,808.460588297669,4.492284501664179e-06,-198.6409007934215,-167.18219573127217,0.00500035285949707,0,988,10910.834627738948,226.0,2340.0912858826314,150,108,150,104
4180.843877500495,863.3191066655132,5.073984045777979e-06,-5680.705554369575,-4590.960473516929,0.006000995635986328,0,197,11294.270537798579,48.0,2423.570436675561,150,105,146,102
3.114630029831428,0.7301593716790269,2.4590988792406325e-06,-0.08497134069981094,-1.2010764660950795,0.003000020980834961,0,10,10.0,1.0,1.4274447664848209,1,0,6,16
6.927420161860888,1.8368758802235519,3.077763786009606e-06,-3.524879635507988,-5.211729104161901,0.004004716873168945,0,10,17.38201387072062,2.0,4.619639371558581,1,30,3,30
8.323845443975822,2.2698835888792237,3.2938119975364517e-06,-7.294000156846584,-6.570992382702999,0.003998517990112305,0,10,20.078961363790146,3.0,5.418404914536161,1,30,6,30
4930.408378823176,1021.4310407765889,4.365973508966854e-06,-11321.43454039371,-8457.932662842635,0.004999637603759766,0,199,13622.012984388946,53.0,2943.2004945782337,150,93,150,90
5113.983411114551,1064.1986488605735,3.9897372390720226e-06,-134.62041342575193,-108.67876219629724,0.005000114440917969,0,1736,14467.82545248933,405.0,3135.2350848879487,150,90,150,87
5238.290908857745,1088.7372977873556,4.247847197658192e-06,-552.8649768273918,-415.21802476053557,0.005000114440917969,0,919,14758.541155788878,222.0,3205.1008557619098,150,89,150,86
13.33960661726434,3.875738415273961,3.4660073846931e-06,-35.28586012296475,-15.078406104404301,0.003000020980834961,0,10,36.902136542270156,4.0,10.493103550161365,1,33,18,33
5421.26330814484,1127.7203415729314,4.307398530348081e-06,-839.429777216604,-645.028287260886,0.004999637603759766,0,798,15378.699409337345,188.0,3343.456557188285,150,88,150,84
5884.927940037892,1227.221241524239,4.627358971556504e-06,-12632.933393577454,-8698.090406938463,0.00600123405456543,0,228,16996.495808895157,65.0,3718.3967261604375,150,84,150,81
0.7589695853345383,0.567587042533318,6.212521780561701e-06,0.9191971090529001,0.02047450754544966,0.0040018558502197266,0,10,10.0,2.0,0.2386955278131324,1,0,5,6
0.9468931820676775,0.4735878551465066,8.814025636071264e-06,0.8647685752723011,0.03076641994233953,0.005000591278076172,0,10,10.0,1.0,0.36445147384854404,1,0,4,7
1.3706964573767886,0.3760106605530944,7.171395369089871e-06,0.6014125623647162,-0.12717188605591723,0.00999903678894043,0,10,10.0,1.0,0.3766073704703323,1,0,7,7
2.079773023881001,0.7019029728524473,4.888238745263906e-06,0.2911460344070468,0.07815861072435082,0.003999233245849609,0,10,10.0,2.0,0.42606173844329054,1,0,7,7
92.790371099347,26.362797420894587,7.779949576285216e-06,-96.01050335834148,-140.66780946666853,0.00700068473815918,0,29,536.60901376409,8.0,150.63328462573668,126,149,144,149
2.018887644471407,0.7104499950618022,4.637974542859532e-06,-0.11363588005445502,-0.01074181823942899,0.004999637603759766,0,10,10.0,3.0,0.4796890887145526,1,0,12,8
1.780034369705945,0.6372740278219241,2.6819735888671777e-06,0.6458998602978911,-0.17368155909013372,0.0039975643157958984,0,10,10.0,2.0,0.5249980075771676,1,0,7,10
2.3968013243556334,0.6646102687856742,3.0451381994787227e-06,0.28870976033160767,-0.44558592159210697,0.0050084590911865234,0,10,10.0,2.0,0.8407757443283623,1,0,10,23
3272.321646925468,680.6410429375377,4.599697367230608e-06,-226064.05907600804,-134324.06649419753,0.00599980354309082,0,28,8960.10648578096,8.0,1923.8519193202374,133,131,128,128
3325.0105811253306,689.4935256832694,3.622621874439147e-06,-72208.10496774846,-33301.91430927201,0.006001710891723633,0,66,9069.288322959354,21.0,1943.6376680166295,149,129,150,126
3517.859759170043,727.6861590978709,4.164499546861812e-06,-1614.9400186187668,-1368.2355610539746,0.004999399185180664,0,309,9658.462739750306,78.0,2069.404751135039,149,120,149,117
3.863182350917832,1.1604478158553748,4.203853092066158e-06,-0.9820529214015683,-1.6627987800903146,0.003998756408691406,0,10,10.0,3.0,2.0752215517070134,1,0,6,30
1.7596635258510376,0.838790924567971,2.9983020622716314e-06,0.3720190581797794,0.11809427894211622,0.0030014514923095703,0,10,10.0,2.0,1.1756065339712674,1,0,9,18
3827.9058080439604,789.436444667287,4.292333485482302e-06,-182206.63754342587,-81334.39880394923,0.006000518798828125,0,41,10219.910039080773,14.0,2188.2913226202236,145,114,150,111
3774.5042914848786,780.3834492180297,3.598498428165505e-06,-205.0837411199319,-173.00072421836353,0.00599980354309082,0,1032,10550.927547267294,244.0,2257.877160725413,149,111,149,108
4350.482475464297,971.7473275589525,4.810241602822355e-06,-1846223.2672664195,-1070244.7578004296,0.005000114440917969,0,12,11497.348800047424,4.0,2460.4549788736385,28,104,28,100
4250.795601661495,879.7713334246638,3.936819332745882e-06,-422.32254797215603,-354.38562163690176,0.006003379821777344,0,813,11689.988758313157,189.0,2509.9090213133895,150,103,148,99
4410.384865442776,912.7521701302611,3.962244922487367e-06,-414.27113224952893,-339.53395143662743,0.004997968673706055,0,867,12138.252507669175,198.0,2607.291555895312,150,100,147,97
4471.371133328668,925.5708990446715,3.959998628347147e-06,-363.9569015050051,-296.399072270784,0.0060002803802490234,0,883,12368.777858333327,195.0,2662.2476690480016,150,99,148,96
4650.137792899071,963.5016488886274,3.9387776753082276e-06,-503.81027567225,-377.23448592476234,0.005997896194458008,0,855,12848.471947829032,223.0,2769.481252863694,150,97,150,94
3.6716267154029625,1.2106227738914253,2.58447283632581e-06,-1.009067472020976,-2.330926137874019,0.0039980411529541016,0,10,10.0,2.0,2.0779718050916056,1,0,9,19
4724.648029957165,984.8466782020157,3.7884919830212517e-06,-54.32693323136726,-45.44223346300366,0.005999565124511719,0,2367,13362.46873438049,519.0,2882.112226714027,149,94,149,91
4982.416064652087,1033.2896070239576,4.1882259903499445e-06,-1643.2137827955862,-1248.8029160426472,0.0050013065338134766,0,506,13897.020227659601,117.0,3002.390882106907,150,92,147,89
16.11803909218811,4.522395271513593,3.5621421865362795e-06,-54.65792349588875,-96.89814251673374,0.00400090217590332,0,10,43.88757507491744,1.0,12.464681868241357,1,36,6,36
5598.641928844477,1166.3852069539294,4.182407980364607e-06,-514.3194780638522,-395.654016000001,0.0050013065338134766,0,1028,16025.905870844894,231.0,3495.7803596331523,150,86,145,83
5663.152620341015,1185.752539771216,4.077367576585965e-06,-48.40926349925932,-39.7348168192202,0.006000995635986328,0,3049,16346.716025016762,685.0,3568.6413368810972,150,85,149,82
5778.597201477417,1205.2502775605008,4.336970863808212e-06,-774.4881858494102,-575.3436053481877,0.005000114440917969,0,876,16663.397254707175,213.0,3646.939299843336,150,84,150,81
5967.48321257776,1245.9360316257578,4.360047621709031e-06,-1249.583314601021,-854.8042242643946,0.006001949310302734,0,769,17342.995070831264,205.0,3797.9804860105196,150,83,150,80
0.7230742685298052,0.2848129462994447,3.0068084765114537e-06,0.9106092784899465,-0.30368880253202346,0.0039997100830078125,0,10,10.0,1.0,0.26074086234602967,1,0,4,6
0.9439597956329594,0.5284710773707524,1.4351831857720015e-05,0.7986134897115753,-0.15099483260232294,0.003005504608154297,0,10,10.0,2.0,0.29419436601291904,1,0,30,6
1.2257704263963216,0.38377353784565454,3.3735459913417207e-06,0.828914242863735,0.07948669780893736,0.0030019283294677734,0,10,10.0,1.0,0.20601265740677754,1,0,5,6
0.9706814839319005,0.4339652818849264,1.1047000986028189e-05,0.8669477359865202,-0.004404618034472785,0.0060002803802490234,0,10,10.0,1.0,0.3167539191414612,1,0,3,6
10.155336426336396,2.169117320344138,5.6118938658882204e-06,-3.9564774384012535,-1.3920840984698346,0.007004261016845703,0,20,10.0,5.0,1.6453495025043763,114,0,59,149
1.3084693882759062,0.3590935487068884,3.848196263471961e-06,0.5875697895768851,-0.13689309144029194,0.0040018558502197266,0,10,10.0,1.0,0.3766073704703323,1,0,5,7
2.1824583650578018,0.9172667813534984,4.387892672774174e-06,0.023018210232335634,-0.18996115060150065,0.005999088287353516,0,10,10.0,3.0,0.46605977120887765,1,0,12,8
151.49259041729357,42.692751750698584,5.0542413891442505e-06,-7300.168065114063,-2189.1254296957263,0.005999565124511719,0,10,824.8147440048065,4.0,231.89383888706902,1,149,98,149
489.5859869201456,136.62207457510135,9.973515710405477e-06,-45748.42204406784,-26974.13028306907,0.005998849868774414,0,10,2601.1390893743746,4.0,713.802826085368,1,149,120,149
1.7735312236240122,0.5672928288550757,5.147538485818623e-06,0.47027101402463367,-1.2016480952113113,0.00502324104309082,0,10,10.0,1.0,0.9163739415954084,1,0,4,44
9.031354082450227,2.3747408398709156,6.568194277917137e-06,-23.61988290884696,-19.482041081589802,0.005003452301025391,0,10,30.756605856778265,2.0,7.540359481440593,1,86,62,86
1849.7129245180895,455.5430496452208,6.013606052434118e-06,-472098.0091032259,-169393.4303004474,0.013995647430419922,0,11,7511.852330066298,5.0,1645.2152281553026,107,149,98,148
21.5992677307207,5.4581840758519755,6.511031512683394e-06,-96.10682185455782,-60.03680405107958,0.006000518798828125,0,10,71.26244640369718,3.0,18.067526547662624,1,83,8,83
2.120027872402885,0.6136539499605569,2.6049002873808676e-06,0.4139092805707544,-1.8927512627759429,0.005002260208129883,0,10,10.0,1.0,0.8234772016168872,1,0,5,12
3377.8984119624292,698.7302861356466,3.828364266609581e-06,-2410.1988649168575,-1838.0434074883453,0.006997108459472656,0,273,9288.20571589841,66.0,1993.7483965185274,150,125,150,122
3510.316217680619,725.1420461694142,3.877902351790193e-06,-4327.812233813497,-3295.8093877004417,0.008000373840332031,0,234,9537.13065080087,59.0,2041.2349109688375,150,122,146,118
3611.132589915301,745.8182957230795,4.140010782357003e-06,-2710.7011275836703,-2203.535738318247,0.00799560546875,0,296,9784.833327795108,75.0,2095.7633893673,150,119,150,115
3823.923863402216,788.6572054661391,4.027051122185071e-06,-1352.0237455748095,-1011.1618226007744,0.008003473281860352,0,414,10387.306263370661,109.0,2224.199858844242,150,112,150,109
4242.29764487811,876.1618270126644,4.640870262296615e-06,-2748.8334871153984,-2173.843803915955,0.0059964656829833984,0,325,11497.348800047424,78.0,2460.4549788736385,150,104,149,100
4317.946287508338,897.5204784370009,3.898826125862252e-06,-94.38220753842025,-79.01623583323644,0.005994319915771484,0,1717,12138.252507669175,376.0,2607.291555895312,150,100,149,97
4711.127666402991,980.9023000710398,3.956978027463255e-06,-65.90887522895814,-54.95600713293706,0.006010532379150391,0,2154,13362.46873438049,491.0,2882.112226714027,150,94,150,91
269.47872252388083,273.8954433373611,5.670578371449541e-06,-13.499912078757704,-689.3562627083091,0.0029942989349365234,147,3437,3902.6934460343073,767.0,1215.8134460343108,150,149,149,149
5313.087991144012,1107.2078683856948,4.72565583953143e-06,-120.409456065563,-93.30283755844175,0.006000518798828125,0,1996,15060.569455214089,488.0,3273.629444096754,150,89,149,85
5395.878520163558,1123.977676939734,4.381651418873047e-06,-183.5572339953228,-140.35462281460937,0.005999565124511719,0,1618,15378.699409337345,385.0,3343.456557188285,150,88,150,84
6307.583372848818,2156.7254177915124,6.508545395740955e-06,-424.5336137170145,-1642.9699387527053,0.003998279571533203,138,4499,16736.48396963966,992.0,4654.368786198278,150,149,149,149
6055.4417658994325,1267.4941247470572,4.200041584553812e-06,-145.20211671952507,-112.03587484715221,0.005999326705932617,0,2092,17677.451448655316,475.0,3878.118895288473,150,82,148,79
0.8681429945218188,0.3546773929447361,4.065489830352735e-06,0.8476660416498614,0.013364289677844976,0.0040013790130615234,0,10,10.0,1.0,0.24969250730176595,1,0,7,6
2.9438015191585336,0.80718032122292,1.4322074836268399e-05,-0.6998517141920337,-0.33486258442539163,0.00400233268737793,0,11,10.0,2.0,0.20601265740677754,3,0,3,6
3.1091054267292484,0.7761507077883452,7.3390466308600894e-06,-1.6473942770054064,-0.37316393138321047,0.005999326705932617,0,10,10.0,3.0,0.3284690079401853,1,0,52,7
1.6705773187532604,0.7348301590566122,1.1125761789432289e-05,0.16622548709060603,-0.08018514049639114,0.004000663757324219,0,10,10.0,3.0,0.5142817141371288,1,0,67,95
23.139237371932662,6.5583593235438835,5.997973525839943e-06,-5.552920810694116,-6.609704133453538,0.005997896194458008,0,35,135.04021954898428,10.0,37.20509852358779,87,149,134,149
1.7815997202102432,0.5360989981944427,5.285822577059757e-06,0.009341789122839228,-0.038079356408218024,0.003999948501586914,0,10,10.0,2.0,0.4391643383639272,1,0,22,8
4.212019795120936,1.2249897429388534,7.194094482244948e-06,-1.1526572829005177,-0.38115238171649546,0.004999637603759766,0,11,10.0,4.0,1.3668521994795553,42,0,41,91
221.85438482536225,63.12010865613975,5.0749767486426715e-06,-638.2184756051994,-792.6128459503257,0.005999088287353516,0,33,1242.5130237493454,8.0,348.5251290138365,147,149,142,149
685.1656150626517,188.57392228034664,7.294361207806476e-06,-36041.55838014642,-25279.507873688577,0.006000995635986328,0,16,3567.868035367961,5.0,956.5481912235164,145,149,144,149
2.1438273929474208,0.4890015656136059,2.6860509202076648e-06,0.2572127853330529,0.0,0.004974365234375,0,10,10.0,0.0,0.5746084093530524,1,0,1,11
3.4950496802900513,1.0587152233282868,4.759833896021692e-06,-1.319833308998569,-0.8423418848886579,0.004998683929443359,0,10,10.0,3.0,2.264863576660531,1,0,17,63
2.8109805521962117,0.8828393448944797,5.13670657689689e-06,-0.6111064495886083,-1.2326714577684514,0.003999471664428711,0,10,10.0,2.0,1.7529765788371208,1,0,15,54
2074.5937304585727,494.35668219704615,3.5066589875873854e-06,-1177.167961548081,-1342.38461539617,0.0060002803802490234,0,220,7812.214815153407,52.0,1679.2490388902825,150,148,143,145
2863.4110484132916,614.2958382784612,3.4223279471980703e-06,-2417.511705294707,-2153.0416522922446,0.004998922348022461,0,227,8501.74185368227,53.0,1834.3233201560006,149,139,146,136
3165.850727839781,660.8798270106288,3.7316457520258946e-06,-6072.16039716882,-4556.488451954847,0.005000114440917969,0,148,8856.472093840108,40.0,1900.01679875658,146,133,146,130
3217.4063827815407,669.6813895307248,4.090556790418398e-06,-3389.1031194480724,-2895.646901944749,0.005999565124511719,0,213,8960.10648578096,48.0,1923.8519193202374,146,131,149,128
49.12823407737119,12.903473008184836,4.70787351212477e-06,-738.2176537925294,-307.9377767053889,0.0050106048583984375,0,10,172.99845953279848,3.0,45.41228541514889,1,80,39,80
3165.514485382384,657.0997060937989,3.45102605034964e-06,-244.38060580469082,-212.60004847459203,0.005000114440917969,0,759,9177.275717176093,176.0,1969.0852230339806,149,127,148,124
3440.6568244598707,711.4812372111606,5.035502347191853e-06,-99553.32127788453,-67493.47342105309,0.00599980354309082,0,51,9288.20571589841,15.0,1993.7483965185274,150,125,147,122
2.476060635022585,0.5704078453130458,4.271687643389646e-06,0.1310569068539208,-0.7352805866382486,0.003000020980834961,0,10,10.0,1.0,0.9197465636437947,1,0,8,11
3712.621422427449,765.7086466924857,4.247373576538826e-06,-193324.13256917504,-115506.26266267849,0.006000041961669922,0,37,9928.41485203297,15.0,2120.508937868708,142,117,146,114
3744.5739573047777,774.1860260562947,3.6048312212735055e-06,-297.71698030295966,-247.96985232142586,0.005999565124511719,0,844,10387.306263370661,195.0,2224.199858844242,150,112,149,109
3963.3980370020627,818.3004658204566,4.058091522708908e-06,-2460.3273797622037,-1950.5269672086717,0.004998445510864258,0,310,10728.726878516858,86.0,2301.336111077224,150,109,146,106
4015.5646232659938,829.020038431278,3.870567593613901e-06,-1493.5339475916996,-1246.2025291324023,0.006001710891723633,0,411,10910.834627738948,95.0,2340.0912858826314,148,108,148,104
4157.094795597325,860.818653971089,3.7770859351162067e-06,-249.88302344048554,-198.36232536546063,0.00599980354309082,0,1052,11497.348800047424,257.0,2460.4549788736385,150,104,148,100
4547.461524498883,942.9932554371123,4.020734819340901e-06,-227.61433630804922,-173.48984793863195,0.005000591278076172,0,1206,12603.324570319848,290.0,2719.015441615513,150,98,150,94
4728.314942297594,986.5360093353543,3.8091378663658564e-06,-51.96706889737721,-41.499963859628856,0.00599360466003418,0,2550,13362.46873438049,602.0,2882.112226714027,150,94,149,91
5445.7085802963,1131.8522770018774,5.780531189860382e-06,-4421126.14799526,-1134822.4441524616,0.005995512008666992,0,12,15378.699409337345,7.0,3343.456557188285,121,88,120,84
8881.93943863237,2677.533509259097,6.533645388915662e-06,-396.10301329740827,-978.9419598095848,0.004000186920166016,135,4645,21021.961950638433,1014.0,5127.0609138851105,150,149,146,148
24.3244732728173,13.01076477383479,5.075045378939816e-06,0.3843080124869894,0.24764444444417666,0.0040013790130615234,148,3342,3376.4,764.0,764.0,150,149,149,148
11740.177394621589,2738.900449575628,6.411171396279048e-06,-225.99730319587394,-351.07760057728336,0.005000114440917969,127,5562,23121.276965335528,1243.0,5496.950030278309,150,143,149,140
7502.329368459161,2618.088810522329,6.689643565584237e-06,-321.6812920087532,-817.025497076205,0.003999233245849609,138,4551,19544.743467456876,1028.0,5644.549916226213,150,149,149,149
0.965001790065605,0.4280324312390902,8.007713769494754e-06,0.8674435806559361,-0.03209292701744837,0.0040013790130615234,0,10,10.0,1.0,0.21685562138929992,1,0,3,6
0.9471192502624363,0.5326369245501061,2.0522905852051882e-05,0.852035484665125,-0.134808373576782,0.0040018558502197266,0,10,10.0,2.0,0.22774990534718664,1,0,30,6
1.4434417254445573,0.5781950843528998,2.1230308063874595e-06,0.7258521033217946,-0.3929564815410702,0.002999544143676758,0,10,10.0,1.0,0.2684228677693953,1,0,2,4
1.1418215178884414,0.475693899793145,1.5329963814697247e-05,0.6924029488681787,-0.1087949628720124,0.0039997100830078125,0,10,10.0,1.0,0.29419436601291904,1,0,8,6
1.019103751971094,0.4758304459052988,8.24303849642673e-06,0.8263909542229636,0.04339825901691019,0.003973245620727539,0,10,10.0,1.0,0.36445147384854404,1,0,4,7
0.8971362581263509,0.4069510438618141,6.1549779215406774e-06,0.7847985385976068,-0.14707637818334285,0.004000425338745117,0,10,10.0,1.0,0.4391643383639272,1,0,3,8
1.2320644557793048,0.463144732146015,3.526492154330397e-06,0.8357469961041223,-0.44193712181483846,0.003000974655151367,0,11,10.0,1.0,0.4525516052053218,2,0,2,8
3.2019182483367623,0.9548327646568956,4.482542382868117e-06,-1.715687252085961,-0.2685876106709064,0.003999233245849609,0,10,10.0,3.0,0.7487674032222449,1,0,17,54
2609.18881629277,583.0709001529978,4.512425417868181e-06,-34887.94703349603,-31176.47648703525,0.006000041961669922,0,52,8164.927647260038,13.0,1764.3063376757964,131,144,123,140
2857.9108012253237,612.443315321571,3.3538911814150337e-06,-1871.3384254164039,-1564.9573927804943,0.004997730255126953,0,260,8501.74185368227,61.0,1834.3233201560006,150,139,149,136
9.361267487257983,2.446781312205402,5.371158165750118e-06,-19.775485307198917,-22.585945784773617,0.0039997100830078125,0,10,26.902725699818596,2.0,6.825212218629208,1,55,13,55
3278.44291535267,678.8378455344366,3.4564584103170605e-06,-405.3842814713261,-341.7026882410198,0.015002965927124023,0,636,9288.20571589841,150.0,1993.7483965185274,150,125,147,122
2.7452729630231874,0.7759029807524097,2.7919063037497203e-06,0.13306859952000272,-1.0523594393425255,0.00400090217590332,0,10,10.0,2.0,0.9008437311703261,1,0,3,14
3541.5865334650944,731.1934335954879,4.0415113528146745e-06,-73686.06393475943,-40801.12444669238,0.006996870040893555,0,60,9537.13065080087,19.0,2041.2349109688375,150,122,146,118
3472.823504912362,718.0550334470893,3.81754960265188e-06,-467.285196194684,-405.2317851171766,0.006998538970947266,0,564,9658.462739750306,147.0,2069.404751135039,150,120,143,117
3661.639968323554,759.6136852928818,3.5010944807650276e-06,-86.21091678536098,-72.64435705154571,0.006999015808105469,0,1487,10387.306263370661,331.0,2224.199858844242,150,112,150,109
21.97841052550053,6.119570316023115,4.82778979183977e-06,-112.02947655165951,-83.73847436471911,0.004998683929443359,0,10,69.17721693123433,3.0,18.824358959207395,1,51,25,51
4282.631576565144,885.4008711504617,5.278929254187179e-06,-636.9138519502948,-475.5261164753561,0.006000041961669922,0,682,11689.988758313157,163.0,2509.9090213133895,150,103,145,99
4156.812624092643,869.3653288924465,3.665363429405155e-06,-28.98406811276957,-24.589161838449222,0.0069980621337890625,0,2776,11908.532474658967,637.0,2553.9991449392255,150,101,149,98
5354.408864379838,1934.2197218995516,6.374722699906508e-06,-218.84220237590034,-442.0487220409713,0.005003929138183594,139,4572,15174.6392147324,1053.0,4450.908171608828,150,149,150,149
8.307032659037011,1.8397858149425728,1.0406498395304875e-05,-3.1530771499238197,-1.16457101266024,0.006001710891723633,0,19,10.0,6.0,0.22774990534718664,132,0,129,6
0.925481705392445,0.49846200683999875,4.118396391162324e-06,0.9084566435474647,0.05518153178953766,0.003996610641479492,0,10,10.0,2.0,0.24969250730176595,1,0,6,6
13.112372940895371,3.875958313006154,7.542492110007284e-06,-15.515489904093798,-14.792314006430297,0.006004810333251953,0,15,83.24704516181178,5.0,22.72790205765807,137,149,137,149
1.805603876156248,0.5465489245076721,9.775387336654301e-06,0.27524519893377675,-0.061557524731845614,0.004002094268798828,0,10,10.0,2.0,0.4391643383639272,1,0,29,8
100.01817022295349,27.988399926143018,7.900747132616978e-06,-2311.111818630117,-1254.7271968209432,0.005999326705932617,0,10,536.60901376409,3.0,150.63328462573668,1,149,59,149
226.25076392508407,64.04665334723968,6.6013686442554035e-06,-1520.745089276206,-1459.2621766357108,0.006995677947998047,0,22,1242.5130237493454,7.0,348.5251290138365,109,149,79,149
1220.8376851104986,321.2072216908938,7.725761007477954e-06,-383413.94444782,-197920.11718762192,0.006997108459472656,0,10,5811.399703952795,3.0,1436.6637468756971,1,149,6,149
1829.5109224508067,450.8911425670724,6.023481399465594e-06,-10040.564949282552,-9725.373602003827,0.00699615478515625,0,75,7511.852330066298,23.0,1645.2152281553026,148,149,148,148
2622.080671344868,585.8268757214142,5.789810521601191e-06,-315353.6972799581,-165614.9868556364,0.006995677947998047,0,16,8164.927647260038,7.0,1764.3063376757964,77,144,55,140
3286.1999402505944,681.1931406664368,3.508365307233862e-06,-911.2952053322327,-724.7823816332361,0.00699615478515625,0,448,9177.275717176093,117.0,1969.0852230339806,150,127,150,124
3526.6353491798873,728.5912888847555,4.245308518253411e-06,-13697.451889326243,-10848.903383296823,0.0069959163665771484,0,116,9537.13065080087,33.0,2041.2349109688375,150,122,144,118
3888.9848150488147,804.7837858331491,3.8122107711701883e-06,-240.43347967290782,-184.39794703892926,0.005997180938720703,0,1035,10728.726878516858,268.0,2301.336111077224,150,109,150,106
4181.346735667763,866.822842027194,3.969637121600358e-06,-171.91642596723707,-133.54096383215517,0.005995988845825195,0,1242,11497.348800047424,295.0,2460.4549788736385,150,104,150,100
4697.159286867751,971.6847727331605,4.540176351705996e-06,-35466.15253754011,-22984.984982978538,0.005995988845825195,0,103,12848.471947829032,33.0,2769.481252863694,150,97,150,94
2034.2208398040484,945.0730420439666,6.172434995147639e-06,-59.87537313065667,-171.56807572695718,0.003998994827270508,143,3892,7864.765595915542,918.0,2580.1156813745274,150,149,149,149
10155.347226991711,2334.0473196009525,6.059102215557211e-06,-87.56168328991147,-131.84323146396483,0.004999637603759766,122,6480,22454.878687987835,1398.0,5271.365503371351,150,138,145,136
0.9580002905845215,0.36467761886072964,5.905764497940922e-06,0.846403462322191,0.0211667245136109,0.003999471664428711,0,10,10.0,1.0,0.2386955278131324,1,0,5,6
1.840222326645083,0.4469637356220799,4.544030135371714e-06,0.5313305176756196,0.08190909484722164,0.008999347686767578,0,10,10.0,1.0,0.28299177317562985,1,0,3,6
1.0456270036959343,0.17498320139787413,2.7403292926095836e-06,0.8460218704874789,0.0,0.004997968673706055,0,10,10.0,0.0,0.20601265740677754,1,0,1,6
1.1399177220941612,0.4209292231550623,3.0765277719134955e-06,0.8408882759415093,0.05503247516840404,0.003999948501586914,0,10,10.0,1.0,0.3284690079401853,1,0,4,7
4.943524722033676,1.390482375944709,7.324828847022313e-06,-2.8313834362758024,-0.7348232513474622,0.006998538970947266,0,13,10.877287030098383,6.0,2.84158209799668,139,149,79,149
2.5620687712616483,0.7177743590613073,9.90380885916534e-06,-0.3004298825606073,-0.11953999403625337,0.005003452301025391,0,10,10.0,4.0,0.4064967809457487,1,0,79,114
2.530999353751797,0.7035886864839429,4.2230781263493654e-06,-0.01912963865554773,-0.11525585966261143,0.003998994827270508,0,10,10.0,2.0,0.4135733568685813,1,0,4,7
1.094547181658404,0.5537303536731928,4.056122141516501e-06,0.6024091976840704,0.07840594248686528,0.004000425338745117,0,10,10.0,2.0,0.5411591769886641,1,0,7,10
1498.2649732825294,382.9679244256279,6.2801116673473e-06,-2223.9176482244256,-2425.0393720025295,0.007001399993896484,0,120,6812.3354819226315,32.0,1585.39854826779,148,149,147,149
3.3470590056417504,0.8778644651729424,5.907157069925523e-06,-0.23561631852435783,-0.9328077392592624,0.004999637603759766,0,11,10.0,2.0,1.8326070096378233,3,0,3,52
1.951313515294064,0.670923851722674,9.016141758732706e-06,0.28900840026036656,-0.08933593184114108,0.004000186920166016,0,10,10.0,2.0,0.6701430562474844,1,0,7,12
2764.7514078996824,603.073686213727,3.7005425597337604e-06,-10406.334983167773,-8116.539322001122,0.005000114440917969,0,101,8340.98607747472,26.0,1803.9697320020887,141,141,139,138
2998.1000322074847,635.3694836696924,3.779112047617209e-06,-4630.369865720517,-3908.3748259659183,0.004997730255126953,0,187,8628.461630430913,48.0,1859.721943362989,148,137,148,134
1.8619912987520681,0.6846691224957616,3.3918261224627493e-06,0.3906405377129476,-0.14446242016385824,0.0040247440338134766,0,10,10.0,2.0,0.8627928994833947,1,0,4,24
2740.4631253081857,572.7295708222689,3.1161741091144387e-06,-46.66578175499896,-41.35565261542503,0.005004167556762695,0,1403,8856.472093840108,319.0,1900.01679875658,147,133,150,130
3482.354076941756,719.30719272861,6.14441035974679e-06,-22959.01271786143,-15150.263013499025,0.004999637603759766,0,108,9410.956883339068,29.0,2017.1474776207033,146,124,146,121
3397.474079605522,703.7705177795965,4.852010776343548e-06,-205.50992649429438,-167.7969358601525,0.005000591278076172,0,911,9658.462739750306,211.0,2069.404751135039,150,120,149,117
3375.3944947666746,702.2369887356606,3.448481093703674e-06,-77.30201644911972,-65.56243037609495,0.006000041961669922,0,1434,9784.833327795108,324.0,2095.7633893673,150,119,150,115
3.6758727775807913,1.1850808010270706,5.004957043917792e-06,-1.868822237861611,-2.745110679901235,0.004998922348022461,0,10,10.655684559482015,2.0,2.6954593699894556,1,31,13,31
3506.571175970788,733.4403422920675,3.605477206316506e-06,-21.473128843043412,-18.993952443200797,0.0060007572174072266,0,2612,10550.927547267294,598.0,2257.877160725413,150,111,150,108
4.467434021549415,0.6518518290225707,2.335572144635161e-06,-1.0411556890008473,-3.3022219208757164,0.004000663757324219,0,10,10.0,1.0,0.9461581380774136,1,0,8,8
4305.069310088425,889.4923325634666,4.018939226465609e-06,-1015.3553171661006,-787.2397995858701,0.005999565124511719,0,585,11689.988758313157,136.0,2509.9090213133895,150,103,148,99
1634.6881041455208,755.78450521961,5.787709051387888e-06,-44.02603622421778,-230.07209479370977,0.0030031204223632812,143,3871,7036.09188568648,878.0,2198.010659927255,150,149,150,149
5645.6516348842815,1949.796479652338,6.242102425731333e-06,-209.58912673965222,-535.3397223074884,0.003998279571533203,138,4511,15568.599580086595,1007.0,4375.5215609737115,150,149,150,149
10404.22633018328,2570.3727146045967,6.188244665468021e-06,-146.25678599522502,-241.611682406098,0.0050008296966552734,130,5802,21360.490164393752,1270.0,5033.544432722661,150,146,149,143
7995.716765027524,1849.6726495189455,5.513023131566255e-06,-55.500452088519424,-116.5167939613532,0.004000186920166016,114,6457,20191.552723383684,1344.0,4653.866722522933,142,131,141,128
7598.745810527059,1740.7644199153656,5.276285438339206e-06,-56.637066778228096,-113.3644148339004,0.0049953460693359375,109,6332,19678.619251975815,1390.0,4507.58541884258,141,127,133,124
10025.649804514576,2307.3399551633606,5.9838500399034285e-06,-85.26940791778048,-140.27943597853266,0.004997968673706055,122,6703,22743.14412463561,1446.0,5350.744573596934,149,138,148,135
1.2889829645642807,0.48100281285617325,8.000007126681708e-06,0.7324513554046825,0.02583702747136485,0.005002498626708984,0,10,10.0,2.0,0.24969250730176595,1,0,9,6
0.9061491753914795,0.4694705411557879,7.508077681929099e-06,0.8473410677199238,-0.03466770953375864,0.004000425338745117,0,10,10.0,1.0,0.2718406114608001,1,0,5,6
1.269934547045006,0.5172030743462149,8.629738190168208e-06,0.5440645098146646,-0.05538862542945999,0.004999876022338867,0,10,10.0,2.0,0.28299177317562985,1,0,24,6
1.0701646360403205,0.42711299850430545,4.2096558951307975e-06,0.8649784135494764,0.05920556613752426,0.003999471664428711,0,10,10.0,1.0,0.29419436601291904,1,0,3,6
2.5525783976773075,0.8088360366988455,7.452040131710869e-06,0.18620313262239352,-0.14333165657062907,0.004999876022338867,0,10,10.0,3.0,0.3523664514898337,1,0,12,7
1.7475612865717738,0.347863724354917,2.6504128667327923e-06,0.637715270108577,0.0,0.004001617431640625,0,10,10.0,0.0,0.4011682258072198,1,0,1,7
1.5009058671724684,0.396365264756017,2.4929826825051075e-06,0.7944351967755343,-0.9009756195718011,0.004001617431640625,0,10,10.0,1.0,0.4135733568685813,1,0,3,7
52.7203634963325,15.565415835972194,4.049557976765762e-06,-16.917998405153217,-25.185621302143396,0.006000518798828125,0,52,343.36340817807627,13.0,95.9678576897175,150,149,149,149
1.9081604374508678,0.37582827661922147,2.3813905226703515e-06,0.6265562815330576,0.0,0.004000186920166016,0,10,10.0,0.0,0.4640272479924139,1,0,1,7
1.2893528872148494,0.6487926075908595,4.626383113147471e-06,0.7221047955066231,0.055265179805255804,0.004000425338745117,0,10,10.0,2.0,0.4796890887145526,1,0,5,8
218.86288252540731,62.33367740081957,9.494380615650006e-06,-395.2250028730305,-456.2452619927326,0.006999492645263672,0,46,1242.5130237493454,16.0,348.5251290138365,148,149,147,149
1221.0581193705352,321.3724100588903,6.7176443193096085e-06,-56151.84921925922,-44686.69992517143,0.005997419357299805,0,23,5811.399703952795,6.0,1436.6637468756971,80,149,73,149
1815.1411689557654,447.8011963914251,3.860301192494191e-06,-4070.8916445764457,-4588.468456933294,0.006002187728881836,0,118,7511.852330066298,29.0,1645.2152281553026,150,149,144,148
2995.2697339784495,634.7432660145705,3.971040779877621e-06,-4245.972184047394,-3615.386189778704,0.0050008296966552734,0,189,8628.461630430913,47.0,1859.721943362989,149,137,149,134
2950.3966104306696,616.3473300808265,3.4141446647635607e-06,-170.07623120830846,-144.73730128406774,0.006000041961669922,0,818,8856.472093840108,193.0,1900.01679875658,150,133,149,130
3222.932336171329,667.24795946227,3.869123588495412e-06,-356.5470830060008,-274.4204507562692,0.004999637603759766,0,704,9177.275717176093,178.0,1969.0852230339806,150,127,149,124
3408.410203985553,707.1701566255067,3.5876995361478453e-06,-167.23961572320835,-139.02457176822637,0.004998445510864258,0,994,9658.462739750306,234.0,2069.404751135039,150,120,150,117
3094.542380260848,648.4273903671926,3.0380760591201527e-06,-14.87133664115611,-13.046634259134349,0.006002664566040039,0,2611,9928.41485203297,583.0,2120.508937868708,150,117,148,114
3723.5518174844615,770.7041691889909,3.6889240905268654e-06,-401.1362460165923,-314.53788910909753,0.005002260208129883,0,786,10219.910039080773,191.0,2188.2913226202236,150,114,150,111
3935.0651185386887,817.6129379568896,4.231826814330987e-06,-65.16385344345801,-53.05870088999692,0.005002260208129883,0,1915,11093.818256294056,438.0,2381.8822421537907,150,106,148,103
4446.011414442192,923.6367421322763,3.792862250620229e-06,-64.8640274557511,-49.57651727395185,0.006003618240356445,0,2244,12368.777858333327,530.0,2662.2476690480016,150,99,149,96
4685.697653667859,970.5304262841964,3.819949461817167e-06,-374.4553834033073,-281.3026590980274,0.006000995635986328,0,1015,12848.471947829032,250.0,2769.481252863694,150,97,150,94
4926.835770769694,1706.5892680614313,6.0839913096823175e-06,-159.19458757476212,-567.0360248946164,0.0039975643157958984,138,4351,14053.772466289267,967.0,3924.160134179976,150,149,149,149
0.0,0.0,0.0,,,0.002996683120727539,149,3396,3396.0,824.0,824.0,150,149,150,149
3325.0425466752204,1337.170202180276,6.1722237014610285e-06,-135.38044330428167,-518.5059835482167,0.004000186920166016,141,4087,10703.304287682866,931.0,3312.5368314161697,150,149,149,149
0.0,0.0,0.0,,,0.003000497817993164,149,3099,3099.0,779.0,779.0,150,149,150,149
2.573811706491562,0.941835404996746,2.5120135370516755e-06,0.2619103952511658,-4.962973641263975,0.0030019283294677734,0,10,10.0,1.0,1.4315827272063668,1,0,3,10
9594.726276068,2182.6392205520856,5.8614629956456545e-06,-89.63583789733197,-149.21441493732644,0.003999233245849609,123,6220,21108.06459634572,1336.0,4938.703860918928,148,139,148,137
6990.3236766662285,1583.0046074010695,4.526012041824463e-06,-25.969896053381948,-36.046252498900266,0.00400090217590332,98,7528,20010.92211088307,1568.0,4534.319092203683,130,117,125,114
7.7024705222843615,2.033609157078499,1.2705254989308347e-05,-3.0067751242656273,-1.0582237958029213,0.005995273590087891,0,15,10.0,7.0,0.26074086234602967,114,0,70,6
1.8936255441404704,0.3565451083904227,4.678053905707097e-06,0.3003872974104618,0.12526295862731085,0.004000186920166016,0,10,10.0,1.0,0.30544840849155475,1,0,3,6
1.2818623699167637,0.4320946043874806,7.083900559752458e-06,0.8231247432283506,-0.16691091962983307,0.0039997100830078125,0,11,10.0,1.0,0.3284690079401853,2,0,2,7
0.7065675566726217,0.3486335835572403,4.41123124258024e-06,0.8765120835553853,0.14816949278239067,0.00899958610534668,0,10,10.0,1.0,0.34037636304347596,1,0,5,7
3.0754856880517503,0.6435633409984673,2.403574213545357e-06,0.21152565038839022,-0.10446339700562546,0.004000663757324219,0,11,10.0,2.0,0.4391643383639272,2,0,9,8
1.9376046746436788,0.725184715212841,7.139467962743903e-06,-0.3890953938243833,-0.01975544000443774,0.004999399185180664,0,10,10.0,2.0,0.4796890887145526,1,0,13,8
0.9477089149884553,0.5547379153586874,3.163298362689307e-06,0.8624048736041984,0.007309178269347405,0.0039997100830078125,0,10,10.0,2.0,0.4934398101223165,1,0,7,8
421.60854359833695,122.22468456595146,4.233129681202013e-06,-28.96222519646633,-51.84649794415984,0.0069963932037353516,0,242,2601.1390893743746,63.0,713.802826085368,148,149,148,149
910.1303062480958,246.7813432574868,4.2300702876966175e-06,-1846.2001553774992,-2269.543837695633,0.006999969482421875,0,81,4675.61328464471,22.0,1211.3602696389867,147,149,141,149
1.8109258366975773,0.804718279582802,3.899499224439766e-06,0.5764712136606529,0.013391957454625403,0.003000497817993164,0,10,10.0,3.0,0.6327863463483263,1,0,6,28
2131.94201719237,506.7657452611612,5.47115084743935e-06,-29625.407376722906,-23737.206251139007,0.0059986114501953125,0,52,7812.214815153407,14.0,1679.2490388902825,146,148,148,145
2379.1420674405035,547.7694959001273,4.00413604715421e-06,-10916.390200132731,-12372.00501501054,0.00599980354309082,0,93,7991.002518966447,21.0,1719.081702070799,149,146,147,143
2623.945207195679,571.9610440076164,4.013809803870389e-06,-306.5956512807439,-278.2932075436846,0.005999088287353516,0,556,8340.98607747472,134.0,1803.9697320020887,147,141,147,138
5.19761202326321,1.4674303287317851,5.530380107750419e-06,-4.544837715448995,-3.331565843311327,0.0039997100830078125,0,10,14.767097240196728,4.0,3.610000135788125,1,55,26,55
3133.7038587753027,651.7959835279654,3.3273720383664405e-06,-520.4149063888822,-413.4940742458958,0.00500035285949707,0,557,8960.10648578096,129.0,1923.8519193202374,149,131,147,128
2873.0848499019526,601.8727534527588,3.0737314913251144e-06,-23.804779306242057,-21.80841666166261,0.005000591278076172,0,2021,9288.20571589841,436.0,1993.7483965185274,150,125,147,122
2.3178572755408307,0.8549081847485585,2.8815989573203364e-06,-0.127868406431086,-0.6006770616104515,0.003000020980834961,0,10,10.0,2.0,1.443434167342657,1,0,10,28
3263.724887692116,680.4625566473326,3.252550388893785e-06,-31.692499126639618,-26.816527080308155,0.006002664566040039,0,2144,9784.833327795108,491.0,2095.7633893673,150,119,149,115
3315.6170204711184,691.4887019457195,3.148257909200184e-06,-31.42538424990255,-26.147412793173114,0.004999876022338867,0,2225,9928.41485203297,500.0,2120.508937868708,150,117,149,114
3454.360327717003,724.109479275955,3.322876896280787e-06,-21.029215491123644,-18.4980279312449,0.00500035285949707,0,2750,10387.306263370661,587.0,2224.199858844242,150,112,148,109
2262.909889735522,877.0170111543144,5.507383534381254e-06,-98.1305035502836,-320.7008110241335,0.003998756408691406,141,4042,8451.709253605532,903.0,2408.497184483542,150,149,148,149
4226.684712213235,883.1220453042304,3.4575759386286453e-06,-27.53774380619899,-21.955039816638344,0.004999399185180664,0,3050,11908.532474658967,707.0,2553.9991449392255,150,101,150,98
4543.12103092828,939.3118574174782,4.895872015139277e-06,-4931.5584685406,-3041.2277797917263,0.004999876022338867,0,296,12368.777858333327,81.0,2662.2476690480016,150,99,150,96
0.0,0.0,0.0,,,0.0030007362365722656,149,3471,3471.0,794.0,794.0,150,149,150,149
6551.858143028687,1870.696283383943,5.781309570344914e-06,-174.09181779760402,-404.98163292733506,0.003000020980834961,134,4788,16227.644229102982,1070.0,3755.2122433919703,150,149,149,147
6181.472855141422,1402.080655471792,5.164356699706402e-06,-85.60418492969886,-270.08937946899897,0.004000186920166016,119,5517,15411.505206852742,1123.0,3468.619055578978,143,136,138,133
7259.956501802111,1633.8208529062356,5.46903862722561e-06,-129.4592981912306,-277.21946944165376,0.004000186920166016,121,5393,16750.691906291213,1142.0,3811.101597045201,145,138,145,135
7342.8129968627445,1679.3161146744253,5.3061869149315125e-06,-61.52534552515344,-133.22232332782553,0.003999948501586914,115,6084,18567.39979373858,1286.0,4245.712803123883,146,132,137,129
4.92970819744419,1.186685778516137,2.7848524971010004e-06,-2.3260067853944024,-11.18654637730005,0.003999471664428711,0,10,10.0,1.0,1.918317398635299,1,0,6,14
7326.010801120679,1696.783955858639,4.9411703697041645e-06,-36.9027247293363,-76.40611189918926,0.003999948501586914,108,7250,20268.25661334442,1553.0,4642.132447586706,136,125,130,122
7505.409203893052,1725.4419868708903,4.926508874294443e-06,-31.834129663726976,-56.743747004785725,0.003999233245849609,106,7484,20860.57402401851,1594.0,4799.354511585403,135,124,133,121
7570.894755901509,1737.1207119648714,4.9026356571795315e-06,-32.722042640782774,-61.02296056368085,0.003999471664428711,105,7499,20979.625980521683,1551.0,4815.833127026641,135,123,133,120
1.2763860069482431,0.20029724880936342,2.3813905226703515e-06,0.7752881050023062,0.0,0.0029976367950439453,0,10,10.0,0.0,0.2386955278131324,1,0,1,6
2.245248685747795,0.3343127342261147,2.140058414842339e-06,0.4359561778067468,-0.021851467572487238,0.003999948501586914,0,10,10.0,1.0,0.29419436601291904,1,0,7,6
3.2507727042854784,0.7695267136710909,1.0141352777301681e-05,-1.1357645074488727,-0.2863414039099683,0.003996849060058594,0,10,10.0,3.0,0.3523664514898337,1,0,61,7
9.599383052858522,2.722361176676313,7.088805077817725e-06,-5.034693139948357,-5.180391144367327,0.006000041961669922,0,17,50.79264887520397,4.0,13.729318568685379,96,149,62,149
36.234517648481194,8.548138986726437,4.910576960778203e-06,-0.5035338308037463,-0.3419775966279608,0.00599980354309082,0,109,83.24704516181178,29.0,22.72790205765807,146,149,144,149
1.7602724958982117,0.45725834426605616,5.378023678014539e-06,0.3160326186567586,-0.22344707452890034,0.003999948501586914,0,10,10.0,1.0,0.4934398101223165,1,0,4,8
9.716558451111853,2.5484308611762128,7.785672360003598e-06,-20.901022764514966,-9.300622392943183,0.0049991607666015625,0,10,37.551750051847236,4.0,9.593777546321327,1,109,48,109
917.2440414626088,248.67317599910845,4.7736771210009225e-06,-3045.115760790554,-4057.770727247583,0.0059986114501953125,0,59,4675.61328464471,15.0,1211.3602696389867,150,149,150,149
1816.958111492162,448.6518947550887,4.3547955360346616e-06,-4113.599424700953,-5058.03155507133,0.004999637603759766,0,123,7511.852330066298,28.0,1645.2152281553026,147,149,150,148
2498.967183221315,558.361305367727,3.4250187688134796e-06,-575.0233669971145,-563.7006201665905,0.006000041961669922,0,403,8164.927647260038,92.0,1764.3063376757964,150,144,148,140
2862.8165922593,605.7860880561086,3.1436823333912914e-06,-316.2074176819474,-258.2692997927151,0.005000114440917969,0,663,8628.461630430913,168.0,1859.721943362989,150,137,150,134
1805.2256278925026,740.5993661760939,5.446199618385057e-06,-187.90454706759684,-647.3422594896413,0.004999637603759766,142,3770,7230.357963438353,833.0,2071.3494125130073,150,149,149,149
6995.912903821419,1606.0983994031678,5.238107298858217e-06,-49.102800539125,-100.98617138425688,0.003999233245849609,118,6351,17626.05398970222,1338.0,4047.5882248771104,144,135,140,132
9542.16959257431,2255.1897484562005,5.927357792015472e-06,-144.3204917484735,-258.83299231154655,0.0039997100830078125,128,5761,19729.120554105983,1258.0,4582.718672216428,150,144,150,141
6548.124475299676,1492.7795084860538,4.729258929182789e-06,-37.952672608941505,-67.52067824817438,0.0039997100830078125,107,6828,18365.26932265941,1429.0,4168.770431840134,137,125,129,122
6892.121994750712,1559.433308074465,4.398413888636042e-06,-22.984860641940895,-29.798861867931322,0.0039997100830078125,98,7801,20206.534645938773,1623.0,4583.39107145635,128,117,124,114
8235.39985053418,1907.315511958261,5.0107042445079715e-06,-25.77879200202366,-48.787191704234054,0.003999948501586914,107,8098,22364.114272134764,1692.0,5189.709017096615,139,125,135,122
7.736245920586889,1.9708336115763485,1.5024359619772126e-05,-2.3929912775754927,-1.180003624477517,0.0060002803802490234,0,20,10.0,8.0,0.22774990534718664,108,0,108,6
5.479900415629894,1.4485058957471877,1.1709144101404424e-05,-1.0692426084295699,-0.47874110964207195,0.004999876022338867,0,15,10.0,5.0,0.24969250730176595,136,0,91,6
5.008537048269484,1.287330661775289,1.3431069960702657e-05,-2.279619266051597,-0.7936146633701995,0.0059967041015625,0,12,10.0,4.0,0.26074086234602967,122,0,51,6
2.0344410750778836,0.5479838171145532,3.6197547412973764e-06,0.32259402815645577,0.03133463284052851,0.0040018558502197266,0,10,10.0,2.0,0.2718406114608001,1,0,14,6
7.730545047157372,1.6962189928995792,6.386974953258253e-06,-3.6336348081350796,-0.8979176937801874,0.0060007572174072266,0,17,10.0,5.0,0.28299177317562985,109,0,84,6
1.0663327547784696,0.5026284616092787,7.552109236322973e-06,0.8046829815295745,0.10728425830682276,0.0039997100830078125,0,10,10.0,2.0,0.34037636304347596,1,0,4,7
15.445782718967102,3.61607777919403,5.019658729606608e-06,-2.8431204071273455,-1.3831196245348032,0.005999088287353516,0,33,10.0,10.0,1.6453495025043763,114,0,149,149
24.146622914672427,5.526896571232612,4.9144071947780315e-06,-1.9128314409261429,-1.3248987009042308,0.00500035285949707,0,59,18.35881898768442,16.0,4.85380949715843,146,149,144,149
7.770698876635527,2.2237541867978665,5.302599164244895e-06,-3.00232905460496,-1.5698531128573867,0.00500035285949707,0,20,50.79264887520397,6.0,13.729318568685379,143,149,112,149
0.9558246132424686,0.5757027206573198,6.486798478707321e-06,0.8046027013654371,-0.06132207117315591,0.004001140594482422,0,10,10.0,2.0,0.4135733568685813,1,0,26,7
141.44388046579326,40.494437776039604,3.63909744729674e-06,-204.78395850133043,-215.41613607696155,0.004999876022338867,0,44,824.8147440048065,13.0,231.89383888706902,149,149,142,149
1772.9230476592647,438.1904209477891,5.32843030165211e-06,-684.1499987922448,-794.9968067469472,0.006000041961669922,0,249,7511.852330066298,58.0,1645.2152281553026,147,149,146,148
1748.3653737899056,419.54013751220623,3.253465587707253e-06,-23.101325105568247,-26.702279660803615,0.015000343322753906,0,1322,7812.214815153407,303.0,1679.2490388902825,150,148,149,145
2621.7393277274855,560.7518250763891,3.294531857077298e-06,-97.54737144416423,-88.79352951850724,0.0060002803802490234,0,893,8501.74185368227,207.0,1834.3233201560006,150,139,150,136
1.9354506163430347,0.7140402059712875,3.8073416480473367e-06,0.23162311047478334,-0.02674900573763872,0.003999233245849609,0,10,10.0,2.0,0.9878668810429829,1,0,6,26
3265.9815006262706,679.140921121194,4.324742026876541e-06,-46193.183048598556,-34163.125057792924,0.00599980354309082,0,69,8960.10648578096,16.0,1923.8519193202374,150,131,146,128
2959.792140277598,615.4734765434144,3.3303215963801146e-06,-59.837675259592245,-48.11782065156109,0.005999565124511719,0,1407,9069.288322959354,327.0,1943.6376680166295,150,129,150,126
3536.272106844586,729.9558991862882,4.214461224051395e-06,-25347.730336431014,-13824.920521296708,0.006000041961669922,0,105,9537.13065080087,29.0,2041.2349109688375,150,122,148,118
3021.0257569305227,635.0567019323477,3.472280854305918e-06,-13.83980991894521,-12.178281562508488,0.0060002803802490234,0,2742,9658.462739750306,603.0,2069.404751135039,150,120,150,117
3400.1849942201015,705.7405610074629,3.7455651278563452e-06,-80.5200588792733,-65.83898952459339,0.0070002079010009766,0,1549,9784.833327795108,338.0,2095.7633893673,149,119,148,115
3724.9178080164834,781.2347743686454,3.382027997683693e-06,-19.204690521792635,-15.407380442058532,0.006000041961669922,0,3147,10728.726878516858,726.0,2301.336111077224,150,109,149,106
5262.644311302465,1165.8528671069134,4.759473940001429e-06,-94.926401607534,-182.68952802853963,0.004000186920166016,120,4984,13109.88274616783,1056.0,2919.573156223876,146,137,136,134
6250.472531703742,1554.377863356325,5.4048272033180024e-06,-176.15346850870853,-372.0533904306241,0.004998445510864258,130,4611,13963.161329123852,969.0,3151.049635645508,150,147,143,144
5456.536774436935,1226.534346718271,4.607572456155041e-06,-57.75708210698277,-110.53619092629094,0.004000186920166016,111,5392,14675.874579088202,1154.0,3270.7500503012234,142,129,132,127
12.441058976936041,3.552764220716781,5.284509571768322e-06,-27.649776832361482,-29.96720593075139,0.00400090217590332,0,10,34.751347902557136,2.0,9.683803109136896,1,36,16,36
3915.804532422924,1486.7377803058407,6.0171788484710106e-06,-118.57634891659265,-319.9155411031653,0.003999233245849609,140,4430,12212.380770431148,996.0,3662.0255024659255,150,149,149,149
6990.384105988925,1614.2395623942514,5.018663277859933e-06,-41.627940780468414,-92.35469731686791,0.003999948501586914,113,6518,18378.53341818012,1363.0,4192.01612873926,143,130,136,127
6473.155626705851,1486.3743614385628,4.619870715061377e-06,-28.513393233900835,-52.32100425602111,0.003999948501586914,106,6986,18301.85392433674,1450.0,4148.440501997175,134,124,131,121
5282.670017100592,1164.7313191569613,3.457554030128515e-06,-13.917992700587227,-12.192668044458605,0.010005950927734375,91,7293,16931.01237342474,1510.0,3756.9723409656417,122,110,119,107
7554.444665410904,1732.0686504553535,4.779042695580984e-06,-25.445273231719387,-43.942112874985455,0.004999876022338867,104,7714,20983.29079923796,1604.0,4802.671319845307,136,122,131,119
5916.751280730168,1308.351874029769,3.6217477629354647e-06,-12.393571036529583,-11.533385516639363,0.003999471664428711,91,8091,18866.23212323507,1746.0,4226.410852116336,119,110,118,107
1.3241749275556722,0.5285020199705597,2.566461949610556e-05,0.5356759473649675,-0.12552671632690227,0.003999471664428711,0,10,10.0,2.0,0.21685562138929992,1,0,24,6
1.907556177161312,0.3831720091350089,4.61926780647259e-06,-0.3223647780758514,0.02697859201687547,0.01100468635559082,0,10,10.0,1.0,0.24969250730176595,1,0,7,6
1.9778286673117995,0.3297707455027867,2.1513042205640385e-06,0.5882309223957507,0.005725763753474666,0.003999948501586914,0,10,10.0,1.0,0.2718406114608001,1,0,7,6
2.18763630502359,0.6108263751751828,4.956392070089314e-06,0.41565902282573064,-0.09737900179309755,0.00500035285949707,0,10,10.0,2.0,0.29419436601291904,1,0,4,6
29.259499544349538,6.465592750483481,7.998527696218279e-06,-0.0007973088653137061,0.07805061247828649,0.0070002079010009766,0,111,83.24704516181178,28.0,22.72790205765807,150,149,149,149
2.285199597560026,0.3692289393527933,2.6504128667327923e-06,0.35390736065101314,0.0,0.004998683929443359,0,10,10.0,0.0,0.42606173844329054,1,0,1,7
1.8999987162086098,0.6396207111560466,3.412933114512937e-06,0.5898314835833312,0.07273777682000959,0.004998922348022461,0,10,10.0,3.0,0.5090549548198855,1,0,11,10
1026.9546735382185,277.5914553027318,3.845371327674919e-06,-31.268453876855403,-45.81051068305607,0.00699925422668457,0,680,5811.399703952795,151.0,1436.6637468756971,149,149,147,149
1371.055770622216,353.14847331580063,3.7248200755209384e-06,-83.02464324474165,-103.05920633708965,0.0070040225982666016,0,588,6812.3354819226315,146.0,1585.39854826779,150,149,150,149
2496.144431608963,544.2704982738104,3.496072082806435e-06,-93.13767800831154,-85.69367468689411,0.007001161575317383,0,1027,8340.98607747472,241.0,1803.9697320020887,150,141,149,138
2646.8535019595747,566.2611557252404,3.7909081780159964e-06,-118.23915192600157,-105.88840239244912,0.007001161575317383,0,861,8501.74185368227,205.0,1834.3233201560006,147,139,144,136
3035.8371973977796,643.1005658914366,4.658568509916404e-06,-48929.26855413476,-30865.000184497316,0.010998010635375977,0,70,8628.461630430913,22.0,1859.721943362989,149,137,148,134
2482.8109382406406,523.3574744875697,3.170595562956402e-06,-14.103705627147534,-13.062464631267167,0.0059986114501953125,0,2175,8856.472093840108,480.0,1900.01679875658,150,133,150,130
2.42027458626077,0.7828954768089255,3.3582332563429724e-06,-0.14779826428440912,-1.0135554707743077,0.0019981861114501953,0,10,10.0,2.0,1.2058618912054406,1,0,11,28
2653.5536508604273,555.0645805838009,3.1165880986668955e-06,-12.398651075532657,-10.97881984326445,0.006004810333251953,0,2468,9177.275717176093,531.0,1969.0852230339806,150,127,148,124
3385.2945282794362,700.4582388824343,3.902826991708617e-06,-1874.5605778446995,-1435.1524003451273,0.009999990463256836,0,309,9288.20571589841,73.0,1993.7483965185274,150,125,146,122
3012.454861667132,634.136608285716,3.5247977132697027e-06,-14.392699832791624,-12.465718210499492,0.005999565124511719,0,2801,9658.462739750306,640.0,2069.404751135039,150,120,148,117
3511.3962618761548,737.364665330185,3.4438738976643087e-06,-15.991355609227153,-13.348429107220456,0.008000373840332031,0,3182,10387.306263370661,721.0,2224.199858844242,150,112,149,109
3692.874710057885,773.3443088588023,4.017885321026734e-06,-17.457941768438943,-14.845741617378673,0.006006002426147461,0,3154,10728.726878516858,670.0,2301.336111077224,150,109,145,106
3991.9306996822547,825.3023174814797,3.936172465920067e-06,-270.8462575407447,-198.52998120725613,0.004998922348022461,0,1061,10910.834627738948,275.0,2340.0912858826314,150,108,149,104
4741.22896721989,1077.4251083456018,4.4608800989496115e-06,-57.90990028382778,-102.23218315709576,0.0049495697021484375,114,5632,13648.968463270998,1169.0,3028.48006941723,138,131,131,128
4573.244612678697,954.1201596894726,4.115783460013112e-06,-43.61746109012761,-31.140500245759142,0.006999492645263672,0,2988,12603.324570319848,710.0,2719.015441615513,150,98,150,94
6260.454936400138,1412.853392874356,4.927733915357788e-06,-52.82917587330708,-110.00254900428898,0.005001544952392578,116,5804,16017.805295047829,1204.0,3619.6716586222847,144,134,141,131
5374.130646097289,1223.4246019188934,4.068609765763971e-06,-24.598965748072334,-36.2635792507571,0.005003690719604492,103,6791,16379.14248603331,1424.0,3664.2775935433547,129,122,131,118
5606.527429709273,1265.1699437847305,4.1360542632497586e-06,-26.06695072335875,-36.5524762640558,0.005000114440917969,102,6734,16560.63814875687,1435.0,3709.0923603614647,135,121,128,118
7009.948424011284,1619.0956734263582,4.932691408203631e-06,-32.68835647983958,-65.16018194675277,0.005001544952392578,112,6877,18872.43192721346,1482.0,4323.740616052433,140,130,137,127
1.3907142582995633,0.4366551665111198,5.2223589271826906e-06,0.658746285672624,0.01669925524074023,0.004001617431640625,0,10,10.0,1.0,0.21685562138929992,1,0,5,6
2.1115472966275215,0.6683490613108866,1.2869242286892267e-05,0.02191665757372263,-0.2307297138149298,0.005005598068237305,0,10,10.0,2.0,0.30544840849155475,1,0,9,6
6.122089342642988,1.5731276693963399,1.0580393634997445e-05,-2.4921547729220737,-1.0527719795376265,0.006996631622314453,0,16,10.0,5.0,0.3167539191414612,142,0,71,6
19.126889789155673,4.263043206766936,6.572714581402689e-06,-1.5005621672289493,-1.090717355531154,0.00600123405456543,0,50,10.0,12.0,0.5345979873598532,145,0,140,149
28.452921395678874,6.133731968642407,5.955510831114947e-06,-1.2835855632159676,-1.0850206083823037,0.006000995635986328,0,71,10.0,20.0,0.9430670995076644,145,0,145,149
1.0405263180349642,0.3532901841559214,4.37506490329834e-06,0.8425827937020051,0.1609728632926718,0.004996061325073242,0,10,10.0,1.0,0.36445147384854404,1,0,4,7
1.8119557595125737,0.32890131861492883,2.6860509202076648e-06,0.465182749866478,0.0,0.003999233245849609,0,10,10.0,0.0,0.3766073704703323,1,0,1,7
6.374336174739934,1.9023676435810635,7.705593950565514e-06,-2.736099867361904,-1.3809227969369524,0.005995273590087891,0,15,30.685685605755985,5.0,8.205753032785918,65,149,69,149
1.793846171777926,0.36167786456285383,2.6860509202076648e-06,0.6518592722221381,0.0,0.0030028820037841797,0,10,10.0,0.0,0.4135733568685813,1,0,1,7
2.8768652249177413,0.3570549440590185,2.4823661206654287e-06,0.019905503933301816,0.0,0.004001140594482422,0,10,10.0,0.0,0.42606173844329054,1,0,1,7
1.4945151850677645,0.565364594232892,6.338124511176548e-06,0.6275026756895923,-0.07017746084818244,0.0029997825622558594,0,10,10.0,2.0,0.4391643383639272,1,0,22,8
100.24946051550208,28.089012613250368,9.770600986256877e-06,-1221.846981911285,-812.4317341328405,0.005002260208129883,0,12,536.60901376409,5.0,150.63328462573668,3,149,41,149
202.7065288733777,61.73963320626181,3.553317005879413e-06,-0.2760204122637768,-1.4002776818375553,0.0060007572174072266,0,677,1825.726550153666,154.0,508.28725416776774,150,149,150,149
469.1929914005464,131.84585979386762,4.6979431119377414e-06,-468.12710316611276,-612.7401581996709,0.00500035285949707,0,73,2601.1390893743746,21.0,713.802826085368,150,149,147,149
2.0198597399654865,0.514284876677068,4.673676774081457e-06,0.4629150866113372,-1.353461721647926,0.004002094268798828,0,10,10.0,1.0,0.5759825567343593,1,0,3,30
1937.3070844736471,461.8910289259455,3.868309652859626e-06,-111.75405449984633,-121.49070737268543,0.004998922348022461,0,685,7812.214815153407,161.0,1679.2490388902825,150,148,150,145
3081.8062071457407,647.2356299848676,5.106671383658418e-06,-3727.875788965683,-2961.328699253456,0.0059909820556640625,0,201,8742.473564364924,51.0,1890.7582170167216,148,135,147,132
2644.804600582377,558.832372359514,2.8301856091665087e-06,-8.152993562436805,-7.262466068805637,0.0050008296966552734,0,3034,9288.20571589841,671.0,1993.7483965185274,150,125,150,122
3319.8901843948383,689.4347108576303,4.632010433458477e-06,-92.13185636450332,-69.0330035920833,0.00500178337097168,0,1479,9537.13065080087,370.0,2041.2349109688375,150,122,150,118
0.0,0.0,0.0,,,0.0029985904693603516,149,3513,3513.0,767.0,767.0,150,149,150,149
5195.189262329769,1336.8229246621383,5.135733578112177e-06,-157.02868545766577,-341.69226238664754,0.0029993057250976562,131,4467,12461.90303189238,978.0,2773.6131518170623,150,148,148,145
4535.904421730846,1347.2848883244524,5.224403666196858e-06,-102.68685602204717,-304.2002698572337,0.003000497817993164,135,4737,12863.3760583552,1021.0,2997.444115283126,150,149,146,148
4591.6012632579195,1033.4653030532422,4.223484728614234e-06,-51.576735881286965,-103.05045984591976,0.004000425338745117,113,5396,13004.710019798053,1129.0,2872.83334904215,138,131,136,128
5714.109735617956,1266.7753888310444,4.759329174894543e-06,-77.39412346015997,-161.09576020551467,0.0029892921447753906,121,5403,14270.99820824629,1191.0,3195.336010100653,144,138,140,135
5326.614216519439,1209.8859652067638,4.656137548309796e-06,-59.195937140225475,-159.91226526899715,0.0029981136322021484,117,5581,14296.08736144654,1132.0,3203.2884236144564,143,134,134,132
4585.973366876084,953.506143311272,3.934699269258189e-06,-75.07771781784074,-51.10261151940088,0.004994869232177734,0,2361,12603.324570319848,577.0,2719.015441615513,150,98,148,94
5984.757813446351,1352.6961344524364,4.7285671342484885e-06,-45.62340158090862,-98.00785639319095,0.00400543212890625,117,5993,15852.117132387577,1290.0,3578.242032608867,143,134,133,131
5703.493747630594,1297.788538618485,4.290195297564227e-06,-30.19284180467111,-56.18992867083797,0.003999948501586914,107,6530,16487.28134106985,1388.0,3702.0186374184395,136,125,129,122
6766.692111300621,1556.515887799775,4.7494853950164135e-06,-28.429408774413965,-54.3540826028145,0.004001617431640625,111,6819,18239.61876119899,1448.0,4144.564685444804,141,129,135,126
9257.239754215492,2123.893903364069,5.567929594779525e-06,-60.19562698766734,-87.23527446624638,0.0029904842376708984,126,6918,20176.60349189292,1483.0,4718.4336176396755,150,142,150,139
5666.506582000247,1260.335305179292,3.2640668887987846e-06,-7.8862702569573315,-7.045096418617865,0.00400233268737793,89,8650,18920.704903793954,1807.0,4229.186429143774,119,108,115,106
5.732242750465551,1.4136416430619192,1.4769770712406903e-05,-2.702146501657283,-1.0831917456205087,0.006005525588989258,0,11,10.0,5.0,0.21685562138929992,130,0,105,6
1.639113912476473,0.5785385593108304,1.4508161254026949e-05,0.33184301121198057,-0.29645040905592146,0.005001544952392578,0,10,10.0,2.0,0.24969250730176595,1,0,71,6
0.6686398275081518,0.35421783048787553,4.090437018253478e-06,0.9311645507381731,-0.02467388339022114,0.002999544143676758,0,10,10.0,1.0,0.2718406114608001,1,0,9,6
1.0783157504539571,0.45400602085055713,9.338895233370209e-06,0.7585333848187755,0.015498782768604835,0.003002643585205078,0,10,10.0,2.0,0.28299177317562985,1,0,7,6
1.0811102119059948,0.5810543038371555,9.799463188004342e-06,0.7732333977049034,-0.1542033323053298,0.003998279571533203,0,10,10.0,2.0,0.3167539191414612,1,0,5,6
4.31865267452502,1.1561624514542197,1.1125372184438311e-05,-0.9596990733533715,-0.4947572843513839,0.006000041961669922,0,12,10.0,5.0,0.5345979873598532,133,0,119,149
1.0518871300221357,0.481708650529794,1.3793564364586045e-05,0.8522522431935333,-0.10496773331064402,0.003999471664428711,0,10,10.0,1.0,0.3523664514898337,1,0,2,7
0.996211916907941,0.5687628627509428,4.0829291251982785e-06,0.8865784933269264,0.048117865799657156,0.0048389434814453125,0,10,10.0,2.0,0.36445147384854404,1,0,9,7
0.8104888754494652,0.8729658812288168,4.731183979453019e-06,0.8915189424121709,-0.09028745153067197,0.005000591278076172,0,10,10.0,3.0,0.46605977120887765,1,0,7,8
2.62945600792854,0.7336009780918177,4.39603891083136e-06,-0.12014721958710606,-0.08536040567416214,0.0039997100830078125,0,10,10.0,3.0,0.4796890887145526,1,0,14,8
192.15694588218716,56.6592464986637,4.4848898989277014e-06,-27.77349481383391,-48.94511845135629,0.00600123405456543,0,144,1242.5130237493454,31.0,348.5251290138365,150,149,139,149
448.5908060322072,127.136814590435,5.776706644812725e-06,-104.99278867115594,-157.33752008996473,0.0049974918365478516,0,156,2601.1390893743746,38.0,713.802826085368,150,149,148,149
1.4744115764215902,0.5460825847422875,8.584857518447873e-06,0.6107468849670683,-0.22863873605924612,0.00400090217590332,0,10,10.0,1.0,0.7866105127846668,1,0,2,40
2208.293017698149,507.3345586019912,3.392477834198686e-06,-162.66272220651413,-159.88189248328615,0.006002187728881836,0,688,7991.002518966447,160.0,1719.081702070799,150,146,150,143
2591.4077502423665,547.2785030789752,2.8393373072811154e-06,-42.184828177301185,-36.48044098053588,0.005999088287353516,0,1510,8628.461630430913,339.0,1859.721943362989,150,137,146,134
2967.476053086516,621.8202160605958,3.2471861274528545e-06,-368.4227627915543,-280.480500680645,0.004999876022338867,0,652,8742.473564364924,171.0,1890.7582170167216,150,135,150,132
2674.469241438884,560.4521053977129,3.053769850645054e-06,-9.981887386925619,-8.409723090848086,0.004999399185180664,0,2888,9288.20571589841,629.0,1993.7483965185274,150,125,150,122
3124.8286073093714,649.6420179669404,5.9595088532399815e-06,-42.332308350091544,-33.66363923637786,0.0049932003021240234,0,1844,9410.956883339068,434.0,2017.1474776207033,150,124,150,121
3424.0382037450736,712.0330326572428,3.4742990543946522e-06,-57.795417772585225,-42.81016131844787,0.005000114440917969,0,1924,9784.833327795108,452.0,2095.7633893673,150,119,149,115
311.7394790634178,205.724486229341,4.323469912902139e-06,-24.210844492309768,-93.32525807901115,0.0030062198638916016,146,3614,4178.916765946426,809.0,1145.5550689042439,150,149,150,149
2986.2411566808337,650.5839052370908,3.743346071867318e-06,-116.7500208321094,-85.45027510212302,0.003997802734375,115,4151,8851.731711359093,867.0,1900.774490675235,134,134,134,131
3819.2025631639885,789.340628573029,5.488531803040795e-06,-367.9988369693445,-285.2620213245076,0.005001068115234375,0,848,10387.306263370661,198.0,2224.199858844242,150,112,150,109
370.35966313042604,277.7866697628716,4.958515047892541e-06,-10.612205978884859,-1477.619092655266,0.0029997825622558594,146,3514,4201.807910666124,771.0,1250.9758717334644,150,149,149,149
3933.9510583429405,886.9421838098941,3.907557236401739e-06,-43.49585841269698,-68.9701103484246,0.003998279571533203,113,5455,12007.921616391151,1159.0,2633.974792879035,138,131,130,128
0.0,0.0,0.0,,,0.0040013790130615234,149,3161,3161.0,792.0,792.0,150,149,150,149
5200.683308874949,1171.6350381719146,4.633678078371117e-06,-56.20161399950627,-148.3275629860947,0.0039997100830078125,119,5574,13866.158238671254,1159.0,3090.196582362836,143,136,141,133
5496.812654666406,1718.7242150311754,5.671680477421367e-06,-118.29265230323922,-323.61462120549083,0.0029985904693603516,136,4677,15045.283927125483,1042.0,3806.142127288791,150,149,148,149
7410.1365640653485,2102.6642479307366,5.743216446366652e-06,-98.03907185569761,-177.93651404119103,0.003998279571533203,134,5654,18441.334028687714,1247.0,4302.774457405552,150,149,150,147
3944.817671867086,864.013334637252,2.8652905054868746e-06,-7.912050381729756,-6.347572401875097,0.003998756408691406,91,6785,13839.962911298904,1510.0,3022.2033858315845,119,111,113,108
7766.784676316257,1780.7004459206357,5.195839505540287e-06,-35.681957776957155,-62.17821002664188,0.004000186920166016,121,7081,18900.6260586063,1488.0,4356.173397130471,149,138,149,135
5062.433375315727,1109.1362915692243,2.8754887382870966e-06,-6.06192525221543,-5.131581029585836,0.005002498626708984,87,8372,17569.14946695532,1765.0,3912.2898556587334,116,107,115,104
11491.99344587294,2998.271604733796,6.064388666101791e-06,-89.5272835147762,-124.06152267557145,0.0029990673065185547,132,6958,24782.105974699858,1601.0,5948.991187183925,150,147,150,145
4876.6658274071115,1069.897651227246,2.5670036320420736e-06,-3.276818834745124,-2.90705173936825,0.004003763198852539,81,8971,17854.24154988135,1916.0,3949.5155492501162,111,101,107,98
1.4104688766662339,0.558300878883351,6.1750668250665605e-06,0.6385583833373318,-0.012501595564901491,0.003000020980834961,0,10,10.0,2.0,0.22774990534718664,1,0,12,6
1.4328960905988093,0.6265803403486165,8.141298570241897e-06,0.4520350266001407,-0.045518653405327125,0.003998994827270508,0,10,10.0,2.0,0.2718406114608001,1,0,13,6
3.6002255835770303,0.18939201821264506,2.0908871854924672e-06,-0.05809177572592383,0.0,0.0030019283294677734,0,10,10.0,0.0,0.2822740711638627,1,0,1,3
1.4281271349373272,0.446782842887179,2.5609567855680037e-06,0.8155183515387067,-0.4372273426281177,0.003999948501586914,0,10,10.0,1.0,0.34037636304347596,1,0,2,7
3.2569746695346318,1.0478478859859708,5.609239946529817e-06,-0.5381473134019807,-0.1036204484189529,0.004001617431640625,0,10,10.0,5.0,0.4525516052053218,1,0,19,8
1.7078950340026724,0.592280668942061,4.995909489289147e-06,0.3908563167134447,0.04332960679389419,0.003999948501586914,0,10,10.0,2.0,0.46605977120887765,1,0,13,8
455.226513624801,128.41894947846646,5.1959097167950876e-06,-193.656986251749,-249.7576298102515,0.006001949310302734,0,137,2601.1390893743746,33.0,713.802826085368,150,149,145,149
908.4899164784722,245.98635229424806,5.4921836015103024e-06,-1564.7824604631987,-1794.3998977826482,0.00599980354309082,0,100,4675.61328464471,26.0,1211.3602696389867,150,149,144,149
2264.6182928217686,519.3390414026541,3.3410804685042086e-06,-351.6201073664933,-313.61746829717663,0.006001472473144531,0,500,7991.002518966447,121.0,1719.081702070799,150,146,150,143
2723.5012388203654,594.2887849171506,4.721342082075393e-06,-1744.423629401433,-1533.886511219766,0.0059986114501953125,0,252,8340.98607747472,63.0,1803.9697320020887,150,141,149,138
2459.5940131300836,515.0984220932754,3.0150490839502666e-06,-16.04631112748508,-13.525832569148923,0.006001710891723633,0,2181,8742.473564364924,495.0,1890.7582170167216,150,135,148,132
2367.980683255959,498.5211710495548,2.8681132605217015e-06,-8.515373115230648,-7.619005352190108,0.005997419357299805,0,2698,8856.472093840108,580.0,1900.01679875658,149,133,148,130
2632.963356220131,558.6189089575869,2.9324117562485275e-06,-6.205621336533966,-5.696998456055131,0.006000518798828125,0,3275,9410.956883339068,699.0,2017.1474776207033,150,124,150,121
3349.0428224572925,731.6099866012881,3.7949238341238863e-06,-90.22405264593404,-73.13892938404305,0.003998756408691406,115,4615,10051.674554097128,988.0,2174.5951255029904,133,133,129,129
4689.208849642977,1451.8681445939021,5.258575409475526e-06,-63.95567753532387,-169.8446980660168,0.0029981136322021484,136,5084,13806.815127826634,1119.0,3384.274760630369,150,149,150,149
7702.1720358757775,1777.397090275133,5.112084067650789e-06,-26.96109555353919,-48.05311437299621,0.00299835205078125,119,7449,19782.779483351507,1570.0,4570.26182569262,147,136,142,133
4455.940047899616,979.3960824377345,2.3320150245675508e-06,-3.4591888669779944,-3.100941756302367,0.005000114440917969,82,8427,16421.01554779979,1802.0,3610.0845432745573,113,103,109,100
5782.568568339129,1294.8997009121538,3.4331667876846092e-06,-9.930937916538099,-9.706841514829943,0.005002021789550781,95,8700,18880.973945154517,1833.0,4254.022552470671,123,114,120,111
6318.931871744008,1418.1636528526083,3.3360340471800032e-06,-8.062388096474361,-7.912531905792871,0.004000425338745117,93,9563,20416.580348093732,2033.0,4620.680250612759,122,112,117,109
1.270875770056924,0.5653105649813479,1.6751233926010513e-05,0.7425132225306768,-0.0467396864369658,0.003999233245849609,0,10,10.0,2.0,0.22774990534718664,1,0,5,6
2.046636808234109,0.5512630954054957,1.3769618986688565e-05,0.32426387544511404,-0.24326867359708415,0.004999876022338867,0,10,10.0,2.0,0.24969250730176595,1,0,65,6
0.7379652780769645,0.4665463948594507,1.0594114388987315e-05,0.909097122075541,-0.06656113892611759,0.004000425338745117,0,10,10.0,1.0,0.26074086234602967,1,0,6,6
16.246023007332898,3.911973427235893,7.617176140171174e-06,-1.8963354189861201,-1.1006464417536668,0.0059947967529296875,0,35,10.0,11.0,0.28299177317562985,103,0,101,6
65.37662170350525,14.312295620640155,4.282034243531765e-06,-1.3216750049007802,-1.0746219172217422,0.0059986114501953125,0,155,10.0,47.0,0.9430670995076644,150,0,143,149
1.8043757373976224,0.782096403311248,8.611198796720985e-06,0.1817063127372065,-0.24057984375245356,0.003999471664428711,0,10,10.0,3.0,0.3766073704703323,1,0,35,7
46.979157811972776,10.108955447951573,5.407221093640156e-06,-0.1934853190111152,-0.034720097165201746,0.006000518798828125,0,168,83.24704516181178,42.0,22.72790205765807,150,149,150,149
2.016214024502069,0.6859864513877011,2.6900477260141783e-06,0.5527845027480445,0.05143450912757774,0.0030007362365722656,0,10,10.0,2.0,0.4391643383639272,1,0,7,8
313.3900315318453,88.93542077250414,3.814974613523207e-06,-166.50549687164175,-199.44236230830572,0.005997419357299805,0,103,1825.726550153666,30.0,508.28725416776774,150,149,149,149
1.3261028909927235,0.5822395270754566,5.013579141452525e-06,0.5653518548350673,-0.1324359571845919,0.0040018558502197266,0,10,10.0,2.0,0.8390915388610627,1,0,28,32
2279.986103204311,494.8521343363567,3.14903418141791e-06,-24.684922863418535,-22.078130644276207,0.006001949310302734,0,1736,8340.98607747472,392.0,1803.9697320020887,150,141,148,138
1984.0882026471247,426.21022621552424,2.5893648807689164e-06,-4.878267394342796,-4.784782065421277,0.0060007572174072266,0,2658,8501.74185368227,588.0,1834.3233201560006,150,139,148,136
2864.146561048662,718.2529982430684,4.141440438614938e-06,-152.83225081651483,-553.2125530606863,0.014005899429321289,130,4234,8286.492479824205,894.0,1788.376764637188,145,146,143,143
3.397842609924431,0.9170568342105958,4.029091406618507e-06,-0.8289638656345459,-1.9192443215745656,0.004998683929443359,0,10,10.0,2.0,1.970056974177548,1,0,16,31
2023.2444449091483,683.4618510772214,4.608879230466747e-06,-140.7677932970667,-446.97207246636447,0.004000425338745117,139,3983,7692.205014522568,848.0,1928.7267058279085,150,149,149,149
3978.2126874634837,1002.0759118678982,4.543622407885481e-06,-93.94608440371462,-198.19878978787833,0.005022764205932617,131,4627,10576.818759395615,975.0,2331.701560263369,148,147,142,144
3.3161016833521075,0.71545462396224,1.9481653406540893e-06,0.10232405107504661,-2.685502296432441,0.003996610641479492,0,10,10.0,1.0,0.7679148990086953,1,0,2,5
4894.132840763554,1448.0752251785432,5.280817651316288e-06,-104.31212584927788,-315.3936108001151,0.004001140594482422,135,4880,13574.816402711309,1050.0,3194.5779725517386,150,149,150,148
3892.3787215725392,884.0694118343156,3.438079099126222e-06,-23.258614714295113,-29.703183577454,0.005002737045288086,105,5966,12696.587595093204,1234.0,2784.217755015785,131,124,129,121
6625.01595414058,1819.7699766953176,5.470223627251572e-06,-76.22162563355444,-155.29160490541665,0.004000663757324219,133,5579,16588.892251977555,1223.0,3795.681852042353,150,149,150,146
4218.701569283295,947.0503840168348,3.403571088185001e-06,-18.429122946707302,-18.55588148642936,0.004999399185180664,102,6515,14007.895351056093,1383.0,3090.4587897654856,126,121,123,118
8047.738134722366,1979.1175642404569,5.450528169044787e-06,-59.39733892490663,-105.04608683316675,0.004000663757324219,130,6656,18298.91560876905,1460.0,4233.462377206162,150,146,150,143
4178.148650220933,925.0943416474717,3.084884078849157e-06,-9.115613180154527,-7.948919024513213,0.00600433349609375,96,7032,14462.896868965681,1506.0,3183.8824575630133,122,115,120,112
3890.718274784435,844.4722233293095,2.049388797516903e-06,-1.606309745270798,-1.3020624495771567,0.004001617431640625,80,8762,15977.049125013582,1850.0,3504.56063393934,108,100,103,97
5061.2502446832505,1116.6581517583822,2.4943287698674126e-06,-4.138017628618752,-3.741310298500639,0.003998756408691406,85,9075,17932.0918148095,1924.0,3988.8706815988626,114,105,112,102
5067.0749286932205,1113.576341899777,2.470802812195143e-06,-3.5586807240009772,-3.087797729293496,0.003999948501586914,85,9315,18270.79715495705,1979.0,4068.7636774055936,116,105,112,102
5412.7267804902,1196.2469362235076,2.588799519289116e-06,-3.4724762438635555,-3.2733886735134066,0.004999876022338867,84,9770,19230.76235529713,2072.0,4286.779396141868,115,104,111,101
0.6551207826811297,0.3613245713231575,3.7041480596102264e-06,0.9317024787728584,-0.0029031976034061824,0.003999948501586914,0,10,10.0,1.0,0.21685562138929992,1,0,9,6
0.924547674166342,0.4059976648282206,3.5270229603417373e-06,0.8963892846295282,-0.030213149037300546,0.0030012130737304688,0,10,10.0,1.0,0.22774990534718664,1,0,3,6
2.020911829821663,0.4645385051638549,3.7551008768706707e-06,0.49948491556104346,-0.013042440272162503,0.003998756408691406,0,11,10.0,1.0,0.26074086234602967,2,0,2,6
6.86043550968889,1.5234417353672693,1.0435779019568475e-05,-1.8185529658265973,-0.7783572137250996,0.005997419357299805,0,15,10.0,5.0,0.28299177317562985,118,0,118,6
40.241019311171776,8.945737971227095,7.452658381276613e-06,-0.8258172507136359,-0.705089754558645,0.005000114440917969,0,105,10.0,28.0,0.3167539191414612,145,0,140,6
29.754516485472134,6.3912295645658785,6.316597262248661e-06,-1.4953204056427496,-1.2890997663942838,0.006003141403198242,0,68,10.0,18.0,0.9430670995076644,136,0,131,149
1.3628143622099007,0.5146686211806937,8.698790181432777e-06,0.6852537516984384,-0.009478379369839196,0.005000591278076172,0,10,10.0,2.0,0.42606173844329054,1,0,24,7
20.31723920430868,6.419936761950532,5.039806984241722e-06,0.4663054700266528,0.06945657489096346,0.006000518798828125,0,114,216.6523429486594,27.0,60.16583211608955,148,149,145,149
45.96631149344001,13.813290332006,4.495417356785393e-06,0.6633286646943659,0.42272414063385955,0.006001710891723633,0,309,536.60901376409,76.0,150.63328462573668,150,149,150,149
127.0598053693867,28.853240366382195,4.819851281657862e-06,0.36108878645330433,0.3435427086765659,0.00599980354309082,0,582,824.8147440048065,135.0,231.89383888706902,150,149,150,149
418.94828787142376,120.16048545146717,6.698285068664643e-06,-35.62173191289667,-53.80007944004752,0.006999492645263672,0,283,2601.1390893743746,69.0,713.802826085368,150,149,148,149
409.52942576331736,123.54688404211687,3.048774003532212e-06,-0.973549320285783,-2.4026513499864763,0.006000041961669922,0,1152,3567.868035367961,255.0,956.5481912235164,150,149,150,149
652.7947926407595,189.86566135532354,3.2239232264758444e-06,-4.05163364771039,-7.817359110011001,0.005999565124511719,0,1020,4675.61328464471,221.0,1211.3602696389867,150,149,150,149
2478.596296940948,519.7681774106759,3.3402905632465008e-06,-23.39699310691612,-18.425350935543303,0.0070002079010009766,0,1903,8628.461630430913,445.0,1859.721943362989,150,137,149,134
1998.28493045648,426.72134811186646,2.6907116614876997e-06,-1.836887904535656,-1.9073903557600453,0.005998373031616211,0,3349,9069.288322959354,727.0,1943.6376680166295,143,129,142,126
2307.0111509646463,491.9359857701041,2.6659799855786888e-06,-3.7962925561304584,-3.6804403318074037,0.00599980354309082,0,3316,9177.275717176093,710.0,1969.0852230339806,150,127,150,124
2617.161729539777,587.902670310666,3.5792093153099675e-06,-267.5998992790947,-194.1738964573612,0.004001140594482422,125,4011,7656.627861515502,856.0,1647.141627955456,139,141,137,138
3251.255691105836,725.561486642317,3.84086762163218e-06,-145.63676778922888,-211.23892654608701,0.004000663757324219,125,4302,8908.827320072889,938.0,1936.9498885785324,140,142,140,139
134.73697966048456,130.16739361311735,4.298830325960599e-06,-1.023662751025149,-45.293853442711004,0.004003286361694336,147,3692,3925.1654371129853,846.0,1071.4054371129869,150,149,150,149
3025.516415717221,685.6779858038308,3.3370901329611435e-06,-41.98378509866847,-50.109334035517364,0.0039980411529541016,108,4817,10063.051318275688,1014.0,2171.5993682008384,131,127,124,124
4975.106945117588,1114.614129039505,4.4520663176689415e-06,-35.374259433797995,-74.11384505497304,0.00400090217590332,123,5719,13059.223507843024,1205.0,2917.409548949894,147,140,146,137
4840.149820235652,1103.1781589103798,4.336894044655506e-06,-32.05930369489469,-69.17923947775908,0.003999948501586914,116,5901,13838.879923333856,1272.0,3083.9706373181816,140,134,134,131
3732.956787718669,826.4944832092405,3.151086230690608e-06,-17.992845616414932,-16.659265342131825,0.004001140594482422,100,6001,12443.537750583238,1233.0,2712.548920963274,129,120,120,117
4786.1990565948145,1102.3351589708132,3.890708769004702e-06,-19.71053343474749,-36.699635123730914,0.003999233245849609,109,6647,14653.713692662863,1391.0,3259.7921441259678,136,127,133,124
4445.858215497414,1016.2801468165962,3.46873361115586e-06,-13.353239739484172,-16.40724846196027,0.00400090217590332,103,7067,14697.218922884265,1511.0,3252.436331079658,130,122,126,119
4307.908333136604,957.7196750648765,3.141800501820742e-06,-12.75757323662477,-11.834454896676556,0.004000663757324219,99,6970,14347.656581345995,1485.0,3161.210921470689,128,118,121,115
3738.478777095825,833.3069578122131,2.781404945455809e-06,-6.362834233218893,-5.496027547110772,0.0040018558502197266,95,7219,13797.511312375666,1508.0,3021.777239272764,123,115,116,112
5344.095767946439,1209.8756889366007,3.5109164372456026e-06,-13.257608725032993,-16.379949748809768,0.004996299743652344,100,7782,16759.55270373085,1628.0,3746.258432754219,129,119,129,116
5339.595126088855,1197.0331724552336,3.322266486557709e-06,-11.617596107154183,-12.565723771517078,0.003999948501586914,97,7894,17039.09933663744,1657.0,3800.211927398552,126,116,123,113
7434.545204561023,1767.8764957422507,4.7711335000599106e-06,-16.07641386175611,-34.504213062976554,0.003998279571533203,114,8468,20709.978720713218,1823.0,4786.247705331458,140,131,139,128
4659.165251015731,1029.164009543226,2.474410375783106e-06,-3.5034316037173374,-3.0288467808145914,0.004998207092285156,87,8825,17347.883196819916,1896.0,3856.801139572477,113,107,110,104
4888.85218848734,1078.6547165793268,2.5198036793150034e-06,-3.70034368840831,-3.261703284785961,0.005001068115234375,87,9207,17635.425687817005,1912.0,3926.720156875561,117,107,113,104
1.0715641899248836,0.40425024476224697,2.756432249613141e-06,0.8385273700286822,0.05450863631305258,0.003983497619628906,0,10,10.0,1.0,0.2718406114608001,1,0,3,6
40.15858291597517,8.943294998046825,4.496492031511089e-06,-1.0293369027784491,-0.8502652338341568,0.006000518798828125,0,128,10.0,31.0,0.3167539191414612,150,0,148,6
1.1118874069485996,0.38973149896915726,2.97924286525706e-06,0.8018760247226152,-0.3144382419218428,0.004000186920166016,0,10,10.0,1.0,0.4011682258072198,1,0,5,7
301.1964053769173,94.19737152169871,5.002567154509044e-06,-1.0062187447692557,-3.0981221526206992,0.005998849868774414,0,777,2601.1390893743746,172.0,713.802826085368,150,149,150,149
1423.3339194504376,357.79258495357846,2.9587274777454675e-06,-12.513700516944127,-15.729050486060686,0.006000041961669922,0,1496,7511.852330066298,331.0,1645.2152281553026,150,149,150,148
1771.9338582066148,423.8601684536576,3.5548089503330486e-06,-26.999568086516764,-30.116103804488798,0.006001472473144531,0,1284,7812.214815153407,321.0,1679.2490388902825,150,148,150,145
1930.5383445945108,420.52672265472387,2.9902959944302615e-06,-5.534710180327828,-5.385231613356611,0.006000518798828125,0,2611,8340.98607747472,570.0,1803.9697320020887,148,141,146,138
2016.0957384098976,429.56395625653624,2.9710418050029146e-06,-5.509957457119751,-4.992808753312693,0.013993978500366211,0,2640,8501.74185368227,601.0,1834.3233201560006,150,139,148,136
1828.952612351199,392.8049248217776,2.499079001074877e-06,-1.9997908991276367,-2.1767547114270402,0.006006002426147461,0,3024,8628.461630430913,641.0,1859.721943362989,148,137,143,134
2652.0656113574755,551.7926321481109,3.1004606290334375e-06,-17.58806632705772,-14.01235845205328,0.0059947967529296875,0,2360,8960.10648578096,534.0,1923.8519193202374,150,131,148,128
1017.1648190573832,389.8439819170041,4.040434511752996e-06,-471.43117311782595,-485.2634203345449,0.003999948501586914,141,3624,5470.772593077449,763.0,1325.3560801740678,148,149,142,149
1617.9217588063764,350.1440109171179,2.6007526662248764e-06,-37.32895681163645,-14.082072872163241,0.004995822906494141,115,3669,6054.83253558322,790.0,1269.788929047313,125,132,123,129
3169.2665559781626,665.8108214248241,3.620219791884974e-06,-19.252908991943276,-15.221701017219033,0.007000923156738281,0,2799,9658.462739750306,633.0,2069.404751135039,150,120,149,117
3287.374967700405,730.3305922083154,3.5834654474041353e-06,-49.135865382632865,-86.69742460830236,0.005000114440917969,114,4903,10269.101208166863,1010.0,2228.9461712563307,140,132,133,129
2399.281676283761,538.131233164352,2.666749753487478e-06,-11.473296361280998,-8.836798282871195,0.0040018558502197266,103,5204,9403.186826298886,1102.0,2012.009309906437,127,123,124,119
3859.4260383906044,862.1423650147361,3.9527216425281486e-06,-38.43150648159738,-91.02525952145237,0.0039980411529541016,119,5392,11409.005064274537,1145.0,2501.376850970435,141,136,139,133
4583.766483167319,1022.181239797386,4.2780062106593785e-06,-32.4636835531478,-70.41882257814737,0.003999471664428711,121,5570,12609.350428909247,1174.0,2800.3431205449924,144,138,140,136
3845.562692822601,884.3182020673086,3.6371808049152885e-06,-23.35334355514891,-42.25111930686799,0.003999948501586914,111,5911,12251.046999247614,1253.0,2684.8469262474937,138,129,131,126
4343.317380830025,1003.3765904697381,3.8416498946641625e-06,-19.413287070922557,-41.72637510368806,0.0029997825622558594,111,6259,13575.105891669748,1321.0,3008.1921016012966,139,130,137,127
3256.0540999166424,704.4747406524876,2.103943689089125e-06,-3.553047703621395,-2.6088326798771213,0.003999471664428711,90,7102,12766.32872485256,1517.0,2767.3624177859674,116,110,113,107
4929.543009235626,1130.8447917064468,3.760357117411094e-06,-15.166448571885223,-21.911324241475185,0.002999544143676758,105,7229,15695.19946546484,1533.0,3506.6005398075067,133,124,130,121
3320.936981394283,726.5242955690704,1.9955325644972847e-06,-2.4686613208865764,-2.068908012869153,0.004000425338745117,85,7462,13205.792547017343,1534.0,2864.3848428684705,113,106,107,102
4489.6835853452385,1000.9001399435965,3.0222420861160656e-06,-8.28612838113594,-7.451530602026683,0.0039997100830078125,96,7706,15360.872015534611,1660.0,3398.3663136903233,125,115,119,112
6212.804302199411,1434.9125557731431,3.7534379019431713e-06,-12.619340508581152,-17.021262194746683,0.003998279571533203,103,8591,19209.5765140558,1849.0,4363.786857680287,129,121,129,118
4279.57378437179,943.3303870179745,2.0671312604171557e-06,-2.0855351278097896,-1.8310319076486041,0.003998517990112305,83,9353,16744.723853085226,1972.0,3691.3171822751574,113,103,110,100
5279.300220992163,1172.3158689128386,2.7927851927442928e-06,-4.977757612470623,-4.47394441182504,0.003999948501586914,90,9156,18431.265797117376,2004.0,4118.997307993368,120,110,115,107
4231.812837086928,920.3222277036931,1.863703626626063e-06,-0.9735071408124736,-0.875258013144645,0.004000425338745117,75,10022,17501.158470048504,2115.0,3852.8109066402412,103,96,99,93
5623.377566270012,1250.2719725442287,2.5930305050605006e-06,-3.6025918216138964,-3.3634885731972712,0.004000425338745117,87,10139,19885.448610192398,2201.0,4478.806126444248,117,107,113,104
2.66471142314379,0.7182347627009475,1.4453020121521318e-05,-0.4718356198746987,-0.29776396063417954,0.003999471664428711,0,10,10.0,2.0,0.2386955278131324,1,0,4,6
1.3255931671122037,0.4890250882048499,6.557102503085118e-06,0.6652957629153213,-0.09643333874098747,0.004000186920166016,0,10,10.0,1.0,0.24969250730176595,1,0,4,6
2.076039929995734,0.4504812778398909,4.944471556116513e-06,-0.5499974147221862,0.005626429747121464,0.004000425338745117,0,10,10.0,1.0,0.28299177317562985,1,0,4,6
9.08250524053394,2.011760334146589,6.794310774198809e-06,-2.732920466150216,-0.938469472624869,0.0060002803802490234,0,22,10.0,7.0,0.30544840849155475,100,0,100,6
27.74780945336393,5.8849061107578935,8.329103730381434e-06,-1.2280836101369101,-1.0089842149792863,0.00500035285949707,0,68,10.0,23.0,0.3167539191414612,148,0,148,6
23.076750572852735,5.146100600054368,6.006842056091897e-06,-1.6139869926511934,-1.1372898722054972,0.005999326705932617,0,56,10.0,15.0,1.6453495025043763,142,0,141,149
67.3149410524451,14.266609042414274,4.020926787048831e-06,-0.4539950599060558,-0.32082611000493655,0.004999637603759766,0,209,83.24704516181178,49.0,22.72790205765807,150,149,150,149
1490.224561582244,369.52837777597676,5.584416021057082e-06,-19.68268384868162,-21.856354745790895,0.004999637603759766,0,1311,7511.852330066298,305.0,1645.2152281553026,150,149,150,148
1757.55051105266,376.6724184415569,2.270406015310341e-06,-1.5090979709049752,-1.5979748792325297,0.00599980354309082,0,3277,8628.461630430913,693.0,1859.721943362989,142,137,136,134
2548.678918526023,535.5825967605184,2.845968227148218e-06,-20.860188976476802,-17.014429013132204,0.005000114440917969,0,2122,8742.473564364924,493.0,1890.7582170167216,150,135,150,132
3284.84406323678,724.4700158813018,3.691852109746042e-06,-62.77785604242816,-111.0965877142574,0.003999948501586914,118,4794,9950.070750524614,1016.0,2170.347028084664,139,136,135,132
3461.809492061387,774.8369278343291,3.741568012189196e-06,-24.538937736271503,-49.44113542049068,0.004000186920166016,118,5480,10904.831047885478,1136.0,2392.8699145643623,143,136,136,132
2960.0751905871307,650.0406017991014,2.143989219838493e-06,-5.095990578743447,-4.027523825490332,0.004000425338745117,93,6374,11440.522095907847,1350.0,2464.298152747233,120,113,115,110
23.3294060008889,6.475753813850303,4.22982552327091e-06,-105.31985469846029,-189.82855883930057,0.0039997100830078125,0,10,69.51550588840388,1.0,19.551251461470514,1,45,4,45
6436.188488650541,1465.8839823222954,4.736910319772251e-06,-23.92234154290534,-44.670270238005564,0.0039997100830078125,120,6878,16713.042080030908,1445.0,3805.2071351719514,150,137,145,134
3050.3945421643557,659.1843172225763,1.933604425158653e-06,-2.3233125871379507,-1.757756952358632,0.004999399185180664,87,7192,12493.623987078414,1520.0,2705.2174433811124,115,108,110,104
6685.517083935397,2219.486729839631,5.727969513278942e-06,-58.86043544112913,-137.3098723658672,0.00800013542175293,137,5699,18948.994870098148,1359.0,5173.002987472806,150,149,149,149
3829.8251929596495,840.0937029809572,1.8919653748503872e-06,-1.230350658413613,-1.0364618651043416,0.00400090217590332,83,9289,16066.93483132333,1972.0,3528.6249202328745,109,103,108,100
1.6156855090923086,0.489994404963595,1.6978379265863275e-05,0.5345170879305214,-0.08042532603032382,0.004000425338745117,0,10,10.0,1.0,0.2386955278131324,1,0,3,6
21.275641883027767,4.979545068687399,1.1368226467984116e-05,-1.3523921203292613,-1.1396982237143458,0.006000041961669922,0,49,10.0,14.0,0.26074086234602967,149,0,130,6
4.65799888544651,1.2685716069776773,1.2305393696918275e-05,-2.4770759001315596,-0.8205371434297024,0.006000518798828125,0,11,10.0,4.0,0.2718406114608001,66,0,66,6
1.1079212741034128,0.49893950364194006,1.0731789942205836e-05,0.7679263860814219,-0.0794228882604282,0.003999948501586914,0,10,10.0,2.0,0.28299177317562985,1,0,22,6
3.1567282626772992,0.8269736099776642,4.871414745034812e-06,-1.8215382807114318,-0.6596308658765397,0.00500035285949707,0,10,10.0,2.0,0.29419436601291904,1,0,18,6
29.439630852535913,6.660752867629879,4.886371093577177e-06,-1.4558225427005564,-1.1357741111845763,0.005999326705932617,0,69,10.0,19.0,0.5345979873598532,150,0,150,149
10.422900414055597,2.5441233854937875,7.647865217263323e-06,-0.7612458440337964,-0.5655893348154544,0.005998849868774414,0,38,10.0,11.0,0.9430670995076644,145,0,143,149
121.43603452384305,27.884068078552605,5.626403999247729e-06,-0.8621125355876682,-0.8151077563469598,0.0060002803802490234,0,327,10.0,82.0,1.6453495025043763,150,0,147,149
2.5840168994339248,0.8676170131984418,5.7782011012062725e-06,-0.4349498702429675,-0.137741885605265,0.004999399185180664,0,10,10.0,3.0,0.42606173844329054,1,0,11,7
0.9594930066918645,0.450717502613884,3.2828648557105925e-06,0.8079310412848986,0.08584179776876555,0.0030002593994140625,0,10,10.0,1.0,0.46605977120887765,1,0,4,8
76.8885363082824,18.962057872777564,4.391376745719511e-06,0.7187684121486091,0.6761335528259118,0.005000114440917969,0,625,824.8147440048065,142.0,231.89383888706902,150,149,150,149
539.013925185327,158.2544012284954,4.675929523070623e-06,-0.7206682358550693,-1.7976784479010424,0.0060002803802490234,0,1598,4675.61328464471,356.0,1211.3602696389867,150,149,150,149
1315.3330332652272,339.27320943632606,3.5104217253017523e-06,-44.00986986452774,-52.628946539185264,0.006000041961669922,0,769,6812.3354819226315,184.0,1585.39854826779,149,149,145,149
1372.0067129220024,343.32948472803974,3.4266239403235983e-06,-8.874233760962518,-10.742404721399843,0.005000114440917969,0,1671,7511.852330066298,371.0,1645.2152281553026,150,149,149,148
1717.7921644494388,395.33663007904255,2.8884438773247524e-06,-6.947922269853919,-7.192524006851771,0.00599980354309082,0,2232,7991.002518966447,485.0,1719.081702070799,150,146,149,143
1742.219918952532,378.4186287030705,2.6996730597890844e-06,-0.8061373545896515,-1.086684500814349,0.00500035285949707,0,3484,8856.472093840108,714.0,1900.01679875658,135,133,128,130
1031.3004702882724,407.9076315002271,4.011366979248893e-06,-21.553676967557013,-80.10151857544767,0.009000301361083984,142,3900,5860.93062495278,900.0,1570.3834149008462,150,149,150,149
3293.8434159936455,685.4191556465738,3.0759638717865846e-06,-55.713782559054316,-39.9996746779653,0.006999969482421875,0,1983,9537.13065080087,449.0,2041.2349109688375,150,122,150,118
2740.1567317093554,599.8998562287767,3.311482068564113e-06,-46.6662529186003,-92.17880445421889,0.004999637603759766,118,4526,8648.606778058183,955.0,1862.1284891113155,141,136,135,132
2753.0967986865935,619.136786448007,3.198904113755924e-06,-27.394924319934184,-47.79674495210868,0.004000425338745117,114,5012,9506.734110854572,1048.0,2053.0225294567917,135,132,131,129
3055.898079448917,690.1167485811139,3.08510746040255e-06,-15.306137568799265,-20.15009129924361,0.005000114440917969,110,5757,10869.794885535506,1218.0,2363.1311606267536,135,129,130,125
4929.631823010198,1138.836144099739,3.8452123093647024e-06,-14.375662658964302,-28.599492818306718,0.005000114440917969,111,7139,15216.700291829196,1499.0,3397.4285798343008,140,129,137,126
3.912330585845876,1.0693550681246586,2.396265087625653e-06,-0.23041242869333867,-2.176445171455258,0.003999948501586914,0,10,10.0,2.0,1.1730619760276761,1,0,2,9
4832.9470838601,1092.3572429869294,3.3214817574415287e-06,-12.717587790519767,-16.231714494595433,0.004999876022338867,104,7455,15554.08869555223,1613.0,3462.5619214934704,131,123,127,120
2904.4572264633907,624.3795535979907,1.5524387362821008e-06,-0.818911891601728,-0.5443887791516266,0.005999565124511719,83,8158,13136.134957496784,1745.0,2835.549433051927,111,104,106,101
3407.5845140323136,737.6163599965256,1.7369022884845849e-06,-1.5734451431747893,-1.1830269680103065,0.004999399185180664,84,8255,14093.535103351482,1737.0,3064.5100388415794,112,104,107,102
3530.686865892879,763.4349951520481,2.1196904284982284e-06,-0.5891545282987372,-0.4606645593363543,0.010999679565429688,78,9447,15575.555261112078,2079.0,3405.843181067985,105,98,104,95
5619.829612086101,1266.6080857589893,2.9225525226615417e-06,-6.329717694006329,-6.166174253430314,0.003999948501586914,96,9535,18746.023272502254,2019.0,4221.2151182087655,125,115,122,112
5289.220350514705,1182.2176515997935,2.603432111373044e-06,-3.5745082788791356,-3.3876173476238876,0.0039997100830078125,90,10030,18825.447389828794,2146.0,4220.49762649379,119,109,115,106
12.213751256981224,2.4187513602411164,7.90596961407457e-06,-3.411574341628322,-1.3668199476775693,0.006000518798828125,0,28,10.0,9.0,0.2386955278131324,100,0,95,6
1.4380014706314854,0.4548082708228135,2.394688290880392e-06,0.5770310439580719,0.06917246556023049,0.00400090217590332,0,10,10.0,1.0,0.28299177317562985,1,0,4,6
21.812900926003596,4.629787197002533,6.122790551775763e-06,-0.9030563127988369,-0.6508951772954814,0.005999326705932617,0,56,10.0,15.0,1.6453495025043763,135,0,136,149
2.6136680522225024,0.5260528892738382,3.715498450256695e-06,0.2553310422051922,0.10108647731769893,0.003999471664428711,0,10,10.0,2.0,0.4011682258072198,1,0,7,7
43.02995880239852,9.688818691832205,4.69416294150144e-06,-0.021942071261898732,0.09583708565964177,0.00599980354309082,0,164,83.24704516181178,43.0,22.72790205765807,146,149,149,149
2.0323810684234447,0.47149190712419864,2.5186883246339293e-06,0.6531763940237976,-0.6005932530820204,0.003999471664428711,0,10,10.0,1.0,0.5249980075771676,1,0,3,10
1914.7751802406763,415.64100984750513,3.984988918273533e-06,-5.287578273338513,-4.9219069880727355,0.00600123405456543,0,2793,8340.98607747472,608.0,1803.9697320020887,150,141,150,138
1428.4472675872894,371.0230608667438,3.0567541907272584e-06,-144.7680808885264,-62.842905243357144,0.004001140594482422,132,3928,5790.203476192586,817.0,1223.6667318720001,139,146,135,143
2341.944949438243,513.4386278916048,3.093227253993376e-06,-133.23898089678204,-96.3824366898951,0.0049991607666015625,122,4243,7705.485129085741,898.0,1648.3806405981986,142,139,142,136
2371.7267604905446,530.0449812520203,2.8709217003491142e-06,-29.421276897217222,-26.730666928417797,0.004002809524536133,111,4598,8592.988526506491,963.0,1837.9950565359131,134,130,130,127
2993.8984280252366,671.831544343117,3.1201533906757907e-06,-25.014487510265216,-32.54326384147003,0.004002094268798828,112,5337,10279.164314958005,1157.0,2230.7827305234396,134,130,130,127
4645.261711232783,1385.7781409165993,4.9680589092572725e-06,-43.25216119496435,-106.26990146148832,0.003999471664428711,135,5223,13693.487375395978,1165.0,3271.889158048036,150,149,150,148
3472.4917081403687,785.276599783446,2.990407964522501e-06,-11.237376173677657,-11.906597374812756,0.005002260208129883,105,6480,12382.49439607859,1353.0,2711.2650232838587,132,124,125,121
2825.5439250426607,607.6521591085705,1.8747443962933041e-06,-3.0916159085020523,-2.1205237985712797,0.005002737045288086,91,6631,11530.91269953731,1434.0,2484.4176135267717,118,112,112,108
5.9689779948194435,1.566375152400089,3.8100279972754278e-06,-6.623607933752396,-12.085499296300812,0.004000425338745117,0,10,12.458909052264097,1.0,3.1840656754279912,1,27,5,27
3525.2481304337603,779.4815039216552,2.291144144863176e-06,-3.629113774979553,-3.242763098611758,0.004999637603759766,93,7535,13477.015756099227,1564.0,2938.981123860074,122,113,113,110
3387.2125548231984,740.2125374901456,1.941020672346093e-06,-2.8052309307155667,-2.168951186847368,0.003999948501586914,91,7820,13453.722132997098,1642.0,2933.5789577199157,119,111,114,108
4323.294595006165,966.2756008412723,2.707528291223117e-06,-6.467594869313727,-5.868671884029863,0.004999637603759766,99,8088,15431.234812738576,1716.0,3418.8317502699065,125,118,124,115
5585.701026131351,1295.2587497429174,3.5864478362217676e-06,-11.194462584973609,-18.35451778622018,0.003998279571533203,106,8503,17747.352056839965,1800.0,4013.2500728725317,135,124,131,121
4391.195990802256,959.8407771883019,1.8912577778532703e-06,-1.080908507806004,-0.8883271048574035,0.005000591278076172,81,10356,18090.798214527767,2227.0,4006.474430197257,109,101,108,98
3.2669585686758547,0.5157486303603436,2.1764077227151655e-06,-0.000595464635430254,0.0,0.0040018558502197266,0,10,10.0,0.0,0.8933028317181755,1,0,1,2
17.38933933161548,3.842958813437247,9.749545540385667e-06,-1.813537411914195,-1.2915745768388307,0.0060002803802490234,0,41,10.0,11.0,0.2718406114608001,132,0,130,6
30.61996692957595,6.90071305086744,6.9526588918912985e-06,-1.4162844589633177,-1.1845032452847337,0.00600123405456543,0,70,10.0,17.0,0.29419436601291904,150,0,148,6
59.78523893540509,13.349999654248725,5.241239838876465e-06,-0.9303281067306977,-0.8207230858212764,0.005000591278076172,0,156,10.0,42.0,0.30544840849155475,150,0,150,6
1.0415450104976403,0.4033057648768178,6.939916106612503e-06,0.8329267323202949,0.01379377863014708,0.0029985904693603516,0,10,10.0,1.0,0.3167539191414612,1,0,5,6
1.2728474372852867,0.49271471853000326,2.813618351579992e-06,0.7873657434166778,-0.06302867309716675,0.004000186920166016,0,10,10.0,1.0,0.3766073704703323,1,0,2,7
59.64706018419122,14.26809245215361,6.308697738632367e-06,-0.39209116711488545,-0.27228905155192384,0.004998922348022461,0,221,30.685685605755985,59.0,8.205753032785918,150,149,150,149
40.59489016936409,9.38886950143961,8.19762926629596e-06,-0.19992162473866149,-0.12023976528157432,0.005998134613037109,0,146,50.79264887520397,38.0,13.729318568685379,150,149,146,149
3.7727887117135044,0.9330571278105313,4.0354481248505405e-06,-0.42339346632328456,-0.1339617110255451,0.0030002593994140625,0,10,10.0,3.0,0.4135733568685813,1,0,11,7
152.66082693239397,42.90635294332487,7.84931613386756e-06,-3473.005616716816,-1689.6730720484147,0.00500178337097168,0,12,824.8147440048065,5.0,231.89383888706902,70,149,54,149
348.3400257559664,104.02853133466013,4.137322715921012e-06,-5.10412276938515,-9.203990296022178,0.00500178337097168,0,561,2601.1390893743746,130.0,713.802826085368,150,149,148,149
630.0176812207925,161.31170660800638,2.4917409955875774e-06,0.3195974956439538,0.02764452098544956,0.004998683929443359,0,2343,4675.61328464471,517.0,1211.3602696389867,149,149,141,149
736.687478153688,200.6070807256333,2.6751096018601344e-06,0.11977152415870596,-0.4333334792382104,0.0049991607666015625,0,2481,5811.399703952795,550.0,1436.6637468756971,145,149,145,149
1476.9930310039224,356.536910865834,3.1780512284766528e-06,-4.898257209294919,-5.735362211908368,0.005000591278076172,0,2195,7812.214815153407,477.0,1679.2490388902825,149,148,148,145
3.7056473150599714,0.9164636770021366,5.553079669310149e-06,-3.9534168356674106,-1.6482895304990457,0.004999876022338867,0,10,11.780062720662155,2.0,2.8200448177768145,1,58,52,58
1714.4463650049877,369.9649214563208,5.793664384294308e-06,-1.5739100483945498,-1.5643177584520682,0.004997968673706055,0,3419,8501.74185368227,750.0,1834.3233201560006,150,139,150,136
990.3370196310648,377.50065297906707,3.696943436487956e-06,-30.327057737616585,-78.55893101406997,0.003000020980834961,141,3941,5802.284130650813,858.0,1436.4819141951157,150,149,149,149
1757.9861400139775,390.4183222363315,2.6389385065467957e-06,-58.1064053613071,-36.05707779231779,0.003002643585205078,120,4256,6882.858318130239,878.0,1459.629566840681,137,137,132,134
2187.3243532491397,486.6734823428446,2.366352614903395e-06,-11.757791804309463,-7.996177093277295,0.0030007362365722656,104,5122,8856.230609401726,1093.0,1889.0094957631454,128,123,125,120
2100.1204915304124,458.35068231013025,1.6927443917083005e-06,-2.926166322180652,-1.9003568054397841,0.003995656967163086,96,5951,9395.146253406161,1263.0,2002.1454097530604,122,116,117,112
3039.183729928952,679.4747567149839,2.577401533843349e-06,-11.203846361398158,-11.843424046682172,0.00400233268737793,104,6044,11053.800898251364,1263.0,2395.9875431770306,130,124,123,121
2457.8658639814644,540.5585530209759,1.79248199351871e-06,-1.8831915109982842,-1.3879585218231854,0.004000425338745117,93,6798,11074.090675797912,1425.0,2379.03249518097,118,113,111,110
2302.656306592131,495.0044446987861,1.7931011751130318e-06,-0.45968576757831703,-0.24882752255638785,0.0039997100830078125,83,7317,11190.522985443698,1527.0,2390.622752536591,111,104,102,101
3071.1123189435134,668.3202865615717,1.9046833222614954e-06,-2.1813534282839937,-1.6106672319024433,0.0039997100830078125,91,7648,12730.71657433028,1615.0,2765.423135751753,118,111,118,108
4737.822713619973,1079.1898571058027,2.7767900936417433e-06,-7.220446080624322,-7.703008909630942,0.0040035247802734375,100,8560,16330.724005233516,1871.0,3641.157083821927,127,119,124,116
4071.5190490862387,896.3938161074146,2.1433310570675147e-06,-3.1139579118126184,-2.6314192588738123,0.003998756408691406,91,8588,15331.886974005258,1825.0,3376.6143758815433,121,111,117,108
3870.407583229047,840.4173396767461,1.9532945152001375e-06,-1.6679264589533491,-1.3695417017431137,0.003996133804321289,85,8951,15545.046379232284,1884.0,3418.250627563617,114,106,108,103
4895.634263906583,1088.7034754701947,2.4910675253947885e-06,-3.8935040829676355,-3.5475847834695964,0.005000114440917969,94,9463,17624.635188545984,2004.0,3930.5608996318533,122,113,118,110
3396.4929722457196,737.6573691613013,2.3343974807842134e-06,-0.28471517544300484,-0.20012540975825588,0.004002571105957031,78,9784,15636.470297499716,2093.0,3420.106030672163,105,98,103,95
4558.805108732051,1010.5524136989608,2.067454925741983e-06,-0.991028707313339,-0.9155509295905921,0.004000425338745117,83,11066,18733.02925840671,2301.0,4169.041067388976,111,103,107,100
3.08425351678842,0.8153276435271327,1.495534684920676e-05,-1.2307470296482212,-0.5345617504527636,0.00500035285949707,0,10,10.0,3.0,0.22774990534718664,1,0,119,6
1.3099937828781236,0.33967797829155755,2.6449997523116196e-06,0.8225989412493935,0.0577207803540416,0.002998828887939453,0,10,10.0,1.0,0.2718406114608001,1,0,6,6
9.658566793095245,2.213796750469937,1.7857916883131426e-05,-1.4423050658002143,-0.8310002852484586,0.004999399185180664,0,21,10.0,7.0,0.20601265740677754,149,0,85,6
2.074550483244736,0.2638825378353586,2.3813905226703515e-06,0.5696240292469031,0.0,0.0029990673065185547,0,10,10.0,0.0,0.3167539191414612,1,0,1,6
63.875314459402446,15.042080332867986,5.232725143154861e-06,-0.22870080879221932,-0.16170596870597875,0.004999876022338867,0,206,50.79264887520397,58.0,13.729318568685379,149,149,147,149
191.17762483353317,42.24467710477531,3.6913322487237073e-06,-0.39473190980380823,-0.3840711138285233,0.005000114440917969,0,622,83.24704516181178,133.0,22.72790205765807,149,149,148,149
26.100674570357953,8.269796477280066,6.024167753042825e-06,0.6290198845377988,0.4023382250372928,0.005001068115234375,0,191,343.36340817807627,52.0,95.9678576897175,150,149,150,149
112.28018811983726,25.780647101595616,3.3432439172670475e-06,0.6068127642827035,0.6213215450998442,0.0049991607666015625,0,704,824.8147440048065,164.0,231.89383888706902,150,149,150,149
325.37966916470555,81.49354307188851,4.1135593028822685e-06,0.4896123704704123,0.3678271787604197,0.005003213882446289,0,1701,2601.1390893743746,373.0,713.802826085368,150,149,150,149
513.8173212444059,145.06400640768027,3.6412710308119784e-06,0.4497975789512608,0.09033838014450413,0.00599980354309082,0,2320,4675.61328464471,491.0,1211.3602696389867,146,149,144,149
1328.8263252638596,324.01649515809527,2.307153927519544e-06,-1.8563420099488424,-2.456510206560987,0.004997968673706055,0,2664,7812.214815153407,576.0,1679.2490388902825,150,148,150,145
1504.9072429341854,349.25549492251116,3.6036186684435052e-06,-2.3670880906519693,-2.6532003394230994,0.004998445510864258,0,2924,7991.002518966447,638.0,1719.081702070799,150,146,150,143
541.9970600164205,194.17431566163975,2.5715466361645845e-06,-62.74994777523835,-24.584025619014135,0.003995180130004883,139,3743,4478.35210881573,770.0,940.5868534191845,142,149,142,148
2877.3906433073885,648.1686359219328,3.477168659761796e-06,-37.98868798650338,-96.51542959432955,0.0029997825622558594,124,4780,8930.527617815551,997.0,1939.0642974405428,143,141,141,138
3039.8346879534233,703.0524227059892,3.6243874169145263e-06,-37.144273956390094,-118.5678527800686,0.003998994827270508,126,4866,9242.453229109236,1009.0,2016.7948091984808,145,143,137,139
3100.5844462778655,698.856223895777,3.6342199236904824e-06,-37.382757584538844,-104.1123379836425,0.0030002593994140625,125,4952,9402.262527413783,1032.0,2051.9600060128896,144,142,138,139
3881.2155891204493,902.2310713975658,4.049241609708659e-06,-32.521686560284984,-81.76268411416503,0.0029997825622558594,127,5238,10742.166135491818,1122.0,2356.5621684581693,147,144,147,141
3316.2393403650576,740.2066117369466,3.563239551133261e-06,-22.785181335503115,-58.531522071878,0.003999233245849609,119,5209,10331.03081564391,1097.0,2254.9350454500964,139,137,138,134
9.06506660972452,2.383689376679136,5.0752407158026795e-06,-9.759267451425771,-8.183541833275784,0.0039937496185302734,0,10,23.616003378850696,3.0,6.264525461781069,1,42,12,42
3243.513753105726,746.0904272210921,3.220945116378101e-06,-13.898673973952514,-30.316312011292727,0.004000186920166016,114,5927,11262.45118382202,1260.0,2461.656462851327,138,132,134,129
1644.156257748013,355.5372242221257,1.3755838208145102e-06,-0.4084904215027749,-0.112731831679026,0.004000186920166016,90,6122,8802.622713803514,1270.0,1863.370798514623,115,111,108,107
3153.593122229442,718.5698229917458,2.951331838416587e-06,-10.727185330139031,-14.6377064019724,0.002998828887939453,109,6322,11566.146024549467,1334.0,2524.704162366579,132,128,132,125
3.8966929160028845,0.9047724494087129,2.6504128667327923e-06,-1.331586418117861,0.0,0.004000663757324219,0,10,10.0,0.0,1.2528138010337093,1,0,1,10
3327.228874898531,723.6957763199837,1.8732220014201442e-06,-0.7438306316915446,-0.6119970361595006,0.004003286361694336,81,8928,14430.589508946565,1903.0,3144.539784927938,110,102,104,99
4106.129353783285,899.1448449588592,1.861369884381972e-06,-1.595146636737205,-1.279739098962838,0.005061626434326172,86,9503,16496.19387588347,2046.0,3646.6850285293494,115,106,112,103
2783.9464237931056,605.9276098549631,2.468718888203594e-06,0.3159362446120444,0.3356503480862999,0.00400090217590332,73,10306,15091.343973729918,2178.0,3279.3847445545507,102,94,96,91
4816.444469167383,1070.1280870313885,2.1807066200632467e-06,-1.4863360850131926,-1.2924484863154593,0.00498509407043457,86,10943,19186.072572742818,2300.0,4296.39844234018,114,106,114,103
1.369225345533318,0.5321273000064974,1.6705815247401234e-05,0.5026914445109231,-0.24826130120880352,0.003999471664428711,0,10,10.0,1.0,0.22774990534718664,1,0,3,6
1.6716461918743195,0.4561453642932154,4.790987885840993e-06,0.4089051315054648,0.009197174446713197,0.003999233245849609,0,10,10.0,1.0,0.2386955278131324,1,0,4,6
87.6466189008107,20.081609918870328,8.665791787624048e-06,-0.4648208803485607,-0.460956455326488,0.005994319915771484,0,248,10.877287030098383,57.0,2.84158209799668,147,149,138,149
0.9055145896549361,0.6681793528427846,8.412271345935982e-06,0.8379733423679692,0.023628221218791934,0.005000114440917969,0,10,10.0,3.0,0.4135733568685813,1,0,9,7
2.077567868723756,0.3912648004241721,2.2771465373919517e-06,0.38877736331919066,-0.5500174585160433,0.0039975643157958984,0,10,10.0,1.0,0.4391643383639272,1,0,6,8
139.31953588811152,30.440804318954026,3.9412099323779475e-06,0.5679249231932417,0.6264487911728123,0.0050048828125,0,825,824.8147440048065,201.0,231.89383888706902,150,149,149,149
184.31021594855835,39.33364192606571,5.662152114599259e-06,0.5889349456503674,0.6429427703653285,0.0060002803802490234,0,1111,1242.5130237493454,263.0,348.5251290138365,150,149,150,149
692.0017218905477,193.30731965414233,2.8963692104091574e-06,0.17492531096351238,-0.36422849629670284,0.014000654220581055,0,2449,5811.399703952795,537.0,1436.6637468756971,150,149,147,149
832.7257292476745,228.6544682081835,4.240940389857988e-06,-0.1236173194547483,-0.7611945064604639,0.0069980621337890625,0,2670,6812.3354819226315,577.0,1585.39854826779,150,149,147,149
1569.15344118161,360.9450782000311,4.483296167594532e-06,-3.40516216058382,-3.5541634060259666,0.006999969482421875,0,2774,7991.002518966447,615.0,1719.081702070799,150,146,149,143
3.1462762581919117,0.5363580226840687,4.44778915279716e-06,-0.9170912079422111,-0.6644338720216201,0.0050008296966552734,0,10,10.0,1.0,0.6909571089931714,1,0,8,12
1313.0078845049961,369.17908887314894,3.048847029628033e-06,-87.53233185689496,-171.90630102038776,0.004000663757324219,135,3863,5971.861738629446,821.0,1269.3799477446046,143,149,148,147
1.9320661343269365,0.8172716843449308,5.469125003517148e-06,0.3372786310752225,-0.0012609497688109705,0.003999948501586914,0,10,10.0,3.0,0.9625745429579982,1,0,15,27
788.9155350999122,330.36834667885574,3.693958909401623e-06,-17.472118336285092,-53.17252310857137,0.00400090217590332,142,3986,5498.798853605056,886.0,1387.465940446862,150,149,150,149
3228.46153500096,669.1229976717402,4.043320285604507e-06,-235.77370811520956,-155.6740129599265,0.006998777389526367,0,946,9177.275717176093,238.0,1969.0852230339806,150,127,150,124
2518.2730670570386,550.4271589276012,2.9622694300102346e-06,-28.81104122114896,-61.240357501131065,0.0040051937103271484,117,4628,8551.81502056914,986.0,1847.3608971942913,140,136,135,132
3320.89599026348,730.8331250423362,3.491073965258222e-06,-30.541329078558025,-74.98327335938706,0.004998445510864258,121,5085,10139.525318188638,1097.0,2208.722704936443,144,138,135,136
4103.220675566491,915.034823153818,3.830557108101753e-06,-18.7058341135863,-41.937645171603286,0.0039980411529541016,119,5981,12209.306616344256,1260.0,2700.548855387884,143,137,137,134
4446.873140953829,1030.7394774608229,3.723222253633342e-06,-12.877385313747508,-27.453531218827617,0.003999948501586914,115,6874,14199.207591159642,1514.0,3161.668395092647,140,133,134,130
3725.9253626297163,837.416114895116,2.598090351365995e-06,-6.6202043411506795,-7.255440079707055,0.0040018558502197266,102,7417,13360.40046878583,1576.0,2939.054304904579,129,122,123,118
2705.234101622255,589.6772546742275,2.2282281911289442e-06,-0.20294067361006163,-0.09213218675894619,0.004000663757324219,82,8744,13201.876280435217,1835.0,2854.1193814053404,109,103,105,100
3908.26728416191,859.0026338949173,2.41024783997987e-06,-0.193543646214132,-0.12850566580846778,0.005000591278076172,79,11399,18157.895826528526,2401.0,4029.8559907246054,106,99,103,96
3847.325629718277,844.7184034248123,2.307319337240905e-06,-0.09556265019438626,-0.05834795677502336,0.004005908966064453,77,11558,18238.086611708197,2477.0,4048.3565966912556,105,97,100,94
12.270879304336907,2.6806720996789326,6.973484832106679e-06,-3.5684250930238104,-1.4663656322065686,0.00599980354309082,0,23,10.0,6.0,0.2386955278131324,129,0,125,6
1.3846001260519267,0.6776645712696187,1.0886377844778954e-05,0.6068284430565689,-0.11133483619276752,0.0040013790130615234,0,10,10.0,2.0,0.20601265740677754,1,0,7,6
3.693388575631294,0.8900922702767761,9.812003580315833e-06,-1.2950534842504076,-0.4017185212990886,0.005001068115234375,0,10,10.0,4.0,0.34037636304347596,1,0,17,7
0.7352701313618349,0.33301186053655085,3.0406244596045796e-06,0.918301501022573,-1.1135644329174657,0.0029914379119873047,0,10,10.0,1.0,0.36445147384854404,1,0,5,7
1.7882073758110362,0.5893358346071649,8.102879210439672e-06,0.10468109481021015,-0.09769653951211033,0.0040035247802734375,0,10,10.0,2.0,0.4135733568685813,1,0,33,7
1.8426061833346246,0.9415092843807059,8.426248008711726e-06,0.05621320245949524,-0.16717701518465367,0.003999948501586914,0,10,10.0,5.0,0.42606173844329054,1,0,36,7
62.51130122208732,14.224244507471429,4.770504328911324e-06,0.7070833688060776,0.7252244671077381,0.004994869232177734,0,480,536.60901376409,115.0,150.63328462573668,150,149,148,149
164.7849870985356,51.40544411163293,2.8969349503772834e-06,0.29450890648129413,-0.2178342907479096,0.0059967041015625,0,829,1825.726550153666,203.0,508.28725416776774,150,149,150,149
917.9221513683275,212.865205378107,2.7129554864554536e-06,0.1361680609780167,-0.09458283901414699,0.006001949310302734,0,2770,4675.61328464471,583.0,1211.3602696389867,141,149,137,149
1258.662093597032,324.0108966518706,3.670824064888993e-06,-25.40508205000454,-28.617898259161553,0.005995750427246094,0,1110,6812.3354819226315,256.0,1585.39854826779,150,149,149,149
1085.528147443365,281.4115552376827,3.017818409552597e-06,-0.9805053023165475,-1.7470168123130705,0.0059967041015625,0,2650,7511.852330066298,580.0,1645.2152281553026,150,149,148,148
1235.3758150135463,300.40302577723554,2.735292618713646e-06,-0.9385779618119745,-1.3024127648629649,0.0060007572174072266,0,2967,7812.214815153407,656.0,1679.2490388902825,150,148,148,145
1478.5178048283956,335.14679442835154,3.3653199210603756e-06,-0.9668843151127691,-1.1664847419787954,0.006001949310302734,0,3371,8164.927647260038,707.0,1764.3063376757964,150,144,149,140
2388.7710051674812,499.66596038726885,2.82718908993685e-06,-10.43534020401841,-8.247463527178597,0.005000591278076172,0,2728,8742.473564364924,599.0,1890.7582170167216,150,135,149,132
1642.1078763255505,369.52128982310836,2.025137858795366e-06,-10.258350422017278,-7.364444185861451,0.004000663757324219,109,4679,7420.3095452305715,979.0,1571.3900190263157,129,128,129,124
2007.9261475163432,448.6721746962979,1.791876514507685e-06,-2.9080802986743644,-2.3549198588644136,0.0050029754638671875,98,5879,9281.164544436944,1214.0,1980.3168920253229,126,118,121,115
1857.0835111519216,401.0819452903472,1.7267570156725426e-06,-0.44027905081570284,-0.17392898393740275,0.004000186920166016,91,6801,9657.595187399183,1402.0,2059.6757472981926,117,112,113,108
4247.027777004851,978.7273392789938,3.733991480036985e-06,-11.59521109875782,-25.462262033440677,0.004000186920166016,117,6692,13379.060179643018,1402.0,2991.4019014894366,145,135,141,132
3635.201692953236,826.626067976078,2.6896248121640905e-06,-7.368426980776265,-8.226439112817003,0.004000425338745117,104,7425,13330.102171551927,1546.0,2928.8216455973125,131,123,126,120
2611.8800738823657,559.7389673046453,1.7960862728471128e-06,-0.7557300322404963,-0.4481834803778497,0.0039997100830078125,87,7724,11949.78746331922,1648.0,2572.865002601993,116,108,111,105
3886.588970115247,847.0643086916228,2.1045360652618723e-06,-1.4788001652801444,-1.1901710407720372,0.005000591278076172,86,9294,15818.92754337748,2036.0,3489.6039836961972,114,107,110,104
6942.060778814553,1668.8007439177397,4.133085886280333e-06,-7.465173187115761,-15.973611983352509,0.003999233245849609,112,9925,20521.622285200345,2063.0,4744.2943630520385,143,130,136,127
2995.5870467685245,653.0863089225187,3.6847890693243775e-06,0.4444179655168764,0.4407983670692974,0.0039997100830078125,64,11701,16953.433609380085,2477.0,3712.3783470291364,92,85,89,82
1.2372422779393994,0.43876097764062755,7.663150832324902e-06,0.6677945701962507,-0.04822345949836726,0.004000186920166016,0,10,10.0,1.0,0.21685562138929992,1,0,7,6
1.2526985492640246,0.4382652508521027,1.0133075837867905e-05,0.8084953231967503,-0.12392151101121995,0.003999471664428711,0,10,10.0,1.0,0.26074086234602967,1,0,7,6
32.43906049745126,7.438374449165002,1.1735231521599466e-05,-1.0195722507284741,-1.0028054535425484,0.0060007572174072266,0,71,10.0,22.0,0.29419436601291904,144,0,149,6
3.08058601919577,0.7705649801713684,7.002563213625373e-06,-1.0134966601486872,-0.5204120558278593,0.004999399185180664,0,10,10.0,2.0,0.34037636304347596,1,0,5,7
54.24610915123189,12.257513923081879,8.523690052959394e-06,-0.7952647281574701,-0.6898557009997961,0.006000041961669922,0,158,10.877287030098383,42.0,2.84158209799668,150,149,147,149
25.394793200031177,6.201748081243845,7.296412992818891e-06,-0.3781551676229633,-0.3135819420495807,0.004998922348022461,0,95,18.35881898768442,27.0,4.85380949715843,150,149,150,149
186.03958102114007,42.25083633436167,4.608604266970669e-06,-0.573414409147408,-0.5588201915053934,0.006000995635986328,0,550,30.685685605755985,139.0,8.205753032785918,149,149,149,149
174.99155823127518,38.79659588081094,4.977783892344277e-06,-0.10980110407471821,-0.04309767522352459,0.006039142608642578,0,665,216.6523429486594,155.0,60.16583211608955,150,149,150,149
1.1327606101084824,1.040640130979534,3.5087917625607106e-06,0.77347171716666,-0.04273572063853659,0.004999876022338867,0,10,10.0,4.0,0.5249980075771676,1,0,11,10
25.38513344459712,2.192031021680805,3.3608545450967723e-06,0.6954607750472575,0.9851697530863858,0.003999233245849609,148,3542,3506.1,779.0,779.0,150,149,149,148
2032.457661010497,458.94966017536836,2.1037910789454905e-06,-7.5986550181319235,-6.66198548323792,0.003999948501586914,109,5536,8966.90731000952,1189.0,1920.8189943005,131,128,129,124
1874.3135641862455,410.5239088144465,1.572339411785981e-06,-2.2373842975845615,-1.4932818010145872,0.00500035285949707,99,5910,9015.916855418198,1273.0,1920.7161783343709,125,119,118,116
3239.4416265272926,747.7366606337438,2.7452960937251787e-06,-8.54939089683172,-14.766564142775271,0.004999876022338867,110,6677,11963.402021460344,1431.0,2621.323459675801,135,129,131,125
2941.988311763605,648.9183930497687,2.1026551932299163e-06,-4.07730043446858,-3.5286295953768123,0.005000114440917969,99,7001,11859.557696131109,1465.0,2576.5886180314865,126,119,119,116
2159.4937926889124,466.3302299808865,1.7521128511226718e-06,-0.583430774159813,-0.32681466576174456,0.005000114440917969,87,7076,10630.783846417367,1510.0,2273.8857555282975,112,109,110,106
2598.554986080477,1037.4888446065315,5.088869084416056e-06,-21.17637960334985,-80.65353458553042,0.01000070571899414,141,4874,10063.562092817028,1153.0,3031.4295434548967,150,149,149,149
2910.8548183248686,633.3566058865787,1.7803815868529923e-06,-1.2068054291348158,-0.858546243536835,0.0060002803802490234,90,8090,12801.467270004432,1713.0,2777.2649624915484,118,111,112,107
2743.2344612123456,591.620163093574,1.978387674459006e-06,-0.687677988551793,-0.4293503987997065,0.004990577697753906,88,8165,12727.9496464985,1731.0,2756.9990078898263,116,109,111,106
2415.5574373798236,512.275770452188,3.3083214565952232e-06,0.33152967505578856,0.41137464391415857,0.004999399185180664,76,9435,13491.296319944879,2063.0,2924.5422461832386,104,97,100,94
2.0410767895796362,0.47146570885128203,4.520594418546822e-06,0.2377791164811337,-0.02150696058199353,0.00400090217590332,0,10,10.0,1.0,0.22774990534718664,1,0,3,6
1.5738770085668423,0.5817679402847874,3.897327580098821e-06,0.5179719017760473,-0.015361809029611928,0.003999471664428711,0,10,10.0,2.0,0.24969250730176595,1,0,3,6
1.280391744911054,0.4690420124201165,5.003859129062088e-06,0.6550683530474997,-0.0780020061340525,0.004998207092285156,0,10,10.0,1.0,0.26074086234602967,1,0,6,6
61.25508537430838,13.722882034581795,1.023536421860425e-05,-1.0572019940375936,-1.0660033551491939,0.006000041961669922,0,141,10.0,36.0,0.2718406114608001,146,0,144,6
44.75431197938616,10.49123380598156,6.152744237198791e-06,-0.8860292936581506,-0.763144605352782,0.006000041961669922,0,134,10.0,36.0,0.30544840849155475,149,0,149,6
16.526225027357896,3.785696964564136,1.0551232173850027e-05,-1.1747960992533222,-0.8294392061714022,0.0060002803802490234,0,45,10.0,13.0,0.20601265740677754,146,0,128,6
52.63326213892343,11.987898299306947,8.197683412664889e-06,-0.5412581923165141,-0.49501804200740973,0.005003452301025391,0,176,10.0,47.0,0.9430670995076644,150,0,148,149
3.0785800172153786,0.7660272002452966,6.730459465641876e-06,-1.415596692047207,-0.375483930980409,0.004002809524536133,0,10,10.0,3.0,0.3523664514898337,1,0,20,7
12.352118129635096,3.0477052228806243,6.455945330952839e-06,0.2808997575183143,0.2845724534510996,0.004999637603759766,0,61,83.24704516181178,17.0,22.72790205765807,150,149,148,149
165.4341776499122,35.56410953065697,5.394578193011689e-06,0.4684674453469764,0.5339477255657169,0.004999876022338867,0,878,824.8147440048065,202.0,231.89383888706902,150,149,145,149
150.7669076995787,35.44616125311932,3.8118530942032284e-06,0.6255146178523401,0.6058026827917709,0.0049970149993896484,0,1039,1242.5130237493454,231.0,348.5251290138365,150,149,149,149
596.0768137111467,127.9582140430222,2.8090946759381358e-06,0.329079509777384,0.35172609157565826,0.006000041961669922,0,2326,2601.1390893743746,505.0,713.802826085368,150,149,150,149
1.2059921541980245,0.563485809920676,2.8140139596963305e-06,0.727990699529113,-0.00017621264317480012,0.0030007362365722656,0,10,10.0,2.0,0.5411591769886641,1,0,11,10
1163.7914270761225,292.10055926165523,2.7275015868840828e-06,-0.06928710232640523,-0.6272346606131947,0.005002260208129883,0,3131,6812.3354819226315,650.0,1585.39854826779,134,149,134,149
1199.496845934511,360.2415181890369,2.9273428327696093e-06,-27.893616526500438,-94.39380009041459,0.0039997100830078125,137,4187,6246.403584434908,904.0,1371.609287272986,149,149,147,148
1515.6994481228023,327.1161235781746,1.960575595352605e-06,-21.097458645055955,-15.733190558223896,0.0040013790130615234,117,4434,6824.771560126575,943.0,1446.12250080387,137,134,137,132
1578.862403835749,347.86547653036826,2.0297704661550594e-06,-12.374546971742886,-8.417597588937632,0.0030007362365722656,112,4652,7168.814485940498,990.0,1519.1477361582265,134,130,132,127
1138.1985348665644,255.9472360114557,1.4000909880488516e-06,-1.7945164524822523,-0.9182454402277962,0.0039997100830078125,102,4747,6634.754455947652,1005.0,1392.0440312398841,125,121,116,118
2354.2830623338364,528.0051244228391,1.907160602879853e-06,-3.876234878866204,-3.430748888774974,0.004003286361694336,101,6354,10180.779705805042,1369.0,2190.056280661782,128,121,122,118
2911.507597591222,659.8343770713487,2.337750269319597e-06,-6.5970652288052225,-7.147069188812438,0.008999824523925781,105,6738,11364.70035016677,1401.0,2473.1164176164166,132,124,125,121
1710.4260763802724,365.0302645802151,1.9106817785109963e-06,0.12106425902506002,0.28058848143243764,0.004998445510864258,87,7042,9838.044916017892,1514.0,2093.054092161902,112,108,109,104
3134.6164506936684,686.9889937615143,1.8226733703708254e-06,-1.382491055568134,-1.043673346788943,0.005003690719604492,92,8463,13477.23413308621,1806.0,2941.0715129993805,117,112,115,109
2704.138012576802,579.8442581750547,2.3375644871443165e-06,0.006051593278366796,0.09660022262487566,0.00500035285949707,80,9164,13442.588597914557,1896.0,2908.744655054983,109,102,102,99
4406.051899982261,987.4725143956372,2.30304712409193e-06,-2.6959240588995788,-2.284794104835503,0.004995822906494141,96,9785,17099.511983152024,2097.0,3817.268819416915,122,115,119,112
2655.503997321007,573.0944169150583,4.309227840759064e-06,0.44006900130623605,0.46934071831822155,0.01200246810913086,73,10784,15149.419958225344,2326.0,3296.7753774237317,101,94,96,91
8865.030341388898,2639.8859240302454,5.4947758130221725e-06,-34.591047129942005,-54.646635776023864,0.003998994827270508,135,7920,23989.424684897876,2023.0,5873.015217497057,150,149,150,148
3343.3723297631063,733.1724592214583,3.5542058629820543e-06,0.13068083653699802,0.17007525113891564,0.006003856658935547,78,11242,16999.851465790794,2386.0,3747.2063690841806,105,99,103,96
3533.972583769732,768.1727209215281,2.2782993077536382e-06,0.1188014448281538,0.1782715205036315,0.006000041961669922,76,11618,17515.632308731037,2504.0,3871.1771144239647,104,97,100,94
0.9534401305459591,0.44359567744089096,7.182724303891774e-06,0.7986852179424345,-0.006246662158060801,0.003998517990112305,0,10,10.0,1.0,0.28299177317562985,1,0,6,6
176.4896036635681,39.56478812843377,4.514621233629196e-06,-0.7685029139740469,-0.7682310807430697,0.005998849868774414,0,453,10.0,106.0,0.3167539191414612,150,0,145,6
29.93402993041315,7.018910119636507,9.072778294135652e-06,-0.889241280718229,-0.792121421131303,0.006996631622314453,0,91,10.0,23.0,0.5345979873598532,150,0,150,149
36.72880259002118,8.835446249902,9.054230420843357e-06,-0.9336655687986357,-0.8073435119914865,0.006001472473144531,0,112,10.877287030098383,30.0,2.84158209799668,150,149,145,149
16.65679030834918,4.464672388311293,3.967130449423852e-06,0.443254823634899,0.23285730003564875,0.006997823715209961,0,97,135.04021954898428,24.0,37.20509852358779,146,149,143,149
333.22144112965,72.09351179241904,5.9212262806365e-06,-0.3211773517350509,-0.28326436998079974,0.004996776580810547,0,1004,216.6523429486594,237.0,60.16583211608955,150,149,150,149
365.80442301974017,81.36061280654648,4.355644307209746e-06,-0.21267981534547897,-0.16127967445666203,0.0049991607666015625,0,1235,343.36340817807627,293.0,95.9678576897175,150,149,150,149
286.8433055966833,61.4364156856859,5.022193011932171e-06,0.2688158732166446,0.3547105282291273,0.00500035285949707,0,1298,824.8147440048065,313.0,231.89383888706902,150,149,149,149
2.6255198016626573,1.1813794280640364,4.979770465321325e-06,0.005450085413773009,-0.10939478647782419,0.00400090217590332,0,10,10.0,5.0,0.5090549548198855,1,0,10,10
966.5703882402014,206.69056304752272,2.4613017548720787e-06,0.03908831782733524,-0.020191505498707185,0.004999637603759766,0,2805,3567.868035367961,596.0,956.5481912235164,140,149,139,149
1026.487577469923,262.70027848264084,3.4240204291876005e-06,0.16120095539914425,-0.2676211134358828,0.004999876022338867,0,3150,6812.3354819226315,674.0,1585.39854826779,141,149,139,149
1884.442364632232,413.85738884658315,2.7777802361756206e-06,-7.285263062991584,-6.150837201357599,0.0059986114501953125,0,2655,8164.927647260038,644.0,1764.3063376757964,150,144,148,140
887.749723941063,238.46832440376846,2.2662879746710187e-06,-128.432978378316,-64.91135083598651,0.004999637603759766,135,3768,5047.50454622793,808.0,1059.2362247241576,148,148,140,144
1207.8195464060618,274.6550648121927,2.1454137592057603e-06,-64.87165619184843,-27.159878951055926,0.005000591278076172,125,3900,5575.604000458354,844.0,1175.3325575810904,136,140,134,137
2096.400439204992,462.5396352484919,2.7022937664784593e-06,-27.983655520481364,-78.21966996663946,0.00500035285949707,124,4513,7515.973763960973,951.0,1613.91367612453,147,141,133,138
1610.3675910967668,357.25795124374946,2.232963225187836e-06,-12.746150249679227,-16.096495826736508,0.0039997100830078125,120,4951,7308.6198544284325,1029.0,1555.969158593618,139,137,135,134
1387.5685893805482,315.8046761478045,1.5640740419379987e-06,-3.839464849171085,-2.8854928862123126,0.004999876022338867,105,4970,7218.353238882811,1044.0,1525.640227791816,126,124,119,121
2216.547193280376,501.40564670596666,2.313328508038734e-06,-9.52696455829939,-16.059003768451177,0.0040013790130615234,113,5442,8984.197130792782,1152.0,1930.4239607473955,137,131,133,128
1974.1391660512202,446.5424811265787,1.9766413515651654e-06,-5.678288108700047,-5.637072790662033,0.005002737045288086,107,5558,8888.552955453863,1181.0,1901.579975819859,131,127,126,123
2534.7124359328423,579.3065419960274,2.2135796371787168e-06,-6.842541237244097,-8.019289360803988,0.0039980411529541016,107,6250,10296.559891427627,1298.0,2225.9910846537878,133,126,130,123
2909.0212633020674,650.3358003519893,1.9663044744709593e-06,-2.529508031991994,-2.239042546124978,0.006012916564941406,98,7614,12364.366949420591,1578.0,2689.990295515099,124,118,122,115
3754.103076085344,860.2076440657131,2.56145500625935e-06,-4.8453628107675035,-5.150502474803672,0.003999948501586914,105,8367,14522.519937509864,1774.0,3215.9243640146015,131,123,126,120
3498.905856682559,767.1862725379989,2.0345845852691975e-06,-2.3157423448589216,-1.8405902845045485,0.003999948501586914,95,8434,14093.215202237656,1777.0,3092.3025985522545,122,115,115,112
1838.0025923778878,390.7951560419847,3.642406834748047e-06,0.6180573591088685,0.6457466059237966,0.004995822906494141,70,9109,11971.354250718961,1907.0,2561.106382422364,98,92,95,89
3417.100296230761,749.629489622757,2.144440189108729e-06,-1.084595287001708,-0.8291976034080311,0.004999637603759766,91,9386,14700.582269092487,1969.0,3226.7956788664815,119,111,112,108
1895.0180770087284,396.63081985890335,4.656642350240083e-06,0.6697299453673546,0.7017461438120058,0.004999399185180664,69,9766,12778.858912721407,2090.0,2742.2948500591374,97,91,91,88
2630.5790014145796,566.9677307183299,3.6424928676618185e-06,0.44469100407642204,0.48039222663190184,0.004997730255126953,73,10777,15109.754412545664,2351.0,3287.8555108751207,101,94,97,91
2973.3595471629633,647.1499446919886,3.310936362453045e-06,0.27729807802743167,0.3053153226504105,0.004003763198852539,75,10995,15836.937122946987,2337.0,3459.903904235016,101,96,99,93
3848.1201064994916,843.8420742083358,3.0264277318859823e-06,-0.1047202347806735,-0.024741297815072727,0.003999948501586914,83,11889,18315.67525419002,2542.0,4067.9621662032114,109,103,104,100
13.89377930404224,3.508297038874108,1.7440283782424327e-05,-0.8803129249587556,-0.6126558890195881,0.0060024261474609375,0,46,10.0,14.0,0.21685562138929992,150,0,150,6
1.9901057371317392,0.48304934396124627,5.015625827424704e-06,0.2341784636166725,-0.019842164065559276,0.004000425338745117,0,10,10.0,2.0,0.22774990534718664,1,0,5,6
1.0421523462400966,0.42977520202157654,1.3871957595439277e-05,0.8817367642407159,0.014897470545669811,0.009001016616821289,0,10,10.0,1.0,0.24969250730176595,1,0,7,6
1.4605561223390027,0.46070155490551956,9.33379921202071e-06,0.7863437434489446,-0.1319782543592718,0.003998994827270508,0,10,10.0,1.0,0.2718406114608001,1,0,2,6
29.52541334314368,6.766186574591861,9.625886262714338e-06,-0.8148477819687725,-0.7067028810406619,0.005999326705932617,0,87,10.0,23.0,0.9430670995076644,150,0,148,149
382.72010697900805,86.03437533946708,3.7446841828702826e-06,-0.6294974954923402,-0.6299184339476314,0.0059986114501953125,0,1102,50.79264887520397,251.0,13.729318568685379,150,149,149,149
1.4108870409964012,0.41492299863176785,2.6239513385241377e-06,0.7483347472229783,-0.23955988251376192,0.004999876022338867,0,10,10.0,1.0,0.4135733568685813,1,0,3,7
0.7688396573511701,0.39003757992249544,3.0743126746473983e-06,0.9095028392042294,-0.6152553607176099,0.0040051937103271484,0,10,10.0,1.0,0.42606173844329054,1,0,5,7
277.28831726370726,61.79203841722509,6.9916671708131944e-06,-0.04891340137018574,0.022269487338968608,0.0070002079010009766,0,1049,343.36340817807627,236.0,95.9678576897175,150,149,149,149
182.12037003785926,39.246296847475485,3.6266544912863367e-06,0.34267745964278606,0.42421444203110703,0.007000923156738281,0,921,536.60901376409,216.0,150.63328462573668,150,149,150,149
585.0623151469514,171.18648443182516,3.3007873843677243e-06,0.36686413141683183,-0.06350202402832594,0.006998300552368164,0,2640,5811.399703952795,602.0,1436.6637468756971,150,149,150,149
1287.9952569283075,331.6815550369931,4.177962594485911e-06,-33.0043914791989,-37.838544975048464,0.005998849868774414,0,938,6812.3354819226315,231.0,1585.39854826779,150,149,150,149
2307.0854543084483,497.0781464668059,5.850367592038765e-06,-25.356886283252745,-19.564301388529017,0.005000591278076172,0,2006,8340.98607747472,466.0,1803.9697320020887,150,141,149,138
870.491594652079,205.21508516379188,1.588389841601749e-06,-4.993978185699724,-3.1821335621405407,0.003998756408691406,116,4149,5498.569703351728,859.0,1148.3672781046362,131,132,128,129
953.5440323264264,209.94702752345526,1.187561094283114e-06,-0.910163870344139,-0.2477373048427174,0.004001617431640625,104,4745,6230.728825122164,1056.0,1302.5712443035509,126,122,120,119
1670.0750708722167,373.49663900687426,2.189063319325471e-06,-12.449632599798868,-11.610750421515926,0.003999471664428711,116,4890,7579.539576620493,1070.0,1611.0615367999853,137,133,129,130
1116.8501458548737,246.4154427356082,1.7936588332604621e-06,0.11836407923789671,0.31011103740232915,0.0040013790130615234,96,5627,7426.4813400927,1182.0,1562.1218257765204,116,115,115,112
1434.3703568136032,321.43024713760633,1.6239012884118433e-06,-0.5869986414116113,-0.279000040211963,0.0050013065338134766,98,5897,8228.31972983251,1228.0,1739.491553821329,120,118,118,115
4606.194203811031,1039.9552959319274,4.012524247517712e-06,-18.03501117670609,-32.640463191738164,0.003999233245849609,126,6453,12994.4651989945,1360.0,2908.1859898528965,148,143,146,140
1313.4812910053117,279.267505783202,2.9784823500620097e-06,0.5018616812030294,0.5912726243627244,0.004000186920166016,88,6930,8985.881553342024,1459.0,1903.8622766849658,110,108,105,104
1384.3570115405532,296.73335235463884,2.529066972821344e-06,0.48494397745405515,0.5622789887791115,0.004003047943115234,87,7208,9326.73019687547,1518.0,1982.5599549615172,111,107,106,104
1931.1237392755384,414.7668144866244,2.1498556594640556e-06,0.24954587059936273,0.35691431671935947,0.003998279571533203,84,7954,11163.481926847486,1685.0,2392.8523167975536,110,106,106,103
3169.478634822072,696.1008186028048,2.0034101842978353e-06,-1.6239287512224272,-1.2239798914596807,0.004000425338745117,93,8509,13447.921900534053,1830.0,2931.5003715172734,119,113,118,110
3385.819247158606,750.8322496524592,1.944270650214891e-06,-1.4598226692303817,-1.171296982234478,0.004000425338745117,94,8984,14329.571202215911,1947.0,3148.6230951602174,122,114,118,111
1677.4334286684486,358.19625031319833,4.684808910504631e-06,0.703351970068725,0.7221378851494518,0.0050008296966552734,72,9317,11851.318018840433,1939.0,2537.1340074824293,100,93,94,90
3895.2033350289503,859.872137928648,2.140418857182826e-06,-1.0472208861141237,-0.8221724474483985,0.00400090217590332,91,10242,16497.184240407812,2223.0,3657.6622850025906,119,111,113,108
4005.6405772332264,887.7535228638707,2.0422475200668835e-06,-1.0766864810373709,-0.7965424952128881,0.004000425338745117,93,10648,17072.966508686284,2264.0,3798.646759540461,119,112,114,109
3124.084719998619,679.6474477674735,3.2101157188433475e-06,0.27141033453023344,0.32397374955239167,0.00400233268737793,76,11338,16611.284217402208,2464.0,3653.615800954407,102,97,98,94
2624.249614018209,565.4653965166841,5.675327874398867e-06,0.5603369180525286,0.5733083874459166,0.004001140594482422,65,11601,15949.931932394044,2452.0,3479.699250043297,93,87,88,83
3122.065027729264,681.6791733895225,4.344262447602946e-06,0.42420425358965075,0.4340939071976899,0.004997730255126953,71,12284,17462.44099204605,2641.0,3833.082731373961,97,92,97,89
0.9501296566903,0.6448443827948714,8.453777714624808e-06,0.8732609270614746,-0.03759925978155798,0.003999471664428711,0,10,10.0,2.0,0.21685562138929992,1,0,5,6
35.41986836783345,7.688094159768493,1.034229948083908e-05,-1.15818720452581,-0.9902646732330165,0.005997180938720703,0,80,10.0,21.0,0.22774990534718664,129,0,126,6
2.8145377050741756,0.8481559349850727,3.1648924162627737e-06,0.34776384599454824,-0.20870635828236317,0.004000425338745117,0,11,10.0,2.0,0.34037636304347596,2,0,2,7
240.13659211837597,55.99536615780519,4.54802333872577e-06,-0.6531973734613896,-0.6405985492438739,0.006001472473144531,0,720,10.0,181.0,1.6453495025043763,150,0,149,149
40.3504257168064,9.512285754301981,4.451727472248913e-06,-0.6569434870423947,-0.5761236974413348,0.005994558334350586,0,124,10.877287030098383,31.0,2.84158209799668,149,149,139,149
172.0857976556343,37.65777038688847,6.159657340442333e-06,-0.5153071324542531,-0.5465649421928331,0.005997896194458008,0,535,18.35881898768442,118.0,4.85380949715843,150,149,148,149
126.44134218178634,30.680729969202684,4.140518176813607e-06,-0.44605623974171804,-0.40654091616773114,0.006000518798828125,0,438,30.685685605755985,111.0,8.205753032785918,150,149,150,149
363.03193953487977,81.41457951019154,4.300493002878711e-06,-0.11619648143269856,-0.08246736514688813,0.005003452301025391,0,1321,343.36340817807627,285.0,95.9678576897175,150,149,149,149
388.0036344030122,86.39690978677041,5.026401492286164e-06,0.02308171895724842,0.09061311667019478,0.0060002803802490234,0,1495,536.60901376409,374.0,150.63328462573668,150,149,148,149
650.8659999793928,136.54796758389168,3.334729213525922e-06,0.15964232551252755,0.218273117292327,0.00599980354309082,0,2323,1825.726550153666,499.0,508.28725416776774,150,149,149,149
693.0019551329879,153.62623472645032,3.2201823592470174e-06,0.37812930791670407,0.3514496200692947,0.00500035285949707,0,2719,3567.868035367961,597.0,956.5481912235164,147,149,146,149
619.3667260587919,155.74420190679197,3.585192314475482e-06,0.4791808056257296,0.3036012646477668,0.0049936771392822266,0,2702,4675.61328464471,608.0,1211.3602696389867,150,149,143,149
703.5839799722459,188.44809172071535,3.267227758398519e-06,0.37331816838505394,0.05901503433973121,0.006005525588989258,0,2821,5811.399703952795,623.0,1436.6637468756971,148,149,148,149
1034.9333199865011,273.5294377786752,5.776610062091705e-06,-3.9788311512763306,-5.40297657979721,0.0059986114501953125,0,1873,6812.3354819226315,455.0,1585.39854826779,150,149,150,149
80.67358716183702,75.70601540014975,2.7442682772275695e-06,-1.5413940033853968,-16.32122461716233,0.003997087478637695,147,3602,3741.721591018266,804.0,892.4415910182643,150,149,149,149
1555.2123520393739,326.1411972001209,2.2058086508685996e-06,0.2681320447414629,0.4377697087242459,0.00400233268737793,87,6920,9439.276714284159,1499.0,2006.8744159645103,113,108,107,104
1644.1586069189432,351.1092753626547,3.2043096791432583e-06,0.33682406939199194,0.44330977221600865,0.003999948501586914,87,7479,10103.407401894117,1614.0,2151.889248383449,114,108,108,104
1898.776483412428,412.5906702208923,2.6209333033517588e-06,0.21474278065376096,0.3180886938551273,0.003998994827270508,85,7765,10889.216609576417,1633.0,2335.1826641458792,111,106,108,103
1792.1827829522942,368.4574222974564,2.9966995382183806e-06,0.43730310892392477,0.5561065370852583,0.0039975643157958984,82,8191,10900.621091840236,1764.0,2328.0724948706757,109,104,106,100
2233.5887542501077,483.79915190311493,2.046175412230342e-06,-0.008433485102736116,0.16432392866085854,0.004997730255126953,90,8487,12182.623694266853,1824.0,2633.4729097891795,115,110,110,107
1464.4854945856412,306.6196393550291,4.189008391097024e-06,0.7170033892520872,0.7501789521507359,0.004997968673706055,75,8544,10811.01469003367,1783.0,2305.1754933208367,103,97,99,94
1838.5402784177045,386.3431819124294,3.5462760646168876e-06,0.5581199932685494,0.6160684398240801,0.0039997100830078125,76,8878,11772.302759829256,1878.0,2521.8892915715096,104,98,100,95
4234.12447911683,944.4646868185717,2.334278184300207e-06,-3.1602893317630603,-2.895720474809551,0.0040018558502197266,99,9393,16151.604946766724,2026.0,3594.433664439275,128,118,120,115
2334.983934495027,495.8809084178292,5.520597485586982e-06,0.5958456291862353,0.6249286764330027,0.00500178337097168,70,11060,14809.319884332972,2355.0,3208.72845149529,98,92,92,88
3729.4812423035273,822.1395143131845,3.4500133198297845e-06,0.047715257900359354,0.07816353890735239,0.004000186920166016,81,12175,18179.817286318197,2624.0,4032.6274907149327,108,102,104,99
2415.0630840613076,521.8199087467834,6.847989111791773e-06,0.6774146219489183,0.6818023044034431,0.003999948501586914,66,12211,16422.967698681005,2598.0,3588.794577633673,92,87,90,84
6.875038586146384,1.680097861919121,1.3481391961839844e-05,-1.5711417349592933,-0.708168112115517,0.006000995635986328,0,24,10.0,6.0,0.21685562138929992,150,0,142,6
10.47168503306268,2.1980856057299842,1.4288872846100045e-05,-1.358849151366591,-1.0085091441596377,0.00599980354309082,0,23,10.0,8.0,0.2386955278131324,126,0,145,6
0.7150212411152492,0.47078224497730903,5.312725254939215e-06,0.8978271184825752,0.07573104790571294,0.004000663757324219,0,10,10.0,2.0,0.24969250730176595,1,0,15,6
117.13635357887011,26.570221316183257,6.344044552882472e-06,-0.6246657919961929,-0.6284480328801119,0.006000518798828125,0,318,10.0,72.0,0.3167539191414612,150,0,147,6
1.5283483264555215,0.4176891794665169,2.454398221433319e-06,0.7524928628366205,0.06952399656846853,0.004000186920166016,0,10,10.0,1.0,0.3284690079401853,1,0,3,7
2.1145636753258934,0.648281615763584,5.3090722015368e-06,0.39657496126751013,0.044843060597629214,0.0030014514923095703,0,10,10.0,2.0,0.34037636304347596,1,0,10,7
176.09983430205713,40.470326660759994,6.486772640898578e-06,-0.6230133372799262,-0.5960739007846363,0.00600433349609375,0,527,10.0,129.0,1.6453495025043763,150,0,147,149
491.8539732585537,108.25168811338345,6.258580115707199e-06,-0.632820442151214,-0.6401980790028221,0.006000518798828125,0,1377,50.79264887520397,306.0,13.729318568685379,150,149,149,149
2.8672357952204646,0.7474823266398635,6.348279182647196e-06,0.3288878401023183,-0.12692022210543885,0.003998517990112305,0,10,10.0,2.0,0.5121129942778859,1,0,6,44
540.7294006614819,116.39701432745402,2.624895737412415e-06,0.24315962503651578,0.29822596303210436,0.004999876022338867,0,2171,1825.726550153666,457.0,508.28725416776774,150,149,150,149
711.864561331496,170.17197165658342,2.3755106594501626e-06,0.44725220152562284,0.3192278102632511,0.006001472473144531,0,3042,4675.61328464471,649.0,1211.3602696389867,148,149,147,149
793.8348534790898,213.9959917296735,2.8397699126221677e-06,0.4174869355788081,0.08412924201540117,0.005999565124511719,0,3316,6812.3354819226315,692.0,1585.39854826779,150,149,145,149
151.99919410769408,87.17266099694844,2.482264223840475e-06,-16.879568568329642,-6.044331703628176,0.003000497817993164,146,3441,3717.3864293619577,767.0,877.7076691553848,150,149,147,149
193.23019483684163,113.97683850424335,2.726075457673267e-06,-1.2601967702123864,-7.955658308117121,0.004001617431640625,145,3662,4029.293905615955,837.0,1004.3695775826786,150,149,150,149
1065.9760067072077,246.4047013402867,1.4701563860905663e-06,-3.678363860485078,-2.3526449796977316,0.004001140594482422,112,4751,6492.318691590699,1003.0,1365.817153435467,131,130,131,127
1300.3632469303184,290.35369652849255,1.7337499220906082e-06,-0.157721881915309,0.06855032785820958,0.003993511199951172,97,6152,8105.690453570253,1279.0,1711.3562857647948,121,117,116,113
948.5433256084083,197.97160946495092,2.1840788345332823e-06,0.6851364606267589,0.7492303250349823,0.003997087478637695,86,6422,7770.825287060411,1344.0,1635.9779582900946,111,108,108,104
2469.0587487305843,569.3440094565219,2.0485904464751953e-06,-3.902878365917429,-4.716554395785433,0.003995418548583984,107,6761,10687.150549285927,1406.0,2314.4825424927276,132,126,128,123
1261.419177627636,265.96792430806295,2.7016625644656094e-06,0.5333016046029504,0.6340083375235779,0.0050013065338134766,87,6887,8858.722772391096,1483.0,1875.9763258919738,111,108,110,104
2458.5748744905914,550.1695944282743,1.9528295678267147e-06,-1.9371899836277295,-1.6656092312328226,0.004004716873168945,100,7357,11103.204881520358,1560.0,2398.4407708573244,126,120,121,117
940.2943833950028,191.7028657174674,4.729393755892064e-06,0.8572492886525978,0.8807906324611355,0.005003929138183594,73,7687,8932.71094575616,1619.0,1878.4092096240538,97,95,94,91
1998.6889943076148,429.5625431058472,2.072379023971512e-06,0.031537926661997284,0.20626785390296365,0.0039997100830078125,90,7978,11074.114681008412,1680.0,2379.504346876831,115,111,113,108
5135.501840659946,1218.5038965222777,3.824510746876081e-06,-6.910938186666147,-14.60319837828484,0.0039899349212646484,119,8429,16119.440389732232,1765.0,3645.167802404878,146,136,143,134
1705.4638550358984,363.2701872972893,3.7467557265617484e-06,0.5972721538835332,0.6410425093697112,0.005006551742553711,78,8583,11230.701531157243,1842.0,2400.8877582292316,105,100,100,96
1607.0813740701558,337.64010672324866,5.127240751417259e-06,0.7288126289103571,0.7576361686827897,0.004995822906494141,74,9317,11826.900243775168,1983.0,2526.2815053854993,99,95,93,92
2889.586462691076,626.3530228058771,4.1056911761622116e-06,0.2909825522998861,0.3369539938679925,0.004002094268798828,77,10569,15360.211138135297,2272.0,3351.7195235457457,105,98,102,95
2503.4200599800024,535.6915662677719,4.186954308418991e-06,0.5953217244980264,0.6178298805728486,0.0050008296966552734,70,11737,15760.826301169896,2487.0,3432.35804799747,96,91,95,88
1997.6739166295881,422.3728313843376,5.549490006658444e-06,0.7759124927646439,0.7886566460791532,0.004997968673706055,63,12133,15294.695843394122,2614.0,3324.800301711324,90,84,85,81
2745.3532909265573,589.6436155188711,6.040205278064955e-06,0.6041648742481265,0.6194128059977624,0.004999876022338867,69,12722,17183.36663330492,2740.0,3766.9271001788675,96,90,92,87
1.4162034375406058,0.6265078244323605,1.1456855866815677e-05,0.626068577262371,-0.17997412529369727,0.005000114440917969,0,10,10.0,2.0,0.21685562138929992,1,0,4,6
4.398408080673517,1.15485003064841,1.2427853043103941e-05,-2.561602875180148,-0.7588516704175752,0.005999088287353516,0,10,10.0,4.0,0.24969250730176595,1,0,66,6
0.6460355592882066,0.5230854228115365,1.2117860563668864e-05,0.9198237461092117,-0.043459845771743666,0.005000591278076172,0,10,10.0,2.0,0.2718406114608001,1,0,25,6
1.5622207409112432,0.5531597239215817,9.138309557606615e-06,0.3238348347474913,-0.001407680553092705,0.004000425338745117,0,10,10.0,2.0,0.28299177317562985,1,0,6,6
68.81833168522309,15.921311986240296,5.759808611199881e-06,-0.7619615319666759,-0.6982089318484301,0.007005453109741211,0,211,10.0,58.0,0.5345979873598532,150,0,148,149
30.782882748574295,7.625938057433457,6.860931855698999e-06,-0.4813645906569348,-0.3585400010546258,0.006001472473144531,0,104,10.877287030098383,26.0,2.84158209799668,150,149,148,149
53.93716125451033,12.208262648311932,6.660714450460926e-06,0.1784306132220882,0.2326657893635261,0.0069959163665771484,0,254,83.24704516181178,57.0,22.72790205765807,148,149,147,149
335.71078528252616,76.18571797600661,4.032330782833888e-06,-0.36313333214052834,-0.33420851211901015,0.006999492645263672,0,1170,135.04021954898428,254.0,37.20509852358779,150,149,148,149
530.125978867543,117.78070959303619,3.1626338565605397e-06,-0.1699599186378049,-0.10396233401717536,0.006999015808105469,0,1756,536.60901376409,424.0,150.63328462573668,150,149,149,149
392.37541262292734,83.33405292523635,4.6614559085990275e-06,0.48259593462031647,0.5537885441792441,0.005999088287353516,0,2063,1825.726550153666,458.0,508.28725416776774,150,149,147,149
586.4436345550404,147.93459440214923,3.0082671265525476e-06,0.5821610596460747,0.4636015882972676,0.006999969482421875,0,2965,4675.61328464471,653.0,1211.3602696389867,150,149,144,149
1265.889340625555,282.933926412934,1.785936728030443e-06,-8.007067239512555,-9.768377992891056,0.004002571105957031,118,4665,6585.0172327266755,974.0,1400.602666594431,138,135,136,132
3.7089090729467533,0.5966397901619253,8.632724826473723e-06,-1.0917264389014694,-0.6019056764200978,0.002996683120727539,0,10,10.0,1.0,0.9427592403551537,1,0,5,11
1403.9764233216617,304.3126497008293,2.1202217089353946e-06,0.16901157167702696,0.3394163257822722,0.004002809524536133,93,6628,8824.642247464308,1407.0,1872.5457798352109,117,114,113,111
2431.503348412068,529.4401412475331,2.906637156508663e-06,-0.18895500437016333,-0.019381537117176384,0.004000663757324219,90,8679,12242.272510559706,1806.0,2647.502436246841,117,111,113,108
2110.922435761071,459.82926638874835,3.1173580409451493e-06,0.329547789203135,0.4117505670368846,0.004000186920166016,86,8875,12443.059747898289,1858.0,2694.8865949398605,113,107,113,104
2156.9560867784767,462.11666686105144,3.065916904059642e-06,0.3632587161667522,0.4410387437794039,0.0039997100830078125,84,9198,12367.22429239909,1959.0,2672.7448809572106,111,105,105,102
1955.3768477555302,420.5062240888689,5.191455526653454e-06,0.6652512140091852,0.6838578533023975,0.004000425338745117,73,10315,13368.95797351385,2219.0,2881.315762960079,99,95,96,91
2054.6804472541235,437.11853858914304,4.930935771414287e-06,0.6748627638018257,0.7028714568770192,0.005003690719604492,74,10832,14139.682892019731,2319.0,3058.26724567822,100,95,97,92
3338.708859133136,731.2577735787554,4.60087216801664e-06,0.355612415019273,0.37158859766495056,0.004998683929443359,76,12679,17832.106275932747,2744.0,3945.460712950362,104,97,101,94
25.40457142315788,5.945354677307812,1.1661829130573016e-05,-1.5382655103007856,-1.1487046663312457,0.0060002803802490234,0,56,10.0,16.0,0.29419436601291904,148,0,95,6
44.55037532697526,10.609470302065352,8.603787855931025e-06,-0.9170686169809659,-0.8480121594813332,0.005002021789550781,0,127,10.0,33.0,0.30544840849155475,150,0,145,6
8.361090348028284,2.1229971693678036,1.728666422667725e-05,-1.9880817167126965,-0.8231034979907128,0.006000041961669922,0,18,10.0,7.0,0.20601265740677754,141,0,129,6
232.18791945628257,52.57088180415387,7.287099098904844e-06,-0.5684687956469543,-0.5784891246088408,0.004999399185180664,0,708,10.0,159.0,0.9430670995076644,150,0,148,149
38.0482375739344,9.871849988750688,5.635771482661348e-06,-0.5001015313133168,-0.344819105226575,0.004996061325073242,0,147,10.877287030098383,41.0,2.84158209799668,150,149,147,149
14.0931646095186,4.213818601839111,6.793597646722474e-06,0.8130684739367218,0.7325342404664366,0.0060040950775146484,0,146,216.6523429486594,39.0,60.16583211608955,150,149,149,149
251.02881730575834,55.259702354161895,3.935695727541444e-06,0.5245318484484738,0.5970393086420789,0.005997419357299805,0,1492,1242.5130237493454,369.0,348.5251290138365,150,149,150,149
1284.155661139337,301.3068295602737,3.0678412520586636e-06,-0.07025378834987728,-0.40434526451676334,0.006001472473144531,0,3377,5811.399703952795,695.0,1436.6637468756971,131,149,130,149
860.3466584279296,229.2044367555464,3.058890248936825e-06,-0.8132982130564506,-1.3082202053055072,0.006000041961669922,0,2659,6812.3354819226315,629.0,1585.39854826779,150,149,150,149
105.59156056455265,85.37166660285544,2.2242675103749668e-06,-1.4981199338942384,-128.71428624781495,0.003998279571533203,146,3632,3836.188290195648,781.0,906.9883535204654,150,149,148,149
691.2898630014341,246.17110294026324,2.6332156795695008e-06,-13.792094072799504,-123.74056096586257,0.0029993057250976562,140,3977,5256.628127906018,845.0,1198.2675399236537,148,149,146,149
814.7147200662278,162.40149525712758,6.280772996849958e-06,0.8903650395716728,0.9125151711800933,0.005000114440917969,75,7776,8552.550752597283,1681.0,1802.6283982285959,101,97,98,94
1680.0329062901178,356.02193372930503,3.088975544964233e-06,0.42497049978623747,0.5225941271489679,0.003999948501586914,86,7966,10428.599038512504,1662.0,2232.960191338446,113,108,111,104
1124.1697566793318,223.52066893189414,5.244242234529445e-06,0.8343503856940201,0.8694134524644069,0.003998756408691406,75,8483,9945.6239812913,1839.0,2109.3833976298,103,97,96,94
1328.6654531142306,274.7600912827524,4.885428129340078e-06,0.7924197524079291,0.8229198369415138,0.004000663757324219,75,8966,10880.426801109283,1910.0,2318.2080866569213,100,96,96,94
2021.3868453365567,430.0272521768678,3.5763971711789986e-06,0.452727703702242,0.5347091825652535,0.004000425338745117,83,9128,12356.770411184736,1913.0,2658.0856898066177,111,104,105,101
2331.8944369619176,504.18057017944705,3.0841127737996896e-06,0.29444483495157736,0.37284833519401195,0.0039980411529541016,85,9505,13024.64469765481,1984.0,2826.5177790360904,112,106,111,103
1536.1761760343388,323.20016788414654,7.098784577535852e-06,0.785887784818057,0.8018139170369152,0.0040018558502197266,71,9789,11982.109900750864,2062.0,2562.5954661902524,99,93,94,89
2239.3447969477907,479.3233605829885,6.106540777756225e-06,0.6776581255675473,0.6915938241372015,0.00500178337097168,67,11458,14995.133090032032,2468.0,3254.329697385716,95,89,92,86
1978.7978528753401,416.1946054474762,7.437155470145521e-06,0.7814656713485543,0.7969653673656217,0.00500035285949707,63,12185,15429.340982279977,2658.0,3354.3721087466947,92,85,86,81
2137.5423059610443,456.98284581141763,6.770344880240118e-06,0.7659960151937796,0.770710176278837,0.004999637603759766,62,12783,15789.007633132964,2710.0,3437.978205689855,91,83,85,80
2297.982422726432,486.86695967268287,7.957252766795948e-06,0.7208772602462831,0.7387763002734042,0.0060007572174072266,65,12494,16269.576225146286,2740.0,3550.203938278102,90,86,89,83
3530.934070752454,772.7057517106111,4.468582221558014e-06,0.34359470810482895,0.3750513937405192,0.004999876022338867,78,13221,19022.937625535058,2857.0,4237.318111899314,105,99,101,96
1.0013229963176364,0.6758106305706443,7.3268048498351525e-06,0.785855063469171,-0.02762001888265675,0.003999233245849609,0,10,10.0,2.0,0.21685562138929992,1,0,4,6
1.8802970529322285,0.4805125027239802,1.94290866754873e-05,0.07720531487941729,-0.11213107773673747,0.003999233245849609,0,10,10.0,1.0,0.26074086234602967,1,0,6,6
1.0863355778398618,0.5882233143735895,5.3262136259771615e-06,0.8143159984418532,0.02685624745191939,0.004000663757324219,0,10,10.0,2.0,0.2718406114608001,1,0,6,6
120.03777710571379,27.484212769080475,7.184780173652184e-06,-0.7597678412015165,-0.7457395100659814,0.0069997310638427734,0,345,10.0,84.0,0.3167539191414612,149,0,146,6
114.91796211372639,26.538447476834364,4.192698551737606e-06,-0.7723596299900211,-0.6956659364403139,0.0070002079010009766,0,362,10.0,85.0,0.5345979873598532,150,0,150,149
2.407001446239025,0.6485654555095824,1.2245665498799567e-05,0.4517518887344779,-0.14111308919234045,0.005000114440917969,0,10,10.0,3.0,0.34037636304347596,1,0,27,7
329.74929929248856,75.1213962425365,4.4005964868379706e-06,-0.6088252147289162,-0.5939193803034655,0.006999969482421875,0,919,10.0,216.0,1.6453495025043763,150,0,147,149
1.3950070575947224,0.47884601988878656,3.694086899012062e-06,0.5132775762632598,0.07641215244979493,0.004999876022338867,0,10,10.0,2.0,0.36445147384854404,1,0,11,7
1.706641891956709,0.40952555122040696,2.788539648778508e-06,0.491545796685544,0.029671046764812026,0.003999471664428711,0,10,10.0,1.0,0.4011682258072198,1,0,4,7
510.6957801241667,108.75115152763718,2.6024214084386818e-06,0.48467995605555203,0.5310107521756733,0.005000114440917969,0,2534,2601.1390893743746,579.0,713.802826085368,150,149,150,149
1.6906674373069723,0.8166769273135742,4.418171445825986e-06,0.24892708462427982,0.009685588137655965,0.0039997100830078125,0,10,10.0,3.0,0.5704513932542512,1,0,7,36
144.25083780803462,42.0472706260933,6.666357255085574e-07,0.20394956142888898,0.5936760367741784,0.003998994827270508,131,3445,3598.11894979392,754.0,754.0,138,139,132,131
1061.568804733553,265.88504606935277,2.2285552764047565e-06,0.3008163288285134,0.00561815890240458,0.005000591278076172,0,3563,6812.3354819226315,750.0,1585.39854826779,144,149,133,149
909.2775002663884,236.7822875423284,3.5889851933328846e-06,0.270916809211764,0.003024594601124808,0.005999565124511719,0,3432,7511.852330066298,744.0,1645.2152281553026,149,149,141,148
761.4334497173782,174.91626100558537,1.3705430724740069e-06,-7.429154056728885,-3.7712067427352745,0.003999948501586914,119,4031,5165.998286240752,828.0,1083.5735079052747,137,135,132,132
2186.3924644987173,469.3011647612335,4.7277272037699235e-06,-14.482682465273307,-10.885856264176644,0.0060002803802490234,0,2373,8340.98607747472,585.0,1803.9697320020887,150,141,150,138
1332.3534775555302,302.96904687515985,1.8145060830926657e-06,-9.944331718004133,-16.936251803802865,0.00400090217590332,120,4766,6875.586837317077,1030.0,1457.9742468078293,136,137,130,134
736.463663982651,167.59300240470543,1.960852045341748e-06,0.3907963608089574,0.5121299200403804,0.004000186920166016,100,5190,6191.781881425461,1088.0,1291.4540381293828,122,119,118,116
2738.1653334734806,636.6862897402385,2.7031841516740193e-06,-5.258851568368309,-11.635520054202187,0.004000186920166016,116,6568,10961.221475285543,1395.0,2398.617801237887,138,134,138,132
1414.3623200328477,296.3621362623505,2.8195293337109773e-06,0.26116979340813506,0.45350104395979973,0.003999471664428711,90,6746,8886.80363539783,1441.0,1882.3406227038868,115,111,112,108
1520.3344484577833,331.24534956521643,2.5958518101644615e-06,0.3014620791187058,0.42036708966588543,0.004999637603759766,93,7449,9696.133917574358,1579.0,2065.0450379118147,118,113,114,110
1952.3340377567679,417.5157677422913,2.0241685003844828e-06,-0.09080166030561343,0.14972496121903367,0.003999948501586914,93,7661,10687.765602772537,1633.0,2291.3178606258625,118,113,113,110
1054.3949440066244,213.0585651641703,4.9898105372173195e-06,0.8266729971852231,0.8592786242144338,0.0039997100830078125,78,8063,9377.740498741672,1715.0,1987.602650793313,102,100,99,96
1017.0492867068878,206.21025111554505,5.9408737330549534e-06,0.8564384518001822,0.8788449266690904,0.003999471664428711,74,8283,9405.414433845339,1752.0,1984.3769443782285,101,96,96,93
1552.0099871877264,327.0027936294004,5.38674499954812e-06,0.7429593339648727,0.7723311465428246,0.004000186920166016,74,9281,11549.08874755754,2013.0,2462.6853715786847,103,96,97,93
2207.4151628288296,480.9668184297258,3.920509209787206e-06,0.4293113084272989,0.4894717924661127,0.005000591278076172,87,9775,13411.148905892383,2087.0,2921.6400814819553,112,107,107,104
1589.8554032667605,327.2056037217218,7.245538082051378e-06,0.8236503144928593,0.842833729439603,0.004999399185180664,64,11066,13359.600684508492,2360.0,2879.8305033260767,92,86,85,83
2928.8589940926154,644.6187852477426,5.5665915139378936e-06,0.5593537570282308,0.5620496926676382,0.004999637603759766,72,13006,17802.60707528838,2854.0,3923.381969673852,98,93,96,90
2220.325983919449,473.2933880883582,9.678229887385776e-06,0.7834379442525542,0.7833236127915555,0.004999637603759766,57,13853,16820.684114135558,2964.0,3677.3243604850177,85,79,82,76
33.971298572138394,7.580928234361103,1.1125427941852794e-05,-0.755628970170241,-0.7080336196515216,0.004999637603759766,0,82,10.0,25.0,0.2386955278131324,133,0,128,6
1.6823750708357759,0.5340623068359172,6.083468896617237e-06,0.5462127411261488,-0.007716427305765494,0.003999948501586914,0,10,10.0,2.0,0.2718406114608001,1,0,7,6
98.07434720760526,22.822286617510446,7.35512259699969e-06,-0.5896924009594018,-0.5756483910878707,0.004999876022338867,0,305,10.0,71.0,0.5345979873598532,148,0,150,149
84.9515042469432,19.77008982975526,6.174357280411024e-06,-0.5194510018738974,-0.485280512840649,0.006000041961669922,0,293,10.0,71.0,0.9430670995076644,150,0,148,149
152.06888872747476,35.093687125844546,6.167080867642246e-06,-0.49290849634758915,-0.48357750542135336,0.005003213882446289,0,495,10.0,116.0,1.6453495025043763,150,0,150,149
1.1406557225398934,0.44447292425790724,3.3855100094448043e-06,0.7669679742036406,0.11099718820731108,0.003998994827270508,0,10,10.0,1.0,0.3766073704703323,1,0,4,7
71.34530914987127,16.679871434931947,5.391920644308498e-06,-0.3280020849213128,-0.26640611886141974,0.00500035285949707,0,249,30.685685605755985,67.0,8.205753032785918,150,149,150,149
25.167591787521886,5.827499844085139,4.80551642562278e-06,0.262812739240909,0.34975331573038415,0.006000041961669922,0,132,83.24704516181178,35.0,22.72790205765807,150,149,150,149
181.06339408929145,40.59187121141089,8.314774323665635e-06,-0.029356247790219614,0.038092824129958736,0.005999088287353516,0,698,216.6523429486594,168.0,60.16583211608955,150,149,149,149
389.50905135256346,117.73854889488177,4.714153130618322e-06,0.5805365619377176,0.3135091504152123,0.006000041961669922,0,2383,4675.61328464471,573.0,1211.3602696389867,150,149,150,149
547.0125642904082,123.38143038320477,1.9165555709037024e-06,0.7200314015641496,0.7765138435267103,0.004000186920166016,99,5180,5881.494618981866,1079.0,1221.9544537270876,120,118,117,115
882.2035005578749,180.6224715472507,4.107461323408635e-06,0.7938355858920311,0.8436448506641794,0.005000114440917969,87,7075,8164.812828622456,1486.0,1723.2407046141934,112,108,107,104
2804.8363718668093,644.329156094676,2.01244359691815e-06,-3.283914941681007,-3.581298932922034,0.004002094268798828,106,7534,11997.39012894365,1608.0,2619.878702193082,133,125,126,122
1604.2586390200654,333.2326350973633,3.1179012097385575e-06,0.476369298307621,0.6061301402886952,0.0039997100830078125,89,8082,10533.66381095072,1710.0,2252.736456343213,114,110,111,106
813.545983051508,161.90442416506306,8.29027550741949e-06,0.9137722823419379,0.9297185314812291,0.00500035285949707,72,8264,8944.755422975093,1738.0,1881.6422239219455,98,94,93,91
2220.088433163924,482.209182970981,2.7728921815465222e-06,-0.0297124785084808,0.1424605667320793,0.003999948501586914,92,8389,11880.738316325149,1796.0,2569.6817796411287,117,112,112,109
1198.4030757646033,251.17812583024926,6.03941978010591e-06,0.8296215460302659,0.8503847110181381,0.0039997100830078125,77,8832,10609.04852309984,1935.0,2263.5190510083557,104,99,99,96
1310.6072946639376,268.36279267669846,7.78280145103147e-06,0.827746044625546,0.8502278680473248,0.004999876022338867,71,9419,11033.863593320588,1997.0,2351.4969979325706,99,93,94,90
1165.8416773165927,240.25705271387565,7.361699535013131e-06,0.8732006831675019,0.8878156173656827,0.004999876022338867,69,9673,11171.374090835769,2076.0,2376.537183951731,94,91,93,88
1517.5901051228966,320.35598407301194,7.2115320738959306e-06,0.7895430860476227,0.8089527818883576,0.004000186920166016,74,9933,12021.462005965961,2128.0,2571.9515809402074,100,96,94,92
1274.1932331068854,257.7726292791819,7.99183807136485e-06,0.8685119344706996,0.8888912231567617,0.004000425338745117,70,10305,11962.01801502512,2223.0,2556.3925630452923,94,91,94,88
1749.1818835141012,364.5768057373578,6.823358360301778e-06,0.766301149059357,0.7897997439491388,0.0039997100830078125,70,10581,13133.265377725278,2282.0,2822.9982474156895,98,92,93,89
2037.1346573525368,435.95415089656433,8.499092539031677e-06,0.755277494825695,0.7665183521209827,0.003999948501586914,67,12154,15203.287772330568,2587.0,3303.6853009353144,93,89,93,86
2556.7938008175515,549.2504262182483,4.776502106806077e-06,0.619784999107752,0.6378712780686627,0.0040013790130615234,74,12158,16319.177245243729,2630.0,3566.3978954117483,101,95,94,92
2909.6223564535458,632.2166031206095,6.067469313855807e-06,0.5105633782199059,0.5328903324917434,0.004000425338745117,75,12453,17059.847194452508,2682.0,3747.1680640444756,103,96,97,93
2457.692587898669,528.6228330852273,7.210591078575961e-06,0.7055681312179052,0.713798361133102,0.00500178337097168,68,12968,16925.581814934307,2788.0,3706.7498801545444,95,90,90,86
3206.81494543954,707.665768752397,5.786011176736347e-06,0.4781376541372293,0.49005753302751465,0.005000114440917969,78,13508,18537.863138135057,2904.0,4117.104041988059,105,99,102,96
20.91172745349934,5.262001547448177,8.084169155372182e-06,-0.5477761332396549,-0.4441234502093363,0.00500035285949707,0,92,10.0,24.0,0.30544840849155475,150,0,150,6
32.9981234721571,7.376494639968953,6.829084931110142e-06,-0.8201348071038548,-0.7329342847203826,0.004999637603759766,0,93,10.0,26.0,0.3167539191414612,150,0,150,6
998.5620963795917,212.07700165349917,2.7034828509648225e-06,-0.27584466866628565,-0.2526440707988533,0.004999637603759766,0,2698,824.8147440048065,583.0,231.89383888706902,147,149,147,149
668.576328341432,141.62057933479582,2.831567420474236e-06,0.11050829871043655,0.1938848829241544,0.006000518798828125,0,2578,1242.5130237493454,560.0,348.5251290138365,149,149,149,149
766.1833167060629,163.90133195307135,3.1255715225974005e-06,0.40832846476873363,0.42962402596169713,0.006000518798828125,0,3270,3567.868035367961,697.0,956.5481912235164,149,149,149,149
775.8576737064758,177.40668649107909,1.4245641521054267e-06,-13.458499555025105,-8.17636055512367,0.003999948501586914,126,4168,5235.6380258447625,874.0,1099.8473250528737,137,140,132,137
2559.0748036814566,567.285071744715,2.67458998423271e-06,-6.863027604888273,-17.90840899470817,0.003999471664428711,121,5767,9408.176132618923,1212.0,2043.1144137741867,145,139,144,136
513.5050482351779,97.14323002630294,6.2334082088469385e-06,0.9514307788500698,0.9659636430377934,0.004999876022338867,76,7207,7410.946689261129,1524.0,1551.3356971633748,101,97,97,94
1503.5497224367816,324.16758835511905,3.261640569829271e-06,0.23341511124702452,0.3936923025477663,0.003999471664428711,93,7198,9458.385511942435,1522.0,2014.9225553534707,117,114,112,111
1159.0717468863209,241.83329419653901,4.830720089924367e-06,0.7448163905142633,0.7894226433859217,0.0039997100830078125,83,7649,9376.169799537021,1631.0,1985.6287433771595,110,105,105,102
1124.513362633033,235.3371005916185,5.717304426424291e-06,0.7976874107472132,0.8313181670412071,0.004001140594482422,83,8196,9739.752090111773,1734.0,2061.8855566578895,108,104,102,101
2031.195945078799,436.7043663791323,3.22054652570732e-06,0.13861228967157457,0.2925581822055967,0.0049991607666015625,91,8420,11559.172437466394,1782.0,2494.077932837381,118,112,112,109
1548.9341481634185,317.34223118005184,5.4611368442377e-06,0.6496281289548167,0.7211659955739804,0.004000186920166016,82,8605,10813.494174043051,1883.0,2304.083544255125,108,104,105,100
792.5032695627029,155.97125679883837,9.843239167475743e-06,0.9318276150895605,0.944587271373879,0.003999948501586914,65,8854,9450.664095926935,1893.0,1994.78056931426,92,87,86,84
1108.0328026382856,222.94662448679668,8.172151579282714e-06,0.8820378741438538,0.9004829107088619,0.005002737045288086,65,9414,10680.927257602189,2012.0,2268.551754185234,91,88,90,84
1949.3171297605647,419.3819934343614,4.4703091258597615e-06,0.59930424509181,0.6341211248244554,0.005997180938720703,82,9966,12915.709213227588,2063.0,2791.5932118212786,109,103,104,100
2356.909064258592,498.5068462767332,6.0424530049451e-06,0.6403472980040668,0.6740903293725928,0.005002737045288086,73,11580,15395.09865750854,2531.0,3352.0457926325744,100,94,97,91
2384.5340373236777,509.95214485242064,6.690692551470091e-06,0.6963561048852762,0.71171692007094,0.0049991607666015625,69,12651,16299.781513006415,2757.0,3555.8833137005186,97,91,91,87
2905.5841106350413,642.3219676694673,6.11645156958396e-06,0.5817350188503203,0.5833902784817295,0.006000518798828125,75,13239,17940.281651925856,2825.0,3962.2067859862145,101,96,97,94
2841.906426175193,621.779985703497,5.594719953433717e-06,0.6188195152894268,0.6239744522030437,0.004993915557861328,73,13411,17985.204407487796,2879.0,3964.546318267596,101,94,96,91
0.7088153066037659,0.3443606251889113,3.039253118732662e-06,0.9217761648266428,-0.2006654318275407,0.003002643585205078,0,10,10.0,1.0,0.22774990534718664,1,0,2,6
1.630597339530032,0.44882585230221844,6.245998097349932e-06,0.6131608320785368,-0.0743714437056684,0.0039997100830078125,0,10,10.0,1.0,0.2386955278131324,1,0,2,6
1.3512194015414505,0.5107585580917535,4.256146890530185e-06,0.833959775842941,-0.1130636998995933,0.0030002593994140625,0,10,10.0,1.0,0.28299177317562985,1,0,2,6
6.978675184414789,1.723979839738591,1.3790416395486439e-05,-2.882087352544036,-1.145477749560933,0.0049991607666015625,0,15,10.0,6.0,0.20601265740677754,61,0,75,6
208.8004548211948,46.7329153585274,6.4888104782485946e-06,-0.6803007362328732,-0.6782220496775921,0.005998373031616211,0,584,10.0,136.0,0.3167539191414612,150,0,150,6
731.466905445553,154.57569627318762,4.911867793060765e-06,0.2268689078428895,0.3035659161390841,0.006000041961669922,0,2927,1825.726550153666,625.0,508.28725416776774,150,149,150,149
1019.4691144260694,214.24850991747903,4.018086811149094e-06,0.10396494428297298,0.1326363970535983,0.005998849868774414,0,3141,2601.1390893743746,683.0,713.802826085368,145,149,143,149
1361.8411519743468,289.91670074321746,3.118598025976114e-06,-0.20751082286819456,-0.3290164797268891,0.0049991607666015625,0,3338,3567.868035367961,709.0,956.5481912235164,130,149,130,149
1294.8843608270863,285.14674408321764,2.1039614216299496e-06,-0.07996890150812286,-0.2595401468354104,0.0049970149993896484,0,3436,4675.61328464471,731.0,1211.3602696389867,133,149,127,149
668.851459900918,154.1164544433483,1.2753747855114235e-06,-6.13662758325625,-6.240633971754587,0.003000020980834961,126,4047,4965.326318622197,876.0,1041.5371371142637,137,141,135,138
863.4610411180945,239.34292620720964,2.053615810428553e-06,-12.792368696878134,-36.58090045540517,0.0040018558502197266,134,4004,5274.712399664616,834.0,1108.7104513497497,148,149,145,145
762.0258921948924,166.8635872603462,2.109271564793813e-06,0.2597582066254034,0.47506268999694357,0.003998994827270508,101,5223,6268.427182362257,1130.0,1310.8101230751345,123,121,117,118
435.9002134469384,90.3227597503777,3.6696603248747824e-06,0.9038515776872287,0.927004127817203,0.004999637603759766,93,5520,5744.786223271766,1139.0,1191.8394860482817,117,111,108,108
716.0943556527413,149.57916739398343,2.7519392090107333e-06,0.6799473149798148,0.7763433429985602,0.003996372222900391,95,5713,6656.425698220827,1247.0,1392.794516263175,119,115,112,112
512.629715945137,100.07702649992127,7.2732474604846645e-06,0.9409701730265112,0.9553307678937351,0.003997802734375,78,6687,6916.504540550188,1394.0,1443.082930802594,102,99,95,96
518.9359655758357,100.56576084580854,6.874416667987143e-06,0.9419275568233485,0.9576559979899633,0.003999233245849609,77,6885,7125.409927836244,1493.0,1486.4578175526349,102,99,98,96
1116.5457105965183,230.9707796490136,5.681841489474612e-06,0.7919588553648208,0.8325169769427403,0.0039997100830078125,82,7995,9655.646870450026,1704.0,2046.8874261298479,107,104,105,100
1547.8663118060913,327.55391579106475,3.289734275037637e-06,0.5738649355059079,0.6519996291681759,0.004000186920166016,88,8423,10799.203042461088,1821.0,2317.0518135235698,113,109,110,106
1284.1397800836744,262.40143347678776,5.820081084138147e-06,0.7797759658694727,0.8210830396494169,0.004004478454589844,82,8858,10496.716972031576,1873.0,2236.517689513593,108,103,100,100
1208.2008499940307,245.17642232929623,5.353155471268633e-06,0.8224934662023213,0.8553647395406354,0.005003929138183594,76,8869,10457.276856080687,1900.0,2224.943875217854,102,98,99,95
1363.6754218597596,280.12733107830917,6.578819220033058e-06,0.7924586659809896,0.8273737592323432,0.004001140594482422,78,9333,11215.891678316293,1961.0,2401.0157663384616,106,100,98,96
1728.1494548806713,365.9953445642784,6.022455795124639e-06,0.7568789206461992,0.7830116193682124,0.004999637603759766,76,10696,13233.06572859803,2296.0,2856.369340632793,103,98,98,95
1897.8149893060386,410.29823740453253,5.422114982058358e-06,0.7054104744812406,0.7245599738211914,0.003999233245849609,79,10502,13644.996537431554,2255.0,2955.037109238836,103,100,102,96
1533.854729362372,311.84007865630116,8.75371280640614e-06,0.8581054968178932,0.8767202153769078,0.004001140594482422,63,11613,13727.539982723947,2549.0,2957.029632235959,90,85,85,82
1881.0340845799174,395.97124311855856,8.020925834301188e-06,0.8031099262253382,0.8148219688969456,0.0050013065338134766,66,12194,14805.956773362806,2613.0,3210.3841910478695,93,88,90,84
2037.9686215631937,445.60718583718074,9.30291942460176e-06,0.7709702019316291,0.7732405823640072,0.0050013065338134766,71,12484,15512.278075633052,2656.0,3377.62897053278,98,92,95,89
2086.7043185812695,438.54239534195136,8.349011538840854e-06,0.7836484741101023,0.7992969429486902,0.0040018558502197266,63,12838,16169.770517589379,2792.0,3531.734062949394,90,84,86,81
2127.6744994825567,453.37877633731733,1.0543711149478327e-05,0.7986210327526241,0.8050181575075143,0.004999876022338867,63,13549,16907.00402056798,2885.0,3697.0834648390755,90,85,86,82
2339.94353764646,494.9776202633166,7.847649166202243e-06,0.7519285385578176,0.768883999625962,0.005000114440917969,65,13683,17356.512364259943,2966.0,3811.45336698097,91,86,89,83
1.1891502432227232,0.5840444022960719,2.0578417758131526e-05,0.7102298563613398,-0.14619577907720394,0.003999948501586914,0,10,10.0,2.0,0.22774990534718664,1,0,13,6
17.35120024000127,3.9025351233329215,1.2607099364388785e-05,-2.4346166875871855,-1.4888153943018785,0.0069997310638427734,0,38,10.0,9.0,0.2386955278131324,150,0,150,6
1.2175596248159262,0.5527946035820762,6.474033422383778e-06,0.6980750631401429,0.014252020163016854,0.0039980411529541016,0,10,10.0,2.0,0.24969250730176595,1,0,8,6
15.358703991332533,3.5636179721268895,1.1702112148931717e-05,-2.0838652648574993,-1.3804183216158457,0.005999326705932617,0,38,10.0,10.0,0.20601265740677754,150,0,137,6
1.5635940176092167,0.6787155737156395,1.020332051817978e-05,0.42414456249332666,-0.03388864589460017,0.004000663757324219,0,10,10.0,2.0,0.4525516052053218,1,0,4,8
318.0264880480514,72.6669966172749,3.944329018854954e-06,0.16214037266464987,0.22347129257452059,0.006000518798828125,0,1465,536.60901376409,349.0,150.63328462573668,150,149,150,149
126.52364787644814,38.58823342851824,5.571133438976489e-06,-0.555814101608934,-1.296297011316681,0.00599980354309082,0,436,1242.5130237493454,119.0,348.5251290138365,150,149,150,149
204.84685640875486,51.38679188870971,1.936162492206133e-06,0.8257669060978566,0.8800940902748067,0.0029997825622558594,116,3800,3810.152640982198,805.0,781.739615825496,129,126,127,122
682.54516866634,155.63450200983863,1.2663331444022716e-06,-13.339394770927546,-12.155209682908115,0.004000186920166016,127,3900,4859.70742826065,840.0,1019.4641753854999,139,141,139,138
340.8020346632321,91.0806732192114,1.611372953344963e-06,0.5266216880739887,0.5737481939613975,0.004000186920166016,112,4310,4735.606910127858,907.0,980.7152965710061,126,127,125,124
474.72745293911487,117.89282473809358,1.635574242774372e-06,0.19651752992482407,0.43098550732875973,0.004003286361694336,110,4465,5094.610275973661,938.0,1058.1411552605264,124,126,123,122
406.31485780886817,82.89517049745362,2.5786896843000456e-06,0.7429294506913783,0.8553585048930026,0.003999233245849609,103,4446,4736.423762572506,938.0,977.0157559945274,120,118,118,115
317.1195024995873,64.558857296876,2.9836455303712633e-06,0.908155920286976,0.9390750680789868,0.003999471664428711,100,4866,4879.550400212555,1026.0,1005.856572873457,118,117,113,113
469.9835896904766,94.84352362160476,3.993727257254511e-06,0.8731673851065036,0.9173344906995139,0.003999948501586914,94,5465,5749.437677780234,1188.0,1192.9694447173765,118,113,109,109
549.0928985513478,116.10276379696407,4.481788793048954e-06,0.8230056592381716,0.8680900615657593,0.005000591278076172,93,5561,6058.5324309523885,1196.0,1260.3695123766665,115,112,109,109
665.0114291758523,136.95132021304488,3.7796064480471788e-06,0.7998526392553397,0.85822649999974,0.003998756408691406,93,6136,6819.68141422643,1318.0,1425.4882729122173,116,113,110,109
1330.5906703264054,280.00028040548443,2.6038966801169536e-06,0.23628308778870255,0.4754543613690293,0.004001617431640625,98,6965,8804.135541909007,1500.0,1868.9601215485454,122,118,120,114
1394.2818791991908,295.9755103603619,3.1142241101177687e-06,0.3673110117661881,0.5118743062418926,0.003999471664428711,92,7263,9031.62689268432,1531.0,1915.9278181694835,120,113,114,109
1703.2586612336747,358.97262575134175,5.276280543629945e-06,0.5494626137387004,0.628533821887741,0.005999326705932617,85,8641,11232.485237215966,1849.0,2412.459202991643,111,106,105,103
980.2734708019656,195.90770122372635,8.290922090277916e-06,0.8961633349213338,0.9146255082975412,0.005007505416870117,70,9014,9917.476084642512,1925.0,2097.04160877326,98,92,92,89
1094.1485919262016,224.2523196375705,1.0394935616877992e-05,0.895890615133063,0.9090174346473279,0.005999326705932617,69,9838,11240.837910951575,2133.0,2391.1664646253985,93,91,93,87
1625.0340859090481,340.17341470929716,6.094824335930686e-06,0.7787044979801969,0.8079941544279706,0.005006074905395508,77,10400,12935.948900316092,2185.0,2793.0188396243793,103,99,102,96
1279.1334499736365,264.7674905213519,1.0687786928863082e-05,0.8795279097607666,0.8940380100367038,0.004006147384643555,69,10624,12344.22273741751,2331.0,2645.8497856977774,95,91,92,87
1750.1280027929286,374.50015832928176,8.703779662352686e-06,0.7929656003224352,0.8042690524865674,0.003999471664428711,72,11373,13905.842292701996,2409.0,3002.97684576561,100,94,93,90
1278.7311167627265,261.4971698619407,8.757875713537607e-06,0.8985512858398836,0.9095099153516887,0.005001068115234375,57,11532,12947.88192336603,2475.0,2781.0630009876477,83,79,78,76
1762.997711372954,373.6948076756661,9.909191977034812e-06,0.8158996712033324,0.8297443817203615,0.004000186920166016,71,11803,14699.446705600478,2524.0,3184.7896183179873,96,92,90,89
1535.7289851721912,314.1005292697587,9.765684168712634e-06,0.8829742467149259,0.8956672688514233,0.004998922348022461,60,12663,15035.996072704143,2727.0,3256.0189623236383,87,82,83,79
1896.420109546371,399.19535710615577,9.050809365113152e-06,0.823397344225002,0.8345495507255289,0.004998445510864258,62,13011,15643.670359237265,2786.0,3406.4168950768762,89,84,85,81
1710.6534506399055,359.93005259995925,1.1500887626647966e-05,0.8724239251927952,0.8800416869582994,0.004997968673706055,55,13752,16198.089724541293,2965.0,3518.831263696664,81,77,79,74
1890.3586217471309,403.8019892539746,1.240045245243117e-05,0.8512184810385949,0.8551349675467108,0.004996299743652344,59,14021,16913.850060923396,3021.0,3695.2009099389597,86,80,82,77
2.6531578250478502,0.7425481252109905,6.5213410215996385e-06,0.10804915180583952,-0.19908045957724618,0.003999948501586914,0,10,10.0,2.0,0.26074086234602967,1,0,8,6
0.9276030410907893,0.3040229462622009,2.7894304528795364e-06,0.9056640107617707,-0.5774711783073978,0.003999948501586914,0,10,10.0,1.0,0.30544840849155475,1,0,4,6
45.07080337372637,10.546449759830445,1.4382858577350787e-05,-1.0307072736064709,-0.8196169261443014,0.006001949310302734,0,132,10.0,39.0,0.20601265740677754,150,0,148,6
0.8943460353745223,0.47164394951703037,7.063286299624818e-06,0.8269629725451825,-0.08999527406851282,0.004000186920166016,0,10,10.0,1.0,0.3167539191414612,1,0,2,6
77.17674100055592,18.14340644647857,8.11383274385813e-06,-0.8055872131568353,-0.8254290897472543,0.006000518798828125,0,224,10.0,53.0,0.5345979873598532,150,0,149,149
1.033438072198305,0.6102017897756421,3.8216279168629385e-06,0.8492967078347631,0.03973868484081844,0.004000186920166016,0,10,10.0,2.0,0.3766073704703323,1,0,10,7
318.1176667736841,75.80598958879354,4.231916793109965e-06,-0.38579440365875106,-0.37203075401507624,0.005003690719604492,0,1070,50.79264887520397,253.0,13.729318568685379,150,149,147,149
1215.0184544535048,252.6407180100267,3.655342413528533e-06,-0.3434388786146152,-0.3440582506205643,0.005998373031616211,0,2904,1242.5130237493454,621.0,348.5251290138365,141,149,134,149
243.43117714761522,72.99175949262035,3.4203423858636263e-06,0.02043600244052257,-0.3556808075716775,0.006000995635986328,0,1126,2601.1390893743746,312.0,713.802826085368,150,149,150,149
837.1850552039558,191.88407048176083,4.44949047318394e-06,0.45777523052984315,0.38901395881683554,0.00500035285949707,0,3452,4675.61328464471,740.0,1211.3602696389867,147,149,136,149
477.42357324359995,112.31191312234269,1.0971032547453966e-06,-17.97033636216036,-4.2139581846823475,0.0030007362365722656,131,3829,4390.167184374373,815.0,919.8089358834281,142,142,140,139
255.74512233248177,73.08404875122224,1.440461168746017e-06,0.6917577103135346,0.7130943269197423,0.002999544143676758,115,4225,4470.682183944622,885.0,925.0199466705826,128,129,123,125
450.47526262788165,91.7503301169995,3.296544845565871e-06,0.8488256523773962,0.8960817577500151,0.0039997100830078125,94,5062,5290.222646025608,1078.0,1094.3490661450342,118,113,110,109
581.1171593228147,112.43807755510035,5.424087848870615e-06,0.8845835882616295,0.9239659867396132,0.011997222900390625,87,6253,6675.927761743578,1338.0,1395.6817444432318,111,108,103,104
829.8471660292041,165.79868636065498,3.597917155977444e-06,0.747315506754425,0.8254830717452164,0.0050008296966552734,90,6438,7480.1870940470035,1345.0,1568.745263096911,113,111,112,107
554.3927881780551,103.7742150985475,6.758162900334988e-06,0.9347968695849068,0.9539882130726676,0.005000591278076172,79,6992,6976.547368458614,1456.0,1454.1135482396076,102,100,101,96
803.7041429124723,157.7237713519688,5.09874912762314e-06,0.8579158453178207,0.8976364605721461,0.0059986114501953125,83,7322,8172.310146134831,1558.0,1721.8721875233823,111,106,106,102
879.0503488902427,175.40367281632206,6.445453749110266e-06,0.8721660248853925,0.9012447683289226,0.004999637603759766,80,7930,8829.042896094306,1696.0,1861.5335177047555,106,102,104,99
1045.0979828147726,210.29163393330526,5.738904216776703e-06,0.8271257163039782,0.8671817301810578,0.006000041961669922,84,8406,9625.684705724236,1746.0,2045.7907785761236,108,105,105,102
744.905134547187,147.98832881247048,8.918814626960052e-06,0.9436108939454352,0.9539579071297934,0.005000114440917969,67,9196,9827.589724020925,1959.0,2079.2052591057636,92,90,91,86
1571.062454454782,329.867860094994,7.790552118455808e-06,0.8156934925664325,0.8368980552856959,0.0049991607666015625,76,10925,13070.605576978363,2334.0,2828.49386059465,101,97,99,94
1157.5750735037282,232.73410674059716,8.7587072324565e-06,0.9088962124172838,0.9219521538777152,0.004996538162231445,65,11191,12394.41523355262,2398.0,2655.8669801486194,90,87,87,84
1237.3653872802713,248.6602175133923,1.2870002354477345e-05,0.9198633884013964,0.9304505271932378,0.0059964656829833984,55,12371,13926.145981588263,2700.0,2998.9777235283946,82,77,75,74
1627.868001694959,334.6804191815096,1.22628218995744e-05,0.8832856647515532,0.8928854724559987,0.005999088287353516,53,13543,15650.091652054409,2981.0,3389.9086104259004,80,75,74,72
8.703425832386847,2.212095445033025,1.3115742848047005e-05,-1.377541081809193,-0.7186859525070914,0.0060007572174072266,0,29,10.0,8.0,0.22774990534718664,145,0,142,6
4.0875915909705425,1.0221238596700613,1.604664961721735e-05,-1.080184500179826,-0.44795968575420275,0.006001949310302734,0,10,10.0,4.0,0.2718406114608001,1,0,66,6
1.7684649852139995,0.576537915776899,3.096600654700815e-06,0.6187911646953492,0.041917503053520266,0.003998279571533203,0,10,10.0,2.0,0.28299177317562985,1,0,5,6
1.724361535285092,0.4670391953004201,3.820943732381146e-06,0.6967614239168629,0.01843475523911231,0.003001689910888672,0,10,10.0,1.0,0.29419436601291904,1,0,3,6
83.89767508857857,18.790552433442265,4.979626618599308e-06,-0.7409926086600351,-0.7168455856421097,0.00500178337097168,0,237,10.0,56.0,0.3167539191414612,148,0,148,6
80.87416037230584,18.57228258441192,4.788834706955596e-06,-0.5368710657520985,-0.5184351263474534,0.006000518798828125,0,279,10.0,65.0,0.5345979873598532,149,0,145,149
1.637001271804775,0.8818903321830927,1.1376436968647055e-05,0.5093690357302116,-0.7214401984955856,0.003000020980834961,0,10,10.0,2.0,0.3523664514898337,1,0,7,7
28.632996993052785,7.18235017324971,7.197135048472994e-06,-0.35269992166778286,-0.25303596266392137,0.0059947967529296875,0,105,10.877287030098383,26.0,2.84158209799668,149,149,147,149
691.1340145283582,153.72837071092198,9.59871120974574e-06,-0.5114764082684173,-0.5250709516402177,0.006000995635986328,0,1885,83.24704516181178,409.0,22.72790205765807,149,149,148,149
1.0401783071296262,0.5498075733657093,4.725840770237631e-06,0.7813095683429904,0.024876233128097502,0.0029981136322021484,0,10,10.0,2.0,0.42606173844329054,1,0,15,7
824.4147606974694,179.91812743076125,3.2801720677089576e-06,-0.16013639791204293,-0.11519588168111894,0.00500035285949707,0,2684,824.8147440048065,561.0,231.89383888706902,150,149,147,149
324.7814804268852,68.82067696209626,3.9202069218404026e-06,0.627310814253186,0.6940659413554859,0.004998445510864258,0,2152,1825.726550153666,474.0,508.28725416776774,150,149,149,149
611.8059374242922,139.4405331612399,1.2437204360450425e-06,-0.08925832627874719,0.26706615360248775,0.003998279571533203,111,4906,5834.717997865704,1049.0,1221.1449021608878,132,129,122,125
775.6551972722975,180.56007281997591,1.1904404378013816e-06,-0.9792753517471038,-0.7370754662705139,0.004000186920166016,113,4914,6113.822894711909,1033.0,1283.8979032304096,132,131,127,127
517.2809532695035,99.84927466338216,5.496634401729938e-06,0.9005252946247161,0.9337336675951414,0.004000186920166016,90,6157,6171.167187912591,1291.0,1285.2783381864092,112,110,112,106
415.39719273675655,79.31131881403591,6.336271645007875e-06,0.9475610386209022,0.9644185305239701,0.004000663757324219,83,6240,6165.919068823269,1355.0,1279.0628630256942,105,105,101,102
2044.6835256812813,488.5360713227785,1.8141651084909557e-06,-1.6819017318439835,-3.22894999097817,0.003998279571533203,110,7070,10135.258628627467,1496.0,2192.8531295056428,136,130,130,127
449.54817121231343,83.16732821047361,8.23233157864276e-06,0.963432933794918,0.9749423202390495,0.003999233245849609,79,7262,7071.429501632773,1551.0,1475.155263691885,104,100,99,96
492.5660017646605,97.04861471892953,9.512248485659061e-06,0.9624104205029337,0.9695306414834114,0.004003763198852539,71,7454,6932.233607808113,1597.0,1440.131440456158,95,92,89,89
2232.9277292568786,508.0223244502068,2.064419513973168e-06,-0.45303599653377113,-0.3217832172103987,0.004000425338745117,102,8440,11848.725861827375,1831.0,2579.1109730464705,128,122,124,118
739.8260484399009,142.891000110024,7.415223435487072e-06,0.9328912975893167,0.9507498944132357,0.004999876022338867,77,8714,9513.46230873818,1951.0,2015.0075065197552,101,99,99,96
717.0839394657246,142.77393175669621,9.23345136307515e-06,0.943261800820829,0.9544993018201421,0.003998279571533203,72,8726,9386.274501861613,1871.0,1978.232754159204,98,94,92,90
623.4034546087116,124.21435866940556,1.1725050405128875e-05,0.9633731473722498,0.9691961861702595,0.004001140594482422,66,9351,9557.752541214877,2035.0,2019.9685910400185,91,88,85,85
4.357061407713293,0.8595524815599737,3.617485624409557e-06,-1.4490788661746477,-2.4683985884985726,0.0039997100830078125,0,10,10.0,1.0,1.3669127877101648,1,0,2,12
1650.3593938383892,347.7983252494153,6.848157751603049e-06,0.7598282221170414,0.7872521770746146,0.005000114440917969,80,10451,12660.624205058068,2242.0,2728.2630677996094,105,102,102,99
1220.657535892758,250.53754840883727,9.645390487995444e-06,0.9014228219778238,0.9140252749310112,0.004000425338745117,62,11109,12641.078568226993,2454.0,2714.2996310388553,88,84,86,81
1695.348716962784,358.2699344690452,1.0703787070170405e-05,0.8208734382762779,0.8348712618660494,0.005003929138183594,71,11725,14052.445563859379,2562.0,3039.483347007348,98,93,93,89
1451.9161165576702,304.321763814391,9.846744488323866e-06,0.8970250453316395,0.9031971316652803,0.007008075714111328,63,12834,14860.891452855172,2707.0,3223.6162607699152,88,85,84,81
1834.5146956758429,379.40745340125744,1.1459663445323235e-05,0.8473511839462744,0.8603366049370481,0.005004405975341797,59,13452,15807.407154877119,2916.0,3438.3347230465533,85,81,82,78
23.28345182442427,5.225344192371415,1.185405653779829e-05,-1.1046101105641895,-0.9311433977111745,0.005999565124511719,0,55,10.0,15.0,0.21685562138929992,145,0,142,6
2.9044813293934557,0.7111187966345769,1.6317545938419217e-05,-1.7232072041705506,-0.6050252103057832,0.006003141403198242,0,10,10.0,2.0,0.2386955278131324,1,0,44,6
56.81507221003975,13.46258549146209,1.1480952825303514e-05,-1.0294652541576133,-0.9121632647961195,0.0049991607666015625,0,178,10.0,45.0,0.20601265740677754,150,0,149,6
164.85698587395026,38.16352984530443,5.318016334444779e-06,-0.5359243153782958,-0.5407131908541656,0.0049991607666015625,0,511,10.0,122.0,0.9430670995076644,149,0,146,149
559.1443858884337,127.52051304177257,6.26234454333585e-06,-0.42172827606910634,-0.43930462803560144,0.004998683929443359,0,1682,83.24704516181178,370.0,22.72790205765807,150,149,150,149
301.0650537967565,71.56016632218379,1.6844884665916896e-06,0.7464595868467236,0.8280360944785349,0.004000663757324219,111,4565,4744.272495166921,937.0,981.953231840424,127,126,125,123
803.1820524815162,176.5573896065655,1.1446542048976924e-06,-2.099440068015126,-2.982710818148519,0.003998756408691406,121,4812,5975.444513920107,1007.0,1260.0075280833662,139,137,133,134
355.8696034280486,72.20229940182487,3.87727090382096e-06,0.9093346529894519,0.938857524247971,0.004077911376953125,96,5031,4807.608530421552,1093.0,990.4704462785298,115,113,109,111
533.3679244815082,114.34132940348147,4.240602908891428e-06,0.8720681402362911,0.8998797666697343,0.003999948501586914,94,6116,6590.814071787689,1349.0,1376.856324833081,116,114,113,111
563.5206560756602,112.04659871496436,4.762596816613609e-06,0.8973361566570124,0.9279668822554905,0.003999948501586914,88,6377,6829.9272638406765,1374.0,1425.9222522659984,113,109,108,106
767.1895765396218,155.73940577195657,5.200435918616388e-06,0.7967264107807387,0.856895953558787,0.004000186920166016,90,6590,7356.968884306426,1427.0,1543.919673423682,114,111,110,108
613.7489362533745,116.5421775729593,8.106318612061217e-06,0.94782798693576,0.9618497278628745,0.0049991607666015625,73,8036,8249.767736765512,1738.0,1726.7719118649711,98,95,96,92
594.3361247834055,119.30154498337403,8.817404350943557e-06,0.9627395150185603,0.9688070852096559,0.004000425338745117,69,8939,9180.517094758894,1912.0,1932.3483572000032,95,91,88,87
3284.482396705682,733.0320749607756,3.1824049841603735e-06,-0.4194091846568204,-0.2697804666042556,0.004000186920166016,99,10883,15657.163247105249,2304.0,3475.3086981674533,125,119,121,116
1942.5829014612805,415.4742074329744,7.574917788076635e-06,0.7014942153322277,0.7394838961348313,0.003999948501586914,82,11038,14087.52920294792,2394.0,3062.792878957527,108,103,105,100
1116.2702406173012,230.30906008412393,1.1012898171437414e-05,0.9271552084572385,0.934344128175622,0.003997087478637695,63,11830,13109.171578720276,2513.0,2817.1088998892574,90,86,86,83
1320.9290292168969,266.7051324809119,9.34784224535381e-06,0.902910809137927,0.9168979905090167,0.004003047943115234,64,12207,13822.944525263229,2663.0,2983.1810867914337,90,86,86,83
27.943456441114016,6.071294208759579,1.500275895636699e-05,-0.8137577967080338,-0.805441378956016,0.005995035171508789,0,81,10.0,20.0,0.21685562138929992,150,0,150,6
15.646313446757935,3.70965961697374,1.117932739666795e-05,-2.154136649319492,-1.2211373106986136,0.005001544952392578,0,41,10.0,11.0,0.2386955278131324,150,0,149,6
24.294211079268063,5.737769525648782,1.1061078777515208e-05,-1.4252578071972088,-0.901662230698766,0.0050013065338134766,0,77,10.0,19.0,0.26074086234602967,146,0,144,6
51.473037646437724,11.557491010690708,6.607562535221122e-06,-1.2798849073762475,-1.151808977674964,0.00599980354309082,0,130,10.0,35.0,0.2718406114608001,150,0,149,6
171.89489492593313,39.49470863850011,6.0611393239448245e-06,-0.5649716024299103,-0.5626291861333799,0.0050008296966552734,0,531,10.0,120.0,0.3167539191414612,150,0,150,6
234.6412179249285,54.09287825770142,5.916946872849036e-06,-0.4280770742896247,-0.42108175336342235,0.005999326705932617,0,813,10.877287030098383,187.0,2.84158209799668,150,149,150,149
379.6937011408829,89.13513980336101,4.550563734766815e-06,-0.4370878471114046,-0.42654333889700546,0.004998445510864258,0,1255,30.685685605755985,309.0,8.205753032785918,150,149,150,149
648.9785806775916,146.1093181221253,5.232159989499663e-06,-0.4853704328658752,-0.5035090610425674,0.005000114440917969,0,1943,50.79264887520397,437.0,13.729318568685379,150,149,150,149
1122.2846723248701,238.4540038951694,5.068057609190824e-06,-0.6014732177742113,-0.6385249194826896,0.0069980621337890625,0,2546,216.6523429486594,543.0,60.16583211608955,146,149,141,149
1021.5657681114064,218.22558248763724,3.0855631473387827e-06,-0.22940201954605177,-0.20906745111678648,0.004997730255126953,0,2805,824.8147440048065,602.0,231.89383888706902,149,149,137,149
1114.7472237662264,231.19184127693683,2.9506344258215284e-06,0.09739492660119742,0.13045030621126164,0.004999399185180664,0,3425,2601.1390893743746,722.0,713.802826085368,146,149,139,149
98.64993579853208,30.14577215452367,9.121858956695163e-07,0.7131195706742939,0.8705687853456607,0.004998922348022461,128,3771,3849.6594339253184,812.0,794.1597283141691,137,137,133,134
446.3349890144497,88.02888053381692,5.548354121266131e-06,0.9177293441714812,0.9424990181911884,0.004000186920166016,88,5565,5172.641992113631,1161.0,1068.4680120049406,111,107,110,104
560.8033965266924,117.0510446548698,3.150361959840657e-06,0.7891176103416044,0.8647215269955534,0.004000186920166016,99,5751,6369.386313635275,1260.0,1328.5186549983036,120,118,116,115
435.7269510159301,79.3952246824105,5.747681164014171e-06,0.9469993274214594,0.9670636865553922,0.004999399185180664,85,6401,6087.081677650403,1369.0,1263.4093615296206,107,106,104,102
533.5948114743217,101.93013607184098,8.631086256056684e-06,0.9386727958546868,0.9556218954396299,0.004999399185180664,76,6657,6176.969210999938,1399.0,1278.343323509378,98,96,96,94
533.7882454233093,102.90652447936793,6.7563941609591185e-06,0.9443573024835298,0.960064991720843,0.00500035285949707,80,7255,7458.369615338224,1546.0,1557.643018713763,103,102,103,98
605.4766593635684,110.57710079304164,8.46580650209362e-06,0.9398736136560972,0.9601482473824896,0.003998994827270508,77,7560,7714.427334845655,1597.0,1615.717387630366,102,98,97,94
834.8187108997821,167.62106917511667,6.839017661837314e-06,0.8936598180537179,0.9159572902864236,0.004999399185180664,82,8271,9188.938775090579,1753.0,1939.2965006746917,106,104,104,101
1164.89430768603,242.3010012782436,7.027263548111834e-06,0.8301718751378403,0.8601589150001883,0.004999637603759766,82,8885,10577.233025775337,1927.0,2255.334255009603,107,103,102,100
574.2394459687017,108.36081717976644,1.3694908868442332e-05,0.9692062803429518,0.9771178144931958,0.003999948501586914,67,9458,9389.825698168754,2028.0,1981.178692966938,90,89,88,85
872.15509679705,167.32454075549077,9.727095598045744e-06,0.9373579061175543,0.9525142419405662,0.004998445510864258,71,10118,10855.36712122603,2170.0,2308.5861429954457,96,93,94,90
767.4499667280386,144.36566867882559,1.3247106552151097e-05,0.9630211584264182,0.9719390322199929,0.004998922348022461,59,11336,11605.937411706822,2420.0,2473.4546408515507,85,80,79,77
1922.263729354431,413.03561401588297,8.218191793937916e-06,0.7429675416006754,0.7643803548345955,0.0049974918365478516,79,11404,14372.384068344081,2481.0,3123.970190972532,103,100,99,97
1477.7511162618273,304.23402581979525,1.4345944597436263e-05,0.8931991532086937,0.9043781417123211,0.004998207092285156,62,13069,14874.459033012557,2871.0,3221.663501433295,88,84,84,81
1861.5090682013993,389.93402653185603,1.3470598308782563e-05,0.8368888947653246,0.8515710680278763,0.0050008296966552734,70,13290,16125.855081136151,2943.0,3519.428530613808,94,91,91,88
1319.8659938000621,265.64387492705066,1.483731523705231e-05,0.9218027513971964,0.9319332885260116,0.003998517990112305,53,13679,14949.755390572021,3001.0,3228.6173968578823,81,76,76,72
1.0868275785769135,0.37581585624874325,9.738517664576116e-06,0.7951020607042799,-0.08496123952490686,0.003054380416870117,0,10,10.0,1.0,0.22774990534718664,1,0,12,6
0.7539092915288975,0.5445442033588014,4.087329963394558e-06,0.9194920859206483,-0.025141003394635764,0.0030002593994140625,0,10,10.0,2.0,0.2386955278131324,1,0,3,6
48.792740908597736,11.824992831488197,1.4781976488711955e-05,-0.5368179649482743,-0.5078126300660137,0.006001472473144531,0,177,10.0,45.0,0.26074086234602967,150,0,149,6
0.8377052398247182,0.49911319666566456,7.667087024860374e-06,0.8626023328019345,-0.019868900678406742,0.0029942989349365234,0,10,10.0,2.0,0.36445147384854404,1,0,8,7
393.0507102447757,89.61234084961994,4.505527762452021e-06,-0.5009500882090343,-0.507158332798429,0.0050008296966552734,0,1257,18.35881898768442,282.0,4.85380949715843,150,149,148,149
769.3103439936455,168.73719909274004,3.471983048944901e-06,-0.5113540771832292,-0.5430713192436607,0.004995822906494141,0,2117,50.79264887520397,463.0,13.729318568685379,150,149,150,149
39.735768731133405,22.933800747254633,7.653261217019887e-07,0.8192700738477046,0.6528151548640632,0.004003286361694336,139,3638,3599.0670770922497,761.0,761.0,141,142,140,139
192.7284341158669,58.70121304914598,1.5969548697912639e-06,0.5677527323573703,0.6066380162421781,0.004002094268798828,122,3754,3735.3228575285452,778.0,766.7866492391877,133,132,124,128
264.479570320514,63.84473822689464,1.6982420570462832e-06,0.3531285044154674,0.6806952089952305,0.0029990673065185547,119,3714,3904.0236172932,794.0,803.3741644102902,135,129,120,125
50.73708761384881,33.959534033185285,2.1440416670403584e-06,0.614901955789064,-3.292493616939466,0.003000497817993164,147,3547,3634.437498698248,819.0,876.9974986982475,150,149,150,149
705.5743541327184,186.94484214184575,1.5769588649390785e-06,-3.3883347679542926,-17.239158778733767,0.003056764602661133,133,4561,5511.46450749578,963.0,1162.4855578781335,150,147,145,144
1110.2326730403167,244.28158624112447,1.504820668529411e-06,-3.5330512520720765,-8.338360499445646,0.002995014190673828,122,4910,6580.527024698613,1012.0,1395.595956777558,143,139,134,136
502.96839317908547,117.97225277001978,1.9834399203497944e-06,0.5941912709088382,0.6908533871034485,0.003991603851318359,109,5313,5968.453647670063,1112.0,1248.9111648179141,132,127,125,123
484.80425893846535,96.5707470740277,7.305176600769119e-06,0.9210654953195114,0.9417164929367458,0.00500035285949707,84,5827,5465.671252324133,1239.0,1127.1105621977108,107,104,103,100
466.92526732761127,91.24607576732988,5.482886027560068e-06,0.9306330705501378,0.9538935260682135,0.003000497817993164,90,6495,6601.188411418487,1415.0,1377.5048005112621,113,110,108,106
599.2165732945024,112.34308246740616,7.82212709315785e-06,0.9418913292791108,0.9604480605898003,0.004999637603759766,80,7643,8125.617140450442,1637.0,1704.5802198079637,107,102,99,98
517.4048898734817,100.47078168680017,7.661924857805772e-06,0.9671116221716286,0.9752219086757659,0.004002571105957031,76,8656,8862.585213350738,1841.0,1870.459519558185,101,98,98,94
483.0925694873161,97.0913539126095,1.2852489831189566e-05,0.974815581894906,0.9788783777522239,0.00400090217590332,71,8802,8671.266871166654,1836.0,1821.5111937170132,96,93,91,90
674.0390827656971,126.50069362735823,1.2174380948214592e-05,0.9489230698613822,0.9633349109512552,0.004998922348022461,71,8859,9151.825972339833,1875.0,1929.48020751255,97,93,95,90
662.4483813895611,122.81641864749929,1.1236937163872593e-05,0.9618582714889273,0.9717598985596525,0.006000995635986328,63,9703,9568.674359075145,2082.0,2019.1604315420573,87,85,83,81
806.7832945163499,152.45543753561654,1.2294866755287919e-05,0.9480120622090342,0.9614651663081066,0.0060002803802490234,69,10187,11056.223849648395,2203.0,2351.2547965588537,94,91,90,88
1594.842180254759,337.54660776194874,8.334018436904683e-06,0.8189102052135243,0.837044440287432,0.004998207092285156,79,11288,13581.203768737243,2398.0,2939.288454783824,105,100,98,97
1978.8715588724795,422.3533795255629,8.27384571925502e-06,0.7248838632852105,0.7511738926391633,0.004000663757324219,81,11591,14472.248251945572,2465.0,3150.484802135692,109,103,104,100
1216.9183565147057,243.24293662300298,1.1692694159605032e-05,0.9099154528968822,0.9244486004952577,0.004997968673706055,67,11620,13166.734800450253,2498.0,2836.069148512377,93,89,89,86
1880.053802765804,391.75708128040674,1.0380896368063583e-05,0.7771623429296042,0.805332785296338,0.005000591278076172,77,11758,14650.133163526034,2522.0,3188.5898373453274,103,98,97,95
1248.7369380640962,260.2166012441663,1.724857277825093e-05,0.9189820692213,0.9256670583724704,0.0039997100830078125,66,12689,14141.832916009176,2746.0,3055.7372244701946,91,88,87,84
3069.4513095142634,668.5467725859178,6.195035320035259e-06,0.46140509503529004,0.5097677253319948,0.004000425338745117,85,13132,17853.638756181383,2866.0,3970.910956003976,112,106,108,103
1201.1083427011417,237.04854684855417,1.6582019565299716e-05,0.9379602330067508,0.9477047877551654,0.0050013065338134766,55,13784,15071.93935690596,3003.0,3257.625338635833,81,76,76,73
1432.6890927718878,289.8991675600921,1.884912971715397e-05,0.9125276711234797,0.9245739741372527,0.00500178337097168,59,13891,15690.1243239022,3069.0,3409.5050824127848,83,80,82,77
1631.4330733081292,333.988020540002,1.263926219017605e-05,0.893373556774287,0.9038911164451657,0.0040018558502197266,56,14605,16341.450251447088,3106.0,3565.442468638459,83,78,79,75
1994.9121389424515,420.10997042040844,1.0724466865798446e-05,0.8483591917892368,0.8597858446958125,0.003999471664428711,65,14735,17502.639886107772,3229.0,3844.1916147387565,91,86,87,83
4.948521670066955,1.3794706398830328,1.640608942077165e-05,-3.652539591980161,-0.9300456654225722,0.004999876022338867,0,10,10.0,4.0,0.21685562138929992,1,0,51,6
1.8228540935789121,0.5777122671378541,6.497785587291261e-06,0.43871671512206123,-0.1214766922095405,0.004000186920166016,0,10,10.0,2.0,0.24969250730176595,1,0,22,6
1.2336419421219431,0.32150966773751505,1.1418696833700957e-05,0.8177128757850582,-0.04660572279295905,0.004000425338745117,0,10,10.0,1.0,0.20601265740677754,1,0,10,6
200.9256735068258,47.47970539405828,7.235840101592945e-06,-0.4750432090290766,-0.4630383777799769,0.005005836486816406,0,678,10.0,170.0,0.3167539191414612,150,0,150,6
703.3184406111458,154.79306883118755,4.7626381416035695e-06,-0.5841312478352925,-0.6147279889705684,0.004999399185180664,0,1895,18.35881898768442,404.0,4.85380949715843,150,149,148,149
1102.2194769632893,234.09108114664826,3.5286535609124394e-06,-0.5663433340228086,-0.5922643837409589,0.004999399185180664,0,2546,343.36340817807627,558.0,95.9678576897175,145,149,134,149
749.8356773622966,169.3231869094009,3.7862737147891296e-06,-0.1360659314506023,-0.10383583350875902,0.0049974918365478516,0,2575,536.60901376409,626.0,150.63328462573668,150,149,149,149
262.63100059616414,71.86808156103814,2.0181826644935706e-06,0.05884808072556158,0.4110584517630419,0.0029990673065185547,125,3711,3662.239810158998,814.0,814.0,134,132,126,125
614.4256768076041,145.6214786909889,1.2765969908981496e-06,-8.636012949143943,-31.68548304595842,0.0039997100830078125,132,4056,4883.5030190077405,863.0,1020.2436185204542,146,145,143,141
318.66507081773324,74.829503992362,3.846243091853118e-06,0.901532000568422,0.9170094131954653,0.003961086273193359,101,4998,4943.799225464918,1069.0,1021.2065583895464,120,118,116,115
558.8545151331853,112.44638970793304,8.040578431403884e-06,0.8586781364254454,0.8949830680486067,0.00400090217590332,89,5253,4570.078194436009,1125.0,938.7666738977246,110,105,104,102
606.7312741485079,135.9036143626312,8.249632995235404e-06,0.8707137785164092,0.878708008432683,0.004001140594482422,84,5613,4474.852410162341,1224.0,917.6252472672068,105,101,98,96
664.342000681142,137.67482026042322,8.468620868322673e-06,0.8832601865415872,0.9010975839643537,0.003993988037109375,78,5924,4883.603960657421,1268.0,1004.3163452608233,100,97,94,94
494.5392683930771,91.68034425395606,5.9578502666548776e-06,0.9089759216146267,0.9456367564335709,0.003999948501586914,89,6107,5948.836444071108,1314.0,1235.848686793648,110,109,109,106
594.9346118192602,120.06798375988664,1.0484644010825072e-05,0.9462223752980117,0.954369335905188,0.004000663757324219,69,7475,6530.160589607018,1571.0,1354.4904904502664,93,91,93,87
744.6088985986861,146.79735291423432,6.938084877085164e-06,0.9026930711056871,0.9294979373748024,0.0039997100830078125,85,8000,8748.10499143231,1775.0,1850.5193943092336,110,107,105,104
753.8869649036467,149.96100724531362,1.0121789735078407e-05,0.9263680765405469,0.9426873078791977,0.003999948501586914,77,8563,9249.819642558954,1822.0,1956.9309604735454,101,99,98,96
763.6552422876249,148.7320851423724,1.3391310323187441e-05,0.9535636544213835,0.9629224052093845,0.003997087478637695,67,10053,10473.435819149428,2141.0,2224.0928657657178,94,88,89,85
689.8726506377611,134.81588805971828,1.593716334541357e-05,0.9635844891330763,0.9707026849432855,0.003999948501586914,65,10360,10650.083051479336,2239.0,2261.5102819917074,90,87,87,84
665.1227060439643,124.94624059211499,1.3206548364089736e-05,0.969985558174552,0.9774804361703016,0.005002021789550781,61,10918,11120.806125414467,2325.0,2367.0250089634283,87,83,83,80
947.702746372499,179.85801544327248,1.2696556299081619e-05,0.9461765963255885,0.9590267083458357,0.004999399185180664,66,11782,12572.503260922425,2514.0,2695.466419446562,92,88,88,85
882.9130465356228,178.3637959980073,1.3452199024883484e-05,0.9570483598087065,0.9626078508514037,0.00400090217590332,61,12274,12984.981459247138,2650.0,2786.954087247297,86,83,83,80
977.0711109367571,193.69088432107517,1.190066318435705e-05,0.9504706510834025,0.9589324538713786,0.00400090217590332,61,12479,13581.677416573395,2743.0,2922.599580194101,85,83,83,80
1629.81890239133,332.58925947192466,1.0434265972738756e-05,0.8683690634862667,0.8883267445276246,0.003997802734375,69,13010,15307.529917353206,2813.0,3324.8490935611626,96,91,93,88
1269.1080637319787,260.93098412246303,1.268090603390364e-05,0.9266676221896364,0.9338036476260548,0.004991292953491211,62,13531,14900.903028722154,2919.0,3229.5272018665673,88,84,83,81
1415.398647797231,290.9222185008918,1.91561214589509e-05,0.9195865156673876,0.9272693476477569,0.0050008296966552734,58,14492,16115.967962023078,3051.0,3508.0566854607696,84,80,80,77
1509.6059016074007,305.91043557811594,1.734489322442666e-05,0.9122648133046353,0.9238312909791703,0.003999233245849609,59,14530,16632.490238602153,3159.0,3627.443182854913,85,81,81,77
1067.1936685543205,211.40883547640013,2.6750768265990474e-05,0.9577866541023431,0.9642560622801892,0.003999948501586914,48,14977,16193.224155941807,3338.0,3516.723491970768,73,70,70,67
16.080583119792095,4.036901308517606,1.3723478014279144e-05,-1.0507144174830247,-0.6457489853276537,0.005999326705932617,0,48,10.0,13.0,0.21685562138929992,143,0,139,6
1.7792933028578761,0.3966700191765337,3.844356043453241e-06,0.565694913113842,0.06545356344702213,0.004000663757324219,0,10,10.0,1.0,0.26074086234602967,1,0,2,6
92.13085385130253,21.567230441166718,6.652410405831978e-06,-0.6632004866982539,-0.6348628183867393,0.004999637603759766,0,281,10.0,73.0,0.29419436601291904,150,0,150,6
374.770472977654,83.97148235248358,6.020913607848486e-06,-0.5829442040708532,-0.6113086383149127,0.005005359649658203,0,1163,10.0,253.0,0.3167539191414612,150,0,150,6
272.2265667977111,61.74240168799631,4.652452716579877e-06,-0.5745434146737207,-0.569959529960651,0.004999637603759766,0,852,10.0,201.0,0.9430670995076644,150,0,150,149
721.4765101906664,154.4547936016949,3.978530588281638e-06,-0.7189711531816525,-0.7622786131676762,0.005001544952392578,0,1707,10.0,371.0,1.6453495025043763,149,0,148,149
987.099239076558,213.4934447452925,4.696571069318123e-06,-0.5295863258943312,-0.5714119977286465,0.005997896194458008,0,2434,83.24704516181178,513.0,22.72790205765807,148,149,142,149
392.9200596168357,91.80912227772453,4.512235208399885e-06,-0.15734870947241886,-0.1315957680897728,0.005000114440917969,0,1458,216.6523429486594,348.0,60.16583211608955,150,149,150,149
1375.1109274315995,282.5489744622917,3.2918927442998286e-06,-0.8004588442850025,-0.8582559950243187,0.004982471466064453,0,2776,343.36340817807627,607.0,95.9678576897175,125,149,125,149
1010.2391218648609,217.60794417844392,2.982242748361603e-06,-0.14634634642210909,-0.11588980461360787,0.011000633239746094,0,3211,824.8147440048065,680.0,231.89383888706902,150,149,145,149
1356.1096729847118,281.8166459410294,2.6794465755241057e-06,-0.2802933107849539,-0.273822401249044,0.00599980354309082,0,3291,1242.5130237493454,715.0,348.5251290138365,139,149,132,149
68.00539691222279,22.015513099139845,3.892481626933985e-07,-1.330533513330895,0.572065568008054,0.007943153381347656,140,3574,3644.5739776430582,788.0,788.0,145,146,141,140
256.6402684009348,77.16622369446235,1.2296956780076668e-06,-0.6817537783344612,-0.36497670727998366,0.004997730255126953,124,3945,4352.727835452752,857.0,903.4810569862057,139,137,135,132
364.09050881688296,76.36768962705439,3.2114798633470124e-06,0.7424593895287558,0.8415904025129983,0.0039997100830078125,107,4507,4341.010454180823,941.0,893.1587581430213,125,123,119,119
613.8918233586455,125.28402738513891,6.439871184826248e-06,0.7436072298790536,0.825554684450589,0.0049991607666015625,94,4726,4111.806490567458,1002.0,843.4111547762495,112,108,108,104
658.328118066115,126.91615259918115,8.178522474469571e-06,0.8315581993466963,0.8817118748817191,0.0049991607666015625,88,5358,4459.5472268669355,1137.0,913.6179027835797,109,103,100,99
644.8924926145103,132.1922921323908,8.753826856200185e-06,0.8805675022465586,0.9021378777877792,0.005000114440917969,80,5771,4852.782668895626,1216.0,999.5275653483159,100,98,98,94
596.5354349738908,125.82389128339872,1.1374122650604816e-05,0.9208258784667048,0.9301346885142983,0.004999637603759766,76,6583,5463.834177227123,1416.0,1128.0769760545759,98,97,96,94
564.4851567985152,119.38460554165486,1.0504074572124161e-05,0.9366216764921553,0.9433722312074266,0.007001161575317383,75,6822,5926.69262618302,1451.0,1222.606420029762,99,96,95,92
958.0659078056883,193.99006587095394,6.2667822672683375e-06,0.7919808279256884,0.8467890025786824,0.0049974918365478516,88,7454,8341.681671460003,1577.0,1758.0507461323068,113,108,109,104
1959.1973401884409,428.88031283468985,2.29915548273643e-06,-0.1975425804948785,0.0037387847969786447,0.005000591278076172,102,8150,11033.811736715892,1781.0,2386.4266155444766,126,122,119,118
714.8767090170883,139.45998287309726,1.2030971468698537e-05,0.9503433552460825,0.9607269493766507,0.00500035285949707,70,9276,9502.019390634847,2001.0,2003.3832642449506,97,92,93,89
797.2411147850592,159.30145009490693,8.626498984617699e-06,0.9425990955785951,0.9535139669415702,0.004998683929443359,76,9846,10690.376579730106,2094.0,2277.4066506467125,101,98,99,95
724.8793590687337,136.21107684139818,1.183044636299786e-05,0.9661779237675834,0.974867643576302,0.0050008296966552734,62,11065,11413.515100495204,2482.0,2431.124981912206,87,84,83,81
1631.0127370934129,336.28405857647886,8.355467216632445e-06,0.8233792640307818,0.8524998491429207,0.004996776580810547,78,11583,13966.06139916695,2492.0,3035.514195627282,104,99,99,96
1179.2051794039492,240.85749258308746,1.2694668821008827e-05,0.9242161774710196,0.9356170685309496,0.004999637603759766,70,12379,14164.107012701284,2717.0,3061.701094669379,95,92,90,88
1011.347179166001,198.16096340289062,1.5760569587926383e-05,0.9511090165882614,0.9601926749683296,0.005999565124511719,57,12998,14046.540210494995,2828.0,3035.0109699054574,81,79,79,75
1147.827369077364,222.9417496113273,1.8038316142910152e-05,0.9452194703044262,0.9554687804832164,0.004001140594482422,61,13927,15250.017562243802,3075.0,3307.281307796353,87,83,82,80
1310.633791947268,267.208479854279,1.3213511934459756e-05,0.927551481530543,0.9350784777305328,0.005000591278076172,55,13957,15491.068005752859,3023.0,3361.143258133643,81,77,78,74
2586.270718740517,554.8941559021525,8.364150120119831e-06,0.7291272764011445,0.7483533783987091,0.004999399185180664,74,14480,18433.505708265922,3165.0,4068.565002409372,100,95,96,92
1749.4759832375066,376.5229194164587,1.6283887503035106e-05,0.8821570788239452,0.8859814482039269,0.0039997100830078125,62,14652,17313.960993276574,3244.0,3794.965490310795,88,84,83,81
280.06943879326997,63.668494722211406,7.116833215307834e-06,-0.6359156905224217,-0.6553759300141362,0.0060007572174072266,0,813,10.0,188.0,0.30544840849155475,150,0,150,6
296.8070719088885,67.40158880467187,4.441121048775586e-06,-0.48871357125818515,-0.5170978444712411,0.005000591278076172,0,894,10.0,208.0,0.3167539191414612,148,0,146,6
447.941772304458,99.9477151168587,4.960648465671634e-06,-0.5965186401779743,-0.611342673017103,0.006000518798828125,0,1231,10.0,276.0,0.9430670995076644,150,0,149,149
740.6235491197355,167.38379156891003,3.396193840462058e-06,-0.4288033943077685,-0.4471602335984286,0.0060002803802490234,0,2223,135.04021954898428,477.0,37.20509852358779,150,149,148,149
1349.3315269200905,276.32645255616995,3.827469866272407e-06,-0.9324504001524598,-0.9958739333242179,0.006000518798828125,0,2625,216.6523429486594,566.0,60.16583211608955,124,149,121,149
509.6109976132334,111.14587010750753,5.788220625921497e-06,0.3227777080525486,0.39665003982241787,0.006000041961669922,0,2432,1242.5130237493454,565.0,348.5251290138365,150,149,150,149
249.0795706981479,66.55115220435765,7.517600006419751e-07,-0.976009471667193,-2.0073527543197827,0.003998994827270508,131,3880,4192.500022206128,865.0,876.2177147875404,141,143,141,139
1.7232302096727021,0.6527426099457523,2.843714742157675e-06,0.724590877990956,-0.11472564928753837,0.003999948501586914,0,10,10.0,2.0,0.5925877460731408,1,0,11,11
541.9028376050093,127.58308248279664,1.4833188423192347e-06,0.40437224434142904,0.5197063315763779,0.004999876022338867,111,5264,6048.800145381314,1117.0,1267.1043861295557,130,129,127,125
550.3695529360078,104.24741102396001,4.447429915424208e-06,0.8219536283690303,0.899861729157496,0.003998756408691406,97,5838,5960.291031641748,1240.0,1240.1007185367507,119,116,114,112
638.2968953183207,142.2351298941306,3.2201294285359456e-06,0.7619481568381725,0.8151658242053813,0.004002809524536133,102,6443,7093.12626230354,1378.0,1493.8775399657707,123,121,121,118
592.854354540353,120.97510407407528,1.0232140278152392e-05,0.9264438238525119,0.9376403502683096,0.003997802734375,76,6535,5594.060871101572,1386.0,1151.9418243336913,99,96,93,93
483.4311313511317,94.25235374923696,9.125732869726367e-06,0.9582753716374136,0.968744239933478,0.003999948501586914,78,7316,6875.967795566742,1525.0,1432.4755091616844,105,100,100,97
492.2918015813644,101.68664165354431,1.4126565810042404e-05,0.9594836988773698,0.9655334099527494,0.004999637603759766,75,7301,6785.1456356682265,1580.0,1409.6264800379258,97,96,95,94
510.6981893294395,102.69100497950029,1.1971220549337085e-05,0.9665116575390423,0.9724851213932199,0.00400090217590332,72,8269,7745.244979881203,1814.0,1616.9497805990632,99,95,93,91
631.6252149013848,122.84185662605523,1.7376893243176478e-05,0.9713368627336212,0.9768586436791651,0.003998756408691406,63,10505,10568.972644775135,2293.0,2243.261602441332,89,85,84,81
803.9077184469545,155.4236025393627,2.225365012376609e-05,0.9595726834200294,0.9681581823326658,0.004000186920166016,60,11347,11903.504397168204,2531.0,2541.6512493781156,84,82,82,79
1085.9665521484808,210.28015724660014,1.5475603946466653e-05,0.9293672024812967,0.9458214669849432,0.01199960708618164,64,11750,12879.929494109674,2579.0,2768.913264802035,92,86,87,83
1980.8363686015628,422.88545240677917,8.418608078794062e-06,0.7806959854560152,0.7976145473099189,0.005000114440917969,77,12525,15340.330705450293,2739.0,3347.209318117928,102,98,101,95
945.048637262061,190.89556866943602,1.5886486319607547e-05,0.9567569063108676,0.9627450421870385,0.005000591278076172,61,12960,14048.991841295512,2911.0,3031.618108278981,85,83,82,80
1212.1128194460387,243.2608107877947,1.4839764027385108e-05,0.9312531136297189,0.9417628583444942,0.0060002803802490234,61,13123,14448.966955760707,2859.0,3119.990722207549,86,83,83,79
1041.7081604078733,211.31860792853027,1.5590208572687192e-05,0.9519244955996515,0.9582726708163487,0.005002737045288086,57,13555,14922.212288916753,2918.0,3235.2130721401627,83,79,78,76
1162.0887520022507,229.52497552142395,2.2417286039697474e-05,0.9487252645860804,0.9567021459125505,0.004997968673706055,52,14782,15999.531996277203,3229.0,3481.3172997029214,76,74,73,70
1.6610574141044288,0.3238147292787622,2.328115363316099e-06,0.791132663206491,-0.06166678634101519,0.003999233245849609,0,10,10.0,1.0,0.22774990534718664,1,0,3,6
57.93061879746746,13.601669385101266,9.73092922433094e-06,-0.8380209039741178,-0.7007445984852574,0.006003379821777344,0,148,10.0,39.0,0.26074086234602967,149,0,145,6
223.24567398151987,51.569614489805645,6.663002158301354e-06,-0.498767561159815,-0.49307453217955155,0.006998777389526367,0,728,10.0,175.0,0.5345979873598532,149,0,147,149
1.0015285058573073,0.55884276422049,4.49296383295371e-06,0.855622979770454,0.04639622863634152,0.00400090217590332,0,10,10.0,2.0,0.36445147384854404,1,0,4,7
878.3193554859429,195.12297381400109,3.7464917077727652e-06,-0.3743170681757466,-0.37838360535256377,0.005001068115234375,0,2598,216.6523429486594,564.0,60.16583211608955,150,149,149,149
1148.1442288033331,246.83391302949198,2.6542289595340967e-06,-0.2457411345818057,-0.22597819425672916,0.0050008296966552734,0,3189,824.8147440048065,703.0,231.89383888706902,150,149,144,149
68.03326492965635,42.089588739085315,1.123157092238745e-06,0.26959849249659007,-1.9997518968865777,0.0030007362365722656,145,3684,3806.065769499469,800.0,835.3907254178748,150,149,149,149
601.534978748441,119.36052637661749,5.353338756425434e-06,0.5482334588275797,0.7047343457989597,0.00299835205078125,105,4163,3744.103145671583,854.0,807.0,116,111,112,106
512.0964526449301,98.07567830399401,5.031373969949166e-06,0.7679936107543798,0.8711530983144399,0.0039980411529541016,100,4908,4332.20282228159,1027.0,890.3802469382317,117,115,109,111
1.470316909831985,0.46843094949686587,2.547599368325629e-06,0.6598516374468375,0.11837143302731357,0.003000020980834961,0,10,10.0,1.0,0.6496846409959987,1,0,4,12
614.1749303236553,151.71659252659484,1.7962276983560411e-06,-0.00287043135304188,0.17023121984354428,0.0029964447021484375,112,5216,6063.393653743477,1115.0,1269.7495980456115,130,129,128,125
528.095529709294,103.49267056733109,7.148373851406176e-06,0.8878256442717871,0.9212879929489654,0.003999471664428711,90,5560,4918.265581692252,1179.0,1014.7099957917803,112,108,107,104
655.7566742552303,136.38613710127427,1.215688622579089e-05,0.8728544859174843,0.8921568453216916,0.004003047943115234,80,5738,4769.327618908715,1230.0,980.99693761362,104,98,99,94
680.3994823587198,133.92931966784775,1.1223330120949439e-05,0.8994663396794081,0.9206267114285105,0.003995418548583984,79,6508,5330.496379995246,1368.0,1099.2516889118465,102,99,95,96
543.5597978742484,107.04798893355736,8.370309365390057e-06,0.927167223979229,0.9456898283140917,0.0039997100830078125,83,6503,5792.675722771959,1346.0,1197.598856069057,106,103,102,99
566.8481024489857,111.98917525557835,6.251096069512515e-06,0.9231964713105657,0.9467620814225395,0.003999233245849609,90,7221,7537.735454355404,1530.0,1581.8282707158378,112,110,107,107
556.0662255625986,106.04953108182727,1.1785914036564866e-05,0.9564292903955831,0.9673288570274708,0.004000663757324219,74,7807,7045.071995404602,1623.0,1464.377209111386,99,96,91,92
473.0959492764207,92.94719929871869,1.6168271227634023e-05,0.9817011725386571,0.9852902053865302,0.003998279571533203,68,9999,9611.619815438018,2166.0,2028.521465768631,92,90,90,86
610.4638155662115,118.14132208800999,2.1107035812526616e-05,0.9731944110334404,0.9791044864063609,0.004000425338745117,62,10625,10512.666698610758,2343.0,2232.674641913218,88,84,82,81
738.1292403931791,142.3990098631258,1.4276151623472782e-05,0.9643597416308634,0.9719906630214533,0.005000591278076172,62,11021,11636.365033037386,2425.0,2486.5771875291375,89,85,83,81
851.5628850355059,168.46846482391427,1.1961632543301107e-05,0.9603909233418969,0.9674536507448387,0.004999876022338867,62,12125,12763.863878779477,2671.0,2740.734910213754,87,84,84,81
1155.236725492188,225.1397380190786,1.5982256878162154e-05,0.9295069252551724,0.9450473807853245,0.0050013065338134766,67,12520,13855.494861185447,2756.0,2991.9561868540877,92,89,89,85
981.835132201995,186.92429308694142,1.9128057252862184e-05,0.9539053708616216,0.9641725097779676,0.00500035285949707,58,13012,13792.031161414156,2824.0,2971.0692110392883,86,81,80,77
1.1042153958796845,0.406501534798219,1.0589639947790763e-05,0.7238254089946159,-0.0018974181994233508,0.004002571105957031,0,10,10.0,1.0,0.21685562138929992,1,0,3,6
2.1384913871443936,0.685236399290908,2.2734921632688193e-05,0.39125903611594337,-0.3242746966535457,0.004000186920166016,0,10,10.0,2.0,0.22774990534718664,1,0,7,6
92.93088367175743,22.335186206129908,8.7288843243666e-06,-0.7593143420086816,-0.6743230784960026,0.004997968673706055,0,309,10.0,84.0,0.2386955278131324,150,0,150,6
60.640712387055046,14.351486910886825,9.544041430279357e-06,-1.023071166987331,-0.8996886904322339,0.005001544952392578,0,188,10.0,54.0,0.26074086234602967,150,0,150,6
0.8814009424270813,0.39014026378228844,3.0026373602040514e-06,0.8993115122148312,0.04869109109929026,0.002997875213623047,0,10,10.0,1.0,0.28299177317562985,1,0,3,6
20.55244419236411,4.84665081313556,1.2475566070103069e-05,-1.1688383768753408,-0.8608416243306778,0.004999876022338867,0,57,10.0,15.0,0.20601265740677754,150,0,148,6
257.14358393156675,58.60969312745581,8.814804152392081e-06,-0.5306357562914994,-0.5202074070580529,0.004998207092285156,0,737,10.0,198.0,0.5345979873598532,149,0,148,149
418.3137126157079,96.09346889129223,9.400408933850449e-06,-0.4818185958351837,-0.4974824576250485,0.005003690719604492,0,1309,10.0,290.0,0.9430670995076644,150,0,148,149
310.7959983145089,72.45379754691133,4.9026689843195565e-06,-0.4388044227150958,-0.45058859033206544,0.004998445510864258,0,1034,10.877287030098383,240.0,2.84158209799668,150,149,150,149
675.9741803842186,150.63312986812616,6.391357628661655e-06,-0.48207290667065106,-0.5000870077454562,0.004999637603759766,0,1928,18.35881898768442,427.0,4.85380949715843,150,149,148,149
0.9244257683026681,0.36167786456285383,2.6860509202076648e-06,0.8788808344894834,0.0,0.004999637603759766,0,10,10.0,0.0,0.4135733568685813,1,0,1,7
825.8372922974971,186.29829696669063,3.7673872595010807e-06,-0.38480557209234045,-0.3966976029881122,0.006000041961669922,0,2426,135.04021954898428,558.0,37.20509852358779,150,149,147,149
1633.0079226569237,333.6307471130052,3.6538322363916622e-06,-0.6929792864908533,-0.7384923387772624,0.007000446319580078,0,3409,1242.5130237493454,708.0,348.5251290138365,119,149,112,149
686.6367015313583,139.89142440728375,5.5756912356594985e-06,0.06947492919389864,0.37558473802257897,0.0039997100830078125,112,3522,3405.5,755.0,755.0,123,113,113,112
347.158769329659,80.66743462171331,3.0699467273176766e-06,0.6686312610024343,0.7941194706701746,0.003998994827270508,110,4028,3878.262717392406,893.0,795.8780572964888,123,122,122,118
326.9060539525797,77.933677469528,2.866519577605379e-06,0.4928067776321253,0.6909662291089644,0.004998445510864258,113,4164,4117.933919214685,889.0,848.0130997118422,129,126,125,123
640.4844417943747,134.4201149268648,7.969111816564808e-06,0.793004223382341,0.8334313644515527,0.00400090217590332,87,4958,4069.247226257393,1049.0,830.5490598512833,111,104,104,100
632.650280350596,133.086788802382,9.662418542277791e-06,0.8712197326825982,0.8940438205052925,0.003998279571533203,84,5712,4764.920034815041,1223.0,979.2058130890377,102,100,101,96
390.14335738662663,81.5688236654507,7.635121489285116e-06,0.9606157224531252,0.9693944382139076,0.0040018558502197266,87,6759,6514.396090118922,1462.0,1358.8562310089173,110,107,106,104
603.8496484462421,121.5493017414825,6.295698254202417e-06,0.9099664104968639,0.9368236541470565,0.003999471664428711,93,7479,7845.053932731486,1605.0,1650.3437241536449,115,113,114,109
797.4880390859166,157.84659902204558,6.173984534130152e-06,0.835522888149052,0.8878403340562132,0.004000425338745117,91,7253,8045.084488741783,1560.0,1697.7868614158006,114,111,107,108
552.4165968172767,103.4350652007725,1.2350978053768922e-05,0.9637691496248116,0.9742764899953156,0.003999233245849609,78,8826,8790.173608225188,1890.0,1854.9233235161146,102,100,96,96
498.8969140235982,93.84528551471962,1.6024091187900565e-05,0.9739798632727306,0.9810799731171084,0.004003763198852539,72,9207,8964.250501829929,1979.0,1887.184224221287,96,94,92,91
562.3110694736815,102.79842795525695,1.207389611743959e-05,0.973224245661796,0.9818169192672671,0.004001140594482422,73,9912,10109.135514964304,2113.0,2138.7404490468116,98,95,95,92
643.517138470388,124.49710426209788,1.1900665826082702e-05,0.972126279391533,0.9782919436097168,0.00400090217590332,64,11179,11208.648874960516,2375.0,2388.062304429356,91,88,85,84
684.3054614997154,123.78570756485486,2.517884500916507e-05,0.9740236537400575,0.9817405613903918,0.004000186920166016,58,12083,12066.455127865085,2586.0,2576.6006673161664,84,81,82,77
757.9969138918215,141.40744770906352,2.442762516880505e-05,0.9700298694547083,0.9776834056802882,0.003997325897216797,55,12470,12493.166616883917,2805.0,2671.110429286251,80,77,76,74
1057.838668102269,208.41053994744786,2.044463246885518e-05,0.9505583938587657,0.9591107964632044,0.0039997100830078125,57,13577,14558.996859952204,2934.0,3147.041201344404,82,79,80,76
1277.0277149659996,256.63459864158426,2.212218729030503e-05,0.9296644718016285,0.9393686373313,0.004997968673706055,58,13743,15078.011310272192,3035.0,3267.7068905026117,84,80,80,77
995.2389124480532,195.84956912483818,2.0622293100171202e-05,0.9594352754654593,0.9662536759271477,0.003999471664428711,50,14230,15229.644194434673,3076.0,3300.0372237180745,76,72,72,69
1.3361657135241187,0.38470167259553084,3.921250068138864e-06,0.8105306990713517,-0.06556671366415268,0.002999544143676758,0,10,10.0,1.0,0.21685562138929992,1,0,2,6
3.571514359245586,1.0167413542165824,1.552676161310044e-05,-2.154803025969556,-0.6740631137151103,0.004000663757324219,0,10,10.0,3.0,0.26074086234602967,1,0,38,6
192.28422854813448,43.955997781856865,5.921407843106186e-06,-0.5679210120758853,-0.5629193002671713,0.005000591278076172,0,541,10.0,134.0,0.29419436601291904,150,0,143,6
9.171143915314843,2.350523681564333,1.3413667458869982e-05,-2.5366703720741373,-1.243730335280517,0.004999399185180664,0,22,10.0,8.0,0.20601265740677754,143,0,136,6
723.4564389060905,157.19725552232816,4.665724262994912e-06,-0.7375954738843502,-0.7757045412140411,0.005997180938720703,0,1679,10.0,365.0,0.5345979873598532,150,0,149,149
549.8474885936738,119.96575000799884,7.305381494264971e-06,-0.6168915717113499,-0.666416474496079,0.005002260208129883,0,1463,10.0,314.0,0.9430670995076644,149,0,143,149
661.6611388830003,146.13343815467388,5.880906017741865e-06,-0.6415842510553262,-0.6731230906811105,0.005003690719604492,0,1709,10.0,394.0,1.6453495025043763,150,0,150,149
861.5693889548731,191.63845054150184,4.328578414965051e-06,-0.49168528383317867,-0.5165995550679798,0.005000114440917969,0,2339,83.24704516181178,505.0,22.72790205765807,150,149,149,149
1459.5009828449333,297.9021544229745,5.191374860853031e-06,-0.747582352454371,-0.81069529719046,0.005006074905395508,0,2988,343.36340817807627,626.0,95.9678576897175,124,149,122,149
468.47131659530015,120.1262777823488,1.0859066643117559e-06,-1.1075903113488894,-4.955469404536711,0.003998517990112305,124,4315,5061.76892663604,926.0,1058.8853716518124,137,139,135,136
2.4632124283418313,0.548860372312035,2.8474894067481247e-06,0.09707359938064652,-4.441286731069509,0.003998756408691406,0,10,10.0,1.0,0.629578897279544,1,0,4,12
464.3422158504852,114.84644346049342,1.2690022181536923e-06,0.3337765969597818,0.32586189803590326,0.0039997100830078125,116,5129,5772.934903965023,1118.0,1208.6221573514013,132,133,130,129
699.8198930064794,141.16196866410817,9.385444320303849e-06,0.8677843309140948,0.8937527988816468,0.004000663757324219,85,5958,4875.4683302061785,1235.0,1000.626733955979,107,102,104,99
665.5931109229829,143.7769254904721,1.2057628844284797e-05,0.902675665414151,0.9114878013489671,0.004002571105957031,79,6456,5364.655365622061,1387.0,1108.2379835602273,101,98,97,94
467.0493076513226,97.23513324928294,1.0492259130187088e-05,0.958713451447986,0.9655549571956473,0.004002094268798828,81,7179,6573.362752004377,1516.0,1366.5339552734176,105,103,100,99
581.7849934646532,123.50462432518316,1.0111538203187907e-05,0.9428753110151469,0.9477713128599208,0.0040018558502197266,74,7306,6261.823135790765,1563.0,1298.4618689377567,99,97,94,94
655.6691878046769,117.50094357056037,2.006109629792882e-05,0.9697164199489805,0.9788846226954256,0.003999233245849609,59,10707,10007.411086419095,2288.0,2116.576605887325,84,81,82,78
809.5248805179036,144.72370380111934,1.2535346797218266e-05,0.9558586901151678,0.970981263294567,0.0040018558502197266,70,11099,11708.86156491865,2411.0,2501.360106712811,96,93,92,90
807.829365699859,150.8733029638512,1.670273821101842e-05,0.9664569845791326,0.9751371710198942,0.003998994827270508,63,12627,12963.615166490685,2764.0,2783.544065366248,88,85,84,82
959.8330052413305,188.13451926570409,2.636540933261338e-05,0.9613304024939942,0.9687283530501839,0.0039997100830078125,60,14025,14927.844207465338,3021.0,3231.1561354163823,85,82,79,79
973.062407142155,181.97350230451906,2.8293430663718563e-05,0.9634675781740216,0.972509713873623,0.0050013065338134766,56,14834,15322.29205807632,3153.0,3323.0085888150516,81,77,77,74
1557.6162171940978,317.1289606726068,1.7467322260037876e-05,0.9008437364600025,0.9116994633112004,0.004000663757324219,60,14073,16120.60938297178,3037.0,3508.7061877550586,87,82,82,79
1147.8405666212404,237.1174867759965,2.1226182768259206e-05,0.9521816546359447,0.9566790876845517,0.0040013790130615234,56,15200,16516.59502531794,3289.0,3610.3007428717483,82,78,77,75
66.79083500493924,15.094544400436495,1.155039150429514e-05,-0.8472784522771999,-0.8060145508537002,0.0069959163665771484,0,199,10.0,51.0,0.22774990534718664,150,0,150,6
8.797311343664575,2.132521455135895,1.1865310400496634e-05,-4.49830584628174,-1.5359259095351945,0.006996870040893555,0,18,10.0,6.0,0.2386955278131324,58,0,114,6
147.98580003120688,33.58412359217526,1.112226118789302e-05,-0.6340525418032084,-0.621621552680514,0.006996631622314453,0,477,10.0,114.0,0.28299177317562985,150,0,150,6
58.18311821089507,12.716549674487098,1.709351870168786e-05,-0.7821842210351901,-0.7889567190349798,0.0059964656829833984,0,143,10.0,34.0,0.20601265740677754,145,0,131,6
2.2656899040625675,0.23611995514157325,2.1377069521788066e-06,0.4740419322365731,0.0,0.004000663757324219,0,10,10.0,0.0,0.32075138565074046,1,0,1,4
690.6792400664206,156.17200243837146,3.92305191273454e-06,-0.4629172151257237,-0.48030020520785643,0.0059964656829833984,0,2037,50.79264887520397,444.0,13.729318568685379,150,149,148,149
1324.477792083738,280.125323643316,2.9925836568420646e-06,-0.4131419826623135,-0.4274909778067908,0.0069963932037353516,0,3127,536.60901376409,685.0,150.63328462573668,138,149,136,149
1546.0717656919267,317.8508415436575,3.454926259468448e-06,-0.5490581481181294,-0.5858981441750537,0.006998538970947266,0,3394,1242.5130237493454,731.0,348.5251290138365,127,149,125,149
174.5287929257724,57.5213407290564,1.763988269724476e-06,0.7464209519897423,0.7262401080261363,0.007000446319580078,120,4299,4429.187160984439,939.0,916.0857502328504,133,133,132,130
384.8850146166776,85.06342714661466,3.014107360375563e-06,0.7337358557290018,0.8425360598439402,0.00500035285949707,108,5005,5200.424054057665,1072.0,1080.8332431060203,126,125,125,121
559.9030816195374,119.60940342009812,7.513330912685717e-06,0.8491002745592855,0.8840996866507134,0.004999876022338867,91,5345,4623.4090588014205,1158.0,951.597650914814,111,108,109,104
531.0041375477641,106.01005298022964,4.714378344766315e-06,0.8563970084827662,0.911239927746126,0.00500035285949707,98,6188,6458.430819686412,1356.0,1346.5634378148452,117,117,117,114
549.5000768576988,121.23020795983496,8.502792665669982e-06,0.9301108118265633,0.9356631766385188,0.005001068115234375,82,6509,5624.612120305822,1385.0,1160.9810418161455,104,101,100,97
637.4864237041636,129.0009693766192,1.5158908217629547e-05,0.9406801926352863,0.9504181466975214,0.004999876022338867,75,7836,6598.513907805882,1650.0,1367.4795776476094,98,96,94,92
591.8018826020908,133.4376623927003,1.5216369355544784e-05,0.9601945840105505,0.9580033908643327,0.003999233245849609,67,8491,7371.535454495296,1849.0,1537.354444738462,93,90,90,86
644.5930410668857,135.08686804439546,1.678544060472283e-05,0.9570294348782604,0.9602389478515497,0.0049974918365478516,67,8922,7617.728368205254,1938.0,1591.1737070127856,90,89,86,86
799.2679117065463,160.64436320636747,7.249103941250228e-06,0.9212588159048657,0.9403342199133133,0.004999876022338867,88,9208,10034.311024256062,1960.0,2141.840670655185,111,109,108,106
471.2859085263854,89.89339655948768,1.7268142650913083e-05,0.9777025406214349,0.9832239805216769,0.003999948501586914,72,9288,8671.558346244443,1976.0,1820.373179846113,97,95,94,91
607.715056365677,126.34753753181886,1.6915718426437684e-05,0.9671528666011387,0.9698230426482274,0.005001544952392578,63,9351,8358.979944331015,2072.0,1754.0714611290596,88,85,83,81
571.7181682660962,124.53676427993153,1.5478219045926454e-05,0.9736414312457226,0.9735949095906828,0.005000114440917969,62,9938,8869.052416162818,2167.0,1864.397598547669,85,84,81,81
584.8554252495145,114.19279161951884,2.556795129478958e-05,0.9737918326698141,0.9785513584833122,0.004000663757324219,64,10299,9393.970253762467,2227.0,1980.287740589608,89,86,84,83
594.857728810924,118.53199314016894,2.159253359941448e-05,0.9804998167255288,0.9833784946916364,0.004000186920166016,51,12135,11718.23529865492,2716.0,2492.7247503439703,77,74,72,70
778.3325340727221,142.10036579502741,1.871875823680441e-05,0.9689887525495208,0.9780459696503173,0.005000114440917969,64,12732,12954.66387500302,2702.0,2786.7076488268995,90,86,87,83
706.0214487325965,127.61237873691539,2.9648156249330438e-05,0.9773998443281636,0.9841114478921571,0.005001068115234375,58,13280,13532.071270392538,2879.0,2910.6672743205636,83,80,81,77
821.1831781632732,159.10777071267466,2.982374679284307e-05,0.9698548353500263,0.9757862886096856,0.004999876022338867,54,13492,13760.423393529323,2950.0,2955.072516766726,81,76,73,73
786.5302145128321,149.32820904500014,4.407031707212527e-05,0.9751107905371041,0.9804465359793479,0.0039997100830078125,51,14361,14457.443948034579,3097.0,3120.1388039870344,76,73,71,70
1044.9719858739675,191.066590812371,2.849009035206588e-05,0.9611301284728649,0.9722587785077907,0.004000186920166016,53,15193,16272.058035108932,3388.0,3537.09414077363,78,75,74,72
872.3789758544151,168.27074451244644,2.853043958684837e-05,0.972642216388047,0.9782630969251447,0.005000114440917969,47,15394,16138.394353087715,3392.0,3507.441635124538,72,69,68,66
28.05183523111227,6.603836766104869,8.147516631072453e-06,-1.1077684299072668,-0.8768359245902275,0.004999876022338867,0,82,10.0,20.0,0.22774990534718664,146,0,145,6
55.56223060104305,12.946635681766546,9.073824267582094e-06,-0.749822427427095,-0.6795845862120102,0.00600123405456543,0,172,10.0,41.0,0.2386955278131324,150,0,149,6
1.7644439481089857,0.5498815878857883,1.357744618277957e-05,0.6328004978121697,-0.08853113850486549,0.003000974655151367,0,10,10.0,2.0,0.26074086234602967,1,0,26,6
110.72523948406092,26.31741540623574,1.3609442384763966e-05,-0.4545625409635061,-0.4648874817165387,0.005000114440917969,0,358,10.0,88.0,0.28299177317562985,150,0,149,6
515.7532900151804,114.8152285657351,5.591729209315335e-06,-0.5564001053418255,-0.5852765124666695,0.0060007572174072266,0,1482,10.0,318.0,0.3167539191414612,150,0,145,6
633.1871733695136,145.48920098234188,6.68759136006155e-06,-0.40816643786951645,-0.4237726395486534,0.005999088287353516,0,2068,50.79264887520397,476.0,13.729318568685379,150,149,149,149
1.229737370841217,0.6036949134752151,1.1687774756790129e-05,0.7791566850636023,0.08413924600835354,0.0039997100830078125,0,10,10.0,2.0,0.4391643383639272,1,0,13,8
0.8983585829445961,0.7453650894596122,2.485154935157151e-06,0.872571345755228,0.03612105074386052,0.0039997100830078125,0,10,10.0,2.0,0.5575395567240176,1,0,4,10
560.1791540331418,118.14908207935227,7.507461321733501e-06,0.8284731638014998,0.8758249590047793,0.004002571105957031,92,5085,4473.0131225127025,1103.0,919.6575307885018,111,107,104,104
477.0872871030218,88.5610027930834,8.081446911415868e-06,0.9440598313761379,0.9654187714509486,0.004999399185180664,88,6950,6499.637106558319,1493.0,1354.7406959134696,111,108,105,104
742.6804640513884,159.80189665096844,1.5070469085054938e-05,0.9055282033113783,0.9111312051479672,0.007000446319580078,73,7098,5658.706987923712,1512.0,1167.1226075496393,97,94,92,90
538.1356747414416,104.66909762177221,1.259877812372567e-05,0.9566083860824829,0.9667762057125031,0.004001140594482422,78,7809,6974.421789281131,1716.0,1456.261168723544,101,99,99,96
437.84622391011374,86.27499140774509,1.391541630480891e-05,0.9727735479173667,0.9793062630297471,0.005000591278076172,79,8168,7999.473787185021,1745.0,1677.8973224814117,103,101,96,97
522.0141179399651,109.90868399176158,1.1521580891741022e-05,0.9705993290097371,0.9736325597222308,0.00500035285949707,71,8868,8278.939806292936,1914.0,1733.9994783914954,96,94,93,90
474.74143166661247,92.17554956946793,1.4122328570023985e-05,0.9764104963463663,0.9823024159413088,0.006998538970947266,76,9170,8930.997486019232,2039.0,1887.087476741266,100,97,96,94
554.8915713600429,106.98760882151497,1.7033094636705503e-05,0.9753939208526765,0.980982137927395,0.005999088287353516,70,10033,9839.161935639107,2195.0,2079.2682331982205,96,91,90,88
678.254258423031,145.06553351363303,2.3622987677896228e-05,0.9689036654476781,0.9693030684721604,0.007999897003173828,56,10765,9508.12007946819,2364.0,2005.4532638832407,80,78,77,75
559.0238899919955,112.86044723982448,2.05521644943812e-05,0.9785690945539798,0.9814396014049971,0.004000663757324219,62,10715,10243.363168910051,2316.0,2171.6427958418044,86,84,82,81
583.7009271562196,110.1800645397069,2.725517493927058e-05,0.9838276267144204,0.9875651689542414,0.0049974918365478516,53,13156,12912.51737944212,2822.0,2761.5402761386904,78,76,73,72
667.9107617668338,120.7939754989418,1.2218521098782376e-05,0.981735702127254,0.9869650140027693,0.005000114440917969,48,14250,14067.512430315383,3113.0,3022.6201987133045,74,71,69,68
1026.3899032801426,207.0517321052117,2.536539549452265e-05,0.9577748994343649,0.9635342172628808,0.003999948501586914,61,14169,15360.540873460206,3089.0,3334.8805941063256,87,83,81,80
1180.045545354588,239.02805611807796,2.0274286126914096e-05,0.9458382096045661,0.9528804339259711,0.003998279571533203,56,14702,15645.391598745024,3273.0,3401.216218210422,82,78,78,75
1120.3532686576998,219.71317240605805,1.6002594607675065e-05,0.9572733384048211,0.9648914284002414,0.004999876022338867,52,15743,16620.213420701166,3424.0,3617.6362830293583,77,74,74,71
2.606486246164803,0.677704942447108,5.653789070171941e-06,-0.6416005147738351,-0.2953243752751791,0.002997159957885742,0,10,10.0,2.0,0.21685562138929992,1,0,8,6
1.5446219369383483,0.7727823854934364,1.1156976527767792e-05,0.5837028002479927,-0.12785859216266116,0.004000186920166016,0,10,10.0,3.0,0.22774990534718664,1,0,22,6
58.84085844460036,12.82943090802921,8.035260422119936e-06,-1.0498460904354068,-0.9580666268206746,0.00599980354309082,0,140,10.0,32.0,0.2386955278131324,149,0,141,6
53.41632125043974,12.462475012189596,8.385727990609295e-06,-0.7570118978166174,-0.7016357178117434,0.004998207092285156,0,170,10.0,42.0,0.2718406114608001,150,0,145,6
1.1040787095387279,0.4979298781747897,1.3231086248991919e-05,0.7191166624704628,-0.15402083411391243,0.004001617431640625,0,10,10.0,1.0,0.20601265740677754,1,0,3,6
1.771793884579776,0.26023168829815163,2.2084022413551426e-06,0.5978180480440052,0.0,0.0029997825622558594,0,10,10.0,0.0,0.33124376393263444,1,0,1,4
671.9854573418285,153.56148991077282,5.59710236537614e-06,-0.44947165264749245,-0.47147410243801335,0.0050013065338134766,0,2090,30.685685605755985,451.0,8.205753032785918,150,149,150,149
351.44672092248885,84.7832438964483,5.112107842359861e-06,-0.32641714877857275,-0.317575412948077,0.00599980354309082,0,1274,50.79264887520397,314.0,13.729318568685379,150,149,150,149
1185.7149219740836,251.922536668225,3.3220281454452387e-06,-0.6263108404813937,-0.6819656212418086,0.0060002803802490234,0,2666,83.24704516181178,573.0,22.72790205765807,137,149,137,149
1449.7187475274986,303.7203246053553,3.645090178793062e-06,-0.4308151039974861,-0.45916009435956906,0.004999637603759766,0,3424,536.60901376409,735.0,150.63328462573668,140,149,136,149
444.4678141520948,106.44244927312845,3.6910677801385192e-06,-0.18868679313956704,0.131792022758084,0.003998756408691406,123,3528,3495.8404307583455,767.0,767.0,126,125,124,123
566.4335977391246,121.21385464769152,5.152461379934227e-06,0.21165929826541774,0.47893479068016875,0.003000020980834961,114,3769,3613.0390586810017,821.0,781.0,122,117,122,114
326.3234732657125,81.37060536851726,2.288074479564202e-06,-0.13171453689620227,0.4512777921751927,0.003998756408691406,122,3861,3761.283292669684,812.0,773.2713771766098,132,131,126,127
842.5435894926173,171.81976170362125,1.1409791089703995e-05,0.6641365149826188,0.7277811087585004,0.0049991607666015625,85,4846,3572.101307274233,1050.0,765.0,105,96,98,85
680.872422445153,145.06888200484184,1.0508587917239826e-05,0.8563024243811913,0.8732753877100029,0.004000425338745117,80,5656,4536.694985504897,1213.0,930.7141395329259,102,99,99,96
856.2603953615844,179.69321465196023,1.3937974404342112e-05,0.8371028418704611,0.8541822328420111,0.004999876022338867,75,6345,4754.649653611617,1321.0,974.8506909116941,97,94,92,90
647.1356074461198,131.63889630332469,1.2000217689540473e-05,0.9050256180743854,0.924096640243121,0.0040013790130615234,83,6557,5576.6650306840775,1366.0,1151.6788762391307,106,103,102,99
735.4565341400089,157.88092607756823,1.2323949888948604e-05,0.9031150905691017,0.9097306152353812,0.005998134613037109,75,6952,5615.61761967006,1461.0,1158.436479138572,100,96,97,94
533.0414275217094,114.43582395622866,1.0010480256521924e-05,0.9456968036436872,0.9513801412947024,0.004999876022338867,81,7101,6205.605083991943,1515.0,1285.811984613414,103,102,99,99
584.5763379495286,123.47692970801134,1.3127141296596749e-05,0.9379821200885771,0.9454615576000992,0.00500035285949707,78,7262,6264.482378279616,1545.0,1301.0256984889475,103,100,101,96
534.2553849233406,100.03840366678958,1.2881171554782381e-05,0.9613092870659463,0.9723598070353268,0.004998922348022461,77,8211,7597.000696867601,1751.0,1591.228747537306,100,99,99,96
559.8235779465977,117.76860178741826,1.611465828144641e-05,0.9709571219288562,0.9730494495341303,0.005991697311401367,68,9388,8397.556784725886,2048.0,1761.8859476451853,92,90,88,87
612.447355799815,124.99454824208772,2.49001034511892e-05,0.9752566757167358,0.9782999468547712,0.004999876022338867,63,11151,10439.911672142673,2410.0,2212.9401965190464,88,85,82,82
780.290837426297,148.98468106802252,2.2120658034949438e-05,0.9772287705474235,0.9823405908135295,0.0070302486419677734,51,15118,15452.085096042912,3352.0,3352.563081297132,76,73,72,70
1.613126706458857,0.551588169109186,9.32086899584527e-06,0.5247638088144703,-0.12455299029798517,0.005000591278076172,0,10,10.0,2.0,0.2386955278131324,1,0,18,6
1.532683851857724,0.43041410712302886,2.8770842156330584e-06,0.7377827540966817,0.06599946929699096,0.004000186920166016,0,10,10.0,1.0,0.2718406114608001,1,0,4,6
179.5587174764884,42.076835868695156,1.366623837450746e-05,-0.44564806330084683,-0.44957092120699294,0.006000041961669922,0,569,10.0,130.0,0.28299177317562985,150,0,148,6
189.2605784496327,43.69615773638149,4.914371611249457e-06,-0.6283377792463176,-0.5867794908023187,0.006999969482421875,0,612,10.0,143.0,0.29419436601291904,150,0,147,6
146.37748893982211,33.780457444022055,5.678405583817101e-06,-0.5673792124916983,-0.5551913529053742,0.005999088287353516,0,463,10.0,113.0,0.3167539191414612,149,0,147,6
948.1786448851071,201.06471852747146,5.972246991829393e-06,-0.7918395777959826,-0.8669474873467535,0.00599980354309082,0,1979,10.0,412.0,1.6453495025043763,144,0,140,149
943.650892900117,205.8562107802482,4.835574555235218e-06,-0.5331709166791136,-0.5755612311930123,0.006001710891723633,0,2456,30.685685605755985,514.0,8.205753032785918,149,149,145,149
596.2969840632555,138.32791664243507,4.523752379701486e-06,-0.38943092543462443,-0.4068032455036519,0.004999876022338867,0,1811,50.79264887520397,416.0,13.729318568685379,150,149,145,149
1465.257097036914,300.46416498607863,6.473851147104202e-06,-0.7549655611185262,-0.8145788646478553,0.004999876022338867,0,2947,216.6523429486594,670.0,60.16583211608955,129,149,123,149
1458.5231179401944,300.28409661975644,3.1822421311405624e-06,-0.65951989029042,-0.7054568727910295,0.007001399993896484,0,3108,343.36340817807627,663.0,95.9678576897175,136,149,133,149
1312.4248771457549,278.7948769147907,4.350342368115272e-06,-0.39980272927917215,-0.4212885508889759,0.004996299743652344,0,3168,536.60901376409,667.0,150.63328462573668,139,149,132,149
1439.7441091500134,301.69797659599203,3.249545545317007e-06,-0.4824362546686902,-0.5113508026644373,0.004998922348022461,0,3337,824.8147440048065,729.0,231.89383888706902,132,149,130,149
685.045240119222,145.9024051640898,9.972187918903012e-06,0.7384730649968284,0.7987711059430151,0.003999948501586914,94,5112,4107.123969386658,1084.0,841.5080447075279,115,109,112,106
811.767444555705,169.9166160961581,1.1778466455709661e-05,0.8576406436808749,0.8733989017138415,0.003999948501586914,77,6398,4915.4249793962335,1332.0,1011.180924265157,98,97,96,94
723.1861148993017,157.83590158089567,1.4135543677507297e-05,0.9042315440799684,0.9096603415519322,0.003998517990112305,77,6901,5611.778129461728,1501.0,1157.7625201267883,100,96,96,94
793.8929766282738,170.97822421619261,1.49754223088434e-05,0.9098199982848235,0.9138776485508444,0.003996610641479492,73,7617,6030.867330806984,1621.0,1246.5523929227993,95,94,93,90
640.5472114525651,132.54705723891638,1.501223739107995e-05,0.9456604654712085,0.9525239641346588,0.0050048828125,74,7949,6864.983813923317,1701.0,1427.211221503505,98,95,93,91
732.9853448908434,155.9153893855692,7.178988546497987e-06,0.9084836985839522,0.9241626260653887,0.0039997100830078125,91,8321,8842.529065391513,1762.0,1875.0684353585693,115,112,112,109
706.8788840567267,154.47897233439832,1.9701977456584327e-05,0.9423111011702435,0.9418215621612792,0.0039980411529541016,63,8313,6933.023798727256,1767.0,1441.9482281640994,88,86,82,82
650.5611740823734,136.03745700692386,1.60631680860709e-05,0.9639926088079976,0.9663147341149384,0.004003763198852539,64,9704,8440.970036447747,2125.0,1770.317995601702,88,86,85,83
659.383565490562,135.97411385318702,2.1030617035169538e-05,0.9704996292787949,0.9728984767764762,0.004002571105957031,57,10874,9633.669039691791,2343.0,2035.3504575726838,82,80,78,76
551.1790276918194,94.6132593912381,2.2199517589788566e-05,0.9813982738165785,0.9881945045503221,0.004002809524536133,64,11563,11105.386174844043,2499.0,2367.5024698209127,88,87,85,83
588.5962557575922,118.84410127927542,2.3604932221507592e-05,0.9794144381298843,0.9820969406877482,0.003998994827270508,56,11639,11010.36740183033,2567.0,2343.0912357719044,81,78,76,75
576.7020364909388,108.34585491954728,2.409086693458426e-05,0.9828688249554157,0.9870799731665062,0.005000591278076172,59,12557,12270.39543646644,2699.0,2624.8718974430576,84,81,81,78
662.4207511128164,116.27582103032317,2.9536734688603028e-05,0.9778334380976904,0.9855906985560962,0.0039997100830078125,61,12810,12714.21039059605,2814.0,2728.2013739956365,85,83,83,80
1065.6301334599457,216.30262512887958,2.4187402108607917e-05,0.9507649114088735,0.9566835133651808,0.004999637603759766,65,13848,14656.003797848038,2958.0,3174.1712423576428,90,87,86,84
634.2416904559872,124.40311897480896,3.789173772328939e-05,0.983436711802107,0.9863645532002454,0.0039980411529541016,56,14088,14329.015796303236,3072.0,3096.4044653916535,80,78,76,75
981.5455532202257,192.91172496384144,2.6428090558571396e-05,0.9624854570859999,0.9692150270099708,0.003999948501586914,55,14300,15312.036121428935,3082.0,3312.9205443515457,80,76,77,73
1501.6964198615465,310.12587471758457,1.8390902824632967e-05,0.9196184751839684,0.9282677763810327,0.004997968673706055,67,15313,17109.4877570301,3353.0,3754.226043622917,93,88,88,85
757.0912497974027,146.01480675416863,3.079608073672338e-05,0.980521876676296,0.9844949346483176,0.004000186920166016,49,15813,16138.275433119328,3403.0,3502.6847702482955,73,71,70,67
18.069776893664706,4.226640518623211,1.3108934124744188e-05,-1.0430564779740665,-0.8177630047281994,0.0050013065338134766,0,46,10.0,16.0,0.21685562138929992,150,0,144,6
322.66044539149436,74.3547228870175,5.1597408582787735e-06,-0.61566533134975,-0.6104705360843963,0.0050008296966552734,0,965,10.0,216.0,0.30544840849155475,149,0,148,6
435.1793949113149,100.7929699546214,6.9911830981056356e-06,-0.5915110789442226,-0.6088320121741406,0.005000591278076172,0,1256,10.0,287.0,0.3167539191414612,150,0,147,6
277.647978182143,63.750342330070794,5.245128450972495e-06,-0.5198340360181388,-0.5258434538858456,0.011999130249023438,0,876,10.0,205.0,0.9430670995076644,150,0,150,149
683.2764724221902,152.2282243347838,5.027005479793906e-06,-0.489297295277056,-0.5166543436634312,0.006997108459472656,0,1937,30.685685605755985,437.0,8.205753032785918,150,149,149,149
1273.2299392170432,271.4013678453464,4.7390064831504015e-06,-0.5179035594203865,-0.5662854211594897,0.006995201110839844,0,3022,216.6523429486594,647.0,60.16583211608955,141,149,139,149
0.7823037798177053,0.4847786984585153,5.2929042202912305e-06,0.9052958590912377,0.05576184003920137,0.003999948501586914,0,10,10.0,1.0,0.46605977120887765,1,0,3,8
365.4853254947409,89.84032571624559,2.6212316044530134e-06,-0.4448459829726483,0.3090457369990287,0.003999471664428711,123,3816,3591.5317425375415,815.0,790.0,134,131,128,123
814.022290397592,162.44813481211224,8.707112829959178e-06,0.3626776573982885,0.5830602010385793,0.004000186920166016,99,4266,3456.4078632492447,913.0,785.0,115,105,109,99
2.4330358686285503,0.6616724946523534,6.938206573021847e-06,0.01793230849261518,-0.7642034554929253,0.003998517990112305,0,10,10.0,2.0,0.8308626254901728,1,0,4,34
458.7510313210917,109.06910213836294,2.1816620195247795e-06,0.3574146764209869,0.47129299449853834,0.004999876022338867,115,5134,5647.49266486,1099.0,1180.1735275280485,136,132,129,128
543.313850245036,113.67090386605614,8.340251139670464e-06,0.864309528997951,0.8988942278997832,0.004999876022338867,93,5666,4912.172903069702,1191.0,1012.9448170945416,115,111,109,108
791.6954279623603,165.34400571311554,1.4884553029456494e-05,0.9115848212102113,0.9192408706619902,0.004999637603759766,70,7657,6097.01017171439,1665.0,1260.9695700718585,94,91,91,87
777.5527822299131,163.9387103168335,1.6353648910170692e-05,0.9167679136339866,0.9225203987533364,0.005995750427246094,67,7763,6200.11190395435,1647.0,1284.0384729728394,89,88,86,85
573.9834839196319,117.69465661423352,1.7348009673774986e-05,0.9712723015697545,0.9746544915630644,0.007999181747436523,71,9648,8598.58261844998,2086.0,1804.4600748227786,93,93,91,90
540.7063799899394,119.79408903269284,1.6130316258422153e-05,0.983271008806037,0.9826281555361148,0.005999565124511719,56,11867,10968.367860602044,2575.0,2332.7112253532678,81,78,78,75
498.69163641094616,111.10474355682088,8.342724555302195e-05,0.9875116327467357,0.9867669881709377,0.004999637603759766,49,12974,11998.728961403534,2832.0,2556.7963042863557,74,72,70,69
1252.3976133242204,252.0625312157141,1.2680683028869569e-05,0.9214807272775954,0.9367719206224979,0.0050046443939208984,77,12950,14709.4446287508,2776.0,3200.4492189863668,103,98,98,95
684.8766324002693,126.58987962666339,2.1970007051002582e-05,0.97951598434974,0.9853207442207508,0.004998683929443359,65,13651,14198.219908094274,2988.0,3071.264162503183,89,87,87,84
738.0933384991208,136.41743060002395,3.414512873677035e-05,0.9786679108414278,0.9843489960845535,0.005000114440917969,50,14675,14569.385418288966,3208.0,3148.273966381179,76,72,70,69
721.2093968484239,139.37270834516355,0.00010223297786438093,0.9809497892395838,0.9847141172694218,0.00500035285949707,52,15115,15416.33806363298,3282.0,3343.022926185635,76,74,74,70
1.0888310462403872,0.5341132434003555,1.3677864969545805e-05,0.7941748181845597,-0.23818123600541385,0.00400233268737793,0,10,10.0,1.0,0.22774990534718664,1,0,2,6
146.69501197948725,33.587957105692894,8.044729549063501e-06,-0.6339230894687164,-0.6247842092485723,0.005991220474243164,0,460,10.0,113.0,0.2386955278131324,150,0,149,6
0.8197017409387592,0.4338385062752265,9.988295664350289e-06,0.8878452966134623,-0.0375398705182477,0.004997730255126953,0,10,10.0,1.0,0.2718406114608001,1,0,2,6
243.3304998663534,56.884785510226706,1.0967585716678363e-05,-0.5244019145615899,-0.5255863466800328,0.007001638412475586,0,745,10.0,177.0,0.29419436601291904,149,0,148,6
81.84777471713399,18.352938152394287,5.7506307657927646e-06,-0.5937464723243642,-0.5662120948661724,0.006000041961669922,0,280,10.0,65.0,0.30544840849155475,149,0,149,6
703.256953918801,151.15127731788573,4.809038821728194e-06,-0.7906524551016347,-0.846434351386048,0.006999969482421875,0,1592,10.0,344.0,0.3167539191414612,143,0,142,6
534.96315735353,124.64831644639011,6.850488277295644e-06,-0.4441305933276607,-0.45213854750459204,0.0050008296966552734,0,1711,10.877287030098383,385.0,2.84158209799668,150,149,148,149
1069.4908385844744,234.40020782987503,4.836035000018289e-06,-0.3952898529675104,-0.4203353535954564,0.005000114440917969,0,2866,216.6523429486594,591.0,60.16583211608955,150,149,144,149
1576.4205809723126,320.191953924315,4.7922692353848885e-06,-0.9520822725380218,-0.9932796073691166,0.011993885040283203,0,3160,343.36340817807627,668.0,95.9678576897175,120,149,124,149
468.14252993501145,99.05688753793453,2.7599845148395153e-06,-0.23183180313942864,0.48632611452778784,0.0050008296966552734,121,3826,3577.0204227683107,816.0,775.0,131,127,131,121
160.87558128250794,50.653565463726146,1.6849211883816652e-06,0.23251628323688844,0.5857124173600142,0.005000114440917969,126,3878,3930.552247057996,871.0,814.9231628777625,136,136,134,132
769.3393431719313,166.53786063734572,1.1063107068765889e-05,0.7658360168120317,0.7941503790641823,0.0059964656829833984,85,5243,3982.3819101328504,1120.0,814.3481048215949,104,100,100,96
2.5280027491741897,0.48643486843427747,2.0444435151710975e-06,0.13014139696727556,-0.9323875300341606,0.0039975643157958984,0,10,10.0,1.0,0.628835881837202,1,0,3,6
819.0274801339957,176.5063590717694,1.4441672433669659e-05,0.8962029359793213,0.9020804024310086,0.00500035285949707,76,7332,5802.769078462962,1578.0,1199.207542229126,97,96,96,94
508.32032503908977,106.49061650346782,1.1209033150644382e-05,0.9592791087747994,0.964770295985938,0.004998207092285156,81,7694,6923.595624828786,1687.0,1443.3528242798648,105,103,98,99
580.7263866513324,124.0728428948003,1.623382375562571e-05,0.9613456100080038,0.9636217965853883,0.005001544952392578,72,8657,7506.4363540409,1848.0,1565.3978910290098,96,95,94,91
626.635060200009,140.49867052647983,2.3469778664460854e-05,0.9627038664267771,0.9610822833231119,0.006000518798828125,67,9257,7986.454809053632,1995.0,1672.9569582084214,91,89,87,86
657.2469377355037,139.75351254225944,2.359111963022454e-05,0.9647088403985613,0.9663452381854878,0.00500035285949707,66,9876,8641.529991722287,2132.0,1815.3680652016928,91,88,86,85
521.1543806329944,103.7357872241643,1.6823964480324637e-05,0.977161836130085,0.9814486867070835,0.0049991607666015625,71,9914,9365.58269403539,2178.0,1973.7195601468975,96,93,90,90
627.3985271999105,106.90805916742822,2.2239338971926542e-05,0.9751925195865135,0.9851384638898509,0.005002021789550781,70,11538,11553.686597836211,2484.0,2467.790351831576,96,93,91,90
618.4209893681989,116.84440361172251,1.8386385076740883e-05,0.9762698523596457,0.9826254064479321,0.006001710891723633,72,11628,11856.434600469473,2525.0,2533.617879713076,96,94,93,90
589.6188527536532,122.11195439509936,2.808202842462104e-05,0.9800508767420743,0.9815409468055285,0.004999876022338867,54,11838,10832.27884118174,2539.0,2293.8438464068195,79,77,75,74
1069.3384691350818,213.95657921174816,1.7996338287088512e-05,0.9551920942834777,0.9626319199584881,0.004998683929443359,68,14570,15705.479584076209,3174.0,3424.1850393122404,92,89,91,86
576.7098739807964,106.11910800294913,3.749545697690438e-05,0.9873479185826362,0.9906846341417215,0.005004167556762695,47,14861,14492.841940857646,3304.0,3131.602706829848,71,69,68,66
98.32559576950774,21.857894018123257,7.470730966348999e-06,-1.0359025205788672,-0.9624457318115154,0.004998683929443359,0,259,10.0,69.0,0.2386955278131324,150,0,148,6
124.53059462386175,28.371654065762325,8.412781712483125e-06,-0.6950936088454933,-0.6703240331392251,0.005997180938720703,0,351,10.0,82.0,0.24969250730176595,150,0,147,6
143.1815818174904,33.815049878180304,1.0338211284773284e-05,-0.45927551505364006,-0.43776776518643,0.005999326705932617,0,532,10.0,128.0,0.29419436601291904,150,0,148,6
5.97654653557813,1.4802397746107108,1.8199627599958622e-05,-2.2814513591127015,-0.9850205460879475,0.005998849868774414,0,14,10.0,5.0,0.20601265740677754,141,0,60,6
91.40274818085202,21.983502633716018,9.364636376869958e-06,-0.4693611092296397,-0.439363596754899,0.005997180938720703,0,376,10.0,83.0,0.5345979873598532,150,0,150,149
1.0809156242577234,0.45701551235402654,4.512865631751479e-06,0.7182932883027212,0.005413435560888469,0.003998517990112305,0,10,10.0,1.0,0.3523664514898337,1,0,4,7
2.0154064425905576,0.33325954639778893,2.5718792983273862e-06,0.5872090316224059,0.0,0.0039975643157958984,0,10,10.0,0.0,0.3888462590668422,1,0,1,7
706.7675847325722,163.5665712512106,5.102580834307171e-06,-0.3956073499193229,-0.4109984914477909,0.005999565124511719,0,2231,50.79264887520397,500.0,13.729318568685379,150,149,149,149
806.9440826943882,181.79355511401494,3.7844814731687886e-06,-0.3624030416799848,-0.3804230050646098,0.004999876022338867,0,2457,83.24704516181178,537.0,22.72790205765807,150,149,147,149
1580.2123653439692,323.2625404582899,3.7298620140110463e-06,-0.6505047894119036,-0.6906885981969404,0.006000518798828125,0,3380,536.60901376409,698.0,150.63328462573668,127,149,124,149
833.5634262142322,179.77400903833245,6.975011780330801e-06,0.24782508308636808,0.3113807623149113,0.005998849868774414,0,3495,1825.726550153666,734.0,508.28725416776774,150,149,150,149
549.9587682716326,114.06064981639348,3.5600962641592147e-06,0.38203483124448934,0.6829417866201605,0.004000186920166016,113,4264,3763.464970447085,909.0,781.0,126,122,122,113
536.3151477562661,110.85750737976778,4.056160624592138e-06,0.09816214538492929,0.5712019353547093,0.003999471664428711,114,4275,3984.18299089638,901.0,819.7812842121821,129,124,123,121
793.522758722837,169.54723861738375,1.0395973597737962e-05,0.7159152727027294,0.7688990263790417,0.004000425338745117,88,5071,3877.377989274918,1083.0,790.8895963454906,108,103,103,99
772.8789403068683,158.7613582444662,9.887248498149304e-06,0.7853005387499152,0.8294046244563846,0.003998517990112305,87,5476,4264.989799433641,1147.0,872.2285106069053,106,103,99,99
840.6304624083652,175.5984710546265,1.2649555053667823e-05,0.8231246719320148,0.8491473489608062,0.0039980411529541016,82,6072,4703.716415244115,1314.0,967.4409869784004,101,98,97,94
917.8487512058754,193.38874111541529,1.871976865548374e-05,0.8478441704370696,0.856450715976108,0.004998922348022461,70,6740,4927.498735012687,1437.0,1012.8294614973111,94,88,88,84
683.908518972452,143.04119325385025,1.3129772832730528e-05,0.9227745159490643,0.9328201688085486,0.005002021789550781,80,7516,6181.638082072563,1601.0,1280.8182977740307,103,101,102,97
733.2202857362187,154.52108676168567,1.7264010046308708e-05,0.9200520246356797,0.9274480286997439,0.004000186920166016,75,7606,6185.042268613659,1626.0,1278.0518191472493,97,96,93,93
542.5584667145827,107.85511028868994,1.450533851234294e-05,0.9577488295737713,0.9670556131761208,0.0039997100830078125,80,7841,7186.805271144844,1696.0,1498.3126929573154,105,101,99,97
782.042705913643,161.83657806205616,1.9117085102750225e-05,0.9270029071220118,0.9341767975260111,0.004999876022338867,71,8209,6719.2380328553245,1739.0,1394.304828505903,95,92,92,89
614.510281694053,134.57025161191063,1.3799741656117225e-05,0.9549904727852818,0.9558634844356142,0.00400233268737793,73,8371,7229.151318475808,1797.0,1504.369445009098,96,96,93,92
845.1536113777634,181.40251184723812,1.7096810366671445e-05,0.9280611056180085,0.9294259701649514,0.003998994827270508,66,8925,7082.494976191581,1913.0,1474.8510207173595,89,87,86,84
570.1718021240083,110.37391699467094,1.8251803572381323e-05,0.9756764517171725,0.9807315257751055,0.003998517990112305,68,10560,9468.491924339469,2260.0,1998.0592581075962,91,90,88,87
642.7207470357903,130.459286867013,2.0586550101003936e-05,0.9734586809069031,0.9763935319273396,0.003999471664428711,57,11163,9982.511186078707,2412.0,2112.9699639016435,80,79,80,76
583.8675302268925,111.63170450093939,1.821241045242403e-05,0.979511802827441,0.9840824684720524,0.003999471664428711,64,11712,10791.012047317014,2515.0,2295.879056968409,88,86,87,83
581.3075783552646,109.36383494551569,4.2401979289147274e-05,0.9826279915355974,0.9870172904067009,0.0039975643157958984,58,12447,12231.6301233614,2714.0,2614.0940032947037,83,81,80,78
589.9359559393365,114.60050385464456,4.556478247330246e-05,0.9827054582993214,0.9860400320435738,0.004994869232177734,49,12765,12445.083642637272,2760.0,2662.5302036546964,75,72,72,69
610.5717651592824,118.26694233798793,2.1615213869708014e-05,0.9834542482770654,0.9866501644251374,0.005000591278076172,54,13798,13131.904089730453,2975.0,2815.8154795132705,80,77,78,74
632.9706781447057,122.1294030381483,2.9471439513841405e-05,0.9831929876981897,0.9867245040877493,0.004998207092285156,53,14069,13722.551630101902,3125.0,2946.3189513948346,77,75,74,72
896.2609269760028,177.10569506625134,2.476616858446313e-05,0.9676270242427308,0.9732791063914293,0.005002498626708984,62,14251,14687.40504234381,3090.0,3181.6967306799743,86,83,84,80
646.5769626697357,116.84769246205273,1.5582283482228385e-05,0.9855216013405514,0.9898294026164279,0.004000663757324219,50,15700,15351.699134346443,3453.0,3324.567321595163,74,72,70,69
1328.3929107686986,262.20571649063294,2.1748991284773798e-05,0.9391649714414716,0.9505940341731894,0.005000114440917969,66,15478,17030.540307815325,3407.0,3734.9940373980135,90,88,85,84
33.14356770800194,7.699036916327559,1.1719948311829527e-05,-0.48786203699569475,-0.4733257614150381,0.0049991607666015625,0,106,10.0,26.0,0.21685562138929992,146,0,141,6
21.00738127924102,4.905577316589264,1.229953312653746e-05,-1.3259512388291381,-1.0540099093858335,0.004999876022338867,0,56,10.0,15.0,0.24969250730176595,150,0,148,6
322.56657521692466,77.52851066745058,7.886311684584467e-06,-0.37611096227880125,-0.37753287930567003,0.004999637603759766,0,1110,10.0,265.0,1.6453495025043763,150,0,149,149
954.0871103886402,203.43243728510055,5.565379276396014e-06,-0.6714042881255915,-0.738136286654747,0.006001472473144531,0,2171,10.877287030098383,456.0,2.84158209799668,144,149,134,149
704.2857552462185,162.33759474235518,4.556783936573908e-06,-0.3836266163511597,-0.40861059870205807,0.004999876022338867,0,2200,18.35881898768442,511.0,4.85380949715843,150,149,150,149
1.1896467347836286,0.5628940887830115,2.693692967974404e-06,0.844487106140931,-0.11557517972039166,0.0029990673065185547,0,10,10.0,2.0,0.4011682258072198,1,0,4,7
1081.1225848913932,234.23007478530334,4.779966363585198e-06,-0.4978271161753647,-0.5327234712980498,0.004998683929443359,0,2705,83.24704516181178,569.0,22.72790205765807,150,149,140,149
1465.78307900634,303.45746383249553,5.707589242872991e-06,-0.71057299998897,-0.7680456797317641,0.00499725341796875,0,3128,216.6523429486594,676.0,60.16583211608955,133,149,125,149
737.979293073586,145.31593259568254,5.952223311454111e-06,0.04954946906610658,0.4658097001282674,0.004000186920166016,111,3846,3420.2231546768057,818.0,763.0,124,114,118,111
156.49860278807535,49.01213001131828,5.975642666306941e-07,0.6043475042736173,-1.3704584003381357,0.003000020980834961,132,3902,4096.771829712974,833.0,852.3454708414665,143,144,143,140
516.859060885201,108.0627168016532,4.456581096691388e-06,0.4282291281670635,0.7004171004341117,0.0039997100830078125,112,4657,4198.959009887077,983.0,865.2948060582758,127,125,124,121
815.8698406241274,165.38673051867076,8.721890297890383e-06,0.6023560372734842,0.7108574044549595,0.011999845504760742,95,4645,3698.6339635936806,1008.0,782.0,110,104,105,95
290.1409980219168,84.96148708935428,2.103203680130975e-06,0.6803046067909497,0.5594114767445015,0.003999948501586914,117,4830,5052.71773832456,1035.0,1051.7792117331796,136,133,131,129
348.00032793329115,80.36557580942518,2.6827985856538745e-06,0.7979172562665953,0.8555587638081005,0.005000114440917969,111,5372,5431.395785699471,1135.0,1132.618069884088,129,128,129,125
582.3129274278391,116.03843206336107,7.532905421940245e-06,0.8351416759987459,0.8930525071251902,0.004000425338745117,97,5642,4953.871561494241,1237.0,1022.5327891449174,117,114,111,111
503.34800833046484,120.24871116613645,2.7697791078116404e-06,0.6648442635847438,0.7088926065687332,0.003999948501586914,110,5778,6183.919014111261,1228.0,1298.269655372511,129,128,129,125
481.573890932569,103.59247449470246,3.911488203580935e-06,0.7849734349611531,0.8621557556143783,0.003998279571533203,106,5831,6097.298758909448,1261.0,1276.064532088938,126,124,121,121
1069.5109281496634,226.81938292150642,1.892356541266387e-05,0.7799265537857054,0.792350407395448,0.0050029754638671875,68,6541,4384.150645724987,1376.0,898.0078827964735,91,85,87,81
629.0271901040503,140.90434411093958,1.3680421186187414e-05,0.9074888685488468,0.9136098701074311,0.004000425338745117,85,6503,5493.509887959093,1401.0,1133.253699956936,106,103,104,100
929.654864524756,194.46620857886276,2.2111933413563096e-05,0.8660808738147094,0.8764250613438064,0.0049991607666015625,71,7144,5398.907545577042,1559.0,1111.8289966035795,95,91,88,87
507.8965153264102,96.44949843110824,9.445024075799397e-06,0.9491630066147985,0.9665545318796002,0.003998517990112305,86,7430,6877.2185634520665,1634.0,1438.9276870955182,109,108,107,104
674.7779282300185,142.72551086199127,2.3650356810286425e-05,0.9531312436911525,0.9564736628806682,0.005000114440917969,70,8910,7670.978710617661,1897.0,1601.6376756410064,94,92,90,88
521.8609578289975,103.4088770232971,1.682829400322902e-05,0.9771305440199075,0.9815435446036586,0.004999876022338867,73,10005,9160.707588990423,2148.0,1928.8183700872023,96,95,95,91
729.3000485824473,158.5291272997795,2.428968756907741e-05,0.9584068153756085,0.9578689613143644,0.004000186920166016,58,10075,8522.022762761077,2156.0,1786.7460914430349,82,81,77,77
749.435639044696,170.06940136797866,2.8020449132838697e-05,0.9588287753080427,0.9550469062659962,0.005001068115234375,58,10579,8791.391538895658,2301.0,1844.5175861676862,83,81,79,77
504.7223042824643,102.80009280786166,2.794939058846886e-05,0.9812597347402746,0.983758584369414,0.003999948501586914,69,10541,9985.335477350358,2276.0,2110.093237734225,94,92,89,88
637.271938740356,136.66993652659372,3.0919305014065085e-05,0.9721021186070796,0.9725426788614847,0.004000663757324219,59,10709,9546.323134295919,2325.0,2011.8264866978734,84,82,81,79
513.455177584364,105.75912201841601,1.915951406306617e-05,0.9834273749483904,0.9852918502856963,0.0039997100830078125,68,11298,10559.265000560446,2452.0,2242.8212975457254,93,91,88,87
713.8501616010644,155.72052416422017,3.0060604746364002e-05,0.9678398371130255,0.967096805820289,0.012000560760498047,53,11288,9830.932314616899,2445.0,2070.3002349861645,78,76,76,73
593.12245481987,122.40842110890456,3.339467659483716e-05,0.9792533921122231,0.9811130975647989,0.005000114440917969,56,11666,10655.499912712907,2585.0,2260.1409193876425,80,78,77,75
639.0612397819028,125.71970390494465,2.7639206430846135e-05,0.9772940621296051,0.981019134841434,0.004999637603759766,56,12066,10968.340239901745,2638.0,2334.4150880746083,81,79,78,75
545.2792738132863,110.03290201697676,2.9754706938598277e-05,0.9850797037591656,0.9870782926725797,0.004999876022338867,60,12761,12294.84272860567,2771.0,2629.6336360927107,85,83,81,79
513.2277006245507,113.09717509029387,2.420439430276236e-05,0.9872181852874247,0.9867729698700276,0.004999876022338867,53,12928,12171.677791159032,2792.0,2594.2453347087085,77,76,74,72
715.662655749246,135.22805103059386,4.056802112025056e-05,0.981941900289604,0.9861379359650942,0.004999876022338867,51,15346,15490.599225386686,3384.0,3361.406673527408,76,73,72,70
780.5233224926804,142.46315717099856,6.613439588460071e-05,0.9787968487960544,0.9847435194079514,0.005000591278076172,48,15619,15676.459403374261,3445.0,3399.7110524249692,73,70,70,67
61.268826226965665,14.53934235003958,1.4432651458832698e-05,-0.7790860276849811,-0.7295993322677037,0.0060007572174072266,0,191,10.0,45.0,0.22774990534718664,150,0,147,6
0.7688926751527225,0.35120040146524567,2.026682242612626e-06,0.9167568926745058,-0.007290729579689126,0.003000974655151367,0,10,10.0,1.0,0.26074086234602967,1,0,3,6
1.345929476905213,0.3807314955561582,8.176820997168577e-06,0.5888534967905024,0.039333928405048346,0.003999471664428711,0,10,10.0,1.0,0.29419436601291904,1,0,6,6
470.1221682339689,104.48261894018215,1.1359452225619635e-05,-0.6158413203091491,-0.6331442500972158,0.006000518798828125,0,1225,10.0,270.0,0.30544840849155475,150,0,143,6
666.7844822019766,146.80910593976853,6.192282080918289e-06,-0.45783882275709886,-0.49368741361353097,0.005002021789550781,0,1917,10.0,395.0,1.6453495025043763,150,0,147,149
1084.9775864000892,228.8301583393519,4.404281311457489e-06,-0.6880982376191196,-0.7496196676142395,0.0049991607666015625,0,2353,10.877287030098383,489.0,2.84158209799668,134,149,133,149
592.9287952909834,125.90883775563033,3.940424545663981e-06,-0.48672041259825494,0.3443509149790812,0.003998279571533203,119,3811,3582.143989721211,825.0,784.0,130,123,129,119
520.4708480290835,114.27389647484375,5.142147566664033e-06,0.5127728292521954,0.7164480496894341,0.0030007362365722656,108,4573,4221.814473013447,980.0,869.4113837388968,125,121,122,118
778.7711204462671,157.67379537925936,1.0318087567630927e-05,0.7242382081179248,0.7972585375699609,0.0039997100830078125,93,5221,4158.145104168899,1095.0,853.0199408875133,112,108,104,104
810.1338297748865,169.8079106923115,1.1740993147278109e-05,0.7461670653195274,0.7892388749911511,0.00400090217590332,88,5269,4048.1590329691808,1157.0,826.912809837766,110,102,103,99
816.1314162334413,172.63042752452498,1.3009326516127765e-05,0.7716675703189175,0.8125737754111764,0.003998517990112305,87,5625,4326.815591258353,1200.0,885.3155779172703,108,103,107,99
889.8206884449969,190.602084256,1.3194033204780196e-05,0.7736758161023316,0.8021482198702813,0.0040013790130615234,84,5910,4313.631226501161,1256.0,882.6084647554353,104,102,103,97
1091.823804057817,226.12660077020135,2.241393448198757e-05,0.8089571183625657,0.8235783401662559,0.003999948501586914,68,7008,4836.534259799258,1545.0,993.5367347991023,90,86,82,83
713.469059319567,156.29050956297928,1.5025155980108908e-05,0.9041612066104435,0.9108746557715839,0.004001617431640625,81,6915,5649.494582329549,1500.0,1167.7058440596916,102,100,101,96
901.8609181616473,193.92332149871504,1.7216031414669974e-05,0.8689596335205049,0.8736627538643704,0.003998994827270508,70,7175,5318.664456639574,1537.0,1095.9059196173798,94,90,89,86
687.8204510007455,147.3497686959012,1.3854719588257358e-05,0.9274661037764383,0.9328316932825389,0.004000186920166016,77,7561,6256.031169525437,1600.0,1300.569793422841,102,98,99,94
807.6947626216894,175.17081946806312,1.848214568405056e-05,0.9181747033366153,0.9207010565973595,0.005001068115234375,72,8059,6445.320661222765,1730.0,1335.2497533967735,96,93,91,90
528.5837515966732,115.70966055795991,1.6076993965068093e-05,0.966883716154167,0.9681338451080496,0.003995180130004883,77,8561,7670.224839049717,1908.0,1605.5251580999484,101,99,98,96
917.2151225364926,200.91374244717733,2.4263164123052403e-05,0.9170374092794996,0.9147008550821912,0.0050008296966552734,62,9089,6974.28420902723,1909.0,1451.9002735702916,86,85,86,81
591.9869034262643,130.73899808511567,1.8709733581988096e-05,0.9618326253505527,0.9618406362922198,0.0039980411529541016,70,8755,7644.528848688834,1905.0,1594.4403582590749,93,92,89,89
631.1362919492564,132.22767387249047,1.7343279890257492e-05,0.9718707598338703,0.9736514991855074,0.0040018558502197266,63,10711,9436.260979852597,2307.0,1991.3060642037863,87,86,85,82
623.2170566551418,132.13040603875484,2.730271219339374e-05,0.974167366252236,0.9752376124718675,0.0039980411529541016,63,11088,9761.82170825953,2387.0,2062.0729872375596,88,86,85,83
516.1869248164996,111.49979380052835,2.1657527296498863e-05,0.9835156938800556,0.9840335180461994,0.003999948501586914,65,11432,10630.090656379416,2530.0,2256.8281940455126,89,87,84,84
699.1741689142423,128.5953213323526,1.4624598726393809e-05,0.9697891348283733,0.9793332817130426,0.003998279571533203,76,11794,12194.318927626646,2574.0,2620.170619221257,101,98,98,95
552.5032738110875,116.32383845832224,4.317578220403739e-05,0.9845130489397491,0.9853081753752252,0.0039980411529541016,55,12559,11729.934965341856,2741.0,2500.1764879120637,80,78,77,75
1.7945113831545412,0.5693999865074433,6.550011382462332e-06,0.4650028836354515,-0.033821929118119876,0.003000020980834961,0,10,10.0,2.0,0.2386955278131324,1,0,9,6
1.1750814597532366,0.45959281884849346,5.673075966697821e-06,0.6672731476973981,-0.005835995890972168,0.003000020980834961,0,10,10.0,1.0,0.26074086234602967,1,0,3,6
451.40275890312205,102.67840982315347,6.561341198791474e-06,-0.6580622502009708,-0.6691037716393324,0.004999399185180664,0,1266,10.0,287.0,0.29419436601291904,149,0,149,6
430.63492531800665,97.54200371305511,8.216014299742497e-06,-0.49831942753462455,-0.5144370286770321,0.004000425338745117,0,1306,10.0,289.0,0.30544840849155475,150,0,148,6
70.8575005710246,15.874352697609305,1.1681586957533857e-05,-0.7357684520951056,-0.6766977207649787,0.005000114440917969,0,224,10.0,52.0,0.20601265740677754,150,0,144,6
84.95319475448234,20.42273331245004,8.644810087485352e-06,-0.476847298093235,-0.47159435392536353,0.004999399185180664,0,281,10.0,70.0,0.3167539191414612,150,0,149,6
904.5705558529062,202.21836271697975,5.235175770346239e-06,-0.50354718571863,-0.5313301556705379,0.004999876022338867,0,2389,30.685685605755985,543.0,8.205753032785918,147,149,143,149
1338.8109380046953,279.56065314481384,7.837183554628746e-06,-0.704191948583299,-0.7687890517663492,0.005999326705932617,0,2870,83.24704516181178,597.0,22.72790205765807,136,149,132,149
1677.2026547599683,340.00021044488585,4.873793216825476e-06,-0.7426261247409813,-0.7899758808775246,0.005001068115234375,0,3536,536.60901376409,729.0,150.63328462573668,124,149,120,149
272.37613152347575,66.80804418552947,5.031926800455793e-06,0.4625446058196595,0.5086275704834673,0.00500035285949707,0,1727,824.8147440048065,431.0,231.89383888706902,150,149,150,149
139.68770194752253,47.74228798832272,1.3944887468973766e-06,0.6791877539638287,0.5090392786286491,0.002999544143676758,126,4164,4258.024595513733,903.0,882.9279306823155,139,138,134,134
771.2290833522954,154.41704679460824,6.863710349088146e-06,0.38090702040418656,0.6107566050497192,0.0039997100830078125,104,4398,3600.1113030518677,948.0,773.0,121,112,116,104
914.581206390467,190.1376683908382,1.1644958041679741e-05,0.5640797549647741,0.6647616652468766,0.003999471664428711,93,4922,3608.7311571944592,1046.0,789.0,112,104,111,93
630.3040068609979,123.97339564764597,6.696242820691208e-06,0.6578131295837399,0.7923377157584676,0.0029993057250976562,102,4979,4134.522293957042,1053.0,846.8883305138238,119,117,113,113
925.7735382891678,197.19977385242686,1.3983651508937794e-05,0.6988166076986801,0.7407132760674473,0.003999948501586914,85,5308,3837.281824178525,1206.0,783.6252245343699,107,99,99,96
1007.9608448648673,213.27726038675513,1.4509435705426382e-05,0.790240668953853,0.8096739577551192,0.003999471664428711,76,6436,4502.657239748803,1382.0,921.1947829530036,96,94,95,91
946.461708159481,199.21253603801804,2.1356793926042716e-05,0.8633664781398831,0.8738766159403211,0.0040013790130615234,72,7358,5453.512265771782,1516.0,1122.4267252532422,97,92,88,89
1015.7352956668487,215.17947009868078,2.375601248364657e-05,0.8600854171589571,0.8656051593205081,0.0050008296966552734,67,7697,5525.365368461898,1621.0,1139.8109957489191,90,87,86,83
493.8445803833662,93.4946873495739,1.1279074639125445e-05,0.9543859360295703,0.9711745220957686,0.004000186920166016,89,7799,7651.165123532528,1722.0,1609.3813451277765,113,110,108,106
811.7046891314317,175.6465285511761,2.080497608107765e-05,0.9291871316760559,0.9298374090585195,0.004001617431640625,68,8764,6966.117968004667,1875.0,1448.6503481463405,92,90,87,86
582.6429316595014,120.24723113607399,2.2614798238999427e-05,0.967429331934511,0.971545334434788,0.004000663757324219,74,9421,8398.83617194585,1978.0,1765.4219980383095,100,97,95,94
473.64981154319696,91.9445345691569,1.6135569348041722e-05,0.9778705672168209,0.9836558401436356,0.004000663757324219,80,9479,9203.596726434327,2078.0,1943.501603627078,103,102,100,98
667.4277605541179,146.13465445228016,2.399943008354885e-05,0.9680040315066631,0.9674162326045134,0.003999233245849609,63,10545,9192.181667849294,2255.0,1937.063950132585,87,86,82,83
666.5265429316171,129.46086220290033,3.515697698193239e-05,0.9813568396772241,0.9845351897701982,0.003998994827270508,50,14097,12722.770100746513,3063.0,2723.5510645716004,75,72,71,69
629.0823201389815,116.36839058074534,1.971503299802139e-05,0.9867914812980502,0.990434496907494,0.003999948501586914,53,16010,16025.892303306215,3496.0,3480.8278587194764,77,75,74,72
745.2264537045731,143.24396242502655,3.0601897067593406e-05,0.9817493568206189,0.9854453010352012,0.003999948501586914,49,16077,16101.443233370897,3572.0,3498.331503521078,73,70,68,67
28.062313646922572,6.493735370931218,1.8805091383712413e-05,-0.8427453249296806,-0.7527113437906932,0.0049991607666015625,0,91,10.0,22.0,0.21685562138929992,146,0,145,6
3.0589921029931344,0.830829399712465,1.6444531920382487e-05,-0.9060340832181544,-0.5291047250461884,0.004000186920166016,0,10,10.0,3.0,0.22774990534718664,1,0,72,6
0.9267995219104864,0.5805360427047435,1.0423979589927012e-05,0.8721625252018484,-0.011066290637851361,0.002995729446411133,0,10,10.0,2.0,0.24969250730176595,1,0,4,6
2.257089467673242,0.3180849889090818,2.660020719840935e-06,0.4905547134918521,-0.12420066854767442,0.0030014514923095703,0,10,10.0,1.0,0.2718406114608001,1,0,5,6
182.7947843553483,43.26969543818217,8.178012354760896e-06,-0.5064395884590767,-0.48606505161624547,0.003998994827270508,0,605,10.0,139.0,0.28299177317562985,150,0,150,6
394.18619949650656,89.91211222929938,6.096261091572245e-06,-0.5574276619947043,-0.5691046002587632,0.004999637603759766,0,1183,10.0,275.0,0.29419436601291904,150,0,149,6
144.14075210924153,34.192159081291365,6.636957407698073e-06,-0.6830025778523223,-0.6920896103246836,0.004999399185180664,0,427,10.0,100.0,0.30544840849155475,150,0,140,6
412.300592477168,95.55033654268753,7.539122840970168e-06,-0.38809803628356243,-0.4050452293818554,0.004994869232177734,0,1314,10.0,295.0,0.9430670995076644,150,0,147,149
463.66727859306246,108.05794076092212,8.842914015080837e-06,-0.4779805325336284,-0.48418288753272987,0.004994630813598633,0,1528,10.0,362.0,1.6453495025043763,150,0,150,149
929.6437786231592,208.85167006943712,6.422668241742473e-06,-0.47617416355690656,-0.5131694266236,0.004999876022338867,0,2534,30.685685605755985,557.0,8.205753032785918,150,149,150,149
1422.5294783635957,292.06049559559716,5.722331155896273e-06,-0.8690286890800867,-0.9269034922980799,0.004997968673706055,0,2825,83.24704516181178,600.0,22.72790205765807,123,149,122,149
1604.0392452339881,329.80494077043664,5.039531195130443e-06,-0.7895775298165577,-0.8314385214560114,0.004001140594482422,0,3331,343.36340817807627,732.0,95.9678576897175,123,149,116,149
695.2308982373517,141.08784920451836,5.979897530598099e-06,0.1509176936941734,0.5146017568865793,0.004000186920166016,110,3955,3582.122862750599,845.0,781.0,127,115,118,110
849.8068893005449,175.23130091937972,1.0393417142859683e-05,0.47721426139453993,0.5887299559672086,0.004002094268798828,95,4187,3373.8167456592173,891.0,793.0,108,98,107,95
561.1139086702839,121.29710605986094,6.432848493346298e-06,0.6985059069775906,0.789825997679231,0.003000974655151367,103,4788,4194.921911107278,1024.0,860.1942173771236,124,117,116,113
946.3032497910879,202.37155993931216,1.7192318037841462e-05,0.7039429685683951,0.734774090714923,0.003997325897216797,83,5174,3891.35904420799,1128.0,859.0,99,92,96,83
884.899361725173,182.55791910226858,1.3575653284529086e-05,0.7322781084563774,0.78398934866646,0.003999948501586914,86,5633,4102.131478519694,1170.0,838.0121723082175,107,103,107,99
1037.7640229162344,217.22608771662377,1.7948470161871273e-05,0.7596020009843948,0.7847008051222595,0.003999233245849609,77,6223,4297.884721366476,1344.0,878.2927610166785,98,94,94,90
841.3740080433223,180.6078076856197,2.7671760941511326e-05,0.9200721487597505,0.9219649504547139,0.004999637603759766,68,8468,6676.566113353238,1802.0,1386.9182795189672,90,90,87,86
615.4315500400497,144.8587484947187,1.5007886041901775e-05,0.960628724706938,0.955883269709443,0.004000663757324219,73,8825,7653.19118721485,1912.0,1598.8407950352712,96,95,92,91
800.7142056080814,173.86104577292264,2.3045276780991847e-05,0.9367609655491084,0.9366798568477294,0.004001140594482422,64,9041,7313.872102219041,2022.0,1525.8570022286249,89,87,86,83
863.0966086574476,180.7179543300007,2.8501130617423463e-05,0.9370381694527747,0.9400584539640664,0.005002737045288086,61,9794,7791.966848859542,2066.0,1627.1667979930207,86,83,81,80
625.1177969242818,136.64858796945708,2.3552852711321327e-05,0.9767401874284994,0.9763845821655834,0.003997325897216797,61,11537,10353.985535947135,2539.0,2191.86284846948,86,83,80,80
656.8768312263343,148.94942378064974,2.9597836861170156e-05,0.9747133155599106,0.9722290554741956,0.003998994827270508,55,11709,10285.298647405474,2530.0,2176.4648045823606,80,78,73,74
532.769357740912,101.82294662261647,2.535077408452848e-05,0.984190044116718,0.9879550767244781,0.003999471664428711,65,12140,11668.27000059008,2632.0,2493.3577399874393,90,87,87,84
552.392139360346,120.53678681822625,2.1242860083512844e-05,0.9856288293713044,0.9854013629807449,0.004001617431640625,56,13239,12123.540612577317,2870.0,2594.961473016054,81,79,75,75
490.9051753801143,92.88928508315075,2.8153539224803443e-05,0.990566069938251,0.9928626906402871,0.004999637603759766,58,14569,14166.600128702119,3286.0,3057.5595330715514,83,80,79,77
589.2670244062864,126.19302389972208,1.613029352526821e-05,0.9869043654113131,0.9871972563467266,0.004000663757324219,40,15025,14318.734211033983,3261.0,3080.616360604694,65,63,64,60
713.2549748534794,133.3235397184258,1.754809034943021e-05,0.9820403416246604,0.986504475548298,0.0049991607666015625,51,15429,15116.42472268858,3369.0,3276.3167012438644,76,73,73,70
732.4226388481727,136.91191974750106,3.3418527658158036e-05,0.9823542136919658,0.9868663290107839,0.003999233245849609,50,16105,16211.635901362926,3493.0,3529.1841426463234,75,72,72,69
673.5090915557832,114.75140985296967,3.2884526942609866e-05,0.9858026229253263,0.9913122718368225,0.004001617431640625,52,16370,16763.486057157563,3675.0,3652.050985473503,78,74,73,71
71.84692471172352,15.780232937298665,1.140147932487678e-05,-0.6017058018826453,-0.5907420580065632,0.004997968673706055,0,211,10.0,51.0,0.26074086234602967,150,0,149,6
247.5074113911665,57.5321313660481,6.5966228263895615e-06,-0.5658825044447913,-0.5593368936110166,0.004999637603759766,0,783,10.0,188.0,0.2718406114608001,150,0,149,6
531.2445225823064,119.88041401325972,9.917053024764558e-06,-0.6031464982430648,-0.6336288886294499,0.003999471664428711,0,1456,10.0,333.0,0.3167539191414612,149,0,149,6
876.3862464886189,186.4945389493041,5.319172410021147e-06,-0.6684955155564032,-0.7122277729932804,0.004998207092285156,0,2118,10.0,451.0,0.9430670995076644,147,0,142,149
55.635991386437944,14.352095880860631,8.142351198154475e-06,-0.30016074819895433,-0.26028017392022185,0.005000114440917969,0,224,10.877287030098383,63.0,2.84158209799668,150,149,149,149
756.5605466637834,173.51584191398535,7.772126023640252e-06,-0.4311860712817277,-0.45853537591299864,0.004999876022338867,0,2288,18.35881898768442,528.0,4.85380949715843,150,149,150,149
234.20620141611764,55.78062395688086,5.582276475895273e-06,-0.29137019946186804,-0.29913768775315686,0.0050013065338134766,0,865,30.685685605755985,203.0,8.205753032785918,150,149,149,149
1115.2570232644184,244.17184900316593,3.6352706248932656e-06,-0.44039142834881395,-0.4744626783428294,0.005002260208129883,0,3010,83.24704516181178,626.0,22.72790205765807,150,149,144,149
603.4390684173809,131.40878134368194,5.169683588250083e-06,-0.23658145708710165,0.29533892085274915,0.003999233245849609,114,3976,3557.89826887937,824.0,780.0,128,121,128,114
913.7121795312906,190.40721736006603,1.2349538019035871e-05,0.5684632122972124,0.6517392240263528,0.003003835678100586,91,4661,3544.2054948105297,989.0,782.6999999999989,107,97,105,92
547.7016212557803,118.34701534300534,2.4626485628652803e-06,0.706909404624535,0.7970405567655793,0.003000497817993164,110,6191,6681.561241120824,1318.0,1408.865126465107,130,128,127,125
1063.5476820281583,229.16132941496664,2.9148255590898905e-05,0.8296025906961191,0.8334664945718033,0.0039980411529541016,66,7225,5046.603787194893,1544.0,1038.4967333739528,88,84,84,81
1005.4220922173312,215.78895076861434,2.5710377897272183e-05,0.8475186100626967,0.8520224348088058,0.004002571105957031,65,7346,5217.23682653883,1604.0,1074.5795955620497,87,85,84,81
527.3443969955711,113.62605576554779,1.5463547812066513e-05,0.9596391275655107,0.9638552427744141,0.0029997825622558594,83,8092,7250.474511023907,1769.0,1511.5214227817269,106,104,102,101
721.6761488777055,163.48750066901715,2.2964796270390443e-05,0.9580325882158213,0.9551100286004026,0.0040013790130615234,70,9904,8374.392962328006,2114.0,1755.0895136145082,92,91,87,87
955.481145011365,211.74090727375153,3.0713136866727454e-05,0.9286443590955543,0.9248461536742474,0.003998994827270508,57,10073,7869.727448877849,2243.0,1645.0564010217777,81,80,78,76
1654.7851115960807,361.4595183151946,6.371266838528841e-06,0.6240982167559171,0.6916175631774264,0.0039958953857421875,99,10033,12437.515031383384,2195.0,2710.251323964234,122,119,117,116
757.2700722933463,172.9158676672204,2.9815289547610137e-05,0.958497587373028,0.954333243862744,0.003999948501586914,62,10568,8813.95308126469,2277.0,1854.278134532684,86,85,83,81
767.1378074891447,159.0625969856245,3.668442542491824e-05,0.9651996661999964,0.9670999603264475,0.003999948501586914,53,11719,9922.208217739073,2522.0,2090.941646024002,77,75,73,72
504.0585535749448,106.76552077732899,2.4014487947071458e-05,0.9893799801967512,0.9898875266519659,0.004996299743652344,57,14125,13290.556135274977,3076.0,2859.6692981349006,82,79,78,76
483.4753530499189,93.73649124067563,3.876556009905232e-05,0.9917867401448189,0.9933905977962912,0.00500035285949707,47,15784,15227.371267231485,3421.0,3294.84704931713,71,70,67,66
0.8526634916567081,0.49693676161893585,8.58993426149354e-06,0.9118745418176716,-0.05363688553947754,0.0039997100830078125,0,10,10.0,1.0,0.22774990534718664,1,0,3,6
30.38731424594065,7.107241186295554,1.6151323112626344e-05,-0.5763347402018821,-0.5436998315829487,0.006000995635986328,0,92,10.0,23.0,0.2386955278131324,149,0,142,6
108.17253540400243,24.988603328862474,8.290917289639286e-06,-0.5361545053046193,-0.5065511439982229,0.006000995635986328,0,368,10.0,89.0,0.26074086234602967,149,0,150,6
115.48811484063928,27.729175954702583,9.410557130818472e-06,-0.46899873904609435,-0.4657271986023448,0.0060007572174072266,0,415,10.0,99.0,0.29419436601291904,150,0,150,6
30.562959234600044,7.161121015810138,1.1334585068287829e-05,-1.072531332484226,-0.9066363603708159,0.006002664566040039,0,83,10.0,23.0,0.20601265740677754,150,0,148,6
1.377164333364961,0.2845823844141919,2.7879655195236834e-06,0.7369214481145497,0.0,0.004000663757324219,0,10,10.0,0.0,0.3284690079401853,1,0,1,7
674.7662907961499,152.8662581875437,1.1433354110795701e-05,-0.4992649942282772,-0.5300096341681642,0.005000114440917969,0,1860,10.0,410.0,1.6453495025043763,150,0,144,149
414.60787794334516,96.6582446900861,4.611864410627688e-06,-0.38312638427959267,-0.39008353783439187,0.005003452301025391,0,1456,10.877287030098383,337.0,2.84158209799668,150,149,150,149
1249.638556518386,264.08948344980524,4.676178549100051e-06,-0.6802930978119104,-0.7296514054276597,0.005000591278076172,0,2655,50.79264887520397,573.0,13.729318568685379,139,149,134,149
1470.1720966888854,302.04620926249015,5.097220908828027e-06,-0.8795493497841034,-0.9409726569095385,0.014999866485595703,0,2943,83.24704516181178,636.0,22.72790205765807,124,149,123,149
855.9186545051227,175.6051559240845,1.0903821761524473e-05,0.17759047685271945,0.38026609873443074,0.004999637603759766,104,3752,3460.0515641749635,791.0,791.0,112,106,105,104
601.77360044176,121.30192256503457,5.767891807372288e-06,0.6222211977487504,0.7974740270430568,0.004999637603759766,105,5028,4429.755701714011,1071.0,911.8279913125416,122,120,118,116
916.5272963731013,191.1742373874657,1.4305129760594127e-05,0.7459373113673928,0.7846618059392567,0.005001544952392578,87,5625,4149.987166035933,1183.0,850.0203810872881,105,99,101,96
1039.8175966325734,216.00618875485918,2.2722408290063427e-05,0.8098268572268708,0.8277786016893907,0.005999326705932617,72,6878,4811.826626335687,1508.0,987.5652990557314,94,90,91,86
518.7371613701193,99.32266036307654,7.684551538379671e-06,0.9130073290237027,0.9474459774335384,0.005005598068237305,97,7060,7002.179315587806,1528.0,1466.9158061030312,120,118,116,115
566.1724251785771,126.92952680315616,1.1417898881491947e-05,0.9381986725451866,0.9423036043370001,0.004999876022338867,86,7223,6232.477587631896,1542.0,1295.3066479063173,108,106,108,102
909.7237147888943,201.34503667196654,2.2880485099274207e-05,0.8821571289875649,0.8821657905120144,0.004996299743652344,71,7607,5716.937708430934,1640.0,1179.2235294013267,93,91,87,87
1032.3889950683467,222.36985536563094,2.559694452867907e-05,0.8636165958099112,0.8666834786565409,0.004999876022338867,68,7973,5757.377593884597,1739.0,1189.8322827075554,91,89,88,86
834.0620012722845,181.20208580645743,2.706681736638205e-05,0.930016831489024,0.930322650820379,0.005000114440917969,67,8876,7131.501156738717,1908.0,1485.6231315431014,89,88,85,84
877.2396655547197,193.14734739330117,3.0457168232941548e-05,0.9379988545878872,0.9351484184566992,0.005001068115234375,58,9972,7948.354240889492,2179.0,1661.3995500299507,82,81,79,78
701.2459229411104,163.41180432400517,2.9652438664613412e-05,0.96799045151316,0.9633524713846826,0.004998922348022461,58,11046,9537.652736438064,2378.0,2009.237239399402,83,81,77,77
789.8528022384063,176.3943279175286,3.4318069778933444e-05,0.9639430352688385,0.9612100286236503,0.00799703598022461,53,11878,9961.571216470069,2579.0,2100.802768093199,77,76,72,72
783.6724806593248,171.5428760885443,5.3779589389946165e-05,0.9664385923008408,0.9650357247779541,0.005999565124511719,54,12161,10349.445733906578,2677.0,2189.1054090102107,77,77,74,74
528.5286224129577,124.83657546485897,4.636631042888783e-05,0.9859659618737922,0.9835656185795437,0.0049974918365478516,59,12904,11734.177515081843,2809.0,2500.1096594699684,84,82,80,79
554.6611775435168,119.80442606184737,2.9498673053689565e-05,0.9864180170013174,0.98659740338509,0.0060002803802490234,55,13699,12771.04221970448,3070.0,2737.053321810241,80,78,75,74
563.8600021684032,123.35729278498583,1.716538742192509e-05,0.9864685240432206,0.9861781056966974,0.0050008296966552734,50,14189,12931.86347584923,3110.0,2770.458027951052,75,73,70,70
1459.605586936776,297.1868223574825,1.4275068704628271e-05,0.9144485743484368,0.9300214575012277,0.00500035285949707,81,14716,16631.854693493988,3241.0,3660.0496818364627,105,102,99,99
607.9487540497422,117.28544244129475,2.250277015130469e-05,0.9863474232292383,0.9893768413063294,0.005000114440917969,59,15004,15017.971786892784,3316.0,3255.485507614305,83,81,81,78
507.0256202961269,104.40213180093555,3.869614938839241e-05,0.990690576006008,0.9915099261715428,0.005999088287353516,49,15310,14618.589576579698,3377.0,3153.0975401422056,72,71,69,67
1052.972397967978,206.18531735144006,1.439013496570266e-05,0.9617601557468102,0.9699460297549148,0.005057096481323242,69,15498,16664.666383894808,3393.0,3649.464960319783,94,90,88,87
68.8782087038051,16.395664620425595,9.245300331678969e-06,-0.5767883947088319,-0.529846446978248,0.005000591278076172,0,247,10.0,66.0,0.2718406114608001,150,0,148,6
0.721361707675083,0.49315803813649756,2.675365839381107e-06,0.9318797902589206,-0.2970925364194088,0.004000186920166016,0,10,10.0,1.0,0.3766073704703323,1,0,2,7
648.9059287314564,150.15721870470009,4.456711921955925e-06,-0.40146713512538357,-0.403968924940485,0.004999876022338867,0,2071,30.685685605755985,481.0,8.205753032785918,150,149,150,149
575.0416640784158,122.70584452562653,3.4412066840417234e-06,-1.4365996818206441,0.10466713508955106,0.004000425338745117,119,3926,3555.796969222784,877.0,761.0,129,127,127,119
968.2214118171142,197.28859883823674,1.211827281871967e-05,0.4879596160744878,0.6125839876898973,0.004000663757324219,92,4602,3415.92909935115,982.0,794.0,110,99,104,92
968.3835566057967,201.3561493427452,1.5111366566429635e-05,0.6454450519118415,0.7073038350937608,0.00500035285949707,89,5312,3740.689136682354,1119.0,785.4000000000015,108,100,102,90
906.1195416764997,182.2919055062361,1.1769274608050766e-05,0.6937852606131001,0.7691741674692016,0.0039997100830078125,91,5403,4122.270542054209,1132.0,843.3948038445087,110,105,110,102
913.2066073814811,192.13244204149103,1.579735935389001e-05,0.7625514054055735,0.7980830341630578,0.004000186920166016,85,6041,4303.012191003556,1271.0,880.530582996963,106,101,100,97
491.000888299282,98.84630508885586,6.296427336422964e-06,0.8459533574333233,0.9106148728087647,0.00400090217590332,103,6052,5648.314810178919,1301.0,1176.7066604482352,123,121,122,118
1036.8021205101945,218.57553739711162,1.664501186807452e-05,0.7634299031688874,0.7891683890113383,0.00400090217590332,79,6265,4374.662600118996,1328.0,895.1913451093078,100,96,94,94
1053.024780655655,227.4946158495578,2.5615517794648834e-05,0.8166535400658588,0.8239667739965122,0.004003286361694336,75,7059,4949.993690928675,1505.0,1016.497072682565,97,94,93,90
475.2944531920444,100.52849979726946,1.0997511271059582e-05,0.9496750289780878,0.960854755826376,0.004001140594482422,91,7350,6804.537981374962,1643.0,1421.8977621409858,114,112,110,108
1034.8939286051398,227.64368946065977,3.0251485503727016e-05,0.8760582586700483,0.8735253848688074,0.003992795944213867,63,8307,6042.952419554443,1836.0,1250.3641881240874,87,84,81,81
1086.0740113966872,236.69400678939812,2.8761356411072718e-05,0.8854196290358075,0.8829467787730055,0.0039980411529541016,61,8942,6556.386262169935,1951.0,1359.9080297340597,84,83,81,80
787.3280799484363,181.8774148613605,1.8288144583010578e-05,0.9509459546337455,0.9451465065422404,0.00400090217590332,65,10022,8336.67445729828,2178.0,1747.911639424814,90,88,82,84
776.9561880415421,178.53941005631046,4.4420404517654526e-05,0.9659573081734442,0.9614512639639684,0.004999876022338867,53,11972,10124.939067931564,2590.0,2138.142074022847,76,76,73,72
505.28323489716104,114.99574984809831,3.0205756468320655e-05,0.9880916359035676,0.9871190324386895,0.004000186920166016,62,13131,12318.50025263619,2943.0,2640.529058345437,87,84,82,81
725.1288076104034,166.90131565217845,5.0031877503158524e-05,0.9753568634239611,0.9718859109099283,0.004999876022338867,47,13455,11603.503099624972,2903.0,2473.2242542432923,71,69,69,66
606.430415304984,125.07094030622775,2.4529852712209574e-05,0.9866865996909272,0.9878481429588908,0.003999471664428711,48,15372,14214.801105309842,3318.0,3061.897711858879,73,70,70,67
602.009651011202,114.4130035168156,1.7035683921384097e-05,0.9886041528074521,0.9912571690590626,0.004996538162231445,49,16321,15436.005312657984,3576.0,3337.3157760756094,73,71,69,67
656.7302438583259,116.32929178954184,1.3048592536990442e-05,0.9868613669423193,0.9913993642733838,0.004995822906494141,60,16592,17110.03478246414,3781.0,3743.6361804019125,84,82,81,79
604.4615827064963,113.19221083185477,0.00020615856070279104,0.9886714757003776,0.991576977757771,0.003996849060058594,48,16695,16611.38168837715,3753.0,3611.3144758701455,73,71,69,67
1.3619050808827362,0.42412218168330124,3.08973649662792e-06,0.8464122457135557,0.04064200002238294,0.0039997100830078125,0,10,10.0,1.0,0.2386955278131324,1,0,3,6
55.02634335284587,12.394743514289418,1.9075046715602316e-05,-0.9440646316491461,-0.8223679368741781,0.005999565124511719,0,156,10.0,46.0,0.24969250730176595,148,0,148,6
2.6509002413729448,0.6776367369472054,3.4691348566796793e-06,0.044606828252755526,-0.06850340804836907,0.0029993057250976562,0,10,10.0,2.0,0.28299177317562985,1,0,3,6
262.10394255199344,62.205359957566884,7.708264380329417e-06,-0.39952964147884074,-0.39384796550282464,0.005999088287353516,0,903,10.0,213.0,0.5345979873598532,150,0,148,149
1330.7502933351295,280.9305390462699,4.6879178586902e-06,-0.659634869720638,-0.7146589909807632,0.0049991607666015625,0,2825,83.24704516181178,621.0,22.72790205765807,132,149,131,149
601.0205952059584,137.08870152750998,4.257476070660579e-06,-3.2638805967597966,-0.6505492876834984,0.0029993057250976562,122,3692,3468.681996670719,778.0,764.0,132,126,129,122
683.8366785467645,147.60850400804927,7.1498994506945885e-06,0.05340166450855355,0.44187128068367243,0.0039997100830078125,110,4221,3808.281901928175,913.0,794.099999999999,124,118,121,111
208.91710084807647,72.29695825845354,1.7347884836909713e-06,0.8775598887293502,0.6989284972552435,0.003999948501586914,120,5240,5488.74862649312,1123.0,1155.7051471032255,136,136,131,132
746.9394971696922,156.3035455937418,1.2020775128521753e-05,0.7688587913975091,0.8309140633480849,0.0039997100830078125,93,5610,4574.55114368988,1184.0,940.8015559057403,115,110,108,106
609.5362019664024,129.45206805732744,1.0030653023681037e-05,0.8462942669206768,0.8834947913113864,0.003998517990112305,95,5866,4977.692771168378,1269.0,1026.6237750831015,115,112,110,109
825.9385860065706,179.61966985712797,1.5219527482608946e-05,0.8822393911234496,0.8911513557020987,0.003999471664428711,82,7218,5661.570296979669,1544.0,1170.159488742721,103,103,100,99
1141.1080830564474,249.56415063250392,2.5372394953865176e-05,0.8564853321069725,0.8536002635961317,0.004996061325073242,62,8526,5908.9817917225955,1851.0,1220.8936352857859,85,83,82,80
1108.9858978744376,236.21089217268738,2.3790870305112344e-05,0.8685864195428379,0.871521756491271,0.004996299743652344,64,8727,6164.675589189327,1916.0,1276.7123191216724,87,85,85,82
1068.8672612544544,224.6249452714847,4.548127018957993e-05,0.8835566400296697,0.8878514957812653,0.003999471664428711,61,8789,6383.138622145557,1854.0,1321.4397102982402,83,81,78,78
735.2184021522248,171.927219708553,2.195915957316417e-05,0.9406969539852581,0.93382042000181,0.0040056705474853516,69,8571,7026.541098556241,1879.0,1462.2175951438467,91,91,90,87
807.0276992490784,176.66764365519896,3.0281822898744355e-05,0.9425195772592304,0.9417928426842509,0.0050013065338134766,66,9679,7763.70904087341,2107.0,1624.0958434637905,89,87,85,84
845.0024103612334,185.00040709537288,3.1245174161936056e-05,0.9454340635995719,0.9444612582084534,0.003998517990112305,65,10155,8347.390560520395,2191.0,1750.9403906851458,88,87,86,84
632.1698188278128,150.89174769343373,2.5539077573062903e-05,0.971173430656707,0.9661907142566024,0.0039997100830078125,67,10458,9259.283720480318,2282.0,1951.1428180634712,92,90,89,87
801.8351108369836,147.81444424605573,2.4815142491341963e-05,0.9744765566754829,0.9821403770250019,0.003998994827270508,71,14453,15119.542714963573,3216.0,3290.968234460124,95,93,93,90
609.5878402217528,129.8440169625218,8.553667623470318e-05,0.9871535786566908,0.9874028994052243,0.0050029754638671875,42,15993,14734.995000383668,3561.0,3182.047891424121,67,65,63,62
577.6640890542883,114.8446220724149,5.2016956469698404e-05,0.9900077731867186,0.9918409254880759,0.005000591278076172,46,16751,16443.70423254539,3766.0,3585.459530157379,70,68,66,65
112.71376436611256,26.14121730240464,1.0914023568503161e-05,-0.7294058789024702,-0.6772785605030511,0.00599980354309082,0,339,10.0,85.0,0.21685562138929992,150,0,150,6
1.23320921321616,0.6557853623636498,8.501639980439644e-06,0.8150372341614731,-0.20118654347325182,0.003000497817993164,0,10,10.0,2.0,0.2386955278131324,1,0,11,6
109.5272896312409,26.000633109560678,1.3974958862360452e-05,-0.4535474891926474,-0.4337333339872902,0.0060007572174072266,0,409,10.0,97.0,0.24969250730176595,150,0,145,6
142.38524435681876,33.23027064248518,9.541332507413892e-06,-0.742942541135232,-0.6881766261103679,0.006004810333251953,0,458,10.0,110.0,0.26074086234602967,150,0,148,6
208.0458801461395,49.68516642843147,9.889171858992943e-06,-0.472683550631394,-0.4905813461718125,0.005001068115234375,0,660,10.0,163.0,0.2718406114608001,150,0,148,6
237.7611175251793,55.69581230223882,1.319794597033263e-05,-0.4992885696473961,-0.49612635854006615,0.00501251220703125,0,770,10.0,196.0,0.28299177317562985,150,0,149,6
450.2512627058077,104.06630409149932,6.407589844299344e-06,-0.5769147691500796,-0.578557517359386,0.006000041961669922,0,1292,10.0,309.0,0.29419436601291904,148,0,148,6
1.289262786492351,0.292767452471052,2.5619820472898436e-06,0.8450492893307269,-0.03712465283931543,0.003000020980834961,0,10,10.0,1.0,0.20601265740677754,1,0,4,6
450.008567214896,103.92439852405313,8.478802504015642e-06,-0.4117318287723122,-0.4234378099378562,0.0049991607666015625,0,1476,10.0,368.0,1.6453495025043763,150,0,150,149
1614.0415753066945,326.4009294936461,5.070564619496452e-06,-0.8021931927955743,-0.8576108744436015,0.004999637603759766,0,3313,216.6523429486594,712.0,60.16583211608955,122,149,120,149
758.5875351771282,158.108307171059,5.635080038925829e-06,-1.4369663658512,-0.21724360540682408,0.004005908966064453,119,3764,3492.3350212591836,793.0,756.0,127,122,123,119
486.29399970848067,119.36421806371523,3.2732616094896626e-06,-1.2051542053851358,0.040784050585947584,0.004001617431640625,127,3924,3554.465341153506,852.0,774.0,136,131,134,127
948.6870071442203,194.59594469150232,1.403506285109656e-05,0.3210751457623515,0.4815713445295934,0.004000186920166016,99,3983,3600.367378141946,857.0,801.3000000000011,112,101,104,100
972.8615812353963,201.44056991270762,1.4009095247328856e-05,0.49101167698950376,0.5916437463691582,0.0039980411529541016,91,4560,3536.860738420356,954.0,796.7999999999984,108,95,105,92
948.8620641156889,196.21190485550207,1.11378710784831e-05,0.42598252052190677,0.5810860823081807,0.003999471664428711,98,4575,3569.047875264906,969.0,801.9000000000005,112,104,111,99
879.197527764803,174.94393863190237,1.1458695918674317e-05,0.6033486230540879,0.7183740581883062,0.003999948501586914,95,5062,3822.520132877684,1073.0,782.3568328043266,116,107,111,104
689.8300879435152,138.94737273395305,8.014066791549804e-06,0.6229190687820866,0.7732725202437372,0.003999948501586914,101,5068,4287.021477014147,1076.0,880.8187191476063,121,116,115,112
917.0759971263342,197.5226858647981,1.4085643287571425e-05,0.7126106640702341,0.752986428881422,0.0039997100830078125,88,5453,4018.7763162457236,1188.0,820.9944909036476,109,101,103,97
488.8961445157598,107.51253264192087,7.575746657592448e-06,0.8948259817192847,0.9208039590564742,0.0039997100830078125,99,6189,5441.955881747816,1324.0,1126.8079801531671,116,117,115,113
1184.3374543289394,247.27016033790278,2.391808313771608e-05,0.7488734107804937,0.7693913737740682,0.003999471664428711,73,6763,4408.590803465538,1419.0,902.5403605357669,94,90,90,86
1087.021900236873,232.4183732332582,2.092498553390275e-05,0.8020152880998265,0.8141018412955283,0.004000186920166016,74,7033,4870.3752718220985,1550.0,999.0659818898921,97,94,92,91
435.47970802811494,85.8608606700545,7.322234044443132e-06,0.9421080060869844,0.9627416682933455,0.004000186920166016,98,7188,7032.216495731727,1525.0,1477.1881498780185,120,119,116,115
1025.2545776656214,220.64720156601783,2.0573291630550002e-05,0.8455854576365456,0.8509970410443362,0.004999637603759766,71,7503,5342.616032135924,1608.0,1099.2352702697908,94,91,88,87
982.514577935367,217.73994019158923,2.1149516843541652e-05,0.8648313821035689,0.8634269931775589,0.004999399185180664,71,7599,5555.352847818034,1712.0,1144.715333343821,93,91,89,87
919.391426072199,196.95964318557043,2.0688572749341978e-05,0.8861812772379114,0.8921946458649692,0.004999637603759766,74,7786,5993.755359561423,1681.0,1237.0683395035658,98,96,93,92
582.9447325232185,138.0531039210544,1.740450108904271e-05,0.9571960406966595,0.9533535667644545,0.005000114440917969,79,8505,7305.755570516161,1843.0,1524.716984468876,102,101,98,97
920.7253678286058,202.69762057863687,3.197264328038322e-05,0.93657391980718,0.9342784980257022,0.003999471664428711,63,10265,8180.3529734477115,2181.0,1714.162587128364,85,85,85,81
751.2575612024046,173.0070439513916,3.729058605841715e-05,0.9592572707145511,0.9550947095254394,0.00500178337097168,68,10705,8946.520898587725,2335.0,1880.3462038919924,93,91,87,87
880.7934004129853,198.4282528261822,3.545914774227338e-05,0.9464108173242114,0.9420279798554685,0.004999637603759766,61,10737,8755.235666785802,2317.0,1839.7385653494275,85,84,81,81
632.7949836961963,146.15731027632904,2.4155487906755618e-05,0.9746658215901738,0.9717846267060709,0.0050008296966552734,64,11352,9975.070672693277,2498.0,2111.85569780887,88,87,86,83
715.7721857584388,171.60232159574943,3.870051129567774e-05,0.9687906910680703,0.9622737802673136,0.00500035285949707,57,11465,9843.860624609519,2498.0,2079.316426457224,82,80,76,76
712.0569384122855,167.167681676351,0.00016768435390199633,0.9734345194173233,0.9687733999330947,0.003999948501586914,52,12419,10821.962431653497,2761.0,2289.9877301323577,76,75,71,72
725.5202178291515,163.82466227738217,3.372077292172079e-05,0.9740837276059859,0.971479012827992,0.004999637603759766,52,12816,11180.460739188511,2823.0,2373.540639319047,75,74,74,71
683.2680327151409,150.51474393689222,4.370211100944619e-05,0.9778618444655942,0.9769466117376421,0.004003763198852539,53,13164,11636.927053658002,2826.0,2473.9457230215685,77,75,76,72
622.1339234165737,133.69869864819546,0.0001381826086679314,0.984887952130142,0.98496548046511,0.004999637603759766,56,14675,13215.2715719129,3218.0,2844.085245859249,80,79,75,75
630.793004583457,151.74986552921624,2.6882257720620965e-05,0.9847862723379683,0.9812446437155644,0.004998922348022461,48,15029,13395.129375752284,3304.0,2876.6965086795153,72,70,67,67
525.0691866180078,92.58451015281713,3.799776687076453e-05,0.9911808617733497,0.9942188750216431,0.005000591278076172,53,16427,15975.753393542283,3650.0,3468.5409947132885,77,75,72,72
505.4240921421404,86.70657382623347,3.581119007319609e-05,0.9923121037418446,0.9951876772604669,0.004999876022338867,56,16676,16617.3715260748,3732.0,3631.106307174623,80,78,77,75
71.22461151063992,17.09925045864636,1.5358318669762678e-05,-0.39427738571395765,-0.37496305659180496,0.005000114440917969,0,274,10.0,72.0,0.2386955278131324,150,0,150,6
0.7552183788844694,0.3085929095211645,2.892001147213152e-06,0.9110658108551659,-0.15227796406152572,0.004004955291748047,0,10,10.0,1.0,0.26074086234602967,1,0,6,6
144.3491616995533,34.802602655962794,9.287746865666025e-06,-0.438370970323708,-0.42351463405409606,0.004995822906494141,0,529,10.0,125.0,0.2718406114608001,150,0,147,6
737.7276249244048,157.39911695265442,5.563090299830803e-06,-0.8215718068013247,-0.8895155659362857,0.004998445510864258,0,1556,10.0,345.0,0.29419436601291904,138,0,134,6
544.9146622928871,119.92176522028682,8.846550324600995e-06,-0.6545517720726062,-0.6929442808558692,0.005000114440917969,0,1491,10.0,319.0,0.30544840849155475,148,0,148,6
1247.6965515305703,263.1638500917226,7.101409907490738e-06,-0.62830782467385,-0.6915874328191196,0.004998922348022461,0,2739,30.685685605755985,570.0,8.205753032785918,138,149,132,149
3.1327790802400264,0.6534653116047165,2.9754821484202048e-06,-0.21014855309365554,0.04577226040078419,0.003999233245849609,0,10,10.0,2.0,0.4391643383639272,1,0,3,8
1762.908932311743,358.5746084516622,8.160712507015947e-06,-1.0160766557447896,-1.0131748268391227,0.00500035285949707,0,3521,536.60901376409,735.0,150.63328462573668,108,149,109,149
941.606753250209,195.2461443662516,1.2163580710037916e-05,0.4313722831155541,0.558818388027966,0.003999233245849609,95,4314,3378.3670787398714,959.0,801.0,107,99,106,95
1030.8796212987172,215.7420443954297,1.589883292850356e-05,0.5049478107066907,0.6062237905992786,0.004000425338745117,90,4872,3452.6978865004685,1025.0,784.0,111,98,108,90
794.5110584883134,169.95177099833245,1.0120641902769421e-05,0.5632683096551543,0.6921375019075344,0.0039997100830078125,98,4873,3855.870033441277,1048.0,788.141630635721,118,111,111,106
1019.5947655644794,213.2459445878616,1.6717838686989153e-05,0.6161411813331651,0.6832982393201301,0.004998683929443359,87,5215,3683.7862494204664,1129.0,820.0,104,97,100,87
724.7573427040617,152.44913893352785,1.065731576332065e-05,0.827113725666522,0.867229945911659,0.003996610641479492,93,6072,4964.279493492062,1354.0,1023.7481318606701,112,111,108,108
856.6470360069388,185.27652501756825,1.8576554120230677e-05,0.8551967123222887,0.8684698827670976,0.0039997100830078125,83,6760,5204.041996930778,1460.0,1071.5783613007434,104,101,101,97
1205.7258729824812,258.5463478562242,2.112304298524854e-05,0.7797067420580543,0.7873935508761029,0.004999637603759766,67,7280,4730.249848517722,1585.0,970.6268796354025,89,86,87,83
1110.506774087289,239.13814918240135,2.5623021082435716e-05,0.82564163987843,0.8302962926045571,0.005000114440917969,70,7536,5175.302867447336,1611.0,1065.0053189274295,92,88,87,85
1097.9992805884315,241.9328090241877,2.562959793164505e-05,0.8601255416615539,0.8585017250739938,0.004001617431640625,71,8232,5891.9622381225945,1756.0,1216.6217103644121,94,92,90,88
1092.270950533575,235.35209442143332,2.5457083001194497e-05,0.8646711421354425,0.8662267984392893,0.003994464874267578,65,8484,5968.041950625749,1768.0,1234.9675498900087,88,86,84,83
1074.6035131291944,234.7796587818379,2.5475101953607407e-05,0.8886479322446622,0.8853227724368773,0.005001544952392578,57,9006,6523.734642667536,1931.0,1353.7712896026314,79,78,77,75
1048.6587076775747,233.531273376844,4.7462146907711345e-05,0.8995393229299044,0.8942272939857057,0.003999233245849609,60,9273,6922.2732761532325,1998.0,1438.8621436018366,85,83,81,79
417.1051106033066,92.82390834274395,1.8784281914599316e-05,0.9830264913687119,0.9837084703576323,0.0039997100830078125,81,9545,9045.039263037945,2106.0,1910.9836722740947,104,103,102,99
947.6854098194036,207.1240212185126,2.5432664868549667e-05,0.9376272394839305,0.935114350324642,0.004999399185180664,56,10762,8474.96269518888,2296.0,1780.0698765240913,80,79,74,75
954.8025782864286,216.57734288249222,4.073442978171025e-05,0.9500709518931925,0.9441773460005669,0.004000663757324219,49,12334,9835.094878976412,2667.0,2076.5787469252446,74,72,70,69
498.4345146065333,110.16149694569589,3.716223836586961e-05,0.98786784096734,0.9876243949884496,0.0039980411529541016,63,12778,12084.970825770642,2809.0,2585.66217875447,87,86,81,82
707.3830654880792,160.90099025468115,2.971989683297023e-05,0.9766430842297379,0.9739048423405884,0.0050013065338134766,52,13387,11644.642875527414,2924.0,2475.8357798356556,75,75,72,72
492.57442830215234,111.18289611376565,4.0917880982939365e-05,0.9922790484271826,0.9916366882357517,0.004999876022338867,50,16441,15519.488445593546,3625.0,3364.300674537828,74,72,70,69
548.595034901968,100.16982439374468,2.785160571332471e-05,0.9905950207770268,0.9934053645548249,0.0049974918365478516,57,16486,16345.497777466393,3601.0,3562.0667778164097,81,79,78,76
544.9758625336119,102.63206837621249,4.899039308493056e-05,0.9911684770121699,0.9933706499122685,0.0039997100830078125,53,17286,16490.732163876386,3786.0,3582.333386612416,77,75,74,72
81.86575079140596,19.93814705407419,1.539641067099162e-05,-0.6183814740725411,-0.5339621807641945,0.006000041961669922,0,278,10.0,70.0,0.22774990534718664,150,0,146,6
0.7459422033793449,0.2909653991547164,2.9706580478006098e-06,0.9066265110673316,-0.27642532669474185,0.003999233245849609,0,10,10.0,1.0,0.26074086234602967,1,0,4,6
1.11690582538399,0.7133331825397834,1.160584510445618e-05,0.8302042985665057,0.012539911433486872,0.004001140594482422,0,10,10.0,2.0,0.2718406114608001,1,0,8,6
883.7864504844293,186.89133745463548,7.097819619496104e-06,-0.6506981709753821,-0.7237534039547167,0.005002260208129883,0,1977,10.0,431.0,0.5345979873598532,139,0,133,149
902.8912593933136,197.82708965816232,8.294952074937664e-06,-0.5685683988794277,-0.6167350196892323,0.004999637603759766,0,2195,10.0,460.0,1.6453495025043763,149,0,143,149
823.2817714865913,184.9124272759456,4.598981593739069e-06,-0.47880577272051905,-0.5035986798850545,0.004999876022338867,0,2400,10.877287030098383,519.0,2.84158209799668,150,149,146,149
1349.32437836985,284.5414261070791,4.9979109399724455e-06,-0.6107642791470937,-0.6741583119651504,0.005998373031616211,0,2990,83.24704516181178,658.0,22.72790205765807,134,149,132,149
827.2266952252032,164.2880038438612,8.087424120131566e-06,-0.08683741478522888,0.36805521982724676,0.003000974655151367,108,4042,3553.567086473796,878.0,798.0,121,111,120,108
817.0009939820492,170.2029370552281,9.746902764755772e-06,0.5247972866189101,0.6779248075984887,0.004002571105957031,100,4836,3839.805754669309,1026.0,785.2340647177957,117,112,110,108
896.7889774183392,182.88979467682427,1.2786528617675556e-05,0.7238218824849394,0.7918008305270292,0.004997730255126953,91,5652,4323.535457511949,1215.0,886.34718604622,110,105,105,102
483.18805944328443,97.27901247880206,6.085455331248263e-06,0.8644666363630742,0.9192560913580021,0.00400233268737793,105,6561,6215.542433728589,1384.0,1300.4462094764822,126,124,125,121
761.1513890485013,175.46398426068623,1.5215634532136766e-06,0.425774034375762,0.18613244763063896,0.0029997825622558594,116,6257,7270.098223137002,1352.0,1546.2161634506065,137,134,133,132
1019.3280538312575,222.157405288711,1.8877119733743796e-05,0.7989924696694641,0.8110897563092707,0.0039997100830078125,78,6707,4705.81385007563,1404.0,967.8715999881438,101,97,98,94
1024.4613346389447,225.7856192540941,4.0223070153529515e-05,0.8821732944374447,0.8798357443887815,0.011995553970336914,66,8288,6151.637637122078,1809.0,1274.5412325350753,88,87,85,83
895.5719182878017,202.24258935274352,3.8620482303644606e-05,0.9175983883496233,0.9132665156497599,0.004997730255126953,71,8769,6856.9117357531995,1905.0,1423.9292048415173,91,91,90,87
965.3359343090224,213.12791304483162,2.950782767341558e-05,0.9197561531902673,0.916696321936756,0.0049991607666015625,64,9463,7416.481153760015,2070.0,1548.0269445337017,87,86,83,83
486.34402453367744,86.68605488637226,1.5249631163074368e-05,0.9778861263048474,0.9863073041434308,0.005997419357299805,83,9880,9688.02800040238,2132.0,2058.3961002992964,108,105,103,102
984.2694038699999,225.36279304261794,3.518829250621809e-05,0.9283674838575686,0.920447606519054,0.0059964656829833984,60,10417,8061.574867491381,2257.0,1685.0065704283716,84,82,78,78
847.3444609625789,189.6021458040119,3.161020626970916e-05,0.9474477980187704,0.9440672916146714,0.005996227264404297,62,10358,8528.107912599151,2241.0,1789.6848349169595,86,85,82,81
744.7529310356457,180.77258466752036,3.248034434409271e-05,0.9695174658347825,0.9621214181389871,0.0059969425201416016,55,12096,10370.426331696566,2701.0,2196.331495914613,78,78,74,74
773.6941026719558,171.58955453290602,3.491932327435322e-05,0.9692055934535116,0.9675050904243763,0.0059967041015625,55,12579,10796.450615948803,2740.0,2291.300563152279,79,78,77,74
578.1260248056564,136.85532985571461,3.240942357922288e-05,0.984008722324161,0.981184205998107,0.005995988845825195,61,13035,11797.98981997969,2840.0,2520.1077645450605,84,84,81,80
642.5948667205259,141.43692679567695,8.424235930365867e-05,0.9825712746121762,0.9816751652328719,0.004996538162231445,50,14097,12617.8562808815,3098.0,2700.8631259098256,74,73,72,70
542.0418540366868,123.49795640358671,3.862539555008678e-05,0.9909183103309485,0.9901667541806105,0.005997896194458008,47,16470,15649.338275092552,3683.0,3398.5961276081453,70,69,67,65
86.30114295869502,21.177492956221617,1.569857937516714e-05,-0.547639024768418,-0.49486189858423013,0.006997108459472656,0,304,10.0,84.0,0.21685562138929992,149,0,149,6
75.8104267383714,16.249561322426267,9.319776806277895e-06,-1.000148025308985,-0.9036449329853771,0.0059969425201416016,0,209,10.0,58.0,0.22774990534718664,149,0,149,6
100.16350486666663,22.965192118762257,8.269057066361839e-06,-0.5144369433139295,-0.49885274319928397,0.005995512008666992,0,334,10.0,80.0,0.2386955278131324,150,0,150,6
456.61236069675755,100.84470990061509,6.4057694132836405e-06,-0.5750566897765403,-0.5951190435587781,0.006996870040893555,0,1253,10.0,275.0,0.29419436601291904,150,0,146,6
1.2967442377816585,0.6832491213094796,4.998737847316301e-06,0.7790192772323725,-0.16020826675234856,0.003998517990112305,0,10,10.0,2.0,0.20601265740677754,1,0,7,6
126.57343558961539,31.687005782050267,7.151395396324337e-06,-0.4579121473470842,-0.4265097681498877,0.0059871673583984375,0,461,10.0,125.0,0.3167539191414612,150,0,150,6
125.3481300911306,30.624094649153662,5.700739574143026e-06,-0.508488040912471,-0.48641928394106393,0.005995988845825195,0,445,10.0,109.0,0.5345979873598532,150,0,148,149
2.786133487984645,1.3100319553540605,5.011479457990102e-06,-0.10185363748491238,-0.5403015411493735,0.004000186920166016,0,10,10.0,4.0,0.34037636304347596,1,0,10,7
1448.7706332508337,297.4650956221198,6.294681888120469e-06,-0.8009987671181416,-0.8720886561481742,0.0059969425201416016,0,3004,83.24704516181178,639.0,22.72790205765807,126,149,119,149
1074.1522597092808,240.75718811397206,6.117726375168049e-06,-0.3310375349356842,-0.34334869472847007,0.004996061325073242,0,3147,216.6523429486594,677.0,60.16583211608955,150,149,145,149
1006.7290176968212,205.6435174760172,1.5210443192931835e-05,0.45310084522667693,0.5447451590596193,0.003998994827270508,94,4270,3669.9386343473016,914.0,817.5000000000009,102,96,98,95
1034.1941864569897,222.910953229803,1.681683944449131e-05,0.5788599845605271,0.6508685312069489,0.003999233245849609,89,5271,3575.9437563881233,1141.0,756.0,108,101,104,89
1065.411840510238,223.69794457330406,1.997782843716854e-05,0.6745930944570953,0.7197863928477048,0.004998445510864258,84,5684,3906.0531348586014,1215.0,799.5,105,98,100,85
1040.5110042805313,226.4358301235803,1.998570273058762e-05,0.7192745684550085,0.7388736123407755,0.004998207092285156,81,5782,4046.6475572054333,1238.0,841.8000000000006,100,94,100,82
944.848456123695,196.65678488517256,1.9176205028165602e-05,0.8253463001415268,0.8481814629208462,0.003999471664428711,80,6849,5014.106311053442,1461.0,1032.0844075150235,103,100,96,96
1009.279347158297,221.5154606249016,1.9591732054562032e-05,0.828591424583485,0.8368069202624502,0.003999233245849609,79,7252,5161.298792147583,1546.0,1064.3846677598804,101,98,99,94
1138.0553540365036,249.54203025656466,2.9878668236377817e-05,0.8103706946919051,0.8107090908953427,0.004998445510864258,70,7443,4999.435499247846,1641.0,1027.681032026093,92,89,86,86
1015.8692689626147,227.19637339747106,2.3057650614591085e-05,0.8692260908432284,0.8646969655804873,0.004998207092285156,67,7891,5756.486949348451,1716.0,1188.9865754999664,91,88,86,84
1115.767052655326,240.90903269414167,3.9834303536288144e-05,0.8781896386038502,0.8777409782980988,0.0049970149993896484,63,9029,6456.304202387215,1950.0,1340.33821547977,86,85,83,81
1098.061644160231,243.22848392910404,2.9842253374000007e-05,0.8926476400983736,0.8871998812044037,0.005000114440917969,59,9478,6888.122900497152,2038.0,1431.72577402953,83,82,82,78
952.435435216736,207.32967199265062,2.7976987777065025e-05,0.9230499164359003,0.9224862455780585,0.0039980411529541016,65,9624,7529.6522802909385,2045.0,1573.1872583286731,89,87,85,83
765.3032835941526,175.79480598748498,2.385877631487664e-05,0.95327567029716,0.9490239730522093,0.004998922348022461,69,10085,8436.138203556582,2181.0,1769.5746936209862,95,92,89,89
789.3697337173775,178.45525987709823,2.755044486014633e-05,0.9559869513673789,0.9527892223267984,0.005000114440917969,67,10620,8898.819981698696,2394.0,1872.6794545556922,89,89,86,86
813.2288483710923,192.73283293049795,3.1836499449670496e-05,0.9607596767829646,0.9537573369321938,0.004999399185180664,61,11537,9703.001992527761,2473.0,2048.506075748912,84,83,80,80
871.3959915101813,210.81885916280183,4.064321210902306e-05,0.9577336203446121,0.9473968106817172,0.005838632583618164,46,12151,9994.414288129015,2668.0,2113.150246103971,70,70,68,66
788.1175337188812,184.67599308854653,5.4415248603275546e-05,0.9689206950231162,0.9637030705920837,0.004996776580810547,56,12721,10856.38705581461,2782.0,2306.507463570504,80,78,76,75
697.1856970474594,168.41259863728757,2.7347575248047433e-05,0.9799435597137315,0.9751011735135502,0.0039997100830078125,55,14167,12544.526364536376,3098.0,2690.108265242019,79,78,76,75
656.3160234970214,146.64283079043147,1.5546505027203884e-05,0.9830937172871624,0.981809490663255,0.004996538162231445,52,14657,13101.288713410988,3209.0,2805.9000415053197,76,75,72,72
637.7166077969213,146.6000702942637,4.296384435207796e-05,0.9844543292822131,0.9823325468876448,0.004998207092285156,51,14807,13308.851066137333,3253.0,2857.773518671409,73,73,72,70
579.5072129790813,135.37254637921995,2.7339106373463095e-05,0.9881180318139561,0.986386969882459,0.00499725341796875,52,15255,14079.466127579042,3397.0,3028.319379857432,76,75,74,71
576.7678461165642,137.37651904137473,0.00015187584626681676,0.9890123743636656,0.9867379466308301,0.004997968673706055,47,16147,14904.848479365886,3685.0,3224.0259348701384,70,69,68,66
558.9138934769499,113.38872349203967,6.734734817410369e-05,0.9899206429080725,0.9910964653747025,0.004999876022338867,49,16508,15424.696885233378,3583.0,3336.6784123355847,74,71,70,68
616.1462937343148,123.64141264020189,2.255714246008261e-05,0.9889716573226025,0.9907416531798913,0.004997968673706055,47,17170,16149.13825721704,3751.0,3513.682046586495,71,70,70,66
81.818970986259,19.766861133703657,1.953608933530951e-05,-0.44176057815989767,-0.4290483026500318,0.005995988845825195,0,287,10.0,70.0,0.22774990534718664,149,0,146,6
1.5059709823989251,0.5793801702496825,6.544817485012249e-06,0.3974728391857477,-0.09246306805206994,0.006997823715209961,0,10,10.0,2.0,0.2718406114608001,1,0,16,6
456.87341086587503,103.0282613934205,6.832695933643086e-06,-0.4980677074684259,-0.5165022073370558,0.004999876022338867,0,1326,10.0,312.0,0.28299177317562985,150,0,148,6
1.4490998269092954,0.5371422792345463,7.665937479814974e-06,0.681244195708768,-0.025331076174981204,0.004000186920166016,0,10,10.0,2.0,0.3284690079401853,1,0,16,7
1030.8137640154478,224.78177934881157,4.081934845393288e-06,-0.5306012220784064,-0.57763443908159,0.00500035285949707,0,2535,18.35881898768442,521.0,4.85380949715843,150,149,138,149
0.8595244022244096,0.5724939145330946,4.5713067191313605e-06,0.840263308536383,0.08800199741933579,0.002997159957885742,0,10,10.0,2.0,0.4391643383639272,1,0,11,8
779.5369126103525,162.12988480255223,6.327764621220363e-06,-0.8432888718804377,0.047706337161539714,0.002999544143676758,119,3798,3545.9419009454778,807.0,767.0,127,121,124,119
1111.8200863511136,235.9913653412232,2.1873707077053435e-05,0.6111560194665963,0.6554749131108015,0.00400090217590332,84,5387,3613.023248610183,1158.0,792.0,102,94,97,84
519.2254505293607,106.5124142329252,7.851689320729001e-06,0.8681570737949458,0.9181194479971528,0.0029997825622558594,103,6442,5876.81439180378,1361.0,1224.6235722280244,124,121,118,117
1276.5085434172286,266.35962440542926,2.7316757183717514e-05,0.7251932365049747,0.7420601333419522,0.0050008296966552734,66,6811,4215.212811994649,1430.0,861.7962454044646,89,83,83,79
1071.7187532037203,235.47241601074376,2.4749438284774674e-05,0.7989070378443859,0.8044259114524024,0.003999948501586914,76,6990,4793.625993987144,1493.0,982.3356271072994,98,96,94,91
1136.5003853101214,246.87058850587084,2.051554131797239e-05,0.8034036389146577,0.8120641659689504,0.0039997100830078125,77,7411,5088.396501566365,1590.0,1047.080270630072,97,96,93,94
1125.5966232935546,245.57278405828765,2.4187715118070623e-05,0.8134081950089973,0.8158316913919216,0.003999948501586914,71,7446,5047.1175134325495,1643.0,1036.703694138051,93,91,91,87
1158.1319300572954,249.8750216981036,2.1836983502624246e-05,0.8181407204325086,0.8220561475042323,0.004999876022338867,69,7620,5194.422014461763,1686.0,1069.1715004183116,92,88,88,84
1147.088840139679,251.378513055604,2.772903315366289e-05,0.8724862567285143,0.8689355695881434,0.004999399185180664,63,8967,6427.078766174743,1945.0,1332.84106837147,87,85,81,81
807.5275663252228,185.74328176723404,2.4386167594365157e-05,0.9350149572785871,0.9296045410634249,0.00500035285949707,72,9130,7337.027505075209,1999.0,1528.925455065677,95,94,92,91
915.7215260204067,210.22610602515314,3.603237878623031e-05,0.9357298696842382,0.9292554645501844,0.004998922348022461,66,10219,8127.697688290331,2222.0,1702.307948293561,89,88,84,85
985.0488034243706,223.50949263918054,4.870135588764366e-05,0.9314273955253348,0.9245720450775149,0.00500035285949707,57,10622,8264.994796936599,2327.0,1732.5644737969105,80,79,77,76
997.5097126859852,221.57666083013385,5.282426684541555e-05,0.9360620538399785,0.9316936045292376,0.0050008296966552734,56,11221,8765.133075528141,2449.0,1844.7239089403756,79,78,77,75
668.0219778042158,162.7642112558386,9.144093308864761e-05,0.9811281123402504,0.9762366896336709,0.0039997100830078125,53,13863,12406.266557179497,3029.0,2648.417696984363,77,75,73,72
459.83870946736465,112.14474962108196,3.119049178617504e-05,0.9917477652318644,0.9897643956995236,0.004000186920166016,61,14548,13657.559354521702,3159.0,2941.6003074653418,85,83,80,80
530.1545866075252,113.88686204221834,3.423789658124312e-05,0.9914029172547609,0.9915519988534425,0.003999948501586914,43,16781,15931.093386626031,3750.0,3458.890302403852,68,66,63,62
493.2353682471299,115.25757926244582,0.00010466528241202228,0.9930159279868896,0.9919472338068535,0.00599980354309082,47,17381,16476.96548115059,3886.0,3586.365012453596,71,69,66,65
57.16789642365332,14.008349342294238,7.75570748390989e-06,-0.6817939186069915,-0.5995261676952162,0.00599980354309082,0,213,10.0,54.0,0.26074086234602967,150,0,150,6
1202.0961245935807,252.60581819825362,5.067818945206128e-06,-0.7211570136559486,-0.7897804314625065,0.004999637603759766,0,2496,10.877287030098383,548.0,2.84158209799668,135,149,132,149
1418.429097116541,302.0622605144539,5.729123984207078e-06,-0.48134230761275987,-0.5304400092931016,0.0060002803802490234,0,3451,135.04021954898428,713.0,37.20509852358779,142,149,142,149
1664.1435746498526,342.8286266851116,5.025714546151786e-06,-0.6903756708156217,-0.732616806395378,0.00500178337097168,0,3443,216.6523429486594,732.0,60.16583211608955,129,149,123,149
852.8320062783706,180.93665182210628,9.291195023759094e-06,0.13961051979271977,0.4401061268268991,0.004001140594482422,105,4275,3526.8085534952916,910.0,781.0,121,112,121,105
1029.591079430861,213.57959622887753,1.5356752563179458e-05,0.5589979110397295,0.6570356328638702,0.003999948501586914,90,5201,3700.9872733141815,1078.0,757.0,112,102,109,90
1034.2248230206408,214.85517545996052,1.5003520476843451e-05,0.6146895853086097,0.6981464327894739,0.004000186920166016,90,5388,3862.2054878717076,1178.0,816.5999999999995,107,101,105,91
1060.0078665006222,227.50403603212706,1.9522449386081346e-05,0.7140769178414245,0.7409748964245623,0.003999948501586914,81,5975,4065.51362903831,1273.0,832.2164081079582,102,97,100,94
779.1855600989132,160.8543692234644,1.2872124553225769e-05,0.8283661678941526,0.8710181083100298,0.004998922348022461,93,6416,5210.3524316717085,1419.0,1076.2187128018973,116,112,111,108
1282.762812574597,284.1511468648534,3.472105747670544e-05,0.7695157505332402,0.7614688910259654,0.004997730255126953,61,7430,4657.73712135321,1620.0,956.1997753380665,85,80,81,76
1111.405314086211,237.66034036525247,2.4235409177401344e-05,0.8290995860806039,0.8353326404613447,0.004994392395019531,71,7678,5291.704289162943,1622.0,1088.9828334957983,93,91,91,87
1157.701465489691,255.9223041068676,2.9921568141595273e-05,0.8266294846160327,0.8244462325287754,0.00500035285949707,69,7774,5379.142426954802,1706.0,1108.4182568605274,92,90,85,86
983.3469359219546,217.01971293623942,2.8037196304852578e-05,0.8738373022246134,0.8746370140965692,0.004000186920166016,72,7992,5952.134883786352,1756.0,1230.1352439047178,96,95,92,91
534.9156622557443,123.76138403798905,1.845269023186594e-05,0.9674919780025428,0.9668441504824605,0.004000186920166016,84,8946,8046.741797762472,1987.0,1693.4963708489586,106,106,102,102
982.3536842136357,220.97249403294848,2.7537278799154736e-05,0.9185151653234844,0.9132395040119838,0.005001544952392578,65,9783,7508.52326388151,2102.0,1567.9964285802926,89,88,86,84
1028.0546296141385,231.35629229742466,4.089253335741864e-05,0.9310347987650115,0.9249912516158274,0.004000186920166016,58,10932,8596.995081569969,2340.0,1802.7180326883763,80,80,76,76
932.8138812571141,217.0161942301489,5.090140543003332e-05,0.9505777467771284,0.9428927738349839,0.005000591278076172,54,11979,9646.326112109105,2637.0,2029.5934493531722,78,76,73,73
944.82318410871,217.6320781317739,3.518139666762493e-05,0.9527300015464957,0.9462443497141357,0.004998922348022461,54,12418,10046.15948080808,2709.0,2116.7725009390333,76,76,74,72
889.4507204436868,206.04485693066198,3.522857745578473e-05,0.95987555209052,0.9536891341413245,0.005000591278076172,51,12820,10485.38842254809,2847.0,2220.692540539263,73,73,70,70
737.230108788135,169.56947694137952,2.2159452879929883e-05,0.9803453005478527,0.9780629571090473,0.0049991607666015625,47,15274,13442.166018318774,3299.0,2888.825963733121,71,69,66,66
600.6811732575597,138.24859372770365,2.2160285504118642e-05,0.9879400844139833,0.9864396473330568,0.004999637603759766,47,15997,14600.07897141773,3457.0,3149.701374207427,71,70,68,66
504.263338870927,108.9195297211979,0.00017047094144686248,0.9915064000682963,0.9915937381397782,0.004999876022338867,51,16018,15089.771190874799,3499.0,3266.241698457401,75,73,71,70
