rmse_I,rmse_Inc,rmse_Beta,r2,r2_Inc,r2_full,r2_Inc_full,time_predict,fraq_people,actual_peak_I,predicted_peak_I,actual_peak_Inc,predicted_peak_inc,actual_peak_day,predicted_peak_day,actual_peak_day_Inc,predicted_peak_day_inc
0.5400617248673217,0.14433756729740643,4.286795801216142e-06,0.4996276991809382,0.31182795698924726,0.8935523114355232,0.47916666666666674,0.03215599060058594,4,10,5.0,1.0,1.0,1,4,4,4
0.1767766952966369,0.0,9.999999999999994e-08,0.9194405594405595,1.0,0.9851160944631872,1.0,0.040406227111816406,4,10,4.0,0.0,0.0,1,4,1,4
1.3149778198382918,0.3679900360969936,5.2695138818692e-06,-0.018665302991562438,-0.10736468500443674,0.5364552791041857,-0.1026293469041557,0.04050421714782715,4,10,4.0,2.0,0.0,1,4,16,4
0.3535533905932738,0.10206207261596575,5.817243549258298e-07,0.8540848638378721,-0.010526315789473939,0.9592100343315545,-0.010101010101010388,0.03844332695007324,4,10,5.0,1.0,0.0,1,4,8,4
0.1767766952966369,0.0,9.999999999999994e-08,0.7880794701986755,1.0,0.9858028488949884,1.0,0.03858327865600586,4,10,3.0,0.0,0.0,1,4,1,4
0.6535161308899218,0.25,2.3709980791274015e-06,0.8217310566601749,0.10973724884080405,0.9123931623931624,0.2146596858638743,0.0321810245513916,4,10,8.0,2.0,1.0,1,4,6,4
0.568257570707744,0.0,9.999999999999994e-08,0.7747502270663034,1.0,0.9083274189732671,1.0,0.030118703842163086,4,10,6.0,0.0,0.0,1,4,1,4
0.3535533905932738,0.0,9.999999999999994e-08,0.7125031195408038,1.0,0.9586933324154074,1.0,0.030427932739257812,4,10,5.0,0.0,0.0,1,4,1,4
0.1767766952966369,0.0,9.999999999999994e-08,0.6785714285714286,1.0,0.9792516771560965,1.0,0.032335519790649414,4,10,2.0,0.0,0.0,1,4,1,4
0.9013878188659973,0.3679900360969936,5.7953344120434334e-06,0.21203830369357057,-0.10736468500443674,0.6605596414117239,-0.03503184713375784,0.04039478302001953,4,10,3.0,2.0,0.0,1,4,8,4
0.14433756729740643,0.0,9.999999999999994e-08,0.31182795698924726,1.0,0.9898042414355628,1.0,0.04059123992919922,4,10,1.0,0.0,0.0,1,4,1,4
0.5400617248673217,0.30618621784789724,2.8014328034009745e-06,0.8744159970099048,-0.060122699386503164,0.9354303108569321,0.038461538461538214,0.038400888442993164,4,10,6.0,2.0,0.0,1,4,8,4
1.241638702145945,0.408248290463863,1.3880937299509077e-06,0.6672209860639418,-0.01654533421575133,0.7878774849149359,-0.013299556681443558,0.0387113094329834,4,10,9.0,2.0,1.0,1,4,7,4
1.4215601757693317,0.14433756729740643,6.267623440455174e-07,0.26515151515151514,-0.02127659574468077,0.5956985661887295,-0.02040816326530681,0.03011918067932129,4,10,4.0,1.0,0.0,1,4,7,4
1.7911821050170564,0.6123724356957945,3.2479870234429378e-06,0.05590855391296001,-0.19999999999999996,0.4611239414934566,-0.1707317073170731,0.03235888481140137,4,10,6.0,2.0,0.0,1,4,14,4
1.3616778865306827,0.3818813079129867,3.709209748389357e-06,-0.34350184762953084,-0.17073170731707288,0.34798534798534797,-0.16279069767441845,0.032364845275878906,4,10,5.0,1.0,0.0,1,4,6,4
0.14433756729740643,0.0,9.999999999999994e-08,0.7644171779141105,1.0,0.9908571428571429,1.0,0.040307044982910156,4,10,2.0,0.0,0.0,1,4,1,4
0.22821773229381923,0.0,4.885734234556381e-07,0.8843652132016382,1.0,0.9799164524421594,1.0,0.040422677993774414,4,10,4.0,1.0,0.0,1,4,2,4
0.9519716382329886,0.1767766952966369,7.560498223698264e-07,0.33960623072665475,-0.032258064516129004,0.7034663758137631,-0.03092783505154606,0.038138389587402344,4,10,4.0,1.0,0.0,1,4,11,4
2.033572390318738,0.5951190357119042,2.581279061341639e-06,-0.2827572279627075,-0.2142857142857142,0.2287518212724624,-0.08834827144686308,0.03013467788696289,4,10,7.0,3.0,0.0,1,4,24,4
0.2041241452319315,0.0,9.999999999999994e-08,0.8445973290165926,1.0,0.9783491204330176,1.0,0.03011488914489746,4,10,3.0,0.0,0.0,1,4,1,4
0.8955910525085282,0.25,1.4399628836016728e-06,0.45964912280701753,-0.06666666666666665,0.8033908691655602,-0.06382978723404253,0.030138254165649414,4,10,5.0,1.0,0.0,1,4,8,4
0.7772815877574012,0.30618621784789724,1.8939919492584006e-06,0.7789686792902227,-0.10344827586206895,0.8927038626609443,-0.09890109890109877,0.032149314880371094,4,10,7.0,1.0,0.0,1,4,7,4
0.2041241452319315,0.0,1.1141764683518827e-06,0.9104268719384185,1.0,0.9860583458227319,1.0,0.030161142349243164,4,10,4.0,1.0,1.0,1,4,3,4
0.5863019699779287,0.1767766952966369,6.509165580728448e-07,0.6082601706442438,-0.032258064516129004,0.8872758326216909,-0.03092783505154606,0.030144453048706055,4,10,4.0,1.0,0.0,1,4,6,4
1.3228756555322954,0.408248290463863,2.7701844455080986e-06,-0.7921991332370262,-0.10344827586206895,0.18303831939311432,-0.045068582625734877,0.030145883560180664,4,10,1.0,2.0,0.0,1,4,16,4
0.47871355387816905,0.0,9.999999999999994e-08,0.7448967266578088,1.0,0.9183097545579444,1.0,0.03013134002685547,4,10,5.0,0.0,0.0,1,4,1,4
1.1226827987756234,0.46770717334674267,1.6825221252209497e-06,0.6176809399993417,-0.08620689655172442,0.7668773119605425,-0.0442565887618096,0.03866410255432129,4,10,7.0,2.0,1.0,1,4,10,4
0.6846531968814576,0.30618621784789724,1.9885316659583476e-06,0.7954157984466754,-0.060122699386503164,0.8992725237828764,-0.0575793184488842,0.03049612045288086,4,10,7.0,2.0,0.0,1,4,14,4
0.22821773229381923,0.10206207261596575,2.119309268057932e-06,0.7115384615384617,-0.010526315789473939,0.9642115811323456,-0.010101010101010388,0.038163185119628906,4,10,2.0,1.0,0.0,1,4,7,4
0.5204164998665332,0.408248290463863,5.040542878325815e-06,0.8115372999093929,-0.043478260869564966,0.9230769230769231,0.011735639283508847,0.030325889587402344,4,10,5.0,3.0,0.0,1,4,10,4
0.9298297335175583,0.27003086243366087,5.8869878228990185e-06,0.619974245242524,0.045454545454545525,0.7993424233633111,0.14529914529914578,0.032362937927246094,4,10,7.0,1.0,1.0,1,4,4,4
0.30618621784789724,0.0,1.297022510689502e-06,0.8711217183770883,1.0,0.9711538461538461,1.0,0.03233194351196289,4,10,5.0,1.0,0.0,1,4,3,4
0.14433756729740643,0.0,9.999999999999994e-08,0.9599916649301938,1.0,0.9929318631608708,1.0,0.04096245765686035,4,10,5.0,0.0,0.0,1,4,1,4
1.2909944487358056,0.3227486121839514,4.952972740023416e-06,0.3162393162393162,-0.11627906976744207,0.6263079222720477,-0.021450459652706755,0.04037117958068848,4,10,7.0,1.0,0.0,1,4,4,4
0.22821773229381923,0.10206207261596575,1.0505580631521241e-06,0.9428503393261103,-0.010526315789473939,0.9846035411855273,0.796334012219959,0.0383298397064209,4,10,6.0,2.0,0.0,1,4,4,4
0.2041241452319315,0.0,7.518723441168893e-07,0.9749934878874706,1.0,0.9925477410340009,1.0,0.030649423599243164,4,11,8.0,1.0,0.0,3,4,3,4
0.7905694150420949,0.25,4.281057736043372e-06,0.41080196399345337,-0.028571428571428248,0.8348517794720762,0.11111111111111105,0.0321505069732666,4,10,5.0,2.0,0.0,1,4,22,4
0.10206207261596575,0.0,9.999999999999994e-08,0.9827089337175793,1.0,0.996824489536693,1.0,0.03237271308898926,4,10,5.0,0.0,0.0,1,4,1,4
0.3227486121839514,0.2041241452319315,1.6659096741877046e-06,0.9237550631403384,-0.010526315789473939,0.9736952861952862,0.18533604887983623,0.04042363166809082,4,10,6.0,2.0,0.0,1,4,10,4
1.0752906583803283,0.3227486121839514,4.704111928862127e-06,0.1256974072858551,-0.0714285714285714,0.6198109330045211,-0.06837606837606858,0.040212392807006836,4,10,5.0,2.0,0.0,1,4,16,4
0.28867513459481287,0.10206207261596575,1.2617802801321233e-06,0.8952965235173824,-0.010526315789473939,0.9756720593601752,-0.010101010101010388,0.040216684341430664,4,10,5.0,1.0,0.0,1,4,6,4
0.7569125885243729,0.27003086243366087,4.4203996201453525e-06,0.11155981827359918,-0.0786516853932584,0.8101549825687756,-0.07526881720430079,0.03841996192932129,4,10,5.0,1.0,0.0,1,4,13,4
0.2041241452319315,0.0,9.999999999999994e-08,0.8194640338504937,1.0,0.9817609776116,1.0,0.0384366512298584,4,10,3.0,0.0,0.0,1,4,1,4
0.10206207261596575,0.0,1.1179863996588074e-06,0.9716981132075472,1.0,0.9949543367475655,1.0,0.030356645584106445,4,10,4.0,1.0,1.0,1,4,5,4
0.22821773229381923,0.2041241452319315,2.343351571505563e-06,0.9289835774522859,-0.010526315789473939,0.9859011955786149,0.31506849315068464,0.03236818313598633,4,10,5.0,2.0,0.0,1,4,11,4
0.30618621784789724,0.10206207261596575,1.2923309196447364e-06,0.8161702127659575,-0.010526315789473939,0.959983993597439,0.4897959183673466,0.03275275230407715,4,10,4.0,1.0,0.0,1,4,3,4
0.48947250518628044,0.1767766952966369,1.0237446714585559e-06,0.7616580310880829,-0.032258064516129004,0.9330207635632953,-0.03092783505154606,0.04062986373901367,4,10,5.0,1.0,0.0,1,4,8,4
2.4516151138926086,0.5951190357119042,3.730116551671744e-06,-0.48011970927746894,-0.17410071942446081,0.0030409841730594245,-0.14439582632110382,0.04020547866821289,4,10,6.0,3.0,0.0,1,4,24,4
0.39528470752104744,0.10206207261596575,4.794526494919344e-07,0.767404296559522,-0.010526315789473939,0.9454227914422938,-0.010101010101010388,0.040196895599365234,4,10,4.0,1.0,0.0,1,4,8,4
1.2204848763230673,0.46770717334674267,3.410013949636551e-06,0.12716174974567607,-0.1673422119281991,0.5221227108675313,-0.11940298507462699,0.038614749908447266,4,10,4.0,2.0,0.0,1,4,11,4
1.20761472884912,0.338501600193165,2.3364222196631637e-06,-0.16828929068150256,-0.08307692307692305,0.5316315947944197,-2.220446049250313e-16,0.03821444511413574,4,10,4.0,2.0,0.0,1,4,29,4
0.5863019699779287,0.1767766952966369,1.0901113540241413e-06,0.6031567080045096,-0.032258064516129004,0.8859670341062235,-0.030927835051546504,0.03036975860595703,4,10,5.0,1.0,0.0,1,4,10,4
2.4516151138926086,0.6208193510729725,3.7418296333260756e-06,-0.6439234307760793,-0.2476290832455217,-0.2252872098702512,-0.22882763201594147,0.03139066696166992,4,10,7.0,2.0,2.0,1,4,5,4
0.7430231041719587,0.25,2.183935887230016e-06,0.4457516339869281,-0.06666666666666665,0.8094279242026535,0.07834101382488468,0.032567501068115234,4,10,5.0,1.0,0.0,1,4,4,4
1.3110110602126894,0.3227486121839514,1.593852435215713e-06,-0.0015807777426495306,-0.07142857142857117,0.4402225539421901,-0.06837606837606858,0.04040122032165527,4,10,2.0,2.0,0.0,1,4,13,4
0.14433756729740643,0.0,9.999999999999994e-08,0.8898450946643718,1.0,0.9886208466090123,1.0,0.04019761085510254,4,10,3.0,0.0,0.0,1,4,1,4
0.27003086243366087,0.0,9.999999999999994e-08,0.5757575757575757,1.0,0.9580209895052474,1.0,0.03215312957763672,4,10,2.0,0.0,0.0,1,4,1,4
0.3679900360969936,0.10206207261596575,2.009235211445127e-06,0.9064678108371431,0.4893617021276596,0.96756082345602,0.4897959183673466,0.03220200538635254,4,10,6.0,1.0,1.0,1,4,5,4
0.3227486121839514,0.0,9.999999999999994e-08,0.5158850226928895,1.0,0.9371227364185111,1.0,0.032141923904418945,4,10,2.0,0.0,0.0,1,4,1,4
0.22821773229381923,0.0,9.999999999999994e-08,0.8436991208075546,1.0,0.9828178694158075,1.0,0.04052329063415527,4,10,4.0,0.0,0.0,1,4,1,4
0.9298297335175583,0.28867513459481287,6.5277420271613906e-06,0.06467895292874715,0.019157088122605415,0.620588773084659,0.023199023199023783,0.04026222229003906,4,10,4.0,1.0,1.0,1,4,5,4
0.25,0.10206207261596575,1.1245722912846128e-06,0.9363324859069305,-0.010526315789473939,0.9802754857161643,-0.010101010101010388,0.04020547866821289,4,10,5.0,1.0,0.0,1,4,6,4
0.39528470752104744,0.25,1.5175329118842848e-06,0.8981900452488689,-0.028571428571428248,0.9604263402279443,-0.027397260273972934,0.04058384895324707,4,10,6.0,2.0,0.0,1,4,7,4
0.2041241452319315,0.0,1.068675953022413e-06,0.9367484763630374,1.0,0.9884673048091339,1.0,0.04041433334350586,4,10,5.0,1.0,0.0,1,4,4,4
0.7216878364870323,0.30618621784789724,2.3179300816965936e-06,0.8081534772182254,0.03571428571428581,0.9060079705240995,0.038461538461538214,0.0383608341217041,4,10,8.0,2.0,1.0,1,4,14,4
0.67700320038633,0.3227486121839514,3.301877767937117e-06,0.7541756387126812,0.01538461538461533,0.880027266530334,0.0909090909090906,0.030338287353515625,4,10,6.0,2.0,1.0,1,4,9,4
0.3227486121839514,0.14433756729740643,1.8196350768406648e-06,0.8576301349547679,-0.02127659574468077,0.9610151651007758,0.3127147766323026,0.03237175941467285,4,10,4.0,1.0,0.0,1,4,3,4
0.25,0.10206207261596575,4.6458241793011965e-07,0.9281347473487211,-0.010526315789473939,0.9780211729367376,-0.010101010101010388,0.03235340118408203,4,10,5.0,1.0,0.0,1,4,8,4
0.5400617248673217,0.1767766952966369,3.381041201808122e-06,0.3586256263421618,-0.032258064516129004,0.8840867693326709,-0.03092783505154606,0.04057788848876953,4,10,4.0,1.0,0.0,1,4,12,4
0.6922186552431729,0.10206207261596575,1.0655005968038942e-06,0.7444444444444445,-0.010526315789473939,0.8866995073891626,0.4897959183673466,0.040617942810058594,4,10,6.0,1.0,0.0,1,4,4,4
0.28867513459481287,0.10206207261596575,1.0222927764159135e-06,0.8475888073030364,-0.010526315789473939,0.9695528068506185,-0.010101010101010388,0.038452863693237305,4,10,4.0,1.0,0.0,1,4,11,4
0.8539125638299665,0.22821773229381923,2.37739865714762e-06,0.2679738562091504,-0.05494505494505453,0.7395445750855781,0.11347517730496448,0.0303804874420166,4,10,4.0,1.0,0.0,1,4,4,4
0.568257570707744,0.22821773229381923,3.5842697042890724e-06,0.5796016386495269,-0.05494505494505453,0.8935585771185276,0.23195084485407058,0.030142545700073242,4,10,5.0,1.0,0.0,1,4,2,4
0.6692657668420421,0.22821773229381923,1.9025160053267653e-06,0.5400557103064065,0.11111111111111116,0.8240877106856488,0.11347517730496459,0.03247523307800293,4,10,4.0,1.0,1.0,1,4,5,4
0.6692657668420421,0.22821773229381923,1.5782336141093504e-06,0.7408174797513656,-0.05494505494505453,0.8923492890046064,-0.052631578947368585,0.04061150550842285,4,10,7.0,1.0,0.0,1,4,10,4
1.015504800579495,0.3227486121839514,2.284729804557168e-06,0.11795823665893312,-0.11627906976744184,0.6535917981734841,-0.021450459652706533,0.040411949157714844,4,10,4.0,1.0,0.0,1,4,4,4
0.8599903100229289,0.28867513459481287,2.1821621264802885e-06,0.7224755700325733,-0.09090909090909127,0.8400756824939183,0.02319902319902334,0.03866124153137207,4,10,5.0,1.0,0.0,1,4,4,4
1.4648663192705789,0.408248290463863,1.60339595211909e-06,0.1813214108296075,-0.06963788300835616,0.5785166240409207,-0.013299556681443558,0.03843069076538086,4,10,5.0,2.0,0.0,1,4,15,4
1.3956778520370188,0.39528470752104744,2.8010586664835016e-06,-0.14731258388189472,-0.13296616837136122,0.46146757286026974,-0.12697220135236686,0.030202150344848633,4,10,4.0,2.0,0.0,1,4,46,4
0.14433756729740643,0.10206207261596575,6.87960670291626e-07,0.9491525423728814,-0.010526315789473939,0.9895833333333334,0.4897959183673466,0.03218650817871094,4,10,4.0,1.0,0.0,1,4,4,4
0.27003086243366087,0.0,3.889605145179831e-07,0.8759002770083102,1.0,0.9743580350928606,1.0,0.03215456008911133,4,10,4.0,1.0,0.0,1,4,3,4
2.7348065135703234,0.82915619758885,2.491306373900112e-06,-0.462445896630739,-0.33783783783783816,-0.03315298722228577,-0.315002988643156,0.040198326110839844,4,10,7.0,4.0,0.0,1,4,20,4
1.4754942674688145,0.7144345083117603,2.5589845530421947e-06,0.17008603573792191,-0.34246575342465757,0.4811835964650978,-0.3228941684665223,0.04020261764526367,4,10,8.0,2.0,1.0,1,4,6,4
4.200694387042853,1.0992421631894098,2.4010868077493496e-06,-2.7799316644585454,-0.527153044432255,-2.32972972972973,-0.5004527228042941,0.04019427299499512,4,10,5.0,4.0,0.0,1,4,27,4
0.39528470752104744,0.10206207261596575,1.445465168409856e-06,0.8969957081545065,-0.010526315789473939,0.9612152553329024,-0.010101010101010388,0.04019498825073242,4,10,6.0,1.0,0.0,1,4,10,4
0.4208127057650866,0.1767766952966369,2.6385038717905163e-06,0.7279546591098518,0.2173913043478266,0.9338418430884184,0.21875000000000022,0.04019594192504883,4,10,4.0,1.0,1.0,1,4,5,4
1.1636866703140785,0.30618621784789724,2.400703803135342e-06,0.549637328136841,-0.060122699386503164,0.7232806147427575,-0.0575793184488842,0.03843498229980469,4,10,6.0,2.0,0.0,1,4,15,4
0.5590169943749475,0.0,9.999999999999994e-08,0.8049837486457204,1.0,0.9234127288044727,1.0,0.038202762603759766,4,10,7.0,0.0,0.0,1,4,1,4
0.44487826050130463,0.22821773229381923,5.765643892445365e-06,0.8487562189054727,-0.05494505494505453,0.9440699420093609,-0.05263157894736836,0.03018927574157715,4,10,6.0,1.0,0.0,1,4,8,4
0.7359800721939872,0.2041241452319315,6.649960791865058e-06,0.39270072992700733,-0.04347826086956452,0.7866754184443715,-0.04166666666666652,0.030119657516479492,4,10,4.0,1.0,0.0,1,4,12,4
0.22821773229381923,0.0,1.105167082457746e-06,0.9358974358974359,1.0,0.9871725801072372,1.0,0.03238272666931152,4,10,6.0,1.0,0.0,1,4,4,4
1.8874586088176875,0.5590169943749475,8.294113828642757e-06,-0.7346647646219686,-0.25,0.0038157933063411864,-0.2376237623762376,0.04076361656188965,4,10,3.0,2.0,0.0,1,4,9,4
0.14433756729740643,0.0,9.999999999999994e-08,0.31182795698924726,1.0,0.9888709587669022,1.0,0.0404205322265625,4,10,1.0,0.0,0.0,1,4,1,4
0.10206207261596575,0.0,9.999999999999994e-08,0.9347826086956522,1.0,0.996090543023574,1.0,0.040198326110839844,4,10,3.0,0.0,0.0,1,4,1,4
0.14433756729740643,0.0,9.999999999999994e-08,0.9673413845892158,1.0,0.9923942804989352,1.0,0.04040670394897461,4,10,5.0,0.0,0.0,1,4,1,4
0.2041241452319315,0.0,9.999999999999994e-08,0.9386875299377295,1.0,0.9852376734573369,1.0,0.03821277618408203,4,10,5.0,0.0,0.0,1,4,1,4
1.2332207155790618,0.3535533905932738,3.963940429378161e-06,0.22340425531914898,-0.1428571428571428,0.6535276110016848,-0.06100795755968225,0.030121326446533203,4,10,6.0,1.0,0.0,1,4,4,4
0.6208193510729725,0.25,1.485279038588917e-06,0.8590476190476191,-0.06666666666666665,0.9346243550780974,-0.06382978723404253,0.030398130416870117,4,10,9.0,1.0,0.0,1,4,7,4
0.5204164998665332,0.14433756729740643,8.722278525708338e-07,0.2777777777777778,-0.02127659574468077,0.9046746104491292,-0.02040816326530681,0.032233476638793945,4,10,2.0,1.0,0.0,1,4,11,4
1.005194840151235,0.28867513459481287,3.9296681916767685e-06,0.3711082596069428,0.019157088122605415,0.7531743810275071,0.02319902319902334,0.032173871994018555,4,10,7.0,1.0,1.0,1,4,5,4
1.2374368670764582,0.3227486121839514,2.8704413798145733e-06,-0.20532968910146931,-0.11627906976744184,0.4541606327280827,-0.11111111111111116,0.04020953178405762,4,10,2.0,1.0,0.0,1,4,8,4
0.45643546458763845,0.14433756729740643,1.6613856481816959e-06,0.6623879022331635,-0.02127659574468077,0.9202901438762903,0.3127147766323026,0.042218685150146484,4,10,4.0,1.0,0.0,1,4,4,4
0.14433756729740643,0.0,9.999999999999994e-08,0.5923566878980892,1.0,0.9892813119674152,1.0,0.04218292236328125,4,10,2.0,0.0,0.0,1,4,1,4
1.0752906583803283,0.28867513459481287,2.495751361488603e-06,0.040000000000000036,-0.049180327868852514,0.556425831202046,-0.04712041884816842,0.04017138481140137,4,10,2.0,2.0,0.0,1,4,8,4
0.5303300858899106,0.14433756729740643,8.863583638260415e-07,0.8635717669351018,-0.02127659574468077,0.9379538560529461,0.3127147766323026,0.040169477462768555,4,10,7.0,1.0,0.0,1,4,4,4
3.722118572354549,0.8599903100229289,4.3888635282054574e-06,-3.9783600421101886,-0.6170818505338078,-2.943778911161191,-0.5791814946619209,0.038153886795043945,4,10,4.0,2.0,0.0,1,4,9,4
0.6373774391990981,0.28867513459481287,2.459032591946166e-06,0.7340153452685422,-0.09090909090909127,0.8779877362032287,0.2727272727272726,0.03012251853942871,4,10,5.0,2.0,0.0,1,4,4,4
1.6105123408406408,0.5863019699779287,3.3339930766066095e-06,0.38264462809917366,-0.1785714285714286,0.552311260540463,-0.16855524079320094,0.030117511749267578,4,10,7.0,2.0,1.0,1,4,8,4
0.5773502691896257,0.0,9.999999999999994e-08,0.6502334054423318,1.0,0.8861209964412812,1.0,0.03214406967163086,4,10,5.0,0.0,0.0,1,4,1,4
1.7648182153789476,0.4330127018922193,1.7077342536693517e-06,0.3042297903284449,-0.12793733681462172,0.5645461959687756,-0.07462686567164178,0.0401768684387207,4,10,5.0,2.0,0.0,1,4,13,4
0.2041241452319315,0.0,7.696746841011267e-07,0.6275460717749757,1.0,0.9838082901554405,1.0,0.04015040397644043,4,10,3.0,1.0,1.0,1,4,5,4
4.198213905936666,0.9736101204623269,1.808351918950192e-06,-0.12953742594086393,-0.23407260912558225,-0.020635906839829188,-0.21918542336548752,0.04019474983215332,4,14,8.0,5.0,1.0,15,4,11,5
1.5172617880027603,0.408248290463863,1.9006709136153674e-06,0.19389034537786387,0.10904872389791176,0.5270805247052277,0.11308203991130794,0.04055643081665039,4,10,6.0,2.0,2.0,1,4,5,4
2.104063528825433,0.45643546458763845,1.3738774267386104e-05,-0.9005030743432085,-0.16012084592145004,-0.1721227833089718,-0.11111111111111116,0.04037594795227051,4,10,3.0,2.0,1.0,1,4,48,4
1.3919410907075054,0.22821773229381923,2.5487607353936755e-06,0.18406141473222404,-0.05494505494505453,0.5060548119821542,0.11347517730496459,0.03854036331176758,4,10,4.0,1.0,0.0,1,4,4,4
0.5590169943749475,0.0,8.96849838297012e-07,0.7937996706522518,1.0,0.9221264666182121,1.0,0.03894305229187012,4,10,6.0,1.0,0.0,1,4,3,4
0.408248290463863,0.14433756729740643,1.8646063518065505e-06,0.6558368810217344,-0.02127659574468077,0.9211783831715848,-0.02040816326530681,0.03032231330871582,4,10,3.0,1.0,0.0,1,4,9,4
0.8539125638299665,0.3227486121839514,6.578545700806018e-06,0.7275822928490352,-0.0714285714285714,0.8550454536041913,-0.06837606837606858,0.032370805740356445,4,10,6.0,2.0,0.0,1,4,6,4
0.9185586535436918,0.30618621784789724,8.153618083680577e-06,0.48404220025213995,-0.060122699386503164,0.780434252256648,-0.057579318448883976,0.04038071632385254,4,10,6.0,2.0,0.0,1,4,26,4
1.4860462083439174,0.39528470752104744,4.565870219865346e-06,-0.09372312983662923,-0.09173616376042482,0.4236624619399738,-0.0877447425670772,0.04037618637084961,4,10,4.0,2.0,0.0,1,4,16,4
0.30618621784789724,0.10206207261596575,1.839477734141627e-06,0.8793969849246231,-0.010526315789473939,0.9680851063829787,0.8287671232876712,0.04016256332397461,4,10,4.0,2.0,0.0,1,4,4,4
2.7060888135215864,0.6454972243679028,7.642462752944435e-06,-2.0974848540481,-0.43070044709389,-1.1162587675727744,-0.40646976090014086,0.03814864158630371,4,10,5.0,2.0,0.0,1,4,63,4
0.25,0.10206207261596575,1.872361486724711e-06,0.8962536023054756,0.4893617021276596,0.9758997429305912,0.6563573883161513,0.0381624698638916,4,10,5.0,1.0,1.0,1,4,3,4
0.5590169943749475,0.10206207261596575,1.3408540277065821e-06,0.5158036314727641,-0.010526315789473939,0.8989048020219039,0.6563573883161513,0.0301363468170166,4,10,3.0,1.0,0.0,1,4,2,4
0.5303300858899106,0.1767766952966369,3.507775887785961e-06,0.5120481927710842,0.2173913043478266,0.8717400598546388,0.21875000000000022,0.030136823654174805,4,10,4.0,1.0,1.0,1,4,5,4
0.3535533905932738,0.10206207261596575,1.3340629662123776e-06,0.9173304628632939,0.4893617021276596,0.9632026003495753,0.4897959183673466,0.03214597702026367,4,10,6.0,1.0,1.0,1,4,5,4
0.7288689868556626,0.22821773229381923,1.938355461308829e-06,0.7951464435146445,0.41104294478527603,0.8942325639270827,0.4658119658119657,0.03216361999511719,4,10,7.0,2.0,2.0,1,4,5,4
0.5590169943749475,0.10206207261596575,6.644724833237363e-07,0.477408818726184,-0.010526315789473939,0.884947267497603,-0.010101010101010388,0.03215289115905762,4,10,3.0,1.0,0.0,1,4,13,4
1.050793351076541,0.338501600193165,2.910883144375381e-06,0.4419828909848649,-0.08307692307692305,0.7296194265891235,0.20232052211747675,0.03013896942138672,4,10,6.0,2.0,0.0,1,4,4,4
0.45643546458763845,0.14433756729740643,1.3733898612436279e-06,0.6417910447761195,-0.021276595744681437,0.9189101524489134,-0.02040816326530659,0.033675432205200195,4,10,3.0,1.0,0.0,1,4,6,4
0.45643546458763845,0.2041241452319315,1.3461677804501236e-06,0.5,-0.04347826086956452,0.9221517262854696,-0.0416666666666663,0.030130863189697266,4,10,2.0,1.0,0.0,1,4,6,4
2.2707377655731187,0.5863019699779287,2.8605343524218813e-06,-0.5248363496341932,-0.36140954018048976,0.023360429326809262,-0.29972430090586877,0.03058910369873047,4,10,7.0,2.0,0.0,1,4,43,4
0.5951190357119042,0.25,1.7705812445793875e-06,0.8316744881646125,-0.02857142857142847,0.9271574256577255,0.2146596858638743,0.030119895935058594,4,10,7.0,2.0,0.0,1,4,11,4
0.44487826050130463,0.14433756729740643,1.3474400032245054e-06,0.8419821536862169,-0.02127659574468077,0.9558591208995446,-0.02040816326530681,0.030138254165649414,4,10,5.0,1.0,0.0,1,4,6,4
0.5773502691896257,0.2041241452319315,1.0517045034581783e-06,0.38263665594855323,-0.04347826086956452,0.8926174496644296,-0.0416666666666663,0.031636714935302734,4,10,2.0,1.0,0.0,1,4,7,4
0.3227486121839514,0.1767766952966369,1.3721571932452823e-06,0.7575145238696641,-0.032258064516129004,0.9613884705973204,-0.030927835051546726,0.03215193748474121,4,10,4.0,1.0,0.0,1,4,8,4
4.591659104651971,1.118033988749895,3.2623950174450357e-06,-1.4980265610737566,-0.5007816571130799,-1.360652678477705,-0.475833230844914,0.032332658767700195,4,12,4.0,4.0,0.0,33,4,37,4
1.403121520040228,0.5,2.4865499349574152e-06,0.2195121951219512,0.025380710659898442,0.5018318880307862,0.030694668820678395,0.040390968322753906,4,10,5.0,2.0,2.0,1,4,5,4
0.25,0.0,9.999999999999994e-08,0.9332096474953617,1.0,0.9823420347861915,1.0,0.040152549743652344,4,10,6.0,0.0,0.0,1,4,1,4
0.25,0.0,9.999999999999994e-08,0.768860353130016,1.0,0.9696969696969697,1.0,0.040380239486694336,4,10,4.0,0.0,0.0,1,4,1,4
0.8416254115301732,0.30618621784789724,3.3017806347823554e-06,0.3054580274497287,-0.060122699386503164,0.7246963562753036,-0.057579318448883976,0.04019665718078613,4,10,3.0,2.0,0.0,1,4,15,4
1.357847561400027,0.28867513459481287,3.9238655238525245e-06,0.512382701523804,-0.09090909090909083,0.7098883807837932,0.023199023199023783,0.04019355773925781,4,10,8.0,1.0,0.0,1,4,3,4
0.27003086243366087,0.0,9.999999999999994e-08,0.6910344827586207,1.0,0.9646803572329583,1.0,0.04020357131958008,4,10,3.0,0.0,0.0,1,4,1,4
0.5400617248673217,0.10206207261596575,3.0081487734638452e-06,0.8101560844692423,-0.010526315789473939,0.9301310043668123,0.4897959183673467,0.040224552154541016,4,10,6.0,1.0,0.0,1,4,4,4
0.25,0.14433756729740643,2.7538419916713017e-06,0.9109874826147427,-0.02127659574468077,0.9786103882214537,-0.02040816326530659,0.04016709327697754,4,10,5.0,1.0,0.0,1,4,18,4
0.5,0.2041241452319315,2.0916002587986092e-06,0.8309363076019958,-0.04347826086956452,0.9342753861321065,-0.0416666666666663,0.04017829895019531,4,10,6.0,1.0,0.0,1,4,6,4
0.9574271077563381,0.2041241452319315,1.5866725189082548e-06,0.5678993401872028,-0.04347826086956452,0.7716421008926718,-0.04166666666666652,0.0383455753326416,4,10,5.0,1.0,0.0,1,4,6,4
2.286737122335374,0.48947250518628044,5.066330679584926e-06,-0.66985446985447,-0.24957555178268254,-0.13739351096610464,-0.2004175365344465,0.030375003814697266,4,10,4.0,2.0,0.0,1,4,21,4
1.973786547054502,0.5400617248673217,4.202319667087654e-06,0.3472830730634282,-0.2727272727272727,0.5210715703474151,-0.23076923076923084,0.03235793113708496,4,10,8.0,2.0,0.0,1,4,10,4
0.2041241452319315,0.0,9.999999999999994e-08,0.8278798744957419,1.0,0.9786734911494989,1.0,0.032346487045288086,4,10,3.0,0.0,0.0,1,4,1,4
1.4361406616345072,0.3679900360969936,2.934506252434239e-06,0.14374521374836724,-0.10736468500443674,0.48145820238843495,-0.0350318471337574,0.032141685485839844,4,10,5.0,2.0,0.0,1,4,15,4
0.25,0.0,9.999999999999994e-08,0.6617733411626541,1.0,0.9682606855691918,1.0,0.04017210006713867,4,10,2.0,0.0,0.0,1,4,1,4
1.0206207261596576,0.3227486121839514,3.0354484241775704e-06,0.11886186324001835,-0.11627906976744184,0.659817662266975,0.2038216560509556,0.040163516998291016,4,10,4.0,2.0,0.0,1,4,4,4
0.6614378277661477,0.25,3.8323477956881994e-06,0.3996426444312089,-0.06666666666666665,0.8630092305685116,-0.06382978723404276,0.040273427963256836,4,10,4.0,1.0,0.0,1,4,13,4
0.14433756729740643,0.10206207261596575,1.2354021742608344e-06,0.823529411764706,-0.010526315789473939,0.9891369290098311,0.4897959183673466,0.04037141799926758,4,10,2.0,1.0,0.0,1,4,3,4
3.0703555711567567,0.6846531968814576,3.344535799997009e-06,-0.6013270666298036,-0.27358490566037763,-0.3278361406185806,-0.23490669593852864,0.04044151306152344,4,10,8.0,3.0,1.0,1,4,19,4
9.080657098103272,1.848422751068236,3.2641933665014167e-06,-6.398418941547567,-1.3570626543902988,-6.363446941509153,-1.2614451185879756,0.0383763313293457,4,16,8.0,6.0,1.0,66,4,65,4
0.5496210815947049,0.10206207261596575,1.3486061911770312e-06,0.7510507019583297,-0.010526315789473939,0.9321732622322013,0.6563573883161513,0.038146018981933594,4,10,8.0,1.0,0.0,1,4,3,4
0.2041241452319315,0.10206207261596575,1.3296188410703944e-06,0.8048780487804879,-0.010526315789473939,0.9807497954665768,-0.010101010101010388,0.03814339637756348,4,10,3.0,1.0,0.0,1,4,9,4
0.338501600193165,0.0,5.118479501691347e-07,0.8052738336713997,1.0,0.9593721144967682,1.0,0.03013920783996582,4,10,4.0,1.0,0.0,1,4,2,4
0.4330127018922193,0.14433756729740643,1.2621059795647551e-06,0.8052079810618871,-0.02127659574468077,0.954373780132316,0.3127147766323026,0.030131816864013672,4,10,6.0,1.0,0.0,1,4,3,4
3.2113081446662823,0.7772815877574012,3.3005325199941146e-06,-0.5752051048313584,-0.4637223974763407,-0.22982894197443415,-0.43174524808689196,0.03215765953063965,4,10,9.0,3.0,0.0,1,4,29,4
0.6846531968814576,0.14433756729740643,1.5446578309850685e-06,0.7887220619161736,-0.02127659574468077,0.9015295739512899,-0.02040816326530681,0.032135009765625,4,10,6.0,1.0,0.0,1,4,8,4
3.112474899497183,0.8660254037844386,2.895849304119458e-06,-1.0670973119399876,-0.38711619506321493,-0.6106964097057452,-0.3649289099526065,0.03215456008911133,4,10,4.0,3.0,1.0,1,4,21,4
0.9789450103725609,0.5863019699779287,4.203972696551097e-06,-0.2545454545454544,-0.128607053794086,0.5279872761787492,-0.12283089486219811,0.04016423225402832,4,10,3.0,3.0,0.0,1,4,9,4
0.39528470752104744,0.10206207261596575,1.5033636222751085e-06,0.7852028639618139,-0.010526315789473939,0.9517622845382042,0.4897959183673466,0.040161848068237305,4,10,5.0,1.0,0.0,1,4,3,4
2.0615528128088303,0.568257570707744,3.7736403018150512e-06,-0.68624074392974,-0.37016574585635365,-0.12276067035416505,-0.3478260869565222,0.040178775787353516,4,10,6.0,2.0,1.0,1,4,69,4
0.9842509842514764,0.3818813079129867,1.5446101043019785e-06,0.6309371253772065,-0.08038585209003202,0.779286121131574,-0.07692307692307732,0.04037976264953613,4,10,6.0,2.0,0.0,1,4,14,4
4.855194812432007,1.2119199643540823,1.919404466306457e-06,-0.46142410278833523,-0.3829178586023705,-0.3926153846153846,-0.36840062111801264,0.038599252700805664,4,14,6.0,5.0,1.0,11,4,11,4
1.1726039399558574,0.39528470752104744,2.2324171927161885e-06,0.3545232273838631,-0.07462686567164156,0.6524395060428131,-0.06837606837606813,0.030315637588500977,4,10,7.0,2.0,1.0,1,4,28,4
2.5186802099512358,0.7359800721939872,2.377726834825657e-06,0.24837046655438844,-0.35064935064935066,0.36139423681892524,-0.31445904954499504,0.03216147422790527,4,10,9.0,2.0,0.0,1,4,6,4
3.6996621467371855,0.8720187306856813,3.554815268014947e-06,-4.070300253225612,-0.8643256185155626,-2.998296007789679,-0.7302678359800898,0.04017972946166992,4,10,4.0,2.0,0.0,1,4,3,4
1.6677080080157918,0.5303300858899106,2.015449909365563e-06,0.008931678459575432,-0.09644670050761417,0.3471723025012836,-0.0904684975767367,0.040168046951293945,4,10,6.0,3.0,1.0,1,4,41,4
8.489576942737882,2.1360009363293826,1.5087899185937435e-06,-7.563229208297342,-1.5918757319854526,-7.391141942369265,-1.4702498449044041,0.04018735885620117,4,18,7.0,5.0,1.0,52,4,30,4
0.46770717334674267,0.10206207261596575,1.3881497430700183e-06,0.7960339943342777,-0.010526315789473939,0.9475472075132381,0.4897959183673466,0.040193796157836914,4,10,7.0,1.0,0.0,1,4,4,4
1.432509453139257,0.408248290463863,6.511971659286827e-06,0.21618037135278523,-0.10344827586206895,0.4833599958039392,-0.09890109890109877,0.04018068313598633,4,10,4.0,2.0,0.0,1,4,16,4
0.14433756729740643,0.0,9.999999999999994e-08,0.31182795698924726,1.0,0.9844466910335173,1.0,0.0405116081237793,4,10,1.0,0.0,0.0,1,4,1,4
2.6358901089891185,0.7216878364870323,6.952928944187273e-06,-0.9505300353356889,-0.27118644067796627,-0.3990561090718405,-0.24657192720019938,0.03835701942443848,4,10,5.0,3.0,0.0,1,4,17,4
0.9128709291752769,0.30618621784789724,5.399064841526282e-06,0.29824561403508776,0.03571428571428592,0.7212446426704764,0.038461538461538436,0.038369178771972656,4,10,6.0,2.0,1.0,1,4,38,4
0.25,0.0,1.3718789814155082e-06,0.9391634980988594,1.0,0.9812376872322461,1.0,0.03046584129333496,4,10,6.0,1.0,1.0,1,4,2,4
0.22821773229381923,0.10206207261596575,7.033925306072738e-07,-0.7204301075268817,-0.010526315789473939,0.9753694581280788,-0.010101010101010388,0.03257131576538086,4,10,1.0,1.0,0.0,1,4,9,4
0.44487826050130463,0.1767766952966369,1.5326789626943746e-06,0.9244031830238727,0.2173913043478266,0.9659278387490137,0.368421052631579,0.04057478904724121,4,10,10.0,1.0,1.0,1,4,2,4
1.0944937947136415,0.408248290463863,3.950897063310988e-06,-0.029946823397704936,-0.10344827586206895,0.5640471587247432,-0.09890109890109877,0.04072380065917969,4,10,3.0,2.0,0.0,1,4,19,4
0.14433756729740643,0.0,9.999999999999994e-08,0.9080019166267369,1.0,0.9891745602165088,1.0,0.03858184814453125,4,10,3.0,0.0,0.0,1,4,1,4
0.9354143466934853,0.30618621784789724,4.359473809161844e-06,0.059701492537313494,-0.10344827586206895,0.6986547085201793,-2.220446049250313e-16,0.030324935913085938,4,10,4.0,1.0,0.0,1,4,3,4
3.8446391248074248,1.0801234497346435,6.0668896906820775e-06,-1.6624970682511138,-0.5033557046979866,-1.3386897404202718,-0.4736842105263157,0.030132532119750977,4,10,2.0,4.0,0.0,1,4,60,4
2.8080984075823743,0.6692657668420421,6.341391216284434e-06,-1.853015075376884,-0.49619427328742294,-1.2603087396614008,-0.4670760832480383,0.03221726417541504,4,10,3.0,2.0,0.0,1,4,32,4
0.27003086243366087,0.0,9.999999999999994e-08,0.9113456464379948,1.0,0.9768602690820138,1.0,0.03014969825744629,4,10,6.0,0.0,0.0,1,4,1,4
0.25,0.0,5.059084904169194e-07,0.6187954996690933,1.0,0.9547477185308093,1.0,0.0322270393371582,4,10,2.0,1.0,0.0,1,4,2,4
0.6208193510729725,0.28867513459481287,2.8657860136068556e-06,0.2739165985282094,-0.049180327868852514,0.8338945005611673,0.05992949471210318,0.032158851623535156,4,10,4.0,2.0,0.0,1,4,13,4
1.005194840151235,0.4330127018922193,1.5996040469095162e-06,0.7515408628832145,-0.06142506142506132,0.8445985997853218,-0.0588235294117645,0.03215813636779785,4,10,7.0,3.0,0.0,1,4,6,4
0.962851667357612,0.28867513459481287,1.9107487714061605e-06,0.612973364739989,-0.09090909090909105,0.7659065204239985,-0.0869565217391306,0.04038810729980469,4,10,5.0,1.0,0.0,1,4,9,4
0.30618621784789724,0.0,9.999999999999994e-08,-0.0046511627906977715,1.0,0.935251798561151,1.0,0.04023122787475586,4,10,1.0,0.0,0.0,1,4,1,4
0.9574271077563381,0.3227486121839514,2.3650100502455786e-06,0.024818192312132448,-0.11627906976744207,0.6207550422340975,-0.11111111111111116,0.04066872596740723,4,10,3.0,1.0,0.0,1,4,6,4
0.22821773229381923,0.0,9.999999999999994e-08,0.49152542372881336,1.0,0.9776895274641917,1.0,0.04032135009765625,4,10,3.0,0.0,0.0,1,4,1,4
1.5811388300841898,0.5303300858899106,4.866142223443713e-06,-1.093784078516903,-0.25642268540959745,0.0631952847495999,-0.24366651312759102,0.04020380973815918,4,10,3.0,2.0,0.0,1,4,87,4
0.8354140689901426,0.45643546458763845,2.4674451413520146e-06,0.6786410192355732,-0.1538461538461542,0.8570666666666666,-0.10436223081170581,0.04023170471191406,4,11,5.0,2.0,0.0,2,4,12,4
0.3535533905932738,0.0,9.999999999999994e-08,0.4703448275862069,1.0,0.9394520409707856,1.0,0.04050755500793457,4,10,2.0,0.0,0.0,1,4,1,4
1.7529736639968858,0.44487826050130463,1.8947969107238585e-06,-0.14456613991836087,-0.14071294559099434,0.35589519650655,-0.08944954128440408,0.03835892677307129,4,10,5.0,2.0,0.0,1,4,14,4
5.161960221982859,1.3268069440075547,4.500684813043486e-06,-1.0789881390800802,-0.6907044601917465,-0.9682373580376102,-0.6446087971973535,0.030762434005737305,4,14,4.0,4.0,1.0,80,4,80,4
0.338501600193165,0.10206207261596575,8.535182882055127e-07,0.7380302654428181,0.4893617021276596,0.9571834494570083,0.4897959183673466,0.03214216232299805,4,10,5.0,1.0,1.0,1,4,5,4
3.547299442298794,0.8779711460710616,2.526942967430845e-06,-1.2294678560442938,-0.5446836268754076,-0.8735944164404805,-0.5105123494590733,0.032380104064941406,4,10,6.0,3.0,1.0,1,4,52,4
2.0207259421636903,0.5590169943749475,1.6511590475658629e-06,0.22119205298013223,-0.16129032258064546,0.4330262225372076,-0.15384615384615374,0.04020857810974121,4,10,5.0,2.0,0.0,1,4,12,4
6.75,1.7677669529663689,2.9063134198548647e-06,-5.949406682885656,-1.655846551088159,-5.71487127527288,-1.4908668216539356,0.03216695785522461,4,12,3.0,4.0,0.0,68,4,44,4
0.2041241452319315,0.10206207261596575,1.6805876013429358e-06,0.5844155844155844,-0.010526315789473939,0.982177864908216,0.4897959183673466,0.03216695785522461,4,10,2.0,1.0,0.0,1,4,4,4
0.7216878364870323,0.2041241452319315,6.4192811853741085e-06,-0.006922592825676421,-0.04347826086956452,0.8012402607727779,-0.0416666666666663,0.032668113708496094,4,10,3.0,1.0,0.0,1,4,12,4
0.46770717334674267,0.0,1.2347527879179048e-06,0.8018088871411719,1.0,0.9353348729792148,1.0,0.03215193748474121,4,10,5.0,1.0,0.0,1,4,4,4
0.7772815877574012,0.27003086243366087,5.422633175846046e-06,0.5827025406580231,0.0454545454545453,0.829331450094162,0.048913043478260754,0.04079389572143555,4,10,7.0,1.0,1.0,1,4,5,4
0.3679900360969936,0.0,7.417427482958523e-07,-0.08710801393728196,1.0,0.9459773936170213,1.0,0.040708065032958984,4,10,1.0,1.0,0.0,1,4,3,4
0.46770717334674267,0.25,3.3753465695536876e-06,0.800632911392405,-0.06666666666666665,0.9428166866354427,-0.06382978723404253,0.0401918888092041,4,10,5.0,1.0,0.0,1,4,6,4
1.9658543520142415,0.5951190357119042,5.037127615639548e-06,-0.35483870967741926,-0.19341864716636237,0.16235804113702546,-0.18260869565217397,0.040376901626586914,4,10,7.0,2.0,1.0,1,4,18,4
0.1767766952966369,0.0,9.999999999999994e-08,0.9296703296703297,1.0,0.9854368932038835,1.0,0.03867459297180176,4,10,4.0,0.0,0.0,1,4,1,4
2.1505813167606567,0.8036375634160796,7.428711333721658e-06,-0.7327533639578843,-0.47949291573452646,-0.06057710682209061,-0.44724556489262435,0.030551433563232422,4,10,6.0,3.0,1.0,1,4,67,4
0.60380736442456,0.22821773229381923,3.407618718599148e-06,0.42583732057416246,-0.05494505494505453,0.8667935299714558,0.23195084485407047,0.030175209045410156,4,10,5.0,1.0,0.0,1,4,2,4
1.0408329997330663,0.28867513459481287,3.094909589897323e-06,0.6658522708256636,0.2699619771863121,0.8321064187007621,0.32145886344359664,0.0324254035949707,4,10,10.0,2.0,2.0,1,4,5,4
0.25,0.2041241452319315,1.9371478473293587e-06,0.8842443729903537,0.1560439560439565,0.9776951672862454,0.15789473684210498,0.040453195571899414,4,10,4.0,1.0,1.0,1,4,5,4
0.10206207261596575,0.0,9.999999999999994e-08,0.8285714285714286,1.0,0.9941914498141264,1.0,0.04055595397949219,4,10,2.0,0.0,0.0,1,4,1,4
1.5275252316519468,0.47871355387816905,4.504818588306555e-06,0.26224783861671475,-0.14347590687601453,0.5639563177668334,-0.10000000000000009,0.04048633575439453,4,10,7.0,2.0,1.0,1,4,12,4
0.3818813079129867,0.1767766952966369,1.6862181563591876e-06,0.814543949220367,-0.032258064516129004,0.951875150390155,-0.03092783505154606,0.04016423225402832,4,10,4.0,1.0,0.0,1,4,6,4
0.2041241452319315,0.0,9.999999999999994e-08,0.9405112316034082,1.0,0.9881273930723339,1.0,0.038138389587402344,4,10,5.0,0.0,0.0,1,4,1,4
4.632314036562432,1.181453906563152,2.7662108379514756e-06,-1.111016225448335,-0.6857554711047043,-0.9366180631939156,-0.6399461510219071,0.040268898010253906,4,10,9.0,4.0,1.0,1,4,57,4
1.7998842555379313,0.408248290463863,1.2500010325793644e-06,-0.14905900011546014,-0.10344827586206895,0.20468494271685755,-0.09890109890109855,0.040160417556762695,4,10,4.0,2.0,0.0,1,4,14,4
4.3577039061108005,0.67700320038633,2.3048910439343396e-06,-6.128345077593583,-2.108167770419426,-2.6364724422014323,-0.8876018876018883,0.04021906852722168,4,10,7.0,3.0,1.0,1,4,4,5
4.9916597106239795,1.2119199643540823,2.4902303688506747e-06,-6.135195600161575,-1.0364074018354148,-5.253431282842279,-0.9736842105263159,0.040190696716308594,4,10,5.0,4.0,0.0,1,4,78,4
7.964112212502617,1.9012057577583057,2.8672556935878093e-06,-3.853726584296533,-1.4125144843568944,-3.8018989937225944,-1.2828947368421053,0.040558815002441406,4,16,3.0,6.0,1.0,52,4,58,4
0.6846531968814576,0.22821773229381923,9.5989712775575e-07,0.4032324906755077,-0.019108280254777066,0.8220710924834922,-0.018329938900203624,0.04039406776428223,4,10,2.0,2.0,0.0,1,4,9,4
5.086747487343951,1.3110110602126894,4.1314698970968384e-06,-2.9244289381870843,-1.095515279798915,-2.6588060273084793,-1.0075434967757637,0.04054903984069824,4,12,2.0,3.0,0.0,93,4,65,4
0.5103103630798288,0.2041241452319315,1.5617062942903334e-06,0.7841726618705036,-0.04347826086956452,0.9248685199098422,-0.04166666666666652,0.040819644927978516,4,10,5.0,1.0,0.0,1,4,8,4
3.4217441946079683,1.1726039399558574,1.7201533363373537e-06,-0.4802458296751537,-0.020618556701031077,-0.4625704284914969,0.02446234572463235,0.03856992721557617,4,14,10.0,4.0,3.0,39,94,38,4
0.1767766952966369,0.0,9.999999999999994e-08,0.8645980253878702,1.0,0.9840798132031416,1.0,0.030523300170898438,4,10,3.0,0.0,0.0,1,4,1,4
1.136515141415488,0.27003086243366087,7.264673299652814e-06,-0.0013458950201883368,-0.07865168539325862,0.5631341600901916,-0.07526881720430145,0.030120134353637695,4,10,6.0,1.0,0.0,1,4,8,4
0.25,0.0,9.428025652837492e-07,0.8745644599303136,1.0,0.9691532569019587,1.0,0.03102707862854004,4,10,4.0,1.0,1.0,1,4,5,4
1.3228756555322954,0.408248290463863,6.126679792209904e-06,-0.1390634931845467,-0.20000000000000018,0.6059667886293273,-0.1339475549255844,0.0303189754486084,4,10,6.0,1.0,0.0,1,4,3,4
1.7350552344714179,0.3818813079129867,3.965384618291188e-06,-0.09469696969696972,-0.1200000000000001,0.33254809579897926,-0.11464968152866217,0.03817582130432129,4,10,6.0,2.0,0.0,1,4,30,4
1.6072751268321592,0.46770717334674267,7.739880436342095e-06,-0.1707317073170731,-0.1673422119281991,0.41002949852507364,-0.11940298507462699,0.03813457489013672,4,10,5.0,2.0,0.0,1,4,36,4
0.5103103630798288,0.22821773229381923,1.5642271596194447e-06,0.7742451321606622,-0.019108280254777066,0.9051449385339202,0.2592592592592592,0.030150413513183594,4,10,5.0,2.0,0.0,1,4,9,4
0.3679900360969936,0.0,1.985334299575936e-06,0.8404704077719545,1.0,0.9626983443803621,1.0,0.030108928680419922,4,10,7.0,2.0,2.0,1,4,5,4
0.5,0.2041241452319315,2.579658369474954e-06,0.6977567886658795,-0.04347826086956452,0.9216607912260086,0.15789473684210498,0.03850746154785156,4,10,6.0,1.0,0.0,1,4,4,4
2.064077679416806,0.9013878188659973,6.67435752834523e-06,-0.3281017453659856,-0.32789501684695876,-0.0677736006683376,-0.30000000000000004,0.04046034812927246,4,10,8.0,3.0,3.0,1,4,5,4
1.707825127659933,0.5204164998665332,3.922464601124638e-06,0.08940004742708119,-0.16039051603905152,0.4154488517745303,-0.15095174856130988,0.03883790969848633,4,10,6.0,2.0,1.0,1,4,22,4
1.5512092057488571,0.5,5.584010770055652e-06,-0.30785562632696384,-0.1761102603369067,0.26477609090041043,-0.1656143759106361,0.0383448600769043,4,10,5.0,2.0,1.0,1,4,13,4
1.3070322617798436,0.5204164998665332,2.537958131623377e-06,0.47089662589057657,-0.11878081577767796,0.6291606367583211,-0.11158614792646371,0.03843879699707031,4,10,6.0,2.0,1.0,1,4,10,4
0.8838834764831844,0.25,2.4956097423865463e-06,0.6153640685934079,-0.06666666666666665,0.7833559605996707,0.07834101382488423,0.030529499053955078,4,10,4.0,1.0,0.0,1,4,3,4
0.8720187306856813,0.25,2.266174236857955e-06,0.29800661123910677,-0.06666666666666665,0.7436347673397717,-0.06382978723404253,0.03214526176452637,4,10,4.0,1.0,0.0,1,4,11,4
4.474464586219599,1.1319231422671772,3.3426916421563934e-06,-6.015665399239544,-1.0288659793814432,-4.9882851445663015,-0.9651701549768332,0.03233790397644043,4,10,6.0,3.0,1.0,1,4,29,4
3.929058411375428,1.1726039399558574,3.180565441338195e-06,-0.5803961209913024,-0.5826152116897714,-0.4449514449514449,-0.5458484600070264,0.03253459930419922,4,11,5.0,3.0,1.0,43,4,11,4
4.8218253804964775,1.4361406616345072,4.257418603061405e-06,-3.9453471196454943,-0.802731411229135,-3.452334882607569,-0.7466478475652789,0.04014873504638672,4,10,2.0,5.0,0.0,1,4,50,4
0.46770717334674267,0.22821773229381923,1.7625426217427827e-06,0.8249392150052102,0.11111111111111116,0.9390862944162437,0.11347517730496448,0.040558815002441406,4,10,6.0,1.0,1.0,1,4,5,4
4.700398919240792,1.4068285846778443,2.6927462522664526e-06,-8.168587896253602,-1.6042261564820106,-6.579331046312179,-1.4833355116978169,0.04047393798828125,4,10,5.0,3.0,0.0,1,4,9,4
8.723770209414429,2.0129787215301937,2.6913666822901454e-06,-3.5593931002203716,-1.4660899425477116,-3.5060102751342983,-1.3575757575757574,0.03770613670349121,4,18,4.0,5.0,0.0,63,4,53,4
9.584057943620055,2.0284435741063476,3.226397588847027e-06,-3.7926354943356486,-1.6131899937978087,-3.6545016917303146,-1.4547883910260393,0.04038286209106445,4,21,2.0,6.0,0.0,31,4,31,4
0.45643546458763845,0.14433756729740643,2.9723840221799695e-06,0.5179512929952296,0.31182795698924726,0.9060988778815907,0.3127147766323026,0.03815627098083496,4,10,3.0,1.0,1.0,1,4,5,4
1.3616778865306827,0.27003086243366087,5.166007675595317e-06,0.3096315449256627,-0.07865168539325862,0.6497166246851385,-0.07526881720430101,0.0303499698638916,4,10,7.0,1.0,0.0,1,4,9,4
0.2041241452319315,0.0,9.999999999999994e-08,0.8618705035971224,1.0,0.9819258054312955,1.0,0.03034353256225586,4,10,4.0,0.0,0.0,1,4,1,4
0.1767766952966369,0.0,7.728721766833926e-07,0.9807987199146609,1.0,0.9939423309910347,1.0,0.0301666259765625,4,10,8.0,1.0,0.0,1,4,2,4
0.3679900360969936,0.10206207261596575,5.002217653433308e-07,0.8784928439295103,-0.010526315789473939,0.9647457627118644,-0.010101010101010388,0.030138492584228516,4,10,6.0,1.0,0.0,1,4,10,4
0.338501600193165,0.10206207261596575,7.417427482958523e-07,0.7238493723849373,-0.010526315789473939,0.9483179853411013,-0.010101010101010388,0.03216361999511719,4,10,3.0,1.0,0.0,1,4,9,4
0.27003086243366087,0.0,1.6076972483136724e-06,0.9230681167716085,1.0,0.9816806678705084,1.0,0.03232908248901367,4,10,6.0,1.0,1.0,1,4,3,4
1.7320508075688772,0.5,5.020466923987453e-06,0.3423249839434811,-0.1761102603369067,0.5621170424655244,-0.1342155009451793,0.040270090103149414,4,10,9.0,2.0,1.0,1,4,25,4
0.9298297335175583,0.22821773229381923,2.2891685329218207e-06,0.43855693348365266,-0.05494505494505453,0.7929709909954853,0.11347517730496459,0.04032707214355469,4,10,6.0,1.0,0.0,1,4,3,4
1.5206906325745548,0.60380736442456,4.150331299460997e-06,0.22487725040916529,-0.22851919561243172,0.4424772093724101,-0.21739130434782616,0.03816628456115723,4,10,4.0,3.0,0.0,1,4,16,4
1.8874586088176875,0.5590169943749475,5.0816938979062916e-06,-0.06888917827842156,-0.176951369023294,0.23447118074986006,-0.14329268292682928,0.03080153465270996,4,10,4.0,2.0,1.0,1,4,11,4
0.7359800721939872,0.28867513459481287,5.6443929575143805e-06,0.09302325581395343,-0.09090909090909105,0.7772446881425634,-0.0869565217391306,0.030360937118530273,4,10,4.0,1.0,0.0,1,4,15,4
1.3268069440075547,0.44487826050130463,3.823506918673076e-06,0.22104858843864028,-0.14071294559099434,0.5879154373216942,-0.08944954128440386,0.0328221321105957,4,10,4.0,2.0,0.0,1,4,20,4
1.5034682127223928,0.30618621784789724,3.752671070059073e-06,0.0745857580738305,-0.10344827586206895,0.507981135497914,-0.09890109890109833,0.03244137763977051,4,10,5.0,1.0,0.0,1,4,6,4
0.924211375534118,0.408248290463863,3.57500761140857e-06,0.5684210526315789,-0.14626865671641776,0.7880644077434028,-0.13960113960113985,0.04029250144958496,4,10,5.0,2.0,0.0,1,4,13,4
5.878102017941959,1.3149778198382918,2.5143907215331875e-06,-0.5766458052760828,-0.707123727905731,-0.5509059029807131,-0.6693483507642792,0.040193796157836914,4,16,6.0,4.0,1.0,35,4,35,5
2.3474276701672125,0.6373774391990981,2.146125001147238e-06,0.12812677047744925,-0.273469387755102,0.3503144036156416,-0.2580645161290325,0.04234194755554199,4,10,8.0,2.0,1.0,1,4,6,4
0.7839536550927825,0.22821773229381923,2.1204682457678427e-06,0.3513513513513512,-0.05494505494505453,0.7911947904869763,-0.052631578947368585,0.03216266632080078,4,10,4.0,1.0,0.0,1,4,14,4
2.943920288775949,0.5863019699779287,2.09557619427156e-06,-0.5224153705397987,-0.22411128284389448,-0.22634278639231198,-0.21145374449339238,0.03216910362243652,4,10,5.0,2.0,1.0,1,4,15,4
0.7359800721939872,0.2041241452319315,1.3981786662382989e-06,0.7423616845582164,-0.04347826086956452,0.8897931502204137,-0.0416666666666663,0.03215527534484863,4,10,6.0,1.0,0.0,1,4,7,4
8.859434707323787,2.109008455807294,3.7228864551650538e-06,-4.689341922087728,-1.6091273629940805,-4.67292055652593,-1.4513462311269305,0.030120372772216797,4,18,7.0,5.0,0.0,88,4,95,4
4.721405158071765,1.5275252316519468,2.7947682217130215e-06,-6.839126950814666,-1.3174911089557066,-6.175429184549356,-1.227525855210819,0.030171871185302734,4,10,6.0,4.0,1.0,1,4,79,4
3.2161700825671518,0.5590169943749475,4.1465435942703615e-06,-0.417558886509636,-0.25,-0.13903577696463598,-0.21212121212121215,0.03244447708129883,4,10,7.0,2.0,0.0,1,4,24,4
0.7359800721939872,0.25,1.5296429386719833e-06,0.5660639777468706,-0.028571428571428248,0.8321009977075328,0.11111111111111105,0.03235340118408203,4,10,4.0,2.0,0.0,1,4,9,4
11.415906300713345,2.9738443133425796,2.018417106243435e-06,-5.041164517232361,-1.6656200941915227,-5.027538494151201,-1.5223565762500373,0.04093480110168457,4,26,9.0,10.0,1.0,100,4,99,5
2.6100766272276377,0.8477912478906585,3.4474402819612885e-06,-0.6606009310198897,-0.7363040629095676,-0.06829579052255008,-0.47941680960548894,0.04018235206604004,4,12,9.0,3.0,0.0,3,4,3,4
2.624007748972298,0.7637626158259734,3.267086864881621e-06,-0.12446838673093286,-0.19175349146530718,0.13130330788135247,-0.1816838995568688,0.04020524024963379,4,10,5.0,4.0,1.0,1,4,15,4
1.8763883748662837,0.5951190357119042,3.533261770871888e-06,-0.04765594730724532,-0.17410071942446081,0.31924835350748215,-0.1659807956104249,0.040450096130371094,4,10,5.0,3.0,0.0,1,4,18,4
6.30888923134123,1.8680426476216578,2.465253710986525e-06,-2.2002791833885884,-0.8883212964593976,-2.0909488023685676,-0.8533886583679116,0.040175437927246094,4,15,7.0,6.0,0.0,33,4,25,4
0.2041241452319315,0.0,3.5174729878056977e-07,0.8654991243432575,1.0,0.9850946489789835,1.0,0.040192604064941406,4,10,4.0,1.0,0.0,1,4,4,4
0.2041241452319315,0.0,8.689184656757982e-07,0.9605546995377504,1.0,0.9890647639355915,1.0,0.04017925262451172,4,10,6.0,1.0,0.0,1,4,3,4
0.5303300858899106,0.0,1.4287885749795267e-06,0.8548061841810441,1.0,0.9418153607447634,1.0,0.0401918888092041,4,10,8.0,2.0,2.0,1,4,5,4
0.22821773229381923,0.10206207261596575,1.2405291718305426e-06,0.8404255319148937,-0.010526315789473939,0.9757704981585579,-0.010101010101010388,0.03217625617980957,4,10,3.0,1.0,0.0,1,4,9,4
0.5400617248673217,0.22821773229381923,5.150751890240505e-06,0.6527131782945736,-0.05494505494505453,0.9066012875679643,-0.05263157894736836,0.03216838836669922,4,10,6.0,1.0,0.0,1,4,7,4
0.4330127018922193,0.10206207261596575,2.5445672679997535e-06,0.5242290748898679,-0.010526315789473939,0.9084621643612694,-0.010101010101010388,0.03235363960266113,4,10,3.0,1.0,0.0,1,4,8,4
2.038688303787511,0.39528470752104744,3.3411957832044233e-06,-0.19286225903895837,-0.18518518518518512,0.1806981519507187,-0.17647058823529416,0.038435935974121094,4,10,4.0,1.0,0.0,1,4,8,4
0.5863019699779287,0.22821773229381923,4.14697654996517e-06,0.6941789748045177,-0.05494505494505453,0.9043921659520223,0.11347517730496459,0.03849983215332031,4,10,6.0,1.0,0.0,1,4,4,4
0.5,0.10206207261596575,1.3932255929947423e-06,0.8377921712193748,0.4893617021276593,0.9306839186691312,0.4897959183673467,0.040288686752319336,4,10,7.0,1.0,1.0,1,4,5,4
1.159202311936963,0.27003086243366087,3.229972154368897e-06,0.2901931564165757,-0.03863987635239541,0.6884358999130519,0.425758818703856,0.04017472267150879,4,10,6.0,2.0,0.0,1,4,4,4
0.8416254115301732,0.22821773229381923,2.148288338222969e-06,0.6682252490343566,0.11111111111111116,0.8329197277574388,0.2319508448540707,0.03866934776306152,4,10,6.0,1.0,1.0,1,4,4,4
0.5303300858899106,0.1767766952966369,2.487996879802286e-06,0.505720823798627,0.2173913043478266,0.9020994234743827,0.2187500000000001,0.038140296936035156,4,10,4.0,1.0,1.0,1,4,5,4
0.28867513459481287,0.0,5.902550332922397e-07,0.8231637117200091,1.0,0.9666930346808776,1.0,0.03074193000793457,4,10,5.0,1.0,0.0,1,4,3,4
2.2980970388562794,0.7071067811865476,5.080725635902143e-06,-0.284662285216565,-0.38170914542728607,0.077107907383137,-0.3593882752761264,0.032141685485839844,4,10,4.0,2.0,1.0,1,4,8,4
3.6713984619851145,0.9842509842514764,4.263815631670581e-06,-1.0754155876702032,-0.572107765451664,-0.7419632760756019,-0.5407554671968196,0.032158613204956055,4,10,8.0,3.0,0.0,1,4,22,4
14.558073361540668,3.0345235760055207,2.4402934351359756e-06,-5.883046953187772,-1.6549868602177447,-5.6079896070152655,-1.5541012972754333,0.032137155532836914,4,27,4.0,10.0,0.0,71,4,71,4
3.5750874115187727,0.82915619758885,4.4476494313182e-06,-0.7945428784716402,-0.33783783783783794,-0.6144736842105263,-0.32000000000000006,0.03818345069885254,4,10,2.0,4.0,0.0,1,4,24,4
0.22821773229381923,0.0,9.999999999999994e-08,0.765625,1.0,0.9750548792656156,1.0,0.03835892677307129,4,10,3.0,0.0,0.0,1,4,1,4
0.6291528696058958,0.22821773229381923,1.873648762186268e-06,0.5086206896551724,-0.05494505494505453,0.867595818815331,-0.052631578947368585,0.038214921951293945,4,10,4.0,1.0,0.0,1,4,7,4
11.83083893897639,2.6020824993326657,4.372401213519725e-06,-3.731615705147015,-1.8241683638832313,-3.598893144271149,-1.6316854933398117,0.030117273330688477,4,23,4.0,7.0,1.0,92,4,91,4
2.5474660612721287,0.7905694150420949,3.4582880060254757e-06,-2.590993695586911,-0.5,-0.9939828447061831,-0.4648437499999991,0.030162334442138672,4,10,7.0,2.0,2.0,1,4,5,4
1.5645819462932156,0.6291528696058958,2.3847141424993006e-06,0.24910131806683522,-0.12315270935960587,0.551346913839516,-0.007690267833465603,0.030104637145996094,4,10,5.0,4.0,0.0,1,4,22,4
0.4208127057650866,0.2041241452319315,1.379291226903457e-06,0.7508777285910548,-0.04347826086956452,0.9321736354931376,-0.0416666666666663,0.03016185760498047,4,10,3.0,1.0,0.0,1,4,7,4
5.163977794943222,1.224744871391589,3.3129853853214936e-06,-3.566077699124909,-1.1766650921114783,-3.1696527461072384,-1.1003500583430572,0.03122997283935547,4,11,5.0,3.0,1.0,76,4,67,4
1.6645820296198484,0.6208193510729725,1.907948209373055e-06,0.18861209964412762,-0.09359605911330027,0.5184997465788143,-0.08823529411764741,0.032147884368896484,4,10,6.0,3.0,1.0,1,4,16,4
3.677068578818368,1.0307764064044151,2.9508401818924705e-06,-2.4069172932330822,-0.7191011235955058,-1.8659115497560217,-0.6790123456790125,0.032135009765625,4,10,4.0,4.0,0.0,1,4,71,4
0.30618621784789724,0.14433756729740643,2.5872874319025047e-06,0.7740585774058578,-0.02127659574468077,0.9577147152790829,-0.02040816326530681,0.040201425552368164,4,10,3.0,1.0,0.0,1,4,6,4
1.0801234497346435,0.39528470752104744,5.864450037714341e-06,0.5198070653387523,-0.07462686567164178,0.7597133723799102,-0.016949152542372836,0.04036569595336914,4,10,6.0,2.0,1.0,1,4,15,4
3.278719262151,0.8354140689901426,1.2427539291595974e-05,-5.2676029607136075,-0.5230878522377456,-2.7796659830061534,-0.490213523131672,0.04037022590637207,4,10,5.0,3.0,0.0,1,4,66,4
0.44487826050130463,0.1767766952966369,1.8513456231902387e-06,0.8765482233502538,-0.032258064516129004,0.949696857377353,0.21875000000000022,0.038421630859375,4,10,5.0,1.0,0.0,1,4,3,4
1.5241117631809902,0.3535533905932738,4.1129213902066065e-06,-0.18047973531844508,-0.06765523632993498,0.37387690925426764,0.0033222591362128684,0.030249834060668945,4,10,5.0,1.0,1.0,1,4,3,4
1.2541597452743676,0.22821773229381923,2.0524734835695084e-06,0.26876513317191286,-0.05494505494505453,0.6088488239560667,0.23195084485407036,0.03242015838623047,4,10,5.0,1.0,0.0,1,4,3,4
2.643782013202551,0.7637626158259734,1.0068285557669103e-05,-1.392156862745098,-0.5596170583115754,-0.7394234757362086,-0.5238095238095237,0.040181636810302734,4,10,5.0,2.0,1.0,1,4,19,4
0.2041241452319315,0.0,8.62152344909083e-07,0.9248679319115634,1.0,0.9867105219442507,1.0,0.038544654846191406,4,10,4.0,1.0,0.0,1,4,2,4
2.289013615803395,0.6535161308899218,3.2970876384351683e-06,-0.24894602074334604,-0.17282479141835494,0.11335953887645189,-0.1634506242905791,0.03034377098083496,4,10,6.0,3.0,1.0,1,4,20,4
4.04789039706693,1.005194840151235,2.7199389467129858e-06,-0.0567759543720916,-0.27789213668176194,0.04376318397072332,-0.22924851096185495,0.030121326446533203,4,13,6.0,5.0,0.0,13,4,12,4
7.329307607134524,1.9790570145063195,2.771430322805855e-06,-4.1467065868263475,-1.3575207367252307,-4.059056663004238,-1.280031532350979,0.03214120864868164,4,17,12.0,5.0,3.0,66,4,63,4
0.28867513459481287,0.1767766952966369,1.2747836416453844e-06,0.9315995724973282,-0.032258064516129004,0.9786187727175539,-0.030927835051546726,0.040366411209106445,4,10,6.0,1.0,0.0,1,4,7,4
3.5355339059327378,0.9409658158863512,5.86944498375456e-06,-1.34375,-0.6615760537568722,-0.794392523364486,-0.5685550839638307,0.04036736488342285,4,11,7.0,2.0,0.0,2,4,2,4
5.006246098625197,1.2747548783981961,4.250186577519106e-06,-3.6833066363875986,-0.6842105263157894,-3.2829678154371953,-0.6595744680851059,0.04017806053161621,4,11,4.0,4.0,0.0,67,4,35,4
0.9185586535436918,0.28867513459481287,2.973490298863997e-06,0.3502130859864627,0.019157088122605415,0.7441243366186503,0.023199023199023783,0.03816366195678711,4,10,5.0,1.0,1.0,1,4,5,4
2.2150056433336687,0.6614378277661477,1.9410045572104483e-06,-0.23352247926669545,-0.20143027413587578,0.15801140528075241,-0.19182746878547152,0.03814554214477539,4,10,5.0,3.0,0.0,1,4,25,4
3.024207885270676,0.9354143466934853,5.192323201547687e-06,-2.229054131708999,-0.449317038102085,-1.4270234409553293,-0.423728813559322,0.03815150260925293,4,10,2.0,4.0,0.0,1,4,96,4
3.675651869623491,1.1086778913041726,4.179375804645435e-06,-1.7598191329018529,-0.6897374701670649,-1.2684343081013005,-0.6528925619834707,0.0301666259765625,4,11,5.0,3.0,0.0,42,4,27,4
26.711810746060127,6.606499325159531,2.1064845814154645e-06,-1.084054898194939,-0.9687633069193535,-1.0355316131747019,-0.9020900292349878,0.030221223831176758,4,69,5.0,20.0,1.0,100,4,100,4
18.02977860836529,3.98565134785604,2.6881702611900763e-06,-1.7150785738884555,-1.1152401317690575,-1.6666928718710774,-1.024802166870253,0.03014516830444336,4,40,4.0,11.0,1.0,95,4,82,4
26.966028010566678,6.829012861802697,1.9452691049325214e-06,-1.9504701156489777,-1.542320546567685,-1.842942572625193,-1.3943865353863267,0.030102968215942383,4,62,6.0,17.0,2.0,97,4,93,4
0.5204164998665332,0.22821773229381923,6.144257387662602e-06,0.7153284671532847,-0.05494505494505453,0.8978148089922968,-0.05263157894736836,0.0321497917175293,4,10,4.0,1.0,0.0,1,4,6,4
2.6160561920570435,0.60380736442456,9.572272741525525e-06,-1.411101341794411,-0.2770809578107183,-0.7816949152542374,-0.26308191988451823,0.040377140045166016,4,10,2.0,2.0,0.0,1,4,66,4
1.713913650100261,0.25,4.115727495885036e-06,0.18317593458648862,-0.06666666666666665,0.47082997128971105,-0.06382978723404253,0.04035663604736328,4,10,5.0,1.0,0.0,1,4,7,4
0.27003086243366087,0.0,1.4115856378984903e-06,0.9480037140204272,1.0,0.9823695345557123,1.0,0.0403742790222168,4,10,8.0,1.0,1.0,1,4,3,4
0.1767766952966369,0.14433756729740643,1.9776405306678277e-06,0.9716060337178349,-0.02127659574468077,0.9896476759032403,0.47916666666666685,0.03834366798400879,4,10,6.0,1.0,0.0,1,4,2,4
0.7905694150420949,0.30618621784789724,9.806040297602986e-06,0.11275415896487984,-0.10344827586206895,0.8093725178713265,-2.220446049250313e-16,0.03016376495361328,4,10,4.0,1.0,0.0,1,4,2,4
0.5590169943749475,0.0,9.999999999999994e-08,0.6994991652754591,1.0,0.9040767386091128,1.0,0.030298471450805664,4,10,6.0,0.0,0.0,1,4,1,4
0.1767766952966369,0.0,9.999999999999994e-08,0.9328201539538139,1.0,0.9888372093023255,1.0,0.03216671943664551,4,10,4.0,0.0,0.0,1,4,1,4
1.461306493062515,0.45643546458763845,8.36156623742955e-06,-0.7240473061760841,-0.20300751879699241,0.17418627135030607,-0.19331742243436767,0.030239343643188477,4,10,3.0,2.0,0.0,1,4,21,4
4.081206929328627,1.1273124382057236,8.217117585545915e-06,-4.622239314361059,-0.7193188490898412,-3.6145854376497075,-0.680672268907563,0.030156612396240234,4,10,4.0,4.0,0.0,1,4,59,4
0.1767766952966369,0.0,5.902550332922397e-07,0.9588806396344945,1.0,0.9904104334484082,1.0,0.030351638793945312,4,10,5.0,1.0,0.0,1,4,3,4
4.605250626549366,1.0752906583803283,4.271092995182879e-06,-5.880557609040025,-1.0003754458419372,-4.9499108682311,-0.9392033542976941,0.030488014221191406,4,10,5.0,3.0,0.0,1,4,25,4
3.6713984619851145,1.015504800579495,5.864801319893119e-06,-3.989717223650385,-1.0221276595744682,-2.759005345108064,-0.9411764705882351,0.03216671943664551,4,10,7.0,3.0,1.0,1,4,26,4
4.6737297739599795,1.3268069440075547,5.449325689107824e-06,-1.5616124599175447,-0.6907044601917465,-1.4010717230008245,-0.6446087971973533,0.030848979949951172,4,13,5.0,4.0,1.0,98,4,99,4
1.7260262647673315,0.5773502691896257,5.917277645428297e-06,-1.2705921270261333,-0.3426573426573425,-0.06481998585204196,-0.30134200894672647,0.032166481018066406,4,10,4.0,2.0,0.0,1,4,62,4
0.6291528696058958,0.408248290463863,3.848107822510209e-06,0.41975505010338776,-0.10344827586206895,0.8532818532818532,-0.09890109890109855,0.030175447463989258,4,10,3.0,2.0,0.0,1,4,7,4
0.7216878364870323,0.22821773229381923,1.745578255367121e-06,0.6182902584493044,-0.019108280254777066,0.8577767664125612,0.2592592592592592,0.03222846984863281,4,10,6.0,2.0,0.0,1,4,7,4
9.994790309622974,2.468552207266437,3.1394991908283156e-06,-4.914884868421052,-1.5927977839335181,-4.910595312201466,-1.4370938176970505,0.032366275787353516,4,20,10.0,7.0,1.0,68,4,68,4
5.258920991990657,1.758905909933786,2.523087727499999e-06,-3.9327475760097546,-1.8196202531645573,-3.726638300902602,-1.6682238792561312,0.03335762023925781,4,12,7.0,5.0,1.0,37,4,37,4
7.007436526053351,1.963203164898291,3.4536443747128296e-06,-4.356881591874904,-1.257387988560534,-4.232487151879766,-1.1718713312984272,0.04040837287902832,4,14,4.0,5.0,1.0,81,4,75,4
0.25,0.0,9.999999999999994e-08,0.71875,1.0,0.9662466246624662,1.0,0.03595852851867676,4,10,4.0,0.0,0.0,1,4,1,4
14.544472031210574,3.307189138830738,2.3759887149940644e-06,-4.059095544673927,-1.8926449909604846,-3.9336886781222447,-1.747324629111175,0.03836846351623535,4,29,6.0,7.0,1.0,80,4,86,4
0.8036375634160796,0.39528470752104744,2.5746976807339877e-06,0.7728591054800793,-0.07462686567164178,0.8718452221004982,0.02849740932642475,0.030178308486938477,4,10,6.0,2.0,1.0,1,4,11,4
0.5303300858899106,0.0,9.999999999999994e-08,0.7711056163899683,1.0,0.9132697311361666,1.0,0.030579566955566406,4,10,5.0,0.0,0.0,1,4,1,4
21.537515718701943,5.225139551565425,3.3050759629602675e-06,-1.378078168285438,-1.0133145563948278,-1.3555655002303677,-0.9496265881162782,0.03234696388244629,4,48,9.0,15.0,1.0,99,4,89,4
0.5303300858899106,0.1767766952966369,1.1892229017306067e-06,0.5178571428571428,-0.032258064516129004,0.8695400077309625,-0.030927835051546726,0.04046988487243652,4,10,3.0,1.0,0.0,1,4,7,4
2.8668362352949286,0.7359800721939872,2.920120356844053e-06,-1.6535874439461882,-0.47169811320754773,-0.5865355613199013,-0.43014301430142954,0.04038262367248535,4,11,5.0,2.0,0.0,2,4,13,4
9.675462951886765,2.404423007708918,1.6192190098791786e-06,-0.649447954803988,-0.6244397695051678,-0.5639928369928595,-0.4990276577355228,0.03815269470214844,4,32,36.0,8.0,7.0,45,98,41,92
0.3535533905932738,0.0,9.999999999999994e-08,0.8608527599951685,1.0,0.9656465603618563,1.0,0.030545949935913086,4,10,5.0,0.0,0.0,1,4,1,4
0.8660254037844386,0.27003086243366087,7.616283586516119e-06,0.21659299557973477,-0.07865168539325862,0.7391304347826086,-0.07526881720430145,0.030343055725097656,4,10,5.0,1.0,0.0,1,4,11,4
0.5303300858899106,0.10206207261596575,1.6557777830225153e-06,0.7958251280031508,-0.010526315789473939,0.9303693005983082,0.6563573883161511,0.040556907653808594,4,10,5.0,1.0,0.0,1,4,2,4
1.8200274723201295,0.6208193510729725,1.656021990247831e-05,-1.9043858814575212,-0.3708992666923969,-0.32965378825890634,-0.3508579773640017,0.040840864181518555,4,10,3.0,2.0,0.0,1,4,25,4
1.4068285846778443,0.28867513459481287,7.87002898237661e-06,0.3115942028985508,-0.09090909090909127,0.5982322217758136,-0.0869565217391306,0.0383603572845459,4,10,4.0,1.0,0.0,1,4,6,4
0.5773502691896257,0.1767766952966369,1.8968090069435136e-06,0.6788962057071182,-0.032258064516129004,0.9009410599306588,0.21875000000000022,0.030332088470458984,4,10,5.0,1.0,0.0,1,4,4,4
0.568257570707744,0.10206207261596575,1.5253247814015944e-06,0.7577927891267193,-0.010526315789473939,0.9182898863965839,0.8287671232876712,0.030336856842041016,4,10,6.0,2.0,0.0,1,4,4,4
1.0307764064044151,0.3227486121839514,5.760114070374029e-06,0.09122969837587058,-0.11627906976744162,0.5866261398176291,-0.021450459652706533,0.032362937927246094,4,10,3.0,1.0,0.0,1,4,4,4
1.432509453139257,0.45643546458763845,6.237596888068975e-06,-0.48539114043355336,-0.1538461538461542,0.3023091089389429,-0.10436223081170604,0.04059600830078125,4,10,4.0,2.0,0.0,1,4,48,4
0.14433756729740643,0.0,9.999999999999994e-08,0.5923566878980892,1.0,0.9910618519842689,1.0,0.04036688804626465,4,10,2.0,0.0,0.0,1,4,1,4
0.1767766952966369,0.0,6.9429874970956e-07,0.9557739557739557,1.0,0.990226739640344,1.0,0.040583133697509766,4,10,6.0,1.0,0.0,1,4,2,4
3.952847075210474,1.103970108290981,5.396651151412587e-06,-2.828158230540195,-0.7473553204729306,-2.414445380255401,-0.6956521739130441,0.03854656219482422,4,10,4.0,3.0,1.0,1,4,26,4
10.236780092717957,2.391390808713624,4.202398532793554e-06,-2.613302953093958,-1.0345892526250768,-2.587680632230639,-0.9695067264573991,0.030547142028808594,4,20,6.0,8.0,1.0,88,4,86,4
1.8540496217739157,0.44487826050130463,5.032228996545128e-06,-0.2996923076923077,-0.032258064516129004,0.1511254019292605,-0.022054868208714273,0.032146453857421875,4,10,6.0,2.0,2.0,1,4,5,4
4.167083312502083,1.1273124382057236,4.460490180164621e-06,-2.4324689530918215,-0.6619838229033632,-1.698327910778744,-0.6266666666666669,0.04034733772277832,4,10,8.0,4.0,1.0,1,4,99,4
0.9736101204623269,0.3679900360969936,2.242294612945995e-06,0.8596198036348444,-0.040000000000000036,0.8951612903225806,0.37349397590361466,0.040351152420043945,4,11,9.0,3.0,1.0,8,4,4,4
14.018588849571605,3.875671984744495,5.969026743826674e-06,-1.6970854007946197,-1.1479642502482625,-1.670634066792748,-1.0667612618423128,0.03855133056640625,4,36,5.0,13.0,0.0,100,4,98,4
2.212653007891959,0.7637626158259734,4.835756736788385e-06,-1.2746521476104054,-0.5627906976744181,-0.19231842512493946,-0.5238095238095235,0.030570507049560547,4,10,8.0,2.0,0.0,1,4,7,4
5.335611492603261,1.2909944487358056,2.3462461921117795e-06,-0.4801058314481874,-0.39585605234460197,-0.4276311665517456,-0.3780036172594954,0.03215193748474121,4,14,5.0,5.0,0.0,16,4,13,4
0.0,0.0,9.999999999999994e-08,1.0,1.0,1.0,1.0,0.04037308692932129,4,10,1.0,0.0,0.0,1,4,1,4
1.6986514258866257,0.5303300858899106,2.703310197078583e-06,0.08227498619547224,-0.1618108471537425,0.40043290043290036,-0.1543394613082507,0.0405879020690918,4,10,3.0,2.0,0.0,1,4,7,4
0.9789450103725609,0.45643546458763845,3.3056978583568376e-06,0.3691428571428571,-0.1136890951276106,0.7150908921990647,-0.02880658436214012,0.03856921195983887,4,10,4.0,2.0,0.0,1,4,9,4
2.846781808756454,0.6692657668420421,3.579914878000101e-06,-2.297920254338323,-0.49619427328742294,-1.4825297552570271,-0.4670760832480383,0.03013443946838379,4,10,5.0,2.0,0.0,1,4,41,4
1.8624580532189174,0.60380736442456,5.650115099154403e-06,-0.983249581239531,-0.22851919561243172,-0.03870987866121833,-0.21739130434782616,0.03214216232299805,4,10,4.0,3.0,0.0,1,4,70,4
1.8171635406130437,0.7772815877574012,2.4338084514798575e-06,0.4907630522088353,-0.19587628865979378,0.595436214201848,-0.12490302560124156,0.0321345329284668,4,10,5.0,4.0,1.0,1,4,16,5
1.5,0.4330127018922193,2.9046106271902426e-06,-0.23435918804690758,-0.18113465481886526,0.3690851735015773,-0.08499095840867965,0.03234505653381348,4,10,6.0,1.0,1.0,1,4,3,4
17.467231224972853,4.190763653560053,2.421293280703574e-06,-2.9469295856891797,-1.6105806451612898,-2.847492693179206,-1.471742094383604,0.04056501388549805,4,38,6.0,10.0,0.0,99,4,89,4
3.847347571162935,1.1086778913041726,3.088865500735064e-06,-0.5634175691937424,-0.8585726004922067,-0.4221946435005406,-0.8087063151440834,0.038604021072387695,4,13,6.0,3.0,1.0,11,4,22,4
0.0,0.0,3.933602641932747e-07,1.0,1.0,1.0,1.0,0.03834199905395508,4,10,2.0,1.0,1.0,1,4,5,4
1.9364916731037085,0.3679900360969936,2.128782849175481e-06,-1.0010422094841065,-0.003215434083601032,-0.09011627906976694,-2.220446049250313e-16,0.03013443946838379,4,10,5.0,2.0,1.0,1,4,9,4
25.53469861449971,5.8594652770823155,3.9410616322377325e-06,-1.7908915769194325,-1.6929021276595742,-1.7079678560226697,-1.537512221785959,0.03233003616333008,4,46,2.0,12.0,0.0,99,4,92,4
47.70929766128751,10.774680969754975,1.5892484630718933e-06,-1.4570245979491112,-1.3104481092858884,-1.382996125816891,-1.2136109764914318,0.03214311599731445,4,101,8.0,29.0,0.0,94,4,94,4
23.003849315567457,5.733672470589857,1.842929207716485e-06,-1.7095085945534216,-1.092896023873339,-1.6301987469524208,-1.0140524189688511,0.040167808532714844,4,72,3.0,20.0,1.0,99,4,99,4
0.7569125885243729,0.1767766952966369,1.759454950706462e-06,0.760826236637072,-0.032258064516129004,0.8917408078104085,0.21875000000000022,0.040361642837524414,4,10,6.0,1.0,0.0,1,4,3,4
0.45643546458763845,0.14433756729740643,1.8626280609096934e-06,0.7964160746474394,-0.02127659574468077,0.9312809235843871,-0.02040816326530681,0.03835582733154297,4,10,6.0,1.0,0.0,1,4,9,4
0.5496210815947049,0.0,9.999999999999994e-08,0.5985580389329488,1.0,0.881902589998371,1.0,0.0303647518157959,4,10,4.0,0.0,0.0,1,4,1,4
0.9947780321927768,0.28867513459481287,5.137426238719854e-06,0.046424090338770374,0.019157088122605415,0.672538002826514,0.11111111111111116,0.03255176544189453,4,10,3.0,1.0,1.0,1,4,3,4
1.8791620472966135,0.47871355387816905,2.0318411082169423e-06,0.2781474580782539,-0.07317073170731714,0.49609810479375716,-0.07003891050583677,0.0403752326965332,4,10,5.0,3.0,0.0,1,4,11,4
0.408248290463863,0.0,9.999999999999994e-08,0.6226971260132645,1.0,0.9418097177771312,1.0,0.04038047790527344,4,10,3.0,0.0,0.0,1,4,1,4
2.5124689052802225,0.6208193510729725,4.912041755175129e-06,-0.9057228027647655,-0.4253611556982346,-0.434014056177382,-0.399394856278366,0.03857111930847168,4,10,7.0,2.0,1.0,1,4,27,4
1.6770509831248424,0.6123724356957945,3.6116353885618047e-06,0.09291338582677167,-0.16285329744279986,0.44394101655820073,-0.15532734274711135,0.030111074447631836,4,10,6.0,3.0,0.0,1,4,12,4
2.1139418156609704,0.5303300858899106,2.695863961199286e-06,0.5100642398286939,0.4544306461797516,0.5856633732216845,0.4858122262426203,0.032547950744628906,4,11,9.0,4.0,2.0,26,4,21,4
4.589389937671455,1.1681538140730154,2.8612335082320275e-06,-1.365171619695142,-0.6794871794871795,-1.1805005877214736,-0.6342315369261478,0.03212785720825195,4,11,7.0,3.0,1.0,25,4,19,4
0.22821773229381923,0.10206207261596575,9.03246649197259e-07,0.8404255319148937,-0.010526315789473939,0.9777292770923344,-0.010101010101010388,0.04021167755126953,4,10,3.0,1.0,0.0,1,4,14,4
2.5020824660004046,0.7288689868556626,5.218377099147188e-06,-1.808958130477118,-0.6068263866097805,-0.6344401838405263,-0.568748077514611,0.04020404815673828,4,10,7.0,2.0,0.0,1,4,18,4
0.14433756729740643,0.0,9.999999999999994e-08,0.8898450946643718,1.0,0.9898348157560356,1.0,0.040213584899902344,4,10,3.0,0.0,0.0,1,4,1,4
15.873523553389147,4.1570722870789725,1.9472466004787954e-06,-9.716581982306275,-3.6439422656363902,-8.759177596940194,-3.0817832890463537,0.04038238525390625,4,29,10.0,9.0,1.0,100,4,36,4
11.739356881873896,2.715695122800054,2.788829357637841e-06,-2.4593605216496024,-1.3879422408038504,-2.410672853828306,-1.2838709677419353,0.0404815673828125,4,27,6.0,7.0,1.0,98,4,84,4
5.2895336908527835,1.454160697217929,4.335800906386804e-06,-2.8390280941533788,-1.0117683493341594,-2.6373977574345915,-0.9335174778550339,0.040570974349975586,4,11,2.0,4.0,0.0,100,4,89,4
11.150952874082106,2.763225771931542,3.0752574690351995e-06,-1.816167345343913,-0.8711410109819979,-1.788530047304795,-0.8081353758109473,0.038721561431884766,4,26,5.0,10.0,0.0,91,4,91,4
21.157888599763446,4.184544977254596,1.7635441145718534e-06,-20.72832223813938,-4.877836459661264,-20.45114031716241,-4.596617392462378,0.030676603317260742,4,22,39.0,7.0,7.0,44,62,28,40
24.49213309071575,5.683492177643367,2.3615715870476913e-06,-1.7598940244211105,-1.2544699993184243,-1.6886243648091668,-1.1467487244809664,0.03234100341796875,4,54,5.0,15.0,0.0,100,4,84,4
14.723846870524927,4.0556031199646085,1.6746611095331826e-06,-2.319303760140484,-1.387600806451613,-2.176381348908978,-1.2341704987619386,0.032564401626586914,4,31,9.0,11.0,1.0,85,4,57,4
0.22821773229381923,0.0,3.978156404254437e-07,0.9038268883991184,1.0,0.9786789475928532,1.0,0.04035162925720215,4,10,4.0,1.0,1.0,1,4,5,4
5.737304826019502,1.399404635312222,3.044592129739874e-06,-1.485009338444903,-0.5581455581455581,-1.421381720100534,-0.5314434669273378,0.04042410850524902,4,16,4.0,7.0,1.0,57,4,57,4
4.009104222474974,1.4361406616345072,1.8902108267226781e-06,-1.197255803604539,-0.38069296142950537,-1.1349014181943966,-0.29887168722120183,0.03816556930541992,4,16,7.0,5.0,1.0,96,98,59,4
25.151416461106123,5.771698190307598,1.4112415359764885e-06,-2.459571854555165,-1.9604543745118272,-2.252976230331436,-1.7170773152081562,0.03018641471862793,4,54,8.0,13.0,1.0,97,4,92,5
29.754026338183767,6.904105059069326,2.4900679202846333e-06,-1.4520073148998254,-1.2498002663115844,-1.3920490382859008,-1.1426832237643048,0.03248906135559082,4,76,6.0,19.0,0.0,100,4,91,4
20.935416563007927,4.644665398784574,1.3240996457380614e-06,-4.0625420646489,-2.1003477474386756,-3.7758334383253933,-1.9112020129605418,0.04038071632385254,4,38,5.0,11.0,0.0,99,4,92,4
52.72679189305313,12.567318727556806,2.248729452724005e-06,-1.143740118636603,-1.0833719791827692,-1.0730475237897799,-1.0011641120873644,0.04049229621887207,4,154,3.0,37.0,0.0,100,4,100,4
0.7288689868556626,0.25,6.447625253035508e-06,0.6990965521479933,-0.06666666666666665,0.8851842679934263,-0.06382978723404253,0.03834986686706543,4,10,7.0,1.0,0.0,1,4,8,4
2.1262251370288454,0.5863019699779287,1.4597805732983511e-05,-1.7571967440937066,-0.36140954018049,-0.41997120795707366,-0.34200894672631166,0.030101299285888672,4,10,2.0,2.0,0.0,1,4,51,4
0.4330127018922193,0.14433756729740643,2.135398192700679e-06,0.8063648588077095,-0.02127659574468077,0.938091143594153,0.3127147766323023,0.03042292594909668,4,10,5.0,1.0,0.0,1,4,3,4
3.816084380618437,0.9298297335175583,1.041895433741682e-05,-6.932383710621196,-1.1287737109270641,-4.546738612918584,-1.0524233432245302,0.032137393951416016,4,10,4.0,2.0,0.0,1,4,13,4
0.9071475440448851,0.338501600193165,3.742130616115852e-06,0.41463414634146334,-0.003802281368820992,0.7023248803647459,-2.220446049250313e-16,0.040372371673583984,4,10,4.0,2.0,1.0,1,4,13,4
0.4208127057650866,0.2041241452319315,2.0771352113632364e-06,0.8811102207328623,-0.04347826086956452,0.9516757156257994,0.1578947368421051,0.040694236755371094,4,10,6.0,1.0,0.0,1,4,4,4
0.7839536550927825,0.30618621784789724,2.0476758330883343e-06,0.6956147893379192,-0.060122699386503164,0.853273979756783,-0.057579318448883976,0.03832507133483887,4,10,6.0,2.0,0.0,1,4,8,4
1.2665570127975554,0.3679900360969936,4.2967288483108885e-06,0.18080567407325332,-0.1566265060240959,0.5273753989688189,-0.07973421926910285,0.03052544593811035,4,10,4.0,1.0,0.0,1,4,4,4
0.48947250518628044,0.0,9.999999999999994e-08,0.6901922267433704,1.0,0.9052523171987641,1.0,0.03214001655578613,4,10,4.0,0.0,0.0,1,4,1,4
0.10206207261596575,0.0,9.999999999999994e-08,0.8688524590163934,1.0,0.9946740519812527,1.0,0.0403752326965332,4,10,2.0,0.0,0.0,1,4,1,4
0.7839536550927825,0.25,4.433367605410721e-06,0.19864176570458403,-0.06666666666666665,0.84062238310057,0.41118743866535845,0.04039907455444336,4,11,4.0,2.0,0.0,2,4,2,4
0.22821773229381923,0.14433756729740643,1.5888560731335334e-06,0.9455535390199636,0.31182795698924726,0.9853711343222447,0.3127147766323026,0.03834199905395508,4,10,6.0,1.0,1.0,1,4,5,4
0.408248290463863,0.1767766952966369,1.4133019621406276e-06,0.7661032434901782,-0.032258064516129004,0.9485381621691165,-0.03092783505154606,0.038339853286743164,4,10,5.0,1.0,0.0,1,4,6,4
0.10206207261596575,0.0,9.999999999999994e-08,0.9699153870260107,1.0,0.9958739065852451,1.0,0.030319929122924805,4,10,4.0,0.0,0.0,1,4,1,4
0.699702317656111,0.2041241452319315,2.4777113369103237e-06,0.2161223071577486,-0.04347826086956452,0.811668536624459,0.1578947368421053,0.0321505069732666,4,10,3.0,1.0,0.0,1,4,3,4
8.312891594786176,2.7726341266023544,3.1825465725489167e-06,-1.88697591557532,-1.173851676843301,-1.8323919067197791,-1.080338266384778,0.040581703186035156,4,24,10.0,10.0,4.0,74,22,72,4
6.1041311147997686,1.6645820296198484,3.358591151057419e-06,-4.36013986013986,-1.3892215568862274,-4.103365624687906,-1.2814992709494808,0.040503501892089844,4,12,6.0,4.0,1.0,16,4,8,5
0.60380736442456,0.27003086243366087,2.09085926295533e-06,0.5880333496812165,-0.0786516853932584,0.8594603276582075,-0.07526881720430123,0.03857564926147461,4,10,4.0,1.0,0.0,1,4,8,4
5.598548919139673,1.5877132402714709,2.360219495290415e-06,-5.054833570889579,-1.432415453879175,-4.879709238705644,-1.326923076923077,0.03032660484313965,4,12,7.0,4.0,1.0,49,4,11,5
4.111721050849631,1.0801234497346435,3.451011574407442e-06,-5.440742424868752,-0.6810506566604129,-4.2756468599661925,-0.6364699006428989,0.03239011764526367,4,10,2.0,4.0,0.0,1,4,44,4
18.314952907392364,4.576889409486171,2.8934041860910847e-06,-1.6147559771865887,-0.9067824231829091,-1.5841418974929757,-0.840041723472198,0.04037618637084961,4,57,4.0,16.0,0.0,100,4,98,4
15.582107794946527,3.679900360969936,2.1806308293596297e-06,-1.7467897138269706,-1.1207538192261288,-1.7146291128803086,-1.0296326364927948,0.04024028778076172,4,39,5.0,10.0,1.0,97,4,93,4
5.666973030934004,1.5844294451526286,4.264603789393934e-06,-3.444764822490539,-0.9796354924274833,-3.2698465458977335,-0.9049877480041104,0.038572072982788086,4,15,4.0,5.0,0.0,100,4,98,4
5.681659088681756,2.0866640042581523,2.0114710771229648e-06,0.5048433162236114,0.15011860386309728,0.5083886442377248,0.17221166032953106,0.030115604400634766,4,35,17.0,11.0,3.0,95,98,93,84
3.6127667144908946,1.118033988749895,3.557748927062505e-06,-2.621387283236994,-0.6705336426914155,-1.9962457256271078,-0.6268980477223427,0.032353878021240234,4,10,5.0,4.0,0.0,1,4,72,4
0.6291528696058958,0.14433756729740643,1.4779099740025005e-06,0.814398371915543,-0.02127659574468077,0.9178538230398409,-0.02040816326530681,0.04040336608886719,4,10,6.0,1.0,0.0,1,4,6,4
0.9185586535436918,0.27003086243366087,2.2119998230398966e-06,0.5249266862170088,0.08196721311475408,0.7835324300489057,0.08376963350785349,0.030514001846313477,4,10,6.0,2.0,1.0,1,4,12,4
1.0752906583803283,0.408248290463863,6.2845520661200435e-06,-0.18413157017446413,-0.10344827586206895,0.5178943710910355,-0.0450685826257351,0.030333995819091797,4,10,2.0,2.0,0.0,1,4,11,4
0.3227486121839514,0.1767766952966369,3.231930542431772e-06,0.9002390107035227,-0.032258064516129004,0.9724813561187705,0.36842105263157876,0.030430316925048828,4,10,6.0,1.0,0.0,1,4,2,4
1.1858541225631423,0.28867513459481287,3.6082034889046134e-06,-0.11888111888111896,0.019157088122605415,0.5046053355840154,0.023199023199023783,0.030344486236572266,4,10,4.0,1.0,1.0,1,4,5,4
3.366501646120693,0.8955910525085282,9.973075036559319e-06,-2.9426241884342446,-0.6129173030765873,-1.595172216391565,-0.5172413793103443,0.030466794967651367,4,10,5.0,3.0,0.0,1,4,52,4
0.568257570707744,0.22821773229381923,3.1794622142843737e-06,0.6955810147299508,0.11111111111111116,0.8893489434608794,0.11347517730496459,0.0303347110748291,4,10,6.0,1.0,1.0,1,4,5,4
1.8680426476216578,0.699702317656111,6.107519824885636e-06,-0.19075829383886256,-0.40342146189735595,0.16406737367436042,-0.3746709564200055,0.03215503692626953,4,10,8.0,2.0,2.0,1,4,5,4
1.547847968417226,0.6373774391990981,8.325942365794559e-06,-0.2655470854588182,-0.3453108156665472,0.2866889964024316,-0.3269819666553253,0.030120134353637695,4,10,3.0,2.0,0.0,1,4,11,4
0.6373774391990981,0.3227486121839514,2.077991195179996e-06,0.7857020204910996,-0.0714285714285714,0.9064209617045782,0.43788645306351903,0.03254866600036621,4,10,4.0,3.0,0.0,1,4,3,4
6.0553007081949835,1.4577379737113252,4.7249545966500975e-06,-3.327037582431654,-0.9623246492985973,-3.1955208047771713,-0.9067202542293675,0.0403742790222168,4,14,4.0,5.0,0.0,36,4,28,4
0.39528470752104744,0.10206207261596575,1.6955282875669485e-06,0.7998888271261811,0.4893617021276596,0.9429310607213515,0.4897959183673467,0.04017138481140137,4,10,6.0,1.0,1.0,1,4,5,4
5.622684708689731,1.489546910976623,5.327065680925241e-06,-6.823005047792933,-1.101973684210526,-5.981023576768258,-1.0334128878281619,0.040552377700805664,4,10,4.0,5.0,1.0,1,4,76,4
0.8036375634160796,0.27003086243366087,3.090714101629585e-06,0.46431464314643134,-0.07865168539325862,0.7725521845995817,-0.07526881720430145,0.03819680213928223,4,10,4.0,1.0,0.0,1,4,9,4
0.338501600193165,0.2041241452319315,1.7082512713964626e-06,0.8542845315302884,0.4893617021276596,0.9554637839588647,0.5428571428571429,0.030533790588378906,4,10,5.0,2.0,2.0,1,4,5,4
1.286953767623375,0.39528470752104744,5.3313134290312144e-06,-0.0902857142857143,-0.132966168371361,0.4420856872170955,-0.12697220135236664,0.03220534324645996,4,10,3.0,2.0,0.0,1,4,17,4
4.680411306712264,1.3654974673478282,3.2800933495556185e-06,-1.869194474447161,-0.534833869239014,-1.6621601093726266,-0.5021819402484056,0.04056978225708008,4,13,4.0,5.0,1.0,54,4,52,4
6.5645830027504415,1.8846971463164404,3.1789131036290778e-06,-2.4540062444013464,-1.3438104102527388,-2.4021381578947376,-1.2733333333333334,0.04016613960266113,4,16,4.0,5.0,0.0,85,4,82,4
36.39267897989008,8.243052630346762,4.5412932508752196e-06,-2.099447042428625,-1.7767416492623682,-1.9461747577854829,-1.5924939688646371,0.04057574272155762,4,83,3.0,25.0,0.0,100,4,95,4
21.394362575220605,5.290518248086224,1.9968097854833233e-06,-3.0669204834795716,-1.612145699790382,-2.9190660812282436,-1.4696691176470589,0.038141489028930664,4,44,6.0,13.0,0.0,92,4,96,4
0.5,0.0,1.1899174260209346e-06,0.18181818181818143,1.0,0.9251193410502012,1.0,0.030319929122924805,4,10,5.0,2.0,0.0,1,4,4,4
17.775216829432303,4.29631625155008,3.1518527299947256e-06,-1.3674853224905545,-0.988985934266372,-1.3424202641130587,-0.9232439003212645,0.0323786735534668,4,36,5.0,12.0,1.0,95,4,91,4
1.7940875118009154,0.6291528696058958,1.9670894555218995e-06,0.25405486961551016,-0.07547169811320775,0.48198689041256626,-0.07223476297968401,0.0404057502746582,4,10,5.0,5.0,0.0,1,4,9,4
2.079162491645775,0.46770717334674267,2.200786513698412e-06,-0.1942804040888515,-0.21812688821752246,0.08143163859315194,-0.20759056929269648,0.040236473083496094,4,10,4.0,2.0,0.0,1,4,41,4
0.10206207261596575,0.0,9.999999999999994e-08,0.8688524590163934,1.0,0.9946740519812527,1.0,0.04073166847229004,4,10,2.0,0.0,0.0,1,4,1,4
13.127182358246824,3.392700497637047,3.804084243584201e-06,-1.0379113349039897,-0.782258064516129,-1.0328090439911524,-0.746317719198432,0.03856945037841797,4,43,4.0,11.0,1.0,100,4,95,4
66.87464953179195,15.97980496334879,2.186230703011427e-06,-0.9601383378597999,-0.881404875428111,-0.9069964511627229,-0.8200325339910415,0.030335664749145508,4,164,4.0,41.0,0.0,100,4,93,4
4.6937458388796465,1.5512092057488571,2.8735248633787933e-06,-1.6755218216318783,-0.8141361256544504,-1.4971663360725422,-0.7521237864077666,0.03015589714050293,4,11,8.0,4.0,3.0,32,4,16,4
2.0514222708485286,0.5863019699779287,1.4402900306972347e-05,-1.6801188584064684,-0.29889298892988925,-0.4217342342342343,-0.28354725787631274,0.0325770378112793,4,10,5.0,2.0,0.0,1,4,9,4
0.4208127057650866,0.22821773229381923,4.156889666205411e-06,0.7522768670309654,-0.05494505494505453,0.9495608829812485,-0.05263157894736881,0.040578365325927734,4,10,4.0,1.0,0.0,1,4,7,4
0.7569125885243729,0.1767766952966369,1.9507378852338653e-06,0.9004750056548292,-0.032258064516129004,0.9378362493783625,0.714557564224548,0.04057121276855469,4,12,11.0,2.0,0.0,4,4,3,4
1.6105123408406408,0.3535533905932738,2.7025570361578113e-06,0.512232946313792,-0.02218278615794178,0.645723066416254,0.04458598726114649,0.03856635093688965,4,10,9.0,2.0,1.0,1,4,15,4
0.338501600193165,0.0,9.999999999999994e-08,0.8181505080075772,1.0,0.9539671911617007,1.0,0.03030538558959961,4,10,4.0,0.0,0.0,1,4,1,4
0.10206207261596575,0.0,7.728721766833926e-07,0.4893617021276596,1.0,0.9939653611731338,1.0,0.032598018646240234,4,10,1.0,1.0,0.0,1,4,2,4
0.3818813079129867,0.0,7.622409606270493e-07,0.3975795607350965,1.0,0.9316239316239316,1.0,0.040380001068115234,4,10,2.0,1.0,0.0,1,4,3,4
0.7144345083117603,0.3227486121839514,7.5954629163594885e-06,0.4012219959266804,-0.11627906976744207,0.851533147497273,-0.11111111111111116,0.04044914245605469,4,10,5.0,1.0,0.0,1,4,7,4
0.7288689868556626,0.0,7.126749090558971e-07,0.7166666666666667,1.0,0.8772238137653771,1.0,0.03857755661010742,4,10,6.0,1.0,0.0,1,4,3,4
0.1767766952966369,0.0,1.0267481617819367e-06,0.7798165137614679,1.0,0.9882495789432455,1.0,0.030318021774291992,4,10,3.0,1.0,1.0,1,4,5,4
0.8897565210026093,0.27003086243366087,3.4163283472302263e-06,0.48529100529100533,-0.07865168539325862,0.7626409319466567,-0.07526881720430145,0.03234505653381348,4,10,4.0,1.0,0.0,1,4,6,4
1.4252192813739224,0.44487826050130463,2.4724830517698065e-06,0.5245714285714286,-0.14071294559099434,0.701007375151413,0.055196419691695975,0.04017448425292969,4,10,6.0,2.0,0.0,1,4,4,4
2.9825883613622137,0.7288689868556626,2.5736584240599907e-06,-0.27053791436143015,-0.20739827373612818,-0.030467571644042568,-0.197464193472646,0.04038429260253906,4,10,5.0,4.0,0.0,1,4,18,4
6.73145600891813,1.6425336120355853,4.625543046726054e-06,-3.329839186288843,-1.4321627702240045,-3.2647058823529402,-1.3003819166888708,0.03850889205932617,4,15,5.0,5.0,0.0,99,4,68,4
4.331329664972024,1.1501811451535218,4.957578851852351e-06,-2.465961029588646,-0.9651837524177949,-2.012763679553021,-0.8910065515187617,0.03833484649658203,4,10,7.0,3.0,1.0,1,4,22,4
2.7195281453467866,1.005194840151235,3.910095319681338e-06,-0.8556027442012415,-0.44798631628051644,-0.4231023631516708,-0.4241667890177656,0.030500411987304688,4,10,9.0,3.0,1.0,1,4,16,4
11.784081777267728,2.7613402542968153,2.152046162582314e-06,-8.254492468561759,-2.2153740562800275,-8.076363735395846,-2.0479680213191203,0.03234076499938965,4,25,10.0,7.0,1.0,94,4,38,4
12.172800964992952,2.753785273643051,3.660974054531204e-06,-3.7153556371220304,-1.4719864176570456,-3.6485257065922463,-1.3345305284761424,0.0405879020690918,4,23,5.0,8.0,0.0,80,4,76,4
9.852558889276768,2.3892118644719083,2.3618722930474626e-06,-8.652931084711748,-1.7000615889960993,-8.381764001167813,-1.559432067628789,0.04029488563537598,4,18,5.0,6.0,0.0,57,4,52,4
1.1989578808281798,0.4208127057650866,3.8084123361979454e-06,0.33171912832929784,-0.0652741514360311,0.6825834943417058,0.025229357798165042,0.040178775787353516,4,10,7.0,2.0,1.0,1,4,24,4
25.478749315197295,6.164414002968976,3.910743210471673e-06,-1.6275229551200887,-1.150956607192212,-1.5682489915748903,-1.0651706256651798,0.04017949104309082,4,61,5.0,22.0,1.0,99,4,99,4
40.38499618257586,9.756941973111589,1.475282306883938e-06,-2.2389644151303787,-2.019420649970575,-2.057863103055989,-1.80230832444101,0.03785204887390137,4,89,8.0,25.0,1.0,99,4,94,4
74.16591759921354,16.560809662171312,2.259753372338424e-06,-1.2590151831003942,-1.2526603234810754,-1.1752018356756566,-1.1490763028606734,0.03835272789001465,4,171,6.0,51.0,2.0,96,4,96,4
12.182637919049661,3.078825533651861,3.924651982480325e-06,-1.2235610256476952,-0.944617576351171,-1.218447304869903,-0.87381599538753,0.030197620391845703,4,38,5.0,10.0,0.0,96,4,89,4
30.767271572240524,7.267220926874317,2.986256622576072e-06,-1.7694074631598893,-1.3515883560816526,-1.6676952775488063,-1.230934748458807,0.0301358699798584,4,68,5.0,19.0,1.0,100,4,96,4
1.590990257669732,0.5400617248673217,2.8308712784891036e-06,0.3881501298292549,-0.1093685513825835,0.58230198019802,-0.102796376526191,0.03012371063232422,4,10,7.0,2.0,1.0,1,4,6,4
1.4825372395547662,0.47871355387816905,4.07719511172873e-06,-0.3113225869100795,-0.29729729729729715,0.25732990743022055,-0.2820512820512817,0.03240561485290527,4,10,3.0,1.0,0.0,1,4,7,4
13.651922941476046,3.001735609054646,3.5673311157616817e-06,-1.5609427719870048,-1.0246251371449469,-1.5490665390138818,-0.9586088216647046,0.030115365982055664,4,33,6.0,9.0,0.0,98,4,98,4
32.754929654430136,7.481922658425885,3.12482030223977e-06,-1.1396490596349338,-1.0167941079889289,-1.0907900249765334,-0.9379733141002522,0.03235483169555664,4,77,2.0,20.0,0.0,97,4,94,4
65.97111110175423,15.619165577371069,2.425900352401125e-06,-1.0781657153038933,-0.98407319552694,-1.014700014345594,-0.9120693047562516,0.04041790962219238,4,158,6.0,46.0,0.0,97,4,97,4
26.04883234747129,6.309714732061981,1.5466767234772625e-06,-3.746256694232941,-2.197016563994876,-3.4413384014863553,-2.017741668048416,0.04057168960571289,4,48,9.0,15.0,1.0,100,4,98,4
8.302233635193202,2.038688303787511,2.396871084327754e-06,-4.10981691817626,-1.409056603773585,-4.081439728457444,-1.2799999999999998,0.038367509841918945,4,19,7.0,6.0,1.0,93,4,96,4
89.43037328931747,21.43133414730248,1.038976383660833e-06,-1.0665822979227513,-1.1585217163828618,-0.9669227993022875,-1.0432164869725429,0.038469552993774414,4,249,19.0,62.0,4.0,99,98,96,98
67.05944191536342,16.232362222835384,3.073860747719647e-06,-1.0702142416673182,-1.033770547546522,-1.010105633807735,-0.956218446842209,0.030470848083496094,4,163,4.0,41.0,0.0,100,4,99,4
1.2909944487358056,0.3679900360969936,4.680628182005416e-06,0.2873051224944321,-0.06940874035989708,0.6274217585692996,-4.440892098500626e-16,0.03255343437194824,4,10,5.0,2.0,0.0,1,4,12,4
1.4178916272644628,0.46770717334674267,1.0951200039976444e-05,-0.4485184895629739,-0.12751677852348986,0.32280701754385954,-0.11940298507462699,0.03236722946166992,4,10,3.0,2.0,1.0,1,4,20,4
1.9578900207451218,0.5773502691896257,4.940423495561558e-06,0.10568817558160137,-0.14970059880239517,0.4054062787804369,-0.14285714285714324,0.04018425941467285,4,10,5.0,3.0,0.0,1,4,13,4
2.704163456597992,0.6291528696058958,4.444856238963848e-06,-0.19389870143674615,-0.22745625841184358,0.02092050209205021,-0.21638924455825892,0.0405731201171875,4,10,4.0,2.0,0.0,1,4,12,4
0.2041241452319315,0.0,7.83758772849585e-07,0.9470125569201049,1.0,0.9867038957585428,1.0,0.04047107696533203,4,10,5.0,1.0,0.0,1,4,3,4
0.4208127057650866,0.25,3.6517172718684927e-06,0.9149822879766618,0.0754414125200642,0.9570707070707071,0.1847826086956521,0.03835487365722656,4,10,7.0,1.0,1.0,1,4,3,4
1.6072751268321592,0.5951190357119042,3.380954485515196e-06,0.6041500399042299,-0.13966480446927365,0.6949569495694958,-0.09114249037227173,0.03863835334777832,4,10,5.0,3.0,0.0,1,4,10,4
0.1767766952966369,0.10206207261596575,1.977880213145846e-06,0.8620028749401054,0.4893617021276596,0.9855463480439391,0.8287671232876712,0.030340909957885742,4,10,3.0,2.0,1.0,1,4,4,4
0.4208127057650866,0.1767766952966369,1.6007530024783498e-06,0.8053435114503816,-0.032258064516129004,0.9446812664735935,0.21875000000000022,0.03249239921569824,4,10,5.0,1.0,0.0,1,4,3,4
0.2041241452319315,0.10206207261596575,6.122243885816459e-07,-0.04347826086956452,-0.010526315789473939,0.977797513321492,-0.010101010101010388,0.040167808532714844,4,10,1.0,1.0,0.0,1,4,9,4
0.22821773229381923,0.0,5.693114222931819e-07,0.49152542372881336,1.0,0.975609756097561,1.0,0.04036736488342285,4,10,3.0,1.0,1.0,1,4,5,4
38.946544562173074,8.959980468728713,4.49001926614162e-06,-1.128292834654768,-1.0246946013398133,-1.081840808431787,-0.9504923683537858,0.038665771484375,4,98,5.0,26.0,1.0,100,4,100,4
29.322737196016792,7.053367989832942,2.9044872183180248e-06,-2.04639175257732,-1.2980988516923877,-1.9497931574719183,-1.1938447404685348,0.03032517433166504,4,69,9.0,22.0,1.0,98,4,97,4
1.2950225223266711,0.3818813079129867,5.2685289865061746e-06,0.03784860557768943,-0.1200000000000001,0.5904975073761318,-0.11464968152866217,0.03222489356994629,4,10,6.0,2.0,0.0,1,4,14,4
29.441325830652847,7.3477604297726895,3.1149300152092614e-06,-1.3277386147476782,-1.2208990398993036,-1.2640386202348117,-1.1340195573854865,0.04347562789916992,4,66,4.0,18.0,0.0,99,4,99,4
0.45643546458763845,0.2041241452319315,1.5110535804803094e-06,0.8117462496323169,0.1560439560439565,0.945263964531049,0.2907801418439717,0.0406496524810791,4,10,7.0,1.0,1.0,1,4,4,4
47.800801945853024,10.64091944648895,2.4596944957465553e-06,-1.428287044399069,-1.4412565621403104,-1.3442869547792404,-1.3223716820209543,0.04017758369445801,4,116,9.0,27.0,1.0,98,4,98,4
66.31733998987997,15.537253618320067,2.8183233116290894e-06,-1.0830210787577381,-1.0480322854136617,-1.0264436431704054,-0.9690291050964501,0.04018044471740723,4,156,9.0,37.0,0.0,100,4,96,4
23.02806259038451,4.583712105561023,2.7637804417110712e-06,-78.96544276457884,-13.777684499732887,-77.38753387533873,-13.590567129629632,0.03816866874694824,4,15,35.0,7.0,7.0,10,54,97,49
0.5303300858899106,0.25,1.8917130620087767e-06,0.7521988527724666,-0.028571428571428248,0.9155616712534401,-0.027397260273972934,0.03865933418273926,4,10,5.0,2.0,0.0,1,4,17,4
54.03557855709514,11.766389279072262,2.156994231891635e-06,-1.4936873086361175,-1.5984571395987257,-1.394403193050119,-1.4498139276833952,0.038168907165527344,4,139,5.0,31.0,1.0,100,4,100,4
30.25482055254446,7.058535022698879,2.372582392982208e-06,-1.8541987243251143,-1.5743311430557734,-1.7604548213246818,-1.4217721518987343,0.03831171989440918,4,70,4.0,18.0,1.0,98,4,98,4
7.425322664145085,2.0361319538117693,3.8933566232762705e-06,-1.6741327046143484,-0.7507331378299118,-1.645825314544791,-0.7229437229437228,0.03818964958190918,4,26,3.0,7.0,0.0,99,4,96,4
49.743299381256705,12.378156163177131,2.3660240509732515e-06,-0.7163935373854735,-0.6142025092166559,-0.6863905157412158,-0.5778058104959647,0.030123472213745117,4,151,5.0,45.0,0.0,100,4,99,4
0.2041241452319315,0.14433756729740643,1.5468923117932094e-06,0.8901287553648068,-0.02127659574468077,0.9794608472400513,-0.02040816326530681,0.030584096908569336,4,10,3.0,1.0,0.0,1,4,6,4
30.520996871006687,7.182878949279321,2.190814089117563e-06,-1.6491206361598363,-1.1567700702612234,-1.571885356154656,-1.0692334686920337,0.03236269950866699,4,72,4.0,20.0,0.0,98,4,97,4
52.05595947311572,12.800553373454862,2.4688100105969622e-06,-0.7956067622939182,-0.71961314170342,-0.7639425390173029,-0.6741451535998912,0.0322568416595459,4,165,9.0,50.0,1.0,100,4,100,4
14.351248493888376,3.3525487816485735,4.295247572885975e-06,-0.7672522710831089,-0.7291955327779913,-0.7600142424781913,-0.6885758998435054,0.03235268592834473,4,44,4.0,10.0,0.0,99,4,94,4
121.26335837066914,28.018966790372552,1.347245632433913e-06,-1.0030835075741162,-1.0988984688917762,-0.9366320652462601,-1.0124991455036407,0.0323641300201416,4,306,9.0,73.0,1.0,100,4,100,5
2.4853738820011233,0.6123724356957945,1.4620372435468127e-05,-1.7332437103898601,-0.42105263157894735,-0.7786976214043617,-0.39751552795031087,0.040396928787231445,4,10,4.0,2.0,0.0,1,4,19,4
1.4252192813739224,0.4208127057650866,6.246624133730467e-06,0.16573822362850388,-0.0652741514360311,0.5261930216736321,-0.05985037406483795,0.04039263725280762,4,10,7.0,2.0,1.0,1,4,16,4
0.8720187306856813,0.25,2.4977191514178006e-06,0.5796292963829404,-0.06666666666666665,0.8192353407290016,0.1847826086956521,0.04058361053466797,4,10,5.0,1.0,0.0,1,4,3,4
4.556360023820184,1.0358169078880044,5.263462443510345e-06,-1.2549500282858759,-0.4439252336448596,-1.0790953379442727,-0.4179515418502209,0.03834390640258789,4,12,5.0,4.0,1.0,58,4,50,4
4.754383941865304,1.1770372409854613,1.2058709995194725e-05,-0.6626361786184605,-0.4562043795620436,-0.5307994017889894,-0.43877109476417164,0.030548095703125,4,17,9.0,4.0,1.0,97,4,26,4
0.3818813079129867,0.10206207261596575,1.4269821987368207e-06,0.9338452451269935,0.4893617021276596,0.9703257805379513,0.4897959183673466,0.032352447509765625,4,10,8.0,1.0,1.0,1,4,5,4
11.294356998076518,2.6299556396765835,5.275441416341744e-06,-4.188089973918685,-1.684636118598383,-4.075010360547038,-1.5151515151515151,0.040517568588256836,4,24,3.0,7.0,0.0,89,4,68,4
1.7707107800729815,0.5496210815947049,3.745345451144298e-06,0.1696313112445761,-0.14898885678910423,0.40159045725646114,-0.11538461538461564,0.04237842559814453,4,10,4.0,3.0,0.0,1,4,9,4
1.8027756377319946,0.28867513459481287,3.07691295373112e-06,-0.037442416265456524,0.2123076923076923,0.5660096535032202,0.4505494505494507,0.038550376892089844,4,12,12.0,2.0,1.0,3,4,3,4
0.9185586535436918,0.3818813079129867,3.7169603863115678e-06,0.7022058823529411,-0.05743509047993678,0.8449790434632831,0.002849002849003024,0.030344009399414062,4,10,7.0,2.0,1.0,1,4,6,4
23.757674198736993,5.3716074564944405,5.625165087259297e-06,-1.439465450097921,-1.146472188365204,-1.3875565934852778,-1.0623008427886478,0.030484437942504883,4,46,6.0,14.0,1.0,80,4,80,4
47.04751587491097,10.297147663309486,3.369848502131143e-06,-3.0062979507307315,-2.641914757226554,-2.7232319278443673,-2.327949676980619,0.03229665756225586,4,86,8.0,23.0,1.0,99,4,99,4
11.13272203910616,2.817356917396161,3.3788415351874604e-06,-2.6609230769230767,-1.629097182288672,-2.626609769107673,-1.5135242116374186,0.04056906700134277,4,25,7.0,8.0,1.0,97,4,86,4
0.5590169943749475,0.1767766952966369,2.121921438050912e-06,0.0,-0.032258064516129004,0.8341716875794594,-0.030927835051546504,0.04018712043762207,4,10,2.0,1.0,0.0,1,4,16,4
26.673566815607295,5.8300586046225416,4.2934622425200466e-06,-4.103738257379103,-2.459010600706714,-3.730517315056388,-2.1491275478690546,0.04018974304199219,4,48,4.0,18.0,1.0,93,4,93,4
3.7374790969315135,1.0944937947136415,4.428870723608625e-06,-0.4550386545503866,-0.35310699840666726,-0.23964650199674598,-0.31039197812215114,0.04182720184326172,4,11,9.0,3.0,1.0,3,4,9,5
17.727979298273112,4.235268586524354,4.648591909182393e-06,-1.4005012481476693,-1.209846672102878,-1.3773708898731454,-1.1077369368046113,0.040194034576416016,4,51,7.0,14.0,1.0,100,4,100,4
0.14433756729740643,0.14433756729740643,9.166658430713951e-07,0.8662952646239555,-0.02127659574468077,0.9862068965517241,-0.02040816326530681,0.043152570724487305,4,10,2.0,1.0,0.0,1,4,6,4
19.588208613006618,4.1407527496016145,2.398708275677089e-06,-2.224919768246739,-1.4870309745656005,-2.1680135131880873,-1.3793347692218738,0.04020071029663086,4,41,10.0,12.0,2.0,88,4,99,4
29.462016507134514,6.325378776537154,2.2153145266286735e-06,-3.0454427992683435,-2.269052094045888,-2.833158762205604,-2.0184438629165977,0.03241586685180664,4,56,7.0,16.0,1.0,94,4,92,4
1.103970108290981,0.45643546458763845,2.3517368226229002e-06,0.5990862364363221,-0.16012084592145004,0.7663504742885672,-0.11111111111111116,0.03234434127807617,4,10,7.0,2.0,1.0,1,4,21,4
22.23595062056039,5.871009282908689,4.027373170262251e-06,-0.6812042502951594,-0.621868346752577,-0.6692344401193002,-0.5870503597122303,0.03218865394592285,4,81,4.0,20.0,0.0,100,4,98,4
14.869922102463528,3.8201766974840314,3.3060144210857975e-06,-0.9068736805857072,-0.5702060591909406,-0.9011427276611028,-0.5468527453599938,0.03214907646179199,4,42,4.0,12.0,0.0,100,4,95,4
1.3881942707464734,0.47871355387816905,2.533716145333242e-06,0.010474704702473914,-0.23364485981308447,0.4956929451532004,-0.18343195266272172,0.0404515266418457,4,10,5.0,2.0,0.0,1,4,7,4
41.36713167882604,10.668782342266931,2.1607743314007193e-06,-0.6858126410207845,-0.5873062949506931,-0.6679297036655281,-0.5559431846498879,0.04037833213806152,4,130,8.0,39.0,0.0,100,4,97,4
16.968414284585737,3.278719262151,2.4123484122412892e-06,-0.3764067323971716,0.2806639221067765,-0.3668614357262103,0.29567852365482783,0.0362553596496582,4,65,56.0,17.0,11.0,100,99,95,93
71.1459766958048,16.796887112398736,2.1043289386770657e-06,-0.7820629281069669,-0.8079617736960527,-0.7461453609739992,-0.7513559510538528,0.04020118713378906,4,192,6.0,45.0,1.0,100,4,99,4
2.927954348460144,0.9071475440448851,1.2998814904029921e-05,-2.8286489629773217,-0.5219747140276942,-1.5248496748067248,-0.49169184290030166,0.03485107421875,4,10,6.0,4.0,0.0,1,4,74,4
0.8838834764831844,0.5,1.3524749324477248e-05,-0.294033069734005,-0.09297912713472511,0.6336996336996337,-0.05494505494505453,0.03815913200378418,4,10,2.0,3.0,0.0,1,4,35,4
0.48947250518628044,0.2041241452319315,5.594787172079348e-06,0.8114110010249402,0.1560439560439565,0.9425057494250575,0.3855606758832565,0.030463218688964844,4,10,7.0,1.0,1.0,1,4,2,4
1.136515141415488,0.28867513459481287,3.435073695587727e-06,0.41497935915077655,0.269961977186312,0.7402542994197615,0.32145886344359664,0.030154943466186523,4,10,8.0,2.0,2.0,1,4,5,4
0.4208127057650866,0.3535533905932738,7.901477412792004e-06,0.9009468317552805,-0.058823529411764275,0.9613381546928658,-0.05633802816901423,0.03234696388244629,4,10,8.0,2.0,0.0,1,4,17,4
1.4648663192705789,0.5863019699779287,8.601213221459617e-06,-0.4932044699486562,-0.2774193548387096,0.29004687069203194,-0.13793103448275867,0.032428741455078125,4,10,5.0,2.0,1.0,1,4,3,4
3.158981903504144,0.5773502691896257,4.553684574405461e-06,-0.41306619138344347,-0.20802202123476188,-0.24578993224879375,-0.19626168224299056,0.040192604064941406,4,10,2.0,3.0,1.0,1,4,21,4
0.4330127018922193,0.10206207261596575,7.318403963665575e-07,0.6821192052980132,-0.010526315789473939,0.9378860554194417,-0.010101010101010388,0.038582563400268555,4,10,4.0,1.0,0.0,1,4,14,4
0.10206207261596575,0.0,9.999999999999994e-08,0.9309849029475198,1.0,0.9944255532638385,1.0,0.04059314727783203,4,10,3.0,0.0,0.0,1,4,1,4
10.689753661022003,2.694516035704124,1.189596648141503e-05,-3.210593654042989,-1.4500018307641604,-3.2018577037249836,-1.338926174496644,0.040200233459472656,4,19,8.0,7.0,0.0,97,4,79,4
7.503471418838972,1.8285923547909742,8.543369691946814e-06,-0.8368734069668649,-0.5094783247612049,-0.8083031391874849,-0.4809688581314877,0.04048347473144531,4,21,9.0,6.0,2.0,95,4,100,10
0.2041241452319315,0.10206207261596575,1.1624242821536807e-06,0.8445973290165926,-0.010526315789473939,0.983883315202063,-0.010101010101010388,0.04021787643432617,4,10,3.0,1.0,0.0,1,4,8,4
0.7772815877574012,0.39528470752104744,2.450852502693916e-06,0.6374055743683249,-0.034482758620689724,0.8284987728791507,0.06483790523690747,0.04126739501953125,4,10,5.0,2.0,1.0,1,4,13,4
0.3227486121839514,0.10206207261596575,5.902550332922397e-07,0.647964796479648,-0.010526315789473939,0.9534797171566803,-0.010101010101010388,0.03661060333251953,4,10,3.0,1.0,0.0,1,4,11,4
0.2041241452319315,0.0,5.30175241641739e-07,0.9103641456582633,1.0,0.9853474486244918,1.0,0.04789996147155762,4,10,4.0,1.0,0.0,1,4,3,4
6.444474377325121,1.8512383242935886,5.054085684198443e-06,-2.236447578701707,-0.8127762153475286,-2.1516789982925446,-0.7556966753828906,0.03125,4,16,6.0,7.0,0.0,87,4,87,4
35.38317043454416,7.922804638089553,3.555442393975895e-06,-1.0626314937981496,-0.9166920681200714,-1.0194499905991212,-0.8488972889385251,0.03721117973327637,4,90,6.0,25.0,0.0,98,4,95,4
0.27003086243366087,0.10206207261596575,1.0394266342262942e-06,0.636166756903086,-0.010526315789473939,0.9737582005623243,-0.010101010101010388,0.03816866874694824,4,10,2.0,1.0,0.0,1,4,6,4
84.59862341275615,19.529358241717347,5.1300331027854986e-06,-0.9525761771475529,-0.9044168003120798,-0.8952733513171414,-0.8379267278940794,0.030180931091308594,4,219,4.0,53.0,0.0,100,4,100,4
12.300067750490916,2.8813336032700785,4.8075147050972966e-06,-0.6673829827689504,-0.5319864645696093,-0.6662173401783922,-0.5065023438681386,0.030634403228759766,4,40,6.0,10.0,0.0,99,4,99,4
0.4208127057650866,0.27003086243366087,1.1860472284281251e-06,0.8558813140233134,-0.0786516853932584,0.9549978822532825,-0.07526881720430123,0.03243541717529297,4,10,6.0,1.0,0.0,1,4,6,4
4.3577039061108005,0.7772815877574012,2.291020623270115e-06,-1.2453331280551172,-1.1098901098901104,-0.79034412319296,-0.8861788617886179,0.04039764404296875,4,10,8.0,2.0,2.0,1,4,3,4
7.070331203934745,1.0,2.295707362769204e-06,-9.105152332697243,-2.353711790393013,-6.909353110836424,-2.2000000000000024,0.04043769836425781,4,10,8.0,3.0,1.0,1,38,6,4
12.281846359566627,3.1705020632911336,3.0562714617200246e-06,-1.9317721689836689,-1.1766917293233088,-1.9189738338517106,-1.0786662071342406,0.038158416748046875,4,35,6.0,10.0,1.0,99,4,98,4
87.08496808672933,21.01735394065263,1.929406053598228e-06,-0.862705465745899,-0.8039804791411034,-0.8170255990456206,-0.7496418692773352,0.038524627685546875,4,228,6.0,60.0,1.0,100,4,96,4
37.60803881264394,9.376388786023469,3.6993172161069384e-06,-1.1888203246795555,-1.0353902269918307,-1.1271535865392703,-0.9544456691892294,0.030319929122924805,4,109,3.0,31.0,0.0,100,4,95,4
1.9338002309787155,0.6846531968814576,2.1250031727484142e-06,0.15054717539189588,-0.11368909512761016,0.3373816423337457,-0.09329446064139901,0.030344009399414062,4,10,3.0,4.0,0.0,1,4,18,4
28.424058178475033,7.203876271378718,2.07100476990643e-06,-0.7728874408996327,-0.7691761363636365,-0.7485959109174463,-0.7260494186449369,0.03216290473937988,4,88,5.0,23.0,0.0,100,4,99,4
12.371843031658623,3.3416562759605704,2.910324007053446e-06,-1.4894931622166805,-0.9315677846806432,-1.4791631516787582,-0.8620486008580712,0.04016280174255371,4,34,6.0,13.0,1.0,96,4,96,4
0.27003086243366087,0.10206207261596575,2.768690683398822e-06,0.9345730698081979,0.7961783439490446,0.9779728751691369,0.8287671232876712,0.040256500244140625,4,10,6.0,2.0,2.0,1,4,5,4
0.39528470752104744,0.27003086243366087,4.764532241695669e-06,0.8109243697478992,-0.07865168539325862,0.9460023758954605,0.048913043478260754,0.040193796157836914,4,10,4.0,1.0,0.0,1,4,4,4
0.6454972243679028,0.22821773229381923,4.5287188619778285e-06,0.3984962406015038,-0.05494505494505453,0.8314441026505415,-0.052631578947368585,0.03999900817871094,4,10,4.0,1.0,0.0,1,4,7,4
1.506928443335427,0.45643546458763845,2.8918014294740733e-06,0.42160683193765025,-0.08108108108108114,0.6150042384854477,-0.03573278094251675,0.040180206298828125,4,10,5.0,2.0,0.0,1,4,7,4
5.7027040369752084,1.4397627119309162,1.0359108378303767e-05,-0.7602368031573754,-0.5639787146950472,-0.6939772110689093,-0.5302983697323902,0.038166046142578125,4,15,5.0,6.0,0.0,84,4,82,4
2.01038968030247,0.568257570707744,3.2924849069415473e-06,0.048412232072145955,-0.17396449704142003,0.34255117256337253,-0.16585182399398235,0.032164812088012695,4,10,6.0,3.0,0.0,1,4,12,4
2.181837910264341,0.28867513459481287,2.70971507621143e-06,-0.7738961669092674,0.1428571428571429,0.19166548747700618,0.3214588634435964,0.032151222229003906,4,10,9.0,2.0,1.0,1,4,7,4
1.7853571071357126,0.28867513459481287,1.469543196939228e-06,0.37929722991104475,0.05766871165644183,0.580246913580247,0.14529914529914512,0.03020453453063965,4,10,7.0,2.0,1.0,1,4,10,4
8.065487172721394,1.9364916731037085,3.979523795529366e-06,-5.57721802284122,-1.9152256431885282,-5.531128750562127,-1.7069704489059325,0.03824758529663086,4,13,7.0,5.0,1.0,74,4,78,4
19.5,4.846605341198448,2.3232646414936434e-06,-4.742368926438877,-2.549841759178787,-4.357119271629016,-2.29851968872506,0.0381927490234375,4,39,11.0,12.0,2.0,100,4,93,4
47.2210008011972,10.721376621808725,3.84304108872381e-06,-1.0099452445246726,-0.9127580397913473,-0.9689293216155812,-0.8494744040116919,0.03817296028137207,4,115,8.0,31.0,0.0,99,4,99,4
0.7430231041719587,0.408248290463863,2.8517474467979466e-06,0.7281906084726748,0.1351351351351351,0.8837719298245614,0.20159680638722566,0.03816080093383789,4,10,5.0,3.0,2.0,1,4,6,4
0.924211375534118,0.5103103630798288,2.3711761935826403e-06,0.6446210103381338,-0.04347826086956541,0.8132118451025057,-0.010101010101009944,0.03817415237426758,4,10,6.0,2.0,1.0,1,4,9,4
5.414101956926928,1.7440374613713625,3.026184443823684e-06,-5.446735395189004,-1.636816856363465,-5.230626162430253,-1.5077293026451386,0.03818225860595703,4,12,7.0,6.0,1.0,87,4,22,4
89.6179971694674,21.29920773174439,1.6880257251731846e-06,-1.1636776919429885,-1.1494106324699143,-1.0769826148441575,-1.0552512469260429,0.04020357131958008,4,230,6.0,62.0,1.0,97,12,99,5
5.158932383093747,1.3307266185559425,4.3033742120549676e-06,-1.640400452123365,-0.9029850746268655,-1.517638248393835,-0.8366464995678482,0.04023456573486328,4,12,4.0,4.0,0.0,28,4,28,4
51.5857901945875,12.293714518674438,1.9599386655482735e-06,-0.9018431360019656,-0.8931779135767568,-0.8559274602726255,-0.8378036036606604,0.040212392807006836,4,151,8.0,38.0,1.0,99,4,99,4
47.6955404973393,11.506791472865057,2.295337789786095e-06,-1.1744728795464847,-0.9543858749967966,-1.108130153895905,-0.8825087083244472,0.03217768669128418,4,110,5.0,34.0,1.0,98,4,98,4
54.6197079816434,13.808964479641476,2.9993071719644564e-06,-0.9919576062695983,-0.8620768575461024,-0.9448486243257579,-0.8057100920906228,0.03219294548034668,4,157,6.0,45.0,0.0,100,4,100,4
42.88489924592727,9.758543265604077,2.2243864579210146e-06,-1.2306336255653316,-1.1275514656685446,-1.1740024498854602,-1.0472786556307998,0.032145023345947266,4,102,5.0,26.0,0.0,96,4,90,4
0.9895285072531598,0.338501600193165,1.4337427825974235e-06,0.6709331582977792,0.029411764705882693,0.8072348453777377,0.03169014084507038,0.03015446662902832,4,10,6.0,2.0,1.0,1,4,9,4
130.76828266059013,30.969406947286974,1.4935885104438677e-06,-0.803409750192875,-0.8590014762052083,-0.7500418632812393,-0.7943464659029544,0.03818035125732422,4,362,7.0,85.0,1.0,100,31,100,5
37.67846422914112,9.186153529452175,2.3321256082858467e-06,-1.129246320262625,-0.9749705416277272,-1.084890190959408,-0.9058530698091327,0.038222551345825195,4,102,5.0,32.0,1.0,100,4,100,5
0.9842509842514764,0.3535533905932738,1.8461870107831172e-06,0.23133878605251845,-0.1428571428571428,0.7206452194286743,-0.13636363636363602,0.04026627540588379,4,10,4.0,1.0,0.0,1,4,6,4
32.890918199405746,7.846177413237608,2.179454953667455e-06,-1.4073364722926476,-1.1784337515934324,-1.3375357087873558,-1.0877859224587123,0.04019761085510254,4,81,4.0,22.0,0.0,99,4,97,4
130.43029747723494,33.006628122242354,2.032213310212426e-06,-0.5295465785032945,-0.5640908844490331,-0.4965955287463104,-0.526657831496598,0.04019808769226074,4,414,11.0,113.0,2.0,100,98,100,84
32.12443255011156,8.2177399569468,2.209556078078269e-06,-0.7366385277049567,-0.7272646536412075,-0.7086988414411295,-0.6824496342105877,0.032193660736083984,4,90,4.0,28.0,1.0,96,4,99,4
27.151388853365617,6.831300510639732,2.825518092003006e-06,-0.9673235110242542,-0.7596301372665342,-0.9396882509779161,-0.7077140646263038,0.030124664306640625,4,84,6.0,23.0,1.0,100,4,98,4
0.47871355387816905,0.0,1.2724408595207717e-06,0.8029666946543521,1.0,0.9280010472574944,1.0,0.03216147422790527,4,10,5.0,1.0,0.0,1,4,4,4
1.0458250331675945,0.39528470752104744,1.0689098915757728e-05,0.19533806976929824,-0.13296616837136122,0.6749125359918264,-0.12697220135236686,0.0325617790222168,4,10,4.0,2.0,0.0,1,4,30,4
0.28867513459481287,0.14433756729740643,1.842880666984665e-06,0.9437568656169901,0.31182795698924726,0.9796830556684275,0.3127147766323026,0.03236198425292969,4,10,6.0,1.0,1.0,1,4,5,4
0.408248290463863,0.22821773229381923,5.981494719709031e-06,0.7233429394812678,-0.05494505494505453,0.942895892073236,0.11347517730496437,0.04019808769226074,4,10,5.0,1.0,0.0,1,4,3,4
8.686076022385866,1.9816869917656859,8.274496990966621e-06,-5.744994567747942,-1.5868058037309698,-5.451124471164551,-1.4324149945157751,0.03213977813720703,4,15,3.0,5.0,0.0,74,4,59,4
0.408248290463863,0.14433756729740643,2.005270531638191e-06,0.7404967055245819,0.31182795698924726,0.9186785260482846,0.3127147766323022,0.03820347785949707,4,10,4.0,1.0,1.0,1,4,5,4
2.0361319538117693,0.7071067811865476,3.2959586537403895e-06,0.11350348027842228,-0.20502092050209186,0.3836719524281469,-0.18255728011825578,0.038376808166503906,4,10,6.0,3.0,0.0,1,4,12,4
5.813955910852209,1.2747548783981961,5.590649160857132e-06,-8.98589562764457,-0.9757255936675466,-7.816976415607,-0.9185832000983896,0.03835701942443848,4,10,6.0,4.0,0.0,1,4,98,4
3.2339346519887093,0.924211375534118,1.1326013602958732e-05,-2.486111111111111,-0.6621621621621623,-1.6238762283085926,-0.5660809778456839,0.03856539726257324,4,10,7.0,3.0,0.0,1,4,83,4
0.8354140689901426,0.27003086243366087,3.394055768738524e-06,0.6604729729729729,-0.0786516853932584,0.842737771101305,0.048913043478260754,0.04004526138305664,4,10,6.0,1.0,0.0,1,4,4,4
2.4853738820011233,0.5951190357119042,6.143773942411731e-06,-1.4453608247422682,-0.36056690287619864,-0.5994605529332437,-0.33910988578180423,0.04021000862121582,4,10,7.0,2.0,1.0,1,4,62,4
5.0156006619347195,1.5975241260567346,6.1104333810894245e-06,-3.288330281338438,-0.8823529411764706,-2.853211009174312,-0.8489170628631804,0.040369510650634766,4,10,4.0,5.0,0.0,1,4,98,4
2.832107577994405,0.7971302695712079,6.139467665256537e-06,-0.7675753228120517,-0.4026347305389224,-0.4384188600997547,-0.3751127141568982,0.0381627082824707,4,10,5.0,3.0,0.0,1,4,8,4
0.22821773229381923,0.10206207261596575,1.2301884425998248e-06,0.9295361127422196,0.4893617021276596,0.9812734082397003,0.4897959183673466,0.03856301307678223,4,10,5.0,1.0,1.0,1,4,5,4
26.66223921578981,6.41206544986351,3.8058823027957475e-06,-3.245022577963467,-2.262910434265933,-3.0093436200887833,-2.0128851027449546,0.03031134605407715,4,51,6.0,16.0,2.0,97,4,93,4
26.49331676731574,6.352492948966308,2.8836041179229286e-06,-2.284898804853711,-2.0016464891041164,-2.1403037494244344,-1.8298234464824428,0.032349586486816406,4,63,3.0,20.0,0.0,99,4,99,4
19.584751721683887,4.448782605013046,4.046485788018677e-06,-1.2446636317974198,-1.0837141290440506,-1.216757220474693,-0.9971409350824081,0.03234124183654785,4,53,4.0,12.0,0.0,99,4,92,4
35.97250107142028,8.741662694628904,3.905165387430226e-06,-2.010992701072709,-1.701403912543153,-1.8871967538152643,-1.529271420887865,0.04037356376647949,4,66,2.0,23.0,0.0,100,4,70,4
14.361406616345072,3.9462534975171915,4.392705498251248e-06,-0.9776597692730271,-0.608409633423362,-0.9755057244768148,-0.5824292140777982,0.040183067321777344,4,49,6.0,15.0,0.0,100,4,99,4
104.461815192602,24.182035343066833,2.8250699347987816e-06,-0.8913310368235949,-0.8794212667183727,-0.8394697102721682,-0.8155557337900738,0.0401608943939209,4,290,5.0,71.0,0.0,100,4,99,4
140.9682662280179,34.16915641335033,1.994632714942845e-06,-0.6645569286608353,-0.6851801589806197,-0.623386185597671,-0.6400610177675838,0.04037642478942871,4,412,5.0,99.0,1.0,100,19,100,5
190.35950090114582,43.87731475375402,1.5168281136767942e-06,-0.9314814512674772,-0.982085195804858,-0.8702808094597678,-0.9105757788019657,0.038135528564453125,4,539,9.0,120.0,0.0,100,4,99,4
66.95287521832053,16.420896240258426,4.698814989053715e-06,-0.49241632993256457,-0.4867648009036456,-0.46994551366165194,-0.45836948364954067,0.03825092315673828,4,223,0.0,54.0,0.0,100,4,100,4
65.34786721844868,16.997855256865005,3.499448143300792e-06,-0.6642712396520867,-0.5936683041742079,-0.6341815256044214,-0.5566982305374835,0.03032231330871582,4,203,3.0,57.0,1.0,100,4,99,4
242.3734850391024,59.70997613464604,1.8606754764828984e-06,-0.6910346753981234,-0.7135634356992695,-0.6480531994217253,-0.6671960674734438,0.03237009048461914,4,727,6.0,182.0,0.0,100,4,100,4
64.96497453756652,15.251024555747065,2.1686818420045486e-06,-0.8356715515151789,-0.7937881379476557,-0.7942304466376724,-0.7410865708883214,0.03213381767272949,4,196,7.0,51.0,1.0,100,4,98,4
0.6123724356957945,0.1767766952966369,1.925619286620506e-06,0.5622545915136161,-0.032258064516129004,0.8547156866701643,-0.03092783505154606,0.04059457778930664,4,10,3.0,1.0,0.0,1,4,7,4
2.0077973005261263,0.5303300858899106,9.99428117518059e-06,-0.03548036455865522,-0.1618108471537425,0.4105910842382614,-0.015419330575403789,0.0405731201171875,4,11,6.0,2.0,0.0,3,4,3,4
3.874327898702776,0.9128709291752769,7.230984960799302e-06,-3.5338227582590447,-0.6964877402253147,-2.7259211376858437,-0.6600954554886902,0.03815484046936035,4,10,5.0,3.0,1.0,1,4,52,4
2.6731691553909065,0.8720187306856813,1.2100281672834846e-05,-1.8794543308119454,-0.5211634469285871,-0.9676457090408446,-0.49010002041232914,0.0381779670715332,4,10,3.0,3.0,0.0,1,4,67,4
15.427248620541512,3.444500447573397,8.589283411117178e-06,-1.6908623388604545,-1.2170765830612953,-1.6199581458016805,-1.1141531322505802,0.03818082809448242,4,35,1.0,9.0,0.0,87,4,87,4
1.8984642916490861,0.4330127018922193,3.7013867545281236e-06,-0.09151851730143634,-0.1739130434782612,0.21168348864231823,-0.1658031088082903,0.03815507888793945,4,10,4.0,2.0,0.0,1,4,22,4
5.578978401105349,1.3919410907075054,7.3020583290404796e-06,-2.20862649470352,-0.7800817465855849,-2.0899689762150984,-0.7383177570093453,0.03836250305175781,4,11,4.0,4.0,1.0,42,4,41,4
5.549962462335518,1.4397627119309162,5.84086472487167e-06,-1.2335418387820134,-0.5731225296442688,-1.1166179923266335,-0.538937437166499,0.038384437561035156,4,18,7.0,6.0,1.0,99,4,98,4
4.401704215414752,1.181453906563152,8.577314004238726e-06,-2.084630400608081,-0.675,-1.8652412348265446,-0.6399461510219069,0.0401911735534668,4,10,4.0,4.0,0.0,1,4,87,4
0.25,0.0,9.999999999999994e-08,0.8042813455657493,1.0,0.9677054739221702,1.0,0.04019594192504883,4,10,3.0,0.0,0.0,1,4,1,4
1.5444794160708866,0.7144345083117603,3.586722477117433e-06,0.6668636632268037,-0.026401920139646595,0.7240431890484913,0.03619197482297365,0.040190696716308594,4,10,7.0,3.0,1.0,1,4,17,5
2.598076211353316,0.5204164998665332,3.6196408748063723e-06,-0.4695265992629687,-0.19083969465648876,-0.0677036133858393,-0.12262521588946451,0.04018211364746094,4,10,5.0,2.0,0.0,1,4,15,4
36.671685262610985,8.80814017448254,4.518504685867555e-06,-1.3986028494192477,-1.2035570868993064,-1.3281270174684368,-1.1023216427916167,0.04020190238952637,4,72,6.0,25.0,1.0,82,4,93,4
41.75810799513471,9.226885534494652,2.991736170262117e-06,-2.2752216337442124,-1.8055481061134295,-2.119160855005482,-1.627501157347873,0.04038548469543457,4,79,9.0,22.0,1.0,97,4,91,4
17.100804074662687,4.0556031199646085,3.334427143162616e-06,-3.6480453093633365,-1.7085983846758626,-3.534127082825262,-1.5558846857346342,0.04018974304199219,4,36,6.0,14.0,1.0,96,4,96,5
23.214354395502795,5.312132340218945,4.162925040574405e-06,-1.9499433361130714,-1.4066629650194336,-1.8625716611215348,-1.2783851976450804,0.04021334648132324,4,54,6.0,17.0,1.0,100,4,100,4
2.7950849718747373,0.9128709291752769,4.208282791683815e-06,-1.1650879566982408,-0.6165017890970319,-0.5723600075473281,-0.5797788309636651,0.03836941719055176,4,10,5.0,3.0,1.0,1,4,39,4
94.22059665133379,21.79138782485717,3.51556633194639e-06,-1.4993902989655181,-1.4222327137838642,-1.3857598710219095,-1.2918509007380758,0.0383603572845459,4,228,5.0,61.0,0.0,100,4,97,4
5.648561763847502,1.4397627119309162,6.1669212926725365e-06,-2.029798458558299,-0.8954261335449949,-1.9279903643020337,-0.8298850574712644,0.030307531356811523,4,15,5.0,4.0,0.0,60,4,55,4
0.3535533905932738,0.1767766952966369,2.0977184571125078e-06,0.6400000000000001,-0.032258064516129004,0.9470525944228733,-0.03092783505154606,0.032154083251953125,4,10,3.0,1.0,0.0,1,4,8,4
7.626707459098367,1.9311050377094112,4.185924635175526e-06,-2.2731735612883526,-1.6331596690162424,-2.2371014492753623,-1.4716929025131185,0.032149314880371094,4,18,3.0,5.0,0.0,92,4,77,4
58.94966072845543,14.500718373009434,2.1395484586224598e-06,-1.0609184479630605,-1.0902250448709103,-0.9968683968278378,-1.0088050664957664,0.032549381256103516,4,144,7.0,40.0,1.0,100,4,100,4
23.209193580705612,5.539629951540085,3.210014524155385e-06,-1.8044160206441,-1.4653579274033262,-1.749569183471746,-1.3519831385322862,0.04016542434692383,4,61,7.0,15.0,0.0,100,4,97,4
28.96423800712412,7.119515432949071,2.78395389811187e-06,-1.9107315161415284,-1.566963402571711,-1.8231494256741598,-1.43660617714217,0.04050898551940918,4,76,9.0,18.0,0.0,99,4,96,4
58.18433351570392,13.686215693170995,1.6123047672971007e-06,-0.6319419581012504,-0.693394741101514,-0.5941687758745855,-0.6427918874474694,0.040271759033203125,4,183,12.0,42.0,2.0,100,30,99,10
60.36089379722603,13.92951004163463,2.2596501523512804e-06,-0.7394572930047103,-0.6516226281255542,-0.7076136074205248,-0.6118634255753843,0.04074811935424805,4,183,8.0,44.0,1.0,100,4,97,4
132.85044065916128,31.484784685092997,2.62879678335469e-06,-0.8848812711333787,-0.830646066244954,-0.8302861457659312,-0.7717772733501345,0.040161848068237305,4,384,4.0,94.0,0.0,99,4,99,4
2.4558603380485624,1.14564392373896,4.603848858314305e-06,-0.2183328584266706,-0.6472831267874164,0.005154639175257492,-0.6120777891504601,0.03870081901550293,4,10,3.0,4.0,1.0,1,4,96,5
219.1157180958652,54.12591415702217,2.1740268894307928e-06,-0.6460216906704597,-0.6642066409291729,-0.6088306830792014,-0.6217314306697026,0.030333280563354492,4,646,11.0,159.0,1.0,100,4,98,4
91.78115955902932,23.03168107918598,2.3578876669913325e-06,-0.44558087819946013,-0.477814660724418,-0.42203633976223776,-0.44733611030267717,0.03194141387939453,4,309,7.0,81.0,1.0,100,99,100,4
269.47870200320716,66.80935251395071,1.5518725254162414e-06,-0.49131681865730603,-0.5277013297165625,-0.4587011471262368,-0.4924679124362168,0.03240609169006348,4,859,23.0,216.0,4.0,100,98,98,84
152.5719775493958,37.71466337292875,1.8857456602249214e-06,-0.6341271290950872,-0.5895483268745201,-0.6003835578641394,-0.553688322954172,0.04056143760681152,4,464,7.0,137.0,1.0,100,4,98,4
0.7569125885243729,0.22821773229381923,4.526435280610345e-06,0.5174997715434526,-0.05494505494505453,0.8511058772570994,0.11347517730496459,0.04058194160461426,4,10,4.0,1.0,0.0,1,4,3,4
0.770551750371122,0.30618621784789724,1.2366244016864359e-05,0.6178504085480829,-0.060122699386503164,0.8410307898259706,0.038461538461538214,0.03855276107788086,4,10,5.0,2.0,0.0,1,4,30,4
0.1767766952966369,0.0,1.4578007613514013e-06,0.2421052631578946,1.0,0.9856459330143541,1.0,0.03011178970336914,4,10,2.0,1.0,0.0,1,4,2,4
0.8228507357554792,0.28867513459481287,8.772424965751311e-06,0.16566385880465306,-0.09090909090909127,0.7458057956278596,-0.0869565217391306,0.032380104064941406,4,10,4.0,1.0,0.0,1,4,8,4
0.5951190357119042,0.28867513459481287,4.76740386965373e-06,0.8256037614874974,0.019157088122605415,0.9071139766145776,0.11111111111111116,0.04058647155761719,4,10,6.0,1.0,1.0,1,4,4,4
1.0358169078880044,0.25,3.966450007351317e-06,0.24490263459335626,-0.06666666666666665,0.6697024114930733,0.07834101382488501,0.0401759147644043,4,10,4.0,1.0,0.0,1,4,3,4
0.408248290463863,0.1767766952966369,2.010913321324068e-06,0.8278798744957419,-0.032258064516129004,0.9602731222842955,0.2187500000000001,0.04014849662780762,4,11,6.0,1.0,0.0,2,4,2,4
3.4460121880225554,0.8955910525085282,3.4508623163399947e-06,-0.43503402698556304,-0.3773057574063723,-0.17677419354838708,-0.35467980295566526,0.040262460708618164,4,10,6.0,3.0,0.0,1,4,17,4
10.645323699477938,2.41307203926171,3.7866285948635535e-06,-2.0491895174475636,-1.4414922656960871,-2.023489783667207,-1.3280996210070386,0.038164377212524414,4,26,5.0,6.0,1.0,99,4,81,4
22.371158888175643,5.909913986965744,2.750279512989121e-06,-2.126309881761565,-1.3690532265661797,-2.002626712472166,-1.2984014696608264,0.0384066104888916,4,65,9.0,21.0,2.0,99,15,98,4
0.75,0.4330127018922193,4.0841613176458745e-06,0.6351351351351351,-0.17391304347826098,0.8536585365853658,-0.07398568019093088,0.03855705261230469,4,10,5.0,2.0,0.0,1,4,13,4
74.76191376630216,16.88256003493941,3.246933389525615e-06,-1.1133982505014517,-1.0613633278112564,-1.0496858891718732,-0.9870098558942202,0.030115842819213867,4,180,7.0,46.0,1.0,100,4,100,4
0.2041241452319315,0.10206207261596575,1.363571812624663e-06,0.857089691105322,-0.010526315789473939,0.9846719803801349,0.7963340122199593,0.03244733810424805,4,10,3.0,2.0,0.0,1,4,3,4
16.67645545871984,3.9502109648304438,2.6968504201925663e-06,-3.601194547520694,-1.8596881959910911,-3.4751451597763268,-1.7088607594936716,0.04019308090209961,4,30,9.0,11.0,1.0,98,4,88,4
37.33045003746941,9.795300744064303,3.5054026400226257e-06,-0.6867892947597531,-0.5465104280529929,-0.6661726426961254,-0.5159644502962475,0.04023408889770508,4,116,5.0,34.0,0.0,100,4,100,4
89.04598531096165,21.87107107573838,2.6807269299280463e-06,-0.7944353526055761,-0.6837145777284832,-0.7518767667022039,-0.6419121853546912,0.040157318115234375,4,265,6.0,77.0,1.0,100,4,100,4
2.318404623873926,0.5951190357119042,3.47144650243846e-06,-0.5089557694650906,-0.2142857142857142,-0.05521472392638027,-0.18260869565217397,0.038344383239746094,4,10,2.0,3.0,0.0,1,4,25,4
31.34103407143208,7.808248843370708,5.804887957784052e-06,-0.7121124347142749,-0.6255370114822818,-0.6891200192884657,-0.5858565332249543,0.038526296615600586,4,84,3.0,21.0,0.0,100,4,94,4
173.5196614700094,41.60165761921833,2.4180659004555853e-06,-0.7992934099841604,-0.7738248020558876,-0.7509557009578509,-0.720561657800151,0.0383906364440918,4,522,7.0,134.0,3.0,100,4,99,4
155.64476112823928,39.88068141343626,2.918761348917062e-06,-0.545995070175282,-0.517655536872448,-0.5181404105781415,-0.4875009876242762,0.03815913200378418,4,507,5.0,142.0,1.0,100,4,100,4
7.1297498787358125,1.6105123408406408,1.2888923757840909e-05,-3.0355939941595524,-1.0637140637140639,-2.9267752967209817,-0.9990366088631983,0.038167476654052734,4,14,3.0,4.0,0.0,42,4,39,4
0.30618621784789724,0.22821773229381923,2.0142230739286834e-06,0.906856403622251,-0.019108280254777066,0.9749331550802139,-0.018329938900203624,0.03060626983642578,4,10,6.0,2.0,0.0,1,4,6,4
3.662876829305985,0.962851667357612,1.0010581669869918e-05,-4.100990099009901,-0.7715115073605636,-2.6537970554026837,-0.7184784707472482,0.030141115188598633,4,10,4.0,3.0,0.0,1,4,77,4
1.3268069440075547,0.408248290463863,7.044815229030353e-06,-0.255338904363974,-0.14626865671641798,0.46116566764443323,-0.13960113960113962,0.038239240646362305,4,10,3.0,2.0,0.0,1,4,29,4
3.914449727186015,1.118033988749895,8.52451903585888e-06,-2.259231905465288,-0.6805251641137855,-1.8800783162016645,-0.6351001498841806,0.038168907165527344,4,10,4.0,3.0,1.0,1,4,59,4
6.687207937547628,1.9947848672643038,8.064975646294417e-06,-1.820707969447258,-0.657341709224025,-1.7687664058922548,-0.6146075489242995,0.030168771743774414,4,18,4.0,7.0,1.0,84,4,79,4
1.9066768647745918,0.7288689868556626,8.291521293650959e-06,-0.581645659255063,-0.45066666666666677,0.03192699231644025,-0.41666666666666674,0.03012990951538086,4,10,5.0,3.0,0.0,1,4,6,4
6.112657632595934,1.8540496217739157,7.430303788035507e-06,-1.377087316982252,-0.5529411764705883,-1.3339037419237298,-0.5264350802534807,0.030423402786254883,4,21,6.0,7.0,2.0,100,4,100,4
8.717200429801608,2.143303524935281,6.0514925601535515e-06,-2.0362624213100253,-0.8394959808820339,-2.0237213948495185,-0.7926829268292686,0.03215646743774414,4,16,4.0,7.0,0.0,77,4,55,4
29.13188402192118,6.756940875869789,2.7361082605061736e-06,-1.7949238117938147,-1.209173387096774,-1.711525046461225,-1.1159704353115538,0.04018259048461914,4,69,8.0,22.0,1.0,98,4,98,4
10.084538495472495,2.798809270624444,4.064955627564517e-06,-2.14952416796602,-1.1069958847736627,-2.1249699922219842,-1.0174379610999331,0.04017758369445801,4,26,5.0,8.0,1.0,99,4,75,4
56.753854494650845,13.896192524093305,4.003419738256411e-06,-0.7780065018655309,-0.7580729290151265,-0.7431123566065496,-0.7063319661568597,0.04016876220703125,4,146,5.0,32.0,0.0,100,4,99,4
42.28869037146141,9.877900417936328,3.5921630350880007e-06,-0.7245287630731734,-0.7633659638554218,-0.701308058946043,-0.7183246380640003,0.04022860527038574,4,127,8.0,32.0,1.0,99,4,99,4
9.646350778057645,2.48327740429189,3.426975775162748e-06,-3.9628926595523053,-1.473537604456825,-3.8529132147222604,-1.3609172482552343,0.04020977020263672,4,22,2.0,7.0,0.0,99,4,64,4
122.85408011132557,31.685630286719352,3.6757845026452133e-06,-0.5477546030398173,-0.5370224064713713,-0.5208984030230877,-0.5047000997284166,0.04058647155761719,4,391,4.0,101.0,0.0,100,4,100,4
21.213203435596427,1.4142135623730951,1.6856377375194733e-07,-1.662721893491124,0.5,0.9998774885497361,0.9999911892790443,0.0,98,1032,1062.0,259.0,259.0,100,99,99,98
0.7971302695712079,0.22821773229381923,3.6389890287904815e-06,0.6336336336336337,0.11111111111111116,0.83008356545961,0.11347517730496459,0.030319929122924805,4,10,6.0,1.0,1.0,1,4,5,4
0.770551750371122,0.25,2.712850337875897e-06,0.7911769195542666,0.0754414125200642,0.8857509370427532,0.184782608695652,0.03243541717529297,4,10,5.0,1.0,1.0,1,4,3,4
0.14433756729740643,0.0,9.999999999999994e-08,0.9433962264150944,1.0,0.9904924890663624,1.0,0.04042172431945801,4,10,4.0,0.0,0.0,1,4,1,4
0.3227486121839514,0.14433756729740643,1.7995216319217528e-06,0.8467188248443237,-0.02127659574468077,0.9625412046748576,0.3127147766323022,0.04060173034667969,4,10,5.0,1.0,0.0,1,4,4,4
5.09288719686584,1.4754942674688145,9.718279765420453e-06,-5.859700978563434,-1.1472602739726026,-5.253296165147293,-1.0744416873449132,0.040796756744384766,4,11,6.0,6.0,1.0,79,4,79,4
3.3291640592396967,0.816496580927726,1.1005716800671904e-05,-1.5184052861263844,-0.3521126760563382,-0.9421728971962615,-0.33333333333333326,0.04073953628540039,4,10,5.0,4.0,0.0,1,4,79,4
1.241638702145945,0.44487826050130463,2.870997402923034e-06,0.7059054873631263,-0.09615384615384648,0.7823529411764705,0.08477842003853553,0.04021406173706055,4,10,8.0,2.0,1.0,1,4,4,4
0.9128709291752769,0.3535533905932738,2.39804529699157e-06,0.5736885928393005,-0.09505703422053213,0.7565132700267836,-0.09090909090909127,0.04018807411193848,4,10,4.0,2.0,0.0,1,4,7,4
36.31431076953915,8.580501150865256,8.976752654978186e-06,-1.7024298371325366,-1.431093785828938,-1.5950450255624173,-1.2994638488366044,0.038832902908325195,4,67,1.0,22.0,0.0,85,4,93,4
1.0458250331675945,0.45643546458763845,4.643171729756288e-06,0.7312000000000001,0.12885662431941902,0.8480111169011638,0.2378048780487806,0.030483722686767578,4,11,11.0,2.0,2.0,3,4,3,4
0.7144345083117603,0.338501600193165,4.7776341892640516e-06,0.6280540839724837,-0.0486593843098313,0.8260931289040319,0.03169014084507038,0.03014063835144043,4,10,4.0,2.0,0.0,1,4,7,4
20.527928130557484,5.122458719534334,4.218445586765947e-06,-2.936270987163179,-1.692317969271877,-2.8465378401995247,-1.6002580645161286,0.032146453857421875,4,44,7.0,13.0,1.0,99,4,88,4
16.402172112253915,3.992179855667828,4.20948765287423e-06,-1.9741045510160014,-1.314711212670396,-1.9248355650582551,-1.2141823444283646,0.03033900260925293,4,36,5.0,12.0,1.0,90,4,95,5
0.6454972243679028,0.3535533905932738,2.347675627829337e-06,0.7551020408163266,-0.09505703422053213,0.8916899082071972,0.17582417582417598,0.03214669227600098,4,10,4.0,2.0,0.0,1,4,4,4
174.02101166238518,39.444449334897975,3.998579792104774e-06,-1.2560286345576053,-1.2101452894228188,-1.159653553653607,-1.108099761813223,0.04073143005371094,4,407,7.0,95.0,1.0,100,4,100,4
17.714753738056874,4.275657844121768,6.877163870146038e-06,-3.389945355191257,-2.112219451371571,-3.2917219882727693,-1.924074043219647,0.04057478904724121,4,30,8.0,10.0,1.0,74,4,97,4
65.53299105539642,15.045071175194442,4.887328313996559e-06,-1.0095585420717659,-1.0020345879959311,-0.951668674136436,-0.9281773887704299,0.038336753845214844,4,183,5.0,44.0,2.0,100,4,96,4
83.41974686287814,20.100787712591433,2.201629840865904e-06,-0.8424501281758399,-0.8648086262062429,-0.7930889432238872,-0.8096997255217213,0.0383763313293457,4,267,7.0,65.0,2.0,100,4,100,4
1.7707107800729815,0.4330127018922193,3.1803354900004994e-06,-0.01020836246678769,-0.08067542213883683,0.3764888658726049,-0.03211009174311896,0.03034353256225586,4,10,6.0,2.0,1.0,1,4,13,4
222.35500893840913,52.24501571122997,2.9496803695913727e-06,-0.9165609853598524,-0.9139154614784608,-0.8561865791929655,-0.8481904610361877,0.03257417678833008,4,591,7.0,149.0,1.0,100,4,99,4
0.14433756729740643,0.10206207261596575,4.7192889864578384e-07,-0.02127659574468077,-0.010526315789473939,0.9849159061769364,-0.010101010101010388,0.04017329216003418,4,10,0.0,1.0,0.0,1,4,8,4
15.226758245492265,4.543768626738529,2.9662448031164332e-06,-1.2320590656298709,-0.9546551883545813,-1.2124280846563371,-0.8918712534840214,0.04016995429992676,4,44,5.0,17.0,1.0,100,4,94,4
165.16062257693267,41.599654445680194,3.4345048632147507e-06,-0.7786711552640289,-0.7678902076519791,-0.732528892534311,-0.7161210175680026,0.042180776596069336,4,489,6.0,142.0,1.0,100,4,100,4
157.5695944125431,38.0572485430393,2.8569784259377746e-06,-0.6974995977445684,-0.6737537285696586,-0.6572116917982913,-0.6298295783556498,0.040399789810180664,4,476,4.0,117.0,0.0,100,4,99,4
202.29315567594801,52.45226004028171,3.0742634103813795e-06,-0.6441209218566284,-0.6422733190653445,-0.6066927403610498,-0.6011385755765792,0.04055500030517578,4,642,3.0,173.0,0.0,100,4,100,4
50.70133134346671,30.473349011882497,2.742733332938801e-07,0.9307764257796803,0.6961554192229038,0.998593026054949,0.9921061208526865,0.008017301559448242,92,1587,1526.0,406.0,367.0,100,99,98,99
103.58852896596869,38.6145482083286,2.853984480227857e-07,0.891259907500788,0.6914343854727729,0.9949962536971987,0.9887106030378428,0.0,88,2072,1871.0,493.0,434.0,100,99,100,99
284.7414946051945,71.59528906755435,2.76855344162518e-06,-0.46979748196859816,-0.46879759331924453,-0.44526640626933567,-0.44176181456690244,0.03216290473937988,4,953,6.0,238.0,0.0,100,4,99,4
0.9409658158863512,0.338501600193165,5.382618293631406e-06,0.584605986560782,-0.08307692307692305,0.8052959501557632,-4.440892098500626e-16,0.03219151496887207,4,10,6.0,2.0,0.0,1,4,9,4
0.6692657668420421,0.27003086243366087,4.216749995174613e-06,0.6160357176076645,0.04545454545454508,0.8664596273291926,0.048913043478260754,0.04059338569641113,4,10,6.0,1.0,1.0,1,4,5,4
1.0897247358851685,0.338501600193165,5.547928915486146e-06,0.1822461331540014,-0.08307692307692305,0.6236505892839457,-0.0794896957801765,0.04019975662231445,4,10,5.0,2.0,0.0,1,4,24,4
0.5951190357119042,0.2041241452319315,2.1695352614480402e-06,0.6402116402116402,-0.04347826086956452,0.9110320284697508,0.1578947368421053,0.040192604064941406,4,10,4.0,1.0,0.0,1,4,3,4
1.8957188610128877,0.60380736442456,5.189502756211822e-06,0.31580143367694746,-0.13055181695827733,0.4794417201056207,-0.08560794044664988,0.04126858711242676,4,10,5.0,3.0,1.0,1,4,12,4
0.1767766952966369,0.0,9.999999999999994e-08,0.8480211081794196,1.0,0.9860975948839149,1.0,0.046883583068847656,4,10,3.0,0.0,0.0,1,4,1,4
0.2041241452319315,0.0,7.221544495527025e-07,0.9062271062271062,1.0,0.9869689861871254,1.0,0.036722660064697266,4,10,5.0,1.0,0.0,1,4,3,4
19.63786733159518,4.327720724199595,5.361191611158217e-06,-2.3002808028882584,-1.624218928164196,-2.236120920540129,-1.4828767123287667,0.0383753776550293,4,42,9.0,10.0,1.0,77,4,87,4
0.14433756729740643,0.0,9.999999999999994e-08,0.8619698058950396,1.0,0.9911909795630726,1.0,0.029166221618652344,4,10,3.0,0.0,0.0,1,4,1,4
1.2162099599438687,0.3818813079129867,3.062642221702827e-06,0.1645011032115714,0.1515151515151515,0.6317809355875947,0.19121894858463329,0.030547618865966797,4,10,4.0,2.0,2.0,1,4,5,4
6.626179140349286,1.9445436482630056,1.282952266806652e-05,-3.3012032824524855,-1.4201680672268906,-3.1792258269215514,-1.3174157303370784,0.030507802963256836,4,14,5.0,5.0,0.0,94,4,66,4
9.291573243177568,2.391390808713624,6.0880607067137275e-06,-1.71026814911707,-1.0166060837956765,-1.7006331238126893,-0.9378066429000036,0.032334327697753906,4,23,4.0,6.0,0.0,80,4,73,4
19.395553614166314,4.7871355387816905,4.247175996449768e-06,-1.8852177430025892,-1.4427480916030535,-1.8251495731844698,-1.3545528490089476,0.03221392631530762,4,42,5.0,12.0,1.0,97,4,84,5
18.193977941432525,4.262237284181474,4.580736982822573e-06,-1.4877094097385313,-1.2474528491845094,-1.4640010669222319,-1.16777914506967,0.03218364715576172,4,46,6.0,13.0,1.0,98,4,98,4
75.07926367069227,17.061164477647278,3.4849685661036245e-06,-1.077639893144164,-1.013407586424293,-1.0163267687758233,-0.9349710142117609,0.03218483924865723,4,186,7.0,49.0,0.0,100,4,100,4
51.19977213490961,12.388250481807349,4.718905398541441e-06,-1.675886757343494,-1.333297589608144,-1.5580515969017465,-1.2151589462621355,0.032167673110961914,4,142,4.0,44.0,0.0,100,4,99,4
57.058267002541655,13.04958492315624,3.4620342794655534e-06,-1.2893167063784303,-1.204435255052449,-1.2146166170576538,-1.1031127303415307,0.03216695785522461,4,142,6.0,36.0,0.0,99,4,98,4
234.65912777899777,58.31478871892904,2.160266682663016e-06,-0.6450143569575149,-0.6724491986588628,-0.6047595148002147,-0.62778603268945,0.032182931900024414,4,715,16.0,176.0,4.0,100,28,98,4
43.361969704646334,10.802680994395173,3.2108489280145773e-06,-1.0146099353280227,-0.9255792468403494,-0.9714532735921264,-0.8609634551495013,0.03222918510437012,4,122,5.0,33.0,0.0,98,4,97,4
100.53036440134227,24.02125794652173,4.342413984782524e-06,-0.683991950120078,-0.6874352673585022,-0.6499761502504293,-0.645045145640871,0.03213357925415039,4,277,7.0,70.0,2.0,100,4,100,4
79.88885508421477,20.163136743407097,2.9479018811476985e-06,-0.5922505125057798,-0.5866421337692227,-0.5681177225425134,-0.5557218188101671,0.03013300895690918,4,225,5.0,60.0,0.0,100,4,99,4
12.961079558946212,3.4925515982826463,3.203678558443825e-06,-2.945936164301862,-1.393051771117166,-2.9029525653436594,-1.2665685970888827,0.030152559280395508,4,32,6.0,10.0,1.0,99,4,100,4
154.32190382444094,39.41393577572954,3.1846909821312917e-06,-0.5022899000240681,-0.48876924203198513,-0.47682756914294755,-0.4608268464890717,0.030136585235595703,4,507,5.0,134.0,0.0,100,4,98,4
91.6582761311456,22.33341106951645,2.609961665513319e-06,-0.6507917447688423,-0.6299075653582662,-0.6200722239907899,-0.5898407967830648,0.03012704849243164,4,302,9.0,70.0,2.0,100,4,98,4
133.1280320468483,32.397595075355,3.7640699275302612e-06,-0.5537356031324505,-0.546603880407013,-0.5252205463450683,-0.5135113050711686,0.03574943542480469,4,405,4.0,100.0,1.0,100,4,99,4
64.63890082605056,15.91415774292396,1.9316071972876084e-06,-0.6997325359084845,-0.656880812096259,-0.6704974530396703,-0.616415059592549,0.030138492584228516,4,196,8.0,50.0,1.0,99,4,100,4
0.3535533905932738,0.0,1.0763613964347497e-06,0.900792283844299,1.0,0.9699842417269067,1.0,0.030150890350341797,4,10,7.0,1.0,0.0,1,4,3,4
269.9851269051686,66.47845829038657,1.3728801655340428e-06,-0.5104183488505258,-0.5389814366877719,-0.47808144167954914,-0.5036264545060154,0.030323505401611328,4,895,17.0,205.0,3.0,100,96,99,4
328.7943540767196,113.94217034012553,4.539314980833195e-07,0.7438211367337985,0.4949112806917716,0.966703512990135,0.9333517053158888,0.010274410247802734,78,3223,2487.0,765.0,545.0,100,99,99,99
7.151631515488849,1.8984642916490861,1.4688958499840733e-05,-2.6464909023393983,-0.8119135937159063,-2.5601380550480006,-0.7549198620409823,0.03043198585510254,4,14,3.0,7.0,0.0,70,4,70,4
1.432509453139257,0.22821773229381923,2.7166214267831455e-06,0.34759210707879107,-0.05494505494505453,0.6117385048976131,0.11347517730496481,0.03234100341796875,4,10,7.0,1.0,0.0,1,4,3,4
0.45643546458763845,0.1767766952966369,3.532692080388114e-06,0.8683398477679489,-0.032258064516129004,0.9560207582021286,0.2187500000000001,0.03216910362243652,4,11,7.0,1.0,0.0,2,4,2,4
0.6535161308899218,0.2041241452319315,2.140227117593982e-06,0.5728703201302225,0.1560439560439565,0.8320773263433814,0.1578947368421051,0.032180070877075195,4,10,4.0,1.0,1.0,1,4,5,4
0.699702317656111,0.27003086243366087,2.062557221444523e-06,0.8858270705230396,0.08196721311475408,0.9372421252219892,0.2521367521367519,0.03218197822570801,4,11,10.0,2.0,1.0,2,4,9,4
1.704772712123232,0.5496210815947049,4.7001258272427926e-06,-0.268422049630612,-0.12258064516129052,0.09938990929339253,-0.0906355772846934,0.03216433525085449,4,10,2.0,2.0,1.0,1,4,13,4
0.5590169943749475,0.27003086243366087,1.786722609821224e-06,0.8233562315996075,-0.038639876352396074,0.9307655027578408,0.08376963350785294,0.040190696716308594,4,10,6.0,2.0,0.0,1,4,7,4
38.82063454744998,9.29437553936071,6.052139294855258e-06,-1.075755401876668,-0.9278247414442318,-1.036291982617569,-0.8683861316318924,0.040360212326049805,4,93,7.0,24.0,0.0,100,4,100,4
17.529142401536173,4.320493798938574,5.752305233029758e-06,-2.181838917472199,-1.457038391224863,-2.122555376187578,-1.3212435233160624,0.040216922760009766,4,40,8.0,12.0,2.0,93,4,90,4
1.3149778198382918,0.4208127057650866,2.6998963250032864e-06,0.5763504891535516,0.3289473684210529,0.7293066336181592,0.3489084641899657,0.040206193923950195,4,10,8.0,3.0,2.0,1,4,6,4
9.022541216309294,2.1286732957408003,7.393262196659115e-06,-1.5440833378547016,-1.0139860139860142,-1.5283816092995273,-0.935483870967742,0.0402069091796875,4,23,3.0,7.0,0.0,100,4,94,4
11.97262502544868,3.158981903504144,4.24197708432503e-06,-2.542094439335154,-1.2490462682187222,-2.476659314672912,-1.1764812795347148,0.040320634841918945,4,34,5.0,9.0,0.0,100,4,89,4
40.36887208398735,9.766545789923205,5.048763546974071e-06,-0.8187220835333942,-0.7054027156168339,-0.7877477242343773,-0.6652875653557626,0.04021143913269043,4,125,4.0,33.0,0.0,100,4,97,4
2.29128784747792,0.6373774391990981,4.347637418070197e-06,-0.5397148676171084,-0.20038473869830065,-0.035439137134052556,-0.19083969465648853,0.04023170471191406,4,10,2.0,4.0,0.0,1,4,26,4
38.1294396322142,9.204844738868042,3.2116180747826182e-06,-2.3442789894320675,-1.8949302092794782,-2.1834341903614725,-1.7130425501399222,0.038176774978637695,4,93,7.0,29.0,1.0,100,4,100,4
185.32345035100118,43.923465634366025,2.958176479866993e-06,-1.0277935292142337,-0.9559236893009075,-0.9589319194812727,-0.8861065001985804,0.04021191596984863,4,484,8.0,117.0,1.0,100,4,98,4
1.346291201783626,0.44487826050130463,2.0407235115723648e-06,0.4593474883480064,-0.05800464037122999,0.6496103425360962,-0.01333333333333342,0.03818655014038086,4,10,4.0,2.0,1.0,1,4,10,4
117.56181884438502,27.796320200103224,3.4536504743468314e-06,-0.9444866426642886,-0.9215803108808289,-0.8875266058604256,-0.8532612280550964,0.038164377212524414,4,320,7.0,77.0,1.0,100,4,100,4
133.1398857092294,32.9500885178376,2.337104783774219e-06,-0.7024196806450396,-0.6825622316210893,-0.6649444387784775,-0.6398167674521196,0.038155317306518555,4,415,7.0,103.0,1.0,100,4,100,4
196.4050873407645,46.34573425174461,2.347537977901623e-06,-0.7453746445788199,-0.7912771221271675,-0.6993646649060534,-0.7369954050713448,0.030170917510986328,4,559,6.0,128.0,1.0,100,4,99,4
214.48564928684624,52.64513668580096,2.4657561032686978e-06,-0.5714942282686624,-0.5763700997333858,-0.5396676167364771,-0.5413825871301317,0.03215742111206055,4,666,6.0,163.0,1.0,100,4,99,4
125.19942425320228,31.383382014478087,3.4971671449354433e-06,-0.6817683915506678,-0.6790787016346473,-0.6456609467976413,-0.6357314384738386,0.032181501388549805,4,382,6.0,97.0,0.0,100,4,100,4
6.645016930001006,1.8027756377319946,4.703204898841135e-06,-0.9247130269449608,-0.6377952755905512,-0.8991595132703716,-0.606673876100726,0.03216886520385742,4,24,4.0,8.0,0.0,100,4,99,4
102.6787060040526,26.123504741898625,2.1782324200047125e-06,-0.613656848406517,-0.5687107095502295,-0.5851756662097298,-0.5359201923545807,0.03217625617980957,4,359,8.0,94.0,0.0,100,4,100,4
198.79079769949112,49.412274959433574,1.9841277118658896e-06,-0.5801811280369287,-0.605073340424658,-0.5414030383887878,-0.564616050906978,0.04029965400695801,4,617,13.0,156.0,2.0,100,50,100,4
33.97267809789003,20.92844953645635,3.2536674655752625e-07,0.9452626382879874,0.5724871519062985,0.9993871205390842,0.9962672834909679,0.010039806365966797,93,1463,1398.0,354.0,329.0,100,99,100,99
10.23474474522936,12.227019260637483,1.4411915865752694e-07,0.9706479859894921,-3.9016393442622954,0.999956431725955,0.99896523064213,0.0,96,1193,1210.0,274.0,290.0,100,99,98,99
13.606064824187778,15.988276955319481,2.4574472438359995e-07,0.9924528061508866,0.852090264718646,0.9998943615212305,0.9976099934483434,0.0020203590393066406,92,1473,1467.0,359.0,345.0,100,99,100,99
0.5496210815947049,0.14433756729740643,1.6328772792438838e-06,0.3201465201465201,-0.021276595744681437,0.8518821185964555,-0.02040816326530659,0.0406038761138916,4,10,4.0,1.0,0.0,1,4,6,4
130.38085237743564,58.912364293641,4.1345947331821264e-07,0.8497687503682319,0.5529251798046302,0.9917501220609054,0.9742338803327687,0.01003265380859375,88,2102,1813.0,552.0,422.0,100,99,100,99
15.754817857223413,21.588687513867733,3.5956032998395085e-07,0.9976186710676954,0.9297431452459528,0.999873546680367,0.9961103118191034,0.01003265380859375,86,2034,2014.0,511.0,466.0,100,99,100,99
49.77482630138787,21.258723699538816,3.5930540729183474e-07,0.9807140911804569,0.9398912562866351,0.9988229762574988,0.9967147096720266,0.008016109466552734,85,2216,2242.0,572.0,522.0,100,99,100,99
0.2041241452319315,0.0,9.999999999999994e-08,0.8618705035971224,1.0,0.9806800618238022,1.0,0.0303957462310791,4,10,4.0,0.0,0.0,1,4,1,4
0.10206207261596575,0.10206207261596575,8.302947273124958e-07,0.8516228748068007,-0.010526315789473939,0.9942857142857143,-0.010101010101010388,0.03237271308898926,4,10,1.0,1.0,0.0,1,4,7,4
3.378855822118882,0.7359800721939872,9.71941642275234e-06,-1.028729537435166,-0.35064935064935066,-0.7130620985010714,-0.32281862121597604,0.03271603584289551,4,10,5.0,3.0,0.0,1,4,61,4
7.130480348475831,1.5612494995995996,8.59584039244777e-06,-1.85565584110868,-1.000712504453153,-1.784385535570653,-0.9417475728155336,0.04313778877258301,4,17,4.0,4.0,0.0,96,4,62,4
22.02910007240423,5.290518248086224,7.18912208392183e-06,-2.0880970547313833,-1.455025649322839,-2.016901955705219,-1.3436341593182783,0.03600001335144043,4,43,5.0,14.0,0.0,98,4,82,4
0.8228507357554792,0.25,3.437197162282242e-06,-0.032428855062872186,-0.06666666666666665,0.7231096911608095,0.07834101382488456,0.037000179290771484,4,10,4.0,1.0,0.0,1,4,4,4
3.8215398292660336,1.005194840151235,8.031232861493361e-06,-3.028735632183908,-0.4846938775510201,-2.442095701063072,-0.4584273041647875,0.03600025177001953,4,10,5.0,4.0,1.0,1,4,48,4
11.55737499031102,2.970339486770269,5.951975216933387e-06,-2.1433495989765667,-1.002561324007487,-2.11592565323147,-0.9251750159105372,0.037000179290771484,4,32,5.0,11.0,1.0,97,4,100,4
12.683650893965822,3.25,4.960500629819724e-06,-1.167591623342827,-0.7958822227141908,-1.1669706748982738,-0.7621298484637844,0.037000179290771484,4,35,6.0,12.0,1.0,96,4,97,5
54.44138667717175,12.790784442975601,3.946300141131086e-06,-1.1171255494145211,-1.0507513964998756,-1.0592112524176818,-0.9721245605223507,0.04056549072265625,4,145,7.0,35.0,1.0,100,4,100,4
44.391135564059034,11.130382593004908,2.6524926180198923e-06,-1.283923446660915,-1.2611385623892182,-1.2065004488815632,-1.1662865844329002,0.038671255111694336,4,117,9.0,31.0,1.0,100,19,97,4
203.34863330415246,50.326951858157805,2.885465163527528e-06,-0.6837628020180972,-0.6647058500504817,-0.644413017065647,-0.6215888888792558,0.03834939002990723,4,620,7.0,146.0,2.0,100,4,99,4
16.01784718903975,21.460927952244482,4.875975208207551e-07,0.9764452838107229,0.22066441052558883,0.9998587564929821,0.9959143949147903,0.0,93,1321,1315.0,319.0,303.0,100,99,99,99
201.15202066264874,51.892818225004255,2.803168200447607e-06,-0.5193261286830495,-0.49833810401797063,-0.4927514359234555,-0.4704540635190193,0.032378196716308594,4,650,5.0,177.0,0.0,100,4,100,4
81.43402237394393,41.309805131469695,4.324723115346696e-07,0.9496404497176876,0.7494788830608345,0.9969166734297199,0.9875472039727854,0.010030031204223633,86,2199,2000.0,515.0,458.0,100,99,99,99
266.8566094366036,96.68764140261153,5.39105887145603e-07,0.8368875205844114,0.6358411252951353,0.9769688703988165,0.9516042642821732,0.010055065155029297,80,3171,2529.0,754.0,566.0,100,99,99,99
29.03637565384342,27.17024516308644,3.289990983310251e-07,0.9869641156225603,0.8383017847485127,0.9995929945656069,0.9947934584397459,0.0020363330841064453,91,1836,1789.0,470.0,435.0,100,99,100,99
7.302967433402215,1.9066768647745918,1.8994731914794002e-05,-2.2043392093459895,-1.3017312448474856,-2.1632470236440358,-1.2118004943279042,0.04021859169006348,4,16,6.0,5.0,1.0,89,4,89,4
2.694516035704124,0.8720187306856813,1.509404978902603e-05,-0.9759619643859081,-0.3584027912386125,-0.397942196995527,-0.33920381581361214,0.040201663970947266,4,10,4.0,5.0,0.0,1,4,91,4
4.914900812834375,1.2706625568314087,1.709611705947824e-05,-2.04930966469428,-0.6623840911629988,-1.744378698224852,-0.628835645229088,0.032176971435546875,4,11,4.0,4.0,0.0,92,4,51,4
0.9789450103725609,0.27003086243366087,2.1419010180953487e-06,0.6798143851508119,-0.038639876352396074,0.8065764023210832,0.08376963350785283,0.032351016998291016,4,10,6.0,2.0,0.0,1,4,14,4
6.670051224191111,1.479019945774904,8.069249710923197e-06,-2.636441038739889,-0.7236662106703144,-2.5564696771614854,-0.6866115171472174,0.040280818939208984,4,15,6.0,5.0,0.0,91,4,84,4
0.75,0.27003086243366087,4.515387653847539e-06,0.2472774793088428,-0.0786516853932584,0.8259412068076328,0.31305201177625175,0.04020500183105469,4,10,4.0,2.0,0.0,1,4,4,4
11.473247869137433,2.78575244174113,7.15562998475272e-06,-4.146755362476242,-1.522573363431151,-4.03716990533134,-1.4017537638221729,0.04019451141357422,4,25,8.0,7.0,1.0,94,4,87,4
18.330018639743205,4.43118682371514,7.421961659100323e-06,-2.833192829475357,-1.6549295774647885,-2.7181727639089965,-1.5089510321970963,0.04024147987365723,4,32,6.0,11.0,1.0,96,4,71,4
6.896557112066861,1.6832508230603465,6.6630997213031175e-06,-5.996360850411799,-1.5509964830011724,-5.8003097819611575,-1.43487601826157,0.0321810245513916,4,14,6.0,4.0,0.0,50,4,44,4
1.0257111354242643,0.3679900360969936,4.285870319648588e-06,0.3646133682830932,-0.06940874035989708,0.717078909773383,-0.06644790812141066,0.040195465087890625,4,10,6.0,2.0,0.0,1,4,26,4
12.138094304022083,2.9386079470842423,3.98381066998988e-06,-4.542681732088041,-1.6457446808510636,-4.500163324985611,-1.5452089281876518,0.040206193923950195,4,25,11.0,8.0,1.0,84,4,80,4
23.530343884723262,6.265813328424863,7.094867042514781e-06,-0.7514793061891787,-0.5770974265987865,-0.7432865935872317,-0.5454638646847771,0.04024219512939453,4,59,9.0,19.0,1.0,96,4,91,4
100.7911413104677,24.26030708791626,3.919767647187086e-06,-0.8423700722149874,-0.8210596889603174,-0.7949625133973408,-0.7662731299346437,0.04020071029663086,4,299,8.0,72.0,1.0,100,4,100,4
84.47318361468331,20.159778437935937,4.724197079764642e-06,-1.015716281553237,-0.8847740104465445,-0.9542367928640345,-0.8225209515637122,0.038193464279174805,4,231,4.0,62.0,0.0,100,4,100,4
1.692508000965825,0.5773502691896257,2.5352298475074264e-06,0.42463603870630273,-0.1640773020083366,0.598252764751428,-0.13314447592068013,0.03817439079284668,4,10,5.0,2.0,1.0,1,4,6,4
9.066306671774713,2.2638462845343543,5.088129447382002e-06,-2.6935858992174357,-1.5764782893301326,-2.642717335105989,-1.452764345181714,0.03017878532409668,4,20,2.0,6.0,0.0,82,4,74,4
79.96692024414429,19.367875034017885,3.25423896828669e-06,-0.7600728618687485,-0.7690752036680719,-0.7191484237550256,-0.7180337003872503,0.032186269760131836,4,219,5.0,55.0,1.0,100,4,98,5
9.684071974123283,2.57390753524675,3.960907016394207e-06,-1.7480374295334662,-0.7538779731127196,-1.7377140407053648,-0.7128544881635286,0.03247690200805664,4,31,6.0,10.0,0.0,100,4,88,4
183.74798751732402,43.31546105799483,3.5534332559732156e-06,-0.6573171808315479,-0.6942243243317392,-0.6197467279984619,-0.6499906928205736,0.0321965217590332,4,532,7.0,124.0,2.0,100,4,99,4
79.02551012173221,18.696312024924417,3.3045468539486145e-06,-0.8673473718171927,-0.8508090717148069,-0.8201370414978966,-0.7964132762312635,0.04020094871520996,4,214,6.0,58.0,1.0,100,4,100,4
113.3627565972764,26.970083734884224,2.9868627508186835e-06,-0.7053437637275313,-0.7181645665004783,-0.6682271359828897,-0.6727015415040971,0.04020428657531738,4,322,6.0,85.0,1.0,99,4,99,5
16.27114009527298,15.56438241627338,4.482388498072201e-07,0.9454657809361965,0.48730158730158735,0.9998908953497362,0.9983767946700034,0.010045051574707031,96,1218,1205.0,298.0,285.0,100,99,100,99
227.49340649785876,57.99820399518132,1.7162807988097167e-06,-0.3039179523711195,-0.3800628626617113,-0.26981845394488,-0.3431996472751171,0.03846025466918945,4,801,64.0,199.0,12.0,100,64,100,46
63.07282947658063,33.283902743190765,5.926918400934871e-07,0.9297525666377229,0.6389936226138666,0.9977464305709436,0.9898655125404344,0.0,89,1763,1619.0,429.0,367.0,100,99,99,99
1.432509453139257,0.45643546458763845,3.437270777460838e-06,0.12815784621058424,-0.07202680067001666,0.5279288778126572,-0.028806584362139898,0.030354976654052734,4,10,6.0,2.0,1.0,1,4,16,4
81.64780819675035,22.3142798076329,3.492910587120319e-06,-0.4613128435810636,-0.4282424936203826,-0.4398334613155803,-0.4051166339988783,0.03228116035461426,4,293,1.0,85.0,0.0,100,4,100,4
24.028628758212566,26.22260475238873,4.0490190775919676e-07,0.9812017892689647,0.6111233840253785,0.9996772037500552,0.9943093549280883,0.01003718376159668,92,1554,1508.0,397.0,358.0,100,99,100,99
47.53945729601885,30.42139935081124,4.655319695153604e-07,0.9759013947208193,0.8286906918616496,0.9988289125830999,0.9925369479078343,0.010040044784545898,87,1979,1911.0,501.0,438.0,100,99,100,99
744.4125200451696,224.6641114262867,7.314502193631148e-07,0.5329832227857979,0.22127085534004887,0.8973448954441868,0.8410844193606974,0.01004171371459961,73,4583,2864.0,1097.0,601.0,100,99,100,99
75.67574368196313,37.133665196275615,3.1191068483161524e-07,0.9506051245583869,0.7911977894357455,0.9973789420511315,0.9905486178400421,0.010044097900390625,89,2111,1939.0,523.0,466.0,100,99,100,99
656.0096153141471,207.55073522468595,6.843587227516572e-07,0.6322577173900858,0.35622877585695534,0.9200805424900089,0.8685370730342777,0.010036945343017578,74,4575,3040.0,1091.0,652.0,100,99,100,99
0.962851667357612,0.338501600193165,1.5886827595355195e-05,0.06643356643356679,-0.08307692307692305,0.6578370689323747,-0.07948969578017606,0.03248119354248047,4,10,3.0,2.0,0.0,1,4,24,4
1.299038105676658,0.22821773229381923,2.4621866821702075e-06,0.15400097916553301,-0.05494505494505453,0.5149119655048507,-0.05263157894736881,0.040401458740234375,4,10,3.0,1.0,0.0,1,4,7,4
0.2041241452319315,0.10206207261596575,8.556395382565207e-07,0.5844155844155844,-0.010526315789473939,0.9793559042113955,-0.010101010101010388,0.040190696716308594,4,10,2.0,1.0,0.0,1,4,7,4
0.5,0.22821773229381923,2.755575487499537e-06,0.9232307077169133,-0.05494505494505453,0.9586178357128078,0.4658119658119657,0.04017066955566406,4,10,8.0,2.0,0.0,1,4,4,4
16.228190492678678,3.9738730058554546,1.1051603003899576e-05,-1.133188956965705,-0.8527580807373554,-1.123333403321645,-0.8095226727461537,0.038498878479003906,4,44,6.0,13.0,1.0,99,4,97,4
0.22821773229381923,0.0,9.999999999999994e-08,0.6657381615598887,1.0,0.9725937294452971,1.0,0.0301513671875,4,10,2.0,0.0,0.0,1,4,1,4
0.9464847243000456,0.4208127057650866,2.5766030318848044e-06,0.7754324883037755,-0.030303030303030276,0.8524263847896218,0.05764966740576516,0.030329227447509766,4,10,7.0,3.0,1.0,1,4,11,4
60.657079141679745,14.38604648029935,5.7731014499356e-06,-1.2233407179668219,-1.0838009334522,-1.150041827724559,-1.0010252887779223,0.03236103057861328,4,141,4.0,37.0,0.0,100,4,87,4
43.833491761437394,10.338036564067666,4.8172534093177605e-06,-1.0027361563517916,-0.9788008582518339,-0.955544265694994,-0.9134651249533756,0.032156944274902344,4,108,7.0,29.0,1.0,99,4,99,4
78.1501626144608,18.582025365031303,4.2577748274372735e-06,-0.9050505285032229,-0.9261186283203247,-0.8539574845270601,-0.8622691616024682,0.04016423225402832,4,196,5.0,50.0,1.0,99,4,98,4
83.19198428935326,19.823702143309827,5.146731990376198e-06,-0.9793581323355962,-0.9217604846087066,-0.9197479273860973,-0.8534239656964762,0.040381669998168945,4,210,3.0,54.0,0.0,100,4,100,4
8.311011771539413,2.1505813167606567,5.313092880738981e-06,-4.727076435871599,-1.4441768450025805,-4.618967723347824,-1.3102138508767367,0.04019021987915039,4,16,5.0,7.0,1.0,18,4,18,4
178.2417307572313,42.03210578434855,3.2053613961164306e-06,-0.8973313295039422,-0.8883103484108485,-0.8383769804341448,-0.8245633738936495,0.04020261764526367,4,477,5.0,115.0,1.0,100,5,99,4
1.2162099599438687,0.338501600193165,2.5323880235669195e-06,-0.03531556163135119,-0.08307692307692305,0.5739701779124537,0.06700593723494541,0.04022359848022461,4,10,4.0,2.0,0.0,1,4,11,4
169.29658393875917,40.8188324592134,2.732942228570544e-06,-0.8072195006501242,-0.7994557156362048,-0.7566303236154273,-0.7460562465177776,0.04018378257751465,4,491,10.0,126.0,2.0,100,16,100,10
11.11164929252179,3.2691742076555053,3.9531797989870165e-06,-2.1503775011005257,-1.3750572689349183,-2.105773967362254,-1.2892077020906307,0.04037785530090332,4,34,2.0,11.0,1.0,100,4,87,4
176.65461829985276,43.2220526274879,4.864877946649612e-06,-0.6831024697762844,-0.6871096003813058,-0.643766927733662,-0.6427624225080306,0.04017186164855957,4,511,5.0,123.0,0.0,100,4,99,4
125.30575106514465,31.372758884101984,2.621263057102743e-06,-0.491855587123472,-0.4810091799290588,-0.46741152735020175,-0.4545255266243531,0.03895735740661621,4,418,5.0,108.0,2.0,100,4,98,4
143.714524608104,35.18122723840088,4.776833703841707e-06,-0.5880540726918326,-0.5779297095466911,-0.5576070353397122,-0.5422758098632132,0.030628442764282227,4,433,5.0,108.0,1.0,100,4,98,4
33.27787052481975,8.477912478906585,3.4193487954495904e-06,-0.8179391142501553,-0.8787651883870529,-0.7926917693877209,-0.8293701399070466,0.030362606048583984,4,95,7.0,25.0,2.0,100,4,99,4
107.62941470198056,50.145243588454676,5.70777195857608e-07,0.8347324981577008,0.5269736637542365,0.9938287129681006,0.9779760718699856,0.0010175704956054688,89,1859,1617.0,496.0,367.0,100,99,100,99
56.744768481332265,14.08863312508823,4.985572112691685e-06,-0.7019814981862498,-0.7428503102637121,-0.6742653515352244,-0.6925576317872182,0.032813072204589844,4,176,5.0,48.0,0.0,100,4,100,4
60.24284189843636,26.566896694947264,3.017095302127151e-07,0.7340466070643412,-0.036356161165276735,0.9981501052211506,0.9946000152160523,0.008015871047973633,95,1345,1259.0,335.0,306.0,100,99,99,99
345.3414071610875,121.8400590938793,8.031999634141753e-07,0.5039479059396769,0.09417649819529861,0.9513277889523306,0.9038411224743341,0.01003265380859375,84,2591,1848.0,632.0,405.0,100,99,100,99
327.9696801704559,109.9333131190602,6.597789191920819e-07,0.578599057057379,0.16171098265895956,0.9576656981393283,0.9212676450589694,0.010036230087280273,82,2708,1974.0,658.0,429.0,100,99,100,99
31.63463292026636,20.44199109675963,4.6421658158559437e-07,0.950059221242609,0.7243540191500984,0.9993888866888759,0.9957636596536584,0.0,92,1416,1359.0,354.0,313.0,100,99,100,99
0.338501600193165,0.2041241452319315,3.0758719520504852e-06,0.9420766825736383,0.1560439560439565,0.9716048426650146,0.1578947368421051,0.03214621543884277,4,10,7.0,1.0,1.0,1,4,5,4
2.111476576553321,0.5951190357119042,1.1381620107903188e-05,-0.14314331024121518,-0.2612055641421942,0.15911903966679097,-0.2269938650306751,0.03246259689331055,4,10,6.0,2.0,0.0,1,4,9,4
5.6632955658932955,1.5444794160708866,1.073362526392614e-05,-5.043303142442395,-1.275069854082583,-4.436471502224735,-1.1901300688599847,0.03237509727478027,4,10,8.0,5.0,0.0,1,4,71,4
10.080405911139358,2.4664414311581235,8.663984715542409e-06,-2.385585377140213,-1.3573140478493042,-2.3729699077835904,-1.304292929292929,0.0325465202331543,4,21,6.0,7.0,1.0,82,4,97,4
14.410282786954598,3.7804320740712516,9.760734250300487e-06,-1.5634513686850013,-1.002950166517131,-1.553611756221346,-0.9255870093051326,0.030119657516479492,4,36,7.0,14.0,1.0,100,4,100,4
0.8897565210026093,0.22821773229381923,2.1310893192779582e-06,0.44215918648214714,-0.05494505494505453,0.8198881410560241,0.11347517730496459,0.030215978622436523,4,10,6.0,1.0,0.0,1,4,4,4
0.27003086243366087,0.0,9.999999999999994e-08,0.7716615698267074,1.0,0.9610158164401871,1.0,0.030301332473754883,4,10,3.0,0.0,0.0,1,4,1,4
7.337830060719586,1.7795130420052185,8.921991285905103e-06,-3.3889159141363656,-1.1135573580533027,-3.317177673284279,-1.0436974789915965,0.03850197792053223,4,15,6.0,5.0,0.0,65,4,69,4
0.2041241452319315,0.0,9.999999999999994e-08,0.8048780487804879,1.0,0.9829198514027072,1.0,0.038364410400390625,4,10,3.0,0.0,0.0,1,4,1,4
0.10206207261596575,0.0,9.999999999999994e-08,0.8688524590163934,1.0,0.9933204194776568,1.0,0.03033733367919922,4,10,2.0,0.0,0.0,1,4,1,4
0.770551750371122,0.30618621784789724,3.4260505573260626e-06,0.13581806696146592,-0.060122699386503164,0.7927574171029668,-0.0575793184488842,0.030115842819213867,4,10,3.0,2.0,0.0,1,4,22,4
5.065199897338703,1.547847968417226,8.521894565038118e-06,-2.7038174156863364,-1.0361490225009224,-2.001791568658518,-0.9937586685159507,0.03816366195678711,4,12,8.0,5.0,0.0,3,4,41,4
71.94123759476665,16.780755346527165,5.896845377012151e-06,-1.2524866336828167,-1.1042829724660845,-1.170076346546935,-1.0186293661176724,0.03817343711853027,4,165,5.0,42.0,0.0,100,4,94,4
12.75816731875442,3.417174758968779,5.99518589101038e-06,-2.338888888888889,-1.189631317652804,-2.3054739376093383,-1.1051247863889877,0.03836512565612793,4,30,8.0,10.0,1.0,95,4,99,4
0.408248290463863,0.1767766952966369,2.4115302720140762e-06,0.8087411281285021,-0.032258064516129004,0.9518710143183733,0.2187500000000001,0.030213117599487305,4,10,5.0,1.0,0.0,1,4,3,4
49.767375525203924,11.569986315174852,5.299051269102322e-06,-1.0714132221325232,-0.972676337401182,-1.0179482755416154,-0.9028961751061317,0.030345678329467773,4,134,5.0,36.0,1.0,99,4,99,4
18.7794213613377,4.595060754041597,6.994547391855469e-06,-1.2711874592518626,-1.1085298196948683,-1.2181179934470654,-1.0189243027888444,0.032343387603759766,4,41,2.0,12.0,1.0,90,4,89,4
188.62758171416326,45.670126085513125,2.7446582458127038e-06,-0.8550468072719271,-0.7995278927568563,-0.8006646947110483,-0.745486086139751,0.04017806053161621,4,523,9.0,128.0,2.0,100,4,99,4
48.08282784251914,11.688224130864935,5.994728668385461e-06,-0.6108315091437544,-0.6461675847344055,-0.5895524461781785,-0.6072619070962175,0.04062008857727051,4,137,4.0,36.0,0.0,100,4,100,4
217.36298366250557,53.578699903350895,2.556889231479975e-06,-0.5655436667914571,-0.5594642657255395,-0.5347342511520219,-0.5257939654110921,0.040387630462646484,4,702,8.0,175.0,1.0,100,4,99,4
244.54884055473798,62.95261114520986,3.1235563318652557e-06,-0.520540563947316,-0.5409925028535534,-0.49169354877201155,-0.5091467859066012,0.03840327262878418,4,775,5.0,207.0,1.0,100,10,100,4
190.45986016306253,46.87261105023558,3.8794736130435694e-06,-0.513276190332375,-0.5218292011897185,-0.4867268575995467,-0.4912570463443855,0.04007577896118164,4,609,4.0,145.0,1.0,100,4,100,5
103.311092425653,41.147185919463666,6.043157025580399e-07,0.8073265027713725,0.47553876165460884,0.99395304155968,0.9837426909324231,0.008255958557128906,89,1774,1552.0,434.0,348.0,100,99,100,99
13.165611772087667,16.782927833565473,3.165785184137129e-07,0.9338310145911096,0.42621095518334084,0.9999391811047332,0.9984244756752935,0.0,97,1126,1132.0,302.0,276.0,100,99,100,99
54.74094837113647,25.114025677184564,4.822045361751611e-07,0.8552375243518657,0.5073330145066157,0.9983931219047832,0.9945469198088184,0.01003265380859375,93,1426,1342.0,355.0,312.0,100,99,100,99
34.0168463166904,9.076067430335673,4.350609576712881e-06,-0.9071226387763234,-0.7211883774077701,-0.8772759135593924,-0.676578152329464,0.03835582733154297,4,111,5.0,31.0,0.0,100,4,100,4
23.51169921549695,18.149380154705007,3.2449742395473694e-07,0.9562663763749826,0.6767545925577014,0.999724021744175,0.9974214689341959,0.0,95,1326,1276.0,340.0,311.0,100,99,100,99
71.26108936258873,40.3953674854644,5.787401441889597e-07,0.94668529892579,0.7189940614728496,0.9971474630450174,0.9855664373477143,0.010035991668701172,86,1961,1805.0,476.0,404.0,100,99,98,99
14.083086782851739,12.62933094031509,4.877436048557725e-07,0.986514358242107,0.7379518072289157,0.9998946888675513,0.998695162232852,0.010030984878540039,94,1370,1367.0,336.0,329.0,100,99,100,99
181.67226673325789,45.838711805634325,3.689119047270507e-06,-0.482396332430604,-0.4856618175077916,-0.45829726763915235,-0.45735063517871066,0.038360595703125,4,638,4.0,158.0,0.0,100,4,100,4
880.5257478305746,273.5995316218646,7.67771757183765e-07,0.5542667415648304,0.25722236948169774,0.888039645612281,0.825899199763558,0.010248661041259766,73,5426,3287.0,1366.0,701.0,100,99,100,99
4.236498160824181,1.224744871391589,1.776582954902957e-05,-3.469640878752668,-0.9470422535211265,-2.958098826123911,-0.891998423334647,0.0401763916015625,4,10,4.0,4.0,0.0,1,4,99,4
1.6551686721701004,0.5863019699779287,1.535300125798028e-05,-0.8328856624319418,-0.3614095401804902,0.34413965087281817,-0.3200000000000003,0.040384531021118164,4,10,8.0,2.0,0.0,1,4,71,4
0.30618621784789724,0.14433756729740643,1.6249903193364098e-06,0.8860158311345646,-0.02127659574468077,0.967479674796748,-0.02040816326530681,0.038355350494384766,4,10,5.0,1.0,0.0,1,4,9,4
0.5303300858899106,0.27003086243366087,5.76403522674069e-06,0.5642232683254877,-0.03863987635239541,0.8836206896551725,0.08376963350785338,0.040181636810302734,4,10,3.0,2.0,0.0,1,4,7,4
0.9298297335175583,0.408248290463863,6.957091235976836e-06,0.5102943887898714,0.03759398496240607,0.7731248633282309,0.0453460620525058,0.04018044471740723,4,10,6.0,2.0,2.0,1,4,5,4
2.551551815399144,0.8228507357554792,1.4164979844344131e-05,-0.986491855383393,-0.7147568013190437,-0.39247838873540664,-0.6683778234086242,0.04037928581237793,4,10,6.0,2.0,0.0,1,4,8,4
0.5,0.27003086243366087,8.168872681758216e-06,0.7466739967014842,-0.0786516853932584,0.9292035398230089,0.14529914529914578,0.04019641876220703,4,10,6.0,1.0,0.0,1,4,2,4
0.25,0.22821773229381923,2.2134264083364414e-06,0.9439197741213124,-0.019108280254777066,0.9831004957187922,0.2592592592592592,0.03856611251831055,4,10,6.0,2.0,0.0,1,4,9,4
0.39528470752104744,0.3818813079129867,2.6210365433728373e-06,0.8567876678269517,-0.050000000000000044,0.9552759474045142,0.21304103428892662,0.03835582733154297,4,10,5.0,3.0,0.0,1,4,7,4
2.3979157616563596,0.5773502691896257,2.988214094963711e-06,-0.01100829915100654,-0.1870170015455952,0.2597658607233375,-0.13314447592067946,0.030209779739379883,4,10,2.0,3.0,0.0,1,4,14,4
18.450383916511512,4.351723796382303,6.8519406121240665e-06,-1.5891493212445624,-1.171421461897356,-1.5474032933840007,-1.086393683437385,0.03255724906921387,4,41,6.0,14.0,1.0,91,4,99,4
14.97706580075016,3.847347571162935,8.161912723843908e-06,-0.8777075455674233,-0.7203606784790972,-0.8741253385505514,-0.6721778321703007,0.032347679138183594,4,38,6.0,14.0,0.0,96,4,92,4
0.962851667357612,0.3679900360969936,5.8684852624920685e-06,0.5289966923925028,-0.08710801393728196,0.7991696001444174,0.07866761162296265,0.032172441482543945,4,10,6.0,1.0,1.0,1,4,2,4
35.1946965701747,9.46374661537385,4.549167242139529e-06,-0.755003516755514,-0.588254649361645,-0.7344730009626885,-0.554555908324956,0.04040360450744629,4,118,6.0,33.0,1.0,100,4,99,4
109.46826975582164,26.238291039369667,2.7082619057869353e-06,-0.9195510468084893,-0.9505226050228737,-0.8601057753589154,-0.8808922847586282,0.04018998146057129,4,311,12.0,76.0,2.0,99,20,98,4
33.2633118715901,8.660855423494072,3.4587456010566476e-06,-1.9206393942544566,-1.6494151553709124,-1.798115219050334,-1.505567153792624,0.040181636810302734,4,89,5.0,27.0,1.0,99,4,99,5
199.47258583574836,47.292859750001725,2.459505885339061e-06,-0.7882540658377721,-0.8076315955633195,-0.7366650468351716,-0.7510060649731998,0.04038238525390625,4,591,10.0,147.0,3.0,100,18,100,4
66.58836547525901,16.680202836496523,7.514940923537066e-06,-0.5993968108691776,-0.5483618520488851,-0.5737479476650478,-0.5166794996717929,0.0403749942779541,4,213,4.0,55.0,1.0,100,4,97,4
52.47092448839325,12.975136479693255,3.672472038781734e-06,-0.6632723161329368,-0.626161935775307,-0.6370344237605632,-0.5886777467158939,0.03880119323730469,4,166,7.0,47.0,1.0,100,4,98,4
216.4535169499447,51.07102896946565,2.952045330877471e-06,-0.7302467351974808,-0.7566935594906901,-0.6858444767461693,-0.7050779989153617,0.0301361083984375,4,635,5.0,148.0,1.0,100,4,99,4
149.9426557054396,57.2066429708998,7.262577125111461e-07,0.7011757253058817,0.2775689087815897,0.9865273542689674,0.9649498705464321,0.002017974853515625,85,1850,1545.0,445.0,323.0,100,99,99,99
13.844749305542999,3.8256263103793433,6.551106809969999e-06,-0.9679183465215162,-0.8677560063698679,-0.9657948911339991,-0.8132775798874605,0.03217959403991699,4,45,9.0,16.0,1.0,100,4,98,4
129.11739651701987,30.38640046687553,2.7000250859537763e-06,-0.6657716356421288,-0.7277913941392138,-0.6294754245636958,-0.6800020620963938,0.04047274589538574,4,392,5.0,93.0,1.0,100,4,100,4
174.7926243823278,74.55509062741147,9.557174749226729e-07,0.5671888532248055,-0.16209275167253878,0.9821154654963813,0.947176045733,0.010042190551757812,87,1880,1490.0,468.0,321.0,100,99,100,99
64.79792306342335,16.80959547401424,4.748870794615013e-06,-0.43682316367406715,-0.4245360171681991,-0.4201196857459981,-0.40074638310924793,0.04017186164855957,4,208,4.0,58.0,1.0,100,4,100,4
20.73242227365952,7.54983443527075,3.405204455522968e-07,0.9486795106080255,0.7966706302021404,0.9997636413013827,0.9994962340920632,0.00801849365234375,94,1274,1321.0,306.0,314.0,100,99,100,99
133.07047005252517,34.606116993001876,4.832331330737647e-06,-0.513260731701801,-0.5247696908566961,-0.4878195552211215,-0.4955972970807183,0.03068256378173828,4,426,7.0,111.0,1.0,100,4,99,4
119.14998426353232,31.300958451779078,3.032320792352429e-06,-0.45680834779931767,-0.4047593673820957,-0.4367931208932241,-0.3830129496453656,0.03236746788024902,4,434,6.0,125.0,1.0,100,4,100,4
970.204341510444,283.9057313365024,1.0150898656854974e-06,0.22364281667894337,-0.2455063350256077,0.8267909022601072,0.7466685812614287,0.01003265380859375,72,4596,2433.0,1067.0,495.0,100,99,99,95
231.4577445237035,61.16873861159255,2.842343996971004e-06,-0.46681840801161356,-0.46360799554195053,-0.4431556165033954,-0.43770870231334613,0.040418386459350586,4,808,6.0,208.0,2.0,100,4,100,4
1054.64518407174,315.9396416134847,8.258068623464752e-07,0.4719870801617987,0.15934025249204753,0.8608880153139462,0.7943085507918829,0.010054588317871094,72,5817,3344.0,1419.0,702.0,100,99,99,99
71.86641253047212,20.616033404448427,2.621777044106065e-06,-0.3521719051064913,-0.32133681642522505,-0.3397294179930981,-0.3053419460350739,0.03213906288146973,4,270,6.0,81.0,0.0,100,4,99,4
1407.8337447799638,402.7863614140584,9.010990179717341e-07,0.4774257641297249,0.17474334240475942,0.8340073422632545,0.7634071796882592,0.020200729370117188,66,7421,3971.0,1751.0,810.0,100,99,100,95
0.6922186552431729,0.28867513459481287,3.2423267447102777e-06,0.5410994492362049,-0.049180327868852514,0.8086204027292394,0.05992949471210318,0.03844761848449707,4,10,2.0,2.0,0.0,1,4,12,4
1.103970108290981,0.39528470752104744,5.04218903270634e-06,0.13865030674846612,-0.0027855153203337757,0.6083682008368201,-4.440892098500626e-16,0.04220104217529297,4,10,4.0,2.0,1.0,1,4,13,4
0.0,0.0,9.999999999999994e-08,1.0,1.0,1.0,1.0,0.040190696716308594,4,10,0.0,0.0,0.0,1,4,1,4
0.45643546458763845,0.0,1.387154859562489e-06,0.7893813075910487,1.0,0.9448488859474962,1.0,0.04019594192504883,4,10,8.0,1.0,1.0,1,4,2,4
3.5044614422190468,0.9519716382329886,4.416835993757173e-06,-0.41479999999999984,-0.25198620896417334,-0.2445767488995152,-0.1998345055854367,0.04018807411193848,4,10,4.0,5.0,0.0,1,4,19,4
1.8056623900017041,0.46770717334674267,3.596888327107515e-06,0.20017035775127745,-0.12562814070351758,0.4685908319185059,-0.1200000000000001,0.03219747543334961,4,10,7.0,2.0,0.0,1,4,13,4
7.748655797405552,1.9525624189766635,7.1134322781863506e-06,-3.4786687278937443,-1.920212765957447,-3.4412254206990065,-1.711914641375222,0.032408714294433594,4,17,4.0,5.0,0.0,97,4,96,4
9.682458365518542,2.468552207266437,8.021878837692042e-06,-1.5841725413721832,-1.0348563353744704,-1.568229291511146,-0.9539730785931395,0.04014897346496582,4,23,2.0,7.0,0.0,100,4,76,4
32.122973347227166,7.5760037838779715,4.4708116455888355e-06,-1.4828154456956177,-1.1696116552640645,-1.4163512099074764,-1.0940140082316416,0.04069352149963379,4,78,3.0,21.0,0.0,100,4,99,4
21.985553969216543,5.136673696728912,5.613452358249623e-06,-0.9635741403637297,-0.8847310494496978,-0.9488870222595551,-0.8202592773577855,0.04020071029663086,4,60,5.0,16.0,1.0,99,4,96,4
138.221176923075,32.475471513128184,3.6599259111246747e-06,-0.7560720597702557,-0.7773246156513065,-0.7126473193911242,-0.7249001700418636,0.030126571655273438,4,384,8.0,101.0,3.0,100,4,100,4
160.13044812485435,39.02096124734329,4.002716617308764e-06,-0.68010792073982,-0.6730725208314257,-0.643704522515999,-0.630864330313929,0.03627490997314453,4,465,7.0,111.0,1.0,100,4,98,4
215.73293192432783,50.57080432423435,3.2217873534682898e-06,-0.6386748518369894,-0.6837161482346774,-0.6026605206249913,-0.6401970980968954,0.04018545150756836,4,650,7.0,146.0,1.0,100,4,99,5
105.1966412645068,54.962866252285885,9.95375467392685e-07,0.786031588145664,0.23554830762093393,0.9931367281770029,0.9694534412462503,0.010040283203125,88,1769,1481.0,440.0,319.0,100,99,100,99
154.30863958314194,38.747714986392,3.002919408074489e-06,-0.5190929159981836,-0.5216643682408135,-0.4932965330158572,-0.4912173338069097,0.04019308090209961,4,497,5.0,131.0,1.0,100,4,100,4
250.81764208949366,65.37177334293449,2.3045986477234756e-06,-0.36956205487226046,-0.391523098588076,-0.3509453504331941,-0.37036492693110645,0.04024314880371094,4,880,6.0,237.0,1.0,100,4,99,4
1479.4235860830472,414.0983117143873,1.0100606234775323e-06,0.30522915137948115,-0.030077411690472955,0.7775297687372512,0.697501813484886,0.020142555236816406,66,6856,3272.0,1634.0,666.0,100,99,100,95
443.0092549823311,162.18985788266787,7.111834629057168e-07,0.7373472745489786,0.45309851261186573,0.9573236975335991,0.9136039709458184,0.010055303573608398,80,4014,2890.0,1015.0,644.0,100,99,100,99
536.2442201426171,183.7101224508576,6.414705185781732e-07,0.7551246108443608,0.5350172446577997,0.9487750270331226,0.9079067131285041,0.01004171371459961,78,4586,3288.0,1170.0,736.0,100,99,100,99
0.60380736442456,0.30618621784789724,1.0467977691805707e-05,0.8384304673975764,0.2596401028277635,0.9087686372641017,0.26168990976209994,0.03822803497314453,4,10,7.0,2.0,2.0,1,4,5,4
1.7350552344714179,0.5103103630798288,1.3726591483656613e-05,0.1882022471910112,-0.1928429423459248,0.5203399113707655,-0.15154306771073212,0.038195133209228516,4,10,10.0,2.0,1.0,1,4,65,4
0.5951190357119042,0.25,5.456500853533537e-06,0.615819209039548,-0.06666666666666665,0.8805970149253731,-0.06382978723404253,0.040204763412475586,4,10,4.0,1.0,0.0,1,4,6,4
13.032411518978366,3.2834813841409245,1.0958644533329942e-05,-1.1551810785543455,-0.6852388948252175,-1.1428684077718905,-0.6402795606903438,0.0401759147644043,4,32,4.0,10.0,0.0,95,4,94,4
29.995833043941285,6.607287643201255,8.094421837513434e-06,-2.146972383473804,-1.5575833857772183,-2.043274063431139,-1.4075829383886251,0.04020047187805176,4,60,7.0,15.0,0.0,98,4,70,4
1.758905909933786,0.6454972243679028,6.875744016490591e-06,-0.160912052117264,-0.2565445026178006,0.2907462686567166,-0.2437810945273633,0.04018282890319824,4,10,3.0,3.0,0.0,1,4,35,4
20.134185274469555,4.978076937934969,7.552101912454971e-06,-1.132994736640779,-0.7755939793506652,-1.121228968671851,-0.7287862162181804,0.03217339515686035,4,57,8.0,16.0,1.0,100,4,99,4
0.5773502691896257,0.3227486121839514,1.828860999210312e-06,0.8778431684428186,-0.03896103896103886,0.939018580276322,0.04852521408182697,0.032146453857421875,4,10,7.0,2.0,0.0,1,4,7,4
16.198636773918146,3.8850675669800134,4.71441228703807e-06,-1.8132710860963983,-1.1204878048780489,-1.788321151723855,-1.0618996798292422,0.03220033645629883,4,36,10.0,11.0,1.0,100,4,100,4
1.241638702145945,0.39528470752104744,3.31929853718106e-06,0.0887050221281509,-0.13296616837136122,0.5907532352615861,-0.1269722013523671,0.030132055282592773,4,10,4.0,2.0,0.0,1,4,28,4
94.41938801609199,23.435416574065844,4.127891549653433e-06,-0.6644340462938112,-0.6681255404863851,-0.6317797904743516,-0.6260726759651192,0.0322418212890625,4,281,8.0,73.0,2.0,100,4,100,4
251.51594548523823,59.1619422996462,3.6203917372587343e-06,-0.8098864399252541,-0.8088981154675665,-0.7588184887576352,-0.7542432641361605,0.03214120864868164,4,704,7.0,161.0,1.0,100,4,100,4
314.90216734725726,77.64737331895608,2.5924595796432133e-06,-0.5645296240529405,-0.61464481738148,-0.5289847798325353,-0.5746085807006382,0.030163288116455078,4,963,26.0,242.0,5.0,100,32,98,23
1.0655593210453684,0.3679900360969936,2.4160070842541265e-06,0.44090617653344744,-0.10736468500443674,0.7475917006298629,-0.1026293469041557,0.038170576095581055,4,10,7.0,2.0,0.0,1,4,16,4
220.67526575642017,55.38322926061041,3.1774468306957343e-06,-0.5211631074181384,-0.5361360116894827,-0.49321375393023015,-0.5043602081881138,0.03814578056335449,4,728,6.0,175.0,1.0,100,4,100,4
244.280640350397,62.458402824066305,3.1335217593715654e-06,-0.5665104056745123,-0.5702523578181167,-0.5346497180397984,-0.536081872083811,0.038179636001586914,4,837,6.0,233.0,1.0,100,6,100,5
0.10206207261596575,0.0,4.829505926653113e-07,0.4893617021276596,1.0,0.9946726333173512,1.0,0.0381932258605957,4,10,1.0,1.0,0.0,1,4,2,4
131.0017493521874,32.705918169856254,4.345681352272669e-06,-0.4423091785789328,-0.45140407085068723,-0.42282220285936534,-0.42701085909002523,0.04018402099609375,4,481,8.0,116.0,0.0,100,4,99,4
153.10453944935793,73.12640144458972,8.014751462740835e-07,0.8692687687616988,0.4901569231114363,0.9891428039974265,0.9608426864760825,0.010057687759399414,83,2409,1991.0,608.0,431.0,100,99,100,99
130.99809158915255,32.56659843049828,3.7389207485187795e-06,-0.5302359374170151,-0.5246718808007766,-0.5053067562058808,-0.4948970063298501,0.04024386405944824,4,407,7.0,107.0,0.0,100,4,99,4
214.631695482942,87.89967543271403,7.589025750944285e-07,0.8348583263943861,0.5373703997908247,0.9829105473874387,0.9551376803373168,0.01004648208618164,83,2782,2226.0,696.0,492.0,100,99,100,99
122.49948979485588,32.78401541401948,2.9720144460448044e-06,-0.4281729520351647,-0.4223241282390342,-0.4087791750075056,-0.39869524697110936,0.032207489013671875,4,432,5.0,125.0,1.0,100,4,99,4
472.0027927498272,162.11499846489446,8.668567516859325e-07,0.6493523677022437,0.253550862248099,0.9421235950363138,0.8914482794274052,0.010046005249023438,78,3640,2509.0,885.0,534.0,100,99,100,99
2006.17236062621,539.3542435171897,1.1899284512273356e-06,0.15305495897349353,-0.21099733314105573,0.6947268482674349,0.6075986139022342,0.010049104690551758,63,7923,3343.0,1815.0,681.0,100,96,100,92
836.8465232336666,264.79608289633245,7.571935735910388e-07,0.7393016490695681,0.5166845805131436,0.9266884236832182,0.8776620414931076,0.010062456130981445,71,6419,4233.0,1500.0,883.0,100,99,100,99
1339.1956927380986,396.1874338726819,9.371375157392483e-07,0.40982014961035773,0.07287075444621205,0.8296043695565344,0.7571080019647851,0.0182797908782959,71,6818,3642.0,1707.0,762.0,100,99,100,99
1325.9178473536867,387.94796131653425,9.043107418345283e-07,0.44505346634495313,0.14319831152315043,0.833246164581744,0.7669576310984468,0.010034322738647461,71,6879,3725.0,1648.0,787.0,100,99,99,99
0.338501600193165,0.14433756729740643,1.4131835372349536e-06,0.8523283456859181,-0.02127659574468077,0.9602658575350383,-0.02040816326530681,0.04037928581237793,4,10,4.0,1.0,0.0,1,4,9,4
0.3227486121839514,0.14433756729740643,1.9180534128404404e-06,0.9247884675650266,0.31182795698924726,0.9722991689750693,0.47916666666666674,0.03857994079589844,4,10,7.0,1.0,1.0,1,4,3,4
0.8838834764831844,0.25,2.4014718489769036e-06,0.733885274985216,-0.06666666666666665,0.8711428767782283,0.1847826086956521,0.030341386795043945,4,11,6.0,1.0,0.0,2,4,2,4
3.5207716957129347,1.0801234497346435,1.34834053008189e-05,-3.0776699029126204,-0.5564562825709323,-1.988523066877621,-0.5277588323557492,0.030675888061523438,4,11,5.0,4.0,0.0,99,4,98,4
12.315302134607444,2.6457513110645907,1.0957464965668154e-05,-0.9495893024767381,-0.7150148872820075,-0.946578714108284,-0.6768558951965062,0.032150983810424805,4,37,5.0,7.0,0.0,100,4,80,4
15.84297951775486,3.8119876704942266,1.0183524791892702e-05,-2.8557712822701085,-1.785879220319944,-2.7694113892665015,-1.6001379284635888,0.032506465911865234,4,29,4.0,10.0,0.0,98,4,75,4
1.1902380714238083,0.3818813079129867,6.3743422457026e-06,0.01974622719423369,-0.1200000000000001,0.6297909407665507,0.002849002849002913,0.04031515121459961,4,10,8.0,2.0,0.0,1,4,24,4
12.707855182261614,3.2627953250753157,7.405446078058557e-06,-1.0042690210474858,-0.7120122844978016,-0.9966488548536865,-0.6646035572349989,0.040187835693359375,4,31,1.0,11.0,0.0,94,4,82,4
16.064323826417343,4.392227984368146,6.3839899070032315e-06,-1.0913406875568818,-0.8265050339017874,-1.0800815441670988,-0.783238329995378,0.032125234603881836,4,39,7.0,15.0,1.0,93,9,94,5
65.78698262827785,14.319276052463918,6.930598752780349e-06,-0.9682586021616009,-0.9216400911161731,-0.9146749565053978,-0.856471478113084,0.03243064880371094,4,164,2.0,46.0,0.0,98,4,95,4
15.920374786208185,3.783186487605389,9.40722696943176e-06,-0.6012119425698255,-0.5377907315651416,-0.5985557024263466,-0.505341002465078,0.03222990036010742,4,50,6.0,13.0,1.0,99,4,92,4
73.72330025168434,17.987843116949847,4.342517773145469e-06,-0.9560307604967331,-0.9278848267461794,-0.9010650579883284,-0.8665956773004488,0.03217601776123047,4,198,4.0,53.0,0.0,100,4,100,4
60.43177971895251,14.646885334432028,4.980522307239117e-06,-1.1209310415123426,-1.0068209500609013,-1.060578511507794,-0.9325489283478983,0.030093669891357422,4,171,5.0,43.0,1.0,100,4,98,4
104.53543059652071,26.028630070238684,4.3368737788091014e-06,-0.5716992359483257,-0.5725920522915855,-0.5464809092076228,-0.5433282299575435,0.03843379020690918,4,286,11.0,78.0,2.0,98,4,98,4
26.85764943797825,6.137317546507322,2.727401880536926e-07,-0.3308733087330873,0.5058309037900874,0.9997462147067395,0.9997770598799012,0.0,97,1100,1142.0,266.0,267.0,100,99,99,99
258.0431165522537,63.65687642876193,2.40277917433871e-06,-0.7690940940562907,-0.7504422854100183,-0.7175814699499055,-0.6997358623988683,0.03235292434692383,4,777,12.0,195.0,2.0,100,31,99,14
42.83523249449153,25.022846703419997,5.728502526106676e-07,0.8948021192152165,0.49885662016922017,0.9990390637573349,0.9943901273613878,0.00201416015625,93,1429,1353.0,349.0,308.0,100,99,100,99
56.84012667121705,33.57082066318904,6.138702653882058e-07,0.7223864386273647,-0.3149911322692054,0.9984998151268708,0.9916992930360795,0.010028839111328125,95,1346,1230.0,341.0,282.0,100,99,100,99
111.53993119058305,28.779151886970773,4.216609166854643e-06,-0.515815264227999,-0.4878010177708372,-0.4897697118689124,-0.459325506802269,0.038742780685424805,4,394,4.0,103.0,1.0,100,4,100,4
230.36804791463595,86.07264373771727,9.177467049516828e-07,0.6488197138999273,0.08771970331034085,0.9735350810182438,0.9392401048769426,0.008027076721191406,84,2244,1729.0,531.0,366.0,100,99,100,99
262.281953089927,65.68279201333227,2.4111853046354563e-06,-0.4911973632992921,-0.5259491603274684,-0.4641412448441129,-0.49473456196260934,0.03817558288574219,4,843,8.0,217.0,1.0,100,13,98,4
10.408329997330663,10.954451150103322,2.449557418637734e-07,0.9626522638473914,-5.666666666666667,0.9999585887597215,0.9992975501613088,0.0,97,1191,1173.0,290.0,284.0,100,99,100,99
412.09282934795164,130.26741726157005,7.992259215269881e-07,0.47058043185523635,0.042928111180873696,0.940587992075087,0.8976185353118074,0.010251760482788086,80,2898,2003.0,701.0,420.0,100,99,100,99
139.12943613772032,57.45336272916398,7.560765574324389e-07,0.7035611974341561,0.27413207075917334,0.9907013492378924,0.975108850393106,0.0022628307342529297,91,1826,1547.0,460.0,356.0,100,99,100,99
246.7789418768266,92.00418050702496,8.149340910541742e-07,0.6542207178087078,0.16319339233590513,0.9751871897612838,0.9478632990122241,0.010257720947265625,87,2375,1870.0,588.0,424.0,100,99,100,99
290.3515111033521,116.15076409563564,7.883565230890208e-07,0.7722691148901379,0.4147191489207861,0.9730785216151697,0.9346407797092993,0.010046720504760742,82,3039,2366.0,751.0,522.0,100,99,100,99
667.2125898092751,222.88526196229304,1.0883326966232928e-06,0.3726099027034375,-0.05458375654379832,0.8809117648869679,0.7891349321485148,0.010251283645629883,75,3799,2179.0,942.0,448.0,100,99,99,98
171.76128056113228,73.32035870070467,5.939589827258095e-07,0.8980556031288828,0.6783723052582009,0.9900909098037175,0.9721626733444318,0.010279655456542969,84,2825,2399.0,696.0,545.0,100,99,100,99
252.0942284146942,99.91273970598321,6.405311055080905e-07,0.8663683281605192,0.6713735928830065,0.9814791390589027,0.9554064410326459,0.010269880294799805,82,3257,2640.0,800.0,598.0,100,99,100,99
11.313708498984761,7.7781745930520225,1.2901391614590506e-07,0.875,0.6913265306122449,0.9999607157128169,0.999737588841358,0.0022368431091308594,98,1077,1093.0,294.0,283.0,100,99,100,99
1299.113337736825,379.9276716880276,1.0318605461969574e-06,0.3538537598709969,0.031650169256806415,0.811522480675553,0.7379559191193441,0.010040283203125,72,6345,3236.0,1499.0,677.0,100,99,100,99
1008.1854633803388,302.6203420600992,8.830232111228832e-07,0.5552603512871426,0.26063492105337294,0.879850288036806,0.8222609782331372,0.018090248107910156,72,5912,3572.0,1396.0,751.0,100,99,100,99
0.22821773229381923,0.10206207261596575,1.0786285164210347e-06,0.8657342657342657,-0.010526315789473939,0.9793695329262254,0.4897959183673466,0.03019261360168457,4,10,4.0,1.0,0.0,1,4,3,4
15.793260693515236,3.618528706532532,7.579422697790671e-06,-2.0451825543702165,-1.2262563648439229,-2.0083018829997337,-1.137064553970656,0.03265643119812012,4,40,8.0,10.0,1.0,96,4,74,4
0.1767766952966369,0.10206207261596575,1.7540795490569662e-06,0.9464285714285714,0.4893617021276596,0.9875513506784513,0.4897959183673466,0.04040670394897461,4,10,4.0,1.0,1.0,1,4,5,4
69.57699571937073,16.315253599009733,7.437358331958443e-06,-0.8731643613402462,-0.8392166859096428,-0.8300005229337972,-0.7819847575241337,0.04061579704284668,4,166,3.0,47.0,0.0,100,4,97,4
80.14589561127465,18.160453830599426,4.46934569679466e-06,-0.78777023999683,-0.7631819993305669,-0.7504792333719474,-0.7129832018248161,0.03848981857299805,4,204,5.0,49.0,0.0,100,4,98,4
80.19474993206641,19.164854986841583,5.050944497073691e-06,-0.6940516811935056,-0.6769721995843438,-0.6591555276071313,-0.6378547911200958,0.04036712646484375,4,227,6.0,68.0,1.0,100,4,100,4
157.0873231146719,40.18796980026071,4.603389764524148e-06,-0.6053646061720748,-0.5842597858257479,-0.5734611771439209,-0.5487873973714956,0.03841662406921387,4,482,7.0,130.0,2.0,100,4,100,4
196.08437809609754,45.711618690802595,4.099755141212744e-06,-0.8310263481706786,-0.8285801969976712,-0.7786033664986294,-0.7708263906513797,0.030202388763427734,4,536,5.0,125.0,1.0,100,4,98,4
17.67766952966369,2.1213203435596424,4.5997768337194607e-07,0.7130394857667586,0.9501385041551247,0.9999238972427988,0.9999809017153252,0.0,98,1088,1063.0,248.0,245.0,100,99,100,99
113.25482881537546,27.2542045685921,4.08547606844245e-06,-0.7985496027109138,-0.7653667648089606,-0.7533718253554469,-0.7129112837922724,0.04057502746582031,4,329,6.0,80.0,3.0,100,4,100,4
260.6729472282589,64.0779148120994,3.5331431120835918e-06,-0.7056604719168977,-0.7021906435146057,-0.6631208143822402,-0.6562283503818738,0.0384221076965332,4,777,6.0,195.0,1.0,100,4,99,4
430.18135710418693,143.79664003101925,1.508742830519039e-06,-0.27846243749610555,-1.602581463945275,0.9071940162586667,0.8224577257036756,0.010034322738647461,81,2262,1387.0,549.0,285.0,100,95,100,91
101.10859467259283,25.177494911130456,4.587426566191558e-06,-0.650409855327692,-0.6304672723482174,-0.6201922419740304,-0.5939958572609518,0.038446903228759766,4,293,8.0,82.0,0.0,100,4,100,4
38.17066936798463,22.574875414938617,5.760260974099717e-07,0.9521411458450951,0.5409753008233059,0.999277417947014,0.9959536912116962,0.0,92,1597,1526.0,388.0,352.0,100,99,100,99
449.3816306882158,143.28485614327846,1.1876014491895951e-06,0.1578912450037624,-0.7289426552538176,0.9182363396278534,0.8582711467763362,0.01007080078125,80,2637,1676.0,612.0,342.0,100,99,99,94
14.177446878757825,14.512063946937388,5.572869914036006e-07,0.9742117255819682,0.5836628182824609,0.9999013503327434,0.9983313075544386,0.0,95,1250,1224.0,301.0,285.0,100,99,99,99
14.142135623730951,19.79898987322333,1.6821831250133164e-07,0.8539079620160701,-0.08587257617728539,0.9999447292701753,0.9983135634498951,0.0,98,1121,1101.0,291.0,263.0,100,99,100,99
103.0756194904175,42.97770739968959,4.794288023969393e-07,0.8505666383676314,0.5912094194890962,0.9941698796557666,0.9830449580168605,0.010036468505859375,88,1841,1658.0,458.0,373.0,100,99,100,99
21.951967768035942,12.27010821287064,3.637481816666306e-07,0.9875864398241436,0.9246980512263195,0.9997434032538266,0.9987025087065975,0.010031938552856445,91,1615,1640.0,388.0,384.0,100,99,98,99
1113.5081467403563,326.0342882932057,1.2074708469255796e-06,0.0619285008340239,-0.46490643805069376,0.7880312527070867,0.694401967930605,0.010039567947387695,72,4824,2335.0,1163.0,476.0,100,98,100,94
88.68739789538616,48.51616412926914,5.608253605717026e-07,0.9262446048562377,0.6587614809702842,0.9964097751202187,0.984086674986642,0.0020189285278320312,89,2101,1875.0,562.0,441.0,100,99,100,99
1444.3912645124935,393.4311804496436,1.1860438072123801e-06,0.029127152791373123,-0.4445432902406148,0.7340463054424351,0.6498218362663906,0.012071609497070312,68,5830,2570.0,1347.0,524.0,100,96,99,92
533.1500300529435,180.69059441235703,9.162479563268422e-07,0.5503602917401352,0.1515316760000638,0.923069557673614,0.8609581203489118,0.010048389434814453,78,3645,2358.0,902.0,503.0,100,99,100,99
99.39064342280918,59.321159799855565,6.381126137581492e-07,0.9323695719364893,0.6620074543839194,0.995571643700217,0.9778231303899259,0.0,88,2236,1994.0,581.0,475.0,100,99,100,99
1514.7866908413212,427.0020491754109,1.043597710216645e-06,0.38479285823841125,0.06995690014857048,0.7977132840750277,0.7256090256666847,0.012070178985595703,68,7247,3624.0,1682.0,742.0,100,99,100,97
756.7815624956341,257.0787816993071,8.687173949930177e-07,0.6269178314329561,0.31573771623930347,0.9116894085012839,0.8467064038046379,0.010052680969238281,76,5050,3256.0,1238.0,708.0,100,99,99,99
2255.7355305495776,612.3102905324162,1.2204233283345932e-06,0.28528362909075866,-0.07248568885682682,0.7443161813190091,0.6640018832347765,0.010052919387817383,63,9512,4410.0,2115.0,902.0,100,96,99,91
912.0577174718715,306.4058093444052,8.387764145484436e-07,0.6449149991039309,0.3733117746586553,0.9064985436779428,0.8412166208325138,0.010061502456665039,75,6148,3874.0,1619.0,845.0,100,99,100,99
1.590990257669732,0.44487826050130463,9.566069683542373e-06,0.40049342105263164,-0.09615384615384648,0.5753158915744769,0.08477842003853553,0.040174007415771484,4,10,9.0,2.0,1.0,1,4,4,4
0.8354140689901426,0.28867513459481287,4.044035810445714e-06,0.5987773688478574,-0.09090909090909127,0.8299319727891156,0.02319902319902334,0.0401911735534668,4,10,6.0,1.0,0.0,1,4,4,4
1.4505745987941008,0.27003086243366087,2.9839410116635306e-06,0.2849293853018178,-0.07865168539325862,0.5097563343364722,0.048913043478260754,0.04019570350646973,4,10,5.0,1.0,0.0,1,4,4,4
7.927404997853963,1.9605483926697653,9.13663396581932e-06,-1.851190358978399,-0.7891812717814031,-1.8129152581886006,-0.7344300822561691,0.03216433525085449,4,22,3.0,7.0,0.0,100,4,100,4
13.629777449882788,3.2451887464367926,1.1811595581992637e-05,-1.0084487776723274,-0.8474540782335584,-1.0049465992130409,-0.7971416382252561,0.04221606254577637,4,41,5.0,11.0,0.0,99,4,98,4
14.551274285550848,3.701069665200409,8.606056941326065e-06,-1.9617208831470805,-1.149278125851267,-1.9329393312834835,-1.0682929898236835,0.04020285606384277,4,29,3.0,10.0,1.0,81,4,81,4
33.67197771639399,7.922147225763143,6.6522663435500516e-06,-1.8138054497634188,-1.4359838274932613,-1.7176084147113642,-1.3226318792308525,0.040174007415771484,4,78,5.0,22.0,1.0,100,4,100,4
63.085672567813155,14.78033603587325,7.61338976763673e-06,-0.634064447651481,-0.6413239755135782,-0.6059865992988591,-0.6002673725383068,0.04016280174255371,4,160,4.0,46.0,1.0,100,4,100,4
2.1213203435596424,2.1213203435596424,1.70824991566793e-07,0.9591836734693877,0.955,0.9999988697414779,0.9999795806778761,0.0,98,1064,1067.0,256.0,256.0,100,99,99,98
84.92012178119703,20.545427309582376,3.7180166180420956e-06,-0.9858933929483218,-0.9374317701900472,-0.9317885654810241,-0.8719707454622392,0.030120849609375,4,240,7.0,62.0,1.0,100,4,99,4
34.494305948332155,21.387579840378656,5.774006494540545e-07,0.9208727705048411,0.5102263788130408,0.9993534054157918,0.9958383250903923,0.0020225048065185547,93,1396,1327.0,337.0,302.0,100,99,100,99
14.2536545021502,19.578900207451216,5.615432898090802e-07,0.9752038377434611,0.3320749237694206,0.9998888483486771,0.996630466942859,0.010048151016235352,94,1307,1280.0,337.0,297.0,100,99,100,99
951.116627969462,271.93763991032944,1.22972834276842e-06,0.012002356295008898,-0.570967281428659,0.8032645149144471,0.7250854854959051,0.010048627853393555,75,4046,2051.0,965.0,418.0,100,99,100,94
1.2541597452743676,0.3818813079129867,2.6471951172653574e-06,0.18799014116065393,-0.17073170731707288,0.6108648592928564,-0.0980392156862746,0.04036664962768555,4,10,5.0,1.0,0.0,1,4,4,4
208.60576354294082,54.149292085246444,3.86713930045255e-06,-0.4352847514284133,-0.4375869808916546,-0.4142574854267771,-0.41325692898103505,0.040387630462646484,4,692,4.0,178.0,0.0,100,4,99,4
1322.7109381140128,374.55263638019534,1.2617174810812842e-06,0.012379215715816128,-0.4440039761676713,0.7415280701567941,0.6420231716593889,0.011000394821166992,69,5451,2407.0,1285.0,490.0,100,96,100,91
50.99652765957045,13.335807062191623,5.268090572747782e-06,-0.6061873681268917,-0.5352726945730857,-0.5813759165078718,-0.5049570232649978,0.03216123580932617,4,170,5.0,45.0,1.0,100,4,100,4
1534.5904892501353,442.9234491626988,1.1410201415503642e-06,0.4167184112909541,0.07993381782735576,0.8056585924299083,0.7256402385169792,0.012100696563720703,67,7574,3773.0,1792.0,771.0,100,99,100,95
0.6692657668420421,0.22821773229381923,7.679386104249271e-06,0.2997455470737913,-0.05494505494505453,0.812153248001398,0.11347517730496459,0.03216099739074707,4,10,2.0,1.0,0.0,1,4,3,4
9.100137361600648,2.406588179698942,1.592912279306137e-05,-2.0322293560485662,-1.1221374045801529,-2.001540413193186,-1.0487121854158228,0.032202720642089844,4,20,1.0,7.0,0.0,94,4,81,4
4.208127057650866,1.1636866703140785,1.595941769848074e-05,-2.1657969777501895,-0.7105263157894737,-1.5796661608497726,-0.672886372410243,0.032134294509887695,4,11,5.0,4.0,0.0,66,4,66,4
0.5303300858899106,0.25,5.67791752596659e-06,0.32217573221757334,-0.02857142857142847,0.8808683374514649,-0.027397260273972934,0.03217267990112305,4,10,3.0,2.0,0.0,1,4,22,4
2.1237741562291097,0.5204164998665332,3.558694084230804e-06,0.11086393873927791,-0.19083969465648876,0.35583689135512264,-0.15095174856130988,0.04020881652832031,4,10,5.0,2.0,0.0,1,4,18,4
13.006408676751114,2.9738443133425796,7.24315648149888e-06,-3.452568086273076,-1.8960665174288454,-3.3714787926750818,-1.7555093959949368,0.04020428657531738,4,28,7.0,8.0,0.0,99,4,68,4
4.743416490252569,1.3654974673478282,1.0484052419104488e-05,-3.1146122708151447,-1.0350544765513976,-2.6578550744271907,-0.9532955041466604,0.03213191032409668,4,12,6.0,4.0,1.0,96,4,94,4
42.679766869091495,10.008329864001619,9.09698772732622e-06,-1.1893782903398415,-1.0333078564867946,-1.1312915575649818,-0.9576387814431475,0.032407522201538086,4,105,5.0,29.0,1.0,100,4,95,4
2.8795254238618324,0.8720187306856813,5.2059347311587106e-06,-0.4100974313551815,-0.35603715170278605,-0.16469624253774984,-0.33333333333333304,0.04020190238952637,4,10,6.0,3.0,1.0,1,4,11,4
0.5204164998665332,0.2041241452319315,2.3252338980264974e-06,0.7196450634617544,0.15604395604395627,0.9067264573991032,0.2907801418439717,0.03217148780822754,4,10,3.0,1.0,1.0,1,4,4,4
31.34153261515248,7.211102550927978,6.2017061457503924e-06,-1.1494883069574153,-0.9112096606952003,-1.1003274996347256,-0.8498549242382134,0.032431602478027344,4,81,5.0,23.0,0.0,97,4,97,4
83.63393699131153,18.98244803320513,6.918671004954209e-06,-0.686906825624934,-0.7073695153570774,-0.6525329084116513,-0.6621787072754917,0.03817486763000488,4,233,7.0,55.0,1.0,99,4,97,4
45.73474244670748,10.101051925418462,4.302940762398439e-06,-0.9245053359977382,-1.0154364185451357,-0.8796959048933781,-0.9464686349283311,0.032157182693481445,4,137,6.0,29.0,1.0,99,4,99,5
88.83329424639541,21.5788283586791,4.699135387984699e-06,-0.6980698055142571,-0.6905786915934975,-0.6621981255384917,-0.6494162176482587,0.040175676345825195,4,267,5.0,65.0,0.0,100,4,100,4
122.19515640973664,27.984742867021904,4.599933668638996e-06,-0.667229626153619,-0.7070140040731985,-0.6316764087831708,-0.6600649302616839,0.03815579414367676,4,350,6.0,83.0,1.0,100,4,99,4
101.85774393731681,46.00362304572688,9.702567123381336e-07,0.6904738029789099,-0.32545243407575586,0.9932853346799885,0.9756173656892824,0.0,88,1590,1386.0,372.0,289.0,100,99,97,97
158.41585568791191,39.92388591641183,4.2469542178781805e-06,-0.5924306682037797,-0.5783089448784247,-0.5614606011151733,-0.5440384350697809,0.030361175537109375,4,483,4.0,123.0,0.0,100,4,97,4
49.81361092445852,11.407691119006802,3.619671006936848e-06,-0.7862884920078221,-0.7536598917970465,-0.7574564857731492,-0.7054382087506605,0.03235960006713867,4,140,8.0,35.0,1.0,100,4,100,4
35.697805721547276,20.83266665599966,6.237067313361601e-07,0.9459601380039684,0.6398524741317488,0.9992354228883804,0.9956098300647941,0.0020160675048828125,91,1525,1439.0,363.0,322.0,100,99,100,99
71.06726078550908,36.14938143008505,6.400614781319176e-07,0.8830072118313156,0.5488338192419826,0.9972748492174162,0.9885086418462384,0.010030269622802734,91,1637,1511.0,400.0,343.0,100,99,99,99
124.72187239833058,70.42984904402135,1.0891231307944287e-06,0.7461022092449492,0.0056064732897274094,0.991293499674988,0.9579139547704595,0.01004481315612793,89,1781,1504.0,479.0,328.0,100,99,100,99
24.827979608267995,17.050345618616817,3.205888417269984e-07,0.9770959777488618,0.8479462875197472,0.9996483403566977,0.9976567281541199,0.0,93,1498,1496.0,410.0,370.0,100,99,100,99
0.22821773229381923,0.0,6.942582417261761e-07,0.11111111111111116,1.0,0.9781124146384171,1.0,0.032167673110961914,4,10,1.0,2.0,0.0,1,4,2,4
172.29647971759877,78.37827406975639,8.057633246579958e-07,0.7904413951495839,0.35549829096015373,0.987426666179301,0.96107412449157,0.008057117462158203,87,2302,1910.0,597.0,434.0,100,99,100,99
1597.4964690884296,447.22910795251244,1.3264294986014222e-06,0.15314792549395506,-0.31015798200181455,0.7566119431647148,0.6686276163820113,0.010055780410766602,68,6667,3071.0,1543.0,628.0,100,96,100,92
1720.638666122216,475.61915504441293,1.2694806639133344e-06,0.0014685315442705127,-0.447393934911684,0.7108451004390264,0.6219913320132591,0.010032415390014648,69,6677,2831.0,1541.0,577.0,100,98,100,94
2264.7155301345097,608.306288427582,1.3207474765360526e-06,0.13065376686851704,-0.24881318379840156,0.6899097059468303,0.6008326876122807,0.020090103149414062,63,8655,3665.0,1973.0,748.0,100,95,100,90
305.6557230817568,135.1157398599243,7.988356315722815e-07,0.8660957872079539,0.6300159131346967,0.977024043155282,0.936361006398426,0.010051965713500977,81,3762,2949.0,974.0,668.0,100,99,100,99
910.7617690702657,291.002362533365,9.407530374110344e-07,0.5197873016146557,0.18760027781155109,0.8810545592658534,0.8163003485834335,0.01807880401611328,76,5376,3184.0,1293.0,694.0,100,99,99,99
9.073197709003518,2.1262251370288454,1.0232889812258335e-05,-3.133458277943644,-1.13017025410297,-3.081727516411096,-1.056872037914692,0.032135009765625,4,28,6.0,9.0,1.0,100,4,95,4
0.3679900360969936,0.14433756729740643,1.0729272634083508e-06,0.8984375,-0.02127659574468077,0.9616338094675954,0.3127147766323026,0.030219316482543945,4,10,7.0,1.0,0.0,1,4,4,4
8.146446055387178,1.9039432764659772,8.693186939902499e-06,-2.202580428954424,-1.162050220036241,-2.1808718314851894,-1.08695652173913,0.03214097023010254,4,20,6.0,5.0,0.0,98,4,66,4
1.0458250331675945,0.25,2.4342000183843223e-06,0.763157894736842,0.10973724884080405,0.8376020786933928,0.2949471210340774,0.040582895278930664,4,10,7.0,2.0,1.0,1,4,7,4
18.825127268272762,4.222953153106642,6.678630715925014e-06,-1.7430414351764365,-1.4994221059675166,-1.7090687431867173,-1.408689290337104,0.04016613960266113,4,35,5.0,10.0,0.0,72,4,68,4
0.30618621784789724,0.10206207261596575,1.2678149794499022e-06,0.7497103128621089,-0.010526315789473939,0.9704830933718146,0.4897959183673466,0.040624380111694336,4,10,4.0,1.0,0.0,1,4,3,4
164.06512299490507,38.70844546090685,6.781065772489728e-06,-0.7331287853221746,-0.7166642942788575,-0.6894130030433487,-0.6688248081427506,0.04036593437194824,4,467,3.0,122.0,0.0,100,4,99,4
40.773766075750224,12.95505049520585,7.229475503665967e-07,0.4509426173111325,0.5963658227002472,0.9990017890741786,0.998301666410989,0.0,94,1184,1237.0,287.0,276.0,100,99,98,99
30.503187447288923,22.691163233490013,7.369112878630464e-07,0.9485011445556732,0.5042789901583227,0.999388398107544,0.9943289664498522,0.0,91,1432,1367.0,347.0,301.0,100,99,100,99
83.63666007852602,56.09569745289983,9.601774519939332e-07,0.8710604320724543,0.30091985678876343,0.9963986307954299,0.9743044555594504,0.002025127410888672,89,1842,1632.0,470.0,357.0,100,99,99,99
89.39736511155621,36.9293620006869,6.927616209219059e-07,0.8474183283835384,0.5852537676556059,0.995877338053415,0.9887092744038285,0.002023458480834961,91,1736,1554.0,423.0,356.0,100,99,100,99
91.59137059061113,24.743686063317245,3.5502368760557876e-06,-0.4323863909639092,-0.4633002481582631,-0.4121389819477099,-0.437487771473293,0.04018378257751465,4,335,6.0,85.0,1.0,100,4,99,4
211.02934538917714,88.567662096449,9.426246634830225e-07,0.6835334626143006,0.18186289696474478,0.9797234957119143,0.9457104982224906,0.010032176971435547,87,2199,1761.0,578.0,393.0,100,99,100,99
921.1659417866534,277.96423400253383,1.232289404984577e-06,0.23449254837079592,-0.2499245159201231,0.8369115503327096,0.7526182489448319,0.010032892227172852,74,4488,2349.0,1077.0,480.0,100,99,100,95
0.6123724356957945,0.25,1.8737392687392587e-06,0.6661514683153014,0.07544141252006409,0.8558616271620756,0.07834101382488456,0.030591726303100586,4,10,5.0,1.0,1.0,1,4,5,4
479.688203656576,170.46100593817502,9.06400486174199e-07,0.7238313471322403,0.3866937569393748,0.9509291569283378,0.9018344048423113,0.010050058364868164,78,4080,2844.0,1013.0,602.0,100,99,100,99
972.3218774322283,293.55493523359473,1.1364802211426545e-06,0.2956329528894672,-0.17637543214216245,0.848743714165632,0.7765039756052966,0.01003408432006836,76,4876,2664.0,1139.0,553.0,100,99,100,98
294.15192153235455,116.6697198480041,8.6573521426811e-07,0.8086546265727564,0.5165510915220943,0.9735650680366607,0.9392048862119666,0.010033369064331055,83,3161,2465.0,815.0,557.0,100,99,100,99
42.923187206916495,37.103908149950996,3.682892855756101e-07,0.9790677871263028,0.7281081326615857,0.9991768954925745,0.9907859878936568,0.010038614273071289,90,1981,1928.0,491.0,466.0,100,99,99,99
1823.6969276365435,528.8993135474537,1.1439461415609977e-06,0.38699213654153153,0.07006114896875537,0.7942539128596919,0.7177349258794989,0.010032176971435547,69,8622,4305.0,2061.0,887.0,100,99,99,97
0.0,0.0,9.999999999999994e-08,1.0,1.0,1.0,1.0,0.032169342041015625,4,10,0.0,0.0,0.0,1,4,1,4
11.479601473918857,2.516611478423583,1.3282329607300405e-05,-2.009396186020695,-1.408020132843764,-1.9964471814306015,-1.326738356741036,0.03230738639831543,4,24,5.0,7.0,1.0,85,4,54,4
15.57308040605112,3.6414855027401476,1.0733764836370465e-05,-1.2970958860183823,-0.9349261387925711,-1.273430779100686,-0.8651741366426859,0.032221078872680664,4,39,3.0,13.0,0.0,100,4,96,4
21.199941037653854,4.8423048919565845,8.690633040845362e-06,-1.0380125763882737,-0.869229371923846,-1.0169420137351755,-0.8220966658302236,0.040169715881347656,4,63,6.0,17.0,0.0,99,4,99,4
0.5400617248673217,0.2041241452319315,3.607904914698149e-06,0.6484896037661828,0.1560439560439565,0.8991209107940625,0.1578947368421053,0.04015660285949707,4,10,5.0,1.0,1.0,1,4,5,4
0.6922186552431729,0.2041241452319315,2.651453876979403e-06,0.7578416319368282,0.1560439560439565,0.8959276018099548,0.2907801418439717,0.04019665718078613,4,10,6.0,1.0,1.0,1,4,2,4
18.22315377022686,3.8527587518556103,9.327935470124141e-06,-1.2294112290797838,-0.9918752457082951,-1.2057109093437597,-0.9158633485257937,0.040177106857299805,4,40,4.0,9.0,0.0,100,4,75,4
15.0568367638536,3.7165171868296265,1.1734100739041344e-05,-1.0652569086741335,-0.8264462809917354,-1.0621350355453938,-0.7770272986772804,0.040174007415771484,4,37,7.0,11.0,0.0,98,4,92,4
1.1636866703140785,0.46770717334674267,2.871507347964196e-06,0.8588426910374158,0.43984440122256163,0.8818009892347977,0.4580645161290322,0.04016304016113281,4,10,10.0,3.0,2.0,1,4,11,4
5.043560250458004,1.547847968417226,6.66402920695833e-06,-2.6625994031902764,-0.8181818181818181,-2.4331023041992945,-0.7829457364341086,0.040169477462768555,4,12,5.0,5.0,1.0,70,8,54,4
27.441604666394177,6.892024376045111,5.967569008788175e-06,-0.7745489431893813,-0.608187886424669,-0.7609157190446447,-0.5699722156232891,0.04017019271850586,4,73,8.0,22.0,1.0,100,4,96,4
226.49455015518586,54.01581558519073,4.109371081222117e-06,-0.8191604422525158,-0.7704290236692561,-0.7689776781601294,-0.7203178380868296,0.03818202018737793,4,635,10.0,169.0,1.0,100,4,98,4
282.5837633929687,67.15808464610447,4.671610074960135e-06,-0.7986732048605045,-0.8141139504553105,-0.7474688232963214,-0.7575093359311575,0.038205862045288086,4,761,5.0,201.0,1.0,100,4,100,4
130.65607684553623,31.328401650898183,5.5113447099521e-06,-0.7572289137046557,-0.7461281088832075,-0.7123089759072332,-0.6955237352808437,0.03818702697753906,4,381,5.0,104.0,1.0,100,4,100,4
1.8171635406130437,0.5773502691896257,4.749255712026755e-06,-0.528938906752412,-0.3426573426573425,0.10134656272147424,-0.32450331125827847,0.03817486763000488,4,10,4.0,2.0,0.0,1,4,52,4
249.79364400107008,60.7050588226934,7.719332182362587e-06,-0.6171642863527997,-0.6385270223954103,-0.5823796239323791,-0.5992169772226965,0.03815031051635742,4,743,10.0,180.0,2.0,100,4,99,4
175.37501484913219,43.733211064361605,3.509202154751259e-06,-0.6939985545390654,-0.6634188103877043,-0.6533269749476909,-0.6226075775417728,0.0382084846496582,4,540,8.0,143.0,2.0,100,4,98,4
81.19225220537868,31.542179552293003,6.749085708744275e-07,0.8004368276207156,0.1561238223418573,0.9961334561461783,0.9899095148839773,0.0,89,1606,1472.0,382.0,316.0,100,99,100,99
224.89827765929567,89.44798028167315,1.061897638937268e-06,0.7557016217680442,0.2751452987166063,0.978897079376642,0.9454540198914771,0.008265018463134766,83,2550,1967.0,643.0,415.0,100,99,100,99
747.6616324693053,233.44137379650593,1.3219758949972638e-06,0.16579938849310605,-0.4513905589428786,0.8597381395231738,0.7712017675716891,0.01004481315612793,76,3766,2033.0,915.0,416.0,100,97,100,93
162.47703134377397,80.70802757028396,9.622679614683946e-07,0.8255969015330509,0.3464687767462623,0.9881562924379886,0.956397677508496,0.002020120620727539,86,2308,1903.0,583.0,421.0,100,99,100,99
826.7551725780827,268.67502532012395,1.376525042289562e-06,0.2897247151128709,-0.24126705298342999,0.8519625371215904,0.7520571764717094,0.012075662612915039,74,4301,2269.0,1060.0,464.0,100,99,99,95
1788.3670418766358,482.1957742513743,1.5866112671551994e-06,-0.1932430607015896,-0.7459882410896479,0.6436772914349389,0.5402603074210284,0.020089387893676758,66,6186,2420.0,1425.0,494.0,100,92,100,87
825.2109063748492,261.3603642482923,1.1150366123280802e-06,0.40677038158692,-0.05825207222034945,0.881746799211436,0.8074635576829223,0.010032176971435547,75,4663,2686.0,1147.0,553.0,100,99,100,97
317.0684919247395,123.97522794033146,9.418031266284728e-07,0.6777089221444106,0.3033581118815625,0.9668137286947125,0.9277676134091571,0.002013683319091797,86,2822,2139.0,721.0,492.0,100,99,100,99
881.1947176616429,284.24652496824257,1.0976024617293447e-06,0.43114424176251576,0.01586895828822288,0.876874027476096,0.803643555488528,0.012067317962646484,77,4877,2849.0,1218.0,607.0,100,99,100,99
1281.8138654712259,399.80057528722995,1.2125648877839134e-06,0.3757136745817916,-0.0021846137447942837,0.8219512388331645,0.7317048976829615,0.010065793991088867,72,6291,3281.0,1571.0,679.0,100,99,100,98
614.9028184928707,217.187761647667,9.858272287777847e-07,0.6102558460145293,0.2699474354598286,0.9236562146770073,0.8591587396132341,0.010045766830444336,79,4269,2792.0,1077.0,612.0,100,99,100,99
2531.9444218930944,673.3084153805165,1.446422029341482e-06,0.032738115786027255,-0.3634319423620018,0.6483564342340495,0.5592903600268244,0.018077850341796875,64,9221,3588.0,2045.0,732.0,100,95,98,91
1788.7864321936254,526.6832381359154,1.1462964057186271e-06,0.3354313737295376,0.008254955520248908,0.7774884574421707,0.6956774830120939,0.010050058364868164,70,8194,3977.0,1980.0,833.0,100,99,100,99
2.6983791431153628,0.7359800721939872,1.8493629817669535e-05,-1.5723157128071459,-0.5464684014869889,-0.7083781405807019,-0.5133876600698486,0.03012871742248535,4,10,6.0,2.0,0.0,1,4,27,4
0.5496210815947049,0.10206207261596575,1.351357802652321e-06,0.01136363636363591,-0.010526315789473939,0.8925089884725157,-0.010101010101010388,0.03014349937438965,4,10,5.0,1.0,0.0,1,4,6,4
7.925433742073679,1.8596594670351165,2.311074575365419e-05,-0.6952686635350898,-0.4572055596196052,-0.6797639973368912,-0.4310344827586208,0.03717780113220215,4,20,2.0,7.0,0.0,99,4,85,4
0.10206207261596575,0.0,9.999999999999994e-08,0.8961038961038961,1.0,0.9949433656957929,1.0,0.04019761085510254,4,10,2.0,0.0,0.0,1,4,1,4
15.78732350125674,3.872983346207417,8.484890356827969e-06,-0.8147194245968417,-0.5697674418604652,-0.8056873075132196,-0.5347885402455659,0.04066634178161621,4,47,3.0,13.0,0.0,100,4,98,4
47.531130149969435,11.463256518110375,6.6121145970808155e-06,-0.8530976419109504,-0.7520858681797864,-0.8233152047627261,-0.7071035263900751,0.03815960884094238,4,115,9.0,32.0,0.0,97,4,100,4
7.182878949279321,2.1530017804606354,8.477326894943034e-06,-3.422362559175588,-1.4814126394052045,-3.3642227136953595,-1.3421052631578942,0.04015827178955078,4,22,4.0,6.0,1.0,99,4,98,4
42.86108860804479,10.36621113682976,6.0725164063719985e-06,-1.155525907807386,-0.9683423038089405,-1.1001409469788808,-0.894944121558571,0.04040646553039551,4,111,4.0,28.0,0.0,99,4,99,4
141.72905488995542,32.87317802302256,5.386888065763347e-06,-0.8112999839224242,-0.8083288681475889,-0.7621099966985863,-0.7540783564531641,0.04026913642883301,4,357,5.0,86.0,1.0,100,8,96,4
170.7212030377793,42.91427986890456,6.197438083805007e-06,-0.6530520535279427,-0.6551856498211845,-0.6155966633155716,-0.6129147030982354,0.04018735885620117,4,493,4.0,125.0,1.0,100,4,100,4
198.278003486687,47.4438264336538,4.059155151086511e-06,-0.7081571649745793,-0.7019103991092237,-0.6673287766471654,-0.6583299176184045,0.04019331932067871,4,563,8.0,137.0,1.0,100,4,99,4
148.7303558457385,35.80168175751897,5.413468664529057e-06,-0.5737859090553279,-0.5966757818102,-0.5448884482695868,-0.5618954825122136,0.040201425552368164,4,441,7.0,109.0,1.0,100,4,98,5
0.0,0.0,7.129158451569596e-07,,,1.0,1.0,0.008035421371459961,99,1048,1048.0,254.0,254.0,100,99,100,99
295.639402397583,74.53152297294525,2.8769095016654494e-06,-0.4941944658929991,-0.5045926100610127,-0.4671242697272717,-0.4757164769185793,0.03816413879394531,4,968,8.0,231.0,1.0,100,17,100,4
281.2172203119859,70.5470439966599,2.6296983568979006e-06,-0.5045668769891272,-0.5279408754828971,-0.47732438476107397,-0.4977434522371995,0.03816795349121094,4,896,7.0,213.0,1.0,100,4,99,5
306.26926810134466,74.7710394025209,2.572060853589288e-06,-0.4869948417544927,-0.5155306841767573,-0.4571505808925762,-0.4835218477192358,0.03817439079284668,4,985,29.0,235.0,6.0,100,34,99,34
191.6049810156302,49.74193820778063,3.938016011047634e-06,-0.4988085091604211,-0.47867629755349816,-0.4730110739231175,-0.45136746728375554,0.040203094482421875,4,670,5.0,186.0,2.0,100,4,100,4
14.142135623730951,14.142135623730951,5.637623723195716e-07,0.7256515775034293,-0.28,0.99994597379857,0.9991717605292169,0.0,98,1079,1099.0,284.0,284.0,100,99,99,98
1.729041160103869,0.60380736442456,3.4372041641703343e-06,0.09957841759534602,-0.12037345781927278,0.46076957763414983,-0.11500477859190839,0.03033137321472168,4,10,4.0,3.0,0.0,1,4,12,4
21.122657661067812,13.32916601542147,3.8487677591130124e-07,0.9765737121521498,0.7747649399584463,0.9997814133225028,0.9986871245989203,0.0,94,1459,1439.0,367.0,348.0,100,99,100,99
1167.2659080089677,331.5804075434293,1.5834757135392445e-06,-0.11434311579890566,-0.7073287429578365,0.7444751523264808,0.6356377127825132,0.0183258056640625,70,4664,2087.0,1077.0,427.0,100,92,100,87
85.40023419171636,44.913249715423625,8.674148055713774e-07,0.8740184139158073,0.44227095147381257,0.9960863805444625,0.983183348874341,0.0,90,1773,1589.0,437.0,361.0,100,99,100,99
0.22821773229381923,0.0,9.999999999999994e-08,0.6657381615598887,1.0,0.9665305576009103,1.0,0.030358552932739258,4,10,2.0,0.0,0.0,1,4,1,4
1884.4215044012844,523.7888708726065,1.3614504906995363e-06,0.06044776977487054,-0.35647121535181236,0.707504181804167,0.6153247478668482,0.010040283203125,68,7427,3098.0,1724.0,632.0,100,97,100,93
1043.2232595330538,336.17989689587785,1.0282095958433618e-06,0.6212895918833978,0.3191763513352387,0.8975525882138333,0.8340346996366834,0.018111705780029297,74,6613,4059.0,1589.0,857.0,100,99,99,99
3307.9495843166883,820.9963604118618,1.706947117117049e-06,-0.118765386907274,-0.5074227084267791,0.5456340250089002,0.4613362916198471,0.01827096939086914,58,10214,3725.0,2178.0,761.0,100,90,96,86
978.5870199198207,337.2706353679215,9.478398163843668e-07,0.7356555810581309,0.4968828453522752,0.9181595801195455,0.854587230507355,0.01004934310913086,73,7284,4691.0,1818.0,1009.0,100,99,100,99
1.203294089849471,0.39528470752104744,1.2427800726079956e-05,-0.07137695704536351,-0.18518518518518512,0.5839693514112118,-0.11607142857142883,0.040033578872680664,4,10,4.0,1.0,0.0,1,4,3,4
0.816496580927726,0.2041241452319315,2.8453538290510964e-06,0.7025417574437183,0.1560439560439565,0.8270784361406068,0.2907801418439717,0.04030489921569824,4,10,5.0,1.0,1.0,1,4,4,4
16.408839081421938,4.401704215414752,1.2708610318931514e-05,-0.5841966455794392,-0.4422797324803722,-0.5832569717699059,-0.4212034383954153,0.0322108268737793,4,56,9.0,15.0,0.0,100,4,97,4
0.8477912478906585,0.47871355387816905,5.780599163428995e-06,0.5389434119858008,-0.1022964509394575,0.7917672621921777,-0.060240963855421104,0.04036736488342285,4,10,4.0,3.0,0.0,1,4,9,4
0.28867513459481287,0.10206207261596575,7.033925306072738e-07,0.6182902584493044,-0.010526315789473939,0.9556639326091776,-0.010101010101010388,0.04023241996765137,4,10,2.0,1.0,0.0,1,4,6,4
39.610078683755894,10.259142264341596,5.906394895917487e-06,-1.193556706309264,-0.9473249938266772,-1.134667441431993,-0.8806676891463285,0.040596961975097656,4,106,6.0,32.0,1.0,100,4,100,4
53.90008116877005,12.427707619133411,8.532606321051291e-06,-0.8092744851816112,-0.7773049592256431,-0.7730718961228988,-0.7266798649120765,0.040381431579589844,4,142,3.0,40.0,0.0,100,4,97,4
195.82855490624104,49.490318918619494,5.4036205121705155e-06,-0.6092046994111944,-0.6023316169757764,-0.5755729901797568,-0.5652297093023104,0.03882765769958496,4,620,5.0,156.0,1.0,100,4,100,5
182.67155178990882,44.03242176699649,7.034864028268543e-06,-0.7383247781460363,-0.7640988864005336,-0.6939882732040543,-0.7117801152087886,0.030325651168823242,4,517,3.0,139.0,0.0,100,4,100,4
146.66905774566087,35.5189210140173,6.467902087433882e-06,-0.49799651433147485,-0.5382751327105446,-0.4740629121063469,-0.5065912199665725,0.030173778533935547,4,410,5.0,104.0,1.0,100,4,99,5
0.5590169943749475,0.22821773229381923,2.1528645738805783e-06,0.08045977011494254,-0.05494505494505453,0.8068379370291674,-0.05263157894736881,0.03233599662780762,4,10,1.0,1.0,0.0,1,4,8,4
275.00547343037863,67.64752397538287,4.768532621529866e-06,-0.4861870071332346,-0.4934741733147239,-0.4610937884251365,-0.4656353655451013,0.03260946273803711,4,878,8.0,221.0,1.0,100,4,100,4
0.7839536550927825,0.5,3.6780952804728293e-06,0.6493096402699524,0.052631578947368474,0.8428175618073317,0.0808119494446573,0.03215169906616211,4,10,4.0,3.0,2.0,1,4,15,4
139.5805472358762,34.827102712303436,4.025697512619532e-06,-0.49020223049088574,-0.5039814350387808,-0.46438473624081555,-0.4748292605942912,0.032171010971069336,4,422,6.0,115.0,1.0,100,16,96,4
23.281564595189902,6.215739430403004,4.670481873505807e-06,-0.5628961711021143,-0.45567529557979447,-0.5534115646542821,-0.4327378078223083,0.032347917556762695,4,84,6.0,27.0,1.0,99,4,99,4
41.11933851608024,28.442925306655784,8.16311255545884e-07,0.8366275789034298,-1.1827109864018994,0.9991956869449758,0.9938616806132723,0.002015829086303711,95,1296,1245.0,318.0,289.0,100,99,99,99
0.0,0.0,3.10064210592177e-07,,,1.0,1.0,0.0,99,1021,1021.0,269.0,260.0,100,99,99,99
260.04759179811685,68.199004147177,4.4830272212108854e-06,-0.4148354115848414,-0.4105037152242321,-0.39362961561981713,-0.38771719269299143,0.032169342041015625,4,913,3.0,236.0,0.0,100,4,100,4
33.51616525399845,28.959742171964628,2.7592076707737103e-07,0.8281313749490005,0.10927543072928969,0.9995705406586879,0.9953807567319228,0.010032176971435547,97,1232,1175.0,340.0,290.0,100,99,100,99
166.42235426768846,84.21203397773186,8.219503716547549e-07,0.8711598366543027,0.5359334728186801,0.9886453966203416,0.956787647280088,0.010036468505859375,85,2539,2090.0,677.0,467.0,100,99,100,99
1840.5183640716136,509.22097364503753,1.4049055587089072e-06,0.12621733221135767,-0.28091023478653665,0.719569442299334,0.6279374825463719,0.010031461715698242,67,7300,3156.0,1638.0,645.0,100,96,99,91
2352.6101774537196,665.810739757531,1.3040709597461275e-06,0.3561832716383426,0.049721216344723596,0.7508269646116554,0.6686158811300797,0.012079000473022461,66,10308,4744.0,2396.0,972.0,100,99,100,95
3009.4089720593165,812.4409551195431,1.4306309707119636e-06,0.1011790738376308,-0.21757959914965364,0.6373139346663182,0.5505092304757494,0.020382165908813477,64,10880,4232.0,2477.0,864.0,100,98,100,94
10.971079406026252,2.4345601929985903,1.0372382091253629e-05,-2.3689683658098066,-1.151991490367569,-2.335739030023095,-1.057196572544199,0.03837084770202637,4,21,5.0,5.0,0.0,64,4,59,4
0.8720187306856813,0.3227486121839514,5.541495779498284e-06,0.5426781519185591,0.046673286991062435,0.7957699194270367,0.11971830985915488,0.03878068923950195,4,10,5.0,2.0,1.0,1,4,7,4
3.6614546289692025,0.8416254115301732,9.64611432002861e-06,-0.9927741935483874,-0.4194390084801043,-0.6736238442632541,-0.3948717948717948,0.03816866874694824,4,10,7.0,4.0,1.0,1,4,17,4
0.30618621784789724,0.0,1.3210428229597002e-06,0.8754145638067773,1.0,0.9669555000734322,1.0,0.0387272834777832,4,10,5.0,1.0,1.0,1,4,5,4
2.0615528128088303,0.5496210815947049,6.824146145805837e-06,-0.3801268498942918,-0.2631578947368418,0.08928571428571441,-0.24784853700516374,0.030338287353515625,4,10,5.0,2.0,1.0,1,4,33,4
2.066599461272874,0.8477912478906585,7.51179211682399e-06,-0.6601990889151343,-0.260513796384396,-0.053145308366083555,-0.24190064794816424,0.03049612045288086,4,10,4.0,5.0,0.0,1,4,36,4
20.665490557932564,5.468660713556839,7.5626709309253e-06,-1.3833289632800465,-1.1235861558849813,-1.363492974895021,-1.0515348996741558,0.03037428855895996,4,61,8.0,18.0,1.0,100,4,98,4
35.960192111092326,8.636164272021077,4.239438110368559e-06,-1.2381059605459774,-0.9435616128484983,-1.1848024577157714,-0.8779884540430518,0.0327448844909668,4,103,9.0,27.0,2.0,100,4,97,4
0.0,0.0,1.2788745443291914e-06,,,1.0,1.0,0.008051872253417969,99,1071,1071.0,266.0,266.0,100,99,100,99
37.90118731649445,8.735702604828074,5.34361593097721e-06,-1.2862104498048685,-1.0997483153850056,-1.212459233532658,-1.0112504838696394,0.030388355255126953,4,112,4.0,31.0,1.0,100,4,100,4
186.5055014827534,44.65212760888332,5.208466801553304e-06,-0.7485554563469814,-0.7803946464262419,-0.7037931470268302,-0.7273695288029836,0.032266855239868164,4,513,4.0,123.0,0.0,100,4,99,4
188.7927379871023,46.646386962621946,4.287405495276599e-06,-0.638828223348783,-0.6437046470056695,-0.6033446405939364,-0.6044071289949171,0.03234553337097168,4,570,8.0,147.0,1.0,100,4,99,4
227.08838679392363,55.72738704323635,6.611078956082357e-06,-0.5547028151194657,-0.5747406525765717,-0.5242648677523989,-0.5393515363155028,0.04023241996765137,4,675,3.0,164.0,0.0,100,4,96,4
97.69211841289962,23.755481823500585,3.7802857772075955e-06,-0.5692942229692695,-0.5725080790293557,-0.5429578876573067,-0.5384632860326273,0.04022717475891113,4,309,7.0,73.0,1.0,100,4,98,4
151.19523802024983,69.15423119598462,1.218056911830465e-06,0.7325928266984398,0.023816080625368552,0.9879674612311412,0.9593008348219046,0.010053634643554688,87,1969,1607.0,473.0,341.0,100,99,99,99
475.07773048207594,170.1173124640758,1.4170862588418689e-06,0.4540108081735943,-0.20356608631000217,0.9267887692897077,0.8528513172258917,0.010257720947265625,80,3165,2002.0,764.0,412.0,100,99,99,96
1163.105596938485,335.6812310643669,1.6216918122205064e-06,-0.19621527832520647,-0.8237796653858374,0.7406502837490918,0.6356982496734025,0.01019430160522461,73,4426,1944.0,1034.0,397.0,100,95,100,90
255.8117390452075,67.91968295960555,3.818973935060616e-06,-0.4200486263208576,-0.40314298899903345,-0.39860467732745763,-0.3811719789529522,0.032212018966674805,4,931,6.0,252.0,1.0,100,4,100,4
173.44163283364233,80.60448705458855,9.200856240860536e-07,0.8005770722983889,0.34911827155065667,0.9871374390393414,0.960010023730036,0.002025127410888672,88,2262,1884.0,597.0,431.0,100,99,100,99
1222.739663916357,368.21281695702635,1.4749527699561741e-06,0.15256826971401038,-0.3829361115345249,0.7827803518297245,0.6815956300911512,0.01806950569152832,72,5303,2517.0,1245.0,514.0,100,98,100,93
1137.4091679710584,358.0962483424297,1.1168835961297738e-06,0.484147901334933,0.14304034183222736,0.8601844790549937,0.7847435094517808,0.010054349899291992,74,6209,3498.0,1513.0,736.0,100,99,99,99
232.85506042743984,63.43640187883715,4.175737883667922e-06,-0.315991523142618,-0.3187419380578287,-0.3018916554068294,-0.3026571277199541,0.04020237922668457,4,917,7.0,252.0,1.0,100,4,100,4
4319.793255001615,968.2698322704815,2.1037538668336344e-06,-0.2535814750325045,-0.6708924592232728,0.5118196808605319,0.4582608121281948,0.020105600357055664,53,11701,4737.0,2477.0,970.0,92,86,89,82
0.8660254037844386,0.28867513459481287,4.728740054410176e-06,0.5399361022364217,-0.09090909090909127,0.7589958158995816,-0.0869565217391306,0.04019641876220703,4,10,4.0,1.0,0.0,1,4,7,4
0.7071067811865476,0.27003086243366087,6.278002859756486e-06,0.6703862660944206,-0.0786516853932584,0.8904584769164061,-0.07526881720430101,0.04018974304199219,4,10,7.0,1.0,0.0,1,4,7,4
14.373731828118496,3.8378596465564847,1.6269260908622293e-05,-0.6556847904724801,-0.664528945077314,-0.6545830549139051,-0.6383945124212089,0.040200233459472656,4,40,6.0,12.0,1.0,100,4,97,4
3.2290994616662605,0.82915619758885,7.429887619193937e-06,-1.2681268882175227,-0.767857142857143,-0.8106504594457709,-0.713840560893275,0.04044985771179199,4,10,8.0,2.0,2.0,1,4,5,4
19.220486032703057,4.407616513869296,1.1856509974118234e-05,-1.8231992842163574,-1.4142394822006472,-1.7734353922106076,-1.3003391921060747,0.03817629814147949,4,52,7.0,15.0,1.0,100,4,99,4
9.389155979106961,2.62797450520358,1.0425903649020034e-05,-1.3245809048849364,-0.849856133926236,-1.3164786677578912,-0.8008474576271187,0.03819727897644043,4,24,5.0,8.0,0.0,100,4,100,4
45.88697618424354,10.918733900961229,7.5498339048026335e-06,-1.1188595245605915,-1.0260372487553013,-1.0747792572368469,-0.9554208468877285,0.038413286209106445,4,132,9.0,37.0,1.0,100,4,97,4
49.13682003684542,11.96609794377432,7.897078876635362e-06,-0.8355623122117983,-0.7931514295032067,-0.799303225580078,-0.7411570980715032,0.030207157135009766,4,134,6.0,33.0,0.0,95,4,94,4
0.5303300858899106,0.5590169943749475,2.4896298933751316e-06,0.8749758826934207,-0.0013908205841448584,0.9429066841470893,0.04580152671755755,0.032616615295410156,4,10,5.0,4.0,1.0,1,4,11,5
87.37544706609518,22.233608194203057,3.6639405397028976e-06,-0.6129550160800872,-0.6018232711078544,-0.5857208210181306,-0.5690366539473395,0.03234124183654785,4,281,10.0,79.0,1.0,100,4,100,4
173.68959935205368,82.52272414311103,1.0999345338296472e-06,0.6436168160356058,-0.01988387631906363,0.9843904273996422,0.9444848125703993,0.010037660598754883,87,1972,1594.0,523.0,342.0,100,99,100,99
381.55097955581243,146.09568782137274,1.3235125307687824e-06,0.5911269261624749,0.04749207431578484,0.9500236976961858,0.8836489725761556,0.010036468505859375,80,3045,2055.0,768.0,423.0,100,99,100,96
22.712488698008038,21.40760879420479,6.907597856715615e-07,0.9766528303490114,0.7052012497702629,0.9997289442324031,0.9964542732108934,0.010031461715698242,93,1508,1530.0,394.0,367.0,100,99,99,99
376.22200892558106,145.19802569823966,1.2211207440937463e-06,0.5199655520237696,-0.058558930487393246,0.9525267589054672,0.8954367495381272,0.010033369064331055,85,2839,1988.0,752.0,433.0,100,99,100,99
1330.1649468070814,379.49275355400397,1.5296699535829597e-06,0.07026631772761893,-0.45729670365951725,0.7540576942393099,0.6622714454354875,0.010031700134277344,72,5445,2422.0,1261.0,496.0,100,96,100,92
35.7297436785283,10.348611017909601,4.087895431172369e-06,-0.3966806208735689,-0.3427002671861652,-0.38971352318090435,-0.3276359015682142,0.0323643684387207,4,122,9.0,40.0,1.0,100,4,100,4
993.2934511009322,319.0331017308392,1.3837382034766171e-06,0.3019011733756136,-0.17647788251004926,0.8378500324439899,0.7422202890694334,0.010066747665405273,75,4929,2578.0,1257.0,529.0,100,99,100,96
1238.9170450213544,380.28498085865374,1.4125261366504275e-06,0.2573445000332609,-0.20534363747659934,0.8035633554314026,0.7063615723608978,0.01003265380859375,73,5838,2812.0,1411.0,575.0,100,99,100,95
2983.840763630443,768.3316605090153,1.786159767406972e-06,-0.26294760683686724,-0.7199152759680594,0.5514631027461523,0.4583561533281213,0.018401622772216797,63,9175,3198.0,2063.0,653.0,100,92,100,88
1.2788341044352338,0.25,2.6686222446267247e-06,0.35784585232840505,-0.06666666666666665,0.65487678881537,0.1847826086956521,0.030352354049682617,4,10,5.0,1.0,0.0,1,4,3,4
0.60380736442456,0.1767766952966369,3.278144469071053e-06,0.8176192802475166,0.2173913043478266,0.9105751296660619,0.6073298429319371,0.03253626823425293,4,10,6.0,2.0,1.0,1,4,3,4
0.8779711460710616,0.25,2.639765145620315e-06,0.5684869100406971,-0.06666666666666665,0.8042535181462279,-0.06382978723404253,0.03274250030517578,4,10,4.0,1.0,0.0,1,4,6,4
23.81788543650898,6.321260422837627,1.4300773915011073e-05,-1.1401063634696498,-0.9364364890730494,-1.096886473965649,-0.8733121389259224,0.040238380432128906,4,69,4.0,21.0,0.0,100,4,94,4
15.46804501760538,3.6228441865473595,9.21744059020691e-06,-1.590403511162696,-1.143009000070867,-1.5687681454408806,-1.0630372492836675,0.03847789764404297,4,34,7.0,9.0,0.0,84,4,79,4
5.849679478398795,1.3919410907075054,1.4494661601249496e-05,-3.0832815413300185,-1.00022403943094,-2.944713963206686,-0.9407345575959936,0.03841090202331543,4,12,3.0,4.0,1.0,70,4,70,4
11.695351640716067,3.008668033089283,1.172492702992111e-05,-0.793365020607161,-0.5594728479297133,-0.7917107282960947,-0.531979409068472,0.03838992118835449,4,37,5.0,12.0,0.0,99,4,96,4
2.875905654456233,0.6614378277661477,5.872238141105999e-06,-0.4855294186431762,-0.34042553191489344,-0.20560591566832143,-0.32241813602015146,0.038277387619018555,4,10,5.0,3.0,0.0,1,4,20,4
9.089256478575864,2.282177322938192,9.818672117881235e-06,-1.5578713968957874,-0.976610113655082,-1.5508497471985998,-0.9022979759549534,0.038146257400512695,4,20,6.0,7.0,0.0,80,4,78,4
57.933241033681746,13.620220874371556,7.874685335758853e-06,-1.209432732449478,-1.195189407606093,-1.1347355847987957,-1.0995138191369467,0.030321598052978516,4,156,5.0,36.0,2.0,100,4,100,4
59.35153044923666,14.74894063992394,5.4047369903227685e-06,-1.0556993804847767,-0.9324499264041763,-0.9982339292167717,-0.862765649042214,0.032346487045288086,4,160,8.0,44.0,2.0,100,8,100,4
174.7719347225597,43.10077822189912,4.630909049266536e-06,-0.6265147561472708,-0.6370180302545692,-0.5919622881408839,-0.5984309049275236,0.03234601020812988,4,509,8.0,120.0,2.0,99,14,96,4
0.9185586535436918,0.27003086243366087,1.808309021482436e-06,0.6423841059602649,-0.03863987635239541,0.8057553956834532,0.17743830787309034,0.04035687446594238,4,10,5.0,2.0,0.0,1,4,11,4
44.51123453691214,36.51711927302043,1.2929584807584239e-06,0.7345053067531548,-0.5356545209176788,0.9987617539423073,0.9850468702404179,0.008015871047973633,92,1292,1178.0,333.0,247.0,100,99,100,97
225.06392610397015,54.83906378364483,5.126265409565642e-06,-0.5703126523176709,-0.5699268154525885,-0.5389680723849548,-0.5349344690277158,0.030124425888061523,4,699,6.0,175.0,1.0,100,4,100,4
37.662979170532964,21.682366107046526,8.692300300828398e-07,0.9308583679546693,0.4973269179363806,0.9991670210442334,0.9954993235462947,1.0013580322265625e-05,92,1459,1389.0,337.0,308.0,100,99,99,99
144.25636901017577,64.53681120105021,1.224050743203603e-06,0.570607719895402,-0.40651963217738696,0.9891792839162405,0.9653231102254438,0.010036468505859375,90,1714,1462.0,428.0,318.0,100,99,99,99
399.3060427660389,148.75607019900946,1.570700337253736e-06,0.38956959046099016,-0.4688008969820261,0.9402780513760223,0.8667917660260177,0.010032176971435547,81,2746,1815.0,671.0,374.0,100,98,100,93
239.9367104050566,109.2977584399607,1.1501768322306471e-06,0.7732250559546698,0.3312334075392642,0.9792507794193,0.9349516402084339,0.010030746459960938,84,2736,2134.0,684.0,462.0,100,99,100,99
171.21258715409917,86.07506413977667,1.0512846412066628e-06,0.7847008116652603,0.1722105622519562,0.9870635937088588,0.9538374468770039,0.010031700134277344,88,2244,1827.0,580.0,415.0,100,99,100,99
1336.5549900319515,388.59153273115055,1.6506640030515778e-06,0.07292294036843905,-0.4595456951784316,0.7532937412662826,0.6507347712378783,0.010029315948486328,71,5503,2453.0,1275.0,503.0,100,95,100,90
692.8524217038356,237.43896240837395,1.151869916744673e-06,0.5736452259120035,0.18469109205889622,0.9088212804906635,0.837193540815948,0.010050535202026367,77,4488,2785.0,1140.0,589.0,100,99,100,99
2368.0179923558885,641.6866506136446,1.6576314991856997e-06,-0.1954801732615128,-0.647297274272431,0.5926356366618101,0.493489428892527,0.010324478149414062,67,7873,2733.0,1787.0,557.0,100,96,100,91
511.57875594028707,186.43702611306142,9.76878013876211e-07,0.639273969850527,0.2794934920980343,0.9435651064178783,0.8935115458684366,0.010046958923339844,83,3894,2685.0,1020.0,610.0,100,99,100,99
3684.935569836487,912.1222786896783,1.8798357461081215e-06,-0.25207126980026473,-0.6856475840699991,0.5132932107872433,0.4339258754139107,0.020296812057495117,61,10735,3641.0,2326.0,743.0,100,92,96,88
37.07467127298636,9.992705672972996,3.646818691703549e-06,-0.41533405934162504,-0.4046986309524718,-0.40800495445311236,-0.38751382303047155,0.04044961929321289,4,127,8.0,38.0,1.0,100,4,100,4
2665.8940228704646,731.3276806402095,1.449733181003926e-06,0.24053506003377279,-0.09658554602579916,0.7095658938804067,0.6298725017685174,0.010298967361450195,66,10488,4574.0,2378.0,938.0,100,98,100,94
3409.130143208577,896.7927110914019,1.630636702484795e-06,-0.056848903693014874,-0.42092718288263153,0.5674752398288355,0.4832683622747851,0.012050390243530273,64,11125,3898.0,2504.0,795.0,100,98,100,94
0.7637626158259734,0.28867513459481287,4.4836857950401225e-06,0.22210968021993938,-0.09090909090909105,0.7927767910005922,-0.0869565217391306,0.040674448013305664,4,10,2.0,1.0,0.0,1,4,6,4
48.161944693571776,11.593370950676944,7.119658390096465e-06,-1.0320401214441741,-0.8821041115872004,-0.9803935885403459,-0.8252832067720655,0.0402376651763916,4,143,6.0,42.0,1.0,100,4,100,4
12.068381554016817,3.080516731545754,1.3027221675470642e-05,-0.8754175870697858,-0.6904610031893303,-0.8706918696750439,-0.6450278986619478,0.038556814193725586,4,29,3.0,9.0,0.0,94,4,97,4
17.458581939359604,4.1969731156314705,1.3145128731690567e-05,-1.4173654426039901,-1.26299574824005,-1.3838736378330463,-1.1541675690136182,0.030336856842041016,4,32,3.0,10.0,0.0,69,4,100,4
13.999255932608227,3.43693177121688,6.0963754272471995e-06,-2.7189474117695505,-1.251675353685778,-2.6991742036964217,-1.1767506142506141,0.030321836471557617,4,31,7.0,13.0,0.0,100,4,100,4
76.31165540073154,17.75088025986317,8.51267943161278e-06,-0.8821432178567821,-0.8718742244582893,-0.831339469977397,-0.8134076705184119,0.03255438804626465,4,213,5.0,51.0,0.0,100,4,100,4
85.91086708521415,22.136414193209642,7.508734012130579e-06,-0.8098951681294766,-0.7439864560098366,-0.7673463820813584,-0.6935862468210607,0.0403904914855957,4,280,5.0,82.0,0.0,100,4,100,4
72.27104653086647,17.083739832562035,8.18822380741722e-06,-0.9197241117800024,-0.856608399621186,-0.8721656927386066,-0.7951004738583449,0.032141923904418945,4,185,6.0,47.0,0.0,99,4,97,4
1.3693063937629153,0.8228507357554792,3.2690425116918714e-06,0.7041906327033689,-0.12391930835734888,0.763643048479437,-0.10940433521078696,0.04039716720581055,4,10,6.0,5.0,1.0,1,4,10,4
0.0,0.0,3.5932072253733874e-07,,,1.0,1.0,0.0,99,1009,1009.0,237.0,237.0,100,99,100,99
12.463279397226612,8.020806277010642,5.832259622717422e-07,0.8269373607328547,0.5109797297297298,0.999943117281028,0.9996029255621628,0.0,97,1098,1119.0,265.0,260.0,100,99,99,99
67.1622723955446,17.581062254596564,4.300763135550857e-06,-0.554932055612285,-0.5195566487484737,-0.5326261461984352,-0.4900153455562164,0.03237795829772949,4,225,5.0,65.0,1.0,100,4,100,5
295.4874151296464,72.05220908017556,8.564381777145052e-06,-0.6022777929145242,-0.6185261061240395,-0.5679627954700455,-0.5802956707180109,0.03227376937866211,4,881,4.0,222.0,0.0,100,4,100,4
31.804087787578503,26.688012290165037,1.0357129081960567e-06,0.8149194332307903,0.004542278127183774,0.999568403804268,0.9949903274106776,0.0020210742950439453,96,1229,1175.0,318.0,270.0,100,99,100,99
269.8166236848031,68.3917179440123,6.0600262713567115e-06,-0.4290099388541144,-0.4177579285205726,-0.40792781124398125,-0.3947604038295631,0.04018115997314453,4,894,6.0,243.0,1.0,100,4,98,4
40.43018674208666,27.2873597110457,9.424413174959328e-07,0.8740382955638301,0.12703995498030396,0.9991922171808545,0.9943932273197988,0.0020220279693603516,95,1351,1268.0,350.0,299.0,100,99,100,99
311.28420638197684,120.65416930810377,1.6446694128640504e-06,0.33635482299189123,-0.49139558162083885,0.9561402667022515,0.8958729565871149,0.010030984878540039,86,2281,1579.0,551.0,328.0,100,99,100,97
17.233687939614086,17.46902019767184,7.570684036803565e-07,0.9773447697184412,0.7035057890049389,0.9998523421638843,0.9977241466634468,0.008022069931030273,94,1425,1418.0,371.0,338.0,100,99,100,99
101.77221297256601,56.10184191866312,1.0438748691242994e-06,0.8598186363922171,0.3435920905705848,0.9943146623651382,0.9730003610913078,0.008023262023925781,88,1849,1634.0,487.0,358.0,100,99,100,99
48.60041152089147,36.6919609723983,7.881246709786466e-07,0.9648831927570767,0.6880242851184131,0.9988547788275149,0.9902898318932105,0.0,90,1904,1773.0,491.0,413.0,100,99,100,99
304.7502352457713,126.86097068189625,1.0190902959093671e-06,0.7664086854900558,0.3974459459739571,0.9721734656221592,0.9281588332040597,0.008018732070922852,83,3174,2395.0,800.0,528.0,100,99,100,99
185.02837620213825,77.79974293016654,8.853829097662578e-07,0.7394741007478929,0.3362350022864624,0.9852004146870131,0.9632347391868644,0.0,90,2161,1762.0,541.0,415.0,100,99,100,99
559.1929203970865,206.00148327405586,1.137731332371405e-06,0.5831734717275261,0.15971338443779626,0.9344063674687629,0.8713555785640288,0.008021831512451172,82,3932,2622.0,1013.0,575.0,100,99,100,99
3504.4184618988584,833.5774650528302,2.1888475817281364e-06,-0.5669618143304633,-1.228929046674236,0.45375594251630536,0.3714157846216515,0.018062829971313477,59,9109,3123.0,1907.0,639.0,98,87,95,83
948.753847758397,307.8791085061561,1.2261187878819551e-06,0.4236864424136293,0.0050808210515217445,0.8696053848353372,0.7945325351661728,0.010058879852294922,78,5160,2936.0,1287.0,628.0,100,99,100,99
3698.5073010356427,880.1297208828909,2.2146772342056612e-06,-0.41078016801399486,-0.9363957528858564,0.47071339032627024,0.3877692653977719,0.0200955867767334,57,9766,3552.0,2090.0,727.0,97,86,91,81
3594.3888535840456,902.905892816107,1.873445802318654e-06,-0.20938606895152745,-0.652886351291307,0.5345771074599034,0.45058762584227685,0.02008199691772461,61,10712,3754.0,2351.0,767.0,100,92,97,88
3288.6813343525578,845.404780707587,1.6995661633535316e-06,-0.07355747210450225,-0.46881237778967555,0.5793416080533689,0.49818524341002346,0.0182802677154541,63,10875,3833.0,2337.0,783.0,100,95,99,91
2156.9329746524013,645.1093207467133,1.3663260871271691e-06,0.2688269161790413,-0.07388022420892071,0.7489551766057976,0.6611691821049952,0.010034322738647461,72,9307,4232.0,2316.0,893.0,100,99,100,99
6.320436430078754,1.8984642916490861,2.2909932649374566e-05,-0.5734409190371994,-0.3624282198523381,-0.5083223208105221,-0.34295916783108216,0.040372610092163086,4,23,4.0,8.0,0.0,100,4,94,4
1.334634781503914,0.25,3.0880998180282326e-06,0.4232512384499175,0.3571428571428572,0.6486902927580894,0.41118743866535823,0.04017806053161621,4,10,9.0,2.0,2.0,1,4,5,4
0.408248290463863,0.2041241452319315,6.0605389916310695e-06,0.6877414108558649,-0.043478260869564744,0.9413897944979669,-0.04166666666666652,0.040166378021240234,4,10,5.0,1.0,0.0,1,4,7,4
0.28867513459481287,0.14433756729740643,4.07464878583734e-06,0.8332971565009768,0.31182795698924726,0.9704622655442328,0.47916666666666674,0.038155555725097656,4,10,5.0,1.0,1.0,1,4,2,4
9.971835337589566,2.665364265286579,1.3678943366654957e-05,-1.3599566335924842,-0.8602113876576885,-1.3548508051784025,-0.8102189781021898,0.030126571655273438,4,27,6.0,9.0,0.0,99,4,100,4
96.35335360017315,23.01222501193659,7.036781190500187e-06,-1.1965444541120416,-1.0774379028657077,-1.1190810665171873,-0.9940098904271208,0.030352354049682617,4,268,8.0,69.0,1.0,100,4,100,4
0.39528470752104744,0.10206207261596575,9.59319348188969e-07,0.6051549218535783,-0.010526315789473939,0.9416137947141022,0.4897959183673466,0.030139446258544922,4,10,2.0,1.0,0.0,1,4,3,4
0.3535533905932738,0.10206207261596575,1.815230605471018e-06,0.9057591623036649,0.4893617021276596,0.963963963963964,0.4897959183673466,0.032373905181884766,4,10,6.0,1.0,1.0,1,4,5,4
59.498949570559645,14.301078047942166,1.0778328854949356e-05,-0.6858086517991859,-0.6762094479225955,-0.6544814593039388,-0.6320647439435552,0.04018521308898926,4,173,4.0,42.0,0.0,100,4,98,4
44.281768257376534,9.985406017450334,6.776172862164746e-06,-0.7835939655910942,-0.7271872908944641,-0.7490811340279275,-0.6783677820716931,0.040375709533691406,4,103,1.0,26.0,0.0,98,4,97,4
113.67667050308373,28.298998804433584,5.04957376923034e-06,-0.5134811200726006,-0.4911798809679433,-0.49040067896632955,-0.46570008245516203,0.04036092758178711,4,395,9.0,96.0,2.0,100,4,99,4
32.04261485376415,8.275213995218895,5.710337409356447e-06,-0.9164349014515132,-0.8643089457312589,-0.8890336923607649,-0.8117629550421521,0.03851175308227539,4,97,6.0,27.0,1.0,99,4,96,4
43.32435804486894,10.683905340901019,8.766173836589973e-06,-0.5801812330714593,-0.5473121252949102,-0.5571848822609671,-0.5141633273455852,0.0385587215423584,4,139,3.0,36.0,0.0,99,4,99,4
113.19820375488885,56.38853311327283,1.3041583146406647e-06,0.702896864736819,-0.32336007768965724,0.9923801376829129,0.968652215581234,0.0,88,1716,1453.0,419.0,305.0,100,99,100,98
402.6709355701516,141.30172139994698,1.580018767330811e-06,0.26359702588606837,-0.5686310489845072,0.9347532324352924,0.8678186058869155,0.0020165443420410156,83,2569,1682.0,626.0,347.0,100,99,99,94
88.65311613248572,42.1870833312757,8.71586213447766e-07,0.7092013211394452,-0.20928751154568914,0.9956128007899016,0.9842601013933359,0.002030611038208008,92,1499,1359.0,368.0,304.0,100,99,100,99
827.8404133647982,262.7836562649968,1.797765623949029e-06,-0.02321987261609859,-0.7880670808632819,0.834043880416792,0.7252431112289668,0.010059118270874023,76,3766,1943.0,925.0,400.0,100,95,99,91
585.8002259831459,190.8085552639209,1.4742003402731704e-06,0.3202242162630502,-0.3398850975279044,0.899238551054749,0.8251804323461871,0.010049819946289062,79,3363,1974.0,815.0,406.0,100,99,100,95
145.59246775388715,39.30688552912835,6.687496495634649e-06,-0.3353869872884585,-0.3310992242815396,-0.3204381421981026,-0.3137001486916937,0.030335664749145508,4,549,4.0,148.0,1.0,100,4,99,4
1504.6485636187608,416.8731221846762,1.7602074229175168e-06,-0.17362768929205719,-0.7410870396021825,0.7000185987312569,0.5948023599098616,0.010267257690429688,70,5580,2292.0,1308.0,470.0,100,92,100,88
1633.7900313891828,451.2269569370459,1.7904225883249517e-06,-0.18515868983215644,-0.7425312082218367,0.6756545052950504,0.5705888403920558,0.01025080680847168,70,5898,2312.0,1352.0,474.0,100,93,100,88
1654.1431115031532,469.10407516172074,1.6466597730830106e-06,0.05018382391567988,-0.43910380626115963,0.7179503203732239,0.6211335845486887,0.012063026428222656,70,6500,2722.0,1535.0,558.0,100,96,100,92
765.9239052095375,244.81654939391424,1.1436932322740897e-06,0.45346347585102476,0.05728541091693495,0.8907013482980904,0.827195001645099,0.010037422180175781,79,4433,2630.0,1108.0,562.0,100,99,100,99
740.8957753962429,252.02856980905955,1.2529356787789748e-06,0.41250217789245225,-0.0010652346282102876,0.8855415069847092,0.806185892631899,0.010032415390014648,80,4185,2447.0,1089.0,529.0,100,99,100,99
3545.268496783525,850.3708854712412,2.20920169384412e-06,-0.5132058547744314,-1.0683207880633385,0.43248694265237153,0.3441647830217788,0.019598722457885742,58,9317,3056.0,1939.0,625.0,100,86,94,82
801.3181105439427,287.30554500474955,1.2087290115698726e-06,0.5764881918096905,0.18612350511420128,0.9062930279536544,0.8318860200339597,0.01006174087524414,79,5138,3194.0,1359.0,704.0,100,99,100,99
880.9993757092,307.25551256242744,1.2232812643279627e-06,0.44441162324519834,0.05160719845044004,0.8777550487239697,0.7951541864271652,0.0022568702697753906,80,4872,2874.0,1280.0,638.0,100,99,100,99
3137.622759882605,834.4317261199717,1.6520415239617917e-06,0.08136445038873341,-0.28452277854239894,0.638934943648816,0.5534773532868484,0.012066125869750977,64,11025,4327.0,2464.0,886.0,100,96,98,92
4135.530999091222,949.9995438595396,2.268682676554939e-06,-0.20778589302917627,-0.682392924377224,0.5487355080005405,0.48778780422792645,0.020378828048706055,55,11601,4865.0,2452.0,999.0,93,86,88,82
4110.067329132213,991.3980532561076,1.812563588336553e-06,-0.069781097663282,-0.4570424084174607,0.5708492080173061,0.5096436692007227,0.020293712615966797,60,12284,4771.0,2641.0,977.0,97,93,97,89
0.47871355387816905,0.28867513459481287,4.1427676023367426e-06,0.8424350940017905,0.2941176470588238,0.9338524910550527,0.2957746478873239,0.04036426544189453,4,10,5.0,2.0,2.0,1,4,5,4
13.27944840721933,3.112474899497183,1.4491942896614028e-05,-1.681932422954742,-0.9401947148817802,-1.670715835140998,-0.8940936863543787,0.030620098114013672,4,26,7.0,10.0,0.0,95,4,94,4
0.9519716382329886,0.25,2.658770736489643e-06,0.74763559450068,0.10973724884080405,0.8729908465817019,0.5999999999999998,0.030169248580932617,4,11,8.0,2.0,1.0,2,4,2,4
54.35052130998071,13.513496340079179,7.029507292787654e-06,-1.1632593026984055,-0.9618603317374776,-1.099808080464777,-0.8992347159868954,0.0321807861328125,4,147,8.0,38.0,1.0,100,4,100,4
13.716246449618302,3.3354160160315836,7.342220491614926e-06,-2.7853894537364723,-1.5614070150894372,-2.7103308297861854,-1.4328572404838371,0.04015398025512695,4,31,5.0,12.0,0.0,98,4,96,4
35.45919015807703,9.144670579085941,9.703787326588447e-06,-0.7642444022067794,-0.7113773837968429,-0.7454161605645209,-0.6675979568393744,0.04038238525390625,4,103,4.0,26.0,0.0,100,4,94,4
26.112736356038983,6.6403124926467125,7.355559325276391e-06,-1.4164130407615119,-1.116511023494914,-1.3706439959801178,-1.03407911428901,0.04037809371948242,4,66,6.0,18.0,0.0,99,4,97,4
71.96787477757003,17.561499081798228,7.563099696926771e-06,-0.7361003210539088,-0.7296681509231417,-0.7006707323329924,-0.6826136177641984,0.040186166763305664,4,206,5.0,46.0,0.0,99,4,95,4
71.1913501300076,17.022962433137188,7.574996042073081e-06,-0.6378346808557194,-0.6318850834725,-0.6119681381948234,-0.596774193548387,0.038646697998046875,4,206,5.0,50.0,1.0,100,4,99,5
180.36037420490493,42.56747095298631,5.400829894879288e-06,-0.6482628902145773,-0.6705030837086372,-0.6110880389030098,-0.6283858553011261,0.03032517433166504,4,528,5.0,122.0,1.0,100,6,99,5
217.42366955631425,51.340976162645504,6.148173473762686e-06,-0.6192867879141284,-0.653128736863051,-0.5842862573293757,-0.6122919693146776,0.03235650062561035,4,619,6.0,147.0,0.0,100,4,100,4
187.57653993325854,45.15055832065276,6.126572104777212e-06,-0.6661395770672323,-0.6844750876398318,-0.629062325737604,-0.6410774594296569,0.03235316276550293,4,552,5.0,133.0,0.0,100,4,100,4
213.00584401216165,53.233956894698956,6.068626241586384e-06,-0.5762385784814854,-0.5960139251554974,-0.544260512427267,-0.5593989713526857,0.04019522666931152,4,691,5.0,164.0,1.0,100,4,100,4
52.77536909708291,13.417184255026587,8.038550050637237e-06,-0.7135085761982836,-0.6620653797489278,-0.6868168083750166,-0.6214988872250433,0.04023432731628418,4,157,7.0,38.0,1.0,100,4,99,4
96.98582370635411,25.014162655050704,7.896467043449208e-06,-0.45965463764395253,-0.44057173919994885,-0.43866096893194917,-0.41562437547369746,0.040195465087890625,4,331,3.0,98.0,0.0,100,4,100,4
1323.6590221414847,384.02837538839276,1.6774715960772281e-06,0.10287001773797189,-0.4716553269147843,0.7703690651109697,0.671733732133147,0.010048389434814453,71,5501,2563.0,1279.0,526.0,100,94,100,89
1648.406600759828,475.26845797176264,1.9464659202509487e-06,-0.3079354745154923,-0.9179739039235348,0.6424384639098291,0.5214712928244163,0.010036468505859375,72,5718,2085.0,1385.0,426.0,100,94,100,90
1751.2678363068164,492.16057794459584,1.7142716164307713e-06,-0.16474170439626823,-0.708471181423191,0.6715900118483968,0.5689119380112211,0.018059730529785156,71,6364,2428.0,1502.0,496.0,100,96,100,91
1984.2004529532796,556.1697975888299,1.8708561188099344e-06,-0.1605133598044044,-0.6911970219513031,0.64956425728892,0.5372914457318179,0.010059356689453125,68,6965,2644.0,1622.0,541.0,100,93,100,89
1035.9478944425728,322.17436272925255,1.3727013574344237e-06,0.4555813044411472,0.08728149377394867,0.8537412738176846,0.7779744669558919,0.01250910758972168,75,5539,2999.0,1344.0,620.0,100,99,100,97
2928.5879119286715,728.7497765640175,2.1068899746942277e-06,-0.3679442837003317,-0.983430089101851,0.5282503041604409,0.4361682500979619,0.010032415390014648,62,8481,3033.0,1783.0,622.0,100,88,99,84
2796.6346667842513,729.0916785121577,1.9781738186953896e-06,-0.2644490648765585,-0.7697294633841791,0.5471268369141344,0.44379306130834195,0.012076139450073242,63,8586,2965.0,1878.0,607.0,100,90,100,86
175.54508515785034,88.57721533737148,8.738068064358147e-07,0.8968939398288943,0.6357930386631069,0.9906923472830609,0.9675354267980069,0.010056495666503906,87,2902,2463.0,766.0,582.0,100,99,100,99
3986.2046993050803,956.4044024116477,2.08154927265158e-06,-0.2388424857926128,-0.6851489969041031,0.49923067201677107,0.42412062966352415,0.020107030868530273,58,11060,3951.0,2355.0,808.0,98,89,92,85
2307.244430499067,674.8919709211194,1.3664516386560392e-06,0.29596287023593704,-0.0305139681165274,0.7508754732978206,0.669593383360324,0.010031700134277344,71,9901,4586.0,2352.0,959.0,100,99,100,99
4516.348931013487,1017.1375958487076,2.3318371990064135e-06,-0.2233800257940477,-0.6422685113821405,0.5248825630007521,0.4729286174111703,0.018278121948242188,55,12211,4941.0,2598.0,1014.0,92,87,90,83
4.60411953218709,1.015504800579495,1.3566048137417194e-05,-3.4339536995006803,-0.8003409736692559,-2.7213810255284914,-0.7540751240255139,0.038182973861694336,4,10,7.0,3.0,0.0,1,4,49,4
6.13052471924984,1.567907310185565,1.8589364420568186e-05,-0.8512156405829943,-0.6979689724949414,-0.8034229046705057,-0.6624401239785853,0.03857064247131348,4,16,4.0,4.0,1.0,92,4,83,4
0.46770717334674267,0.27003086243366087,2.992603225338649e-06,0.825,-0.038639876352396074,0.9262510974539069,0.08376963350785283,0.03818678855895996,4,10,6.0,2.0,0.0,1,4,15,4
22.130531323641254,5.905505905508858,1.0280791531378793e-05,-1.4971021516441056,-0.8641857875321901,-1.451433544028251,-0.8084491522219404,0.037970542907714844,4,58,6.0,24.0,0.0,100,4,100,4
0.2041241452319315,0.0,1.0240400935794566e-06,0.8618705035971224,1.0,0.9834409670475244,1.0,0.03858065605163574,4,10,4.0,1.0,1.0,1,4,3,4
0.22821773229381923,0.25,2.142574318443665e-06,0.7614314115308152,-0.028571428571428248,0.9709488118064029,-0.027397260273972934,0.03843951225280762,4,10,2.0,2.0,0.0,1,4,10,4
41.24949494640308,9.377499666755526,9.407350252530846e-06,-1.1603687661903153,-1.1390259159256648,-1.1127379944134916,-1.0518379529258501,0.03214144706726074,4,95,9.0,23.0,1.0,98,4,95,4
121.79777467863141,27.778138886541697,8.591334869021406e-06,-1.04402138746988,-1.136572078740115,-0.9753204745881197,-1.0479440522784746,0.030124425888061523,4,323,6.0,73.0,1.0,100,4,100,4
1.1902380714238083,0.5496210815947049,4.735685856024717e-06,0.8188980746823503,0.07661691542288562,0.8648796335853594,0.1101564897207733,0.032217979431152344,4,10,9.0,2.0,1.0,1,4,6,5
153.6980942193711,38.35864200759285,5.2236175400809195e-06,-0.8472830826037214,-0.7977125786432833,-0.7950946937388776,-0.7441495059376995,0.03213143348693848,4,405,6.0,112.0,1.0,100,6,99,4
235.95276716608632,57.69613288600892,5.293241217084831e-06,-0.643047445099276,-0.6615733476447361,-0.6059473400510489,-0.619867832118171,0.04035830497741699,4,666,6.0,171.0,0.0,100,4,100,4
207.48042076302042,50.705234772490044,4.619849698367406e-06,-0.5946129371774709,-0.5803537341644669,-0.5614006577958788,-0.5450557159167757,0.04016447067260742,4,647,7.0,156.0,1.0,100,4,100,4
140.55285186244592,35.21555645828512,6.041060205907743e-06,-0.6743854399433142,-0.6812229335341744,-0.6386302451230099,-0.6366257298300755,0.03864693641662598,4,433,9.0,101.0,1.0,100,4,94,4
123.94446000796755,31.10466202999158,4.126892349786791e-06,-0.5680046838249795,-0.5443988158860822,-0.5406353766267515,-0.5123282103920785,0.030543088912963867,4,406,8.0,101.0,1.0,100,4,99,4
123.90538912632273,61.065538563088104,1.3605414322092234e-06,0.7543002073093406,-0.030251621152616703,0.9914392924802892,0.967539510313108,0.0,89,1797,1511.0,456.0,326.0,100,99,100,99
751.5813329241221,240.04327261407,1.752349043615364e-06,0.036916218215326535,-0.6562326736224775,0.8397749197647728,0.7366410439993715,0.010038137435913086,78,3577,1807.0,899.0,371.0,100,97,100,93
1537.0004229016984,432.7793125061933,2.1322199856432987e-06,-0.4368025816623815,-1.1280168572809433,0.6408906425343819,0.5143498287673158,0.010031700134277344,70,5191,1971.0,1221.0,404.0,100,90,99,85
76.83553865237101,47.03934523353827,9.431651127211151e-07,0.9113218359295495,0.5073078841426484,0.9970806951346268,0.9838367890721939,0.010029315948486328,90,1832,1677.0,466.0,385.0,100,99,100,99
1395.7263095014305,400.53907640096486,1.7464347483382651e-06,-0.014214625246082413,-0.5516093940292122,0.7419073492426537,0.6360310212439853,0.01003122329711914,71,5605,2418.0,1316.0,497.0,100,93,100,89
209.7508045276585,91.1215305695275,1.0282728876964777e-06,0.8646422255341701,0.5401273618810369,0.9857880701859116,0.9608211356702885,0.002014636993408203,85,2869,2367.0,706.0,530.0,100,99,99,99
2908.87995794878,697.7481899549191,2.385613359590696e-06,-0.572034299885879,-1.2591615739918147,0.4778701143290879,0.3830903392817019,0.02014303207397461,59,7687,2884.0,1619.0,593.0,97,83,94,79
1012.1700285360492,325.11619717674273,1.5246374555002814e-06,0.2875525325334539,-0.22129154039809595,0.8405267251772127,0.7453282354119276,0.010268449783325195,76,5012,2612.0,1264.0,536.0,100,99,100,96
134.03734709649646,37.99328339763929,4.753571313466113e-06,-0.3093493957854534,-0.2942015524931756,-0.2962066780845942,-0.279148454051132,0.03233218193054199,4,544,3.0,167.0,0.0,100,4,99,4
2532.405627996013,666.7374031100118,1.9032742224462592e-06,-0.2608735139314786,-0.8295715589914454,0.5982070003971813,0.5000334355942471,0.020289182662963867,66,8172,2977.0,1842.0,610.0,100,92,100,87
3291.0357712076634,805.8093675566854,2.0912505317432854e-06,-0.3474680885120496,-0.923476216269012,0.538959609422041,0.45696243224371424,0.018398761749267578,62,9317,3466.0,1983.0,711.0,99,89,93,84
2742.232057493103,734.6901193214534,1.607148484219777e-06,0.1455210808234001,-0.2415422529909652,0.6779760830449767,0.5956151466220861,0.010032176971435547,65,10062,4184.0,2231.0,858.0,100,96,100,92
4267.7179227653605,1010.9463207384624,2.073627911443588e-06,-0.2476573325539957,-0.6959959986330493,0.5133016259488723,0.44886107260320374,0.012077093124389648,59,11737,4296.0,2487.0,880.0,96,91,95,87
4629.984701198626,1017.7133989979694,2.8448511046710836e-06,-0.400343632899697,-0.826389278685719,0.47101671545763835,0.41962638872981595,0.02008843421936035,52,12133,4762.0,2614.0,977.0,90,83,85,78
4447.007522453937,1044.6570068231783,2.1060935002133292e-06,-0.09900107680332604,-0.4940525515018568,0.5554414627858111,0.4974753141002496,0.01225900650024414,58,12722,5040.0,2740.0,1034.0,96,90,92,86
0.5951190357119042,0.27003086243366087,5.8738161928335624e-06,0.8060836501901141,-0.0786516853932584,0.9133890360709191,0.3130520117762513,0.032619476318359375,4,10,6.0,2.0,0.0,1,4,4,4
5.033222956847166,1.2909944487358056,1.21269547526053e-05,-3.9497964721845324,-1.0168067226890756,-3.3947306601131197,-0.9562293678933851,0.04015779495239258,4,10,5.0,4.0,0.0,1,4,66,4
0.408248290463863,0.3227486121839514,7.273350722610579e-06,0.7602622132043078,-0.0714285714285714,0.9371933267909716,-0.06837606837606858,0.0401611328125,4,10,4.0,2.0,0.0,1,4,25,4
1.0206207261596576,0.30618621784789724,4.803218820295606e-06,0.01920719248058833,-0.060122699386503164,0.57875226420658,0.038461538461538214,0.038559675216674805,4,10,2.0,2.0,0.0,1,4,6,4
19.290541723860425,4.527692569068709,9.154987380430463e-06,-1.7753465031645952,-1.2163202102200743,-1.7279162412729057,-1.1259357682211495,0.030186891555786133,4,48,7.0,12.0,0.0,100,4,95,4
8.593844696447956,2.25,9.824113481377112e-06,-1.032980982619422,-0.5235607223328873,-1.0202941251898476,-0.4921248963802154,0.03011298179626465,4,23,7.0,9.0,1.0,93,4,93,4
8.372823100165599,2.116404183200049,8.966467006583397e-06,-1.317567931127253,-0.9204466154919748,-1.2918362273583268,-0.8666435144990448,0.03257560729980469,4,23,5.0,7.0,1.0,97,4,95,4
71.72168430816443,17.31058202372179,6.545606872247138e-06,-1.0344706995363255,-0.965866808656946,-0.9772356681904948,-0.8955038203952965,0.04065418243408203,4,196,9.0,50.0,2.0,100,4,99,4
115.40422616467157,27.776263847633167,5.458805097893028e-06,-0.8207086687197933,-0.7445372312288321,-0.7757231746206701,-0.6966352259461996,0.03858327865600586,4,332,8.0,78.0,0.0,100,4,96,4
94.91882496814493,22.87556920967578,6.9643294190552796e-06,-0.7028230450428303,-0.746984669777147,-0.667031070319831,-0.6978900751707404,0.038346290588378906,4,268,3.0,61.0,0.0,100,4,100,4
156.91568197602177,38.065322144965485,5.993156948628869e-06,-0.6186698920809928,-0.6062333955721848,-0.5854362675732196,-0.568205454858048,0.030312538146972656,4,461,6.0,115.0,0.0,100,4,98,4
7.648529270389178,23.16246964380094,7.787562349566289e-07,0.9891207066891381,0.3154159023845602,0.9999735513668528,0.9964313966520747,0.0020143985748291016,96,1215,1214.0,331.0,295.0,100,99,100,99
1.2289901003127188,0.1767766952966369,2.503504547269805e-06,-7.173810921902522,0.2173913043478266,-0.03136780709865494,0.21875000000000022,0.040218353271484375,4,10,2.0,1.0,1.0,1,4,5,4
788.5433185421023,265.0969469917521,1.6513426976704928e-06,0.32925589691292234,-0.20305678113590742,0.869734411581036,0.7707529065851917,0.010256528854370117,77,4191,2291.0,1013.0,471.0,100,98,99,93
1173.3670568070334,359.428307640527,1.4997696436337049e-06,0.15331067145818467,-0.3371173046934297,0.7956454681100654,0.7031353850329305,0.01026606559753418,76,5236,2498.0,1327.0,514.0,100,99,100,97
1504.4358129825996,451.10309243010073,1.551591135335266e-06,0.2660308595387676,-0.16218377395564532,0.7918199600722388,0.7052741276530985,0.018073320388793945,74,6717,3228.0,1590.0,664.0,100,99,100,96
1688.7616662860516,493.5538610862075,1.6423879495527307e-06,0.13374703696890722,-0.31381639772465486,0.7396009695959791,0.6411507377077549,0.010029077529907227,71,7056,3004.0,1665.0,615.0,100,98,100,93
3401.4605460234056,843.3057966518827,2.01700622696971e-06,-0.14725245623257566,-0.6044253678816718,0.5631405868117464,0.48205650254006116,0.020279645919799805,61,10315,3841.0,2219.0,788.0,99,90,96,86
3823.7634740217864,949.4316166722289,2.0631530752904926e-06,-0.2801219510262807,-0.7416271471227178,0.49858924765011847,0.41852953322535735,0.018071413040161133,62,10832,3596.0,2319.0,736.0,100,92,97,88
3605.565887822406,944.2421450938465,1.671030149039638e-06,0.004652779340961866,-0.3395583406758522,0.5990214993911784,0.5236017010827652,0.010032892227172852,65,12031,4449.0,2666.0,910.0,100,98,98,94
14.553063824042917,3.6897944838884094,1.605528352765794e-05,-1.1849835219945555,-0.7051532941943901,-1.1814888886981452,-0.673495518565941,0.03234744071960449,4,42,8.0,16.0,1.0,99,4,95,4
18.274241890340257,4.389855730355308,1.2876944534219535e-05,-0.664051905920519,-0.6790198154590832,-0.6574811291490021,-0.6409583196586806,0.04037785530090332,4,53,4.0,14.0,0.0,97,4,97,4
5.0373604199024715,1.5,2.2237664635169967e-05,-1.7714624318558898,-0.5157894736842106,-1.5408083441981746,-0.4995834490419331,0.04047560691833496,4,12,8.0,6.0,0.0,93,4,85,4
49.2946075482231,11.846237095944574,1.129319077894293e-05,-0.7396734327593903,-0.7343317527410045,-0.712051587887556,-0.6877573698446167,0.03856182098388672,4,135,6.0,35.0,0.0,100,4,100,4
10.183728852111752,2.5103950552320113,8.178818295940392e-06,-2.9462425526116953,-1.0862818348360213,-2.935737891557692,-1.0150546229682922,0.030449628829956055,4,22,8.0,11.0,2.0,99,4,99,4
4.383919479187545,1.1319231422671772,8.858095070511389e-06,-1.263369752731455,-0.6133351550758299,-1.128125865091815,-0.5817901234567899,0.03259468078613281,4,13,4.0,4.0,0.0,98,4,100,4
64.91220031704364,15.538594423778061,6.253816046461127e-06,-0.919071456062643,-0.8251555355055673,-0.871800596701368,-0.7719931961087854,0.032321929931640625,4,186,6.0,48.0,0.0,100,4,98,4
75.19840423838794,43.23424568556736,1.5109698018860029e-06,0.6806215420623033,-0.5896044698058491,0.9963152392093005,0.979237006878358,0.010030508041381836,90,1446,1273.0,342.0,267.0,100,99,100,97
73.75473148664204,18.555659514013506,4.741733315279481e-06,-0.5733005547948404,-0.5679800764920395,-0.5508347804746341,-0.5359494132035698,0.040355682373046875,4,254,10.0,58.0,2.0,100,4,99,4
124.12707702189721,31.0496913564907,4.4478557511192465e-06,-0.5381543518032708,-0.5105908923443319,-0.512645400279572,-0.48115335103103996,0.03857278823852539,4,421,9.0,107.0,1.0,100,4,100,4
152.67155650829878,38.99372278542621,4.4640644204372065e-06,-0.5065167064697575,-0.49156870757437376,-0.4800962310663195,-0.46342172539976945,0.030332565307617188,4,505,2.0,133.0,0.0,100,4,100,4
2837.5379044119145,701.0704818438875,2.47860885128628e-06,-0.5931540816465364,-1.2700622008836526,0.4667490809293463,0.3627924513787609,0.010382652282714844,61,7742,2639.0,1681.0,542.0,100,84,98,80
1301.297144874782,389.74493083439984,1.611272840624088e-06,0.2661102335238298,-0.23353898719790078,0.80948173357793,0.7203691389996614,0.012053251266479492,73,5979,2939.0,1427.0,604.0,100,97,100,93
3051.077157417167,757.0036412201151,2.348618586408827e-06,-0.435317923306241,-1.013305465592134,0.48747612773428806,0.3910896739799753,0.018273115158081055,61,8382,2890.0,1839.0,593.0,100,87,96,82
3185.1974499035055,791.9318476245612,2.2298034071242517e-06,-0.42099496999723507,-0.9514726669401756,0.48646671207796277,0.3919264315858638,0.010248422622680664,61,8966,2982.0,1910.0,611.0,100,88,96,84
2207.2518019567633,613.2317444602759,1.793072680296602e-06,-0.1142379294312783,-0.616548006096886,0.6520938429363317,0.5573299523211144,0.012046575546264648,71,7654,2903.0,1729.0,594.0,100,97,99,93
1469.8311127473116,454.5444465023787,1.5499217629641009e-06,0.3037021446494014,-0.14777949194243578,0.8083334248985066,0.7168510747275538,0.008017778396606445,74,6833,3397.0,1668.0,699.0,100,99,100,96
3479.6932721567114,832.1533483210599,2.309784965595746e-06,-0.2565932946968994,-0.8079437928858335,0.5415718121467226,0.46388885296296556,0.0204160213470459,59,9789,3864.0,2062.0,794.0,99,86,94,82
3887.0598084600465,911.0991488805755,2.3112563485091145e-06,-0.05040745876634034,-0.47784881274478197,0.5866189887608013,0.5220936856932896,0.020339012145996094,56,11458,4993.0,2468.0,1028.0,95,86,92,82
4816.400543091216,1062.0828993569114,2.822327515202749e-06,-0.4905069626350056,-0.9386460589778818,0.4462749140889398,0.39479975750376783,0.012269973754882812,53,12185,4551.0,2658.0,933.0,92,84,86,80
4750.030008677138,1030.689999466377,2.8913908763040043e-06,-0.33193633929960886,-0.7123606993356988,0.4924694673387743,0.44945668805074623,0.018064260482788086,52,12783,5113.0,2710.0,1051.0,91,83,85,79
4653.0190923649825,1042.3207697040878,2.6075838762310653e-06,-0.2812832952375428,-0.6948674587429635,0.5113477978529063,0.4588956632738569,0.020305395126342773,54,12494,5020.0,2740.0,1031.0,90,86,89,82
3272.68812268861,910.4190279490059,1.6034150814930474e-06,0.1549022191403291,-0.18450485486038648,0.670096908931616,0.5908203711132549,0.010035991668701172,69,12174,4983.0,2820.0,1028.0,100,99,100,97
0.3818813079129867,0.25,3.174206282666562e-06,0.8691079080638878,-0.028571428571429136,0.9494128274616079,0.3775933609958506,0.03015446662902832,4,10,5.0,2.0,0.0,1,4,4,4
1.0557382882766606,0.3227486121839514,1.1961836985036019e-05,-0.27396750589110774,-0.11627906976744162,0.5421676436609473,-0.1111111111111116,0.030135154724121094,4,10,1.0,1.0,0.0,1,4,6,4
0.39528470752104744,0.27003086243366087,2.451034381133802e-06,0.7690827453495831,-0.03863987635239541,0.943767572633552,0.08376963350785338,0.030356168746948242,4,10,2.0,2.0,0.0,1,4,6,4
32.22414984655659,8.171979564340576,1.0642580635365134e-05,-1.23305981633565,-0.994116046086652,-1.1797980222060116,-0.9236366364113717,0.03835797309875488,4,88,6.0,26.0,1.0,99,4,91,4
31.13880216064838,6.796138609534093,6.710191285667892e-06,-2.1069695963506585,-1.6031311154598824,-2.006565840574879,-1.458811851539668,0.03849315643310547,4,71,10.0,19.0,0.0,95,4,95,4
1.299038105676658,0.46770717334674267,8.853160021688484e-06,0.7005314642224447,-0.08620689655172353,0.7870970285579111,-0.01156069364161838,0.038138389587402344,4,10,9.0,3.0,1.0,1,4,27,4
67.46928313437654,15.540940554977146,7.2563751092555176e-06,-0.8623984529804474,-0.7951855911309191,-0.8154178034093473,-0.742307426410693,0.030460596084594727,4,200,5.0,50.0,1.0,100,4,100,4
0.816496580927726,0.27003086243366087,1.821379619472994e-06,0.35939943697216137,-0.03863987635239541,0.731216664566797,-0.0370370370370372,0.03032684326171875,4,10,2.0,2.0,0.0,1,4,11,4
0.3227486121839514,0.10206207261596575,1.6101011487990949e-06,0.7725118483412321,-0.010526315789473939,0.9493824660862523,0.4897959183673466,0.032382965087890625,4,10,4.0,1.0,0.0,1,4,4,4
132.0842534142507,31.81554913350808,4.614082576065058e-06,-0.6513724154117677,-0.6736466650962465,-0.6173984967379751,-0.6327275391169755,0.04038405418395996,4,375,8.0,91.0,1.0,100,4,97,4
1.6393596310755,0.60380736442456,2.7442830758235695e-06,0.3727714748784441,-0.061946902654867575,0.5397049115983656,-0.0554885404101324,0.04066777229309082,4,10,6.0,3.0,2.0,1,4,7,4
16.748134224444225,13.490737563232042,7.295048033419626e-07,0.9263622491673094,0.6580554250821982,0.9998774755101282,0.9987506601937136,0.0,96,1195,1224.0,309.0,290.0,100,99,99,99
6.363961030678928,5.656854249492381,3.359435529807386e-07,0.9678635191430272,0.889273356401384,0.9999890613518471,0.9998578545079144,0.0,98,1096,1087.0,274.0,266.0,100,99,100,99
172.84729532162197,43.341786034572536,5.900961935656608e-06,-0.5065416215180756,-0.5010591824249244,-0.48111594138721814,-0.4721297624708418,0.04041028022766113,4,616,3.0,159.0,1.0,100,6,100,5
30.876771204256446,26.78619047195775,1.0325029388149693e-06,0.9282637321294206,0.31892677572935046,0.9994258626950296,0.9926767102481083,0.01004934310913086,92,1402,1323.0,343.0,290.0,100,99,100,99
44.541764109653315,11.527141883398503,7.644339078738518e-06,-0.5222393355656536,-0.5025914873566828,-0.5082174295520214,-0.47499072060165193,0.03857707977294922,4,148,4.0,41.0,0.0,100,4,100,4
2.598076211353316,5.477225575051661,4.844204976128682e-07,0.9985197977056864,0.9221158526691546,0.9999971054920128,0.9997929528714667,0.0,96,1222,1227.0,295.0,291.0,100,99,100,99
527.5834057284213,175.759637004632,1.7855389838226115e-06,0.07357318836465099,-0.799017429674765,0.9054789020298684,0.8245116884897262,0.002033710479736328,80,2954,1742.0,715.0,360.0,100,96,100,92
281.84429803232376,75.60147705788117,4.009562598762042e-06,-0.41622975516424754,-0.41371557151077387,-0.3952784717664899,-0.3914943848214776,0.032056570053100586,4,990,10.0,272.0,2.0,100,4,100,4
1221.6433945032131,371.9096552479737,1.826227110361962e-06,-0.09758164270221426,-0.7524038110982789,0.7673120953443144,0.6590344324829234,0.010049581527709961,76,4846,2211.0,1190.0,454.0,100,97,100,92
1054.4266609552953,325.9829366700042,1.7526409942477879e-06,-0.027404950445781617,-0.6173212205884604,0.7843584292254815,0.6750104253530274,0.010275602340698242,76,4526,2044.0,1127.0,418.0,100,98,100,93
867.9260284777101,293.15563660405246,1.6508997518428202e-06,0.29675854518452205,-0.26517242435493715,0.8541219006713818,0.7563143437718058,0.010065317153930664,78,4343,2370.0,1066.0,491.0,100,99,100,97
2743.8124227270187,702.8713925352521,2.3279441896274027e-06,-0.5391198942599411,-1.1825063472563064,0.4919777707033236,0.3852745073002577,0.012059926986694336,64,7900,2539.0,1715.0,521.0,100,87,99,84
2979.705113614863,737.2518269968929,2.4421336822542953e-06,-0.5574303594082861,-1.2260304205220223,0.4760347040155464,0.3743104278678058,0.020099163055419922,61,8221,2826.0,1752.0,580.0,99,85,96,81
3195.5706845569853,803.2248144598763,2.2397498790138974e-06,-0.3522595126857051,-0.8993167479268436,0.5158495640574332,0.41962682488903824,0.020319223403930664,61,9138,3202.0,2013.0,656.0,100,88,97,84
1619.8377767779473,494.400024894199,1.556551111838738e-06,0.24867650774538586,-0.16382543285097406,0.774761731444275,0.6790377420585025,0.010039806365966797,74,7246,3300.0,1828.0,680.0,100,99,100,97
4205.913975530791,940.1350966749407,2.700085483724678e-06,-0.40444214468727435,-0.9025155398181344,0.4887319232957379,0.43059657951269026,0.02025294303894043,54,11066,4397.0,2360.0,904.0,92,83,85,79
4495.139329831122,1102.9406884153664,1.9794103114705407e-06,-0.15917701336360324,-0.5930213919164451,0.54468301006853,0.48325713528025327,0.012078046798706055,63,13006,4771.0,2854.0,978.0,98,96,96,92
4997.238133287658,1044.537771869809,3.5308067975434357e-06,-0.36392412531685925,-0.5622994795574838,0.485443643682981,0.4613682506456315,0.020288467407226562,49,13853,5543.0,2964.0,1140.0,85,81,82,77
8.469922274338373,2.041241452319315,1.4960246494576978e-05,-2.083328669763277,-1.247717162257083,-2.05444062534649,-1.1626297577854672,0.03000950813293457,4,19,7.0,5.0,0.0,80,4,81,4
1.2624381172952597,0.338501600193165,3.763446054239201e-06,0.4233668341708541,-0.08307692307692305,0.6762315896394108,-2.220446049250313e-16,0.030126333236694336,4,10,5.0,2.0,0.0,1,4,7,4
21.175113144129046,5.295438288439085,1.1416967717433832e-05,-1.3658912083489105,-1.0868385565128915,-1.3254042513651516,-1.0093151012121573,0.032410383224487305,4,60,7.0,18.0,1.0,100,4,100,4
16.546336452520237,4.018187817080398,9.806843205725226e-06,-1.079378683790662,-0.8094265285276521,-1.0686496046166236,-0.7609834240334472,0.039433956146240234,4,52,4.0,13.0,0.0,99,4,97,4
28.458119813742673,6.512807894193307,9.199257126271581e-06,-0.9458661263360095,-0.8367508034657092,-0.9193775989745807,-0.7889150528942468,0.04021859169006348,4,75,5.0,21.0,0.0,98,4,100,4
0.3535533905932738,0.1767766952966369,1.8900518784903517e-06,0.8861547583753335,-0.032258064516129004,0.9572710440108246,0.21875000000000022,0.04017782211303711,4,10,5.0,1.0,0.0,1,4,4,4
15.880412463157246,3.972562145517676,8.808552341406444e-06,-0.8983784031031941,-0.664854222232397,-0.8882434422342578,-0.6284019089384756,0.04030346870422363,4,49,5.0,15.0,0.0,100,4,99,4
9.33463532585321,2.5940637360455634,7.418987040628052e-06,-6.7132319041032735,-1.543724364232978,-6.664748570590823,-1.4759495611513547,0.04068279266357422,4,18,6.0,8.0,0.0,99,4,89,4
34.18165321728407,7.9824025205448015,1.1400876633620615e-05,-0.9509617888092343,-0.8120920932040991,-0.9213902735666444,-0.7597611074671178,0.038373708724975586,4,82,6.0,22.0,0.0,94,4,94,4
70.14092956327282,17.922285940508072,7.716604866694712e-06,-0.5419032509136814,-0.5241209903252428,-0.5193344750367019,-0.49699784839328576,0.0383610725402832,4,226,6.0,63.0,1.0,100,4,100,4
701.4873653955029,219.83121230790206,1.989652308652536e-06,-0.15209936448243266,-1.0465581131110095,0.841517939103496,0.7407340726688435,0.010052919387817383,79,3211,1633.0,794.0,337.0,100,95,100,90
1733.47204904711,489.3921986892834,2.270401294354307e-06,-0.4715160597768273,-1.1645615838961625,0.6146439171379341,0.49005595466615715,0.010040760040283203,71,5665,2014.0,1342.0,413.0,100,91,100,86
22.63478149515328,30.311347343491313,6.558568441625311e-07,0.993183668266928,0.8301642651428363,0.9997562529708354,0.9937370761396431,0.002015829086303711,91,1885,1833.0,506.0,447.0,100,99,100,99
1385.9698770175346,413.1859448238771,1.7611410112748465e-06,0.07664620853577964,-0.44119592012490605,0.7622381878601375,0.6699048332642907,0.018064022064208984,76,5714,2546.0,1416.0,523.0,100,99,100,96
3233.614812573934,772.1791937866968,2.720121718301745e-06,-0.6768160969828265,-1.3976573194875566,0.434625886563933,0.34046425908432765,0.01005864143371582,59,8264,2891.0,1738.0,594.0,98,83,93,79
812.7496832475837,285.6076229474877,1.5303872016198626e-06,0.4289970756657989,-0.09240287523875446,0.8852033855840192,0.7963820935754822,0.008020877838134766,79,4621,2663.0,1180.0,562.0,100,99,100,99
2942.494145128864,753.7437542419993,2.1880056797094337e-06,-0.36748727893501076,-0.9595237568484982,0.548522675922853,0.45739703963089107,0.01003122329711914,66,8680,3015.0,1935.0,619.0,100,91,99,87
3623.1919157748994,868.3193045384551,2.490210739204795e-06,-0.5060930694484065,-1.1200962611483694,0.441196732274853,0.35562280423706194,0.012267112731933594,59,9419,3139.0,1997.0,643.0,99,86,94,82
3868.5271006639505,895.1990467674401,2.592971863272397e-06,-0.5852942880498104,-1.2523814922598828,0.44232501498294374,0.3669711796525542,0.020299911499023438,58,9673,3442.0,2076.0,707.0,94,85,93,81
3354.727391073834,838.4559273481601,2.2425080115039923e-06,-0.2280447361431832,-0.7455373034772297,0.54672786669837,0.460069384626416,0.012071371078491211,62,9933,3591.0,2128.0,737.0,100,89,94,85
4141.183848450424,966.8373084197676,2.6400834053787357e-06,-0.5627645721501842,-1.1532534791372,0.4276964465404808,0.350911613516419,0.012050867080688477,58,10305,3495.0,2223.0,717.0,94,86,94,82
3965.655551257511,945.8273962064295,2.394245312138997e-06,-0.3250977528635435,-0.8602417554311321,0.49262908416400075,0.4184951617135574,0.012115240097045898,59,10581,3831.0,2282.0,786.0,98,88,93,84
4333.0274984501975,1001.5431117286778,2.399270953546808e-06,-0.16979360709708824,-0.6082509184483793,0.5437751142060608,0.48479543263784375,0.031182289123535156,57,12154,4849.0,2587.0,997.0,93,88,93,83
3905.0763705028176,984.8776573767932,1.9030718235915593e-06,-0.04522372129245,-0.43072449966552684,0.5799765652588209,0.5085438396662005,0.01806473731994629,63,12157,4526.0,2630.0,928.0,100,95,94,91
3408.2148855203295,904.2124294915762,1.7493941034467095e-06,0.15741628822031084,-0.21551809145665768,0.679829239840886,0.6055534589124081,0.010052204132080078,66,12240,5182.0,2682.0,1066.0,100,96,97,92
4804.930892119967,1120.7765165277153,2.3551529841258657e-06,-0.19403749660275293,-0.6280770669421298,0.527793684175001,0.4716998990280078,0.010035276412963867,59,12968,4992.0,2788.0,1025.0,95,91,90,87
3566.787411312875,972.8626251943283,1.7237191686311924e-06,0.06915484027988805,-0.2790036036988299,0.6231275296669163,0.5438111850689786,0.012087821960449219,68,12602,4718.0,2842.0,970.0,100,99,98,97
5.640257086339239,1.489546910976623,1.0767708384709094e-05,-2.164903493242368,-0.9955108812335316,-1.886060159328664,-0.9370680247362679,0.040384531021118164,4,14,7.0,4.0,0.0,89,4,88,4
7.709571972554637,2.1237741562291097,1.0417258826239082e-05,-4.502466072666273,-1.3694921051131503,-4.424160614472033,-1.2464332036316477,0.04024624824523926,4,17,3.0,7.0,0.0,99,4,96,4
215.45168155141732,51.47511534712671,5.5933674356671175e-06,-0.6264984556091762,-0.6272199127654381,-0.5908165735637372,-0.5879923630034298,0.0386052131652832,4,624,6.0,162.0,0.0,100,4,100,4
124.32082153310711,30.13563090429666,6.521323993480972e-06,-0.6613381591801897,-0.6490645065762057,-0.6263638109060501,-0.607333969386485,0.030123233795166016,4,370,5.0,83.0,0.0,100,4,98,4
202.64657760906465,49.54396195972488,6.31700407034345e-06,-0.614203999339392,-0.6204051451243184,-0.5797494152528351,-0.5817803859822852,0.0321497917175293,4,604,5.0,141.0,1.0,100,4,99,4
23.671361036774655,23.558437978779494,1.005954459860999e-06,0.8249444598722577,0.21683913452492942,0.9997876188173538,0.9965242814739986,0.0020203590393066406,97,1153,1113.0,301.0,262.0,100,99,100,99
184.324837809052,49.107238095145746,6.077668532149635e-06,-0.4566571672436117,-0.4347093442901384,-0.4343507636884314,-0.4106255678915576,0.0401611328125,4,657,4.0,176.0,1.0,100,4,99,4
2795.9393174149304,693.115134550956,2.7823317155882707e-06,-0.7856266686142137,-1.549732116406012,0.42313767266115654,0.3114028414564165,0.018062591552734375,61,7077,2394.0,1524.0,493.0,99,83,97,79
833.8627556367386,266.0537897636849,1.658289960480787e-06,0.3642704589665885,-0.15285920079453286,0.8676801097804527,0.7924365121573156,0.010057687759399414,79,4369,2424.0,1031.0,501.0,100,99,100,96
2099.0377001537317,572.6615638111804,2.1264597977205477e-06,-0.37555341217911375,-1.0075468030760608,0.5989946788481644,0.4915912224999699,0.010048389434814453,70,6731,2361.0,1515.0,484.0,100,93,100,88
2289.6181256467908,617.3824819609462,2.111059851507942e-06,-0.3473451616235326,-0.8820529617252364,0.579312817205383,0.47439432094638034,0.01003408432006836,69,7267,2457.0,1651.0,504.0,100,93,100,88
845.8534151967467,278.53776353357495,1.4501291159290566e-06,0.41099687664322826,-0.0661788361396245,0.8806430148011333,0.8049183298842562,0.01003122329711914,79,4569,2682.0,1142.0,563.0,100,99,100,99
1870.271174633953,549.415204255094,1.8869513377869045e-06,0.07797837047199141,-0.41085613959328304,0.7235292347372819,0.6119672441038657,0.012267827987670898,70,7426,3109.0,1807.0,639.0,100,95,100,90
3993.9624248437576,887.5882814947528,3.2796965719826883e-06,-1.1263850459945548,-1.946188280248497,0.2816543328775597,0.20042243525789194,0.0202939510345459,53,8854,2892.0,1893.0,593.0,92,78,86,74
3919.2645001609962,886.473023967578,2.986622805751024e-06,-0.7742645527657128,-1.4816368523306975,0.40852555344642794,0.3336787992385719,0.020085573196411133,55,9414,3474.0,2012.0,714.0,91,81,90,77
2436.7288250165766,680.7693197160596,1.8613420351675823e-06,-0.10301153233545057,-0.5655939073844605,0.6270607663260142,0.5268695754575861,0.018069982528686523,70,8485,3029.0,1993.0,620.0,100,97,100,93
3604.7675229807596,909.6748262284079,1.9692091885720374e-06,0.045803107886086214,-0.35598231540611636,0.6284887663857095,0.5548326222387423,0.01003885269165039,62,11580,4794.0,2531.0,986.0,100,92,97,88
4161.44149802246,992.9149498124075,2.1989737504199224e-06,0.03469367054132111,-0.34610439775365776,0.6070977298785067,0.5474220783582697,0.012070894241333008,59,12651,5347.0,2757.0,1101.0,97,90,91,86
3921.44051413283,1028.634102899111,1.832221854692349e-06,0.05610931459997626,-0.2928516435730981,0.611636420442992,0.5392465052265547,0.010046720504760742,66,13057,4966.0,2825.0,1019.0,100,98,97,94
4251.37250016217,1060.6897297054886,1.9118706734071045e-06,0.0437760036071313,-0.3024635267156941,0.6022007563966025,0.540149477795162,0.02010655403137207,63,13403,5269.0,2879.0,1083.0,100,96,96,92
0.44487826050130463,0.10206207261596575,1.4947940901326666e-06,0.776443191567594,-0.010526315789473939,0.9307049855939312,0.4897959183673466,0.03818154335021973,4,10,4.0,1.0,0.0,1,4,2,4
0.8036375634160796,0.2041241452319315,3.5176370473550426e-06,0.6899354032090018,0.1560439560439565,0.8660646777991402,0.2907801418439717,0.03816676139831543,4,10,7.0,1.0,1.0,1,4,2,4
0.25,0.2041241452319315,2.013328907648362e-06,0.9481221291542826,-0.04347826086956452,0.9863818970017476,0.29078014184397183,0.03816342353820801,4,10,6.0,1.0,0.0,1,4,2,4
7.582875444051551,1.925703334715224,1.6686614257380548e-05,-2.7190761262430962,-1.1795918367346938,-2.6732656795874226,-1.1026519402279842,0.03012847900390625,4,15,5.0,6.0,0.0,61,4,75,4
52.813251967033175,12.6614572621006,1.1189372981341546e-05,-0.7856629206989261,-0.7443128958068677,-0.7462984735809475,-0.6938817738761387,0.030181169509887695,4,150,3.0,37.0,0.0,100,4,100,4
115.94660229318207,29.88728826775691,7.3310207084642926e-06,-0.5619794288690438,-0.5133109246478078,-0.5361863248758514,-0.4861505266396018,0.03013324737548828,4,407,8.0,109.0,1.0,100,4,100,7
228.16153816978004,56.54717794314172,6.145110516870489e-06,-0.5222056050854531,-0.5177733501340009,-0.4948792735256051,-0.4874198647750789,0.030155420303344727,4,735,8.0,185.0,2.0,100,4,98,4
94.3992702420004,52.43832355994781,1.8292237662760633e-06,0.6470989430701128,-0.47894450272904754,0.9949972112732379,0.974072252214,0.0,91,1539,1319.0,402.0,278.0,100,99,100,97
51.27133702177075,35.94961752230474,1.4270516686888649e-06,0.8649532706529426,0.32051787592008407,0.9984826954325313,0.9872985576301504,0.002023935317993164,92,1433,1326.0,363.0,285.0,100,99,100,98
271.1165378270631,69.05470355691445,5.194204579531934e-06,-0.5013085738525103,-0.4971032890437337,-0.47485076632337475,-0.4679148843383847,0.040200233459472656,4,870,8.0,228.0,1.0,100,4,99,4
180.64960905022738,48.00835430769663,6.530050389790758e-06,-0.538282244104376,-0.5080160486391931,-0.5100163476403947,-0.4785010902609945,0.04018092155456543,4,608,5.0,165.0,0.0,100,4,99,4
448.21026036894784,159.3937734041076,1.8541242811271247e-06,0.16442108891288199,-0.7737875632576878,0.924160258712875,0.8503272447062876,0.010068655014038086,84,2650,1670.0,683.0,345.0,100,99,100,95
1201.8183338975603,334.24743253142,2.2201778860416808e-06,-0.43652836789257865,-1.324346037495944,0.7116609117709508,0.6049209511735296,0.01807403564453125,74,4267,1821.0,971.0,376.0,100,91,100,86
685.4000159163858,226.87070807360342,1.8711747393969147e-06,0.21577567131815711,-0.5370260465945629,0.880179238700545,0.7878008263651952,0.010038614273071289,78,3578,2010.0,880.0,415.0,100,96,100,92
2430.93874757149,607.7069606315201,2.5810971214815753e-06,-0.7358874233188379,-1.6006460476720652,0.5043423405553228,0.39549815469099026,0.01807427406311035,64,6610,2411.0,1394.0,497.0,100,85,95,80
2702.518820095981,672.1301957210374,2.8079350781283223e-06,-1.0435595012727052,-1.9086954745587725,0.3940187160449248,0.2783267443920836,0.01006627082824707,63,6728,2111.0,1493.0,434.0,100,83,98,79
2367.2694015161937,646.8088913546906,2.265363458723543e-06,-0.43156010985151405,-1.0441239560872768,0.5548971316142235,0.44159312931058525,0.010039091110229492,69,7328,2379.0,1691.0,487.0,100,92,100,87
1358.180709625932,416.7090111816638,1.7596830467170445e-06,0.17549173526901896,-0.3212102421677854,0.7830215618648364,0.6835440996407891,0.010046005249023438,75,5908,2720.0,1414.0,558.0,100,99,100,94
2184.041766427556,609.8612034717407,2.050986142415525e-06,-0.06043104634566654,-0.5757238754805818,0.6483832259902658,0.5400479984124495,0.010050773620605469,68,7872,2940.0,1873.0,604.0,100,93,100,89
3043.285350114613,781.9612273707125,2.3390271743762123e-06,-0.4288612593151859,-1.0072330972536423,0.4949037486339183,0.39283141534535637,0.02034473419189453,64,8802,2797.0,1900.0,573.0,100,89,99,85
2710.1344873260327,724.640015121406,2.145036123749412e-06,-0.12442925220205003,-0.6664836471449214,0.6264009762375693,0.5306601411312788,0.010046720504760742,67,8819,3377.0,1961.0,694.0,100,93,98,88
3285.8789082983567,861.1505758493774,2.1097778461790403e-06,-0.12560695852016912,-0.5828035408042203,0.5683405299262756,0.47878002147601795,0.010071277618408203,65,10304,3588.0,2296.0,736.0,100,94,98,90
3098.406154294446,818.3140465541813,1.9073170477323748e-06,-0.1062893174750057,-0.5423713928611307,0.5958376820925746,0.510327579150663,0.01004338264465332,67,10119,3604.0,2238.0,739.0,100,96,100,92
4646.9479688858055,1024.263149781344,3.1889717420656883e-06,-0.5407481341930225,-1.0287737718038148,0.4367964916502425,0.38324472585064295,0.02011418342590332,53,11613,4359.0,2549.0,895.0,90,83,85,78
4523.072975260833,1021.7919507892369,2.768260369656097e-06,-0.299070389961102,-0.7971408283919668,0.5315302347076278,0.47930805513111907,0.018095016479492188,57,12194,4922.0,2613.0,1013.0,93,87,90,82
4235.485798431857,1020.808591013604,2.2694303562112363e-06,-0.07707125222285094,-0.5188406005174122,0.5780897816625497,0.5136842664678001,0.01563549041748047,61,12484,4930.0,2656.0,1014.0,98,91,95,87
4603.516548107072,1021.3076017494947,2.95951749702006e-06,-0.2088818288300831,-0.5978993642593375,0.5553854576578618,0.5111791554669858,0.01562643051147461,54,12838,5524.0,2792.0,1138.0,90,85,86,81
4839.971694132105,1061.2238113507337,2.9582748529386565e-06,-0.18749745907211723,-0.5595575658161351,0.5637824327123686,0.5266192344955568,0.015632152557373047,55,13549,5853.0,2885.0,1207.0,90,86,86,82
4278.858423585771,976.4217140336258,2.532216659727084e-06,0.0848113142603284,-0.2525182974327569,0.6570291703985724,0.6111614894261534,0.015632152557373047,56,13683,6636.0,2966.0,1374.0,91,86,89,82
0.8036375634160796,0.3227486121839514,1.0915172928429088e-05,0.4560906515580737,-0.0714285714285714,0.7867583834909716,-0.06837606837606858,0.031247615814208984,4,10,5.0,2.0,0.0,1,4,13,4
12.99479062291245,2.9261749776799064,1.683283904149346e-05,-1.6865025453704292,-0.9873073436083408,-1.6808334711427158,-0.9251036324035691,0.04426217079162598,4,24,5.0,8.0,0.0,68,4,74,4
0.9298297335175583,0.28867513459481287,3.2747007635135985e-06,0.38040435458786925,-0.049180327868852514,0.738368427688816,-0.04712041884816753,0.032163143157958984,4,10,3.0,2.0,0.0,1,4,8,4
9.30333721485647,2.212653007891959,1.557563408152174e-05,-3.4106874281164297,-1.6040283949904768,-3.3930654174971835,-1.47681281618887,0.038143157958984375,4,19,7.0,6.0,1.0,66,4,60,4
0.67700320038633,0.4330127018922193,6.107182015692493e-06,0.5096923969820084,-0.08067542213883683,0.8104347076817027,0.1329479768786126,0.03816556930541992,4,10,4.0,2.0,1.0,1,4,4,4
40.79407126041724,9.88106353924853,6.569216202992463e-06,-1.1237816915295018,-0.9603318460680426,-1.0725283070661384,-0.8877994940624849,0.039261817932128906,4,106,6.0,28.0,1.0,98,4,98,4
9.19578707887476,2.376096238230542,7.328451379749583e-06,-1.4082172478152843,-0.8265173587952397,-1.394612564194082,-0.8045012651484884,0.04019331932067871,4,25,6.0,7.0,1.0,98,4,89,5
252.99194271146874,101.95096860746347,2.0393776973642816e-06,0.15949800652551116,-1.4272965951801901,0.9680192469352173,0.9145978714921644,0.01003575325012207,87,1953,1423.0,484.0,296.0,100,98,100,93
276.2981858427594,68.64044301041965,6.947251396752386e-06,-0.5440511645919353,-0.5117467827063495,-0.5144157331975561,-0.4817878557312172,0.04018449783325195,4,880,6.0,235.0,3.0,100,4,100,4
66.58692200288418,52.86689976638588,1.3148399731315094e-06,0.922107646079742,0.1849181023262988,0.9979137289277291,0.97958083812291,0.010063648223876953,89,1894,1736.0,486.0,375.0,100,99,100,99
248.88273420351075,99.74158919620548,1.6287480547728636e-06,0.5190598948872046,-0.27362522650279675,0.9708102218333424,0.926239561509766,0.010050773620605469,87,2139,1589.0,558.0,334.0,100,99,100,97
634.7000472664233,200.8302766019108,2.1855189829773415e-06,-0.39145804711199617,-1.679423993728736,0.8590839360875067,0.7597913194234289,0.010052680969238281,80,2840,1553.0,685.0,322.0,100,93,100,89
695.9322285012146,215.2449186392097,2.058910105834603e-06,-0.21462138851336943,-1.3244128758119151,0.8405975879495113,0.7344041897490712,0.010041236877441406,76,3107,1680.0,735.0,348.0,100,91,100,87
992.1395466364598,308.0703166486509,2.2854652749788868e-06,-0.255936260349378,-1.0400814958510565,0.7748433413457991,0.6424078397905232,0.010036468505859375,75,3993,1856.0,965.0,384.0,100,92,99,88
1137.9317026957285,331.58274985288364,2.237869902506438e-06,-0.44909977317414285,-1.3060241245259974,0.7240155988472643,0.6035277894143045,0.01003885269165039,75,4141,1765.0,994.0,364.0,100,92,100,87
894.5758995188726,274.52628289473483,1.931839350760147e-06,0.13664034953364634,-0.5127734706199738,0.8320623292757772,0.7336243174053946,0.010063409805297852,75,4141,2119.0,966.0,437.0,100,94,99,89
561.9462503080647,194.0901852232616,1.6258071222950165e-06,0.39484557370024664,-0.2818753928252593,0.9194285697262436,0.8558818285679349,0.0015411376953125,83,3349,2156.0,828.0,456.0,100,99,99,99
1131.9822399961347,332.90169970528336,1.7841761231767534e-06,-0.21381204070449877,-0.8681693960085013,0.752675033938707,0.648283406048745,0.010051250457763672,76,4310,1902.0,1009.0,390.0,100,96,100,92
1598.3461475560941,485.4826540746924,1.7772818310952783e-06,0.17875760097967097,-0.30619391695184883,0.7710501623104957,0.6689053086379153,0.010048866271972656,73,6807,3093.0,1656.0,636.0,100,98,100,94
3678.330123846961,869.3868802892343,2.848677419748742e-06,-0.7197401323418566,-1.4515408812377633,0.39716534209414156,0.3071953266415157,0.01006627082824707,58,9014,2996.0,1925.0,615.0,98,83,92,79
3918.8904219861624,912.2268689668795,2.7596769291958934e-06,-0.49336505863153635,-1.0871566662564858,0.44680980326110586,0.37004318898960353,0.018096208572387695,57,9838,3569.0,2133.0,733.0,93,84,93,80
3069.0415394041565,814.1357922578359,2.0632826731802634e-06,-0.02286111481897768,-0.46318581149544347,0.6194163300605876,0.5305630929693614,0.010074138641357422,66,10062,3825.0,2180.0,786.0,100,94,98,89
3998.4661493651597,946.0806242699655,2.7117591216362597e-06,-0.3438732318818811,-0.8849216565879525,0.513443373473001,0.43603818851742326,0.010049581527709961,58,10624,4166.0,2331.0,857.0,95,86,92,81
3971.1880563563554,974.5617503591847,2.311476204845121e-06,-0.19457589455266455,-0.6728320508954941,0.5448458682211059,0.47102695271761696,0.010082483291625977,62,11373,4181.0,2409.0,859.0,100,91,93,87
4503.569091957815,959.7806156558275,4.106078717080833e-06,-0.6694023486457725,-0.9314943982048445,0.38694461977935823,0.34479109343494274,0.020538330078125,47,11532,4364.0,2475.0,897.0,83,77,78,72
4377.175224959586,1036.9548808892314,2.4030192214545372e-06,-0.22908870707175644,-0.7046940815347416,0.5242805431403186,0.4599135828748051,0.010270833969116211,60,11803,4455.0,2524.0,915.0,96,90,90,86
4494.674711255532,969.754432833385,3.4993029927940273e-06,-0.234568334291978,-0.48378618357062875,0.5339089399897892,0.4977408981215028,0.01836538314819336,50,12663,5573.0,2727.0,1150.0,87,80,83,76
4729.637858927018,1037.189604940073,3.0653044819750884e-06,-0.2541337656121412,-0.6123550067514227,0.5251723802434871,0.48222008895199486,0.02075791358947754,53,13011,5396.0,2786.0,1112.0,89,84,85,80
4300.628397235817,923.5704569164656,4.1938517820551135e-06,-0.06346964652497533,-0.13320034561868965,0.5847853395969442,0.5571437929694784,0.020122051239013672,46,13752,6501.0,2965.0,1345.0,81,76,79,72
4956.304044345948,1058.901874585176,3.617874889535667e-06,-0.27316127927811706,-0.46513747239538805,0.5228462045488869,0.4925159081462024,0.020161151885986328,50,14021,5872.0,3021.0,1210.0,86,81,82,77
1.6007810593582121,0.5103103630798288,4.533949322806818e-06,0.48750000000000004,-0.1369019422074842,0.6418379826451575,-0.09841827768014078,0.030200958251953125,4,10,8.0,2.0,0.0,1,4,8,4
0.2041241452319315,0.0,8.181750052413232e-07,0.9327613377692173,1.0,0.9868744872846595,1.0,0.04020047187805176,4,10,5.0,1.0,0.0,1,4,4,4
20.490597437198684,4.3851073723076235,1.9349170167078847e-05,-1.1797005572795878,-0.9521480502313284,-1.1593587121956865,-0.880526465914184,0.040236473083496094,4,41,8.0,11.0,0.0,94,4,92,4
0.8036375634160796,0.27003086243366087,4.1608795564001775e-06,0.5192245557350565,-0.07865168539325862,0.8112977842707573,0.048913043478260754,0.04016518592834473,4,10,4.0,1.0,0.0,1,4,2,4
23.33139872932325,6.118619125260208,1.1090788295516883e-05,-2.6087520420208508,-1.8873509351855726,-2.4962410290822654,-1.715096206873107,0.03215789794921875,4,48,7.0,15.0,1.0,99,4,98,4
0.3227486121839514,0.25,1.908712914964266e-06,0.9226804123711341,0.10973724884080405,0.969492662985448,0.2146596858638744,0.032192230224609375,4,10,6.0,2.0,1.0,1,4,10,4
52.24172582013985,12.924460014509954,7.520808829372333e-06,-0.8082146873776959,-0.7115411982353781,-0.7751198259914673,-0.6693802597554017,0.03011631965637207,4,154,7.0,38.0,0.0,100,4,98,4
330.1652521844175,81.47794947100718,5.805012326879003e-06,-0.603311121503104,-0.604957957699177,-0.5687724676727912,-0.568118450764096,0.030519485473632812,4,993,6.0,247.0,1.0,100,4,100,4
25.46954881160376,6.843488389215937,5.300086135374893e-06,-1.1057177082955434,-0.8611919638814505,-1.0842983637546624,-0.804926614638533,0.038039445877075195,4,76,7.0,21.0,1.0,100,4,98,4
204.12514033471396,52.35853957729022,7.382416200712359e-06,-0.5903168933939478,-0.5882369026807528,-0.5572701295874374,-0.5517252460006565,0.038170814514160156,4,670,4.0,182.0,1.0,100,4,100,4
293.6813926973697,74.50139819717032,4.435227484801135e-06,-0.4552543100321613,-0.435696069630539,-0.43165357650505554,-0.41139441060329496,0.03834939002990723,4,986,7.0,279.0,0.0,100,4,100,4
142.32038121467673,69.43407599364241,1.6649768111515499e-06,0.6110540329601724,-0.5001131477709888,0.9892680679321426,0.9583462967708067,0.008025646209716797,89,1784,1459.0,438.0,306.0,100,99,100,97
1029.7570101727883,305.8283151268589,2.3615306943332866e-06,-0.4873904071642763,-1.5378274981349214,0.7522102324902844,0.6303868856883275,0.010029792785644531,76,3717,1733.0,884.0,359.0,100,91,99,87
1567.3553389773135,433.0587680115993,2.276291242926285e-06,-0.45531751841692536,-1.2057391713781884,0.660080822081465,0.5431444128744988,0.010036468505859375,71,5233,2079.0,1230.0,429.0,100,90,100,86
1155.0583015588434,352.18341812186446,2.0182800706163682e-06,0.0072982247233163156,-0.5874073130302724,0.7782671884630994,0.6667981366109361,0.010164499282836914,75,4812,2194.0,1180.0,452.0,100,95,100,90
2378.167665334899,601.0538199233447,2.615033054347752e-06,-0.6150042356826657,-1.384432516880874,0.5079099274451052,0.39704075544613593,0.01827216148376465,64,6808,2388.0,1455.0,492.0,100,85,97,80
2077.6504302564535,581.6543587934748,2.4759253049109557e-06,-0.6650112482433697,-1.4176870007022742,0.5550344984192173,0.42870763206819296,0.01003408432006836,71,6266,2036.0,1479.0,418.0,100,91,100,87
2424.2428371211768,642.625745270798,2.3469147745636216e-06,-0.42006400236929076,-1.0494007620937307,0.554531648100247,0.4453908544238938,0.01826310157775879,67,7385,2509.0,1623.0,516.0,100,90,97,86
1840.963063181877,534.8233030798502,2.0624505830538393e-06,0.026838303566117938,-0.5080365824689843,0.7043479858449495,0.5973077578076257,0.010253190994262695,71,7069,2853.0,1657.0,587.0,100,95,100,90
4236.293223176043,959.8655919166259,3.1892923619751228e-06,-1.1067943835842304,-1.9029110925678787,0.2766423945442473,0.1959805100414882,0.02011871337890625,56,9196,2712.0,1959.0,555.0,92,81,91,77
3024.838604509889,805.7143655718749,2.0979977703129277e-06,0.13464731801407004,-0.27082767051702805,0.6640732851102175,0.5733013347766281,0.020441293716430664,64,10789,4422.0,2334.0,912.0,100,92,99,88
4221.432913649635,940.6456765907601,3.0370319723844033e-06,-0.4062769671401645,-0.9382121159701249,0.49781517717230006,0.441163224609036,0.020075321197509766,55,11191,4514.0,2398.0,931.0,90,82,87,78
4536.721472850435,962.2122946626696,4.683403303881327e-06,-0.46663431951628365,-0.5723532382915515,0.44629422710283984,0.41658133419065335,0.020302534103393555,46,12371,5058.0,2700.0,1042.0,82,75,75,71
4823.720100414498,1015.7548477434334,4.998407658733412e-06,-0.3710892962817278,-0.39381163523834983,0.441904874666316,0.41944511938084617,0.02029728889465332,44,13543,5384.0,2981.0,1108.0,80,75,74,71
5.5836442699489135,1.3919410907075054,1.2502802367822865e-05,-2.814409175992672,-0.9193808448887455,-2.680702444783315,-0.8461538461538456,0.032411813735961914,4,12,6.0,4.0,1.0,78,4,56,4
4.269562819149833,1.0752906583803283,1.809887837288958e-05,-1.3841961852861036,-0.5365537130497475,-1.1664046348679733,-0.5042688711207477,0.03214859962463379,4,10,1.0,4.0,0.0,1,4,66,4
0.45643546458763845,0.10206207261596575,2.2976713855637774e-06,0.9054326946756637,0.7961783439490446,0.9556776881482139,0.8287671232876712,0.04040694236755371,4,10,9.0,2.0,2.0,1,4,5,4
0.4330127018922193,0.10206207261596575,2.218082614559936e-06,0.33230293663060295,0.4893617021276596,0.9194847020933977,0.7395833333333334,0.040465354919433594,4,10,4.0,1.0,1.0,1,4,3,4
22.759842193360363,5.853239843596593,7.431575007813213e-06,-1.4478768161086628,-0.8509699090765199,-1.384476663257463,-0.7965216631344361,0.03845477104187012,4,66,4.0,20.0,0.0,100,4,100,4
16.678641531411763,4.068425166244714,7.598007441035148e-06,-2.3807051575375793,-1.3710888318955465,-2.305356521782181,-1.2636617471080975,0.03041243553161621,4,40,6.0,12.0,0.0,99,4,96,4
1.3149778198382918,0.60380736442456,7.295915378531268e-06,0.38480543545398405,-0.20863309352517945,0.6730416970317701,-0.17805452709525427,0.03235340118408203,4,10,5.0,2.0,1.0,1,4,7,4
6.616740133933023,1.6801537628046626,9.808461233312433e-06,-2.035227742881859,-0.8006644518272426,-1.9669840956098796,-0.7443357363542742,0.04067540168762207,4,18,7.0,7.0,1.0,100,4,99,4
140.37624294492758,33.11532877686707,1.3333855980029923e-05,-0.716952551421207,-0.7105906020980026,-0.676474705741325,-0.6643637455930944,0.040724754333496094,4,378,8.0,94.0,1.0,100,4,97,4
0.5863019699779287,0.28867513459481287,2.5749946699762507e-06,0.7241379310344828,-0.049180327868852514,0.8859670341062234,-0.04712041884816753,0.03862595558166504,4,10,5.0,2.0,0.0,1,4,15,4
167.5917037525028,40.79356056209525,5.343995942227636e-06,-0.5938159083688113,-0.6035353627764968,-0.5624655937120082,-0.5678339033298474,0.03064870834350586,4,520,9.0,120.0,1.0,100,15,98,4
48.104053883222775,12.652815892124567,6.413607912815799e-06,-0.5460469668383021,-0.44093380836302276,-0.529041631528389,-0.41921316731368075,0.03227424621582031,4,174,4.0,50.0,1.0,100,4,99,4
103.89959095203407,41.48493702538308,1.164033719621001e-06,0.6631254156760331,0.010493028604283472,0.9945882000826595,0.9859493050763871,0.010050773620605469,92,1615,1433.0,390.0,321.0,100,99,100,99
73.07628108451371,38.097618973218935,1.0154596012598735e-06,0.8313051293060654,0.1802107107453259,0.9972021997995039,0.9887602910819104,0.008015155792236328,93,1556,1418.0,401.0,331.0,100,99,100,99
1310.3142160671182,369.44604384178325,2.281147851835252e-06,-0.28753889650385434,-1.0241906925155821,0.6974158208749668,0.580535584800187,0.010038614273071289,71,4696,1975.0,1072.0,407.0,100,90,99,85
1920.5014970054046,524.4713774901845,2.7581705273795542e-06,-0.7652401085001537,-1.6163879023336545,0.5522779136032094,0.41702841631589516,0.0203096866607666,69,5689,2002.0,1309.0,413.0,100,87,99,83
33.69718089098849,13.45362404707371,5.860633669783397e-07,0.8353989997825615,0.7198142414860681,0.9994248879940879,0.998752481252757,0.0,96,1231,1265.0,343.0,325.0,100,99,100,99
2951.64265471129,729.6054108595656,2.9720696979856532e-06,-1.0860422205281446,-1.8510619606116192,0.3225459843328874,0.21425274580686604,0.012284994125366211,64,7201,1865.0,1551.0,383.0,100,83,99,79
3287.189252510141,756.3015421954875,3.249268799159148e-06,-1.1080962802916274,-1.9555967909567689,0.3066067049358322,0.20901421555415756,0.020089149475097656,56,7454,2536.0,1597.0,522.0,95,78,89,73
121.78781846832108,71.62465294220216,1.178939446268474e-06,0.8986777846227778,0.5102866925431537,0.9937743193334029,0.9708119861726265,0.010042190551757812,89,2223,1948.0,606.0,459.0,100,99,100,99
3252.332474975118,821.2195199823249,2.559247302394245e-06,-0.5966285239920586,-1.1901008350218465,0.4365103408046245,0.3370027110268162,0.01813364028930664,64,8699,2574.0,1951.0,528.0,100,88,99,84
3581.7815120411797,864.2919067074503,2.9357192014262894e-06,-0.7501407956236568,-1.4776693205523603,0.4152127862920034,0.3190477355868757,0.01828789710998535,60,8726,2943.0,1871.0,605.0,98,84,92,80
4189.562628931465,931.1792546807656,3.413410454402217e-06,-0.9570370828451047,-1.669962025451384,0.3026648373910318,0.22654470723425868,0.018271207809448242,54,9351,3031.0,2035.0,622.0,91,80,85,75
0.22821773229381923,0.1767766952966369,1.5204651625029643e-06,0.41104294478527614,-0.032258064516129004,0.968944099378882,0.2187500000000001,0.030766963958740234,4,10,2.0,1.0,0.0,1,4,2,4
2461.1905131329195,699.0506927024262,1.9660841909233677e-06,0.10137669245892489,-0.33220840647831595,0.6842729286680898,0.5854137848278049,0.010031461715698242,69,9331,3667.0,2157.0,754.0,100,96,100,92
4654.18935834516,1032.3202325344591,3.5017802063632544e-06,-0.7229230901321684,-1.2476730171528443,0.37398267170569377,0.3118712790489856,0.020346879959106445,52,11109,3882.0,2454.0,796.0,88,81,86,77
4380.430812146221,1053.1393307630287,2.451866550246485e-06,-0.303805959953493,-0.7701006907627728,0.4815677822967569,0.4077904393050462,0.020513534545898438,60,11725,4010.0,2562.0,822.0,98,90,93,85
4871.421816127022,1054.5169409371308,3.4032721613558426e-06,-0.3560437933096636,-0.733108949495846,0.4887568200367254,0.44919878318944395,0.020144939422607422,53,12834,5091.0,2707.0,1048.0,88,83,84,79
4853.866165759213,1040.4089070541213,3.7019143169757103e-06,-0.3050322471940645,-0.5652818543540545,0.5153769278084552,0.48165541806320167,0.020353317260742188,51,13452,5634.0,2916.0,1162.0,85,81,82,77
8.370334521391603,2.172268399622846,1.670837861643541e-05,-1.7327693108570799,-1.0626067159931702,-1.7093546450970991,-0.9781659388646289,0.04022479057312012,4,22,7.0,7.0,1.0,100,4,85,4
3.0635627407753,0.7359800721939872,1.586846841598275e-05,-3.533570941873264,-0.7357440890125173,-1.707657170332972,-0.6823034616628925,0.032181739807128906,4,10,5.0,2.0,0.0,1,4,44,4
25.82029240732955,5.947688626685159,1.640135408944654e-05,-1.0405005446478386,-0.9268085106382979,-1.006961429915334,-0.857930672268908,0.032196760177612305,4,61,4.0,18.0,0.0,99,4,97,4
30.579132318189366,8.046091183508507,8.853409591604961e-06,-1.056464106433609,-0.8586047380963506,-1.02272250499608,-0.8108130157102234,0.03213381767272949,4,87,5.0,24.0,0.0,100,4,99,4
79.92542096646515,20.664230367150545,1.0400707352640605e-05,-0.6106906173686419,-0.5847151958500434,-0.580786393382182,-0.5484979837757695,0.03226494789123535,4,267,2.0,67.0,0.0,100,4,100,4
83.72302822130513,42.576135013963786,1.3813632384268145e-06,0.8676733614621668,0.23533882292240416,0.9963531742237128,0.9848151922463295,0.01005697250366211,89,1774,1597.0,413.0,342.0,100,99,100,98
288.78087857982104,74.2871680260685,8.119935283529177e-06,-0.4507223630918753,-0.4477400411066199,-0.4277764362246008,-0.42226779152886973,0.04025912284851074,4,986,6.0,256.0,0.0,100,4,100,4
984.8226439313833,290.6600763778885,2.4706288723649516e-06,-0.5797234740361641,-1.5419959458664465,0.7284734137425899,0.5976610383942573,0.010030269622802734,75,3547,1565.0,843.0,324.0,100,90,100,86
997.4841395709769,303.9227590659523,2.137827964372947e-06,-0.19039331528272951,-0.906262098659993,0.7812355815656329,0.669615870848085,0.010041952133178711,77,4052,1851.0,1026.0,382.0,100,95,100,91
1505.9516617100985,430.81842871274495,2.359815192234817e-06,-0.44427177754500247,-1.2389478321294658,0.6652177246860451,0.5437486519781562,0.010053157806396484,73,5081,1977.0,1178.0,407.0,100,92,99,87
1251.6857273293483,365.6699604834939,2.059734586516169e-06,-0.19447462969224927,-0.9343438841698659,0.7372667720830024,0.6296620448120842,0.010066032409667969,75,4770,2022.0,1137.0,416.0,100,94,100,90
3156.0178048634934,769.1259441396564,2.85559754468352e-06,-0.7026577622112096,-1.4912930933572204,0.44903318920634416,0.34773080868376094,0.012068033218383789,61,8036,2811.0,1738.0,579.0,98,84,96,80
4187.932758617033,952.0015512006123,3.248510200407071e-06,-1.2210087388395636,-2.056692459361073,0.2507478886622351,0.16663186939635977,0.012076377868652344,57,8939,2505.0,1912.0,513.0,95,81,88,77
169.3678084685946,96.88418578150643,1.0349437731609542e-06,0.8896469008587915,0.5866077707134341,0.9912057281096704,0.9638006462053745,0.002024412155151367,89,2754,2371.0,771.0,581.0,100,99,100,99
2700.637226391473,756.6315625379181,1.9033310871894345e-06,-0.0420492125463614,-0.46322964448050064,0.6388162516039204,0.5505688875355121,0.018273591995239258,72,9387,3501.0,2193.0,718.0,100,99,100,96
5083.471071072873,1112.0531149341666,3.516618682052769e-06,-0.7888255096476495,-1.3247940460116792,0.3542016869669051,0.3007032203996439,0.018298864364624023,54,11830,3851.0,2513.0,789.0,90,83,86,79
4608.0569752289875,1020.3376359344724,3.1716437022472144e-06,-0.3382301912595529,-0.7643527130212331,0.494081806262593,0.4430417669759876,0.020069360733032227,54,12207,4846.0,2663.0,998.0,90,83,86,79
7.764100076634767,2.0207259421636903,1.9302869317578662e-05,-2.1464090118765116,-1.1085896789376366,-2.111641636959011,-1.0378457059679769,0.038162946701049805,4,17,9.0,6.0,1.0,70,4,77,4
10.7009540073148,2.468552207266437,1.5106620059941171e-05,-1.881905890641769,-1.2855282435292206,-1.8724849751763788,-1.1734284440481502,0.030605077743530273,4,25,5.0,8.0,1.0,89,4,89,4
14.636213649711458,3.327599234683568,1.4629972496402062e-05,-2.205648009378709,-1.341624598439651,-2.1531738730450782,-1.2221757672046158,0.030347347259521484,4,34,5.0,9.0,1.0,84,4,61,4
23.032359482548316,5.341465154805374,1.0894022034580531e-05,-1.8362518716450342,-1.4592822604027345,-1.7730843055309768,-1.337349808847624,0.03052830696105957,4,46,4.0,13.0,0.0,84,4,82,4
33.29085835480966,7.5821885582813975,9.670874388074231e-06,-1.2620409110599473,-1.1942970739889422,-1.2069988383670762,-1.102027757887841,0.0321347713470459,4,89,4.0,21.0,0.0,100,4,97,4
37.792057146090016,8.89405231976216,9.512564991001124e-06,-0.5935034979181493,-0.557746918262646,-0.5761517370936919,-0.5237399649664212,0.040383338928222656,4,114,6.0,34.0,1.0,100,4,100,4
53.353381648526586,13.20471822241328,7.853484978317103e-06,-0.8143574581537327,-0.698717196543249,-0.7834892409271601,-0.6575318727565289,0.040581703186035156,4,150,6.0,42.0,0.0,99,4,95,4
113.76291135515125,28.074306165365275,8.907929483689717e-06,-0.733913251096068,-0.7203662159704118,-0.6948941673351121,-0.6746921925311702,0.03855752944946289,4,346,4.0,83.0,0.0,100,4,100,4
274.50077792846656,67.07023681683752,7.808135454647396e-06,-0.7081227926848892,-0.6921747413129191,-0.6654822177433393,-0.6475956475956477,0.03072047233581543,4,828,8.0,201.0,0.0,100,4,100,4
183.26250525771314,45.00844828103571,6.538455881414883e-06,-0.5478230632232877,-0.5474530287110955,-0.5195036716749202,-0.5142923885536304,0.030311107635498047,4,582,6.0,143.0,1.0,100,4,99,4
224.63245443019434,56.61428338620329,5.121555416128822e-06,-0.5415868835928912,-0.5421747333711913,-0.5122170055588722,-0.5103564981672575,0.0321652889251709,4,730,6.0,182.0,1.0,100,4,100,4
5.656854249492381,3.5355339059327378,4.6731662530689435e-07,0.9307733910221742,0.875,0.9999917360624261,0.9999485897330942,0.008039712905883789,98,1124,1132.0,282.0,282.0,100,99,99,98
1507.9200907209904,411.05595726129553,2.6721825934570673e-06,-0.7085939527929832,-1.5405821995181732,0.5990154658701959,0.46474863754503803,0.010289907455444336,69,4693,1827.0,1088.0,378.0,100,86,100,82
521.3993822296625,184.2524012555089,1.9039930237331414e-06,0.37936957772413626,-0.3683907178407968,0.916433705068956,0.8378690270846397,0.010241985321044922,81,3193,1953.0,802.0,404.0,100,99,100,94
1825.2390710990894,497.05516125811766,2.648568845804096e-06,-0.5604210204185756,-1.3151960692442728,0.5861619683969378,0.4634296233357492,0.012080907821655273,70,5639,2031.0,1287.0,419.0,100,89,100,84
2684.7690919189076,648.4500059807311,3.033290033392679e-06,-1.0069426910995993,-2.0737750446462053,0.4165871327239864,0.30762565243633067,0.019486188888549805,61,6657,2352.0,1399.0,486.0,98,81,96,77
2411.7498833834325,633.8954497205913,2.6903922094212444e-06,-0.6230451839669202,-1.372392422438796,0.5041997918514525,0.3860450668949593,0.010243415832519531,66,7001,2277.0,1494.0,469.0,100,87,97,83
2695.175905606564,682.3854819278806,2.748675433454516e-06,-0.6137012375386752,-1.3960738106234607,0.49328078849971924,0.3818298415827831,0.01205897331237793,63,7446,2627.0,1597.0,541.0,100,85,97,80
2337.1394171449024,629.9661731476896,2.281601027112567e-06,-0.33571115115953143,-0.9895030138768701,0.6060091928360256,0.507943178501664,0.010367870330810547,71,7447,2624.0,1732.0,540.0,100,93,100,89
2327.507772990959,645.9662529884979,2.043370956529113e-06,-0.09629541679292641,-0.5994765421422674,0.6518687889160315,0.5532198698900199,0.010057926177978516,70,8163,3057.0,1864.0,629.0,100,95,100,91
4120.3269341697205,924.5998293556215,3.46500387707147e-06,-0.889266440684608,-1.6122267269189443,0.34131364578543555,0.26604839425433946,0.020096302032470703,55,9458,3187.0,2028.0,655.0,90,80,88,76
4016.2908790325437,955.5547080099601,2.8838843664551018e-06,-0.5400075891851368,-1.164766073466001,0.44893803280111544,0.3686637449059431,0.020095109939575195,60,10118,3461.0,2170.0,712.0,96,86,94,82
4606.4345902894775,975.9409463534312,4.520144958049187e-06,-0.8546254847373098,-1.0774147992105614,0.3414827887325761,0.3028264756193526,0.020101070404052734,48,11336,4064.0,2420.0,836.0,85,76,79,72
2469.6174315194075,710.2699168898466,1.7735208722602182e-06,0.36493826121361594,-0.0015679221205022742,0.7736972057995917,0.6907400216682409,0.010060548782348633,69,10809,5088.0,2481.0,1052.0,100,97,99,93
4790.107907548372,1042.2712004651903,3.4715222902258333e-06,-0.33737263890673996,-0.6694959576381798,0.5095461913689199,0.4693932655755617,0.012053489685058594,53,13069,5311.0,2871.0,1095.0,88,82,84,78
4136.328208844416,995.4715929184982,2.3742278657912442e-06,0.13650248748465055,-0.2330215352249314,0.6669497590505237,0.6120134369710181,0.01005864143371582,61,13290,6180.0,2943.0,1280.0,94,90,91,86
4913.479362572776,1043.645499473566,5.268291358856578e-06,-0.39182460080192794,-0.4127641352609934,0.4106456256781811,0.38449263627520436,0.022124528884887695,44,13679,5101.0,3001.0,1049.0,81,75,76,71
0.8100925873009825,0.2041241452319315,5.342850764850241e-06,0.5891304347826087,-0.043478260869564744,0.8275437299827544,-0.04166666666666652,0.038179874420166016,4,10,5.0,1.0,0.0,1,4,12,4
0.39528470752104744,0.1767766952966369,2.001654482686376e-06,0.8726001946385915,-0.032258064516129004,0.9577167019027484,0.6073298429319371,0.03837132453918457,4,10,5.0,2.0,0.0,1,4,3,4
9.451631252505216,2.443102535711508,1.984236145440082e-05,-0.899043207883155,-0.6469954190245217,-0.8889202142655765,-0.6142663962136576,0.030543804168701172,4,25,5.0,8.0,0.0,100,4,98,4
0.7839536550927825,0.3227486121839514,4.938291595373787e-06,0.47768351161932854,-0.0714285714285714,0.8228228228228228,-0.06837606837606836,0.03012990951538086,4,10,5.0,2.0,0.0,1,4,8,4
74.48328951292811,18.068734506507827,7.917750106066644e-06,-0.8815670451526105,-0.7964216435220428,-0.834901800531737,-0.7409562427962395,0.0321660041809082,4,202,7.0,55.0,1.0,100,4,100,4
138.56056888595688,33.380383460949034,7.171727859517313e-06,-0.6542085335612262,-0.6277077136989628,-0.6213712082426253,-0.589624581818528,0.03215742111206055,4,402,8.0,106.0,0.0,98,4,97,4
267.4649899207994,68.82087256058296,6.36024953405777e-06,-0.4877592895380629,-0.5061365692545619,-0.4619514733368568,-0.4769737030166925,0.04039788246154785,4,878,6.0,210.0,2.0,100,4,98,4
78.72465578566494,36.10698389112951,1.2897249210977995e-06,0.7033548301387686,-0.37670790052152925,0.9967611956856556,0.9887105787382146,0.01025700569152832,93,1482,1325.0,349.0,291.0,100,99,100,99
106.48682756305799,57.449494727494724,1.7422961440961323e-06,0.7041908827816579,-0.16422356353374612,0.9937272615729005,0.971355498247694,0.008031845092773438,91,1662,1396.0,423.0,300.0,100,99,100,99
61.72452240938496,16.461444853556042,6.092057949080994e-06,-0.47237877063838174,-0.4320289921556033,-0.45503417988874095,-0.4077022645315742,0.030562162399291992,4,225,3.0,61.0,0.0,100,4,100,4
176.77875767938485,46.873388861200695,6.264069980168323e-06,-0.4590020343839545,-0.4516583881799212,-0.43741392576952776,-0.4273030142448797,0.03246736526489258,4,629,9.0,165.0,1.0,100,4,100,4
231.06636853221775,59.72052969177908,4.870672994535469e-06,-0.43189083562086283,-0.4238204415217892,-0.41075338898987,-0.40008413884610716,0.04038572311401367,4,823,8.0,226.0,2.0,100,4,100,4
117.82444568085182,61.15472181279218,1.4593146616518087e-06,0.8090100649904524,0.31106960225179414,0.9926320480241524,0.9703662794106693,0.010258674621582031,90,1853,1576.0,467.0,349.0,100,99,100,99
1905.3595938347653,502.92285088211486,2.846664826826084e-06,-0.8729187363538031,-1.8455917703161209,0.519196933195652,0.38919913383839,0.010261297225952148,67,5456,1939.0,1194.0,400.0,100,85,100,80
1480.4720401069592,427.3899768451435,2.506155691510131e-06,-0.610205120638373,-1.4999808067000648,0.6488751240060032,0.522245757683109,0.012058496475219727,74,4855,1816.0,1172.0,374.0,100,92,100,87
2427.2560764381783,645.4259810154042,2.4991491350970073e-06,-0.38868843077676396,-1.0703255440052053,0.5787882486242378,0.46770384443627666,0.010030984878540039,67,7432,2696.0,1637.0,556.0,100,89,99,85
2895.145755302217,749.7643518688611,2.6678514220049785e-06,-0.30422853252185966,-0.9562879969932521,0.5664952701027572,0.46101837657980027,0.012283563613891602,64,8592,3257.0,1841.0,672.0,100,87,98,83
3855.470214050236,896.9719430766309,3.223937291583575e-06,-0.873937939442011,-1.616568764772433,0.33040309346048924,0.2410562822794493,0.020281553268432617,58,8802,2722.0,1836.0,559.0,96,82,91,78
3425.505422561757,824.3879699510419,2.927840047319608e-06,-0.5665754773620582,-1.2764508349603814,0.48011669507401056,0.3888935922245972,0.020278453826904297,60,8859,3311.0,1875.0,683.0,97,84,95,80
4155.8898590835315,896.5568047629033,3.898435062146916e-06,-0.9537840876113741,-1.6060973460686245,0.3447739927876635,0.2848703028380466,0.020306110382080078,52,9703,3515.0,2082.0,724.0,87,77,83,73
4365.3030549899695,1007.170801706207,3.005976937427551e-06,-0.7061888025124339,-1.339437551710064,0.38110216012285747,0.30832244570532186,0.020305633544921875,58,10187,3299.0,2203.0,677.0,94,85,90,81
3142.6774959817303,845.2941056224159,2.0347198099830338e-06,0.006528331494264017,-0.4146451106733513,0.6310780176959658,0.5470049459820333,0.010256767272949219,68,10716,4013.0,2398.0,825.0,100,96,98,92
2395.807305034598,695.7858352765085,1.7652231251641204e-06,0.2821886524679219,-0.07465214539324871,0.7412320914333577,0.657248735589298,0.012055635452270508,72,9926,4405.0,2348.0,908.0,100,99,99,96
4257.394908246345,976.1496518757474,2.8907899893320635e-06,-0.2324897439239184,-0.7287076886954647,0.553982386254879,0.4966757211168962,0.020315170288085938,58,11620,4871.0,2498.0,1006.0,93,86,89,82
3099.648059659354,845.5264816964635,1.941918099294996e-06,0.19378571379901,-0.1960560351081424,0.7025367197412774,0.6233285688393533,0.010067462921142578,68,11415,4958.0,2522.0,1024.0,100,96,97,92
5049.486448674641,1122.7383364315228,3.1788708691281797e-06,-0.49164058981958414,-0.9933265904711885,0.45593695496528,0.40694387404129806,0.010040044784545898,57,12689,4538.0,2746.0,933.0,91,86,87,82
1876.3684006612348,612.8459907132732,1.5173787457982817e-06,0.4043456497083183,0.0779447803941784,0.7982381839241934,0.7075615204256243,0.01006174087524414,76,8984,4455.0,2407.0,976.0,100,99,100,99
5046.068983061784,1063.9246384794537,5.1520342212280496e-06,-0.4378685394202002,-0.4411826698500445,0.4095098827880371,0.3876369911848465,0.020274877548217773,45,13784,5111.0,3003.0,1051.0,81,76,76,72
5213.116731860126,1122.0874921324096,4.225087561409741e-06,-0.48625658940287564,-0.6549593183827305,0.44791472535627297,0.4124316956323937,0.02009725570678711,50,13891,5230.0,3069.0,1076.0,83,81,82,77
4704.051870462315,998.121581926617,4.548206892642934e-06,-0.13676103840849319,-0.20949934364285538,0.5597575258632106,0.5364588375793731,0.020371675491333008,48,14605,6446.0,3106.0,1334.0,83,78,79,74
5060.772093447617,1131.3560748861598,3.0573435772380454e-06,-0.07376171569221768,-0.3889435100230756,0.5855616724126251,0.5450377289967157,0.02031230926513672,56,14735,6345.0,3229.0,1311.0,91,87,87,83
5.033222956847166,1.5103807466993215,1.826461241361118e-05,-4.0737134909596655,-1.0248483097370702,-3.6665131629442014,-0.9616624865639554,0.03821754455566406,4,10,5.0,4.0,2.0,1,4,51,4
0.8228507357554792,0.30618621784789724,3.816050630646393e-06,0.7702841996760419,0.03571428571428581,0.8642297650130548,0.038461538461538214,0.030527830123901367,4,10,7.0,2.0,1.0,1,4,22,4
0.3818813079129867,0.14433756729740643,5.222409600161812e-06,0.4606741573033707,-0.02127659574468077,0.9403010532599889,-0.02040816326530681,0.032381534576416016,4,10,4.0,1.0,0.0,1,4,10,4
30.373542489036957,7.3043936549632,1.035661777738856e-05,-0.8701009390492316,-0.8131240873759198,-0.8433088606409382,-0.7609907205897017,0.040354251861572266,4,83,4.0,22.0,1.0,98,4,100,4
144.15522594296286,34.16915641335033,7.278534576406832e-06,-0.8794300673894431,-0.8144934613960308,-0.8273925237034097,-0.7630068214017134,0.040582895278930664,4,435,9.0,100.0,2.0,100,4,98,4
275.89855095064684,66.64840895825397,7.039154096685321e-06,-0.8097126419490241,-0.7962901727700282,-0.7581697667728042,-0.7414399474929514,0.04057812690734863,4,784,8.0,198.0,1.0,100,4,100,4
104.32151823409524,24.728526037756478,6.039823627410813e-06,-0.4987646991447341,-0.5110829869955757,-0.4762208240496635,-0.4836700006950283,0.03851675987243652,4,342,8.0,87.0,1.0,100,4,97,4
103.63672818345545,51.55718046153084,1.868401013982342e-06,0.35904986688685736,-0.9250517292344071,0.9941084099477282,0.9765373416082991,0.0,93,1402,1208.0,339.0,257.0,100,99,100,98
189.9752725137318,49.16649011267735,5.597075537549848e-06,-0.41080533212134207,-0.40269993217019673,-0.39095395641458275,-0.3808707759867187,0.040361881256103516,4,667,5.0,180.0,0.0,100,4,100,4
669.8691290095402,212.19672476265978,2.2312124659434144e-06,-0.41235087918969815,-1.6054385751731561,0.8456438034063569,0.7432779836003325,0.010029792785644531,80,2823,1506.0,693.0,312.0,100,94,100,90
1527.6455413478611,413.63611222103583,2.8599727787814212e-06,-0.8757519358160559,-1.8475608016232048,0.5885606892789086,0.45447856777018336,0.018257617950439453,70,4634,1788.0,1042.0,371.0,100,86,98,82
2046.4190605612946,529.3942900010486,3.4555336383037147e-06,-1.2481710106024528,-2.278418912109004,0.4037858248057613,0.26224267253820666,0.010046005249023438,65,5343,1735.0,1224.0,359.0,100,81,98,77
2680.950675845378,654.1776879169918,3.631812487037236e-06,-1.7379521725812612,-2.91873665001457,0.2505414226659175,0.12041509682359874,0.012067794799804688,62,5924,1750.0,1268.0,361.0,100,78,94,73
1365.054316030789,391.92656017604696,2.4410750271347807e-06,-0.4479758528098423,-1.18388836069209,0.6788403781358909,0.548793844647429,0.010031938552856445,72,4720,1914.0,1099.0,395.0,100,90,100,85
3514.9633032587712,793.5559651136408,3.7101413677448466e-06,-1.4317801063494886,-2.5501341655273486,0.2707802712404971,0.17837911795532757,0.01028752326965332,57,7475,2436.0,1571.0,502.0,93,78,93,73
1627.8036668400086,487.81546298362247,2.1813536649133006e-06,0.037587653762815254,-0.5799151021403808,0.7414777458799815,0.6301731170017104,0.012050390243530273,73,6424,2776.0,1494.0,573.0,100,95,98,91
2908.1527617569004,750.797480778177,2.578347433913055e-06,-0.4231515480376391,-1.0994976543822603,0.5292826963710786,0.42604235627503007,0.0180513858795166,65,8501,2882.0,1822.0,593.0,100,89,98,84
4313.999064883787,965.1258043290617,3.440557419548484e-06,-0.8029933722572697,-1.5077524203712453,0.38771462684733027,0.3205369179696116,0.018296241760253906,56,10053,3543.0,2141.0,729.0,94,82,89,78
4655.931530106889,1027.3850829633707,3.6901381940963266e-06,-0.9890043930434211,-1.6853994525772458,0.29459752673479056,0.22647809137135033,0.020366907119750977,54,10360,3197.0,2239.0,655.0,90,81,87,76
4541.535236692814,978.3431433410514,4.166003917783838e-06,-0.8265873210803345,-1.25762959983494,0.36537173566027625,0.3154636183782522,0.0200803279876709,51,10918,3925.0,2325.0,808.0,87,78,83,74
4662.926331958583,1037.4475780841783,3.274159730207107e-06,-0.4848954810522772,-1.0072777287790768,0.4532488112645946,0.3997922912358993,0.020295143127441406,56,11782,4289.0,2514.0,883.0,92,85,88,80
4735.700517962821,1018.2662962113594,3.998589712376445e-06,-0.5645871803285851,-0.9076408498591579,0.4458316475965173,0.40547715931217077,0.012067794799804688,52,12274,4673.0,2650.0,963.0,86,80,83,76
4779.865980957873,1034.5902373324782,4.012215743453678e-06,-0.47837818356093953,-0.7778114643650598,0.45302060366837427,0.41040780258839427,0.02031111717224121,51,12479,4839.0,2743.0,997.0,85,80,83,76
4956.402964852636,1178.0242463548873,2.7833166282824036e-06,-0.2824679412561657,-0.7509689106865463,0.4947102192403523,0.43012747599948586,0.020097017288208008,60,13010,4649.0,2813.0,955.0,96,90,93,86
4709.130357444382,1017.2067510924635,3.7256314506911894e-06,-0.22612971590377318,-0.516813397919317,0.5533187476622033,0.5188816674748276,0.02010369300842285,53,13531,5832.0,2919.0,1206.0,88,82,83,78
5100.794865508708,1087.0209657591706,4.3971267755026125e-06,-0.30412924176904244,-0.44513762975332116,0.5040909970788887,0.4759150312624624,0.020085811614990234,50,14492,5815.0,3051.0,1200.0,84,80,80,77
4967.941122839521,1070.9704925526041,4.478687845481008e-06,-0.21788463773506317,-0.3678902247513214,0.555068873715507,0.5251568562149231,0.020386219024658203,51,14530,6298.0,3159.0,1302.0,85,81,81,77
4573.688376645994,980.7069049075434,7.069113810419477e-06,0.036588449801827294,0.10484985710302197,0.5286196022870082,0.5134629621199662,0.020299673080444336,40,14977,6534.0,3338.0,1352.0,73,70,70,66
7.120978397196086,1.6520189667999174,1.8013436302494494e-05,-2.3059656618963067,-0.9949238578680197,-2.2393944435202124,-0.925904145839459,0.03039264678955078,4,15,5.0,4.0,0.0,83,4,45,4
0.8228507357554792,0.2041241452319315,2.464585915072742e-06,0.7723209399058634,0.1560439560439565,0.8637059403241701,0.2907801418439717,0.03012394905090332,4,10,6.0,1.0,1.0,1,4,2,4
20.29752653239634,4.906415867684543,9.959879693777323e-06,-3.1186266384924783,-1.860738601196617,-3.0013111423833863,-1.7036829051429643,0.030147314071655273,4,54,9.0,15.0,1.0,100,4,99,4
77.86694046042048,18.618706990551196,9.321698980409625e-06,-1.0847003260964945,-1.1341598891097044,-1.01873693968174,-1.0446870944909756,0.032125234603881836,4,198,4.0,46.0,0.0,100,4,100,4
57.008040368588944,13.587294923322057,9.142532503821421e-06,-0.8002906433156636,-0.7533365691690808,-0.7649590193726754,-0.7020479700367339,0.03261852264404297,4,155,6.0,39.0,0.0,96,4,96,4
191.4661904445099,42.867164006964586,7.731109498831656e-06,-0.7976563805808421,-0.8283764788188024,-0.7488289784474944,-0.7716699125538704,0.0406036376953125,4,510,6.0,112.0,1.0,100,4,99,4
180.03382205389445,44.488645555167594,7.980938888408844e-06,-0.6667013944220439,-0.6648917298911259,-0.6294772501531825,-0.6239364889872105,0.038388967514038086,4,547,5.0,130.0,0.0,100,4,99,4
43.18118320904759,10.7495154929575,7.856976452042487e-06,-0.6209072400819193,-0.5184644933332763,-0.6032029846661131,-0.48761350210744125,0.03053760528564453,4,133,7.0,33.0,0.0,100,4,98,4
92.75295742514689,52.4764497444118,2.079764903269031e-06,0.5823957715333585,-0.8366681488068772,0.9948117913279126,0.9716091347654714,0.0,91,1471,1267.0,368.0,267.0,100,99,99,95
144.0978038810215,35.99117368652116,6.526863746327812e-06,-0.6320363330457208,-0.6167015608960731,-0.5968399222213032,-0.5777799657025868,0.03220653533935547,4,442,3.0,113.0,1.0,100,4,100,4
281.3181769219093,72.56857389164173,7.058157805150266e-06,-0.503802541519969,-0.4863319833320341,-0.476457643498601,-0.45796969166070056,0.04016613960266113,4,937,4.0,228.0,0.0,100,4,100,4
206.18183216924487,53.2559660194674,6.7971046145432705e-06,-0.4658802814518128,-0.46059186425118925,-0.4423479131608832,-0.43416919767484186,0.040270090103149414,4,720,4.0,179.0,0.0,100,4,98,4
13.435028842544403,5.656854249492381,5.992657673475257e-07,0.2486992715920916,0.242603550295858,0.999943783282117,0.9998549660891454,0.0,98,1041,1060.0,257.0,257.0,100,99,99,98
258.00468342002375,113.02802012480504,2.100416835116279e-06,0.47980590765706155,-0.5702188569862929,0.9716927698604687,0.918159954506877,0.002031564712524414,88,2188,1630.0,566.0,343.0,100,99,100,97
1375.0742966940263,373.79558967053487,3.1282642283250404e-06,-1.431631151883039,-2.6044198594708883,0.5429202414430128,0.3995595907586391,0.01806330680847168,72,3861,1391.0,880.0,288.0,100,84,100,80
1773.8469494294034,469.2622201392309,3.161701549629e-06,-1.0995221194644094,-2.1876516370557253,0.5147248501394995,0.3771385269664461,0.01003122329711914,68,5010,1805.0,1137.0,374.0,100,84,100,79
2404.6716301084953,595.1721304503974,3.457100912349285e-06,-1.396301765695323,-2.573190327621611,0.3621142797052094,0.23449250814226708,0.020091533660888672,63,5771,1896.0,1216.0,392.0,100,80,98,75
2854.446463919864,688.9317632095173,3.431237092832498e-06,-1.2695069786490065,-2.2247101329354506,0.3035195900382488,0.18642927870389137,0.020287752151489258,61,6583,1983.0,1416.0,409.0,98,80,96,75
2856.2458883996665,691.0397962491018,3.3644665628514873e-06,-1.1005821844218353,-2.0154851644578455,0.3530391460145752,0.236650483011958,0.020290374755859375,60,6822,2247.0,1451.0,464.0,99,80,95,76
1489.4254183822286,428.07219915839863,2.0197125224460728e-06,-0.07223319812593254,-0.6816232387058505,0.7282681636361071,0.6288421782015174,0.010256290435791016,74,5590,2376.0,1275.0,489.0,100,95,100,91
60.71543161638264,48.12200403897652,1.0434014974462507e-06,0.9729143503239287,0.779957499740852,0.9985166461046808,0.9875668040237167,0.0020170211791992188,89,2293,2154.0,610.0,510.0,100,99,100,99
3909.5533336038125,917.1369421911361,3.152119316478097e-06,-0.7990906926287831,-1.5337745247957226,0.3932683309703997,0.30806415197686676,0.02028512954711914,59,9276,3061.0,2001.0,629.0,97,84,93,79
3198.487229742137,825.7552158300838,2.4499915685286766e-06,-0.19140310247010728,-0.7401370385997246,0.5848310224896576,0.4957957452815923,0.01825714111328125,66,9792,3612.0,2094.0,745.0,100,91,99,87
4892.521133405182,1060.3266246871328,4.324185403786732e-06,-0.9830091720953076,-1.4418025388697848,0.28820226300216334,0.23244891613460184,0.0202791690826416,51,11065,3549.0,2482.0,728.0,87,79,83,74
3073.401083287048,843.7886102277039,2.0517390500012097e-06,0.15097590965215235,-0.2518274514569043,0.6827218140683997,0.5965338690607583,0.010031938552856445,68,11127,4587.0,2492.0,946.0,100,96,99,92
4763.257757201311,1120.7687265718732,2.821579166948093e-06,-0.3505967525759055,-0.8709640810617565,0.5075975803980708,0.4461968250644631,0.010323286056518555,61,12379,4558.0,2717.0,938.0,95,90,90,86
4614.9692723370745,986.2563444272878,4.9418536416678016e-06,-0.3927128540577862,-0.4838198539721612,0.48969907441316984,0.459545986319967,0.020273447036743164,48,12998,5448.0,2828.0,1125.0,81,77,79,73
5001.926860635703,1063.647267959777,4.006989604022736e-06,-0.29319527462503747,-0.49850185325348595,0.5350391954051308,0.5087454601619477,0.01826643943786621,53,13927,5883.0,3075.0,1217.0,87,82,82,78
5222.878397900841,1106.4399533505514,5.104864233946584e-06,-0.4723774039803541,-0.5321674276434647,0.3983133462152092,0.3714928419841066,0.020412683486938477,46,13957,5033.0,3023.0,1034.0,81,78,78,74
4250.312704758944,1104.485613572325,2.024058842468718e-06,0.1589934206690441,-0.19289582104572167,0.6657769085205745,0.6011629570969431,0.01827526092529297,66,14480,6188.0,3165.0,1278.0,100,97,96,92
5346.571319038512,1174.4449845519075,3.5557373099107504e-06,-0.2745108810694463,-0.5593218360400516,0.5225506840402911,0.482993888793393,0.01805734634399414,54,14652,5869.0,3244.0,1209.0,88,85,83,81
61.092569788259304,14.859060086918912,1.073514902193833e-05,-0.9779572424810861,-0.9623824995587857,-0.9249549049814718,-0.8896334934773058,0.03042125701904297,4,171,4.0,44.0,1.0,98,4,100,4
42.25973753665144,11.734475559933076,8.199923101883819e-06,-0.8911678122565478,-0.6498508141840285,-0.8586284558949078,-0.6132161934248537,0.03011012077331543,4,148,5.0,45.0,0.0,100,4,100,4
97.84979986353234,22.531228328699704,8.280579610752665e-06,-0.675352876132217,-0.6949247102253895,-0.640689616567431,-0.6505769144795577,0.040175676345825195,4,260,5.0,58.0,0.0,100,4,99,4
125.72837786275619,32.33467565942173,6.441903600120624e-06,-0.6470101223867324,-0.587110750353145,-0.6132425165516784,-0.5506926368402709,0.030115604400634766,4,403,7.0,117.0,1.0,100,4,100,4
258.2365018913688,93.13187131452612,2.7395729923546623e-06,-0.6673162484574928,-3.051400137427329,0.9623554094963305,0.9117646038810201,0.0,89,1669,1178.0,385.0,253.0,100,96,100,90
47.05803154970821,11.894501530819468,9.376056282115287e-06,-0.6731840268543094,-0.6131918600047508,-0.6432740690628387,-0.5745712881296199,0.03216981887817383,4,149,1.0,43.0,0.0,100,4,100,4
196.9214098737531,49.98228852970487,7.053957445928036e-06,-0.4861876759277908,-0.4838593252935022,-0.46129437327131373,-0.4556854461803661,0.040477752685546875,4,645,5.0,165.0,0.0,100,4,100,4
0.3679900360969936,0.25,1.8402862734386926e-06,0.8959913326110509,-0.028571428571428248,0.9687582610367451,0.2949471210340774,0.04015803337097168,4,10,8.0,2.0,0.0,1,4,11,4
50.26728558416498,36.75867244610447,1.2052545846995646e-06,0.8584755597575019,0.15283141896975472,0.9989187009011073,0.9915338001063287,0.0,95,1449,1365.0,383.0,330.0,100,99,99,99
667.0521147628001,215.07606627822233,1.995143018469792e-06,0.2435279556555845,-0.4703704488555349,0.8809010711559433,0.7987965602159586,0.008025884628295898,79,3523,1972.0,855.0,408.0,100,97,100,92
227.79360959304492,100.31699756272613,1.3744093357415562e-06,0.7908421661970513,0.25642965631972914,0.9820213320018175,0.9491437514246457,0.00802469253540039,86,2653,2125.0,665.0,464.0,100,99,100,99
2724.5077937030605,656.766652546729,3.347054362761728e-06,-1.0484838122916051,-2.0168197193206323,0.3892788789375947,0.27849075993248484,0.010049104690551758,61,6535,2277.0,1386.0,471.0,99,80,93,76
2518.3523675329516,653.6032480659447,2.9127174945946326e-06,-0.5738369888624333,-1.3395625263212048,0.5183940372341849,0.404172967027968,0.01204991340637207,66,7170,2483.0,1525.0,513.0,100,87,100,82
3147.0066610987656,762.0081528435244,3.2564205903062077e-06,-1.0672139417805435,-1.8877284226529332,0.3197068207417423,0.20928716772400136,0.02008342742919922,60,7301,2182.0,1580.0,449.0,97,81,95,77
3514.0218429629194,850.4846732817585,3.328838756599116e-06,-0.96308054225793,-1.782995957510554,0.3560337073449166,0.25396918986943784,0.020074844360351562,61,8269,2521.0,1814.0,519.0,99,83,93,79
4593.529248664183,990.6296608723161,4.1129921858013145e-06,-0.9475984856734689,-1.4512773431799944,0.325816316868101,0.2707014021851687,0.020091772079467773,52,10505,3594.0,2293.0,739.0,89,78,84,74
4531.833358789436,975.7926657495495,4.412329500769447e-06,-0.7263726338830214,-1.071793227458743,0.42014316588864886,0.37639083366555515,0.020076274871826172,51,11347,4382.0,2531.0,903.0,84,78,82,74
4682.850494683293,1055.509166232108,3.65985050065942e-06,-0.5512695041924636,-1.0738005292603763,0.449666539789379,0.3893265706565251,0.020291805267333984,55,11750,4373.0,2579.0,900.0,92,83,87,79
3052.1864499076723,840.8026670985291,1.931102500066853e-06,0.2948600568929042,-0.08459713928874191,0.7375510262812064,0.6601305192365905,0.020098447799682617,68,12234,5503.0,2659.0,1139.0,100,96,100,92
4788.684716339133,1036.595780668627,3.9793053479839975e-06,-0.3631760740647558,-0.630684814656773,0.49905922252915536,0.46031663073092455,0.020076990127563477,52,12960,5290.0,2911.0,1092.0,85,81,82,77
4792.478103758013,1041.7246317205586,4.068589015403063e-06,-0.33584800349998223,-0.6138933889270215,0.5120488662755663,0.47269962356716433,0.02008056640625,52,13123,5471.0,2859.0,1130.0,86,81,83,77
4936.437947330356,1060.780336152885,4.884098562666103e-06,-0.42100465730117187,-0.5306730448317702,0.47528218950548684,0.44268893707065937,0.020403146743774414,49,13555,5404.0,2918.0,1114.0,83,79,78,75
4879.083667923363,1034.527979491554,6.454360146384792e-06,-0.1650800026367394,-0.11630511011517086,0.4844326945134342,0.46709230838700155,0.028525114059448242,43,14782,6001.0,3229.0,1238.0,76,74,73,70
0.22821773229381923,0.0,9.115794730758764e-07,0.7743300423131171,1.0,0.9841088227815916,1.0,0.030348539352416992,4,10,4.0,1.0,0.0,1,4,3,4
19.047637648800443,4.3084219849035215,1.3389542254276044e-05,-0.7862798017808947,-0.5756548649743947,-0.78188189852533,-0.5564542191089255,0.030094385147094727,4,53,6.0,15.0,0.0,98,4,98,4
38.50689873256479,8.67587651671768,1.0158309810286104e-05,-1.4465713423787867,-1.346492756172391,-1.3637372644432624,-1.226542880824801,0.03235888481140137,4,91,6.0,21.0,1.0,100,4,93,4
0.45643546458763845,0.2041241452319315,2.7065399005476514e-06,0.7761194029850746,0.1560439560439565,0.9305048820320373,0.5299647473560515,0.030130386352539062,4,10,4.0,2.0,1.0,1,4,4,4
132.05798915627938,32.4794807019242,6.909429808305105e-06,-0.5612101058265015,-0.5387512517443702,-0.5325692033207707,-0.5062897174368146,0.030311107635498047,4,456,4.0,117.0,1.0,100,4,99,4
192.70354498555548,47.976339654736755,5.775150498366256e-06,-0.5545174279875293,-0.5502759588400372,-0.5254696755215911,-0.5174490571998069,0.03715085983276367,4,603,8.0,153.0,0.0,100,4,99,4
120.84369208472019,31.77541633611326,7.056028154471475e-06,-0.4121772947388709,-0.3989511907237162,-0.3947440964286171,-0.37759554298546094,0.03814578056335449,4,458,6.0,121.0,0.0,100,4,99,4
761.7817215609389,230.7253213521296,2.9139997476320323e-06,-0.7873913539497077,-2.0275468067150095,0.7749331181584933,0.6414586480531874,0.010034322738647461,77,2851,1395.0,669.0,290.0,100,89,100,84
683.9613331637673,222.7904372888756,2.610683500927477e-06,-0.19858063123397662,-1.4461759073343048,0.8532379167617065,0.7498201104843305,0.010031700134277344,81,3042,1617.0,734.0,336.0,100,94,100,90
0.7288689868556626,0.25,2.1766658066205483e-06,0.6660983427675099,-0.06666666666666665,0.847647498132935,0.07834101382488479,0.04060769081115723,4,10,6.0,1.0,0.0,1,4,4,4
75.22050917136895,38.02630668366309,1.0175309741764426e-06,0.8772221529047343,0.5233621755253399,0.9972308651503308,0.9892147377140847,0.008029937744140625,92,1672,1546.0,416.0,357.0,100,99,99,99
1364.8833675969743,396.14670803341824,2.894328454089371e-06,-0.5204632963344287,-1.4262570800999637,0.6631070848266716,0.5229324728349574,0.010047435760498047,72,4736,1877.0,1095.0,389.0,100,88,100,84
2365.9706555359353,578.4913136772237,3.3741762016709206e-06,-1.230773873879491,-2.463709031470279,0.41847271206314207,0.30704747077314454,0.020304441452026367,65,5729,1978.0,1230.0,410.0,100,82,99,78
2690.5680678581202,657.5075200245917,3.400394666996208e-06,-1.2088607728927387,-2.2562884524320332,0.3634499817093847,0.24913098954247348,0.010034561157226562,64,6466,2005.0,1368.0,414.0,100,81,95,77
2115.8241964546655,560.567353291072,3.00681993096698e-06,-0.8603149344136389,-1.7128413513114267,0.4850217417854372,0.35209885462292867,0.010047674179077148,67,5993,1973.0,1318.0,407.0,100,85,99,80
1176.5803202501731,373.1646196162403,2.1029847469537027e-06,0.1448747242297188,-0.47468414986188456,0.8052906527638668,0.6961110908076631,0.01004481315612793,76,5232,2482.0,1268.0,513.0,100,96,100,92
3155.1669548251343,756.0678134013764,3.222531202181856e-06,-0.7867336939741012,-1.6596400043610813,0.4259487335742458,0.32635934977598513,0.010029792785644531,61,7807,2733.0,1623.0,565.0,99,83,91,79
4111.464320709243,935.856752107456,3.5522070879355725e-06,-0.632665891778514,-1.2751661578441431,0.43007691518100466,0.3581399497884571,0.012128829956054688,57,9999,3672.0,2166.0,758.0,92,82,90,78
4433.438126894295,968.520015711257,4.338336421471495e-06,-0.8347826619914591,-1.331788727091988,0.37362624156077506,0.3167127412492222,0.012063980102539062,52,10625,3881.0,2343.0,800.0,88,78,82,74
4683.8700189230985,1016.6631181632061,3.98855348042825e-06,-0.801818172560939,-1.2675593265833487,0.36624577198500907,0.3151034700273354,0.020295143127441406,52,11021,3881.0,2425.0,798.0,89,80,83,76
4606.374394665482,1007.8577871649036,4.12567789305418e-06,-0.44748522739890184,-0.8109674091770573,0.48734281314606287,0.441931938941174,0.018263578414916992,53,12125,4930.0,2671.0,1019.0,87,81,84,77
4502.773317369979,1037.1047382474144,3.257041013400454e-06,-0.2059030499805936,-0.6734955523516657,0.5624932202678732,0.5055883989269442,0.01806163787841797,58,12520,5249.0,2756.0,1085.0,92,86,89,82
5043.705236213147,1069.4788817136,4.929598376722631e-06,-0.5621372649925376,-0.7400828333207865,0.4100638456890183,0.377679159345942,0.020277023315429688,49,13012,4806.0,2824.0,989.0,86,79,80,75
0.5863019699779287,0.1767766952966369,5.521894150463353e-06,0.5796178343949044,0.2173913043478266,0.8473564919746519,0.36842105263157887,0.038144588470458984,4,10,4.0,1.0,1.0,1,4,3,4
0.6922186552431729,0.3227486121839514,1.0302487884147481e-05,0.8340286390799414,0.01538461538461533,0.8995720897738189,0.09090909090909072,0.0301053524017334,4,10,7.0,2.0,1.0,1,4,7,4
29.57881420882183,6.760793838990606,1.2546244595518969e-05,-1.9115058691328528,-1.3891242577373966,-1.817375273339843,-1.2737636280727935,0.03214764595031738,4,60,7.0,19.0,1.0,87,4,90,4
25.746965840657808,5.966049781890862,1.4447845356831225e-05,-1.0595173402337386,-0.9615501910530944,-1.030882407380223,-0.9015977427917925,0.03255653381347656,4,62,3.0,16.0,0.0,100,4,82,4
0.2041241452319315,0.10206207261596575,1.4733793045727184e-06,0.9692873710309525,0.4893617021276596,0.9894112664125371,0.6563573883161513,0.040361881256103516,4,10,7.0,1.0,1.0,1,4,3,4
7.978486698616474,2.0207259421636903,1.6516302120018655e-05,-2.226504751847941,-1.0245319561007102,-2.195945839935987,-0.9797979797979799,0.040380239486694336,4,18,8.0,6.0,0.0,95,4,87,4
45.84586949769848,10.785793124908958,1.2630469791621875e-05,-0.7448281658002693,-0.7017931774494879,-0.7164715666145143,-0.6583413023206091,0.038690805435180664,4,115,5.0,29.0,1.0,100,4,99,4
61.63873241179878,15.007983986309865,1.3454491408806246e-05,-0.771294338945345,-0.7141215057918884,-0.7411246612433784,-0.6730745869541497,0.03858470916748047,4,177,10.0,47.0,1.0,100,4,100,4
41.579492140557306,10.131428000698289,8.610530823868657e-06,-1.3519190070911309,-1.1004689498365776,-1.2798543541619187,-1.0119072897440504,0.030139923095703125,4,118,4.0,33.0,0.0,100,4,99,4
101.23240587875011,24.498511859566765,9.896340594093486e-06,-0.5851202703716061,-0.5685778068169443,-0.5561901150272659,-0.5336951360007496,0.03235340118408203,4,311,4.0,79.0,1.0,100,4,99,4
0.1767766952966369,0.0,9.999999999999994e-08,0.9577216676453317,1.0,0.9893977947413062,1.0,0.03234553337097168,4,10,5.0,0.0,0.0,1,4,1,4
116.6577079893709,29.229515619204733,6.195338587734816e-06,-0.5863313527748895,-0.5515245143002956,-0.5563345094358376,-0.5198625028375004,0.040392398834228516,4,359,5.0,91.0,0.0,100,4,100,4
303.61082545478075,113.4507235175989,2.3643285380365287e-06,0.24941171863854694,-1.0285298011389505,0.9550447001649434,0.8956495528603933,0.01013946533203125,85,2192,1497.0,528.0,314.0,100,97,100,92
548.7922648871794,181.6489746736821,3.068024457498281e-06,-0.5416633484697713,-2.0100810097840736,0.8645653999193392,0.7473196406909007,0.010252237319946289,80,2436,1411.0,568.0,295.0,100,91,98,86
239.24946748594382,105.57243229905457,2.4646987764285513e-06,0.2802494124355628,-1.0938243389254731,0.9682776234300104,0.9046797172185119,0.010070085525512695,87,1881,1360.0,471.0,283.0,100,99,100,94
107.73903656521159,57.19527952549931,1.7199071554920195e-06,0.6957739317544165,-0.5435829924172717,0.9934858811599204,0.9701773174673466,0.010264396667480469,90,1636,1407.0,411.0,299.0,100,99,100,98
1531.2387904351606,413.0423303569099,3.1920528257073112e-06,-1.190697093516694,-2.453628401688087,0.5675443803974525,0.42648401724149765,0.010245800018310547,70,4386,1718.0,995.0,357.0,100,84,100,80
2187.7420874446034,559.7409589948467,3.370635263510394e-06,-1.2349514616081905,-2.3163963815775466,0.4063147027475936,0.27279533999495487,0.020302295684814453,66,5579,1785.0,1211.0,369.0,100,82,100,77
1656.8258055691913,477.48620024935946,2.645347166419814e-06,-0.28846050406494195,-1.0566280244058026,0.6643158028266629,0.5398711116752506,0.010046005249023438,72,5740,2228.0,1381.0,460.0,100,91,100,86
1058.1462901832483,340.2559260881362,2.1772690014386635e-06,0.02829517196310194,-0.6745603114417846,0.8050413002202169,0.6990601227386557,0.010049819946289062,79,4517,2162.0,1123.0,446.0,100,99,100,95
1086.9104798944336,345.81988274873356,2.0034100169130186e-06,0.19499882738103336,-0.38599819432458826,0.8201691402729958,0.7203819485873924,0.01002955436706543,77,4959,2443.0,1207.0,504.0,100,98,100,93
3201.299340984569,815.0753483754811,2.793792517075669e-06,-0.635326879247444,-1.2821144210085968,0.44834878737721884,0.34798521335459287,0.010032415390014648,66,8662,2534.0,1890.0,521.0,100,89,96,84
3594.0689318903565,855.027994743372,3.028248870748093e-06,-0.5543167458458251,-1.2366297459236173,0.46832601921953854,0.38531257207538117,0.012270689010620117,61,9207,3274.0,1979.0,676.0,96,85,92,81
3555.956907263612,880.1433495683949,2.967494862753701e-06,-0.25942759899808165,-0.8566849198638311,0.5474980430926213,0.4610925047805212,0.020281553268432617,62,9912,3827.0,2113.0,791.0,98,87,95,83
4740.385015049842,1057.4914248524021,3.819224380685732e-06,-0.7836655213886266,-1.3912615966779014,0.3787503207322763,0.317809621147755,0.020145416259765625,56,11179,3738.0,2375.0,769.0,91,83,85,79
4744.825208045283,1003.4185586890292,5.032943282740456e-06,-0.6772722920989842,-0.8470808900301179,0.3951868336043445,0.36332535949774325,0.02028942108154297,49,12083,4507.0,2586.0,929.0,84,77,82,73
4445.809185605564,943.8819959201586,5.758634976393385e-06,-0.4518131013278388,-0.46497141368313444,0.45190735468969156,0.4267685474091566,0.028303861618041992,46,12470,5155.0,2805.0,1066.0,80,74,76,70
4613.214021465202,988.2714757615549,5.227749517392071e-06,-0.2750574195212643,-0.36517626354316524,0.53579354678072,0.5074068571545255,0.020351409912109375,49,13577,5919.0,2934.0,1225.0,82,77,80,73
5212.802752838438,1115.0306542871367,4.674642898775838e-06,-0.5005725819696523,-0.6811010362879186,0.4404811513992335,0.4078195434830729,0.020298480987548828,50,13743,5140.0,3035.0,1058.0,84,81,80,76
4538.356872641052,970.6134391588971,6.671616652911093e-06,-0.09046103995594557,-0.02938312738748139,0.5111598377867679,0.49310180707203843,0.02028036117553711,42,14230,6099.0,3076.0,1261.0,76,72,72,68
0.30618621784789724,0.10206207261596575,1.265921612899077e-06,0.9463087248322147,0.4893617021276596,0.9795319642491642,0.6563573883161513,0.0322113037109375,4,10,7.0,1.0,1.0,1,4,2,4
3.225871975140985,0.8720187306856813,1.4032147417986437e-05,-1.0903681422873208,-0.40497193263833164,-0.6017059210209872,-0.37839879154078515,0.040253400802612305,4,10,6.0,3.0,1.0,1,4,38,4
35.450229195309866,8.057734379671082,9.385878013697459e-06,-1.4364036817675512,-1.4450428436584444,-1.363792216698097,-1.3206892443332436,0.04019045829772949,4,97,7.0,23.0,2.0,100,4,100,4
5.5537149728807655,1.5778413523967907,1.7576476759525192e-05,-6.394989463825802,-1.254938574938575,-5.806896551724137,-1.1719374772809887,0.040386199951171875,4,10,2.0,5.0,0.0,1,4,89,4
198.34521147904394,46.656769783887384,8.023351655281167e-06,-0.7013560247485122,-0.7046348108390297,-0.6614136296406032,-0.6586425684712511,0.040177106857299805,4,564,11.0,138.0,4.0,100,4,100,4
123.72785997233336,30.91486966924924,1.210910466615641e-05,-0.6399457600740659,-0.6265819839424891,-0.6056605208144055,-0.586811289310547,0.040364742279052734,4,365,1.0,101.0,0.0,100,4,98,4
153.94256234063405,36.09766843809537,9.289644615624219e-06,-0.7359599431072477,-0.7378243506619422,-0.6939434031764191,-0.6909856589568018,0.040567636489868164,4,385,8.0,110.0,0.0,100,4,97,4
161.41977496577053,39.680757301241115,8.638786280106865e-06,-0.5658646408975239,-0.5705488750969745,-0.5367327286321428,-0.5355056345960214,0.03818249702453613,4,474,4.0,122.0,0.0,100,4,99,4
117.68791120775509,51.28027561028379,2.112843940721422e-06,0.6201837657765018,-0.5513240692186681,0.9921430424626879,0.9754866714485628,0.0,91,1582,1336.0,389.0,284.0,100,99,99,97
238.33930645195727,60.01605687924969,5.251433278787083e-06,-0.4299522448103221,-0.4420629317344933,-0.4080725485461938,-0.4181018256863993,0.03016042709350586,4,798,5.0,203.0,1.0,100,4,100,4
0.3227486121839514,0.0,6.047814882299671e-07,0.39962476547842396,1.0,0.9500898382910761,1.0,0.032166242599487305,4,10,2.0,1.0,0.0,1,4,4,4
8.406346808612328,6.733003292241386,9.070223787390802e-07,0.9664592342579896,0.25274725274725274,0.9999704710356211,0.999711591249475,0.0020143985748291016,97,1112,1116.0,279.0,269.0,100,99,100,99
2084.3727623676145,541.3078779677976,3.2756066336321854e-06,-0.9922647724416502,-2.0938392782128896,0.4838661046318906,0.35863227867524794,0.010032176971435547,68,5618,1922.0,1226.0,398.0,100,85,97,80
2642.935560769195,657.0647259243598,3.42727855152886e-06,-1.1262166060512344,-2.0382128814108,0.3734598814595129,0.24995301712190143,0.010105133056640625,63,6442,2048.0,1387.0,423.0,100,82,97,77
2499.8557458381474,656.9506973510265,3.0480127002670845e-06,-0.7443844905807415,-1.5518530398782269,0.4836617173127796,0.3669483933055756,0.020289897918701172,68,6872,2147.0,1516.0,443.0,100,87,100,83
3090.6335749708087,751.0946397723371,3.472698406104601e-06,-1.0740995297372553,-2.039979806678201,0.3500100384106347,0.2399954059751861,0.01806807518005371,62,7306,2254.0,1563.0,465.0,99,82,94,77
4754.449818688948,995.5732411185892,5.1358758290962455e-06,-1.197028530901076,-1.534778772182666,0.23785246954036232,0.19721055149597577,0.020610570907592773,49,10707,3391.0,2288.0,697.0,84,75,82,71
4377.474186835401,1043.0182042318218,3.0697389980745836e-06,-0.4310246968886511,-1.0232282480189263,0.4730107201929513,0.39910801494199977,0.018279314041137695,61,11099,3886.0,2411.0,800.0,96,88,92,84
5149.208550413566,1110.6101437067591,4.106775341707771e-06,-0.6634436771714423,-1.046542127749801,0.40929222899972617,0.36942027189476,0.0182650089263916,54,12627,4405.0,2764.0,907.0,88,83,84,79
5207.87670064938,1120.944049674202,4.5810439874791465e-06,-0.4415648694674612,-0.604882147916243,0.47914253230020787,0.4472549586216642,0.020077943801879883,52,14025,5408.0,3021.0,1116.0,85,82,79,78
4887.231019551004,1036.4671411170661,5.740895936201153e-06,-0.22370040665147206,-0.2162443497514419,0.5282755985443418,0.5086904532400083,0.018074512481689453,48,14834,6161.0,3153.0,1275.0,81,77,77,73
4355.258916992485,933.0934367479645,3.9466953023945055e-06,0.008497985514660966,-0.17936804656065242,0.6575684705970583,0.6347397559314405,0.020092010498046875,53,14073,7169.0,3037.0,1492.0,87,81,82,77
5375.034418494452,1154.8193390666581,5.3559469999051044e-06,-0.3286080086247154,-0.3662687162125642,0.4817940326080272,0.45314139130861564,0.020079374313354492,49,15200,5885.0,3289.0,1214.0,82,80,77,76
22.987315342742107,5.486726407127174,1.664656756197993e-05,-0.9613243714455213,-0.8237753411690463,-0.9310974913396024,-0.765597126169937,0.030438661575317383,4,67,2.0,16.0,0.0,100,4,97,4
7.576691230345869,1.973786547054502,1.6432648372517088e-05,-3.5376698229724166,-1.4612009871126959,-3.452110127318555,-1.3535334466049962,0.03221750259399414,4,18,7.0,5.0,0.0,58,4,57,4
35.302266216207705,8.380284402492952,1.5733663844044602e-05,-1.323242600548454,-1.1139214046822739,-1.2624229028905458,-1.0237494897101551,0.0323641300201416,4,88,5.0,21.0,0.0,100,4,100,4
16.77485717773279,4.193248541803041,2.222102107159486e-05,-0.7354908652880947,-0.6444227959084268,-0.7344952281155934,-0.6187964516902422,0.040180206298828125,4,50,6.0,13.0,0.0,99,4,98,4
0.0,0.0,9.999999999999994e-08,1.0,1.0,1.0,1.0,0.032174110412597656,4,10,1.0,0.0,0.0,1,4,1,4
105.1270065206843,25.274534285191752,8.054767981940186e-06,-0.6563663495276739,-0.6307495680890298,-0.6244882755211199,-0.5918234912394549,0.03216361999511719,4,329,8.0,85.0,0.0,100,4,100,4
236.19582712232662,60.596943679803964,5.591092657864784e-06,-0.5487163750477144,-0.5183369130239495,-0.5192475630741669,-0.4879155481267623,0.032376766204833984,4,787,7.0,218.0,2.0,100,4,100,4
129.65993984265148,59.954983112331874,2.0110015738662263e-06,0.528934137025115,-0.7892394761598995,0.9902027590635873,0.9651230226046204,2.7894973754882812e-05,90,1569,1325.0,373.0,278.0,100,99,98,95
305.3918248196351,78.21032007776638,6.03083743057639e-06,-0.474909510842223,-0.4777170041319665,-0.4502877976604316,-0.451204820185245,0.03171515464782715,4,974,11.0,240.0,1.0,100,4,99,4
127.76071383645287,69.04636123649095,1.785852322584394e-06,0.7813710824989714,0.1060499234946446,0.9920547357542416,0.9656937794109153,0.002027750015258789,90,1889,1607.0,497.0,354.0,100,99,100,99
1340.8201422436023,378.59075733364324,2.849539620092588e-06,-0.7860693540919361,-1.839373593031108,0.6628477963036787,0.5354240025516166,0.01809549331665039,74,4337,1738.0,990.0,361.0,100,89,99,85
508.88707865648286,189.2960644070552,2.0079063423835964e-06,0.4413928714266283,-0.21535881223238773,0.9290183834378933,0.8535984085099321,0.010072708129882812,83,3291,2093.0,850.0,435.0,100,99,100,96
2383.180758862358,617.794392791571,3.209205250731686e-06,-0.9365077628155425,-1.727811238633481,0.4280019735555236,0.30073643778913384,0.018094778060913086,66,6274,1938.0,1385.0,400.0,100,84,100,80
3076.239041593751,737.0593685860813,3.3522748555994774e-06,-0.7425738602924439,-1.568327290870874,0.4388072014943366,0.34174935655701055,0.010051488876342773,61,7836,2773.0,1650.0,574.0,98,83,94,78
3998.496947717866,905.9078319564303,4.179990353067417e-06,-1.2673672358172672,-2.186056525320402,0.252720126400488,0.16265397816429394,0.020120620727539062,56,8491,2622.0,1849.0,540.0,93,78,90,74
4132.481799381846,913.291884704264,4.180851943882341e-06,-1.138718619402734,-1.9552347817969866,0.26214087261912344,0.18479365553869165,0.020137310028076172,55,8922,2785.0,1938.0,574.0,90,78,86,74
1573.8507608383027,482.40272729779196,2.0882847867145977e-06,0.1386480187744631,-0.37015343198880024,0.7668725875374354,0.672154577215115,0.010072469711303711,77,6488,2943.0,1628.0,608.0,100,99,100,96
3743.349511347099,891.729980977627,3.2059866080239973e-06,-0.597039445771407,-1.2888887323606912,0.4290259290233004,0.3420368956383515,0.01005411148071289,61,9288,3103.0,1976.0,640.0,97,85,94,81
4481.4884966753325,961.1121054105325,4.7186916906116945e-06,-1.4832566093706,-2.1030560901752624,0.20312951798984413,0.14270566414976626,0.018095731735229492,52,9351,2851.0,2072.0,586.0,88,76,83,71
4482.110613429839,961.8866028460392,4.81754817746396e-06,-1.2395331989569152,-1.69132607811388,0.2565178469405439,0.20042110261504553,0.02019357681274414,51,9938,3231.0,2167.0,665.0,85,75,81,71
4058.811935294238,882.8621070133206,4.401757764430262e-06,-0.6855075825949903,-1.2493339660173777,0.45616436210937084,0.402366253328422,0.02012801170349121,54,10299,4251.0,2227.0,881.0,89,78,84,74
4504.894922543465,956.0207826413113,7.163376297953828e-06,-0.5477063404674176,-0.4676232032207295,0.36657839745836374,0.3461138944059057,0.020116567611694336,43,12135,4562.0,2716.0,941.0,77,71,72,67
5229.5829704140315,1136.0236988920806,3.902033019923129e-06,-0.640698127371575,-1.0891169009192847,0.40128007417124034,0.35772198240453357,0.010054588317871094,55,12732,4308.0,2702.0,886.0,90,84,87,79
4876.234416022265,1034.4189383417147,5.2821003893354075e-06,-0.44960882665460145,-0.5367955665162014,0.4766594507353952,0.450962201952932,0.01830577850341797,50,13280,5355.0,2879.0,1107.0,83,78,81,74
4684.554168675954,998.6859885387918,6.766463847504837e-06,-0.3266954761258425,-0.30952300188868187,0.47739108306030176,0.4544156176325086,0.020328044891357422,46,13492,5519.0,2950.0,1141.0,81,75,73,71
4982.6121628636965,1052.490429148064,7.337257424173977e-06,-0.27593685180805805,-0.19651585251044246,0.41221146672866393,0.3985935209645466,0.029185771942138672,42,14361,5344.0,3097.0,1101.0,76,72,71,68
4862.288224465697,1044.61441583858,6.745867554006001e-06,-0.09134569533709191,-0.045688317268954615,0.5490953232409335,0.5278702288619908,0.016108989715576172,46,15193,6638.0,3388.0,1375.0,78,76,74,72
4673.113973905917,1014.088462529806,8.830549247762987e-06,0.0524096170623084,0.11654051874742,0.511627546246946,0.4926198942680309,0.020101308822631836,39,15394,6455.0,3392.0,1335.0,72,69,68,66
10.640429972515209,2.5186802099512358,1.0949286443211078e-05,-3.8221163400082254,-1.4119806922727833,-3.71335646140503,-1.3305652290383074,0.04025697708129883,4,20,4.0,6.0,0.0,97,4,80,4
14.66962564848424,3.3478849044334447,1.349435155557774e-05,-1.9712398893161964,-1.2141815999314067,-1.919933966157656,-1.1116257163042622,0.03817296028137207,4,34,4.0,8.0,0.0,85,4,79,4
0.9574271077563381,0.3535533905932738,8.584132580421196e-06,0.6841987215431199,-0.02218278615794156,0.8407989000651277,0.04458598726114649,0.04011416435241699,4,10,6.0,2.0,1.0,1,4,26,4
15.617164702126098,4.169582313213959,1.8271064365306e-05,-1.0934094795310525,-0.7802864476271956,-1.0874436883223866,-0.7383424815906507,0.04025912284851074,4,40,5.0,14.0,0.0,89,4,88,4
90.25098106576644,21.557094733134456,9.095729447088829e-06,-0.9629645435649232,-0.8640379148899688,-0.9102447370448052,-0.8057305595166153,0.030178546905517578,4,260,9.0,64.0,1.0,100,4,97,4
89.47567174005084,21.52203328374591,1.058647835282603e-05,-0.6120901975455884,-0.6603632095084329,-0.5818952375540181,-0.61763416592364,0.03819704055786133,4,246,3.0,57.0,0.0,100,4,98,4
0.6692657668420421,0.3818813079129867,6.582315982036074e-06,0.4122170012815036,-0.0803858520900318,0.8695823602559825,-0.015228426395938799,0.038163185119628906,4,10,4.0,2.0,0.0,1,4,13,4
0.5103103630798288,0.22821773229381923,2.0895784554824917e-06,0.763779527559055,-0.019108280254777066,0.9264705882352942,0.4285714285714284,0.03851795196533203,4,10,5.0,2.0,0.0,1,4,4,4
1254.5970085434421,362.462411844318,2.8310806722342386e-06,-0.5079776677239467,-1.5725066660912157,0.7149315968933898,0.5906522843980924,0.008027315139770508,74,4344,1911.0,1020.0,398.0,100,90,100,86
1623.105357023998,473.62326800950143,2.7382747163654675e-06,-0.4637663008361874,-1.250966088887659,0.6517390008560215,0.5241069054762787,0.012071609497070312,74,5322,2004.0,1257.0,414.0,100,92,100,88
3402.306502445858,787.7133005747961,3.9281790989819874e-06,-1.4497134055238812,-2.4820867242240428,0.22184663639937185,0.11759344894880464,0.020099163055419922,59,7098,2034.0,1512.0,420.0,97,78,92,74
3014.2220223467284,759.0546752375616,3.1599684364342857e-06,-0.8481966723104406,-1.6147214617241978,0.40763516536391065,0.30038848738908364,0.02010512351989746,65,7766,2243.0,1716.0,462.0,100,86,99,81
2904.545778915902,765.0257472395252,2.952436388545167e-06,-0.602795521093815,-1.3155907049320414,0.4806768230056392,0.3676442247782091,0.018083572387695312,67,7926,2465.0,1745.0,507.0,100,88,96,84
3907.3635776831834,932.0545406072902,3.5195497948341495e-06,-1.0087821490136353,-1.8561779395757934,0.3386519788929039,0.2432340553039447,0.02011585235595703,61,8868,2652.0,1914.0,546.0,96,83,93,79
3473.3055341177997,870.1138814354513,2.9656693016041333e-06,-0.5370712788724128,-1.189778358279285,0.47047607614706577,0.37357967792514124,0.0180814266204834,64,9170,3002.0,2039.0,618.0,100,88,96,83
4134.248674184948,953.6400002097228,3.4495941838427043e-06,-0.6811830111162234,-1.436387523075148,0.45734159444024625,0.3864741158293922,0.010034799575805664,60,10033,3701.0,2195.0,764.0,96,85,90,80
4663.137233080907,979.3173689314966,6.524622111470609e-06,-1.107747952133281,-1.1246003620972536,0.19633872079000936,0.16615442780386103,0.02028822898864746,45,10765,3372.0,2364.0,693.0,80,71,77,67
4668.652852626047,1005.3607147022738,4.625707030326825e-06,-0.9601835374118786,-1.419273987565671,0.3269989574936374,0.27580406856392614,0.020328760147094727,52,10715,3675.0,2316.0,757.0,86,78,82,74
4799.040557520562,1014.6833541016177,6.86463599369618e-06,-0.46572769975629247,-0.41405654811475934,0.40562129333347363,0.38584523054204267,0.020111560821533203,45,13156,4911.0,2822.0,1013.0,78,74,73,70
4961.901873615583,1045.7808938616645,8.481229513867563e-06,-0.27149036007053384,-0.1658348569090482,0.3942135876690932,0.3852401048717464,0.022325515747070312,41,14250,5223.0,3113.0,1076.0,74,71,69,67
4691.894735899981,1014.3321039094034,4.291647408184218e-06,-0.08387542735606757,-0.2647085038058574,0.6038776845680105,0.5745181017645049,0.02027606964111328,53,14169,6608.0,3089.0,1373.0,87,82,81,78
4973.140682707458,1067.8446480212804,5.643776245722884e-06,-0.24481115907757078,-0.28035039059356137,0.5124084601959611,0.4842228598695222,0.0202939510345459,48,14702,6030.0,3273.0,1246.0,82,78,78,74
4802.705754430138,1033.8365353469483,6.847827771406113e-06,0.016563723441069267,0.06814670941165246,0.5703913132310152,0.5504395069542194,0.020105361938476562,45,15743,6997.0,3424.0,1452.0,77,75,74,71
1.1273124382057236,0.30618621784789724,3.157363752135481e-06,0.5999453477250991,0.03571428571428581,0.7702058729351489,0.18181818181818155,0.03838086128234863,4,10,6.0,2.0,1.0,1,4,8,4
0.8599903100229289,0.4208127057650866,6.263297193562863e-06,0.6602701490305538,-0.05222437137330749,0.8219435736677116,0.0,0.030587434768676758,4,10,5.0,3.0,0.0,1,4,22,4
21.1979755322688,4.848754135514263,1.2108781849916723e-05,-1.5770440877772907,-1.1015101403450913,-1.544517855215294,-1.0300596335638925,0.03213047981262207,4,54,7.0,14.0,0.0,100,4,94,4
15.515113599326304,3.755551446414583,1.2130148783252966e-05,-1.8480440802472065,-1.210950655712609,-1.798855217468713,-1.1086729688059678,0.0403902530670166,4,35,3.0,12.0,1.0,98,4,98,4
0.5590169943749475,0.28867513459481287,7.846054746009855e-06,0.7806048602117773,0.019157088122605415,0.8986623429266315,0.11111111111111116,0.04058432579040527,4,10,6.0,1.0,1.0,1,4,3,4
0.2041241452319315,0.0,9.999999999999994e-08,0.5932203389830507,1.0,0.9797355489133188,1.0,0.0403745174407959,4,10,3.0,0.0,0.0,1,4,1,4
103.1927302833554,25.0024998750125,9.86456617410802e-06,-0.6401918088869083,-0.6297053991300923,-0.6074358746803856,-0.589664584269282,0.03842520713806152,4,290,5.0,75.0,0.0,100,4,97,4
48.26629690235897,11.784081777267728,8.50499064651092e-06,-0.5836751180550481,-0.6006663940054557,-0.5628511514693437,-0.5654724718283066,0.03836941719055176,4,148,5.0,34.0,0.0,100,4,99,4
274.9352196427369,67.33861881070426,6.227056423806469e-06,-0.62971663955415,-0.6224070127358032,-0.5935650241313246,-0.5839072684115378,0.030162572860717773,4,834,9.0,210.0,1.0,100,4,100,4
261.6025133671311,66.55182817423825,6.691447611696871e-06,-0.48501390156894875,-0.47978875556529377,-0.4595486321988409,-0.45263539090151306,0.030121326446533203,4,886,5.0,214.0,2.0,100,4,99,4
42.871902220452036,41.00870987624807,2.0125484828091648e-06,0.9020679876212162,0.03915487045544652,0.9989573434876786,0.9852436904492281,0.0,93,1429,1329.0,377.0,295.0,100,99,100,99
219.9427955931572,89.71157487563501,2.2340796190080856e-06,0.48507967765255844,-0.6909788083412609,0.977193279920869,0.9388146363058242,0.010033130645751953,88,2042,1547.0,497.0,325.0,100,99,100,95
0.816496580927726,5.773502691896258,1.3994514779731879e-06,0.9997226331360947,0.6583143507972664,0.9999997741770306,0.9998198431395835,0.00801396369934082,97,1178,1179.0,288.0,280.0,100,99,100,99
1837.162029742998,466.6334371922809,3.817027036073127e-06,-1.4741345554511915,-2.733704266304693,0.4177436528575238,0.27941756249505,0.010051488876342773,66,4588,1661.0,1050.0,346.0,98,80,98,76
2220.0950365758154,557.3000730563126,3.451256213920373e-06,-1.2210078327850473,-2.3928853898047557,0.42581715553328814,0.30054461478670325,0.010061502456665039,65,5546,1907.0,1213.0,395.0,100,82,99,77
2803.6429964034387,669.0941062936686,4.0036188359621014e-06,-1.4627996920407016,-2.685862692617926,0.32261663156998976,0.20383181877402246,0.010033369064331055,61,6345,2168.0,1321.0,450.0,97,78,92,74
2353.8140458625867,610.345726822102,3.1999705797542277e-06,-0.9456933316663978,-1.7815120940098135,0.4405209953868542,0.31984194941954747,0.010656356811523438,68,6251,1860.0,1357.0,384.0,100,86,100,81
2904.895559314709,708.0530756198556,3.674902218288195e-06,-1.0286761823019681,-1.9948781283522101,0.38257929005250624,0.2694957279616682,0.016575336456298828,62,6952,2309.0,1461.0,478.0,100,81,97,77
2405.296957663534,630.0902292288756,3.024489696545224e-06,-0.6731682064255933,-1.454335102741398,0.5089322351569874,0.3911514891519038,0.012082815170288086,67,6824,2267.0,1515.0,468.0,100,87,99,82
2623.4111872031913,674.2446779280396,3.2517125382727434e-06,-0.765533200625983,-1.6097007434119361,0.4550668238451363,0.334049336893915,0.020103931427001953,65,7008,2272.0,1536.0,469.0,100,85,98,80
3022.5366246017306,755.3865975543291,2.9712551241331414e-06,-0.6524928807007353,-1.4452245871486502,0.47963399419400854,0.3826952621612716,0.02012181282043457,66,8211,2608.0,1751.0,538.0,100,87,99,83
4314.425182010089,966.6893996257729,3.930032982614603e-06,-1.0700147580325314,-1.846953001333572,0.29128231090289014,0.21690937065998328,0.0211031436920166,57,9388,2848.0,2048.0,586.0,92,81,88,77
4667.590712972785,1015.207766179238,4.541293768015835e-06,-0.8221359566890074,-1.2938573253280627,0.36476857420274456,0.3125393859949622,0.02012920379638672,53,11151,3847.0,2410.0,793.0,88,80,82,75
4734.979208733958,1023.1686863436965,6.793411359687288e-06,-0.05865936822069284,0.004535087981441199,0.5307810919811649,0.5095771812375809,0.022144317626953125,44,15118,6384.0,3352.0,1322.0,76,73,72,69
1.0257111354242643,0.30618621784789724,5.5984539350237425e-06,0.1983464241422076,0.03571428571428581,0.6652414570282721,0.11678115799803768,0.040714263916015625,4,10,6.0,2.0,1.0,1,4,18,4
0.30618621784789724,0.10206207261596575,1.100614093038094e-06,0.9315101070154578,0.4893617021276596,0.9780251977732201,0.6563573883161513,0.040624141693115234,4,10,8.0,1.0,1.0,1,4,4,4
21.50992987746202,5.234102915814068,1.8777482609386323e-05,-0.5827796059041987,-0.525088945400511,-0.5802285188964262,-0.5046110894986156,0.040244340896606445,4,64,9.0,20.0,1.0,99,4,98,4
42.97588955837137,9.692135987490063,7.836804228139437e-06,-2.279357725784237,-1.8329630126541683,-2.126198959585188,-1.6609697874588,0.04021430015563965,4,98,9.0,30.0,3.0,99,4,99,4
26.730912192939968,6.827487336739141,8.812289306011876e-06,-1.5156573042206647,-1.3636733773129177,-1.4746647734016465,-1.2693158076228728,0.04018878936767578,4,79,12.0,19.0,1.0,100,4,93,4
277.73075990966504,65.23690800970465,1.0802636349832494e-05,-0.6977365673801608,-0.7398808032472846,-0.6554623402784787,-0.6898687454564525,0.04021787643432617,4,765,5.0,175.0,0.0,100,4,100,4
160.46657232375014,39.418428431382196,6.448232703400065e-06,-0.7647186065031422,-0.7308664669231388,-0.716478045920586,-0.6825008563873636,0.04038691520690918,4,455,10.0,113.0,2.0,100,18,100,4
66.0208300462816,16.85353573190702,7.4269847837253894e-06,-0.8502654564642553,-0.7983298114099326,-0.8079789319728699,-0.7472766884531585,0.040404319763183594,4,202,7.0,56.0,0.0,100,4,100,4
82.60296604844163,40.77223319858749,2.0276874823239687e-06,0.6418746699120531,-0.9387710474524382,0.996404628894668,0.9848318335184749,0.010033607482910156,92,1487,1321.0,348.0,281.0,100,99,99,97
21.32604042010612,14.926486525636232,7.123240923826602e-07,0.8844465222163502,-4.660569105691057,0.9997765937258346,0.9981346600934589,0.0,95,1223,1228.0,285.0,277.0,100,99,98,99
228.4446048826717,58.20402334317907,8.101745941393785e-06,-0.5543413411290306,-0.5346360133218535,-0.5234548019035998,-0.5025042970273865,0.0321502685546875,4,727,3.0,196.0,0.0,100,4,100,4
8.558621384311845,12.835497652993435,1.4116312573985501e-06,0.9719368819289802,0.19314355677992046,0.9999654720277371,0.9987608815611297,0.002016305923461914,96,1132,1138.0,278.0,267.0,100,99,99,96
1057.0555606652533,314.0382805752615,2.9838290639599973e-06,-0.5276890596066122,-1.6192051874747673,0.7377128622028843,0.6093571512413318,0.010030984878540039,76,3766,1705.0,904.0,355.0,100,90,99,86
2802.1039055140864,679.2240007856342,3.804160920805502e-06,-1.3293656667018432,-2.395368844598191,0.3151478264087916,0.19907050559042017,0.020352840423583984,63,6398,1936.0,1332.0,401.0,98,80,96,76
2885.8952332503854,710.097747363566,3.7096086064663947e-06,-1.1082992437154742,-2.1559446049084103,0.3891540757860926,0.2724731528496016,0.01829838752746582,63,6901,2303.0,1501.0,477.0,100,82,96,78
3465.344387647496,808.997357844882,3.929038154990554e-06,-1.137398395755171,-2.055889951318252,0.30779705467692253,0.21070104932555211,0.010043621063232422,60,7617,2403.0,1621.0,497.0,95,80,93,76
3487.769677745364,832.8210041779686,3.6533743148594105e-06,-1.0561670238626486,-1.8677230564841416,0.316584986682228,0.21275737064179057,0.012073278427124023,60,7949,2389.0,1701.0,492.0,98,81,93,77
1150.44320652024,363.3393402736293,2.089432504382728e-06,0.10062632864458732,-0.47830609313597594,0.7994207983712147,0.7007376608189442,0.010193347930908203,79,5031,2358.0,1252.0,486.0,100,99,100,95
3994.583177999608,869.6981256661613,4.932656632979802e-06,-1.659207486474437,-2.640699142307105,0.2177978763273729,0.14258769632031332,0.018058061599731445,53,8313,2705.0,1767.0,558.0,88,75,82,71
4244.896254652869,917.1732127181101,4.6279360258017555e-06,-1.0472219516091608,-1.6856515376730106,0.3283633395904417,0.2686446086337202,0.01809072494506836,53,9704,3424.0,2125.0,707.0,88,77,85,73
4546.179835239652,957.4445744833208,6.063116430646901e-06,-1.0077962462326697,-1.124719007895009,0.27698694024843096,0.2442442573985133,0.020302534103393555,47,10874,3710.0,2343.0,765.0,82,73,78,69
4889.430139483423,1051.1785237955012,4.087320983395359e-06,-0.7902710336138481,-1.3000017085726503,0.3796973252013027,0.33487049645125844,0.021024227142333984,55,11563,3940.0,2499.0,812.0,88,82,85,78
4137.597623541906,882.1614215011364,6.325484149733963e-06,-0.442983089318036,-0.5034467455371017,0.4762820468679638,0.4482401691473128,0.028120994567871094,47,11639,5046.0,2567.0,1047.0,81,74,76,70
4598.4822540503865,979.1874286407906,5.24250069687323e-06,-0.4911031292858161,-0.6370386366333076,0.48909269773449593,0.460276411986164,0.020089149475097656,51,12557,5197.0,2699.0,1076.0,84,78,81,74
5308.883149181819,1141.096411716965,4.63009819346861e-06,-0.7615261807258393,-1.0272362682800034,0.35180832068925594,0.3122651912762461,0.020173072814941406,52,12810,4172.0,2814.0,857.0,85,81,83,77
4724.650384506133,1037.9651829084792,3.5911884682406964e-06,-0.1039090219007619,-0.45553508268778864,0.5983989756553575,0.5639287412154661,0.020091533660888672,57,13848,6140.0,2958.0,1275.0,90,85,86,81
4617.212670338811,986.2010295006974,6.4345504264835725e-06,-0.20861235808986556,-0.19797588285833934,0.5591620552595877,0.5380002829033197,0.020130157470703125,49,14088,6244.0,3072.0,1296.0,80,77,76,73
4511.566600270824,968.624963933264,5.972804462238649e-06,-0.0647315967340758,-0.042268000284910956,0.5843502487985514,0.5632466223442488,0.020119428634643555,47,14300,6682.0,3082.0,1388.0,80,76,77,72
5426.319199051969,1220.3381191292847,3.21449355072325e-06,-0.13552160573640837,-0.5309300329972269,0.5797482059042263,0.5421538616016712,0.01809072494506836,60,15313,6342.0,3353.0,1312.0,93,89,88,85
4496.806326486725,974.4514991203672,7.985238149637874e-06,0.16812406304265792,0.23001219686992636,0.5963384499962427,0.5796518610062409,0.020406246185302734,42,15813,7305.0,3403.0,1519.0,73,71,70,67
7.646486121088562,1.8114220932736798,1.6526113500979344e-05,-1.6848029177441295,-1.001191185229303,-1.6460937941958478,-0.9415680473372783,0.040430307388305664,4,21,4.0,5.0,0.0,89,4,85,4
72.94739828579678,17.83518292589117,9.107791759244352e-06,-0.9785988626830626,-0.8537653882246405,-0.9265435934289938,-0.7948888252785611,0.04062461853027344,4,216,9.0,58.0,1.0,100,4,100,4
87.73652555615972,21.62271182499241,1.0556331061396921e-05,-0.7661742330203305,-0.7218045112781954,-0.7268093199692409,-0.6751042648279983,0.040244340896606445,4,245,5.0,71.0,0.0,100,4,99,4
42.374938544694864,10.876197252103635,8.178234897323984e-06,-1.1485119527915075,-0.8601273554965565,-1.1007019847728627,-0.8096317154052943,0.04041123390197754,4,133,8.0,37.0,0.0,100,4,100,4
112.01088116785797,28.19020219863632,8.462183373735728e-06,-0.6718924477832049,-0.6429686516796718,-0.636369764858983,-0.6028779106657669,0.04061269760131836,4,319,5.0,78.0,1.0,100,4,99,4
260.0361953972306,64.76117985851297,8.179412305575013e-06,-0.5314376973985917,-0.5339390564409567,-0.5028360901570017,-0.502674116123446,0.04040670394897461,4,786,7.0,189.0,1.0,100,4,100,4
0.3679900360969936,0.27003086243366087,2.8362734040230375e-06,0.8957828810020877,-0.0786516853932584,0.9660210669384981,0.14529914529914545,0.04033923149108887,4,10,6.0,1.0,0.0,1,4,3,4
33.10966626228661,28.679260799399973,1.2877824540867456e-06,0.8504484840216909,0.2808350183070113,0.9995001893666798,0.9942341171703452,0.008230447769165039,96,1239,1174.0,326.0,275.0,100,99,100,99
949.7160902995763,275.99897605355113,3.23082649342395e-06,-1.0099966984027615,-2.2765471366643144,0.7252421460539046,0.591987470278674,0.010048151016235352,77,3228,1459.0,785.0,305.0,100,89,100,85
0.67700320038633,0.2041241452319315,4.2096726899345755e-06,0.14285714285714268,0.1560439560439565,0.8467112597547379,0.6074582924435723,0.04019737243652344,4,10,4.0,2.0,1.0,1,4,4,4
20.310096011589902,14.739402972983676,7.555941476337623e-07,0.9444832314123971,0.6287911149081589,0.9998002896347382,0.9984365874940061,0.008015155792236328,96,1230,1205.0,312.0,294.0,100,99,100,99
1215.9525162353711,356.1307161092985,2.9308077025398464e-06,-0.6444767358774504,-1.5583664470575451,0.6847490814099987,0.5573469964695774,0.00955963134765625,77,4057,1593.0,965.0,330.0,100,92,100,87
3583.562805498514,818.3161573214435,4.1723060138069305e-06,-1.4041992955556468,-2.519835522874165,0.2682383946221877,0.1717085712637907,0.02008652687072754,58,7657,2438.0,1665.0,504.0,94,78,91,74
3712.8687637084263,823.6903702769364,4.379461242103563e-06,-1.4589209179760103,-2.427738838979801,0.20724211604780296,0.11726889619014791,0.020300626754760742,54,7763,2465.0,1647.0,509.0,89,75,86,71
4356.185576911044,990.0657529285371,3.734965329197413e-06,-0.8989976395156054,-1.5799942619576597,0.31930068638082454,0.24525628301944313,0.0202944278717041,59,9648,2872.0,2086.0,591.0,93,83,91,79
4401.581390347003,941.1777246800746,6.478260413617614e-06,-0.58745432187605,-0.5913630060706341,0.42014195722429726,0.3919621042279614,0.02047872543334961,47,11867,4708.0,2575.0,974.0,81,73,78,69
4452.54705244507,953.8011998386033,8.577577529774905e-06,-0.30214000330262847,-0.20268377196979936,0.4032115528064478,0.38641558392289166,0.020299434661865234,41,12974,4905.0,2832.0,1013.0,74,69,70,65
3947.0396382922227,1053.312661321414,2.414576342411128e-06,0.01927492861899671,-0.40061563559447744,0.6215686359151045,0.5409666692061159,0.02010512351989746,68,12663,4871.0,2776.0,1005.0,100,96,98,92
5521.915167428695,1210.5448609882726,3.874846532655894e-06,-0.5343259443134001,-0.9316844479872053,0.44608462924372316,0.4057473289867555,0.022091388702392578,57,13651,4831.0,2988.0,995.0,89,86,87,82
5100.6150558806,1089.0380206149039,7.927222639282666e-06,-0.27763666931129705,-0.17470072681142557,0.402318134131031,0.3873943700794622,0.02212977409362793,42,14675,5319.0,3208.0,1096.0,76,72,70,68
4582.769869693593,983.2923468052186,7.364271128780159e-06,0.029574759865106603,0.07970254518196307,0.5655905298656081,0.547721569878622,0.020081758499145508,44,15115,6727.0,3282.0,1396.0,76,73,74,69
0.4208127057650866,0.27003086243366087,7.002123391883164e-06,0.6494092373791622,0.04545454545454519,0.9223744292237444,0.14529914529914545,0.030139446258544922,4,10,4.0,1.0,1.0,1,4,2,4
32.130106598018,7.580814600028153,1.1481592432328024e-05,-1.7444933907997067,-1.6755577109602329,-1.6671701111166133,-1.5195117161633283,0.038168907165527344,4,76,7.0,22.0,1.0,99,4,99,4
0.5496210815947049,0.27003086243366087,6.808305047292297e-06,0.7888349514563108,-0.0786516853932584,0.9191209281570727,0.2222222222222222,0.0401766300201416,4,10,6.0,1.0,0.0,1,4,2,4
41.40488598382241,10.015612812005065,1.596400473886055e-05,-0.692955747114613,-0.6518482518082276,-0.6661672251637529,-0.6098725475773341,0.03871011734008789,4,130,4.0,39.0,0.0,100,4,100,4
18.627097197362772,4.58143900246782,9.369768198946195e-06,-1.994743195796055,-1.270449183675865,-1.9342379737557964,-1.1736785329018335,0.030326128005981445,4,37,5.0,12.0,0.0,90,4,80,4
196.79245624091726,46.92502885809804,9.41788785057674e-06,-0.9512936482055057,-0.8929541140769588,-0.8875677140949787,-0.8276729894715216,0.03253650665283203,4,537,5.0,138.0,0.0,100,4,100,4
79.83511654236707,19.896345979433846,9.89376872263562e-06,-0.6638661989107961,-0.595782009240633,-0.6327146413892935,-0.5615068008525155,0.0404205322265625,4,259,6.0,67.0,1.0,100,4,100,5
147.2023479771977,36.26335960718477,9.07505742276855e-06,-0.5720782248500482,-0.5635171488122543,-0.5415664672930718,-0.5290505432215402,0.04027843475341797,4,459,4.0,115.0,1.0,100,4,99,4
468.24538101523785,150.5755624263114,3.042785339271268e-06,-0.9365880244162392,-2.951807944410755,0.8851566042129633,0.7823888805727524,0.002017974853515625,81,2199,1326.0,524.0,289.0,100,90,100,81
64.62713568360172,35.742132001323036,1.622900779912223e-06,0.7513773785823418,-0.0004568296025582175,0.9979628943465054,0.9899661133459253,0.0020177364349365234,94,1431,1302.0,353.0,292.0,100,99,100,99
276.87316590814646,69.09036956527781,8.254847625761207e-06,-0.5192734893151116,-0.5334426448935885,-0.4910064216154042,-0.5014060836017549,0.04017806053161621,4,884,3.0,233.0,0.0,100,4,99,4
1924.5602582148474,501.2533977440951,3.6901200849449534e-06,-1.3303869636244725,-2.515202403231649,0.45138835082920403,0.31449882142552854,0.012077093124389648,68,5013,1675.0,1120.0,348.0,100,83,100,78
0.1767766952966369,0.0,5.761841543175181e-07,0.7798165137614679,1.0,0.9824561403508772,1.0,0.040187835693359375,4,10,3.0,1.0,0.0,1,4,3,4
3355.446987687257,800.5855709480758,3.8592087856503225e-06,-1.2188101541240632,-2.0326643485578892,0.24651327456486538,0.1387059104020032,0.020088911056518555,61,7332,1979.0,1578.0,408.0,97,80,96,76
2564.53634942069,676.1376292959889,2.9737436319005747e-06,-0.5434761921199887,-1.2314536630718784,0.5117650751898823,0.40026556429378723,0.020105838775634766,68,7287,2368.0,1687.0,489.0,100,88,98,84
3726.946450125795,878.7766766183664,3.5737747183258696e-06,-0.9439798400735835,-1.8475430279447909,0.37834454049658595,0.29031047233539686,0.020105600357055664,62,8657,2745.0,1848.0,566.0,96,83,94,79
3924.330915756677,888.6319797613326,4.147341334664458e-06,-0.8378003552708384,-1.5460264567701798,0.3896844356685516,0.31152720972397063,0.018088817596435547,56,9257,3433.0,1995.0,710.0,91,79,87,75
4440.604606664196,980.1055369889325,4.487745690673262e-06,-1.0837336918197265,-1.8407843053486843,0.3264094125532072,0.2598973514672571,0.01207423210144043,56,9876,3272.0,2132.0,675.0,91,80,86,76
4041.5162872367596,948.5889125432576,3.4627149777961965e-06,-0.5689135291011163,-1.2428790778840701,0.4437878038787576,0.366779276280392,0.018085002899169922,60,9914,3479.0,2178.0,718.0,96,85,90,81
4590.897670505478,1085.5208548506976,3.342170314506313e-06,-0.48493310518697696,-1.1085075439111534,0.4684886934177367,0.4009720799371532,0.01807570457458496,62,11538,3935.0,2484.0,811.0,96,89,91,85
4358.444888042668,1049.8944433157378,3.047542084857867e-06,-0.279986798109469,-0.8178960133874011,0.5108270441024261,0.43908599273054816,0.018071413040161133,62,11628,4189.0,2525.0,864.0,96,89,93,85
4742.406809358993,997.9273885044306,7.185074124334553e-06,-0.8057916092775108,-0.7530888543092493,0.2960574195068978,0.27515022891840657,0.02814197540283203,45,11838,4022.0,2539.0,828.0,79,72,75,68
5039.158201029216,1136.2275850374342,3.272542435809168e-06,-0.0838305479949546,-0.4619459714595775,0.6023759058715765,0.5647245349158945,0.02009129524230957,60,14570,6262.0,3174.0,1299.0,92,89,91,85
4379.538006456845,934.1726731891345,1.0082811626759532e-05,0.12584440682486808,0.19776909536689857,0.5546064644325017,0.5453382914025033,0.03014516830444336,40,14861,6665.0,3304.0,1385.0,71,68,68,64
36.208884729211604,8.52752895040527,1.1485330119025953e-05,-1.7998093442187253,-1.521582084161098,-1.7153138098421712,-1.4221165155662883,0.04020571708679199,4,97,7.0,24.0,1.0,100,4,98,4
29.224882377864244,7.057797106746552,1.2905302045541608e-05,-1.1480091560157577,-1.0151795159938022,-1.111950124873272,-0.9433020692794101,0.0401761531829834,4,87,6.0,24.0,1.0,100,4,100,4
26.6020049369717,5.786118445613317,1.5123979060697069e-05,-0.6089237291146135,-0.6105230191042907,-0.5936957808912275,-0.5721301532019802,0.0404660701751709,4,75,3.0,17.0,0.0,99,4,99,4
5.555590277669271,1.4068285846778443,1.9213875078359286e-05,-2.3847142398172276,-0.9396001701403656,-2.2560439560439556,-0.8858560794044665,0.04019880294799805,4,12,3.0,5.0,0.0,60,4,60,4
18.69547627992754,4.400520802511145,1.3433536878401645e-05,-1.1686232082614372,-0.9029461629506415,-1.1327634777125768,-0.8454177255400257,0.04048442840576172,4,52,2.0,17.0,0.0,100,4,100,4
0.5,0.22821773229381923,2.568565291585748e-06,0.694267515923567,-0.05494505494505453,0.896458000776565,0.11347517730496448,0.0403745174407959,4,10,4.0,1.0,0.0,1,4,4,4
0.1767766952966369,0.0,9.999999999999994e-08,0.7352941176470589,1.0,0.9860491071428571,1.0,0.040305137634277344,4,10,2.0,0.0,0.0,1,4,1,4
92.60039596747593,23.1896618489073,7.705204098380776e-06,-0.5341417291217097,-0.5031154159711169,-0.5082065104633677,-0.4745033030302077,0.04025602340698242,4,269,4.0,76.0,1.0,100,4,100,4
85.13549250067996,22.227516730395234,7.141776354067558e-06,-0.6479269854251892,-0.5989639154332491,-0.6162053637876046,-0.5628444361848408,0.032174110412597656,4,287,5.0,74.0,0.0,100,4,100,4
47.89108012517107,35.11409973215888,1.7185249184831509e-06,0.890484589392371,-0.27259174311926615,0.9986404704523897,0.9879814111192319,0.0020155906677246094,91,1468,1358.0,356.0,288.0,100,99,100,96
72.23644624887541,19.605218267934006,9.992451827908004e-06,-0.4479289848898871,-0.43465159831258604,-0.42841667446309906,-0.41013274715061376,0.03244829177856445,4,264,2.0,71.0,1.0,100,4,98,4
110.66114444053473,58.75372328627353,1.8277914730200675e-06,0.7488892736875202,-0.18426469467103757,0.9938204583142347,0.97375740337835,0.002022266387939453,91,1666,1489.0,424.0,325.0,100,99,99,99
94.33451118228153,48.68778080791935,1.7425705547582063e-06,0.7669213795090394,-0.06431698282635545,0.9954686576818247,0.981577917786941,0.010061502456665039,92,1658,1450.0,423.0,321.0,100,99,100,99
1535.9622840197069,418.2249023737315,3.3738744500883848e-06,-0.8663694729394322,-1.9840962800939188,0.5948615625493479,0.46022724155925443,0.010066032409667969,71,4573,1806.0,1026.0,376.0,100,86,97,81
1801.2177084776104,477.10823370244475,3.335650402885431e-06,-1.0343067090564757,-2.0420579738159645,0.5257367968610844,0.39562918678979864,0.010048389434814453,70,5064,1768.0,1147.0,367.0,100,85,99,81
2332.8235497537557,586.485732380349,3.5995508553446856e-06,-1.0684616333333103,-2.0868697738556943,0.4270059986047735,0.30388557112777037,0.010071039199829102,65,6049,2010.0,1314.0,417.0,100,82,97,78
3565.849213530539,792.1728604976889,4.7573892515791355e-06,-2.211130477365406,-3.644053151103222,0.07401446244468757,-0.030487194322462052,0.020096302032470703,56,6740,1818.0,1437.0,375.0,94,73,88,68
2608.253310806551,672.9668144368884,3.2465030069326166e-06,-0.6878028514661845,-1.4698600437291356,0.49073136785909355,0.3770148796475328,0.012083292007446289,67,7218,2368.0,1600.0,490.0,100,86,99,82
3142.722528619396,758.6395718653226,3.614706207918975e-06,-0.8990681411474044,-1.8769796509749122,0.42734628506813777,0.3280159173989028,0.01993584632873535,63,7606,2652.0,1626.0,550.0,97,83,93,79
2481.7317542393657,663.4026869104466,2.9164393625051823e-06,-0.28530554595372815,-0.967006484135831,0.6045982954959159,0.49630810449952223,0.012112140655517578,68,7739,2931.0,1696.0,608.0,100,89,99,85
3818.4658105502876,876.7491367435088,4.097996168267134e-06,-1.231827348895684,-2.2117752583732058,0.2843531942882237,0.19221183771654593,0.010064363479614258,59,8209,2526.0,1739.0,521.0,95,80,92,75
3743.7955901801893,891.1238321414854,3.6835589323876496e-06,-1.0298300859343983,-1.905785654607414,0.33066757764326404,0.23616936197112637,0.015602588653564453,62,8371,2477.0,1797.0,511.0,96,83,93,79
4247.021032697379,925.8851229334907,4.829480078730034e-06,-1.4032303614858614,-2.2061876999619714,0.2095171166274722,0.13648647259895086,0.01806473731994629,54,8925,2676.0,1913.0,552.0,89,76,86,72
4447.950726645549,992.1878902323941,3.795549104128676e-06,-0.7131452745567946,-1.389826684215227,0.40154703421240623,0.3420260120170475,0.018084287643432617,58,10560,3606.0,2260.0,744.0,91,83,88,79
4620.335891979822,970.1719746402482,6.437133484310728e-06,-0.9601525746001096,-1.058233526442244,0.29299292848971625,0.263300172812736,0.020092010498046875,47,11163,3807.0,2412.0,785.0,80,74,80,70
4880.322876386129,1053.2594172377478,4.461484544800696e-06,-0.7827595021058207,-1.2671333514532193,0.38841015926031885,0.3431022041459043,0.020249605178833008,55,11712,4055.0,2515.0,837.0,88,81,87,77
4881.582618372857,1045.4242009825484,5.589820785811261e-06,-0.6183009108827011,-0.7563933585971665,0.41403087348148826,0.38032421158467833,0.020117521286010742,50,12447,4682.0,2714.0,966.0,83,78,80,73
4410.613465033071,942.1847959159458,8.30689560478627e-06,-0.3003283176520142,-0.1942995119445472,0.4380012141758096,0.4229363626205954,0.02814650535583496,42,12765,5191.0,2760.0,1073.0,75,70,72,66
4685.705140144582,996.6503427282696,6.79692649390411e-06,-0.28294586950934364,-0.2455451794628365,0.49080959643829447,0.47085765777502764,0.020155906677246094,47,13798,5618.0,2975.0,1164.0,80,75,78,71
4864.740796607957,1044.2426572749876,7.834486822748991e-06,-0.3043843252516576,-0.22802545874165592,0.45310022124481897,0.43232562333096836,0.020128250122070312,45,14069,5452.0,3125.0,1127.0,77,74,74,70
5326.489660778755,1148.233120003225,4.779917548287826e-06,-0.4004176840815399,-0.6299245932878028,0.4786557608395656,0.445286647732809,0.020113706588745117,53,14251,5402.0,3090.0,1115.0,86,83,84,79
4858.069832762802,1038.6842887635,8.22895089418899e-06,0.010903867184861582,0.08969763276015852,0.5148163803072294,0.5017320722404267,0.02826404571533203,42,15700,6451.0,3453.0,1337.0,74,72,70,68
5718.270084728839,1273.5679352568065,3.4271416284850966e-06,-0.199996595459061,-0.5393709402476907,0.5322503250614856,0.4943440722538087,0.02012467384338379,58,15478,6030.0,3407.0,1245.0,90,89,85,85
6.1762313212292606,1.541103500742244,1.498004064740577e-05,-1.9906338525405998,-0.9059561128526645,-1.9045972270693872,-0.8713066316480631,0.03699970245361328,4,17,4.0,5.0,0.0,86,4,98,4
8.436033823229176,2.207940216581962,1.639969555319782e-05,-4.691011479691444,-1.7290287310939685,-4.6269354944982535,-1.620527465143625,0.037999629974365234,4,16,4.0,5.0,1.0,68,4,68,4
36.31201591759951,8.514693182963201,1.1682435344690543e-05,-0.5801239328492267,-0.5827774408732567,-0.5671715797961618,-0.55289203830467,0.037999629974365234,4,88,6.0,24.0,0.0,97,4,92,4
223.96698045322069,54.5335332616547,9.368245119783228e-06,-0.6531289383381529,-0.6713439260146603,-0.615298026990253,-0.6276354187879509,0.03699946403503418,4,690,4.0,176.0,1.0,100,4,99,4
65.15910015748632,17.6275116413709,8.735164347237415e-06,-0.6959126623647227,-0.595788075277901,-0.6636563369315112,-0.5586432331997806,0.03699970245361328,4,211,4.0,56.0,0.0,100,4,99,4
0.22821773229381923,0.0,9.679021701604887e-07,0.9401122894572677,1.0,0.9844115354637568,1.0,0.03112006187438965,4,10,6.0,2.0,0.0,1,4,4,4
175.6757488955149,42.90821114114795,7.804689364554918e-06,-0.5466783618496316,-0.5344354483032165,-0.5189128280932922,-0.5035118123592215,0.03230643272399902,4,521,9.0,138.0,1.0,100,4,100,5
43.11148338899973,35.45137514963277,2.0688419960221786e-06,0.7574313248483456,-0.49164451196353953,0.9991503809227774,0.9906629167173032,0.002028226852416992,95,1274,1184.0,312.0,261.0,100,99,100,99
367.6421979510591,126.65588926581458,2.5058410454192363e-06,-0.013350289627956036,-1.5723670915798147,0.9385217629473371,0.8778298361055896,0.004056692123413086,86,2196,1437.0,521.0,301.0,100,97,100,92
158.17658908110684,41.896574044504725,7.5348326340253465e-06,-0.4382484373957469,-0.43191872727588154,-0.41782297496401744,-0.40959081538794595,0.04054617881774902,4,523,9.0,141.0,2.0,100,13,99,5
127.68222272501369,63.91889392034252,1.8880215126106882e-06,0.6143983437299854,-0.6931833634438682,0.9918706884596026,0.9695316603708863,0.010067224502563477,92,1630,1417.0,409.0,314.0,100,99,100,99
1038.5365087468037,306.78428903710176,3.133851026396809e-06,-0.43528968641068233,-1.5659388312174607,0.7516771826980704,0.6260974943495459,0.010136127471923828,75,3892,1820.0,871.0,381.0,100,89,99,85
7.0710678118654755,7.7781745930520225,5.008945048911752e-07,0.9567474048442907,0.7122473246135552,0.9999849601285262,0.9997338787952953,0.010086536407470703,98,1082,1072.0,288.0,279.0,100,99,98,98
82.32375112930654,35.31005522510549,1.3371676598103109e-06,0.7644659578727285,0.3516515517097928,0.9969199142594516,0.9918671053176594,0.0,95,1464,1344.0,386.0,329.0,100,99,99,99
784.706919811467,255.49354199274782,2.6891500622778483e-06,0.013476121701183619,-0.8249893760973372,0.833745226812256,0.7267727941656836,0.010068178176879883,80,3571,1767.0,863.0,367.0,100,95,99,91
35.57246125867593,39.44616584663204,1.624627884817745e-06,0.9361883668578898,0.4623655913978495,0.9994252970848921,0.9901792073749356,0.008036613464355469,95,1442,1373.0,401.0,333.0,100,99,100,99
257.5759376113453,99.47041588514465,1.7127640550985632e-06,0.38834308850667376,-0.4076637272192827,0.9696923938756756,0.9308146909274501,0.0,89,2047,1550.0,505.0,336.0,100,99,99,99
3268.001915810199,724.3828407686091,5.245146455367968e-06,-2.0645482816673755,-3.3123028542353756,0.1298054305504206,0.02344856612388524,0.018070697784423828,54,6541,2145.0,1376.0,445.0,91,71,87,67
2095.340743968229,570.6305284507656,3.2362144789728693e-06,-0.714884426031082,-1.5444463270824684,0.5444843083800863,0.4151104627102219,0.010038375854492188,70,6082,2068.0,1385.0,428.0,100,88,100,83
3592.494855349731,811.4517266984553,4.5039073390427995e-06,-1.70111197871918,-2.9186858921672885,0.18871326346752715,0.08980386183884004,0.020063161849975586,58,7144,2102.0,1559.0,434.0,95,77,88,72
1405.1279848633553,435.57071314982386,2.531828487513892e-06,0.08618407529215255,-0.5577673771932437,0.7734467533766661,0.6572621175497619,0.018096446990966797,74,5791,2644.0,1426.0,548.0,100,94,100,90
3967.0410518820036,908.6637737131026,4.00363768879469e-06,-0.9628589020513096,-1.8197601461516189,0.3527221636111061,0.2708881845939698,0.010033845901489258,59,8910,2937.0,1897.0,606.0,94,82,90,77
3995.262978862627,952.0517814670558,3.3972757312463454e-06,-0.5734935071266947,-1.2792150873265862,0.4589015571353434,0.38002223512217814,0.010057687759399414,63,10005,3403.0,2148.0,703.0,96,87,95,83
4539.965992332813,958.7351944499186,6.328921732071999e-06,-1.3626015015854764,-1.6041261859417841,0.19630617505524928,0.1538699431245003,0.028328657150268555,48,10075,3116.0,2156.0,641.0,82,73,77,68
4518.159434225061,961.630606354084,6.524289154612705e-06,-1.1126860307861466,-1.260964885112681,0.24772112890165632,0.20739497005885166,0.020095109939575195,48,10579,3442.0,2301.0,710.0,83,73,79,69
4406.191510250093,1012.5845026465693,3.6584178447658947e-06,-0.6389903351150314,-1.3090484600155259,0.4282644882098734,0.3597819033428844,0.02008962631225586,60,10541,3626.0,2276.0,748.0,94,85,89,81
4280.7374271263125,912.9607877669226,5.8395996453124385e-06,-0.7941458809455455,-1.0599612453623304,0.4008125285971401,0.3616753639730311,0.020101547241210938,50,10709,4243.0,2325.0,878.0,84,75,81,71
4863.4848867763985,1091.656204256946,3.9711514456623655e-06,-0.7186379975512862,-1.332524486075322,0.40096891066896834,0.3428700356204085,0.012079238891601562,59,11298,3773.0,2452.0,778.0,93,85,88,81
4520.3311055243985,953.09315988972,7.698881687315681e-06,-0.8262593023099716,-0.7503215608027016,0.28216273454478447,0.2612876824770588,0.020096540451049805,44,11288,3932.0,2445.0,811.0,78,70,76,66
4559.914590655627,962.8666305092041,6.521973778154076e-06,-0.7230698672295466,-0.7099683671234402,0.34896144513303484,0.32609913880164487,0.02010321617126465,46,11666,4227.0,2585.0,872.0,80,73,77,69
4759.474822383838,998.3162050588074,6.8562240812247425e-06,-0.7577178374915448,-0.7527047623462528,0.34514173379222357,0.3235880585846941,0.020082950592041016,47,12066,4295.0,2638.0,886.0,81,74,78,70
4732.585221372249,1016.392269204149,5.162244566160435e-06,-0.42312120520373475,-0.6225188528690675,0.4712414322422208,0.435728715479351,0.020099163055419922,51,12761,5055.0,2771.0,1046.0,85,79,81,75
4844.005093458773,1033.0943281758402,7.7369347555575e-06,-0.5306561180378735,-0.45189690169638275,0.37344907404468686,0.3518666685098343,0.020084381103515625,45,12928,4658.0,2792.0,960.0,77,73,74,69
4754.459622667063,1021.2648757440802,8.379162342132586e-06,0.004565059428758844,0.0756259935805007,0.5497530300805846,0.5332161483762825,0.022093772888183594,44,15346,6699.0,3384.0,1390.0,76,73,72,69
4879.829145730967,1047.3753475445503,8.694643750140034e-06,0.007026864655526044,0.09113883971301628,0.5038767311243814,0.49041563705269164,0.02028632164001465,41,15619,6414.0,3445.0,1328.0,73,71,70,67
20.828416086363042,4.870189934694539,1.9488566592260103e-05,-1.5085783698587507,-1.1365444575852064,-1.4825878476171401,-1.0543866613735613,0.03237104415893555,4,37,6.0,13.0,0.0,89,4,100,4
0.27003086243366087,0.0,8.689184656757982e-07,0.7513873473917869,1.0,0.9721990547678621,1.0,0.04092669486999512,4,10,4.0,1.0,0.0,1,4,3,4
0.6454972243679028,0.22821773229381923,4.573301724622301e-06,0.36842105263157865,-0.05494505494505453,0.7947770765994562,-0.052631578947368585,0.038399696350097656,4,10,2.0,1.0,0.0,1,4,6,4
105.07279222837217,25.128627433002915,1.659655137088618e-05,-0.7108139666348385,-0.6714879409739767,-0.6709497970764984,-0.6277669070226866,0.03834104537963867,4,317,2.0,83.0,0.0,100,4,99,4
89.16732865797876,22.199849849342073,1.0133899927777017e-05,-0.5438982227617268,-0.5400059946265361,-0.5197677748614484,-0.5074448249449746,0.030353069305419922,4,275,5.0,66.0,0.0,100,4,100,4
237.4342891552664,58.594119443279745,6.294160635170759e-06,-0.7556037335057593,-0.7040063371474232,-0.7096924198637558,-0.6602461923958132,0.03246665000915527,4,667,10.0,168.0,3.0,100,4,100,4
114.74948559555483,52.09179931194118,2.172477711476522e-06,0.6183991241408674,-0.4957128858402744,0.992668533397743,0.9750789497382458,0.010031700134277344,91,1609,1355.0,388.0,287.0,100,99,100,97
251.31305178999358,101.16364630307339,2.1910780236269277e-06,0.41457832435858955,-0.4213840117591232,0.9696194653107107,0.9223205817428073,0.010029315948486328,88,2055,1510.0,519.0,317.0,100,99,100,96
1141.916949694679,343.80750428110207,3.1553714708116735e-06,-0.5091708582382601,-1.4207519906249058,0.7103289223882414,0.5687602197431758,0.010033845901489258,75,4067,1722.0,983.0,358.0,100,90,100,85
1734.1963649650706,457.9703469763926,3.4959910373358092e-06,-1.0110468799324024,-2.031832563661578,0.5029002670092044,0.3672599348725515,0.020112037658691406,69,4834,1681.0,1069.0,349.0,100,84,100,80
1580.483744511998,437.63382715081184,3.2152391070622936e-06,-0.5531952939572782,-1.5079057411362058,0.6319159362239362,0.5008446203260537,0.010267496109008789,70,5013,2048.0,1126.0,427.0,100,87,100,83
2080.609308291684,540.6850400186785,3.5723331733526774e-06,-1.0656701619845732,-2.0980376945874317,0.45266752987223935,0.32343134278556207,0.012063264846801758,68,5631,1791.0,1215.0,372.0,100,84,98,80
3610.4907169789685,782.3183495227503,5.1637553582938845e-06,-1.9934957981235648,-3.1129026709985954,0.11289320775005307,0.02589690232011499,0.020081281661987305,54,7008,2125.0,1545.0,440.0,90,72,82,68
2557.8834053082865,663.4468077145799,3.4570254680624146e-06,-0.8196588681918282,-1.6839998861751604,0.4726923915682745,0.3503382817221077,0.018128633499145508,67,6849,2257.0,1492.0,468.0,99,85,97,81
3380.212006561471,767.0380209490239,4.449749850011762e-06,-1.513706167368014,-2.6849238726835596,0.2536284067968472,0.1524252945319785,0.010032415390014648,57,7175,2413.0,1537.0,500.0,94,76,89,72
3128.616196588446,772.336264560687,3.617128864338765e-06,-1.044729178646651,-1.9317985506217976,0.3579030177721151,0.2469708851967498,0.010054826736450195,64,7553,2178.0,1600.0,449.0,100,83,99,79
3665.3011755266543,854.4943591130942,4.132076585302166e-06,-1.1581992814046074,-2.131155096139422,0.3013098719566849,0.2041581803398782,0.020082950592041016,59,8059,2524.0,1730.0,521.0,96,80,91,75
3267.396301068374,827.1938388665764,3.275260353657264e-06,-0.6503727704244089,-1.4029614386270546,0.4632092474750573,0.36409582031344745,0.018147945404052734,66,8517,2688.0,1908.0,555.0,100,88,98,84
4464.784562271734,949.9661836086588,5.419095564237627e-06,-1.7691781011563052,-2.333806268678325,0.1258872275813473,0.06805228099793925,0.02029871940612793,52,9089,2497.0,1909.0,514.0,86,74,86,69
3951.411041578969,914.1140319536913,3.931299166975317e-06,-1.0648245540731862,-1.947076363859356,0.3212244188569957,0.23317061683755036,0.018056631088256836,59,8755,2734.0,1905.0,564.0,93,81,89,77
4487.716585544804,967.2311445339845,5.011400149761347e-06,-0.9018833250685498,-1.4204654265533962,0.3810459585390056,0.3320877546113158,0.020087480545043945,54,10711,3887.0,2307.0,804.0,87,79,85,75
4840.517652992929,1042.398380168889,4.991244096902708e-06,-0.9447182156630058,-1.4153528763337762,0.30311861750919045,0.2523533218090994,0.020099401473999023,53,11088,3482.0,2387.0,717.0,88,79,85,75
4776.362352060594,1055.4863915405413,4.5176989796446825e-06,-0.79872918608097,-1.3088164962442517,0.40448796193313674,0.3517587918060846,0.0201263427734375,56,11432,4023.0,2530.0,830.0,89,82,84,78
3976.1862105854652,1041.08985863373,2.7433696936516092e-06,-0.22102209538041895,-0.7367464828706753,0.5501047843846874,0.46600064774792804,0.018094778060913086,68,11707,3947.0,2574.0,814.0,100,94,98,90
4822.641337659075,1022.9528291011457,6.87759909818222e-06,-0.6386174863982088,-0.5717352493635561,0.3816321982754406,0.3604607427869495,0.020154714584350586,47,12559,4576.0,2741.0,944.0,80,75,77,70
0.962851667357612,0.338501600193165,3.644516628416857e-06,0.6367192482673585,-0.08307692307692305,0.7730691756546573,-2.220446049250313e-16,0.040229082107543945,4,10,5.0,2.0,0.0,1,4,9,4
0.7430231041719587,0.22821773229381923,2.9239346230683793e-06,0.5649794801641586,-0.05494505494505453,0.8100358422939068,0.11347517730496481,0.0402677059173584,4,10,4.0,1.0,0.0,1,4,3,4
110.73843054694247,27.18072233526303,1.0564035018940343e-05,-0.7755436358704102,-0.713809337784884,-0.730878203587527,-0.6687984293661837,0.03822040557861328,4,315,3.0,84.0,0.0,100,4,100,4
68.62769423976495,16.474411977366596,1.226096184854525e-05,-0.6973198707265025,-0.6956554455901964,-0.6669641345202604,-0.653786953141116,0.03848767280578613,4,202,7.0,50.0,0.0,100,4,98,4
20.10830052490762,4.7773336356870315,1.6794733636123153e-05,-1.0553501301681156,-0.8313177484654564,-1.0400837539601282,-0.779853777416734,0.030181884765625,4,52,6.0,16.0,0.0,99,4,98,4
14.716770479060049,4.090130397269342,1.2351941677207835e-05,-0.547950007289828,-0.43392857142857144,-0.5435508201784083,-0.4177760514142448,0.038210391998291016,4,48,5.0,17.0,0.0,99,4,97,4
148.16077275491423,36.23102951890824,9.080495576055502e-06,-0.5572890046699792,-0.5659388602199225,-0.5280091752116294,-0.5312738050206209,0.038186073303222656,4,440,3.0,105.0,1.0,100,4,99,4
0.0,0.0,2.695771410845935e-06,,,1.0,1.0,0.0,99,1033,1033.0,244.0,244.0,100,99,100,99
324.25132702415124,119.85792871947636,2.990184220747452e-06,-0.22026628669662585,-2.019890540456496,0.9436636844816411,0.8738386872678872,0.010050296783447266,87,1940,1281.0,466.0,269.0,100,96,98,92
18.724705160117562,5.440013786747236,7.545628175659084e-06,-0.5758450638284591,-0.41088832329753555,-0.5653484980393029,-0.38804745060485857,0.040337562561035156,4,72,1.0,23.0,1.0,100,4,100,4
225.5196545388746,56.18672366908989,8.205148105244432e-06,-0.4111898941522376,-0.41857433981737735,-0.3905012243322732,-0.39521404665337756,0.04024481773376465,4,731,4.0,179.0,1.0,100,4,100,4
445.71805913076275,161.82924915587088,2.7600478776274093e-06,0.10180678458462289,-1.1946984156257954,0.9253475280802694,0.8424952264475877,0.010048627853393555,83,2609,1642.0,616.0,344.0,100,96,99,91
1268.8747771155356,355.2556262749402,3.49213554384449e-06,-1.0582054749377905,-2.4036474157313648,0.6537739298299198,0.5215285783480113,0.010050296783447266,75,3950,1620.0,927.0,338.0,100,88,100,83
328.58132554970314,137.71188220338868,2.3304557789902877e-06,0.4525573950135635,-0.4608510192708817,0.9584468497672275,0.887058043124016,0.002027273178100586,84,2573,1767.0,653.0,369.0,100,98,100,94
1913.0479227762983,503.2519410087082,3.7997792769232848e-06,-1.1002602458760293,-2.1824611410935217,0.5067290694460793,0.37004707921071256,0.012105703353881836,69,5140,1892.0,1206.0,394.0,99,84,99,79
3037.4205729273162,712.7398765180375,4.2419339534994045e-06,-1.4644797093016328,-2.6435570078957205,0.2673637626197898,0.162031640385629,0.020129680633544922,62,6436,1941.0,1382.0,402.0,96,79,95,75
3421.3930268097583,791.8252147612549,4.435169156735766e-06,-1.3536532376884414,-2.4950750158226973,0.2711238811272374,0.16819896174176474,0.020342588424682617,59,7358,2307.0,1516.0,477.0,97,78,88,74
3920.396652514064,855.9655874838204,5.125506605142931e-06,-1.8336174829393008,-2.8535465857265767,0.10278018296414593,0.013620909068207454,0.020118236541748047,54,7697,2131.0,1621.0,440.0,90,73,86,69
1469.519635232321,451.86783650384615,2.5643759164354747e-06,-0.10584801693415491,-0.8003462515901092,0.7259603050220307,0.6081021545057148,0.010050773620605469,76,5634,2277.0,1409.0,470.0,100,96,100,92
3828.992811743181,856.3991753960577,4.190648770799822e-06,-1.033395386102363,-1.8648768667607265,0.37771489262367997,0.3038142209088427,0.020114421844482422,58,8764,3179.0,1875.0,659.0,92,80,87,75
3567.7589604680416,883.6349763497207,3.3453363796699767e-06,-0.5569531678806201,-1.3253332976317784,0.5005280411597863,0.40995602039574697,0.0201265811920166,65,9421,3276.0,1978.0,678.0,100,88,95,83
2945.2467392119647,797.697755843289,2.7564856642602046e-06,-0.22589135062353782,-0.7917645809640392,0.5821307108372824,0.47944849212294627,0.010054588317871094,69,9125,3161.0,2078.0,653.0,100,93,100,88
4438.054577715624,957.4672545201015,4.7893414000929e-06,-0.8383600857923947,-1.3100581870539312,0.3917366695173815,0.3445575780939598,0.012087583541870117,54,10545,3884.0,2255.0,804.0,87,79,82,75
4894.910508002769,1026.4759361317863,1.0122252728040146e-05,-0.2506563599170266,-0.13590259077359934,0.3900044837566,0.38576979752000484,0.022169113159179688,41,14097,5111.0,3063.0,1055.0,75,70,71,66
5185.818914579915,1125.2516508664974,8.119488160312098e-06,-0.10108262641700949,-0.04598269205390726,0.5158946002874141,0.491515627191939,0.020249128341674805,46,16010,6452.0,3496.0,1336.0,77,76,74,72
4517.34214654652,974.212298961718,9.580046536160804e-06,0.19617943111617908,0.2574149668885104,0.6030307551566119,0.5885551510898901,0.022156238555908203,42,16077,7469.0,3572.0,1555.0,73,70,68,67
8.923284148787374,2.3429859865849245,2.4499528560441486e-05,-1.9937336814621411,-1.1059817674728385,-1.9850629698330566,-1.0344348363187152,0.040254831314086914,4,24,6.0,7.0,0.0,78,4,78,4
2.952752952754429,0.8416254115301732,1.7430123097469485e-05,-0.8118517182285561,-0.5454545454545454,-0.389811370882041,-0.5111111111111111,0.04082489013671875,4,10,6.0,3.0,0.0,1,4,72,4
0.3535533905932738,0.2041241452319315,4.631273436378714e-06,0.7391304347826086,-0.04347826086956452,0.9517898035434494,0.4764397905759159,0.0382237434387207,4,10,4.0,2.0,0.0,1,4,4,4
0.1767766952966369,0.10206207261596575,1.480269260800752e-06,0.554868624420402,0.4893617021276596,0.9834254143646409,0.4897959183673466,0.038224220275878906,4,10,2.0,1.0,1.0,1,4,5,4
32.57139593774472,7.722397080354432,1.1500707771049344e-05,-0.8694374851697817,-0.7110195135922694,-0.8438417431026566,-0.6636831766032385,0.030380964279174805,4,82,6.0,23.0,1.0,100,4,94,4
78.70885168348813,18.833148966649205,9.860698436941227e-06,-0.9114288328493485,-0.8355960071519062,-0.8634727530935573,-0.7783845582947146,0.0301973819732666,4,215,9.0,60.0,2.0,100,4,100,4
37.108090986558,9.5954633377793,1.0323726285487065e-05,-0.9361068601085976,-0.8476170568561874,-0.9025842549793641,-0.8023473948647684,0.03242754936218262,4,117,8.0,36.0,1.0,99,4,98,4
42.6246945248096,11.183600344552136,1.1632616670879988e-05,-0.5594590768543011,-0.5380300408167622,-0.541021699180096,-0.5078412264662739,0.04358386993408203,4,130,3.0,35.0,0.0,99,4,99,4
73.02104434111214,17.83576696790282,1.2877304354861911e-05,-0.6559934108557304,-0.6506461560289596,-0.6248579500365044,-0.608776389090095,0.040259361267089844,4,212,4.0,51.0,0.0,97,4,96,4
132.86369111486655,34.558826658322765,1.0791516678100248e-05,-0.48713952761572665,-0.4942038901378165,-0.4639300258957786,-0.46593516944097835,0.040244340896606445,4,443,4.0,122.0,0.0,100,4,100,4
118.6105161672208,60.67574024719809,2.6368612573191905e-06,0.5285725600623887,-1.254752793974733,0.9909292275483035,0.9602737975741188,0.010280847549438477,89,1554,1286.0,366.0,272.0,100,98,100,94
239.39892680178446,91.09842521648262,2.7993854204566506e-06,0.22662599581154708,-1.2388918864557161,0.9682642087026097,0.9211748612000699,0.008243083953857422,87,1877,1347.0,440.0,284.0,100,96,99,92
343.4080327002805,119.34017313158601,2.5733049953821995e-06,0.09812240348355306,-1.2509810413066087,0.9465512995082465,0.894823022339276,0.008051633834838867,87,2131,1453.0,510.0,304.0,100,98,99,94
1333.4675488003836,370.2855754784507,4.151061559488255e-06,-1.6910409960348018,-3.1085445243036363,0.5457271669314206,0.38398445170797646,0.010063886642456055,73,3746,1407.0,856.0,294.0,100,84,98,80
515.180615577359,181.30526743589112,2.429541239411697e-06,0.03818768001922934,-1.0604296416644101,0.9153732741854611,0.8372263362950954,0.013095378875732422,85,2759,1699.0,696.0,354.0,100,98,100,94
2225.2189041594474,552.7036147107107,4.142516437440472e-06,-1.6231498757634606,-3.0475753836961745,0.37805369267331546,0.24551400216999453,0.020114421844482422,65,5174,1819.0,1128.0,379.0,99,80,96,75
1779.4056931148825,482.9513790049249,3.5795714416291257e-06,-0.925907700462768,-1.9818579423736091,0.5442832552068059,0.410452778324516,0.010050773620605469,71,5108,1796.0,1155.0,374.0,100,86,100,82
2748.60715586955,663.7533936392097,4.29094892251445e-06,-1.4498369346785984,-2.713213415231025,0.3337097647894942,0.213925427629287,0.012106180191040039,63,6223,2053.0,1344.0,427.0,98,80,94,76
3789.5582395792244,846.4071536603657,4.44559415491771e-06,-1.077364041839155,-1.969253302356913,0.34048899923671294,0.26412270573643926,0.02035975456237793,57,8468,2994.0,1802.0,620.0,90,79,87,75
3796.6915791736915,913.6407649445273,3.833013584751794e-06,-0.798471520854553,-1.6362195298706794,0.3976672743081652,0.30568992874760137,0.020319461822509766,62,8825,2883.0,1912.0,596.0,96,84,92,80
4004.6170690298486,873.2687718143177,4.9246870453768974e-06,-1.1485492028937956,-1.9042593560394208,0.32498822275039163,0.26009385996200074,0.01994180679321289,54,9041,3253.0,2022.0,673.0,89,77,86,72
4332.412116823606,914.8284675282029,5.886227784179953e-06,-1.3792473375841352,-1.9066839915740372,0.27881538815459694,0.23250947044343462,0.02033257484436035,52,9794,3307.0,2066.0,684.0,86,75,81,71
4687.593001299636,1003.5426518921189,5.788999308091948e-06,-0.8102034202134698,-1.0529575590172704,0.39192788460095496,0.35458506010360125,0.020441055297851562,52,11537,4229.0,2539.0,874.0,86,78,80,74
4537.1829284178,960.9981597084163,7.1455052365790025e-06,-0.6854103008285966,-0.6333693547029453,0.3536534538001319,0.33143885571594933,0.020119428634643555,46,11709,4276.0,2530.0,883.0,80,72,73,68
4395.1727219546165,977.5833396936098,4.252713364002998e-06,-0.3082653123160506,-0.7716181586035449,0.5573613935306396,0.5111814437112787,0.018085956573486328,57,12140,5270.0,2632.0,1095.0,90,83,87,79
5264.411540275381,1116.9770674596543,6.826782002927844e-06,-0.7683575858179699,-0.7085902047730057,0.3254854104004309,0.30383230124335503,0.020663976669311523,48,13239,4290.0,2870.0,883.0,81,76,75,72
5378.824363242607,1153.3719686030104,6.083720127770492e-06,-0.46638818981258345,-0.4878299124808152,0.45639922730155624,0.4299852865870383,0.02032160758972168,51,14569,5402.0,3286.0,1116.0,83,80,79,76
3978.14434812834,865.2870779531654,1.353715940038176e-05,0.3361474556864199,0.38280559623372423,0.594380633909997,0.5838881854744745,0.022166967391967773,34,15025,7120.0,3261.0,1484.0,65,62,64,58
4776.624308213718,1023.8316800582551,8.236089127154469e-06,-0.008600199481643367,0.07192799461501953,0.5525179356370886,0.5368544053456754,0.028176307678222656,45,15429,6712.0,3369.0,1394.0,76,73,73,69
4645.013701348392,1010.6680781966522,9.091938075007038e-06,0.13747805883146547,0.2007976692556569,0.5994892727348011,0.5801731066785444,0.020115137100219727,44,16105,7404.0,3493.0,1541.0,75,72,72,69
4457.230526118541,980.6622290102782,8.138805670641971e-06,0.23679862317611988,0.28100585359554975,0.6629758360932738,0.6399961662389153,0.022159099578857422,46,16370,8198.0,3675.0,1713.0,78,74,73,70
17.8232058470598,3.9370039370059056,1.581212286880257e-05,-1.582457625997327,-1.0743494423791824,-1.5303453088297405,-0.9888793840889647,0.037247657775878906,4,35,3.0,10.0,0.0,73,4,92,4
50.66351415631042,11.892749892266297,1.010743000777856e-05,-1.2733910187437218,-1.137934541041012,-1.2008900308824138,-1.0496826901594702,0.03021526336669922,4,106,5.0,31.0,1.0,96,4,88,4
103.62512565332148,26.04903229168664,1.4557373009832289e-05,-0.8705562544835739,-0.8067041381910527,-0.820250766530852,-0.7532838577897067,0.03020787239074707,4,322,3.0,80.0,0.0,100,4,99,4
205.34511093116714,47.50350864234487,9.03165378123497e-06,-0.7057302724029695,-0.7030019885729932,-0.6652334520522567,-0.6578840870923321,0.03722572326660156,4,570,7.0,137.0,0.0,100,4,99,4
8.08998866913092,2.2569337606584736,1.2090057958138605e-05,-1.530247542819748,-1.0482569047515158,-1.5082236842105265,-0.9826467726240675,0.03020453453063965,4,24,5.0,9.0,0.0,97,4,97,4
98.0899884459843,24.365703355331238,1.1641766384380774e-05,-0.5890333386830897,-0.5927568510746566,-0.5589593937017452,-0.5570361401545618,0.03028583526611328,4,298,4.0,82.0,1.0,100,4,100,4
20.989580748552363,5.929270612815711,9.190043339347809e-06,-0.9176060528776673,-0.6536349345691363,-0.9029587332325781,-0.611470807311064,0.030575275421142578,4,75,5.0,21.0,1.0,100,4,98,4
151.83917615907518,36.78187393268592,7.94717965542034e-06,-0.7126935214510388,-0.6980458638031568,-0.6715808514789259,-0.6519203531178648,0.032366037368774414,4,442,5.0,111.0,1.0,100,4,99,4
56.18422079789544,35.281408387106346,1.6413455617765372e-06,0.8901390223236613,0.40441254651780967,0.9981022695731028,0.9878505420379324,0.002027273178100586,91,1566,1437.0,397.0,315.0,100,99,100,99
1596.7643510728635,424.8926334969812,3.962679392796879e-06,-1.5386144303500466,-2.8765192750747914,0.4968880052973974,0.35382862939744875,0.018296480178833008,72,4213,1484.0,937.0,310.0,100,84,98,80
17.488091186099567,19.360612937955587,8.672022279443053e-07,0.9846850205312532,0.7488647360976699,0.9998288295797904,0.9970508358788724,0.0,94,1423,1410.0,378.0,347.0,100,99,100,99
3462.2967902578466,757.5418673915415,5.630680520263195e-06,-1.7472842909593385,-2.770270767275624,0.20853895960964342,0.12058649249381692,0.020129919052124023,53,7225,2558.0,1544.0,531.0,88,73,84,69
3781.726831724792,822.8885165308226,5.5854751739075e-06,-2.2362335900872394,-3.413590321410255,0.077484902823447,-0.012424909656581162,0.01207733154296875,53,7346,2121.0,1604.0,438.0,87,71,84,67
2418.9330648891037,660.3406905425463,2.9269863395038484e-06,-0.4289233826366179,-1.0577941395941628,0.5636709857343161,0.4529189685897175,0.010070085525512695,71,7390,2414.0,1703.0,498.0,100,92,99,87
4518.811491974411,1016.2972252249831,4.406291409373917e-06,-1.0741457804202583,-1.939424125039669,0.3442001996303252,0.27694595803653455,0.02034306526184082,60,9904,3121.0,2114.0,644.0,92,83,87,79
4332.036923185922,911.4055501932588,7.245477796699629e-06,-1.2028017648490108,-1.2549359642084918,0.25275570362011857,0.2217986938633857,0.02012157440185547,48,10073,3466.0,2243.0,717.0,81,72,78,67
227.63866902695517,106.35233040144529,1.350880251231244e-06,0.8360664811340615,0.4904498130246814,0.9833897589343408,0.955318142624687,0.010074377059936523,89,2761,2263.0,764.0,554.0,100,99,100,99
4492.816327560196,969.1773216759995,5.517019156521769e-06,-0.9961931210748591,-1.4322253243887992,0.3469840514132019,0.2982353771397914,0.0201265811920166,53,10568,3683.0,2277.0,761.0,86,78,83,73
4503.641556324964,935.1300711665731,8.25080554062116e-06,-0.6684533849151095,-0.5664651201370914,0.32400663793037854,0.3151888556620146,0.020403146743774414,44,11719,4142.0,2522.0,855.0,77,70,73,66
4975.702857041267,1065.031390497528,6.789525747288941e-06,-0.3424561357143239,-0.3462490661735744,0.477743450606151,0.4530503949254785,0.020330429077148438,49,14125,5492.0,3076.0,1137.0,82,77,78,73
4547.143414643235,987.6632354535966,9.803459661451379e-06,0.16433203964353849,0.22067136253678743,0.5583155186746311,0.5413595267166381,0.020473480224609375,40,15784,6876.0,3421.0,1428.0,71,69,67,65
0.44487826050130463,0.2041241452319315,3.6792423883963715e-06,0.775480059084195,0.1560439560439565,0.9452512678653757,0.29078014184397183,0.04044318199157715,4,10,4.0,1.0,1.0,1,4,3,4
5.923118547972287,1.4825372395547662,2.0610615901867787e-05,-1.5990996784565916,-0.8189655172413792,-1.5205996153241683,-0.8035729549534154,0.040500640869140625,4,16,6.0,4.0,1.0,98,4,16,4
19.01698801948756,4.209364560120684,1.2040501848542547e-05,-1.5873897540878614,-0.9362779391711629,-1.5499235786772392,-0.8855793639356622,0.04070425033569336,4,48,3.0,12.0,0.0,95,4,95,4
18.123994224967813,4.809928966904466,1.4295698465400866e-05,-2.026952223920936,-1.4063110138025214,-1.960282979546316,-1.2781590095495994,0.038240671157836914,4,50,5.0,16.0,0.0,100,4,99,4
12.735694589093548,3.082207001484488,1.5169471853692602e-05,-0.934108020614048,-0.6532970768184909,-0.9335867406937368,-0.6190019704958192,0.0367588996887207,4,31,8.0,9.0,0.0,91,4,90,4
0.2041241452319315,0.0,9.999999999999994e-08,0.8723404255319149,1.0,0.9813528506829519,1.0,0.03822445869445801,4,10,4.0,0.0,0.0,1,4,1,4
111.41593430325246,27.991442144579356,1.6125583162450555e-05,-0.5386488739185871,-0.5429030027614843,-0.5132246030191225,-0.5101092880815843,0.03038954734802246,4,360,7.0,84.0,0.0,100,4,98,4
50.15611046190351,11.77037240985461,7.757614192400503e-06,-0.6182530143187996,-0.5495766213938182,-0.596798481890628,-0.5205647812044474,0.030400514602661133,4,147,8.0,38.0,1.0,100,4,97,4
315.8789160158261,74.49874160011026,7.843078130186417e-06,-0.5182718900607415,-0.5423267103940972,-0.49054102301520786,-0.5106551020440564,0.032303571701049805,4,963,9.0,225.0,2.0,100,4,98,4
177.89776666562003,74.860382867555,2.9400786300112785e-06,0.13649238552618703,-1.9542615975844084,0.9800902917866535,0.9381698655321667,0.005182504653930664,87,1649,1271.0,402.0,269.0,100,96,100,92
915.4047829603397,259.88466993392797,3.7630472054085403e-06,-1.4623379452131298,-3.32711094105582,0.7030965552934245,0.564475580153375,0.010074138641357422,76,2929,1379.0,664.0,289.0,100,86,100,82
335.0676165974678,131.65514392942237,2.3334866778627908e-06,0.3025870286658664,-0.5864631602207073,0.9528958180892428,0.8901962929970287,0.0,87,2314,1599.0,585.0,335.0,100,99,100,96
2070.0649904087863,532.7419940816235,3.729100074485543e-06,-1.162168732161211,-2.251809468021243,0.45295346791901203,0.32630443671581033,0.010050535202026367,69,5406,1759.0,1178.0,366.0,100,84,100,80
3250.106245918139,740.7631035693909,4.6045432551342924e-06,-1.5747560668455365,-2.8913513372268373,0.27913672529569267,0.17998842929332837,0.02012157440185547,59,6878,2302.0,1508.0,478.0,94,77,91,73
484.55092611613077,189.73138907413292,2.0145468983367287e-06,0.4888051002615367,-0.1534606596794399,0.935786930310823,0.8629630077703454,0.010060787200927734,85,3214,2122.0,886.0,455.0,100,99,100,99
1868.046480643925,541.3036614010235,3.001735589412326e-06,-0.31434875364041703,-1.1749725488324643,0.6651137282266694,0.5467494294692645,0.010070562362670898,74,6229,2407.0,1444.0,499.0,100,93,100,88
3649.5997274676174,842.030212076016,4.641475601121099e-06,-1.5418543984232902,-2.7372171283266895,0.24603760010079878,0.14590214794406342,0.012077569961547852,59,7607,2295.0,1640.0,475.0,93,78,87,74
3750.580339590252,836.5516567544438,4.752461604645079e-06,-1.4321420914127376,-2.414744744567228,0.26754348762629754,0.17949095493257805,0.016052961349487305,57,7973,2682.0,1739.0,556.0,91,77,88,73
4215.178401391281,925.5440322078446,4.79262970360039e-06,-1.3417553760776744,-2.1750781665724994,0.23927690104983224,0.16534057787072998,0.012081623077392578,55,8876,2741.0,1908.0,566.0,89,77,85,73
4361.730065008608,920.6397992700511,6.549267183965025e-06,-1.3050319686987124,-1.516980023088669,0.2657465329002211,0.22677997939277417,0.02011704444885254,50,9972,3385.0,2179.0,700.0,82,73,79,69
4229.167787694239,908.4307089377684,6.832365643040054e-06,-0.6689244628273692,-0.7899059671223327,0.42389923463260504,0.38754944556826254,0.020131349563598633,49,11046,4490.0,2378.0,931.0,83,74,77,70
4508.715746038048,950.4564129181006,8.51572596099521e-06,-0.6113994113173222,-0.5047695808868751,0.3363458644021299,0.3220293116676709,0.028263568878173828,44,11878,4231.0,2579.0,874.0,77,70,72,66
4403.060787258824,923.7337579387015,8.717662968463274e-06,-0.46072413320892136,-0.38926314532055084,0.42767530162165723,0.4141960992386232,0.020455360412597656,46,12161,4849.0,2677.0,1006.0,77,72,74,68
4302.863794420331,931.2462304174265,5.80592245899663e-06,-0.2551283476735331,-0.3513596955968472,0.570426524258236,0.540073735244277,0.0201113224029541,52,12904,5870.0,2809.0,1224.0,84,78,80,74
4894.163755472901,1050.587573693883,7.659946171728956e-06,-0.44000902076843396,-0.3649611168112854,0.45057938286092125,0.42705979095312496,0.02012181282043457,48,13699,5263.0,3070.0,1089.0,80,75,75,71
4511.736538905085,968.1740092982778,9.296136458834599e-06,-0.09488689722977472,0.00730783496955012,0.5015239343647452,0.487677036208805,0.022151947021484375,43,14189,5860.0,3110.0,1216.0,75,71,70,67
3524.5786982276336,1032.7839220425683,2.1651529535612097e-06,0.19107577833808953,-0.16542745483603816,0.6828698614371802,0.5986286784587487,0.010051965713500977,73,13375,5437.0,3241.0,1139.0,100,99,99,98
5123.042044690505,1112.9418878959193,5.963167354896961e-06,-0.21964596503628853,-0.29503943675577227,0.5463040461599288,0.5159819616062317,0.01208806037902832,52,15004,6254.0,3316.0,1297.0,83,81,81,77
4651.401130259169,1001.0263969834298,1.110518413971624e-05,0.06726112425241637,0.13559315308940556,0.5271086358003629,0.5130830535879312,0.022346019744873047,41,15310,6456.0,3377.0,1340.0,72,70,69,66
5256.937957044055,1216.948535001421,3.3089133114678433e-06,-0.01222051100774224,-0.3900773238898294,0.6233035760040222,0.5812914609135136,0.020193815231323242,62,15498,6754.0,3393.0,1403.0,94,90,88,86
15.43602388354376,3.840572873934304,1.289332761868961e-05,-1.8261349113705423,-1.5108237901736237,-1.7977998241131359,-1.3977241939853697,0.03648543357849121,4,28,6.0,9.0,0.0,96,4,91,4
0.25,0.10206207261596575,1.552848911228235e-06,0.9289853285661448,-0.010526315789473939,0.9822674074949758,0.6563573883161513,0.040247440338134766,4,10,6.0,1.0,0.0,1,4,2,4
76.43502142342867,18.819316317727026,7.124542295838418e-06,-0.5584956538602923,-0.5027133090953286,-0.5362060278136493,-0.47550808469937156,0.04026508331298828,4,250,7.0,58.0,1.0,100,4,96,4
26.337552404630667,21.228911104120876,1.739198240166381e-06,0.8525368480725624,-8.094170403587443,0.9997439231558994,0.9975967040004124,0.008033514022827148,97,1200,1159.0,308.0,291.0,100,99,100,97
1283.7061280047403,360.8099329180222,3.654065536679799e-06,-0.9197748313918774,-2.205281276059862,0.6541180321781179,0.5184610191840597,0.010069847106933594,74,4009,1677.0,920.0,351.0,100,87,100,83
1544.4724365112047,427.5454863019172,3.730987859151426e-06,-0.8198232862279733,-1.910677671931365,0.605532146800979,0.46746683329926264,0.010067462921142578,72,4750,1846.0,1062.0,386.0,100,86,100,82
1492.1845407668932,416.9350691077111,3.5064421721006755e-06,-0.9140007690565797,-2.0050188851104918,0.5835411488349695,0.4438290752596894,0.01004648208618164,73,4473,1605.0,1016.0,334.0,100,87,99,83
2043.4223498826668,540.735918294072,3.6840532200971608e-06,-1.058023620673218,-2.0865687265591912,0.49541057187039306,0.36595613783838865,0.01004934310913086,70,5621,1847.0,1271.0,384.0,100,86,100,81
335.2443425783189,132.71484758394882,2.0755615765955544e-06,0.35132620252259306,-0.5152963359655303,0.9561676592735879,0.8962839658155626,0.0,87,2393,1670.0,628.0,351.0,100,99,100,97
2727.8166737439587,670.3840731666852,4.229787500756779e-06,-1.3869731577475726,-2.504833846151476,0.3138792829916075,0.19198231621479134,0.01210165023803711,64,6265,1858.0,1328.0,385.0,100,80,94,76
3379.4335779376265,792.6188659542912,4.542761732006855e-06,-1.4978814763026338,-2.556519361890934,0.22350439733688787,0.1158793588649778,0.012082576751708984,61,7059,1969.0,1505.0,408.0,97,79,93,75
1197.0178023102326,377.34839276696215,2.531648401719752e-06,-0.059734421939536375,-0.7270353577132855,0.7745478921752734,0.6644124907419279,0.010044574737548828,79,4816,2139.0,1214.0,443.0,100,98,100,94
4104.379916625653,886.0507886120298,5.862886594693244e-06,-1.724453380510318,-2.3913646738858105,0.08231335329840017,0.005567920573996243,0.02011275291442871,50,8307,2384.0,1836.0,492.0,87,71,81,67
3952.5607193312035,841.7029998758469,6.0980946822800936e-06,-1.2227400630209826,-1.6365670223645212,0.2709700007798188,0.2179233235409075,0.020112276077270508,50,8942,3305.0,1951.0,686.0,84,73,81,69
4365.213071442322,957.5591246877277,4.938599493423489e-06,-0.9594227957379817,-1.5944854528966177,0.3741290554277519,0.31530651456938663,0.020129919052124023,56,10022,3589.0,2178.0,743.0,90,79,82,75
4544.6585916090235,961.7109103051706,8.9622451297875e-06,-0.6096235260590948,-0.48333454081965455,0.3366308171186351,0.3214525912178582,0.02013421058654785,44,11972,4289.0,2590.0,886.0,76,70,73,66
4771.283488793637,1036.7917802780719,5.197161675505566e-06,-0.3522759561616018,-0.5354543331729471,0.5271216209968285,0.4938178208354769,0.018090486526489258,54,13131,5475.0,2943.0,1137.0,87,81,82,77
4627.907132411961,987.765926011909,1.2049212370791218e-05,-0.22110043087092324,-0.09677666175254385,0.36862450612709374,0.36219389899727383,0.020138978958129883,39,13455,4825.0,2903.0,996.0,71,66,69,62
4640.759634267955,995.2102665147055,1.0181000083452745e-05,0.07267952928258636,0.1574541973005652,0.5257863173552748,0.5150393550821606,0.020117521286010742,41,15372,6469.0,3318.0,1344.0,73,69,70,65
4889.1354993530795,1052.6324963698362,1.163928098597749e-05,0.10139184287587943,0.18172637476046938,0.5430329521412092,0.5298475965844435,0.028150320053100586,42,16321,6901.0,3576.0,1434.0,73,71,69,67
4968.9418171889165,1088.7590962032039,5.344800983974106e-06,0.07064332168424692,0.014642603811129806,0.6603800681621279,0.6339526708991094,0.01713275909423828,54,16592,7983.0,3781.0,1667.0,84,82,81,78
4966.321145892393,1090.5618608835507,1.0419371222117517e-05,0.12895025497364931,0.18636612417993925,0.5536380692285143,0.5308390849895017,0.020119190216064453,42,16695,7150.0,3753.0,1484.0,73,72,69,68
0.2041241452319315,0.10206207261596575,1.628688184512193e-06,0.9130237825594564,-0.010526315789473939,0.9886010658003477,0.6563573883161513,0.03040599822998047,4,10,4.0,1.0,0.0,1,4,3,4
21.867022354830727,4.762046128853997,2.5630149467152743e-05,-1.1107480997785686,-1.047676435143,-1.0912984054669703,-0.9653158317610209,0.03037571907043457,4,51,5.0,11.0,0.0,100,4,89,4
0.5103103630798288,0.10206207261596575,1.8879408795757161e-06,0.8988494120622076,0.4893617021276596,0.9543995330512184,0.8518518518518519,0.03221416473388672,4,10,9.0,2.0,1.0,1,4,3,4
35.84660606900836,8.629527797046602,1.2328832016215516e-05,-0.41771402692375803,-0.4212046725739953,-0.40717084718168883,-0.39985431646223946,0.032209157943725586,4,134,3.0,31.0,0.0,100,4,100,4
307.2519324593419,75.74401791560835,7.916673966260264e-06,-0.5712106071689373,-0.5613463308430677,-0.5392787382683641,-0.5277882724738974,0.032221078872680664,4,979,7.0,256.0,1.0,100,4,100,4
12.05197079319395,18.186533479473212,1.5726156720579155e-06,0.9654454621149042,-0.5334685598377282,0.9999426733918941,0.997898562316419,0.0020225048065185547,96,1234,1218.0,314.0,288.0,100,99,100,96
225.81569314980584,92.70579073803123,2.1640564627297303e-06,0.45835536007958244,-0.6671925149978999,0.9768260200890395,0.9401876471009936,0.010064363479614258,89,2044,1570.0,525.0,333.0,100,99,100,97
248.48029767636172,64.76624635307088,6.0091360832065036e-06,-0.3848500807115016,-0.38165796820332143,-0.36663145639082195,-0.3620350783697479,0.04024934768676758,4,856,9.0,217.0,1.0,100,12,98,4
1037.3717883539764,320.1803469069495,2.828018414709192e-06,-0.21788088612129264,-1.127447525012284,0.7884310378040458,0.6757216848167762,0.010056018829345703,78,4117,1922.0,983.0,400.0,100,94,100,89
957.9210301481015,304.31209308865795,2.843787113348073e-06,-0.15765701851977365,-1.0656448801926368,0.801737244192292,0.6906776495396043,0.01007533073425293,80,3922,1834.0,955.0,381.0,100,95,100,91
2499.480612714036,664.9891477811248,3.47066375303777e-06,-0.7611972270224343,-1.6417667130532414,0.5061798323493683,0.38922656843334347,0.010066032409667969,70,6856,2206.0,1544.0,457.0,100,88,100,84
3931.3568411230362,839.6515312184877,6.364422719509139e-06,-1.5147371227634356,-2.0451211234441073,0.21123847035640475,0.15120340208866323,0.020137786865234375,51,8526,2853.0,1851.0,591.0,85,72,82,68
4087.8955648274787,872.4061005376562,5.690888999848948e-06,-1.527713103934682,-2.252997377325678,0.21185942452205087,0.14975940316200964,0.018094301223754883,53,8727,2791.0,1916.0,578.0,87,74,85,70
3965.6419177732123,831.4196052535688,6.668045282256502e-06,-1.5431337270297267,-1.9530230040620924,0.22852856514020192,0.18106479992908175,0.02023625373840332,50,8789,3090.0,1854.0,641.0,83,71,78,67
3975.444671144768,911.5919225910974,4.490091928356304e-06,-1.2133071415680434,-2.1622865871559154,0.2976140978347511,0.2082413559024351,0.02011561393737793,58,8571,2724.0,1879.0,562.0,91,80,90,75
4384.206051789247,958.2100026042878,4.922828358325784e-06,-1.2530260633488126,-2.0401103162629597,0.29177341508375276,0.22896171743066807,0.02012014389038086,56,9679,3061.0,2107.0,632.0,89,79,85,74
4565.696943269207,988.5593108716903,5.133060738032747e-06,-1.0645871553920747,-1.648745129704238,0.31715253763395757,0.26242288904083255,0.020136117935180664,55,10155,3367.0,2191.0,696.0,88,79,86,75
4632.542974936568,1050.56001326122,4.55618791036147e-06,-0.9394498859878995,-1.6751899219382298,0.38299387442697597,0.3158695492986572,0.020122766494750977,59,10458,3524.0,2282.0,728.0,92,83,89,79
4944.677444340675,1178.8248870318755,3.0551405089923132e-06,-0.03398293682860354,-0.4828324962167918,0.6217780656824502,0.5738011003395223,0.012079238891601562,65,14453,6131.0,3216.0,1273.0,95,92,93,88
4286.82585261228,928.3735441620469,1.3594949856066369e-05,0.32480354318101345,0.37542215040566007,0.5905640448295828,0.5807068427080508,0.03017282485961914,36,15993,7364.0,3561.0,1536.0,67,64,63,60
4689.51485586018,1046.206249583067,1.0945254721737183e-05,0.2490650165093794,0.29416428422329943,0.587687738010095,0.5623084454665839,0.020115375518798828,40,16751,7549.0,3766.0,1571.0,70,69,66,65
27.381563140186135,6.481544311864779,1.515162789643338e-05,-1.0284792224388442,-0.8558260594469449,-1.0103483670947062,-0.8062926883887582,0.03244447708129883,4,73,10.0,18.0,2.0,100,4,95,4
0.408248290463863,0.27003086243366087,3.895261668695609e-06,0.8956521739130435,0.08196721311475408,0.958350687213661,0.2521367521367518,0.03238081932067871,4,10,8.0,2.0,1.0,1,4,11,4
16.646758943810454,4.273220877355472,1.9106931468189347e-05,-0.6831316320700065,-0.5270173400963638,-0.6738826363069506,-0.4954913452597274,0.0323789119720459,4,55,3.0,17.0,0.0,99,4,100,4
37.42325480232846,9.282600210429546,1.3685804189373985e-05,-1.3481512800118178,-0.9500427279067256,-1.2855903328205627,-0.8835487771278159,0.03495383262634277,4,97,5.0,29.0,0.0,100,4,99,4
31.6041598000432,8.273955120335941,1.4999745023786833e-05,-1.0365204813498288,-0.9340788699234843,-0.993733546609268,-0.8644183196405066,0.03220176696777344,4,81,3.0,22.0,0.0,100,4,97,4
43.1612770123097,9.960338013006051,1.785742157550589e-05,-0.9070162771943775,-0.8689779231398203,-0.8624420570862994,-0.8144961553409895,0.03429913520812988,4,109,3.0,31.0,0.0,100,4,99,4
84.99730387880939,20.04006403848717,1.070788239203564e-05,-1.0577442786047815,-1.08559707884416,-0.9897622875042347,-0.9988013620508736,0.030200719833374023,4,238,2.0,54.0,0.0,100,4,98,4
0.27003086243366087,0.0,9.428025652837492e-07,0.9123173277661796,1.0,0.9807029634734665,1.0,0.030192852020263672,4,10,6.0,1.0,0.0,1,4,4,4
49.71104002130714,13.019616609818687,1.2056228660095606e-05,-0.7467577993324965,-0.6270830555925879,-0.7180083460644711,-0.5914665393988945,0.030269861221313477,4,150,6.0,45.0,1.0,100,4,97,4
185.12045628004847,78.74960317360336,2.4243697342771815e-06,0.3688716125490037,-1.326459156133093,0.9812815434225661,0.9437823156500672,0.0,88,1823,1396.0,438.0,294.0,100,98,99,94
49.32110530565418,26.021968740717085,1.6163208816774325e-06,0.8797845731805712,0.4803608344296185,0.9987205677075208,0.9941223225768819,0.002016782760620117,93,1496,1388.0,365.0,311.0,100,99,100,99
0.0,0.0,1.3344801544702086e-06,,,1.0,1.0,0.008025407791137695,99,1077,1077.0,284.0,284.0,100,99,100,99
1196.276239001678,330.82914019173097,4.13651811035964e-06,-1.4798972130138663,-3.2320724072513176,0.6133891989713842,0.4710680660834612,0.010041952133178711,75,3465,1431.0,783.0,300.0,100,86,100,81
1568.8535850832516,419.92295211655875,4.143539323382653e-06,-1.5391794120496027,-2.9763611543990627,0.5253625406265725,0.38190750385179895,0.010038137435913086,72,4095,1533.0,917.0,321.0,100,84,100,80
1009.3375571868046,300.70323374152247,3.624685723228994e-06,-1.1374453715748243,-2.5059163821507484,0.7049541590561152,0.5580734604136866,0.010069131851196289,77,3333,1449.0,793.0,303.0,100,89,99,84
980.5811930638259,298.5991101316757,3.1627433543640227e-06,-0.37678270262958047,-1.503982025418734,0.7825650814461823,0.6679366266826522,0.010054588317871094,79,3798,1766.0,889.0,369.0,100,93,100,88
491.6164663637702,180.79736585470485,2.4749833292469626e-06,0.26651059577883074,-0.6828047818891989,0.9210375291817136,0.8404925143246127,0.010063648223876953,84,2890,1783.0,735.0,372.0,100,99,100,94
1655.1792068826119,458.7904637796784,3.7315805366321264e-06,-0.9048388548327144,-2.0459911817137484,0.5766311577306593,0.4352149346695696,0.018075942993164062,71,4910,1832.0,1111.0,382.0,100,86,100,82
647.2926876841818,224.998431367081,2.7098488699718577e-06,0.07224452462326814,-0.7654631051756144,0.870177138187023,0.7697175986497874,0.008018255233764648,83,3125,1690.0,790.0,350.0,100,98,100,94
3517.1365847941647,798.8412644910493,5.089091020217699e-06,-1.9683286278027232,-3.2187369045122516,0.09509609440616051,-0.0109633927651962,0.010033607482910156,59,6763,1720.0,1419.0,356.0,94,75,90,71
3138.7980099663023,752.227796544861,4.452476789515164e-06,-1.2299745912927769,-2.3433056640349283,0.3371070849663713,0.22310954090752144,0.010264158248901367,62,7033,2343.0,1550.0,487.0,97,80,92,76
427.42718678156166,181.84235715900422,2.1775361768497687e-06,0.5248835001403602,-0.11296628522334573,0.9458282828977096,0.8683964562490887,0.0020325183868408203,86,3094,2056.0,823.0,444.0,100,99,100,99
3476.0986968151524,791.6630280618136,4.51918483561695e-06,-1.3192563076353552,-2.402452574073567,0.3203542943814306,0.23033737842774338,0.020099163055419922,60,7503,2559.0,1608.0,532.0,94,79,88,75
3692.6154258095753,849.2007002283339,4.7266099844523905e-06,-1.514108188464789,-2.6126148713531023,0.23408023446409265,0.13767326702936167,0.02229619026184082,59,7599,2256.0,1712.0,467.0,93,78,89,74
3330.805997742077,801.4793079556583,3.9722901777770734e-06,-0.976103740358119,-1.9339485104962004,0.39894842448492895,0.30027155403214567,0.02011561393737793,63,7786,2608.0,1681.0,541.0,98,83,93,79
2813.13987703099,756.7458345207565,3.252033268404623e-06,-0.402802944281033,-1.1399008773879613,0.562126723104012,0.45231329634346595,0.018080949783325195,69,8340,2875.0,1843.0,596.0,100,90,98,86
4630.7065496461955,987.9764188761385,5.8401709815100435e-06,-1.2138510468154062,-1.6655850014750473,0.2717615018909082,0.224156121443709,0.020098209381103516,53,10265,3274.0,2181.0,676.0,85,77,85,72
4827.22022468014,1082.3078097851605,4.459981039839746e-06,-0.955599127627041,-1.645958296172672,0.3238154463678966,0.2598864375940667,0.02009868621826172,59,10705,3184.0,2335.0,656.0,93,83,87,79
4774.017156703566,1016.64818972281,6.129685140745575e-06,-1.1370406491601464,-1.449033018498639,0.27526015369141776,0.2334199193005846,0.01808452606201172,52,10737,3405.0,2317.0,702.0,85,77,81,72
4641.547442296686,1018.0430201661868,4.922582371678224e-06,-0.7435096896356805,-1.2149818324698285,0.4297167335309605,0.3800275555864604,0.018078327178955078,56,11352,4199.0,2498.0,869.0,88,81,86,77
4462.772081011848,956.6864280257286,7.539666490898249e-06,-0.7667881485542154,-0.800104730907599,0.3927875203748272,0.3620423661415284,0.02009892463684082,49,11465,4354.0,2498.0,901.0,82,74,76,70
4390.591950816134,934.8732916436171,9.67843854782368e-06,-0.37694096840124947,-0.25574686613273534,0.42687515068127213,0.4123682614966673,0.028157711029052734,44,12419,4955.0,2761.0,1027.0,76,70,71,66
4637.304010105749,983.5286962913545,9.719080360262113e-06,-0.424681994314021,-0.2943551185866162,0.3935238973097117,0.3817024736705976,0.028199195861816406,44,12816,4792.0,2823.0,991.0,75,71,74,67
4905.74400807128,1040.8315469329843,9.74174984999848e-06,-0.550619644630078,-0.4167093906342305,0.3613943548734764,0.3477113755752821,0.020085811614990234,45,13164,4606.0,2826.0,951.0,77,72,76,68
5187.734363238871,1099.5887823164069,7.635864068708345e-06,-0.34880846796569354,-0.2798809449505426,0.4629430095745729,0.4457670091456787,0.020089149475097656,49,14675,5538.0,3218.0,1147.0,80,77,75,73
5053.6520189674275,1093.408726903072,1.1652813296707017e-05,-0.13956845898067938,-0.03550781362993183,0.4093329529336026,0.39442148144152034,0.020087718963623047,41,15029,5382.0,3304.0,1112.0,72,69,67,65
5099.340516547577,1110.472922277311,8.95335831121167e-06,-0.003031721978431934,0.055863111725443226,0.5467410967902815,0.5227346449924077,0.021111011505126953,46,16427,6848.0,3650.0,1421.0,77,75,72,71
5581.339536312752,1205.5918975878246,7.22089172526735e-06,-0.1486684133003635,-0.1004554332595391,0.5194564263628711,0.4947763890687368,0.02212667465209961,49,16676,6665.0,3732.0,1381.0,80,79,77,75
8.987839006123775,2.224391302506523,2.0491238826530734e-05,-0.8257261410788381,-0.7730082818150006,-0.8167932135569558,-0.7313019390581716,0.04830741882324219,4,25,3.0,8.0,0.0,95,4,93,4
0.27003086243366087,0.10206207261596575,1.2724408595207717e-06,0.9135357694287185,-0.010526315789473939,0.9750880814263853,-0.010101010101010388,0.038216352462768555,4,10,5.0,1.0,0.0,1,4,6,4
21.399717677265432,4.714781719938546,1.3189215427125452e-05,-0.8985994591815203,-0.8218554354012519,-0.8825450820795311,-0.7912301907064194,0.042391300201416016,4,52,4.0,15.0,0.0,88,4,82,4
224.81061474049662,54.403201498931416,8.641355419887749e-06,-0.7971551600452287,-0.7797739894097049,-0.7484046771555384,-0.7273702142384815,0.042257070541381836,4,597,10.0,153.0,1.0,100,4,99,4
138.85255219116428,31.89043743820395,1.3000251867710212e-05,-0.760460538703114,-0.8042633927883922,-0.7174765651237016,-0.7480283832599497,0.04287862777709961,4,364,5.0,81.0,0.0,100,4,99,4
256.3272444552081,63.89794923678433,1.0293307681156333e-05,-0.5784201493368577,-0.58565360446614,-0.5461204971148887,-0.5502596534526198,0.026143312454223633,4,797,7.0,204.0,1.0,100,4,100,4
0.9013878188659973,0.30618621784789724,1.8300166720717195e-06,0.857044673539519,-0.060122699386503164,0.9021624604886859,0.26168990976209994,0.04687190055847168,4,10,9.0,2.0,0.0,1,4,3,4
1294.8105073716386,339.83509656470574,4.5284410839695035e-06,-2.096127949895223,-3.987672351284141,0.5140010283603522,0.3615047400260567,0.0,72,3280,1382.0,719.0,291.0,100,82,97,78
1217.9699175267015,346.3681278639823,3.96811894351743e-06,-1.2208042083886528,-2.6419351626761602,0.6391059056024672,0.49231058585017584,0.010058403015136719,75,3780,1531.0,860.0,321.0,100,87,100,82
1568.1431467093266,430.1982101310976,4.140243364686768e-06,-1.3165348937125683,-2.4425077723491992,0.5223142432002832,0.3699608308324682,0.012047529220581055,72,4356,1552.0,1005.0,324.0,100,84,100,80
660.4222512907935,229.04551949339677,2.8899787786414684e-06,0.01497149098715933,-0.9370445788848909,0.8729297222328127,0.7593962826284582,0.00992894172668457,80,3221,1776.0,809.0,371.0,100,94,100,90
1791.5926146237023,478.648736447957,4.052334029233452e-06,-1.1386834737539306,-2.1966097454917137,0.5051926755696833,0.3602200362768412,0.01806926727294922,69,4944,1787.0,1129.0,373.0,100,83,100,79
1134.2964684159383,357.54209238366184,3.10923694735394e-06,-0.3618986006789875,-1.193692068243585,0.7321701910961982,0.5917892788355748,0.010052680969238281,77,4185,1744.0,1052.0,362.0,100,93,99,88
2169.825182492969,585.2913804251691,3.438036522632103e-06,-0.4723018608580567,-1.3144272031470465,0.5906384863283705,0.46910613819923686,0.018080711364746094,69,6526,2495.0,1444.0,520.0,100,87,99,83
3897.1770440978785,850.8806435483283,5.913713375514394e-06,-2.2723988935842727,-3.5223427385624397,9.287762950316303e-05,-0.09549192139614848,0.020102262496948242,54,7280,1848.0,1585.0,382.0,89,71,87,67
3547.4023840577493,797.1885044504261,5.108848189133218e-06,-1.522807351394559,-2.6398824775909366,0.2574676565091917,0.16472020997551973,0.020086050033569336,57,7536,2535.0,1611.0,526.0,92,76,87,72
4044.8370270012115,917.3365113195921,4.947877455277074e-06,-1.49774672156228,-2.551756536270128,0.23647364047907315,0.1535476746745431,0.020087718963623047,60,8232,2339.0,1756.0,484.0,94,79,90,75
4096.23064536166,885.2033541852795,5.638587746288109e-06,-1.6880982514732499,-2.5742674538607124,0.17478999514199278,0.10232496898348131,0.0203094482421875,54,8484,2537.0,1768.0,525.0,88,74,84,70
3851.443395198103,808.5010705818981,7.694284153550515e-06,-1.3168403361994199,-1.349495390272077,0.2506142516483636,0.21816598015001287,0.020357370376586914,47,9006,3329.0,1931.0,691.0,79,69,77,65
4083.76350781422,872.6736304633723,6.763428329722302e-06,-1.3521182471062043,-1.7136534728193538,0.28838250113475783,0.23889063591402382,0.02028179168701172,51,9273,3384.0,1998.0,702.0,85,73,81,69
2756.6707994520716,770.5778619836611,2.846603771937429e-06,-0.12835887137541024,-0.7330794643218443,0.6327432298485338,0.5292437256153825,0.008040904998779297,71,9104,3347.0,2063.0,693.0,100,94,99,90
4351.152137598535,906.3111319654682,7.367943614870129e-06,-0.9480584715468487,-0.9043368018776705,0.3086772153080245,0.2916380466427284,0.02212238311767578,47,10762,3838.0,2296.0,794.0,80,71,74,67
4233.477412246344,894.2908190099669,1.0533998096379807e-05,-0.286197648238276,-0.14417000207277342,0.4153107605806765,0.41080534399007285,0.02813100814819336,42,12334,4829.0,2667.0,1002.0,74,67,70,63
5163.793342968799,1122.8731500535182,5.1546716081035145e-06,-0.6193689911359388,-0.9163412160939255,0.4375202019591452,0.39889286007038816,0.02011871337890625,55,12778,4634.0,2809.0,958.0,87,83,81,79
4947.1984027693525,1047.0771787131157,9.281509757456998e-06,-0.47972414577955913,-0.3510739633819957,0.3674575589861584,0.3554785987794302,0.020125150680541992,45,13387,4654.0,2924.0,961.0,75,72,72,68
4382.533097522161,959.1302437945556,1.0081857497897472e-05,0.29064671912858586,0.34207750761216105,0.6448845206196143,0.6275026650606351,0.02009725570678711,43,16441,7967.0,3625.0,1666.0,74,71,70,67
5229.801476155668,1138.933483571363,6.579296586501684e-06,-0.05225037356627449,-0.038947257818630954,0.5729872859421866,0.5463988071920305,0.018086671829223633,50,16486,7037.0,3601.0,1462.0,81,79,78,75
5028.939974204399,1099.9078777891543,9.165578094128456e-06,0.09143388064640312,0.15595938132634646,0.5956788268950082,0.5727572818243376,0.02010202407836914,47,17286,7564.0,3786.0,1575.0,77,75,74,71
19.554677616024936,4.477955262542641,2.0313828938258482e-05,-1.2841823890402715,-1.0408388642864241,-1.2566892587640432,-0.980065625032144,0.03813934326171875,4,47,6.0,14.0,0.0,98,4,98,4
0.338501600193165,0.0,1.2724408595207717e-06,0.8086609893096575,1.0,0.9535864978902954,1.0,0.030657529830932617,4,10,4.0,1.0,0.0,1,4,4,4
0.3535533905932738,0.30618621784789724,4.881963929125073e-06,0.7734067663257277,-0.029797377830750538,0.9553837001784652,-0.028571428571428914,0.031145572662353516,4,10,3.0,2.0,0.0,1,4,8,4
199.12668706127766,49.468003126600266,1.198634573625679e-05,-0.6019005467038616,-0.6242002986780733,-0.5681939737500585,-0.5846351103119731,0.04036903381347656,4,591,4.0,140.0,0.0,100,4,98,4
166.76811495806587,40.97661934973813,1.2816613402044027e-05,-0.563222007527749,-0.5843251811904877,-0.5337895295857309,-0.5481398877197119,0.0401918888092041,4,471,6.0,113.0,1.0,100,4,99,4
128.82142032027645,31.849254308382168,8.215102251261039e-06,-0.5822281606174049,-0.5610233094499679,-0.5530579150741752,-0.5276147185631073,0.03866696357727051,4,390,8.0,105.0,1.0,100,4,100,4
276.99977436813913,69.70705069551191,9.363440282676389e-06,-0.576929982560547,-0.5726023171620265,-0.5448017089623665,-0.5373895960405188,0.038170576095581055,4,872,7.0,237.0,1.0,100,4,100,4
427.0518118448861,154.9979838578554,3.2338200230454825e-06,-0.15001972427884458,-1.4149812522308256,0.9130529427216685,0.8160651631280549,0.008015155792236328,84,2274,1393.0,542.0,292.0,100,94,98,90
562.9002105691768,193.17319263536848,2.722294608494231e-06,0.06238165676868457,-1.1053526527042434,0.9030400562058043,0.8189857225912498,0.00801849365234375,83,2991,1752.0,724.0,367.0,100,97,99,92
1508.4341815273215,430.61546651275773,3.496526308974702e-06,-0.7442270375387414,-1.704650395262664,0.6237496739306085,0.4894559129846836,0.010029315948486328,75,4592,1722.0,1103.0,358.0,100,89,99,85
156.52635560824893,67.68770198492486,1.597603583651641e-06,0.7202205074182875,0.2758899996048836,0.9892140323352606,0.9718227019492697,0.008021831512451172,92,1948,1637.0,530.0,386.0,100,99,100,99
220.63860911756433,60.73816757196417,5.686506131694825e-06,-0.3011709631785733,-0.30503687627098586,-0.2875600734211756,-0.28956567333741146,0.03032517433166504,4,866,4.0,240.0,1.0,100,4,100,5
2775.467764951651,694.6147544811132,4.198443742149876e-06,-1.0523149430270835,-2.100958800682578,0.38967729132302154,0.2722586135645949,0.010055065155029297,65,6609,2109.0,1404.0,438.0,100,83,98,79
3780.8394149736355,832.4451524383944,5.595840183578366e-06,-1.3612458044632079,-2.2941193531303594,0.3358811150093294,0.26389334543136866,0.020433902740478516,56,8288,3109.0,1809.0,646.0,88,77,85,73
4008.6849677583427,915.9062818177255,4.648860611911162e-06,-1.1209599734020284,-2.0553295905825153,0.32792371823522815,0.24493839987355437,0.020304203033447266,59,8769,2865.0,1905.0,593.0,91,80,90,76
4378.065172216366,945.7885139096786,5.571448536448798e-06,-1.2486413891369574,-1.9121452390341296,0.27678662984264524,0.21865861397889852,0.020088672637939453,54,9463,3097.0,2070.0,640.0,87,77,83,73
2087.9243833935247,630.879361867837,2.392048570420374e-06,0.20599258132067322,-0.31051417503136425,0.7551857915002145,0.655883411604127,0.010029077529907227,74,8527,3773.0,2019.0,783.0,100,97,100,93
4379.382029464888,934.2408682989628,7.005450643462099e-06,-1.0241712709962543,-1.1838993906926554,0.3075020645180139,0.2688203284705385,0.02028489112854004,50,10417,3635.0,2257.0,753.0,84,74,78,70
4543.8439439789345,977.7718917725266,5.905545898499725e-06,-1.0500352950867256,-1.5110046709787066,0.32159897206128163,0.27187301549575593,0.018268585205078125,53,10358,3539.0,2241.0,731.0,86,77,82,73
4379.6555089822405,940.310306068222,8.135683201961456e-06,-0.470968536619194,-0.3904569692398272,0.44046362504084735,0.4176861552920711,0.020093917846679688,47,12096,4850.0,2701.0,1006.0,78,73,74,69
4735.354121961456,1000.7739834936438,8.268797221266081e-06,-0.5882121795275532,-0.49350349346845945,0.38987940909647956,0.3727588949357241,0.020087242126464844,47,12579,4615.0,2740.0,955.0,79,74,77,70
5046.918758752395,1087.9818032739881,5.763603113697303e-06,-0.5804127406419115,-0.7539017060452042,0.4415900025114411,0.40737638923801645,0.012046337127685547,53,13035,4818.0,2840.0,997.0,84,80,81,76
4534.21466729607,961.6569582045138,1.0374490282447932e-05,-0.07421966827681348,0.022447897624888413,0.5010075292630696,0.492084966656004,0.02231597900390625,43,14097,5865.0,3098.0,1218.0,74,71,72,67
4847.42299234002,1070.6848664912254,1.1754619537230247e-05,0.1739574281998434,0.23267227542343416,0.5441071524453887,0.5227108129076347,0.028097152709960938,40,16470,7012.0,3683.0,1457.0,70,69,67,65
18.131177108321822,4.331329664972024,2.0821331018372343e-05,-0.5824674500488112,-0.56780529384561,-0.5797382637145247,-0.538054246088679,0.030303239822387695,4,63,6.0,16.0,2.0,99,4,99,4
27.35415873317986,6.12542515531235,1.4436455141987828e-05,-2.3082548631673485,-1.6881432880375633,-2.178042870308227,-1.5181063169374451,0.03216099739074707,4,58,6.0,16.0,0.0,97,4,99,4
17.857946410491884,4.26590162411965,1.224280209666191e-05,-2.1201589889930696,-1.1749426151910876,-2.078443754424352,-1.102514111034889,0.03214383125305176,4,41,6.0,12.0,0.0,97,4,96,4
88.67443966555413,20.885601100598787,1.0739379120167157e-05,-0.6749622857066782,-0.6665185352232252,-0.6416023520188983,-0.6232417078071892,0.03215312957763672,4,246,5.0,60.0,0.0,100,4,97,4
0.3227486121839514,0.25,2.589882795388097e-06,0.929245283018868,-0.028571428571428248,0.9731932232468368,0.2146596858638744,0.032181739807128906,4,10,7.0,2.0,0.0,1,4,7,4
23.441860705441737,5.648561763847502,1.1352234279230292e-05,-0.9812995776364855,-0.8119904608729411,-0.9613055393106911,-0.7549890850336038,0.04024052619934082,4,59,5.0,17.0,0.0,100,4,100,4
20.961273816254582,5.925755929274621,8.600996733878231e-06,-1.763140386348888,-1.0387186190821178,-1.736865737205088,-0.9878640633569016,0.04026961326599121,4,72,12.0,21.0,1.0,100,4,100,4
0.7216878364870323,0.568257570707744,2.778358379489807e-06,0.8729049169910239,-0.011213047910295648,0.9228204494937021,0.10817031070195637,0.04023385047912598,4,10,7.0,4.0,1.0,1,4,10,5
143.7358688706476,70.4998029942086,2.886966535959562e-06,0.1842733302916506,-2.5131069147265173,0.9877548767271935,0.9522264613542275,0.01006770133972168,91,1465,1205.0,358.0,267.0,100,99,100,91
117.30129474988756,29.802649490719222,9.732818156682535e-06,-0.5214040321897646,-0.5121035606596733,-0.49579534638050626,-0.4825835940885137,0.03214454650878906,4,407,4.0,99.0,0.0,100,4,100,4
1533.672603645385,402.60633634974687,4.5045008654074795e-06,-1.5099962715731023,-3.0829164834156373,0.5117392693176276,0.3670306026868576,0.012094497680664062,71,4175,1603.0,914.0,337.0,100,83,98,79
1527.4065123097237,436.64018807956035,4.006722333694569e-06,-0.9918924078420048,-2.2001336938196503,0.6064900218238177,0.4609241709168769,0.014007806777954102,74,4526,1727.0,1039.0,361.0,100,88,100,83
2149.1294786794565,567.9328390553053,4.230036878330391e-06,-1.343969649922455,-2.5314094551454045,0.4324177701297851,0.2925936252729142,0.010039806365966797,69,5487,1731.0,1215.0,360.0,100,84,100,79
2473.5052646229897,619.4057161315761,4.434420149433174e-06,-1.501395093959907,-2.750670947908419,0.37063684538404196,0.24026146479200006,0.0200808048248291,66,5782,1889.0,1238.0,393.0,100,81,100,77
2465.491133881848,636.0720035892163,3.584018629497979e-06,-0.8165170521473417,-1.751731760838629,0.496156178908993,0.38037109792626467,0.010156631469726562,68,6677,2254.0,1461.0,468.0,100,86,96,82
2942.8317694916595,743.1943574470789,4.142295655347869e-06,-1.083888139094015,-1.9994494329449646,0.37399806928962664,0.2551330953991573,0.01002645492553711,66,7211,2103.0,1546.0,436.0,100,84,99,79
3420.0423173377476,779.6788716241725,5.142146911840573e-06,-1.3879851493323216,-2.4984143238896976,0.306605509126355,0.20989928697792615,0.01206827163696289,58,7443,2643.0,1641.0,550.0,92,77,86,73
3722.5342815443255,830.939966106293,5.146180620344125e-06,-1.475261340308534,-2.5037533245650536,0.2744039474701452,0.1912192767212939,0.012050151824951172,56,7891,2730.0,1716.0,566.0,91,76,86,72
4022.4042773213096,861.6882118655709,6.352207281405095e-06,-1.3903716810118345,-1.9835879789003013,0.286928120393645,0.2275202341704322,0.02010035514831543,53,9029,3230.0,1950.0,670.0,86,74,83,70
4251.831918126585,898.8366926199665,6.997489952571291e-06,-1.470348897014453,-1.6683756039505195,0.2201854789850255,0.17997321021071733,0.02009868621826172,50,9478,3104.0,2038.0,642.0,83,72,82,68
4411.39408300319,953.4396327682908,5.48629640811625e-06,-1.2375127901251508,-1.8932516619540678,0.29099404399867324,0.23396492496568744,0.020096540451049805,55,9624,3146.0,2045.0,651.0,89,78,85,74
4120.570588445122,958.5156660437439,4.241562546511949e-06,-0.6375348339529952,-1.3762143956104498,0.4685971976110265,0.3945925102013149,0.02010345458984375,61,10085,3786.0,2181.0,786.0,95,84,89,80
4594.311332403107,1014.7970240397831,4.783460583742562e-06,-0.8737282810753644,-1.5329256354091672,0.39478515416497506,0.33936521172894474,0.020097017288208008,58,10620,3695.0,2394.0,765.0,89,82,86,78
4849.201519322537,1043.9089499728093,6.895691485487448e-06,-0.9374248221955872,-1.1540790515356165,0.3416827370037675,0.3015557341403554,0.020111799240112305,52,11537,3918.0,2473.0,809.0,84,77,80,73
4332.705935245488,932.2333926440608,1.1497349910030857e-05,-0.30320152814281554,-0.174405637952592,0.3434256061276384,0.3334053293970175,0.03029942512512207,39,12151,4392.0,2668.0,908.0,70,65,68,61
4925.994147339463,1049.7301000823345,8.215805884225936e-06,-0.621844832690462,-0.5362597274001486,0.35176785434993074,0.33153213751254607,0.020102977752685547,47,12721,4354.0,2782.0,899.0,80,74,76,70
5003.506520431446,1069.0102539624786,8.08250550842556e-06,-0.33233182238408987,-0.2561526815881956,0.45963005484447217,0.440958615978983,0.0200955867767334,48,14167,5390.0,3098.0,1117.0,79,76,76,72
4967.814847962469,1058.3969696926317,1.0292955992525277e-05,-0.2135741154282873,-0.11260005920133787,0.46107334057860816,0.4476612529785138,0.020096778869628906,45,14657,5610.0,3209.0,1162.0,76,73,72,69
4761.041951535999,1019.8402711069162,1.1385069456417985e-05,-0.06743640676698814,0.03323381201513298,0.5036022823405246,0.49103981938380936,0.02813720703125,44,14807,6050.0,3253.0,1256.0,73,71,72,67
4654.715558148825,1007.2006570869399,9.457822409911662e-06,0.035849999229020324,0.11295756914984056,0.562544632447243,0.5444499429993184,0.02011251449584961,45,15255,6702.0,3397.0,1395.0,76,73,74,69
4771.656672477599,1044.0565916973403,1.1925935497742062e-05,0.16398159797350398,0.22684095900057,0.5389766244233514,0.5211440778241385,0.022222280502319336,40,16147,6822.0,3685.0,1418.0,70,69,68,65
4653.92372090476,1009.4869376039408,1.17285787751264e-05,0.18632805107236072,0.2543368766001949,0.5948126558851805,0.5788010853502614,0.028107881546020508,43,16508,7423.0,3583.0,1548.0,74,71,70,67
4949.259064560633,1082.0885956397283,1.1249091895566455e-05,0.1825928391376772,0.24438311385082645,0.5577436652075771,0.539211672608874,0.02371501922607422,41,17170,7284.0,3751.0,1514.0,71,70,70,66
12.786711852544421,3.467107343785787,2.562354314053931e-05,-1.726227630714786,-0.9772970657528379,-1.7234680492223124,-0.9200053241048849,0.032151222229003906,4,26,6.0,11.0,0.0,76,4,77,4
1.015504800579495,0.3227486121839514,3.890742485673035e-06,0.3950735153713958,-0.0714285714285714,0.6865005224991292,0.09090909090909072,0.03535819053649902,4,10,3.0,2.0,0.0,1,4,16,4
66.46819414827917,16.338859609328104,1.068353512627342e-05,-0.6730133262593925,-0.6212311611598487,-0.6442964221423335,-0.5855270850565868,0.03213906288146973,4,204,7.0,50.0,1.0,100,4,98,4
1.1319231422671772,0.39528470752104744,4.946269122986942e-06,0.5635718509757541,-0.07462686567164156,0.7565513419365054,-0.06837606837606813,0.02564072608947754,4,10,7.0,2.0,1.0,1,4,16,4
166.48420220349237,41.3124527231197,7.800667724046251e-06,-0.5901206657626428,-0.5924096226608215,-0.5588830634554331,-0.556248931441272,0.031258344650268555,4,526,6.0,130.0,0.0,100,4,100,4
0.67700320038633,0.28867513459481287,2.13606568010594e-06,0.7210592352902332,-0.049180327868852514,0.8728911486018026,-0.04712041884816731,0.04327106475830078,4,10,5.0,2.0,0.0,1,4,11,4
195.6039081636379,75.63582337608138,2.2107122503780224e-06,0.3511367081441332,-0.8096091663151974,0.9803004743902151,0.9534981826836543,0.0,91,1746,1375.0,419.0,294.0,100,99,100,97
2170.497834250209,547.9741201586406,4.397338669456728e-06,-1.4618827815291442,-2.7025660263993503,0.39969848904512106,0.26721982290660606,0.015626192092895508,67,5260,1756.0,1158.0,366.0,100,82,97,77
290.3764797637715,117.35132437826739,1.848146646909422e-06,0.5816481435419818,-0.08805340979607568,0.9691731476452355,0.9264618244416588,0.0,88,2473,1849.0,659.0,405.0,100,99,100,99
3556.6342449250965,765.0203890434385,6.373205434642503e-06,-2.446697850519136,-3.7875352757322585,0.0820218672130405,-0.003892742844549435,0.01216268539428711,54,6811,2095.0,1430.0,435.0,89,71,83,67
3160.977722503302,762.2766575874554,4.452198580938418e-06,-1.3208566573730312,-2.3687653841357674,0.291752425834393,0.1806232387194744,0.014356613159179688,63,6990,2029.0,1493.0,421.0,98,81,94,77
3305.2370775617424,800.2057547906038,4.421325099596884e-06,-1.1551439894300537,-2.1145063047882737,0.29730306781824145,0.1916919671493651,0.012071609497070312,64,7411,2057.0,1590.0,426.0,97,82,93,78
3496.789904204475,807.9060860659728,5.003851793332824e-06,-1.4116918397860587,-2.5459674459802506,0.2615331997977818,0.16156570272695114,0.02028799057006836,59,7446,2339.0,1643.0,485.0,93,78,91,73
3672.9774817435714,819.7321031472615,5.359905882421882e-06,-1.6100301964588404,-2.7572750200804457,0.24450571881750183,0.15540197589572835,0.012056827545166016,57,7620,2510.0,1686.0,521.0,92,76,88,72
4211.968251683706,904.6908252887846,6.161199509241311e-06,-1.4994759052947275,-2.144258606784728,0.2242143533222094,0.1621041718616434,0.012070894241333008,53,8967,2922.0,1945.0,605.0,87,74,81,70
4012.006191945686,943.7474712409481,4.096088527177739e-06,-0.9301779063285596,-1.788946984818451,0.3718672280899985,0.28609045517312937,0.010034799575805664,62,9130,2885.0,1999.0,597.0,95,83,92,79
4616.633521104076,1013.5755342530539,5.288658153581565e-06,-1.0959575182057946,-1.7319376632197345,0.3087094302572815,0.2483242155730877,0.012262582778930664,56,10219,3248.0,2222.0,671.0,89,79,84,75
4352.592982703175,922.9021012336782,8.376450200817373e-06,-0.9906938618489058,-1.009776764048416,0.3101351239525999,0.27942401322887445,0.020075559616088867,48,10622,3761.0,2327.0,779.0,80,72,77,68
4796.68002519982,1006.077625573318,8.279004109198582e-06,-1.0980010122432557,-1.0388116911502858,0.21482706869925483,0.19325630246109538,0.020438671112060547,47,11221,3383.0,2449.0,697.0,79,72,77,67
4613.194379366448,994.0360611713696,9.256984410056804e-06,-0.15396408557896768,-0.0577023652643851,0.4960407892205634,0.4792959304003047,0.023920774459838867,45,13863,5718.0,3029.0,1187.0,77,73,73,69
4974.4350607795695,1082.4690576961382,5.867696114224378e-06,-0.2509164585612984,-0.33475925701644726,0.5615561588828677,0.5315830737414453,0.02008676528930664,54,14548,6178.0,3159.0,1285.0,85,81,80,77
4384.386878639623,959.6846290847777,1.2791749020281574e-05,0.36888746876923306,0.41084017046739585,0.620503807820161,0.6062846875268022,0.028122663497924805,37,16781,7954.0,3750.0,1661.0,68,65,63,61
5127.732426066451,1129.9526760001943,1.379537137320642e-05,0.18039040378623172,0.2344687295209582,0.5363758027513844,0.514733644787841,0.0201263427734375,40,17381,7229.0,3886.0,1502.0,71,70,66,66
16.15936261119231,3.9594296727348666,1.1549603233462692e-05,-1.8524754552469411,-1.078848920863309,-1.8220195879770347,-0.9927440283883269,0.03214550018310547,4,35,6.0,13.0,1.0,98,4,98,4
295.21353500474873,74.63934116804623,6.977700739318826e-06,-0.6324720150031085,-0.5879441670993546,-0.596014228257276,-0.5533422086783029,0.03235435485839844,4,921,10.0,251.0,2.0,100,13,99,4
205.35979604911313,54.10185224802074,1.0224656320260264e-05,-0.4723602521048844,-0.4719826046785178,-0.44861734068494497,-0.4447075317256164,0.032367706298828125,4,727,5.0,191.0,0.0,100,4,100,4
144.28367120980036,71.16881339463234,2.5627013444257605e-06,0.5238493251256565,-0.5020759193357058,0.988452968132155,0.9566656558330014,0.010067224502563477,91,1645,1349.0,423.0,288.0,100,99,99,97
386.0800435142951,140.56647300595307,2.631461877609456e-06,0.26549397285968,-0.8904886194605819,0.9420100651637217,0.8785817550635657,0.010055780410766602,85,2504,1645.0,606.0,345.0,100,98,100,93
1422.8252230631194,393.7135331098566,3.5866841880642556e-06,-0.9316343796254416,-2.114177510357188,0.6282147029729935,0.49851848606748883,0.010064125061035156,74,4145,1675.0,1002.0,350.0,100,88,99,84
1514.5625161691462,428.5602013181417,3.814024388316425e-06,-0.7632143003234968,-1.872711141912117,0.6255525233714736,0.48894740429896255,0.012056350708007812,74,4667,1823.0,1061.0,381.0,100,88,100,84
2476.116130909453,620.6000372623257,4.234086006951948e-06,-1.4141108420791162,-2.567865641482888,0.3807208996606267,0.26048442895213253,0.010031938552856445,68,5915,1783.0,1273.0,371.0,100,83,100,79
1066.36424358659,338.2475424892249,2.891095505524032e-06,-0.12407450631209338,-0.981710925158505,0.787121383263325,0.6753152527650681,0.010019779205322266,80,4269,1947.0,1082.0,405.0,100,96,100,92
3670.3381556023674,786.9274949783755,7.281683270750231e-06,-2.102992183781325,-2.5725220839323772,0.07361779521533407,0.002815115346515462,0.020279645919799805,49,7430,2368.0,1620.0,491.0,85,68,81,64
3761.6147090727136,852.7200524233484,4.9282371719862665e-06,-1.593587968354643,-2.810139098495903,0.20981985141724446,0.11675067134475237,0.01807403564453125,59,7678,2187.0,1622.0,453.0,93,78,91,74
4027.2401810905785,902.9731314886818,5.397575131845117e-06,-1.777874851124368,-2.9155647517733363,0.14499308205004702,0.05348355736710597,0.018282651901245117,58,7774,2123.0,1706.0,439.0,92,76,85,72
3454.589782820468,830.1779522683269,4.373312114523123e-06,-1.0557501213438654,-2.117951327644365,0.3984412746343491,0.29761327619372324,0.010031938552856445,63,7992,2727.0,1756.0,566.0,96,83,92,78
2371.3842027467917,683.5950176443273,2.968443963199163e-06,-0.19306652251687928,-0.7809015928361625,0.6224922433846505,0.5085377305041945,0.012067079544067383,73,7848,2739.0,1819.0,566.0,100,94,100,90
4470.702359910475,977.3264900645117,5.478434956979626e-06,-1.256482051987112,-1.9338649434247754,0.29162164245550226,0.2306642947854629,0.020093441009521484,56,9783,3118.0,2102.0,645.0,89,78,86,74
4555.368052972143,962.0484884441361,7.825776313359774e-06,-0.9694843048302302,-0.9705992370829202,0.30929584950811817,0.28365585447629493,0.020282983779907227,49,10932,3800.0,2340.0,786.0,80,73,76,69
4657.98727114854,988.9940895126265,9.063145658405403e-06,-0.6976977409377034,-0.5625765572060972,0.3088608084621479,0.2934642887096861,0.0202786922454834,45,11979,4054.0,2637.0,837.0,78,71,73,67
4626.6850644046635,981.5450877362991,9.952921370845537e-06,-0.5578249993673039,-0.41825215235249136,0.3743930562118849,0.3607777695166339,0.020142555236816406,46,12418,4491.0,2709.0,930.0,76,71,74,67
4373.046184277564,929.8469974122039,9.883253881961896e-06,-0.2660030916223508,-0.13306682585832874,0.43019102855781255,0.4211839702050444,0.020281076431274414,43,12820,5021.0,2847.0,1042.0,73,69,70,65
4659.77921508448,1006.1598448225477,1.304742843714182e-05,0.07059197815043483,0.15392545351061393,0.5004981546219668,0.4887447167735618,0.022310733795166016,40,15274,6178.0,3299.0,1283.0,71,68,66,64
4587.799258238999,997.1032535826391,1.1297162079924052e-05,0.18647121854904924,0.25392089841365395,0.569121467737765,0.5540668424752043,0.020299434661865234,41,15997,7024.0,3457.0,1463.0,71,69,68,65
4778.782271667124,1040.6782729821657,1.111779184007198e-05,0.08404548948359025,0.1570687163890503,0.5641924724575458,0.5447442350299989,0.022127628326416016,44,16018,6957.0,3499.0,1447.0,75,72,71,68
