rmse_I,rmse_Beta,time_predict,roll_var_npeople,actual_peak_I,predicted_peak_I,actual_peak_day,predicted_peak_day
10573.378008049469,1.841423789964375e-05,15.097532272338867,7,16581,38767.326288558506,82,39
10486.243963488198,1.8456305062469583e-05,14.785102128982544,7,16679,38799.05669614322,82,39
